model,seed,offset,sample_count,positive_count,negative_count,positive_rate,auroc,auprc,brier,ece,undefined_discrimination,undefined_reason,empirical_brier,brier_skill_score_vs_empirical
constant_prior,train_only,1,674,651,23,0.9658753709198813,0.5,0.9880152004818357,0.27118935103703307,0.4880872998417086,False,,0.03179571857208507,-7.529115340551629
constant_prior,train_only,2,670,631,39,0.9417910447761194,0.5,0.9823271284253491,0.2701194323561623,0.46400297369794674,False,,0.05143357304355249,-4.2518115381063035
constant_prior,train_only,3,664,611,53,0.9201807228915663,0.5,0.9723638151688333,0.26915941848880737,0.4423926518133936,False,,0.06756963163777621,-2.983437706626895
constant_prior,train_only,4,660,601,59,0.9106060606060606,0.5,0.9701582888563212,0.26873407505253505,0.4328179895278879,False,,0.07396341138387637,-2.633338025172777
constant_prior,train_only,5,660,593,67,0.8984848484848484,0.5,0.9663398256634433,0.2681956040483695,0.4206967774066757,False,,0.08221218546861095,-2.2622366443569124
constant_prior,train_only,6,658,581,77,0.8829787234042553,0.5,0.9594616716649433,0.2675067621520833,0.40519065232608265,False,,0.09249116610700348,-1.8922412097454089
constant_prior,train_only,7,656,574,82,0.875,0.5,0.9539891191333991,0.2671523164777988,0.39721192892182733,False,,0.09771934490594321,-1.7338733874540213
constant_prior,train_only,8,650,564,86,0.8676923076923077,0.5,0.941037556688479,0.2668276805935567,0.389904236614135,False,,0.1034447791798012,-1.5794214334371932
constant_prior,train_only,9,650,550,100,0.8461538461538461,0.5,0.922925974753146,0.26587085904000113,0.3683657750756735,False,,0.11888577654447553,-1.236355489847333
constant_prior,train_only,10,648,535,113,0.8256172839506173,0.5,0.8966304627781481,0.2649585457200875,0.3478292128724446,False,,0.13272718288788818,-0.9962643669148943
constant_prior,train_only,11,644,524,120,0.8136645962732919,0.5,0.8732216365606708,0.2644275612218604,0.33587652519511924,False,,0.14156975501489297,-0.8678252370645336
constant_prior,train_only,12,642,516,126,0.8037383177570093,0.5,0.8623180291075295,0.26398659763613647,0.32595024667883665,False,,0.148819001092084,-0.7738769626117217
constant_prior,train_only,13,636,490,146,0.7704402515723271,0.5,0.830294237592979,0.26250736907747957,0.2926521804941545,False,,0.16762267561403082,-0.566061203329858
constant_prior,train_only,14,630,476,154,0.7555555555555555,0.5,0.8138923355071069,0.2618461334575845,0.2777674844773829,False,,0.17516838708306176,-0.4948252810789522
constant_prior,train_only,15,628,459,169,0.7308917197452229,0.5,0.7982783453813412,0.26075047072166707,0.25310364866705026,False,,0.18418948609162755,-0.4156642501947869
constant_prior,train_only,16,624,446,178,0.7147435897435898,0.5,0.7924453313828247,0.26003310849003364,0.23695551866541714,False,,0.18916174852867754,-0.3746601018049469
constant_prior,train_only,17,622,435,187,0.6993569131832797,0.5,0.7811797289016921,0.2593495729578322,0.22156884210510713,False,,0.19316626380514185,-0.3426235402029276
constant_prior,train_only,18,618,417,201,0.6747572815533981,0.5,0.7764534693876124,0.25825676241929996,0.19696921047522542,False,,0.19511600265432533,-0.32360625938425525
constant_prior,train_only,19,618,408,210,0.6601941747572816,0.5,0.7699847629890176,0.25760981303322733,0.18240610367910892,False,,0.1973615027386028,-0.30526880601644457
constant_prior,train_only,20,612,396,216,0.6470588235294118,0.5,0.7595883424273918,0.25702629005755395,0.16927075245123913,False,,0.19973326552219994,-0.28684768351211876
constant_prior,train_only,21,612,392,220,0.6405228758169934,0.5,0.753420612913815,0.25673593804550393,0.16273480473882074,False,,0.20285209695560347,-0.2656311761060748
constant_prior,train_only,22,612,383,229,0.6258169934640523,0.5,0.7421748357010097,0.25608264601839137,0.1480289223858796,False,,0.20385935715860218,-0.2561731263537712
constant_prior,train_only,23,610,364,246,0.5967213114754099,0.5,0.7233816835759588,0.25479010357786375,0.11893324039723718,False,,0.20740007699302235,-0.22849570391642504
constant_prior,train_only,24,606,350,256,0.5775577557755776,0.5,0.7107775186700829,0.25393878450367546,0.09976968469740494,False,,0.2078626614666031,-0.2216661843544967
constant_prior,train_only,25,600,341,259,0.5683333333333334,0.5,0.6969138821504012,0.25352900007241136,0.09054526225516074,False,,0.21052205428393125,-0.2042871277062337
constant_prior,train_only,26,592,326,266,0.5506756756756757,0.5,0.6864435348638707,0.25274457879877565,0.07288760459750304,False,,0.21242368502578124,-0.18981355006670175
constant_prior,train_only,27,588,318,270,0.5408163265306123,0.5,0.6745487571959251,0.2523065884739244,0.06302825545243973,False,,0.21420481301986444,-0.1778754404109797
constant_prior,train_only,28,582,305,277,0.5240549828178694,0.5,0.6707534177892274,0.25156198492356086,0.046266911739696825,False,,0.21390880519031513,-0.17602444976374687
constant_prior,train_only,29,578,298,280,0.5155709342560554,0.5,0.678324484348722,0.2511850907563122,0.037782863177882764,False,,0.21149132516581798,-0.18768507672535817
constant_prior,train_only,30,578,288,290,0.4982698961937716,0.5,0.6575064327309623,0.25041651190088565,0.020481825115598984,False,,0.21350275626001258,-0.17289592081854877
constant_prior,train_only,31,576,277,299,0.4809027777777778,0.5,0.6475376131723407,0.24964499750121957,0.003114706699605174,False,,0.2107840532885545,-0.18436377708073604
constant_prior,train_only,32,574,275,299,0.47909407665505227,0.5,0.6444168235120223,0.249564648019662,0.0013060055768797096,False,,0.21165164669065356,-0.17912925281616832
constant_prior,train_only,33,568,261,307,0.4595070422535211,0.5,0.6156672218510288,0.24869451638782955,0.01828102882465149,False,,0.21013112819491803,-0.18352058794992065
constant_prior,train_only,34,568,252,316,0.44366197183098594,0.5,0.5926501396822615,0.24799061723185614,0.03412609924718668,False,,0.20995071780074956,-0.1811848981969557
constant_prior,train_only,35,566,246,320,0.43462897526501765,0.5,0.5863233214476148,0.2475893366765074,0.04315909581315491,False,,0.2085135699921319,-0.18740155226276167
constant_prior,train_only,36,562,238,324,0.4234875444839858,0.5,0.5773744750643882,0.24709439133931588,0.054300526594186826,False,,0.2066415258907867,-0.19576348594090986
constant_prior,train_only,37,560,228,332,0.40714285714285714,0.5,0.5746901860037641,0.24636829727237464,0.07064521393531548,False,,0.19907123041794256,-0.2375886598738235
constant_prior,train_only,38,554,221,333,0.3989169675090253,0.5,0.5531365259369285,0.24600287152064362,0.07887110356914734,False,,0.20080703722303886,-0.2250709682420402
constant_prior,train_only,39,548,214,334,0.3905109489051095,0.5,0.5507988187446463,0.2456294437451522,0.0872771221730631,False,,0.19750337217816685,-0.2436721511953277
constant_prior,train_only,40,540,210,330,0.3888888888888889,0.5,0.5426470995694834,0.24555738558157778,0.08889918218928372,False,,0.19689672427839014,-0.24713799318665575
constant_prior,train_only,41,534,205,329,0.3838951310861423,0.5,0.5433543681809031,0.2453355435948429,0.09389293999203041,False,,0.19369202978174915,-0.26662694314931445
constant_prior,train_only,42,528,199,329,0.3768939393939394,0.5,0.5343055045582266,0.2450245236503723,0.10089413168423328,False,,0.19240607768065612,-0.27347600763968116
constant_prior,train_only,43,518,196,322,0.3783783783783784,0.5,0.5458846449012292,0.24509046815679458,0.09940969269979438,False,,0.1910213820470231,-0.2830525333360927
constant_prior,train_only,44,512,184,328,0.359375,0.5,0.5382955595165702,0.2442462647771643,0.11841307107817278,False,,0.18685116353407522,-0.3071701570251244
constant_prior,train_only,45,504,181,323,0.35912698412698413,0.5,0.5316913787931837,0.24423524695527846,0.11866108695118865,False,,0.1875446028978989,-0.30227819506084375
constant_prior,train_only,46,496,175,321,0.3528225806451613,0.5,0.51571875912921,0.24395518103121294,0.12496549043301147,False,,0.1890783761663725,-0.2902331084996925
constant_prior,train_only,47,490,166,324,0.33877551020408164,0.5,0.50872666248066,0.24333115597081859,0.13901256087409103,False,,0.18653009993253505,-0.3045141564756979
constant_prior,train_only,48,488,160,328,0.32786885245901637,0.5,0.480353533571483,0.2428466401576024,0.1499192186191564,False,,0.1842327877771015,-0.318151036456205
constant_prior,train_only,49,484,153,331,0.31611570247933884,0.5,0.46282454730406625,0.24232451989369005,0.16167236859883394,False,,0.18205797605029028,-0.33102940695524485
constant_prior,train_only,50,476,145,331,0.30462184873949577,0.5,0.4213218437581864,0.24181391856907553,0.17316622233867698,False,,0.18311680557092885,-0.32054465353487616
constant_prior,train_only,51,464,139,325,0.2995689655172414,0.5,0.40751259802702716,0.2415894500031095,0.1782191055609314,False,,0.18401921835254353,-0.3128490174340002
constant_prior,train_only,52,458,136,322,0.29694323144104806,0.5,0.4008761588324559,0.24147280476577346,0.18084483963712472,False,,0.18239227106605155,-0.3239201604015691
constant_prior,train_only,53,448,134,314,0.29910714285714285,0.5,0.40403796243282675,0.2415689340589083,0.1786809282210299,False,,0.18294377872033654,-0.32045449016438643
constant_prior,train_only,54,438,129,309,0.2945205479452055,0.5,0.39802709608212933,0.24136517981855396,0.18326752313296724,False,,0.18204292713340556,-0.3258695826269349
constant_prior,train_only,55,438,128,310,0.2922374429223744,0.5,0.3918196451151853,0.24126375548557763,0.18555062815579831,False,,0.18170408741118432,-0.3277838650905729
constant_prior,train_only,56,434,124,310,0.2857142857142857,0.5,0.3744285786553462,0.24097397167707368,0.19207378536388708,False,,0.18129512076854765,-0.3291806787492957
constant_prior,train_only,57,432,122,310,0.2824074074074074,0.5,0.3653383774100332,0.24082706738526258,0.19538066367076534,False,,0.18096936990339085,-0.3307614847409057
constant_prior,train_only,58,422,120,302,0.2843601895734597,0.5,0.3665174196712177,0.24091381750260696,0.19342788150471302,False,,0.18197087121015995,-0.3239141841793636
constant_prior,train_only,59,418,116,302,0.27751196172248804,0.5,0.35135401995938,0.24060959280207445,0.20027610935568474,False,,0.17998996456881292,-0.3367944895065842
constant_prior,train_only,60,416,114,302,0.27403846153846156,0.5,0.3443795702808768,0.2404552865236793,0.20374960953971116,False,,0.17966380887447,-0.3383624004747887
constant_prior,train_only,61,412,112,300,0.27184466019417475,0.5,0.3410326947448361,0.24035782940462352,0.20594341088399798,False,,0.17966152881860323,-0.3378369369621852
constant_prior,train_only,62,410,111,299,0.2707317073170732,0.5,0.3397239003605622,0.24030838774422444,0.2070563637610996,False,,0.17966355432289627,-0.3375466640960225
constant_prior,train_only,63,402,105,297,0.26119402985074625,0.5,0.3267938825625746,0.23988468731630172,0.21659404122742654,False,,0.17725115273902337,-0.3533603793792932
constant_prior,train_only,64,396,103,293,0.2601010101010101,0.5,0.32482297021641565,0.23983613116231914,0.21768706097716262,False,,0.17617840018535197,-0.3613254003328148
constant_prior,train_only,65,394,100,294,0.25380710659898476,0.5,0.3268965082543406,0.2395565316878635,0.22398096447918797,False,,0.17076887607736727,-0.40281143256650487
constant_prior,train_only,66,390,97,293,0.24871794871794872,0.5,0.317875727852282,0.23933045166161243,0.22907012236022395,False,,0.16997613984005217,-0.4080238078522245
constant_prior,train_only,67,386,93,293,0.24093264248704663,0.5,0.3144408262680307,0.2389845983243415,0.23685542859112613,False,,0.16559532654077044,-0.4431844383331809
constant_prior,train_only,68,382,91,291,0.23821989528795812,0.5,0.314901616750119,0.23886408762840347,0.23956817579021455,False,,0.16386077193427417,-0.45772587794358555
constant_prior,train_only,69,382,89,293,0.23298429319371727,0.5,0.3118459333315707,0.23863150198524294,0.2448037778844554,False,,0.16105299638841253,-0.48169551226314256
constant_prior,train_only,70,376,87,289,0.23138297872340424,0.5,0.3091746473171994,0.23856036541885073,0.24640509235476848,False,,0.16114990400984466,-0.48036306248297267
constant_prior,train_only,71,376,84,292,0.22340425531914893,0.5,0.30865215399142915,0.2382059197445663,0.2543838157590238,False,,0.15451909842178335,-0.541595324963307
constant_prior,train_only,72,374,82,292,0.2192513368983957,0.5,0.30949398233464476,0.2380214310870065,0.25853673417977696,False,,0.15050962393162967,-0.5814366209241864
constant_prior,train_only,73,372,80,292,0.21505376344086022,0.5,0.3082940623926821,0.23783495868044063,0.2627343076373124,False,,0.14791043755591995,-0.6079660273503231
constant_prior,train_only,74,368,77,291,0.20923913043478262,0.5,0.3050462919685769,0.23757665025036556,0.2685489406433901,False,,0.1433226390279652,-0.6576351919113734
constant_prior,train_only,75,362,76,286,0.20994475138121546,0.5,0.3093063978355049,0.2376079966549814,0.2678433196969573,False,,0.14232455441956876,-0.6694799967862168
constant_prior,train_only,76,354,75,279,0.211864406779661,0.5,0.31234431191371037,0.23769327515351077,0.2659236642985117,False,,0.14336973022134722,-0.6579041809351129
constant_prior,train_only,77,350,73,277,0.20857142857142857,0.5,0.3159179033169486,0.23754698835770602,0.26921664250674404,False,,0.14102355932010385,-0.6844489637260354
constant_prior,train_only,78,344,70,274,0.20348837209302326,0.5,0.31856289877049343,0.23732117937929803,0.2742996989851494,False,,0.13642089043079694,-0.7396249110372535
constant_prior,train_only,79,340,68,272,0.2,0.5,0.32875315503862207,0.2371662124333318,0.27778807107817266,False,,0.13190260481912222,-0.79804040078327
constant_prior,train_only,80,334,66,268,0.19760479041916168,0.5,0.33190788969094026,0.2370598079834069,0.28018328065901094,False,,0.12950104609334906,-0.8305628806467369
constant_prior,train_only,81,332,62,270,0.18674698795180722,0.5,0.3341588204729113,0.23657746251010267,0.29104108312636545,False,,0.12031205049562146,-0.9663654765713803
constant_prior,train_only,82,328,61,267,0.18597560975609756,0.5,0.3347950424514203,0.23654319491479275,0.2918124613220751,False,,0.12019244893463557,-0.9680370689795361
constant_prior,train_only,83,322,60,262,0.18633540372670807,0.5,0.3364914838344998,0.23655917835099616,0.2914526673514646,False,,0.12045492939399241,-0.9638812586676453
constant_prior,train_only,84,320,60,260,0.1875,0.5,0.33841506262479915,0.23661091421028613,0.29028807107817267,False,,0.12099113154837879,-0.9556054330781782
constant_prior,train_only,85,316,60,256,0.189873417721519,0.5,0.3463102782265429,0.23671635058175053,0.28791465335665367,False,,0.12199133629793045,-0.9404357535984
constant_prior,train_only,86,308,59,249,0.19155844155844157,0.5,0.35790202230688306,0.23679120584114516,0.2862296295197311,False,,0.12273417175823167,-0.9293013709954316
constant_prior,train_only,87,304,58,246,0.19078947368421054,0.5,0.35608152728644743,0.23675704532161396,0.28699859739396205,False,,0.1225610730062125,-0.9317474913883381
constant_prior,train_only,88,292,54,238,0.18493150684931506,0.5,0.33162184389685984,0.23649681183568774,0.29285656422885753,False,,0.1205434448291377,-0.9619217965017195
constant_prior,train_only,89,286,54,232,0.1888111888111888,0.5,0.3357820808736167,0.2366691622756406,0.28897688226698376,False,,0.12220719411307646,-0.9366221767325271
constant_prior,train_only,90,282,52,230,0.18439716312056736,0.5,0.32479741088936037,0.23647307422584218,0.2933909079576053,False,,0.12037122186002354,-0.964531642794408
constant_prior,train_only,91,278,49,229,0.17625899280575538,0.5,0.3142859003034641,0.23611154530466957,0.30152907827241715,False,,0.11742630773557632,-1.0107210203385755
constant_prior,train_only,92,270,46,224,0.17037037037037037,0.5,0.31099924191730305,0.235849949978705,0.3074177007078024,False,,0.11295729166666665,-1.0879568419070336
constant_prior,train_only,93,264,43,221,0.16287878787878787,0.5,0.28444787844637476,0.2355171449830749,0.3149092831993848,False,,0.11014321368234119,-1.1382810352920947
constant_prior,train_only,94,260,42,218,0.16153846153846155,0.5,0.2799489596977953,0.23545760251626816,0.31624960953971115,False,,0.10962181083452127,-1.1479083471053158
constant_prior,train_only,95,252,41,211,0.1626984126984127,0.5,0.2860376263222863,0.23550913202170343,0.31508965837975994,False,,0.11019894276177536,-1.137126964374057
constant_prior,train_only,96,252,41,211,0.1626984126984127,0.5,0.2860376263222863,0.23550913202170343,0.31508965837975994,False,,0.11022993105465785,-1.1365261664268438
constant_prior,train_only,97,252,41,211,0.1626984126984127,0.5,0.2860376263222863,0.23550913202170343,0.31508965837975994,False,,0.11027565323004204,-1.1356403260692218
constant_prior,train_only,98,250,40,210,0.16,0.5,0.28378009270457116,0.2353892581195856,0.31778807107817264,False,,0.10927045196313599,-1.1541894802356785
constant_prior,train_only,99,246,40,206,0.16260162601626016,0.5,0.2876154673474141,0.23550483238389433,0.3151864450619126,False,,0.11047613094270885,-1.1317259246345563
empirical_group_offset_prior_train_only,train_only,1,674,651,23,0.9658753709198813,0.7588325652841782,0.9880152004818357,0.03179571857208507,0.00018723204552251183,False,,0.03179571857208507,0.0
empirical_group_offset_prior_train_only,train_only,2,670,631,39,0.9417910447761194,0.7654516640253566,0.9823271284253491,0.05143357304355249,0.0009165830338204728,False,,0.05143357304355249,0.0
empirical_group_offset_prior_train_only,train_only,3,664,611,53,0.9201807228915663,0.7614334681777476,0.9723638151688333,0.06756963163777621,0.003829918944150301,False,,0.06756963163777621,0.0
empirical_group_offset_prior_train_only,train_only,4,660,601,59,0.9106060606060606,0.7652359062579317,0.9701582888563212,0.07396341138387637,0.003707199253079996,False,,0.07396341138387637,0.0
empirical_group_offset_prior_train_only,train_only,5,660,593,67,0.8984848484848484,0.7616344919584204,0.9663398256634433,0.08221218546861095,0.007875626000836298,False,,0.08221218546861095,0.0
empirical_group_offset_prior_train_only,train_only,6,658,581,77,0.8829787234042553,0.7537161633547176,0.9594616716649433,0.09249116610700348,0.009272726712052093,False,,0.09249116610700348,0.0
empirical_group_offset_prior_train_only,train_only,7,656,574,82,0.875,0.7508710801393729,0.9539891191333991,0.09771934490594321,0.015156675749318671,False,,0.09771934490594321,0.0
empirical_group_offset_prior_train_only,train_only,8,650,564,86,0.8676923076923077,0.7412172191984167,0.941037556688479,0.1034447791798012,0.024659099886761626,False,,0.1034447791798012,0.0
empirical_group_offset_prior_train_only,train_only,9,650,550,100,0.8461538461538461,0.7127272727272728,0.922925974753146,0.11888577654447553,0.02269006157017156,False,,0.11888577654447553,0.0
empirical_group_offset_prior_train_only,train_only,10,648,535,113,0.8256172839506173,0.6902572161111571,0.8966304627781481,0.13272718288788818,0.02497441310049248,False,,0.13272718288788818,0.0
empirical_group_offset_prior_train_only,train_only,11,644,524,120,0.8136645962732919,0.6741094147582697,0.8732216365606708,0.14156975501489297,0.031610354699591836,False,,0.14156975501489297,0.0
empirical_group_offset_prior_train_only,train_only,12,642,516,126,0.8037383177570093,0.6629291251384275,0.8623180291075295,0.148819001092084,0.03783218062004867,False,,0.148819001092084,0.0
empirical_group_offset_prior_train_only,train_only,13,636,490,146,0.7704402515723271,0.6466871680178921,0.830294237592979,0.16762267561403082,0.03878333278260582,False,,0.16762267561403082,0.0
empirical_group_offset_prior_train_only,train_only,14,630,476,154,0.7555555555555555,0.6418067226890757,0.8138923355071069,0.17516838708306176,0.03713950368879936,False,,0.17516838708306176,0.0
empirical_group_offset_prior_train_only,train_only,15,628,459,169,0.7308917197452229,0.6477485142643513,0.7982783453813412,0.18418948609162755,0.027750894645630297,False,,0.18418948609162755,0.0
empirical_group_offset_prior_train_only,train_only,16,624,446,178,0.7147435897435898,0.6532725348919232,0.7924453313828247,0.18916174852867754,0.02718939124243519,False,,0.18916174852867754,0.0
empirical_group_offset_prior_train_only,train_only,17,622,435,187,0.6993569131832797,0.6586637162702071,0.7811797289016921,0.19316626380514185,0.0240032556126602,False,,0.19316626380514185,0.0
empirical_group_offset_prior_train_only,train_only,18,618,417,201,0.6747572815533981,0.6788002433873797,0.7764534693876124,0.19511600265432533,0.01552248889136526,False,,0.19511600265432533,0.0
empirical_group_offset_prior_train_only,train_only,19,618,408,210,0.6601941747572816,0.6839285714285714,0.7699847629890176,0.1973615027386028,0.0152381018997792,False,,0.1973615027386028,0.0
empirical_group_offset_prior_train_only,train_only,20,612,396,216,0.6470588235294118,0.686026936026936,0.7595883424273918,0.19973326552219994,0.011801345010577974,False,,0.19973326552219994,0.0
empirical_group_offset_prior_train_only,train_only,21,612,392,220,0.6405228758169934,0.6809601113172542,0.753420612913815,0.20285209695560347,0.019104803493449868,False,,0.20285209695560347,0.0
empirical_group_offset_prior_train_only,train_only,22,612,383,229,0.6258169934640523,0.6866555691107893,0.7421748357010097,0.20385935715860218,0.01567434759792008,False,,0.20385935715860218,0.0
empirical_group_offset_prior_train_only,train_only,23,610,364,246,0.5967213114754099,0.690744215134459,0.7233816835759588,0.20740007699302235,0.018595277485336098,False,,0.20740007699302235,0.0
empirical_group_offset_prior_train_only,train_only,24,606,350,256,0.5775577557755776,0.6961383928571429,0.7107775186700829,0.2078626614666031,0.01956188971925274,False,,0.2078626614666031,0.0
empirical_group_offset_prior_train_only,train_only,25,600,341,259,0.5683333333333334,0.6919179338534177,0.6969138821504012,0.21052205428393125,0.021812243374393525,False,,0.21052205428393125,0.0
empirical_group_offset_prior_train_only,train_only,26,592,326,266,0.5506756756756757,0.6911527284468841,0.6864435348638707,0.21242368502578124,0.021986735139194833,False,,0.21242368502578124,0.0
empirical_group_offset_prior_train_only,train_only,27,588,318,270,0.5408163265306123,0.6883298392732355,0.6745487571959251,0.21420481301986444,0.020951712759149727,False,,0.21420481301986444,0.0
empirical_group_offset_prior_train_only,train_only,28,582,305,277,0.5240549828178694,0.6911641119725395,0.6707534177892274,0.21390880519031513,0.02319359403222543,False,,0.21390880519031513,0.0
empirical_group_offset_prior_train_only,train_only,29,578,298,280,0.5155709342560554,0.6974232981783317,0.678324484348722,0.21149132516581798,0.02058055771027975,False,,0.21149132516581798,0.0
empirical_group_offset_prior_train_only,train_only,30,578,288,290,0.4982698961937716,0.6937739463601532,0.6575064327309623,0.21350275626001258,0.025585432778910122,False,,0.21350275626001258,0.0
empirical_group_offset_prior_train_only,train_only,31,576,277,299,0.4809027777777778,0.6999444598722577,0.6475376131723407,0.2107840532885545,0.027221013324736726,False,,0.2107840532885545,0.0
empirical_group_offset_prior_train_only,train_only,32,574,275,299,0.47909407665505227,0.6972088780784433,0.6444168235120223,0.21165164669065356,0.022465985747443684,False,,0.21165164669065356,0.0
empirical_group_offset_prior_train_only,train_only,33,568,261,307,0.4595070422535211,0.7002570918666616,0.6156672218510288,0.21013112819491803,0.029900568574254414,False,,0.21013112819491803,0.0
empirical_group_offset_prior_train_only,train_only,34,568,252,316,0.44366197183098594,0.6997187060478199,0.5926501396822615,0.20995071780074956,0.034872884411629224,False,,0.20995071780074956,0.0
empirical_group_offset_prior_train_only,train_only,35,566,246,320,0.43462897526501765,0.7013211382113821,0.5863233214476148,0.2085135699921319,0.034653624814252965,False,,0.2085135699921319,0.0
empirical_group_offset_prior_train_only,train_only,36,562,238,324,0.4234875444839858,0.7040668119099491,0.5773744750643882,0.2066415258907867,0.03385893164619497,False,,0.2066415258907867,0.0
empirical_group_offset_prior_train_only,train_only,37,560,228,332,0.40714285714285714,0.7182413865990277,0.5746901860037641,0.19907123041794256,0.03763625932300632,False,,0.19907123041794256,0.0
empirical_group_offset_prior_train_only,train_only,38,554,221,333,0.3989169675090253,0.7126628891334774,0.5531365259369285,0.20080703722303886,0.04037306879593637,False,,0.20080703722303886,0.0
empirical_group_offset_prior_train_only,train_only,39,548,214,334,0.3905109489051095,0.7185069114108232,0.5507988187446463,0.19750337217816685,0.0383797459343866,False,,0.19750337217816685,0.0
empirical_group_offset_prior_train_only,train_only,40,540,210,330,0.3888888888888889,0.7181818181818181,0.5426470995694834,0.19689672427839014,0.033894270857021555,False,,0.19689672427839014,0.0
empirical_group_offset_prior_train_only,train_only,41,534,205,329,0.3838951310861423,0.7236711394469568,0.5433543681809031,0.19369202978174915,0.03245942571785276,False,,0.19369202978174915,0.0
empirical_group_offset_prior_train_only,train_only,42,528,199,329,0.3768939393939394,0.723793740740175,0.5343055045582266,0.19240607768065612,0.032120382425774176,False,,0.19240607768065612,0.0
empirical_group_offset_prior_train_only,train_only,43,518,196,322,0.3783783783783784,0.7257098491570542,0.5458846449012292,0.1910213820470231,0.021832821832821744,False,,0.1910213820470231,0.0
empirical_group_offset_prior_train_only,train_only,44,512,184,328,0.359375,0.7290562036055143,0.5382955595165702,0.18685116353407522,0.028162993920972615,False,,0.18685116353407522,0.0
empirical_group_offset_prior_train_only,train_only,45,504,181,323,0.35912698412698413,0.7262969741545935,0.5316913787931837,0.1875446028978989,0.022213995140770635,False,,0.1875446028978989,0.0
empirical_group_offset_prior_train_only,train_only,46,496,175,321,0.3528225806451613,0.7185313751668891,0.51571875912921,0.1890783761663725,0.017813050509718004,False,,0.1890783761663725,0.0
empirical_group_offset_prior_train_only,train_only,47,490,166,324,0.33877551020408164,0.7186523873270861,0.50872666248066,0.18653009993253505,0.02599721706864569,False,,0.18653009993253505,0.0
empirical_group_offset_prior_train_only,train_only,48,488,160,328,0.32786885245901637,0.7185213414634146,0.480353533571483,0.1842327877771015,0.028944080566387878,False,,0.1842327877771015,0.0
empirical_group_offset_prior_train_only,train_only,49,484,153,331,0.31611570247933884,0.7174239282822897,0.46282454730406625,0.18205797605029028,0.03278152886744681,False,,0.18205797605029028,0.0
empirical_group_offset_prior_train_only,train_only,50,476,145,331,0.30462184873949577,0.7057922700281279,0.4213218437581864,0.18311680557092885,0.03742033726242165,False,,0.18311680557092885,0.0
empirical_group_offset_prior_train_only,train_only,51,464,139,325,0.2995689655172414,0.6977199778638628,0.40751259802702716,0.18401921835254353,0.036776906490574884,False,,0.18401921835254353,0.0
empirical_group_offset_prior_train_only,train_only,52,458,136,322,0.29694323144104806,0.6987120935330654,0.4008761588324559,0.18239227106605155,0.03174202752309552,False,,0.18239227106605155,0.0
empirical_group_offset_prior_train_only,train_only,53,448,134,314,0.29910714285714285,0.6969768989447667,0.40403796243282675,0.18294377872033654,0.022935324281380936,False,,0.18294377872033654,0.0
empirical_group_offset_prior_train_only,train_only,54,438,129,309,0.2945205479452055,0.6950402649205991,0.39802709608212933,0.18204292713340556,0.022300917483071184,False,,0.18204292713340556,0.0
empirical_group_offset_prior_train_only,train_only,55,438,128,310,0.2922374429223744,0.6931703629032258,0.3918196451151853,0.18170408741118432,0.01964115467050886,False,,0.18170408741118432,0.0
empirical_group_offset_prior_train_only,train_only,56,434,124,310,0.2857142857142857,0.6862903225806452,0.3744285786553462,0.18129512076854765,0.016826741284126145,False,,0.18129512076854765,0.0
empirical_group_offset_prior_train_only,train_only,57,432,122,310,0.2824074074074074,0.6827604442094131,0.3653383774100332,0.18096936990339085,0.013998171991734212,False,,0.18096936990339085,0.0
empirical_group_offset_prior_train_only,train_only,58,422,120,302,0.2843601895734597,0.6804911699779249,0.3665174196712177,0.18197087121015995,0.006363259984622214,False,,0.18197087121015995,0.0
empirical_group_offset_prior_train_only,train_only,59,418,116,302,0.27751196172248804,0.6789792189997716,0.35135401995938,0.17998996456881292,0.008918346536983285,False,,0.17998996456881292,0.0
empirical_group_offset_prior_train_only,train_only,60,416,114,302,0.27403846153846156,0.675206227489253,0.3443795702808768,0.17966380887447,0.012535003606432104,False,,0.17966380887447,0.0
empirical_group_offset_prior_train_only,train_only,61,412,112,300,0.27184466019417475,0.6716666666666666,0.3410326947448361,0.17966152881860323,0.013576556317166479,False,,0.17966152881860323,0.0
empirical_group_offset_prior_train_only,train_only,62,410,111,299,0.2707317073170732,0.6698604959474525,0.3397239003605622,0.17966355432289627,0.013127407833943379,False,,0.17966355432289627,0.0
empirical_group_offset_prior_train_only,train_only,63,402,105,297,0.26119402985074625,0.6643578643578644,0.3267938825625746,0.17725115273902337,0.01901468953202387,False,,0.17725115273902337,0.0
empirical_group_offset_prior_train_only,train_only,64,396,103,293,0.2601010101010101,0.667301766128765,0.32482297021641565,0.17617840018535197,0.014435355836266962,False,,0.17617840018535197,0.0
empirical_group_offset_prior_train_only,train_only,65,394,100,294,0.25380710659898476,0.6809183673469388,0.3268965082543406,0.17076887607736727,0.01169580424671853,False,,0.17076887607736727,0.0
empirical_group_offset_prior_train_only,train_only,66,390,97,293,0.24871794871794872,0.6749586573308469,0.317875727852282,0.16997613984005217,0.011065421117716294,False,,0.16997613984005217,0.0
empirical_group_offset_prior_train_only,train_only,67,386,93,293,0.24093264248704663,0.6806121325553232,0.3144408262680307,0.16559532654077044,0.00946737687116804,False,,0.16559532654077044,0.0
empirical_group_offset_prior_train_only,train_only,68,382,91,291,0.23821989528795812,0.6839243230995808,0.314901616750119,0.16386077193427417,0.012631659993840522,False,,0.16386077193427417,0.0
empirical_group_offset_prior_train_only,train_only,69,382,89,293,0.23298429319371727,0.6867737853280669,0.3118459333315707,0.16105299638841253,0.011881744290338551,False,,0.16105299638841253,0.0
empirical_group_offset_prior_train_only,train_only,70,376,87,289,0.23138297872340424,0.6831921409537446,0.3091746473171994,0.16114990400984466,0.01419920784034933,False,,0.16114990400984466,0.0
empirical_group_offset_prior_train_only,train_only,71,376,84,292,0.22340425531914893,0.6992824527071102,0.30865215399142915,0.15451909842178335,0.012132404806792098,False,,0.15451909842178335,0.0
empirical_group_offset_prior_train_only,train_only,72,374,82,292,0.2192513368983957,0.7108670230537922,0.30949398233464476,0.15050962393162967,0.012709846892338755,False,,0.15050962393162967,0.0
empirical_group_offset_prior_train_only,train_only,73,372,80,292,0.21505376344086022,0.7149828767123287,0.3082940623926821,0.14791043755591995,0.012177386451876111,False,,0.14791043755591995,0.0
empirical_group_offset_prior_train_only,train_only,74,368,77,291,0.20923913043478262,0.7258222876779578,0.3050462919685769,0.1433226390279652,0.012578648060014519,False,,0.1433226390279652,0.0
empirical_group_offset_prior_train_only,train_only,75,362,76,286,0.20994475138121546,0.7331615752668385,0.3093063978355049,0.14232455441956876,0.0150455070487218,False,,0.14232455441956876,0.0
empirical_group_offset_prior_train_only,train_only,76,354,75,279,0.211864406779661,0.7326164874551971,0.31234431191371037,0.14336973022134722,0.019826190219151503,False,,0.14336973022134722,0.0
empirical_group_offset_prior_train_only,train_only,77,350,73,277,0.20857142857142857,0.7379951535532367,0.3159179033169486,0.14102355932010385,0.022360088365243013,False,,0.14102355932010385,0.0
empirical_group_offset_prior_train_only,train_only,78,344,70,274,0.20348837209302326,0.7510948905109489,0.31856289877049343,0.13642089043079694,0.02338434088366043,False,,0.13642089043079694,0.0
empirical_group_offset_prior_train_only,train_only,79,340,68,272,0.2,0.7665441176470589,0.32875315503862207,0.13190260481912222,0.02349060996430236,False,,0.13190260481912222,0.0
empirical_group_offset_prior_train_only,train_only,80,334,66,268,0.19760479041916168,0.77380144730891,0.33190788969094026,0.12950104609334906,0.02659387108136669,False,,0.12950104609334906,0.0
empirical_group_offset_prior_train_only,train_only,81,332,62,270,0.18674698795180722,0.7974910394265233,0.3341588204729113,0.12031205049562146,0.02825500786105882,False,,0.12031205049562146,0.0
empirical_group_offset_prior_train_only,train_only,82,328,61,267,0.18597560975609756,0.7970467243814084,0.3347950424514203,0.12019244893463557,0.028739332424380124,False,,0.12019244893463557,0.0
empirical_group_offset_prior_train_only,train_only,83,322,60,262,0.18633540372670807,0.7970101781170483,0.3364914838344998,0.12045492939399241,0.027736583153046272,False,,0.12045492939399241,0.0
empirical_group_offset_prior_train_only,train_only,84,320,60,260,0.1875,0.7974358974358975,0.33841506262479915,0.12099113154837879,0.029854151753758034,False,,0.12099113154837879,0.0
empirical_group_offset_prior_train_only,train_only,85,316,60,256,0.189873417721519,0.7983072916666667,0.3463102782265429,0.12199133629793045,0.031654768913747425,False,,0.12199133629793045,0.0
empirical_group_offset_prior_train_only,train_only,86,308,59,249,0.19155844155844157,0.7987543393914641,0.35790202230688306,0.12273417175823167,0.0330203253995076,False,,0.12273417175823167,0.0
empirical_group_offset_prior_train_only,train_only,87,304,58,246,0.19078947368421054,0.7982898794505187,0.35608152728644743,0.1225610730062125,0.03345210605939965,False,,0.1225610730062125,0.0
empirical_group_offset_prior_train_only,train_only,88,292,54,238,0.18493150684931506,0.7953625894802365,0.33162184389685984,0.1205434448291377,0.02906730931845091,False,,0.1205434448291377,0.0
empirical_group_offset_prior_train_only,train_only,89,286,54,232,0.1888111888111888,0.7967752234993615,0.3357820808736167,0.12220719411307646,0.034301384889620194,False,,0.12220719411307646,0.0
empirical_group_offset_prior_train_only,train_only,90,282,52,230,0.18439716312056736,0.794732441471572,0.32479741088936037,0.12037122186002354,0.028823787017921074,False,,0.12037122186002354,0.0
empirical_group_offset_prior_train_only,train_only,91,278,49,229,0.17625899280575538,0.7911059620354692,0.3142859003034641,0.11742630773557632,0.02244439067285962,False,,0.11742630773557632,0.0
empirical_group_offset_prior_train_only,train_only,92,270,46,224,0.17037037037037037,0.8013392857142857,0.31099924191730305,0.11295729166666665,0.018287037037037036,False,,0.11295729166666665,0.0
empirical_group_offset_prior_train_only,train_only,93,264,43,221,0.16287878787878787,0.7986425339366516,0.28444787844637476,0.11014321368234119,0.01313259498538686,False,,0.11014321368234119,0.0
empirical_group_offset_prior_train_only,train_only,94,260,42,218,0.16153846153846155,0.7981651376146789,0.2799489596977953,0.10962181083452127,0.012103187863396392,False,,0.10962181083452127,0.0
empirical_group_offset_prior_train_only,train_only,95,252,41,211,0.1626984126984127,0.7985781990521327,0.2860376263222863,0.11019894276177536,0.01530211967105164,False,,0.11019894276177536,0.0
empirical_group_offset_prior_train_only,train_only,96,252,41,211,0.1626984126984127,0.7985781990521327,0.2860376263222863,0.11022993105465785,0.015826245880642967,False,,0.11022993105465785,0.0
empirical_group_offset_prior_train_only,train_only,97,252,41,211,0.1626984126984127,0.7985781990521327,0.2860376263222863,0.11027565323004204,0.01655870681605973,False,,0.11027565323004204,0.0
empirical_group_offset_prior_train_only,train_only,98,250,40,210,0.16,0.7976190476190477,0.28378009270457116,0.10927045196313599,0.01533707865168543,False,,0.10927045196313599,0.0
empirical_group_offset_prior_train_only,train_only,99,246,40,206,0.16260162601626016,0.7985436893203883,0.2876154673474141,0.11047613094270885,0.019404670735575086,False,,0.11047613094270885,0.0
independent_vector_shared_mlp,20260820,1,674,651,23,0.9658753709198813,0.9358178053830227,0.9976292754931505,0.02916452919311518,0.015292044499763874,False,,0.03179571857208507,0.08275294590385285
independent_vector_shared_mlp,20260820,2,670,631,39,0.9417910447761194,0.9475801536023406,0.9967077408163783,0.04114941548384642,0.025807037911810205,False,,0.05143357304355249,0.19995028443771024
independent_vector_shared_mlp,20260820,3,664,611,53,0.9201807228915663,0.9481518080474323,0.9953643384280272,0.04725593308804987,0.02048756543293467,False,,0.06756963163777621,0.30063355471024267
independent_vector_shared_mlp,20260820,4,660,601,59,0.9106060606060606,0.9444992808595843,0.9942823788181437,0.05094380454941474,0.020827103243029454,False,,0.07396341138387637,0.311229652658771
independent_vector_shared_mlp,20260820,5,660,593,67,0.8984848484848484,0.9574387757670333,0.995124541969756,0.04951637453646304,0.0278113168613697,False,,0.08221218546861095,0.39770030130912093
independent_vector_shared_mlp,20260820,6,658,581,77,0.8829787234042553,0.9340143505375863,0.9893208409555999,0.05492220531776117,0.020724121315004316,False,,0.09249116610700348,0.40618971919738356
independent_vector_shared_mlp,20260820,7,656,574,82,0.875,0.9307809977054474,0.9865463803682668,0.053672346392875145,0.022140887875945744,False,,0.09771934490594321,0.45075003885325027
independent_vector_shared_mlp,20260820,8,650,564,86,0.8676923076923077,0.9129350156688109,0.9800867580605995,0.06420146264543825,0.042121787145999776,False,,0.1034447791798012,0.3793648828439442
independent_vector_shared_mlp,20260820,9,650,550,100,0.8461538461538461,0.9007818181818181,0.9737374585490968,0.07091003124585163,0.03273994307422292,False,,0.11888577654447553,0.40354487048899434
independent_vector_shared_mlp,20260820,10,648,535,113,0.8256172839506173,0.8883301629311058,0.9663956753094528,0.08264528150432682,0.03851224865767385,False,,0.13272718288788818,0.3773296493896392
independent_vector_shared_mlp,20260820,11,644,524,120,0.8136645962732919,0.8817748091603054,0.9629987577382253,0.08933173678281871,0.03935023899587645,False,,0.14156975501489297,0.36899137267404947
independent_vector_shared_mlp,20260820,12,642,516,126,0.8037383177570093,0.8693398548049711,0.9560864685003756,0.09727201456430805,0.042213351889626535,False,,0.148819001092084,0.3463736898481161
independent_vector_shared_mlp,20260820,13,636,490,146,0.7704402515723271,0.8535364830863852,0.9384629143854225,0.11365749256221667,0.0593722357512917,False,,0.16762267561403082,0.3219444079038254
independent_vector_shared_mlp,20260820,14,630,476,154,0.7555555555555555,0.8488486303612354,0.9344211352649012,0.12170073740079101,0.06353795621815439,False,,0.17516838708306176,0.30523572530765686
independent_vector_shared_mlp,20260820,15,628,459,169,0.7308917197452229,0.8653362725760916,0.9311338305965421,0.11919757975578797,0.05633547929663781,False,,0.18418948609162755,0.35285350817205974
independent_vector_shared_mlp,20260820,16,624,446,178,0.7147435897435898,0.8778278833073009,0.9352970066263734,0.1162110837273485,0.04928256687655031,False,,0.18916174852867754,0.38565230744983037
independent_vector_shared_mlp,20260820,17,622,435,187,0.6993569131832797,0.8770299342307456,0.9298797838503777,0.11882990971197431,0.04914834587695588,False,,0.19316626380514185,0.38483093594518647
independent_vector_shared_mlp,20260820,18,618,417,201,0.6747572815533981,0.8871589295727597,0.9270798061959739,0.1134121404106128,0.0479014033209533,False,,0.19511600265432533,0.41874506002699374
independent_vector_shared_mlp,20260820,19,618,408,210,0.6601941747572816,0.8916199813258637,0.9195823922593017,0.1110876534201484,0.03863629941300912,False,,0.1973615027386028,0.43713615938930395
independent_vector_shared_mlp,20260820,20,612,396,216,0.6470588235294118,0.8871001683501684,0.9170969841229999,0.11431199666205219,0.03950152119009514,False,,0.19973326552219994,0.4276767249402096
independent_vector_shared_mlp,20260820,21,612,392,220,0.6405228758169934,0.8815862708719852,0.9058952589686341,0.118709069870529,0.050711742273203894,False,,0.20285209695560347,0.4147998879375161
independent_vector_shared_mlp,20260820,22,612,383,229,0.6258169934640523,0.8813207611707161,0.9041357765296615,0.12106354741982928,0.053555662338137626,False,,0.20385935715860218,0.4061418170486917
independent_vector_shared_mlp,20260820,23,610,364,246,0.5967213114754099,0.8791990529795408,0.8932769941284243,0.1267966821173119,0.05706590321028582,False,,0.20740007699302235,0.38863724664105226
independent_vector_shared_mlp,20260820,24,606,350,256,0.5775577557755776,0.8748772321428572,0.8826253032505913,0.135201210517576,0.0793241728960421,False,,0.2078626614666031,0.3495647098731173
independent_vector_shared_mlp,20260820,25,600,341,259,0.5683333333333334,0.8717829685571621,0.8765488868602686,0.13724853589200497,0.05859707067250016,False,,0.21052205428393125,0.34805625776908977
independent_vector_shared_mlp,20260820,26,592,326,266,0.5506756756756757,0.8790649937727755,0.8757827712566015,0.1321783545620357,0.04965985595084434,False,,0.21242368502578124,0.37776074948519234
independent_vector_shared_mlp,20260820,27,588,318,270,0.5408163265306123,0.8682622874446774,0.8597962642664327,0.14078907674863317,0.06350824970499379,False,,0.21420481301986444,0.34273616561745046
independent_vector_shared_mlp,20260820,28,582,305,277,0.5240549828178694,0.8706515949576848,0.8526325625990265,0.1415646677464406,0.04694072089956844,False,,0.21390880519031513,0.33820083927592315
independent_vector_shared_mlp,20260820,29,578,298,280,0.5155709342560554,0.8780441035474592,0.8615452327469144,0.13902001912060255,0.049716603700869305,False,,0.21149132516581798,0.34266798408111976
independent_vector_shared_mlp,20260820,30,578,288,290,0.4982698961937716,0.8692169540229885,0.8479441797040183,0.14691302320419314,0.06412493926067821,False,,0.21350275626001258,0.31189167869441314
independent_vector_shared_mlp,20260820,31,576,277,299,0.4809027777777778,0.8654238556922594,0.8267077598434924,0.14817200414969292,0.053846344142239225,False,,0.2107840532885545,0.2970435768836285
independent_vector_shared_mlp,20260820,32,574,275,299,0.47909407665505227,0.8603222864092429,0.8207452548056197,0.15141769724792759,0.07173720121737656,False,,0.21165164669065356,0.284590034542764
independent_vector_shared_mlp,20260820,33,568,261,307,0.4595070422535211,0.8572141725011544,0.8044868000600839,0.15460185037486568,0.07686244087200945,False,,0.21013112819491803,0.26426012317672076
independent_vector_shared_mlp,20260820,34,568,252,316,0.44366197183098594,0.8594409282700421,0.8011946668530149,0.15383213114545152,0.07699071801542712,False,,0.20995071780074956,0.26729409283828454
independent_vector_shared_mlp,20260820,35,566,246,320,0.43462897526501765,0.8627794715447155,0.8024936189375432,0.15155162789082396,0.07002556084477815,False,,0.2085135699921319,0.2731809833933463
independent_vector_shared_mlp,20260820,36,562,238,324,0.4234875444839858,0.8605664488017429,0.7914521805418084,0.15192560450417159,0.07985043273407,False,,0.2066415258907867,0.26478666933350725
independent_vector_shared_mlp,20260820,37,560,228,332,0.40714285714285714,0.8658185373071232,0.7900734024199862,0.14706427669774008,0.0725195529121533,False,,0.19907123041794256,0.26124796441462605
independent_vector_shared_mlp,20260820,38,554,221,333,0.3989169675090253,0.8634924517277458,0.7828984118642003,0.14737326542365548,0.06748718308987123,False,,0.20080703722303886,0.2660951156808007
independent_vector_shared_mlp,20260820,39,548,214,334,0.3905109489051095,0.8655632659913817,0.779450758715496,0.1472844751197624,0.07325509219547707,False,,0.19750337217816685,0.2542685550356185
independent_vector_shared_mlp,20260820,40,540,210,330,0.3888888888888889,0.8685281385281385,0.7841097039679031,0.14695055893856934,0.06160099489240568,False,,0.19689672427839014,0.2536668170731091
independent_vector_shared_mlp,20260820,41,534,205,329,0.3838951310861423,0.8657572837126547,0.7713583608161279,0.14592050811272408,0.06282242640532865,False,,0.19369202978174915,0.2466364863998467
independent_vector_shared_mlp,20260820,42,528,199,329,0.3768939393939394,0.8693620076064211,0.7711104662087289,0.14438596800069875,0.060243557761121676,False,,0.19240607768065612,0.2495768858178078
independent_vector_shared_mlp,20260820,43,518,196,322,0.3783783783783784,0.8676163011788567,0.7732007475455803,0.14658528989013428,0.07899907432462414,False,,0.1910213820470231,0.23262365542905628
independent_vector_shared_mlp,20260820,44,512,184,328,0.359375,0.8639978791092259,0.7472900532592573,0.14611612510722605,0.05966640509633792,False,,0.18685116353407522,0.21800794630545883
independent_vector_shared_mlp,20260820,45,504,181,323,0.35912698412698413,0.8686519679113285,0.7549445112727768,0.14431456614285953,0.06351595508054057,False,,0.1875446028978989,0.23050536292198298
independent_vector_shared_mlp,20260820,46,496,175,321,0.3528225806451613,0.8648153093012906,0.7495171926392569,0.14750353289308368,0.06565917334621964,False,,0.1890783761663725,0.21988153334206006
independent_vector_shared_mlp,20260820,47,490,166,324,0.33877551020408164,0.8636025583816749,0.7342607794839855,0.14600037545490352,0.07120016554144526,False,,0.18653009993253505,0.21728248948716844
independent_vector_shared_mlp,20260820,48,488,160,328,0.32786885245901637,0.8643864329268293,0.7273813642389843,0.14443827755048236,0.07252070835349476,False,,0.1842327877771015,0.21600123792712456
independent_vector_shared_mlp,20260820,49,484,153,331,0.31611570247933884,0.8631795114823372,0.7162903829784864,0.14546590379599958,0.06980965598084239,False,,0.18205797605029028,0.20099131632762302
independent_vector_shared_mlp,20260820,50,476,145,331,0.30462184873949577,0.8646108969684342,0.71114229351553,0.1425719897946473,0.06764138924326221,False,,0.18311680557092885,0.22141504516676835
independent_vector_shared_mlp,20260820,51,464,139,325,0.2995689655172414,0.8716768123962368,0.7167624053483787,0.13738885811481166,0.0728007819015614,False,,0.18401921835254353,0.25339940390572435
independent_vector_shared_mlp,20260820,52,458,136,322,0.29694323144104806,0.8645871392035075,0.7013516209426092,0.1393492395784248,0.07078463573151908,False,,0.18239227106605155,0.2359915320756062
independent_vector_shared_mlp,20260820,53,448,134,314,0.29910714285714285,0.8670500998193744,0.7146400361413878,0.1387651664585613,0.05805266451242841,False,,0.18294377872033654,0.24148737153456545
independent_vector_shared_mlp,20260820,54,438,129,309,0.2945205479452055,0.864604500639723,0.7071953236188087,0.14030437556550268,0.0669341714127711,False,,0.18204292713340556,0.2292786224938903
independent_vector_shared_mlp,20260820,55,438,128,310,0.2922374429223744,0.8578629032258065,0.6933200930129149,0.14204685833624167,0.06388713434063462,False,,0.18170408741118432,0.21825171706347457
independent_vector_shared_mlp,20260820,56,434,124,310,0.2857142857142857,0.853095733610822,0.6756843492922997,0.14460755126212535,0.07723401121330964,False,,0.18129512076854765,0.2023637997034673
independent_vector_shared_mlp,20260820,57,432,122,310,0.2824074074074074,0.840983606557377,0.6512669958090832,0.14868384193354828,0.08018438778634931,False,,0.18096936990339085,0.17840327336652584
independent_vector_shared_mlp,20260820,58,422,120,302,0.2843601895734597,0.8375275938189846,0.6542758876606866,0.14987852266808468,0.08951028675100822,False,,0.18197087121015995,0.17635981148329782
independent_vector_shared_mlp,20260820,59,418,116,302,0.27751196172248804,0.8403745147293903,0.639188877307113,0.14847178616428544,0.08617937112202646,False,,0.17998996456881292,0.1751107539802731
independent_vector_shared_mlp,20260820,60,416,114,302,0.27403846153846156,0.8427152317880795,0.6465172487650414,0.1460002027075684,0.08886382881057557,False,,0.17966380887447,0.187369990527264
independent_vector_shared_mlp,20260820,61,412,112,300,0.27184466019417475,0.8494047619047619,0.6530052648070622,0.1424146100869891,0.08633314176263863,False,,0.17966152881860323,0.20731716454011018
independent_vector_shared_mlp,20260820,62,410,111,299,0.2707317073170732,0.848986109855675,0.6489310696048376,0.13971680015252935,0.05669589640341377,False,,0.17966355432289627,0.22234200097463008
independent_vector_shared_mlp,20260820,63,402,105,297,0.26119402985074625,0.8497675164341831,0.6435182175191054,0.1389157235503562,0.05831268989383582,False,,0.17725115273902337,0.21627746052016106
independent_vector_shared_mlp,20260820,64,396,103,293,0.2601010101010101,0.8499950296563836,0.6406494808231464,0.13860209353943004,0.07763624752099679,False,,0.17617840018535197,0.21328554809436928
independent_vector_shared_mlp,20260820,65,394,100,294,0.25380710659898476,0.8442517006802721,0.6347177051404559,0.13969587448420875,0.07472285744735253,False,,0.17076887607736727,0.1819593962724262
independent_vector_shared_mlp,20260820,66,390,97,293,0.24871794871794872,0.8479997185179973,0.6307668988732277,0.1364770690569838,0.07702566564273162,False,,0.16997613984005217,0.1970810186335037
independent_vector_shared_mlp,20260820,67,386,93,293,0.24093264248704663,0.8458292047414584,0.6135313687483555,0.13721664101653971,0.0845097276649649,False,,0.16559532654077044,0.17137371033984916
independent_vector_shared_mlp,20260820,68,382,91,291,0.23821989528795812,0.8515539443374495,0.625309550024801,0.13380973900041487,0.070280563635364,False,,0.16386077193427417,0.18339369807139072
independent_vector_shared_mlp,20260820,69,382,89,293,0.23298429319371727,0.8526671012769874,0.6186098439969535,0.130423551263644,0.06757133793259984,False,,0.16105299638841253,0.19018239841312423
independent_vector_shared_mlp,20260820,70,376,87,289,0.23138297872340424,0.8428588473929125,0.5958039292567471,0.13551819949347793,0.07856774142030692,False,,0.16114990400984466,0.15905504054660113
independent_vector_shared_mlp,20260820,71,376,84,292,0.22340425531914893,0.8568982387475538,0.6182866897304565,0.1256442554913923,0.05731220853909917,False,,0.15451909842178335,0.18686908754523524
independent_vector_shared_mlp,20260820,72,374,82,292,0.2192513368983957,0.8493150684931506,0.5971393600722946,0.12884270446150958,0.06668622651740598,False,,0.15050962393162967,0.14395703679362382
independent_vector_shared_mlp,20260820,73,372,80,292,0.21505376344086022,0.8542808219178082,0.6069330203767427,0.12456118413379831,0.07426147291960383,False,,0.14791043755591995,0.15786075552169254
independent_vector_shared_mlp,20260820,74,368,77,291,0.20923913043478262,0.8500022314455304,0.611948043139598,0.123237391183239,0.07473534545139938,False,,0.1433226390279652,0.1401400921790671
independent_vector_shared_mlp,20260820,75,362,76,286,0.20994475138121546,0.8484081707765918,0.5877337491872516,0.12605646825411915,0.07649451370036835,False,,0.14232455441956876,0.11430273737230023
independent_vector_shared_mlp,20260820,76,354,75,279,0.211864406779661,0.8513261648745519,0.6006797299499836,0.12477927665227015,0.07472616455505275,False,,0.14336973022134722,0.1296679120507198
independent_vector_shared_mlp,20260820,77,350,73,277,0.20857142857142857,0.8493150684931506,0.5892623487673012,0.12695698002143205,0.09805709567988946,False,,0.14102355932010385,0.09974630740061396
independent_vector_shared_mlp,20260820,78,344,70,274,0.20348837209302326,0.8497393117831074,0.5972199619822337,0.12280549869471725,0.07223539944065933,False,,0.13642089043079694,0.09980430191508283
independent_vector_shared_mlp,20260820,79,340,68,272,0.2,0.8596453287197232,0.6169700483507593,0.11761209436972841,0.06186447919803319,False,,0.13190260481912222,0.10834138165042573
independent_vector_shared_mlp,20260820,80,334,66,268,0.19760479041916168,0.8555517865219358,0.5850869826824561,0.11978782609417829,0.07659274169374712,False,,0.12950104609334906,0.07500495395356988
independent_vector_shared_mlp,20260820,81,332,62,270,0.18674698795180722,0.8504778972520908,0.569091543520105,0.11669659270131841,0.08234875710253281,False,,0.12031205049562146,0.03005067056383215
independent_vector_shared_mlp,20260820,82,328,61,267,0.18597560975609756,0.8461349542579972,0.5524931653511916,0.11944223619403327,0.07920644131528608,False,,0.12019244893463557,0.006241762666890138
independent_vector_shared_mlp,20260820,83,322,60,262,0.18633540372670807,0.8620229007633587,0.5968292543344809,0.11310006469437045,0.06891428686232443,False,,0.12045492939399241,0.061059059489090295
independent_vector_shared_mlp,20260820,84,320,60,260,0.1875,0.8607051282051282,0.6088435501773141,0.11250524402596365,0.06777457152425047,False,,0.12099113154837879,0.0701364423476114
independent_vector_shared_mlp,20260820,85,316,60,256,0.189873417721519,0.8608723958333333,0.6025245791317073,0.11421161319736217,0.061583656379835885,False,,0.12199133629793045,0.06377275089083734
independent_vector_shared_mlp,20260820,86,308,59,249,0.19155844155844157,0.864406779661017,0.6388045505911526,0.11376838319074825,0.0751712840916391,False,,0.12273417175823167,0.07305046703003559
independent_vector_shared_mlp,20260820,87,304,58,246,0.19078947368421054,0.8617886178861789,0.6044817169400031,0.11612785663182916,0.07691200984109789,False,,0.1225610730062125,0.052489882934178
independent_vector_shared_mlp,20260820,88,292,54,238,0.18493150684931506,0.8639122315592904,0.6030322413395353,0.11225350222396613,0.06892532426633553,False,,0.1205434448291377,0.06877140948578342
independent_vector_shared_mlp,20260820,89,286,54,232,0.1888111888111888,0.8643039591315453,0.6205243650721108,0.11229698175454449,0.0689263052604474,False,,0.12220719411307646,0.08109352669829073
independent_vector_shared_mlp,20260820,90,282,52,230,0.18439716312056736,0.8616220735785953,0.6025269331624072,0.11229017258464369,0.06941930882782063,False,,0.12037122186002354,0.0671343960002091
independent_vector_shared_mlp,20260820,91,278,49,229,0.17625899280575538,0.86641119329828,0.6089174307340545,0.1064665639328966,0.06643666556192812,False,,0.11742630773557632,0.09333295080144366
independent_vector_shared_mlp,20260820,92,270,46,224,0.17037037037037037,0.8710209627329193,0.5860277861337618,0.10519662290998785,0.0641627139280316,False,,0.11295729166666665,0.06870445140965564
independent_vector_shared_mlp,20260820,93,264,43,221,0.16287878787878787,0.8776175944438598,0.6025608689648595,0.09525533745810673,0.05422121559237296,False,,0.11014321368234119,0.13516834788543464
independent_vector_shared_mlp,20260820,94,260,42,218,0.16153846153846155,0.8666448230668414,0.5974617736590903,0.09752273994568922,0.05859119348933627,False,,0.10962181083452127,0.11037101829211804
independent_vector_shared_mlp,20260820,95,252,41,211,0.1626984126984127,0.8619812738411744,0.5808737680404789,0.10260376699727089,0.06338947693833659,False,,0.11019894276177536,0.06892240137841865
independent_vector_shared_mlp,20260820,96,252,41,211,0.1626984126984127,0.8633683967171425,0.5789557900028794,0.10169402916245437,0.07302124860667161,False,,0.11022993105465785,0.07743724241259775
independent_vector_shared_mlp,20260820,97,252,41,211,0.1626984126984127,0.8696104496589989,0.5960951086884191,0.09883028239104193,0.051961409007509486,False,,0.11027565323004204,0.10378873762030083
independent_vector_shared_mlp,20260820,98,250,40,210,0.16,0.8639285714285714,0.5798608597119361,0.09989263305824979,0.060295434984945814,False,,0.10927045196313599,0.08582209313136135
independent_vector_shared_mlp,20260820,99,246,40,206,0.16260162601626016,0.870995145631068,0.5872755545456002,0.099021040258174,0.0582282080296755,False,,0.11047613094270885,0.10368837672705311
independent_vector_shared_mlp,20260821,1,674,651,23,0.9658753709198813,0.8984171508715688,0.9956591356483306,0.029492327354750655,0.012834813160220466,False,,0.03179571857208507,0.07244343958172617
independent_vector_shared_mlp,20260821,2,670,631,39,0.9417910447761194,0.929131618513552,0.9950598416785339,0.04282741893670853,0.022479396394792583,False,,0.05143357304355249,0.16732561238855626
independent_vector_shared_mlp,20260821,3,664,611,53,0.9201807228915663,0.9206373714603341,0.9922389953987634,0.05405223906757824,0.034800134589998456,False,,0.06756963163777621,0.20005129882402373
independent_vector_shared_mlp,20260821,4,660,601,59,0.9106060606060606,0.932034180320934,0.9924753394691833,0.05479684797799391,0.027037855670311934,False,,0.07396341138387637,0.25913574086525526
independent_vector_shared_mlp,20260821,5,660,593,67,0.8984848484848484,0.9353653318567365,0.9916750807898533,0.05615620474337459,0.03233061353781064,False,,0.08221218546861095,0.3169357507858086
independent_vector_shared_mlp,20260821,6,658,581,77,0.8829787234042553,0.9305049511589959,0.9890237820805192,0.059354709615094835,0.024539534294995332,False,,0.09249116610700348,0.35826617704844277
independent_vector_shared_mlp,20260821,7,656,574,82,0.875,0.9292725418543384,0.987644234591887,0.058861441080191354,0.023451896275753396,False,,0.09771934490594321,0.3976480180373021
independent_vector_shared_mlp,20260821,8,650,564,86,0.8676923076923077,0.9151410192973776,0.9828592887223631,0.06129157356419384,0.03079111111581271,False,,0.1034447791798012,0.40749476145470154
independent_vector_shared_mlp,20260821,9,650,550,100,0.8461538461538461,0.8926363636363637,0.9717626126687936,0.07050674588225547,0.03115794182417239,False,,0.11888577654447553,0.4069370791729767
independent_vector_shared_mlp,20260821,10,648,535,113,0.8256172839506173,0.8998263170953602,0.9731924744667472,0.07942975280891613,0.045400944160066674,False,,0.13272718288788818,0.40155625184926325
independent_vector_shared_mlp,20260821,11,644,524,120,0.8136645962732919,0.8959605597964376,0.9687734991807231,0.083424010236014,0.03444146713619156,False,,0.14156975501489297,0.41072151868004647
independent_vector_shared_mlp,20260821,12,642,516,126,0.8037383177570093,0.8850744432139781,0.9620738561684293,0.09081741262705106,0.04193206827605543,False,,0.148819001092084,0.38974585260885863
independent_vector_shared_mlp,20260821,13,636,490,146,0.7704402515723271,0.8726167179200447,0.9467551573244272,0.105117908251136,0.048656212907383437,False,,0.16762267561403082,0.37288968890353924
independent_vector_shared_mlp,20260821,14,630,476,154,0.7555555555555555,0.8704572738186184,0.9437655493082879,0.11072686525377103,0.050643886511660574,False,,0.17516838708306176,0.3678832859192436
independent_vector_shared_mlp,20260821,15,628,459,169,0.7308917197452229,0.8777635972206108,0.9411539105385786,0.1130240650116211,0.06543800705269394,False,,0.18418948609162755,0.3863707022050339
independent_vector_shared_mlp,20260821,16,624,446,178,0.7147435897435898,0.8786340504862196,0.9350734518203927,0.11573217679035161,0.05130495633330536,False,,0.18916174852867754,0.38818403989955597
independent_vector_shared_mlp,20260821,17,622,435,187,0.6993569131832797,0.8754932694080767,0.9254058635593896,0.11889679073682916,0.052095282991775564,False,,0.19316626380514185,0.3844847004093461
independent_vector_shared_mlp,20260821,18,618,417,201,0.6747572815533981,0.8918954388727823,0.9263176320413848,0.11136005468700488,0.04247545226387284,False,,0.19511600265432533,0.42926231999384257
independent_vector_shared_mlp,20260821,19,618,408,210,0.6601941747572816,0.8963001867413632,0.9239706376472079,0.11000774998229093,0.03641849263830169,False,,0.1973615027386028,0.44260786193956136
independent_vector_shared_mlp,20260821,20,612,396,216,0.6470588235294118,0.8902918069584737,0.9082821064202655,0.11126603513241293,0.04503209042086852,False,,0.19973326552219994,0.4429268712875175
independent_vector_shared_mlp,20260821,21,612,392,220,0.6405228758169934,0.8930310760667903,0.9081598570772064,0.11208831253343604,0.051230143331419065,False,,0.20285209695560347,0.44743823595785714
independent_vector_shared_mlp,20260821,22,612,383,229,0.6258169934640523,0.8869759540287548,0.9055118825880168,0.11867626796536361,0.05402607915970223,False,,0.20385935715860218,0.4178522407826799
independent_vector_shared_mlp,20260821,23,610,364,246,0.5967213114754099,0.8782162958992227,0.8846515209146016,0.12914063602580655,0.058579074572127854,False,,0.20740007699302235,0.3773356408630876
independent_vector_shared_mlp,20260821,24,606,350,256,0.5775577557755776,0.878828125,0.8809824507127259,0.13226753615616593,0.07091188765234861,False,,0.2078626614666031,0.3636782324303246
independent_vector_shared_mlp,20260821,25,600,341,259,0.5683333333333334,0.8755307464984884,0.8719262057519124,0.13600385918334043,0.06712931366824819,False,,0.21052205428393125,0.35396859181360674
independent_vector_shared_mlp,20260821,26,592,326,266,0.5506756756756757,0.881924904285253,0.8736117057671985,0.13516416390376496,0.07920643324474112,False,,0.21242368502578124,0.3637048341037843
independent_vector_shared_mlp,20260821,27,588,318,270,0.5408163265306123,0.8769159096203122,0.8593993254289632,0.1402254730078997,0.07969918363233174,False,,0.21420481301986444,0.34536730976770447
independent_vector_shared_mlp,20260821,28,582,305,277,0.5240549828178694,0.8714683079836657,0.8474924425721745,0.14585831109025754,0.08856094143950766,False,,0.21390880519031513,0.31812853163998045
independent_vector_shared_mlp,20260821,29,578,298,280,0.5155709342560554,0.8714645254074784,0.8515895753544747,0.1494090273487889,0.09784401587009524,False,,0.21149132516581798,0.29354536299942324
independent_vector_shared_mlp,20260821,30,578,288,290,0.4982698961937716,0.8639248084291188,0.8293423133967163,0.15556451280935302,0.09294976270921407,False,,0.21350275626001258,0.2713700022687293
independent_vector_shared_mlp,20260821,31,576,277,299,0.4809027777777778,0.85986984291803,0.8093235945628721,0.15789962869787824,0.10801787135348855,False,,0.2107840532885545,0.2508938592156197
independent_vector_shared_mlp,20260821,32,574,275,299,0.47909407665505227,0.8582547886895713,0.803079074873025,0.1576949374628091,0.09228165953550842,False,,0.21165164669065356,0.25493167698669816
independent_vector_shared_mlp,20260821,33,568,261,307,0.4595070422535211,0.8552423028442347,0.791145091899511,0.16002950856917497,0.0917797421833246,False,,0.21013112819491803,0.23843026045750204
independent_vector_shared_mlp,20260821,34,568,252,316,0.44366197183098594,0.860872513562387,0.7923886435413445,0.15598191285540594,0.08363369098508032,False,,0.20995071780074956,0.25705463410971463
independent_vector_shared_mlp,20260821,35,566,246,320,0.43462897526501765,0.8613313008130081,0.7752071396154121,0.15430389357307472,0.08297904157123646,False,,0.2085135699921319,0.25998152744256753
independent_vector_shared_mlp,20260821,36,562,238,324,0.4234875444839858,0.8639251997095134,0.774804744370184,0.15323732907776602,0.07469504368906843,False,,0.2066415258907867,0.2584388427389257
independent_vector_shared_mlp,20260821,37,560,228,332,0.40714285714285714,0.8729391249207356,0.7800992229109971,0.14711797680326577,0.0739785375564081,False,,0.19907123041794256,0.26097821119406805
independent_vector_shared_mlp,20260821,38,554,221,333,0.3989169675090253,0.8697430462136344,0.7717197421461475,0.14787982329493454,0.0769346869146895,False,,0.20080703722303886,0.26357250552587663
independent_vector_shared_mlp,20260821,39,548,214,334,0.3905109489051095,0.8707818008842129,0.7621276585615254,0.14680776210859972,0.07356299817388269,False,,0.19750337217816685,0.25668225058878924
independent_vector_shared_mlp,20260821,40,540,210,330,0.3888888888888889,0.8717748917748918,0.7694935342364189,0.14675361603475442,0.06795467217687594,False,,0.19689672427839014,0.2546670516099543
independent_vector_shared_mlp,20260821,41,534,205,329,0.3838951310861423,0.8748016902661427,0.7632005354405201,0.14416712562735687,0.07901842678276061,False,,0.19369202978174915,0.25568891094897717
independent_vector_shared_mlp,20260821,42,528,199,329,0.3768939393939394,0.8778237693024392,0.7667200074616329,0.14107482995830045,0.06158100636299539,False,,0.19240607768065612,0.26678599938798264
independent_vector_shared_mlp,20260821,43,518,196,322,0.3783783783783784,0.8792781087590316,0.7676321355202319,0.13974204381757613,0.0626394943607902,False,,0.1910213820470231,0.2684481584204207
independent_vector_shared_mlp,20260821,44,512,184,328,0.359375,0.8713878579003181,0.7431942639460729,0.14496366235306213,0.08510870543729519,False,,0.18685116353407522,0.22417575779973264
independent_vector_shared_mlp,20260821,45,504,181,323,0.35912698412698413,0.8689598549509946,0.7377700714240069,0.14628517677170588,0.07001648838920319,False,,0.1875446028978989,0.21999793909641352
independent_vector_shared_mlp,20260821,46,496,175,321,0.3528225806451613,0.8610235870048955,0.7241182599863842,0.15396046219605772,0.08578929816982836,False,,0.1890783761663725,0.18573204764258222
independent_vector_shared_mlp,20260821,47,490,166,324,0.33877551020408164,0.8621151271753681,0.6985886797365748,0.1529393545451753,0.08837465502486498,False,,0.18653009993253505,0.1800821711858247
independent_vector_shared_mlp,20260821,48,488,160,328,0.32786885245901637,0.864405487804878,0.6969518971202605,0.1500542344855053,0.081707456453886,False,,0.1842327877771015,0.18551829836580414
independent_vector_shared_mlp,20260821,49,484,153,331,0.31611570247933884,0.8679580593566731,0.6855341131751419,0.14671095048189384,0.08898459547211796,False,,0.18205797605029028,0.1941525789489852
independent_vector_shared_mlp,20260821,50,476,145,331,0.30462184873949577,0.8696114178560267,0.694990840065712,0.14260970260567937,0.07712567728743744,False,,0.18311680557092885,0.2212090956859739
independent_vector_shared_mlp,20260821,51,464,139,325,0.2995689655172414,0.8759048146098506,0.6993800526429146,0.13698610714544296,0.06017032970388098,False,,0.18401921835254353,0.2555880392720431
independent_vector_shared_mlp,20260821,52,458,136,322,0.29694323144104806,0.8747259773474607,0.69776319683098,0.137581951815307,0.07104262294313424,False,,0.18239227106605155,0.24568102030220862
independent_vector_shared_mlp,20260821,53,448,134,314,0.29910714285714285,0.8772221694077383,0.7144896808445783,0.1362299226053411,0.0617404982851878,False,,0.18294377872033654,0.2553454205535254
independent_vector_shared_mlp,20260821,54,438,129,309,0.2945205479452055,0.877097915255513,0.7080739529739053,0.13540477866791148,0.07088499661684435,False,,0.18204292713340556,0.25619313642060093
independent_vector_shared_mlp,20260821,55,438,128,310,0.2922374429223744,0.8731854838709677,0.696346696999876,0.13826080519607026,0.06876371216897485,False,,0.18170408741118432,0.23908808455587904
independent_vector_shared_mlp,20260821,56,434,124,310,0.2857142857142857,0.8735691987513007,0.6910962062495687,0.13635063688035817,0.06881503903661171,False,,0.18129512076854765,0.24790785156081685
independent_vector_shared_mlp,20260821,57,432,122,310,0.2824074074074074,0.868244315177155,0.6738268504885686,0.139386893866124,0.07345026192844391,False,,0.18096936990339085,0.22977632103966195
independent_vector_shared_mlp,20260821,58,422,120,302,0.2843601895734597,0.8711092715231789,0.6850469992333102,0.1388554558121679,0.06437613349168914,False,,0.18197087121015995,0.23693580797444025
independent_vector_shared_mlp,20260821,59,418,116,302,0.27751196172248804,0.8712320164421101,0.6750388770407277,0.13679568596038624,0.06566241147097597,False,,0.17998996456881292,0.23998159403999908
independent_vector_shared_mlp,20260821,60,416,114,302,0.27403846153846156,0.8726036946671314,0.6792765701627467,0.13666135956215186,0.07441588723896489,False,,0.17966380887447,0.23934953612368137
independent_vector_shared_mlp,20260821,61,412,112,300,0.27184466019417475,0.8724107142857143,0.6711615984061997,0.1361897184999834,0.08571337827404969,False,,0.17966152881860323,0.2419650473002014
independent_vector_shared_mlp,20260821,62,410,111,299,0.2707317073170732,0.8708909578474796,0.6676808952852078,0.1366079346431421,0.0723169068437679,False,,0.17966355432289627,0.2396458193316905
independent_vector_shared_mlp,20260821,63,402,105,297,0.26119402985074625,0.8750681417348084,0.678689803684305,0.13196260079841987,0.06625330137843828,False,,0.17725115273902337,0.255504978335934
independent_vector_shared_mlp,20260821,64,396,103,293,0.2601010101010101,0.8790881076245071,0.6704333617944055,0.1308294743269243,0.07069783974817616,False,,0.17617840018535197,0.2574034377126676
independent_vector_shared_mlp,20260821,65,394,100,294,0.25380710659898476,0.8789455782312925,0.6682587481220742,0.13050118621967077,0.07513165683445953,False,,0.17076887607736727,0.23580227722206892
independent_vector_shared_mlp,20260821,66,390,97,293,0.24871794871794872,0.874142359522888,0.6502149683279707,0.1312653575086958,0.08031038066459621,False,,0.16997613984005217,0.2277424488388975
independent_vector_shared_mlp,20260821,67,386,93,293,0.24093264248704663,0.8686924290799662,0.6198070635413642,0.1329048520541537,0.07801241791134306,False,,0.16559532654077044,0.19741181813224773
independent_vector_shared_mlp,20260821,68,382,91,291,0.23821989528795812,0.8637513689060081,0.5967597360242711,0.13677798624733556,0.09006538937991604,False,,0.16386077193427417,0.16527925120358722
independent_vector_shared_mlp,20260821,69,382,89,293,0.23298429319371727,0.8653602791732178,0.6117419013801147,0.13346231171452588,0.09577225953689116,False,,0.16105299638841253,0.1713143207056267
independent_vector_shared_mlp,20260821,70,376,87,289,0.23138297872340424,0.8615916955017301,0.6039869192255575,0.1365817444569766,0.09165632179352014,False,,0.16114990400984466,0.15245531608487461
independent_vector_shared_mlp,20260821,71,376,84,292,0.22340425531914893,0.8597521200260926,0.5839724995491905,0.13345006387639677,0.0889477562379553,False,,0.15451909842178335,0.13635230052841396
independent_vector_shared_mlp,20260821,72,374,82,292,0.2192513368983957,0.8615519545606415,0.5882152796614506,0.13190763516931045,0.08492633657377134,False,,0.15050962393162967,0.12359335088611567
independent_vector_shared_mlp,20260821,73,372,80,292,0.21505376344086022,0.8599743150684932,0.5847377889816753,0.13023797370664905,0.07869523218879962,False,,0.14791043755591995,0.11948084355162247
independent_vector_shared_mlp,20260821,74,368,77,291,0.20923913043478262,0.8531708840987191,0.5639144396057586,0.13326520895483723,0.09309739552759087,False,,0.1433226390279652,0.07017335252364099
independent_vector_shared_mlp,20260821,75,362,76,286,0.20994475138121546,0.8588516746411483,0.5874475455360346,0.1284442968387943,0.08315261648378364,False,,0.14232455441956876,0.09752538932850519
independent_vector_shared_mlp,20260821,76,354,75,279,0.211864406779661,0.8598805256869773,0.5826550652189146,0.13075023088717166,0.09186321556796218,False,,0.14336973022134722,0.08802066736606418
independent_vector_shared_mlp,20260821,77,350,73,277,0.20857142857142857,0.8556945749468374,0.5711076491255397,0.13230532001592837,0.09432304223067492,False,,0.14102355932010385,0.06182115489218576
independent_vector_shared_mlp,20260821,78,344,70,274,0.20348837209302326,0.8605839416058394,0.5748887154099899,0.12848079375544288,0.10079343431405173,False,,0.13642089043079694,0.058202938349694144
independent_vector_shared_mlp,20260821,79,340,68,272,0.2,0.8639705882352942,0.579605553874984,0.12341978758516328,0.08379056086257834,False,,0.13190260481912222,0.06431121845994936
independent_vector_shared_mlp,20260821,80,334,66,268,0.19760479041916168,0.8626752600633197,0.5742847995978511,0.12608331255880675,0.09228464797500889,False,,0.12950104609334906,0.026391551556106174
independent_vector_shared_mlp,20260821,81,332,62,270,0.18674698795180722,0.8617084826762246,0.5683583850397513,0.12127086567467671,0.08789985288095492,False,,0.12031205049562146,-0.007969402691629268
independent_vector_shared_mlp,20260821,82,328,61,267,0.18597560975609756,0.860502241051145,0.5605068391433641,0.12138844083632772,0.08995721442183376,False,,0.12019244893463557,-0.009950640928720667
independent_vector_shared_mlp,20260821,83,322,60,262,0.18633540372670807,0.8670483460559797,0.5863624333194764,0.1174731440829415,0.07749887485239859,False,,0.12045492939399241,0.024754365189139538
independent_vector_shared_mlp,20260821,84,320,60,260,0.1875,0.8653205128205128,0.5830022503789161,0.12039074195472829,0.09329049938594972,False,,0.12099113154837879,0.00496226116713705
independent_vector_shared_mlp,20260821,85,316,60,256,0.189873417721519,0.869921875,0.587293601884535,0.11865709827242586,0.09160458552764239,False,,0.12199133629793045,0.0273317608175192
independent_vector_shared_mlp,20260821,86,308,59,249,0.19155844155844157,0.8678782928323463,0.5780994525665065,0.12180461677855044,0.0842406427285007,False,,0.12273417175823167,0.0075737259343903185
independent_vector_shared_mlp,20260821,87,304,58,246,0.19078947368421054,0.8714606111578357,0.5964696030453094,0.11939305606583195,0.08763195403506828,False,,0.1225610730062125,0.02584847588777195
independent_vector_shared_mlp,20260821,88,292,54,238,0.18493150684931506,0.867802676626206,0.5932903774763647,0.11642817849267315,0.08990626943153247,False,,0.1205434448291377,0.0341392793469415
independent_vector_shared_mlp,20260821,89,286,54,232,0.1888111888111888,0.8666187739463601,0.5741124717816398,0.12023056983192117,0.08792956009115027,False,,0.12220719411307646,0.01617436923824922
independent_vector_shared_mlp,20260821,90,282,52,230,0.18439716312056736,0.8720735785953178,0.597443944245137,0.11538257344415613,0.08784220116937257,False,,0.12037122186002354,0.04144386289995938
independent_vector_shared_mlp,20260821,91,278,49,229,0.17625899280575538,0.8814722395508422,0.621782294439641,0.1050636172309739,0.07790959614205221,False,,0.11742630773557632,0.10528041580291403
independent_vector_shared_mlp,20260821,92,270,46,224,0.17037037037037037,0.8762616459627329,0.5986783294367242,0.10763217255430883,0.08245818945308424,False,,0.11295729166666665,0.0471427654982387
independent_vector_shared_mlp,20260821,93,264,43,221,0.16287878787878787,0.8910870251499526,0.6172441691552177,0.09583411330096112,0.07657147242805183,False,,0.11014321368234119,0.12991359070608077
independent_vector_shared_mlp,20260821,94,260,42,218,0.16153846153846155,0.8878331148973351,0.6165109010263985,0.09565014389965042,0.06573894915369637,False,,0.10962181083452127,0.12745334918761442
independent_vector_shared_mlp,20260821,95,252,41,211,0.1626984126984127,0.8830193041266906,0.593616289470526,0.09961663250056381,0.07966503170197525,False,,0.11019894276177536,0.09602914507163707
independent_vector_shared_mlp,20260821,96,252,41,211,0.1626984126984127,0.8792047162177783,0.5973146660478631,0.10014755268642792,0.07712869656825293,False,,0.11022993105465785,0.09146679374434663
independent_vector_shared_mlp,20260821,97,252,41,211,0.1626984126984127,0.8809386198127385,0.5907729770725795,0.10135391165645015,0.07845636657261272,False,,0.11027565323004204,0.08090400113051766
independent_vector_shared_mlp,20260821,98,250,40,210,0.16,0.8853571428571428,0.578064618008989,0.09781302671969415,0.08219689400210811,False,,0.10927045196313599,0.10485382862063364
independent_vector_shared_mlp,20260821,99,246,40,206,0.16260162601626016,0.8871359223300971,0.6074325730149084,0.09884125741416448,0.06433127081170073,False,,0.11047613094270885,0.10531572231270503
independent_vector_shared_mlp,20260822,1,674,651,23,0.9658753709198813,0.9206571829292727,0.9969365461308277,0.02741607235373871,0.0112004938887891,False,,0.03179571857208507,0.13774326906363576
independent_vector_shared_mlp,20260822,2,670,631,39,0.9417910447761194,0.9334796212767686,0.9956873530263022,0.04281986997558984,0.02060631916883304,False,,0.05143357304355249,0.16747238346962223
independent_vector_shared_mlp,20260822,3,664,611,53,0.9201807228915663,0.93033381712627,0.9935557694713126,0.052397399266954615,0.018179228650850376,False,,0.06756963163777621,0.22454217971996826
independent_vector_shared_mlp,20260822,4,660,601,59,0.9106060606060606,0.9430045968583435,0.994097317969404,0.04971341517008472,0.018230569092320053,False,,0.07396341138387637,0.3278647612389336
independent_vector_shared_mlp,20260822,5,660,593,67,0.8984848484848484,0.947446578238655,0.9937430271840578,0.05105035133675478,0.02513119458398563,False,,0.08221218546861095,0.37904154906274723
independent_vector_shared_mlp,20260822,6,658,581,77,0.8829787234042553,0.9306390683327,0.9890388323164112,0.055798108180764805,0.02069155999008054,False,,0.09249116610700348,0.39671959464526907
independent_vector_shared_mlp,20260822,7,656,574,82,0.875,0.9261706467238888,0.9861277789228031,0.05812379315384767,0.022377622464793176,False,,0.09771934490594321,0.4051966556898947
independent_vector_shared_mlp,20260822,8,650,564,86,0.8676923076923077,0.9145431304634669,0.9782122090203456,0.06147416020208749,0.02453645463612302,False,,0.1034447791798012,0.4057296976270114
independent_vector_shared_mlp,20260822,9,650,550,100,0.8461538461538461,0.8988909090909091,0.9707182831701924,0.07412072187830203,0.03825717040858583,False,,0.11888577654447553,0.37653835443827677
independent_vector_shared_mlp,20260822,10,648,535,113,0.8256172839506173,0.8994954925150939,0.9664842529854747,0.08057138032767396,0.04085830091459971,False,,0.13272718288788818,0.39295494280375953
independent_vector_shared_mlp,20260822,11,644,524,120,0.8136645962732919,0.8941475826972011,0.9630315843087467,0.08628119491882708,0.04114832736898574,False,,0.14156975501489297,0.3905393499497799
independent_vector_shared_mlp,20260822,12,642,516,126,0.8037383177570093,0.8788913498215823,0.9571239578406161,0.09460107007205923,0.03474627560024089,False,,0.148819001092084,0.3643212938008945
independent_vector_shared_mlp,20260822,13,636,490,146,0.7704402515723271,0.8628599384959463,0.9425482752903606,0.10931411587342794,0.0526061844323137,False,,0.16762267561403082,0.3478560375379318
independent_vector_shared_mlp,20260822,14,630,476,154,0.7555555555555555,0.8548783149623486,0.9357366640500971,0.12043030911115436,0.057442870876330036,False,,0.17516838708306176,0.3124883369848668
independent_vector_shared_mlp,20260822,15,628,459,169,0.7308917197452229,0.8753400110866174,0.9317948151854375,0.11264015604159158,0.04635658506112487,False,,0.18418948609162755,0.38845501753798684
independent_vector_shared_mlp,20260822,16,624,446,178,0.7147435897435898,0.8751826472514738,0.9300776556505921,0.11889304022102123,0.045912814346444966,False,,0.18916174852867754,0.3714741952546676
independent_vector_shared_mlp,20260822,17,622,435,187,0.6993569131832797,0.8717806871965087,0.9254430653901542,0.12302550671388601,0.05266352009814781,False,,0.19316626380514185,0.36311080262965034
independent_vector_shared_mlp,20260822,18,618,417,201,0.6747572815533981,0.8853096627175872,0.9165116442066782,0.11408664714652354,0.027529668894759402,False,,0.19511600265432533,0.415288107615429
independent_vector_shared_mlp,20260822,19,618,408,210,0.6601941747572816,0.8844654528478058,0.9175721908278884,0.11698112708950119,0.05022761891825574,False,,0.1973615027386028,0.40727484607553943
independent_vector_shared_mlp,20260822,20,612,396,216,0.6470588235294118,0.8799219042274598,0.9047439634942597,0.1186580333904142,0.038236292542788035,False,,0.19973326552219994,0.40591752164976447
independent_vector_shared_mlp,20260822,21,612,392,220,0.6405228758169934,0.8744086270871985,0.8994570605218682,0.12487892536878316,0.04867699934423954,False,,0.20285209695560347,0.3843843507513045
independent_vector_shared_mlp,20260822,22,612,383,229,0.6258169934640523,0.8709909129259922,0.8964034385986605,0.13098644485495306,0.05506934784280468,False,,0.20385935715860218,0.357466605013152
independent_vector_shared_mlp,20260822,23,610,364,246,0.5967213114754099,0.8742070937192888,0.8886024563975481,0.13329147735605706,0.054661508343581335,False,,0.20740007699302235,0.3573219485326351
independent_vector_shared_mlp,20260822,24,606,350,256,0.5775577557755776,0.8763504464285714,0.8839161431005431,0.13496462407281018,0.0529078765440355,False,,0.2078626614666031,0.35070289622701334
independent_vector_shared_mlp,20260822,25,600,341,259,0.5683333333333334,0.8737757447434866,0.8762679638066628,0.137021636945597,0.06096839203088025,False,,0.21052205428393125,0.34913404958135263
independent_vector_shared_mlp,20260822,26,592,326,266,0.5506756756756757,0.8718690899026708,0.8705817100655653,0.14091018434559374,0.0622579603970115,False,,0.21242368502578124,0.3366550235276641
independent_vector_shared_mlp,20260822,27,588,318,270,0.5408163265306123,0.861378989051945,0.855030089383234,0.14892678726981332,0.07653421425344363,False,,0.21420481301986444,0.30474584034672236
independent_vector_shared_mlp,20260822,28,582,305,277,0.5240549828178694,0.8579984612653133,0.8427364115986451,0.15244561500060835,0.07967138222754068,False,,0.21390880519031513,0.2873336145981594
independent_vector_shared_mlp,20260822,29,578,298,280,0.5155709342560554,0.8617090124640461,0.8407064581682253,0.15112911377731078,0.0775141732764742,False,,0.21149132516581798,0.285412233060532
independent_vector_shared_mlp,20260822,30,578,288,290,0.4982698961937716,0.8558548850574713,0.8254640470407207,0.1560162680392089,0.07860873718445506,False,,0.21350275626001258,0.26925408003067763
independent_vector_shared_mlp,20260822,31,576,277,299,0.4809027777777778,0.8557405551597986,0.802629911184617,0.15605961880980068,0.07129859529213436,False,,0.2107840532885545,0.2596232192377399
independent_vector_shared_mlp,20260822,32,574,275,299,0.47909407665505227,0.8489875342049256,0.7888140039107642,0.15861822639033424,0.07268127502556739,False,,0.21165164669065356,0.25056937250212874
independent_vector_shared_mlp,20260822,33,568,261,307,0.4595070422535211,0.8490770901194354,0.7857273061226533,0.15800547766997358,0.08223061838806066,False,,0.21013112819491803,0.2480624882791882
independent_vector_shared_mlp,20260822,34,568,252,316,0.44366197183098594,0.8459036568213784,0.7655766868403662,0.16180277010976402,0.07633503953034532,False,,0.20995071780074956,0.2293297598376377
independent_vector_shared_mlp,20260822,35,566,246,320,0.43462897526501765,0.8441819105691057,0.7525703812627943,0.16166541419234487,0.08661440655486803,False,,0.2085135699921319,0.22467677188374258
independent_vector_shared_mlp,20260822,36,562,238,324,0.4234875444839858,0.8548345264031538,0.7644417548484838,0.1560434169017594,0.08418520584217416,False,,0.2066415258907867,0.2448593464982889
independent_vector_shared_mlp,20260822,37,560,228,332,0.40714285714285714,0.8631896005072923,0.763731572927456,0.14873772866708818,0.06687590991101766,False,,0.19907123041794256,0.252841667001209
independent_vector_shared_mlp,20260822,38,554,221,333,0.3989169675090253,0.8656529833000421,0.7627431514569532,0.14627755533823822,0.054252220162899815,False,,0.20080703722303886,0.27155164798449805
independent_vector_shared_mlp,20260822,39,548,214,334,0.3905109489051095,0.8640942414236946,0.7611279633872073,0.14815856930836635,0.0598061865637233,False,,0.19750337217816685,0.24984283724171952
independent_vector_shared_mlp,20260822,40,540,210,330,0.3888888888888889,0.8614430014430015,0.7539047480482449,0.1500130223184331,0.06131592165247655,False,,0.19689672427839014,0.2381131638008801
independent_vector_shared_mlp,20260822,41,534,205,329,0.3838951310861423,0.8663207057602491,0.755982351818304,0.14515148147791976,0.05218306446630527,False,,0.19369202978174915,0.2506068440633543
independent_vector_shared_mlp,20260822,42,528,199,329,0.3768939393939394,0.8689037894640376,0.7478253462930974,0.14393484355863506,0.05105550652544631,False,,0.19240607768065612,0.25192153338560674
independent_vector_shared_mlp,20260822,43,518,196,322,0.3783783783783784,0.8745563442768411,0.7590444580892228,0.1391913468235403,0.051032067541599196,False,,0.1910213820470231,0.27133106602026347
independent_vector_shared_mlp,20260822,44,512,184,328,0.359375,0.8647269353128314,0.7243361754587297,0.14486657589277613,0.05757275476957151,False,,0.18685116353407522,0.22469535028419851
independent_vector_shared_mlp,20260822,45,504,181,323,0.35912698412698413,0.8692677419906608,0.7347599194017731,0.14200469181161818,0.05673634816586312,False,,0.1875446028978989,0.24282176283725476
independent_vector_shared_mlp,20260822,46,496,175,321,0.3528225806451613,0.8661860258121941,0.7274030977326864,0.14342014141482917,0.06101415770764678,False,,0.1890783761663725,0.24147782352101466
independent_vector_shared_mlp,20260822,47,490,166,324,0.33877551020408164,0.8702030343596608,0.7173768636913807,0.14233913929514105,0.07654528997038865,False,,0.18653009993253505,0.23691061471246277
independent_vector_shared_mlp,20260822,48,488,160,328,0.32786885245901637,0.8630525914634146,0.7019741718184296,0.14669088937138494,0.06818281480560277,False,,0.1842327877771015,0.20377425136256166
independent_vector_shared_mlp,20260822,49,484,153,331,0.31611570247933884,0.8733092431333057,0.7099377290775345,0.138185221016628,0.058938895349580245,False,,0.18205797605029028,0.24098232873655157
independent_vector_shared_mlp,20260822,50,476,145,331,0.30462184873949577,0.8693822273153453,0.6829228673878932,0.13894822697823678,0.05483959551757602,False,,0.18311680557092885,0.2412043965870938
independent_vector_shared_mlp,20260822,51,464,139,325,0.2995689655172414,0.8676701715550637,0.6824287589704697,0.13904759441029596,0.06811861925079878,False,,0.18401921835254353,0.24438547421764967
independent_vector_shared_mlp,20260822,52,458,136,322,0.29694323144104806,0.8695195469492145,0.679273213732051,0.1361319928536569,0.04638079606319118,False,,0.18239227106605155,0.2536306935705732
independent_vector_shared_mlp,20260822,53,448,134,314,0.29910714285714285,0.8721361346135564,0.6975469693745519,0.13490170999583245,0.057154160081470555,False,,0.18294377872033654,0.2626056434416679
independent_vector_shared_mlp,20260822,54,438,129,309,0.2945205479452055,0.8654825518677404,0.6708687144425289,0.13830690957807532,0.05616184148028247,False,,0.18204292713340556,0.24025112232610613
independent_vector_shared_mlp,20260822,55,438,128,310,0.2922374429223744,0.8616683467741936,0.6672254152561146,0.13940150126020676,0.06763888652940774,False,,0.18170408741118432,0.23281031678307607
independent_vector_shared_mlp,20260822,56,434,124,310,0.2857142857142857,0.8575962539021852,0.6656985867093856,0.14040535449191618,0.0698208303755359,False,,0.18129512076854765,0.22554256343629797
independent_vector_shared_mlp,20260822,57,432,122,310,0.2824074074074074,0.8553675304071919,0.6433647947812113,0.14161563109148054,0.0686236609369856,False,,0.18096936990339085,0.21746077158205845
independent_vector_shared_mlp,20260822,58,422,120,302,0.2843601895734597,0.852621412803532,0.6366286793720952,0.14414875314420963,0.07059225876431252,False,,0.18197087121015995,0.20784710110152294
independent_vector_shared_mlp,20260822,59,418,116,302,0.27751196172248804,0.8479104818451701,0.6262350825753702,0.1448521048801126,0.06765650329921105,False,,0.17998996456881292,0.1952212156543126
independent_vector_shared_mlp,20260822,60,416,114,302,0.27403846153846156,0.8466655048216568,0.6288465260465879,0.14424762153715473,0.062004508962638635,False,,0.17966380887447,0.19712477186799682
independent_vector_shared_mlp,20260822,61,412,112,300,0.27184466019417475,0.8475595238095238,0.6207487759599607,0.14358471272010656,0.0704476061946006,False,,0.17966152881860323,0.20080434768492883
independent_vector_shared_mlp,20260822,62,410,111,299,0.2707317073170732,0.8478110217240652,0.6275964055166314,0.14438090835856854,0.07351679662077715,False,,0.17966355432289627,0.19638176533520424
independent_vector_shared_mlp,20260822,63,402,105,297,0.26119402985074625,0.8411736411736411,0.592588286418381,0.14287208331525594,0.08534395596416923,False,,0.17725115273902337,0.19395681716319002
independent_vector_shared_mlp,20260822,64,396,103,293,0.2601010101010101,0.846018754763246,0.6179292707577639,0.14020324365334114,0.0766469455114457,False,,0.17617840018535197,0.20419731643698924
independent_vector_shared_mlp,20260822,65,394,100,294,0.25380710659898476,0.8493537414965986,0.6152045214268574,0.13819669178509458,0.06929830478529415,False,,0.17076887607736727,0.19073841229426236
independent_vector_shared_mlp,20260822,66,390,97,293,0.24871794871794872,0.8494774990324057,0.6251704504638887,0.1350276684386814,0.060703359631514374,False,,0.16997613984005217,0.20560810143269137
independent_vector_shared_mlp,20260822,67,386,93,293,0.24093264248704663,0.8454989173914639,0.6037933394232324,0.13497743286813904,0.0703322930771292,False,,0.16559532654077044,0.18489588028979254
independent_vector_shared_mlp,20260822,68,382,91,291,0.23821989528795812,0.8413957176843775,0.5786131657090579,0.13662835595615969,0.060658378530645145,False,,0.16386077193427417,0.16619240625228848
independent_vector_shared_mlp,20260822,69,382,89,293,0.23298429319371727,0.8390919200828316,0.5808838237122738,0.13579155276708746,0.0647242485714772,False,,0.16105299638841253,0.1568517456229246
independent_vector_shared_mlp,20260822,70,376,87,289,0.23138297872340424,0.8503758501372152,0.6126600052583767,0.1326708386865956,0.06658365457978815,False,,0.16114990400984466,0.1767240601118154
independent_vector_shared_mlp,20260822,71,376,84,292,0.22340425531914893,0.8458904109589042,0.58896003816703,0.13041751791747513,0.06393582957958009,False,,0.15451909842178335,0.15597800369323467
independent_vector_shared_mlp,20260822,72,374,82,292,0.2192513368983957,0.8527814901436686,0.5992809960017355,0.1270147794227245,0.06296715990309841,False,,0.15050962393162967,0.1561019414916479
independent_vector_shared_mlp,20260822,73,372,80,292,0.21505376344086022,0.8564640410958904,0.6017189106017264,0.12465373226307246,0.061038494167743595,False,,0.14791043755591995,0.15723505167818141
independent_vector_shared_mlp,20260822,74,368,77,291,0.20923913043478262,0.8494666845182309,0.5779506628890574,0.12399053998745208,0.0601743979566858,False,,0.1433226390279652,0.13488517356103824
independent_vector_shared_mlp,20260822,75,362,76,286,0.20994475138121546,0.8502484357747515,0.600208655396491,0.12257890566063465,0.057360837166898306,False,,0.14232455441956876,0.1387367685039399
independent_vector_shared_mlp,20260822,76,354,75,279,0.211864406779661,0.8473596176821984,0.5890012305478272,0.1253627342807534,0.07772104828535042,False,,0.14336973022134722,0.1255983108344627
independent_vector_shared_mlp,20260822,77,350,73,277,0.20857142857142857,0.8506503140299688,0.60141981017822,0.12569233957783346,0.06900860859559685,False,,0.14102355932010385,0.10871389019100464
independent_vector_shared_mlp,20260822,78,344,70,274,0.20348837209302326,0.852606882168926,0.5942122046574073,0.12130164814081175,0.06852691969157503,False,,0.13642089043079694,0.11082791090309463
independent_vector_shared_mlp,20260822,79,340,68,272,0.2,0.8528871107266436,0.5811185299656013,0.12060036730058256,0.0669471806133008,False,,0.13190260481912222,0.08568623443061185
independent_vector_shared_mlp,20260822,80,334,66,268,0.19760479041916168,0.8546472184531886,0.5658637461869168,0.12168411653896759,0.0611971361869603,False,,0.12950104609334906,0.0603619027814396
independent_vector_shared_mlp,20260822,81,332,62,270,0.18674698795180722,0.8506571087216248,0.5521276018870958,0.11663656920165642,0.06485789662713914,False,,0.12031205049562146,0.03054956904835404
independent_vector_shared_mlp,20260822,82,328,61,267,0.18597560975609756,0.8542395775772088,0.5528523918578475,0.1156371593386162,0.052898638198927456,False,,0.12019244893463557,0.037899964901261685
independent_vector_shared_mlp,20260822,83,322,60,262,0.18633540372670807,0.8569974554707379,0.5712903076261208,0.11419759325002429,0.06952622529195922,False,,0.12045492939399241,0.05194753071085356
independent_vector_shared_mlp,20260822,84,320,60,260,0.1875,0.8516025641025641,0.5550607961028698,0.11686231670182579,0.0545819441738226,False,,0.12099113154837879,0.03412493786705417
independent_vector_shared_mlp,20260822,85,316,60,256,0.189873417721519,0.8536458333333333,0.5575189638955881,0.11761264347181301,0.07485281014488146,False,,0.12199133629793045,0.03589347374164087
independent_vector_shared_mlp,20260822,86,308,59,249,0.19155844155844157,0.8518140358042339,0.5621964207367887,0.11939380526906537,0.054997100569600166,False,,0.12273417175823167,0.02721627107849256
independent_vector_shared_mlp,20260822,87,304,58,246,0.19078947368421054,0.8456686291000841,0.5430481541751232,0.12132945881474773,0.06671975927011879,False,,0.1225610730062125,0.010048983427244806
independent_vector_shared_mlp,20260822,88,292,54,238,0.18493150684931506,0.8583099906629318,0.5686687490968647,0.11425149823832564,0.06594256482909526,False,,0.1205434448291377,0.05219650558129041
independent_vector_shared_mlp,20260822,89,286,54,232,0.1888111888111888,0.8552043422733078,0.5638229446578853,0.11798903682593287,0.06282582025981574,False,,0.12220719411307646,0.034516440032495876
independent_vector_shared_mlp,20260822,90,282,52,230,0.18439716312056736,0.849247491638796,0.5413373712923077,0.1182997053174424,0.06818990789582915,False,,0.12037122186002354,0.017209400308240252
independent_vector_shared_mlp,20260822,91,278,49,229,0.17625899280575538,0.8682826842527404,0.5629859015855376,0.10776173790506098,0.053256746833681264,False,,0.11742630773557632,0.08230327613023714
independent_vector_shared_mlp,20260822,92,270,46,224,0.17037037037037037,0.8685947204968945,0.5355570185795441,0.10573143924249784,0.055930544813018436,False,,0.11295729166666665,0.0639697740407239
independent_vector_shared_mlp,20260822,93,264,43,221,0.16287878787878787,0.8690939703251604,0.5535731156828749,0.09963261011581769,0.04648364380241558,False,,0.11014321368234119,0.09542670142925591
independent_vector_shared_mlp,20260822,94,260,42,218,0.16153846153846155,0.8704674530362604,0.5698293537269462,0.09851814162400276,0.06107043785152669,False,,0.10962181083452127,0.10129069321140816
independent_vector_shared_mlp,20260822,95,252,41,211,0.1626984126984127,0.8758525026008553,0.5678799339479151,0.09803236429056363,0.06171798862958351,False,,0.11019894276177536,0.1104055825427751
independent_vector_shared_mlp,20260822,96,252,41,211,0.1626984126984127,0.8629060224251531,0.5304907977359347,0.1027279988857684,0.05616046640478203,False,,0.11022993105465785,0.0680571247492624
independent_vector_shared_mlp,20260822,97,252,41,211,0.1626984126984127,0.8664894231880708,0.5368682211494086,0.10136048423733346,0.03574147043577897,False,,0.11027565323004204,0.08084439975259972
independent_vector_shared_mlp,20260822,98,250,40,210,0.16,0.8660714285714286,0.5265861761599517,0.10046792791765422,0.050979016432422516,False,,0.10927045196313599,0.0805572218961027
independent_vector_shared_mlp,20260822,99,246,40,206,0.16260162601626016,0.8769417475728155,0.5580132632495436,0.09969272845733512,0.05448371845612712,False,,0.11047613094270885,0.0976084371651812
monotone_conditional_survival_shared_mlp,20260820,1,674,651,23,0.9658753709198813,0.9163160355306218,0.9968986906096723,0.04177080312461718,0.03384228720024615,False,,0.03179571857208507,-0.3137241427620918
monotone_conditional_survival_shared_mlp,20260820,2,670,631,39,0.9417910447761194,0.9254337843878256,0.9952187818568689,0.04826122551160964,0.029155831870756262,False,,0.05143357304355249,0.061678536882059376
monotone_conditional_survival_shared_mlp,20260820,3,664,611,53,0.9201807228915663,0.941883086804805,0.9948190298868943,0.050594087832258106,0.018840257655356886,False,,0.06756963163777621,0.25123037367614676
monotone_conditional_survival_shared_mlp,20260820,4,660,601,59,0.9106060606060606,0.9456273442567472,0.9945659845017901,0.053686972555958605,0.020417713077280325,False,,0.07396341138387637,0.2741414768267154
monotone_conditional_survival_shared_mlp,20260820,5,660,593,67,0.8984848484848484,0.9514233218393697,0.9944617846368767,0.05347640453447427,0.018810017593162854,False,,0.08221218546861095,0.3495318944550885
monotone_conditional_survival_shared_mlp,20260820,6,658,581,77,0.8829787234042553,0.9442519614636654,0.9922181623421313,0.05900143529461042,0.017759624292546794,False,,0.09249116610700348,0.36208572366412406
monotone_conditional_survival_shared_mlp,20260820,7,656,574,82,0.875,0.9378133763916037,0.9899966882135456,0.06176511672216195,0.01960549384902504,False,,0.09771934490594321,0.36793357772084856
monotone_conditional_survival_shared_mlp,20260820,8,650,564,86,0.8676923076923077,0.9182953983176645,0.982441124678539,0.06809225670189718,0.043154212709548195,False,,0.1034447791798012,0.3417526022889612
monotone_conditional_survival_shared_mlp,20260820,9,650,550,100,0.8461538461538461,0.9057272727272727,0.9764132707700397,0.07328218370107874,0.03433436637506829,False,,0.11888577654447553,0.3835916639391791
monotone_conditional_survival_shared_mlp,20260820,10,648,535,113,0.8256172839506173,0.9000413530725333,0.9688857926802021,0.08221315945317764,0.03939110731227765,False,,0.13272718288788818,0.38058536567734325
monotone_conditional_survival_shared_mlp,20260820,11,644,524,120,0.8136645962732919,0.8979961832061069,0.9666853438205179,0.08778825072349397,0.045893963579825,False,,0.14156975501489297,0.3798940266990025
monotone_conditional_survival_shared_mlp,20260820,12,642,516,126,0.8037383177570093,0.8896271686969361,0.9616646426870511,0.09247232952206236,0.04740704593972056,False,,0.148819001092084,0.37862551929881794
monotone_conditional_survival_shared_mlp,20260820,13,636,490,146,0.7704402515723271,0.8885239027117696,0.9545531608984865,0.10638232015277146,0.056352249882443695,False,,0.16762267561403082,0.36534648571218276
monotone_conditional_survival_shared_mlp,20260820,14,630,476,154,0.7555555555555555,0.8784513805522209,0.9485221384975839,0.11201133619521414,0.06713216497091784,False,,0.17516838708306176,0.3605505076546698
monotone_conditional_survival_shared_mlp,20260820,15,628,459,169,0.7308917197452229,0.8864781941705019,0.9441046137665113,0.10934528218200264,0.06697062346158505,False,,0.18418948609162755,0.40634351882817377
monotone_conditional_survival_shared_mlp,20260820,16,624,446,178,0.7147435897435898,0.8821736282561596,0.9352502746197052,0.11334540090660894,0.05382794223919648,False,,0.18916174852867754,0.4008016853924069
monotone_conditional_survival_shared_mlp,20260820,17,622,435,187,0.6993569131832797,0.8791320917081566,0.9301667375704181,0.11734477715154794,0.060493583576042134,False,,0.19316626380514185,0.392519300006131
monotone_conditional_survival_shared_mlp,20260820,18,618,417,201,0.6747572815533981,0.88435520240524,0.9306402959017392,0.1201128460314993,0.0629048176303351,False,,0.19511600265432533,0.38440289675114125
monotone_conditional_survival_shared_mlp,20260820,19,618,408,210,0.6601941747572816,0.8897875816993464,0.9279649014621929,0.11361238623097854,0.042818251692434424,False,,0.1973615027386028,0.4243437314041256
monotone_conditional_survival_shared_mlp,20260820,20,612,396,216,0.6470588235294118,0.8899878413767303,0.9231216328562152,0.11447433684633254,0.0490577582278312,False,,0.19973326552219994,0.42686394003001493
monotone_conditional_survival_shared_mlp,20260820,21,612,392,220,0.6405228758169934,0.8869782003710576,0.9178166710877885,0.1175424155518216,0.0531784730052864,False,,0.20285209695560347,0.42055114383388836
monotone_conditional_survival_shared_mlp,20260820,22,612,383,229,0.6258169934640523,0.8729633894672033,0.9016788839888468,0.1301315203818797,0.06294241559684592,False,,0.20385935715860218,0.36166030249650194
monotone_conditional_survival_shared_mlp,20260820,23,610,364,246,0.5967213114754099,0.8741065844724382,0.8949554124596916,0.13564518078179622,0.06638527450321657,False,,0.20740007699302235,0.34597333449225387
monotone_conditional_survival_shared_mlp,20260820,24,606,350,256,0.5775577557755776,0.8762165178571428,0.8908388871912802,0.13879794853253652,0.07672683353961039,False,,0.2078626614666031,0.33226127504945413
monotone_conditional_survival_shared_mlp,20260820,25,600,341,259,0.5683333333333334,0.8701751604977411,0.8745988448532531,0.14444298348734844,0.0796426514955655,False,,0.21052205428393125,0.3138819399294951
monotone_conditional_survival_shared_mlp,20260820,26,592,326,266,0.5506756756756757,0.8723995571751465,0.8682336139905978,0.14126775211603518,0.07024693406238323,False,,0.21242368502578124,0.3349717471529132
monotone_conditional_survival_shared_mlp,20260820,27,588,318,270,0.5408163265306123,0.8679478220358724,0.8599455281903505,0.1460662835915495,0.06698286329936036,False,,0.21420481301986444,0.3180998991931898
monotone_conditional_survival_shared_mlp,20260820,28,582,305,277,0.5240549828178694,0.8603539089779251,0.8450708307786566,0.1546513263899158,0.08102039522803771,False,,0.21390880519031513,0.2770221578661889
monotone_conditional_survival_shared_mlp,20260820,29,578,298,280,0.5155709342560554,0.8620805369127517,0.8424989639228679,0.15543321645945166,0.08402509332602716,False,,0.21149132516581798,0.2650610310489777
monotone_conditional_survival_shared_mlp,20260820,30,578,288,290,0.4982698961937716,0.8568127394636015,0.8183754508977369,0.15758916834690095,0.0834010210422663,False,,0.21350275626001258,0.2618869605833928
monotone_conditional_survival_shared_mlp,20260820,31,576,277,299,0.4809027777777778,0.8541950907356652,0.7975356996955246,0.15974847875480933,0.08936109864955272,False,,0.2107840532885545,0.24212255973595698
monotone_conditional_survival_shared_mlp,20260820,32,574,275,299,0.47909407665505227,0.8515171784737002,0.7924316710878087,0.16139473368914603,0.0884244379934768,False,,0.21165164669065356,0.23745108430440032
monotone_conditional_survival_shared_mlp,20260820,33,568,261,307,0.4595070422535211,0.8440101339124141,0.7678599383727127,0.167688088149481,0.09813040866770803,False,,0.21013112819491803,0.20198359191250703
monotone_conditional_survival_shared_mlp,20260820,34,568,252,316,0.44366197183098594,0.8409684548925055,0.7563233602688596,0.17262340016742975,0.11347500525521385,False,,0.20995071780074956,0.17779085503648873
monotone_conditional_survival_shared_mlp,20260820,35,566,246,320,0.43462897526501765,0.8423399390243902,0.7526719774651782,0.1675768236519342,0.0965824846634243,False,,0.2085135699921319,0.19632653328866034
monotone_conditional_survival_shared_mlp,20260820,36,562,238,324,0.4234875444839858,0.8485838779956427,0.751932196608755,0.1639960265128444,0.09557037133335347,False,,0.2066415258907867,0.20637429574770516
monotone_conditional_survival_shared_mlp,20260820,37,560,228,332,0.40714285714285714,0.8544573028957937,0.7495331024968315,0.16302228699852464,0.10827550917639688,False,,0.19907123041794256,0.18108565132055754
monotone_conditional_survival_shared_mlp,20260820,38,554,221,333,0.3989169675090253,0.8510184392537333,0.7445386572393958,0.1657976466601341,0.10751971028139132,False,,0.20080703722303886,0.17434344456772888
monotone_conditional_survival_shared_mlp,20260820,39,548,214,334,0.3905109489051095,0.8516984722144496,0.7412333468906052,0.16652269830350902,0.10906786779023159,False,,0.19750337217816685,0.15686149321395038
monotone_conditional_survival_shared_mlp,20260820,40,540,210,330,0.3888888888888889,0.8543722943722943,0.7427315487687854,0.16394104650809957,0.10549105066442419,False,,0.19689672427839014,0.1673754496986699
monotone_conditional_survival_shared_mlp,20260820,41,534,205,329,0.3838951310861423,0.869286084958114,0.7584615671698043,0.14704101191058377,0.07547645008844614,False,,0.19369202978174915,0.24085151012011918
monotone_conditional_survival_shared_mlp,20260820,42,528,199,329,0.3768939393939394,0.8659711933527822,0.7468449099508017,0.14870298500893894,0.07932094756396163,False,,0.19240607768065612,0.2271398762374487
monotone_conditional_survival_shared_mlp,20260820,43,518,196,322,0.3783783783783784,0.866000126758778,0.7471721596782062,0.14794269626870016,0.07859558177253925,False,,0.1910213820470231,0.22551761125735337
monotone_conditional_survival_shared_mlp,20260820,44,512,184,328,0.359375,0.8603360286320254,0.7201928092953996,0.1503857512154999,0.0767829336827006,False,,0.18685116353407522,0.19515753409758818
monotone_conditional_survival_shared_mlp,20260820,45,504,181,323,0.35912698412698413,0.8649231137642611,0.7320788739111735,0.14691470201085502,0.07060631828615993,False,,0.1875446028978989,0.21664126964593688
monotone_conditional_survival_shared_mlp,20260820,46,496,175,321,0.3528225806451613,0.8627147307521139,0.7269352274535217,0.14906235918739152,0.07047064893823392,False,,0.1890783761663725,0.21163719400557135
monotone_conditional_survival_shared_mlp,20260820,47,490,166,324,0.33877551020408164,0.8613156329019783,0.714035229977868,0.1512314150208206,0.07731118720970148,False,,0.18653009993253505,0.18923854608173918
monotone_conditional_survival_shared_mlp,20260820,48,488,160,328,0.32786885245901637,0.8613757621951219,0.7052556902502551,0.1511898378346017,0.08168631774491124,False,,0.1842327877771015,0.17935433937241196
monotone_conditional_survival_shared_mlp,20260820,49,484,153,331,0.31611570247933884,0.8551231167189938,0.6954938936417231,0.15271172167882782,0.0859440153977861,False,,0.18205797605029028,0.16119180828065494
monotone_conditional_survival_shared_mlp,20260820,50,476,145,331,0.30462184873949577,0.8559849984373372,0.6889314561619685,0.1508818421734834,0.09052335538842023,False,,0.18311680557092885,0.17603498104361304
monotone_conditional_survival_shared_mlp,20260820,51,464,139,325,0.2995689655172414,0.8566021029330382,0.686653262560369,0.15017426116725022,0.08918438931001722,False,,0.18401921835254353,0.1839207746250353
monotone_conditional_survival_shared_mlp,20260820,52,458,136,322,0.29694323144104806,0.8461591158202412,0.6590790666139696,0.15578100684029433,0.0850401565735243,False,,0.18239227106605155,0.1459012713105602
monotone_conditional_survival_shared_mlp,20260820,53,448,134,314,0.29910714285714285,0.8427369521817664,0.648822927753028,0.15711117367360566,0.08516272737866377,False,,0.18294377872033654,0.14120515727523486
monotone_conditional_survival_shared_mlp,20260820,54,438,129,309,0.2945205479452055,0.8412232507965179,0.6416802932467748,0.15804741910681683,0.08966366857282228,False,,0.18204292713340556,0.13181236098782478
monotone_conditional_survival_shared_mlp,20260820,55,438,128,310,0.2922374429223744,0.8434979838709677,0.6417474673682956,0.15595794103666707,0.0869095927667705,False,,0.18170408741118432,0.14169271996757793
monotone_conditional_survival_shared_mlp,20260820,56,434,124,310,0.2857142857142857,0.8403485952133195,0.6347418840578695,0.15770123328458474,0.08901210623190726,False,,0.18129512076854765,0.13014077479826003
monotone_conditional_survival_shared_mlp,20260820,57,432,122,310,0.2824074074074074,0.8358540454785828,0.6174294103970419,0.16042513579113368,0.0954215097665343,False,,0.18096936990339085,0.11352326707676863
monotone_conditional_survival_shared_mlp,20260820,58,422,120,302,0.2843601895734597,0.8365618101545254,0.6202715038065337,0.15981030192129844,0.09580529480489824,False,,0.18197087121015995,0.12178086053821247
monotone_conditional_survival_shared_mlp,20260820,59,418,116,302,0.27751196172248804,0.845712491436401,0.629578218546813,0.14909225935316797,0.07532058998630349,False,,0.17998996456881292,0.17166348851539592
monotone_conditional_survival_shared_mlp,20260820,60,416,114,302,0.27403846153846156,0.84794353433252,0.6302052951304118,0.1473569233363614,0.07282149649298922,False,,0.17966380887447,0.17981854965949884
monotone_conditional_survival_shared_mlp,20260820,61,412,112,300,0.27184466019417475,0.85,0.6317391737240668,0.1457041636925732,0.07010875043245997,False,,0.17966152881860323,0.1890074372032945
monotone_conditional_survival_shared_mlp,20260820,62,410,111,299,0.2707317073170732,0.850161197987285,0.6329030444907326,0.14476892064645971,0.07120347153313421,False,,0.17966355432289627,0.19422210479996938
monotone_conditional_survival_shared_mlp,20260820,63,402,105,297,0.26119402985074625,0.850376783710117,0.6184493127677217,0.14311849287172995,0.07126415061000181,False,,0.17725115273902337,0.19256664534954426
monotone_conditional_survival_shared_mlp,20260820,64,396,103,293,0.2601010101010101,0.8530766426985652,0.6221761137950086,0.14139859513685651,0.06969613229932708,False,,0.17617840018535197,0.1974124240650651
monotone_conditional_survival_shared_mlp,20260820,65,394,100,294,0.25380710659898476,0.8532993197278912,0.6178248826067009,0.14014268387774598,0.07087376889745141,False,,0.17076887607736727,0.17934293943438506
monotone_conditional_survival_shared_mlp,20260820,66,390,97,293,0.24871794871794872,0.8493367580310334,0.6081707475457303,0.14179070503379565,0.07952618850307783,False,,0.16997613984005217,0.16581994880445605
monotone_conditional_survival_shared_mlp,20260820,67,386,93,293,0.24093264248704663,0.8488017908914088,0.6049384045793231,0.1398032587060859,0.08207156337980337,False,,0.16559532654077044,0.15575359748050865
monotone_conditional_survival_shared_mlp,20260820,68,382,91,291,0.23821989528795812,0.850043427363015,0.602672927395851,0.1379616103076566,0.0864089620109291,False,,0.16386077193427417,0.15805589904706374
monotone_conditional_survival_shared_mlp,20260820,69,382,89,293,0.23298429319371727,0.8492541319937109,0.5983834642247213,0.1365915470995911,0.08414550937696016,False,,0.16105299638841253,0.15188447180347764
monotone_conditional_survival_shared_mlp,20260820,70,376,87,289,0.23138297872340424,0.8497394901165334,0.598785440123756,0.13597677989319534,0.0875378336156209,False,,0.16114990400984466,0.15620936463673907
monotone_conditional_survival_shared_mlp,20260820,71,376,84,292,0.22340425531914893,0.8524951076320939,0.5959175566533487,0.1318388458437448,0.08236654776368427,False,,0.15451909842178335,0.14677960724394956
monotone_conditional_survival_shared_mlp,20260820,72,374,82,292,0.2192513368983957,0.854786167724691,0.5914720681423606,0.12881211447000027,0.07962726100446121,False,,0.15050962393162967,0.14416027955451993
monotone_conditional_survival_shared_mlp,20260820,73,372,80,292,0.21505376344086022,0.8551369863013699,0.5893893629977318,0.12850692643005654,0.08381965397132994,False,,0.14791043755591995,0.13118419123415548
monotone_conditional_survival_shared_mlp,20260820,74,368,77,291,0.20923913043478262,0.8484848484848485,0.5647546007463281,0.1308561491191687,0.08890848419245413,False,,0.1433226390279652,0.0869820008433142
monotone_conditional_survival_shared_mlp,20260820,75,362,76,286,0.20994475138121546,0.854205005520795,0.5774899366636009,0.126010547842121,0.07661317891418563,False,,0.14232455441956876,0.11462538311804238
monotone_conditional_survival_shared_mlp,20260820,76,354,75,279,0.211864406779661,0.8540023894862605,0.5702115334172485,0.12874774579372728,0.0773699378393894,False,,0.14336973022134722,0.10198794686329671
monotone_conditional_survival_shared_mlp,20260820,77,350,73,277,0.20857142857142857,0.8516393847979823,0.5644103494345903,0.12976796182553796,0.09139320225463117,False,,0.14102355932010385,0.07981359674107535
monotone_conditional_survival_shared_mlp,20260820,78,344,70,274,0.20348837209302326,0.85422314911366,0.5661784945278279,0.1259986426238714,0.0886811719996404,False,,0.13642089043079694,0.07639774065404237
monotone_conditional_survival_shared_mlp,20260820,79,340,68,272,0.2,0.8565635813148789,0.5663097272598587,0.12293222748008938,0.08090834915638045,False,,0.13190260481912222,0.06800758295360354
monotone_conditional_survival_shared_mlp,20260820,80,334,66,268,0.19760479041916168,0.852894617819991,0.5492518821090857,0.12386202524519659,0.08366267696327247,False,,0.12950104609334906,0.04354421078643378
monotone_conditional_survival_shared_mlp,20260820,81,332,62,270,0.18674698795180722,0.8682795698924731,0.5739816130362345,0.1148814800055723,0.08691538293561701,False,,0.12031205049562146,0.04513737790751726
monotone_conditional_survival_shared_mlp,20260820,82,328,61,267,0.18597560975609756,0.8682998710628108,0.5748252884348717,0.11405491345096555,0.08542837644941398,False,,0.12019244893463557,0.05106423521670489
monotone_conditional_survival_shared_mlp,20260820,83,322,60,262,0.18633540372670807,0.871119592875318,0.5842149501898858,0.11218650453622499,0.08817046554227899,False,,0.12045492939399241,0.06864330832590904
monotone_conditional_survival_shared_mlp,20260820,84,320,60,260,0.1875,0.8707692307692307,0.5846958043029568,0.11287184739852751,0.08887413578599038,False,,0.12099113154837879,0.06710644033116386
monotone_conditional_survival_shared_mlp,20260820,85,316,60,256,0.189873417721519,0.8694010416666667,0.5850341028050849,0.11428774495175395,0.09005760027106263,False,,0.12199133629793045,0.063148675799096
monotone_conditional_survival_shared_mlp,20260820,86,308,59,249,0.19155844155844157,0.8703287727179906,0.5886623420557234,0.11483663896307542,0.08628398806876236,False,,0.12273417175823167,0.06434665001620932
monotone_conditional_survival_shared_mlp,20260820,87,304,58,246,0.19078947368421054,0.8754555649004766,0.5975833475885185,0.11284408901263561,0.0846586219721536,False,,0.1225610730062125,0.07928279147070083
monotone_conditional_survival_shared_mlp,20260820,88,292,54,238,0.18493150684931506,0.8687363834422658,0.5708974004292151,0.11514907437348383,0.08066683123388121,False,,0.1205434448291377,0.04475042556897246
monotone_conditional_survival_shared_mlp,20260820,89,286,54,232,0.1888111888111888,0.871088761174968,0.5765662259086703,0.11652861107565081,0.08271859268043923,False,,0.12220719411307646,0.04646684737865214
monotone_conditional_survival_shared_mlp,20260820,90,282,52,230,0.18439716312056736,0.8702341137123746,0.5754267549516494,0.11524593359332248,0.08369282218406233,False,,0.12037122186002354,0.042579016707673834
monotone_conditional_survival_shared_mlp,20260820,91,278,49,229,0.17625899280575538,0.8802245789145352,0.5723401726762185,0.1063972979642866,0.07783662705568138,False,,0.11742630773557632,0.09392281835281013
monotone_conditional_survival_shared_mlp,20260820,92,270,46,224,0.17037037037037037,0.8776203416149069,0.5590101995160268,0.10464980304868059,0.07486434486582173,False,,0.11295729166666665,0.07354539486039735
monotone_conditional_survival_shared_mlp,20260820,93,264,43,221,0.16287878787878787,0.8865621382721246,0.5758031958205476,0.0965490286250594,0.06576221520552161,False,,0.11014321368234119,0.1234228111092539
monotone_conditional_survival_shared_mlp,20260820,94,260,42,218,0.16153846153846155,0.8834643949322848,0.5687911648036978,0.09728849136638086,0.065072513086774,False,,0.10962181083452127,0.11250789760039703
monotone_conditional_survival_shared_mlp,20260820,95,252,41,211,0.1626984126984127,0.8807074326667438,0.5596548523744713,0.09947482108477958,0.06627779490491573,False,,0.11019894276177536,0.09731601237027154
monotone_conditional_survival_shared_mlp,20260820,96,252,41,211,0.1626984126984127,0.8807074326667438,0.5596548523744713,0.09945267282259838,0.0662682539103012,False,,0.11022993105465785,0.09777070645826247
monotone_conditional_survival_shared_mlp,20260820,97,252,41,211,0.1626984126984127,0.8773552190498208,0.5448256505638347,0.10069011430304804,0.060708662786888634,False,,0.11027565323004204,0.08692343818628723
monotone_conditional_survival_shared_mlp,20260820,98,250,40,210,0.16,0.8763095238095238,0.5404015348563002,0.1001507676529775,0.059227910586597265,False,,0.10927045196313599,0.08345974731792227
monotone_conditional_survival_shared_mlp,20260820,99,246,40,206,0.16260162601626016,0.8781553398058253,0.5464864558031538,0.10073774720166824,0.06254334979969076,False,,0.11047613094270885,0.08814921067511661
monotone_conditional_survival_shared_mlp,20260821,1,674,651,23,0.9658753709198813,0.8954117411340413,0.9949047975967302,0.03387754527121518,0.024672094231474304,False,,0.03179571857208507,-0.06547506370740885
monotone_conditional_survival_shared_mlp,20260821,2,670,631,39,0.9417910447761194,0.9312446665853956,0.9955909755095272,0.04650818104746454,0.03617644411455581,False,,0.05143357304355249,0.09576219781420336
monotone_conditional_survival_shared_mlp,20260821,3,664,611,53,0.9201807228915663,0.9272457771052712,0.9933940426391928,0.05430961627394273,0.022469324414818196,False,,0.06756963163777621,0.1962422325300971
monotone_conditional_survival_shared_mlp,20260821,4,660,601,59,0.9106060606060606,0.93550297526721,0.9934119839991682,0.055208097255850574,0.02250289897183078,False,,0.07396341138387637,0.25357556901593037
monotone_conditional_survival_shared_mlp,20260821,5,660,593,67,0.8984848484848484,0.9494852885656037,0.9941277809003549,0.05216561173647919,0.024312365922620833,False,,0.08221218546861095,0.36547591528999923
monotone_conditional_survival_shared_mlp,20260821,6,658,581,77,0.8829787234042553,0.9262132016004649,0.9881169617348796,0.05940625260196943,0.030426290844889646,False,,0.09249116610700348,0.357708902348122
monotone_conditional_survival_shared_mlp,20260821,7,656,574,82,0.875,0.9235361604487125,0.984371701752064,0.06071998421517786,0.04127498894400376,False,,0.09771934490594321,0.37862882448074087
monotone_conditional_survival_shared_mlp,20260821,8,650,564,86,0.8676923076923077,0.9119660234207488,0.9806496536728275,0.06384337360171609,0.041650046496340895,False,,0.1034447791798012,0.3828265272745418
monotone_conditional_survival_shared_mlp,20260821,9,650,550,100,0.8461538461538461,0.9095090909090909,0.9748332516490229,0.06818465594718602,0.029669892140518673,False,,0.11888577654447553,0.42646918808089773
monotone_conditional_survival_shared_mlp,20260821,10,648,535,113,0.8256172839506173,0.9019766768670913,0.9692046295593298,0.08400684352625111,0.033988931051444175,False,,0.13272718288788818,0.36707129844524844
monotone_conditional_survival_shared_mlp,20260821,11,644,524,120,0.8136645962732919,0.899220737913486,0.9671710480248114,0.08777510981196274,0.030151192844004897,False,,0.14156975501489297,0.37998684957299744
monotone_conditional_survival_shared_mlp,20260821,12,642,516,126,0.8037383177570093,0.8828596037898363,0.9592264784866178,0.09571628060548329,0.03618520900970057,False,,0.148819001092084,0.35682755627248575
monotone_conditional_survival_shared_mlp,20260821,13,636,490,146,0.7704402515723271,0.8685350852669835,0.9406134592634121,0.11117242861620033,0.050822780365757145,False,,0.16762267561403082,0.3367697526068205
monotone_conditional_survival_shared_mlp,20260821,14,630,476,154,0.7555555555555555,0.8678107606679035,0.9363042709273592,0.11624667160670511,0.05036524398101999,False,,0.17516838708306176,0.3363718560040003
monotone_conditional_survival_shared_mlp,20260821,15,628,459,169,0.7308917197452229,0.8805352515759756,0.9346913231646164,0.11521298782595034,0.05317462176637159,False,,0.18418948609162755,0.37448662097555296
monotone_conditional_survival_shared_mlp,20260821,16,624,446,178,0.7147435897435898,0.88509598427974,0.9319864319296225,0.11719654136830436,0.06117553354261799,False,,0.18916174852867754,0.3804427043000346
monotone_conditional_survival_shared_mlp,20260821,17,622,435,187,0.6993569131832797,0.8820579015305182,0.9195301396929292,0.11745618370040149,0.0554727399160428,False,,0.19316626380514185,0.3919425608454774
monotone_conditional_survival_shared_mlp,20260821,18,618,417,201,0.6747572815533981,0.8913466241931828,0.918415784475716,0.1193787849675424,0.05739139205472199,False,,0.19511600265432533,0.38816507439916026
monotone_conditional_survival_shared_mlp,20260821,19,618,408,210,0.6601941747572816,0.8951097105508871,0.9208719423440787,0.11381708775454685,0.0416712663574883,False,,0.1973615027386028,0.42330654066161577
monotone_conditional_survival_shared_mlp,20260821,20,612,396,216,0.6470588235294118,0.8951201833146277,0.9177723395548518,0.11695660316211945,0.0450290958066512,False,,0.19973326552219994,0.41443603369554904
monotone_conditional_survival_shared_mlp,20260821,21,612,392,220,0.6405228758169934,0.8868622448979592,0.9098168287892747,0.12146075105727185,0.045551504499231704,False,,0.20285209695560347,0.40123492495197155
monotone_conditional_survival_shared_mlp,20260821,22,612,383,229,0.6258169934640523,0.8774670208763269,0.898111112527583,0.12923303985831297,0.049528414973636116,False,,0.20385935715860218,0.36606765733215807
monotone_conditional_survival_shared_mlp,20260821,23,610,364,246,0.5967213114754099,0.8825158581256142,0.8925477481619277,0.13088328629054113,0.050879287776642614,False,,0.20740007699302235,0.3689332801214703
monotone_conditional_survival_shared_mlp,20260821,24,606,350,256,0.5775577557755776,0.8809486607142857,0.8839833944734063,0.13447793569248254,0.05745541669333677,False,,0.2078626614666031,0.3530442901882652
monotone_conditional_survival_shared_mlp,20260821,25,600,341,259,0.5683333333333334,0.8781575878350072,0.879739241298201,0.13674459889381996,0.05402152251717182,False,,0.21052205428393125,0.350450006965102
monotone_conditional_survival_shared_mlp,20260821,26,592,326,266,0.5506756756756757,0.880679459384658,0.8754766940980302,0.13761337758957862,0.06101507427350127,False,,0.21242368502578124,0.35217498193350294
monotone_conditional_survival_shared_mlp,20260821,27,588,318,270,0.5408163265306123,0.8726764500349407,0.8629462587218593,0.14462674339056983,0.06863575459195084,False,,0.21420481301986444,0.3248202906759253
monotone_conditional_survival_shared_mlp,20260821,28,582,305,277,0.5240549828178694,0.8601290169852637,0.8471764193219108,0.15443379955577155,0.07864088359355609,False,,0.21390880519031513,0.27803907175129394
monotone_conditional_survival_shared_mlp,20260821,29,578,298,280,0.5155709342560554,0.8609659635666347,0.8453955123917889,0.15496549459545267,0.07771834057484082,False,,0.21149132516581798,0.2672725726506594
monotone_conditional_survival_shared_mlp,20260821,30,578,288,290,0.4982698961937716,0.8595545977011494,0.8372861533203858,0.15754363329331614,0.07618615089224799,False,,0.21350275626001258,0.26210023676952954
monotone_conditional_survival_shared_mlp,20260821,31,576,277,299,0.4809027777777778,0.8602441350832498,0.8136690249727798,0.15752731724882058,0.07930499987921577,False,,0.2107840532885545,0.25266017617958847
monotone_conditional_survival_shared_mlp,20260821,32,574,275,299,0.47909407665505227,0.859872301611432,0.8137637770933318,0.1575449611964162,0.07749071999761069,False,,0.21165164669065356,0.2556402765593351
monotone_conditional_survival_shared_mlp,20260821,33,568,261,307,0.4595070422535211,0.8489772486178192,0.7807025450851035,0.16455872036541233,0.08746010660014053,False,,0.21013112819491803,0.2168760441205676
monotone_conditional_survival_shared_mlp,20260821,34,568,252,316,0.44366197183098594,0.8483273056057866,0.7698217715334918,0.16692529968006425,0.09816219390732597,False,,0.20995071780074956,0.20493103606112895
monotone_conditional_survival_shared_mlp,20260821,35,566,246,320,0.43462897526501765,0.8480818089430894,0.7697346086472935,0.1633034787467951,0.08158835048731046,False,,0.2085135699921319,0.2168208584556044
monotone_conditional_survival_shared_mlp,20260821,36,562,238,324,0.4234875444839858,0.8516313932980599,0.7652258618316077,0.1622929748067669,0.0829591450742042,False,,0.2066415258907867,0.2146158710977516
monotone_conditional_survival_shared_mlp,20260821,37,560,228,332,0.40714285714285714,0.864788099767491,0.7748464379090927,0.15511307262738352,0.08090849951396464,False,,0.19907123041794256,0.22081622592210104
monotone_conditional_survival_shared_mlp,20260821,38,554,221,333,0.3989169675090253,0.8607883902001549,0.7591812605166831,0.15709183231140467,0.08267065690054999,False,,0.20080703722303886,0.21769757432892745
monotone_conditional_survival_shared_mlp,20260821,39,548,214,334,0.3905109489051095,0.8627791146678605,0.7575786640838,0.15343057681116612,0.07957931299835969,False,,0.19750337217816685,0.2231495841359249
monotone_conditional_survival_shared_mlp,20260821,40,540,210,330,0.3888888888888889,0.8631024531024531,0.7615956043264952,0.15306608377637682,0.07489260846292614,False,,0.19689672427839014,0.22260726105347317
monotone_conditional_survival_shared_mlp,20260821,41,534,205,329,0.3838951310861423,0.8684557787827119,0.7632729950719213,0.1485389141578742,0.06514711052941054,False,,0.19369202978174915,0.2331180878983672
monotone_conditional_survival_shared_mlp,20260821,42,528,199,329,0.3768939393939394,0.8709046753524461,0.7624987672322411,0.14640982950433454,0.06461312317738291,False,,0.19240607768065612,0.23905818740644647
monotone_conditional_survival_shared_mlp,20260821,43,518,196,322,0.3783783783783784,0.8716567372290531,0.7625455400759767,0.14487561992650627,0.06119616127397841,False,,0.1910213820470231,0.24157380512071303
monotone_conditional_survival_shared_mlp,20260821,44,512,184,328,0.359375,0.857237539766702,0.7279472318062593,0.1534794277346303,0.07538285738065807,False,,0.18685116353407522,0.17860063147725092
monotone_conditional_survival_shared_mlp,20260821,45,504,181,323,0.35912698412698413,0.8583377520825137,0.7305411684287614,0.15065151930231793,0.06548881525026846,False,,0.1875446028978989,0.196716317214769
monotone_conditional_survival_shared_mlp,20260821,46,496,175,321,0.3528225806451613,0.8563595905651981,0.7233453378143662,0.15198746715237962,0.07753058827156424,False,,0.1890783761663725,0.19616684766404013
monotone_conditional_survival_shared_mlp,20260821,47,490,166,324,0.33877551020408164,0.8608136248698498,0.7158188316685855,0.14946952902469846,0.08148416471174401,False,,0.18653009993253505,0.19868413152215547
monotone_conditional_survival_shared_mlp,20260821,48,488,160,328,0.32786885245901637,0.8557736280487804,0.6988007388299688,0.15307825185899845,0.093305786526126,False,,0.1842327877771015,0.16910418766390334
monotone_conditional_survival_shared_mlp,20260821,49,484,153,331,0.31611570247933884,0.8573149300001974,0.6932849254042015,0.15312119852857092,0.09503677439421633,False,,0.18205797605029028,0.15894265194800417
monotone_conditional_survival_shared_mlp,20260821,50,476,145,331,0.30462184873949577,0.8567350765704761,0.679562900736694,0.15003307471895994,0.08692413919998639,False,,0.18311680557092885,0.18067009605600726
monotone_conditional_survival_shared_mlp,20260821,51,464,139,325,0.2995689655172414,0.8611178749308246,0.6800456795670392,0.14639307111484842,0.08449115555403659,False,,0.18401921835254353,0.20446857439428434
monotone_conditional_survival_shared_mlp,20260821,52,458,136,322,0.29694323144104806,0.8604082937522836,0.680212699737603,0.1467915284207982,0.08570377902873615,False,,0.18239227106605155,0.19518778091403277
monotone_conditional_survival_shared_mlp,20260821,53,448,134,314,0.29910714285714285,0.8592546820039928,0.6811642271103537,0.1477791165579663,0.09004714161073156,False,,0.18294377872033654,0.1922156763588334
monotone_conditional_survival_shared_mlp,20260821,54,438,129,309,0.2945205479452055,0.8595368906951657,0.6813664442458351,0.14546361206056696,0.08029380264371161,False,,0.18204292713340556,0.20093785377353535
monotone_conditional_survival_shared_mlp,20260821,55,438,128,310,0.2922374429223744,0.8609122983870968,0.6852646133129654,0.14451895652764213,0.07799755926242141,False,,0.18170408741118432,0.2046466395628993
monotone_conditional_survival_shared_mlp,20260821,56,434,124,310,0.2857142857142857,0.8541103017689906,0.6678680712717876,0.1481207302844025,0.07927342758987661,False,,0.18129512076854765,0.18298556708813796
monotone_conditional_survival_shared_mlp,20260821,57,432,122,310,0.2824074074074074,0.8510312004230566,0.6586559640460729,0.14918813827608832,0.08057453671796842,False,,0.18096936990339085,0.1756166341534411
monotone_conditional_survival_shared_mlp,20260821,58,422,120,302,0.2843601895734597,0.8496412803532009,0.6510437190436875,0.14779293047911704,0.07640666812490754,False,,0.18197087121015995,0.18782094355953527
monotone_conditional_survival_shared_mlp,20260821,59,418,116,302,0.27751196172248804,0.8485384791048185,0.6460704092333324,0.1477225954966914,0.08435532531613829,False,,0.17998996456881292,0.17927315641970254
monotone_conditional_survival_shared_mlp,20260821,60,416,114,302,0.27403846153846156,0.8475659347043104,0.6436355707604346,0.14843436848848002,0.08799189952126084,False,,0.17966380887447,0.17382154247776083
monotone_conditional_survival_shared_mlp,20260821,61,412,112,300,0.27184466019417475,0.8497321428571428,0.6480986792216513,0.14449837465732113,0.0752820154443472,False,,0.17966152881860323,0.19571888535349646
monotone_conditional_survival_shared_mlp,20260821,62,410,111,299,0.2707317073170732,0.848534152881979,0.6454653588778951,0.14505742846241196,0.07634653251911143,False,,0.17966355432289627,0.19261628208851544
monotone_conditional_survival_shared_mlp,20260821,63,402,105,297,0.26119402985074625,0.8489017155683822,0.6416316296567315,0.14275786145086963,0.07173310836456837,False,,0.17725115273902337,0.19460122405488722
monotone_conditional_survival_shared_mlp,20260821,64,396,103,293,0.2601010101010101,0.8550316445210245,0.6445873742934359,0.1383416559837817,0.06580935132700792,False,,0.17617840018535197,0.2147638085132081
monotone_conditional_survival_shared_mlp,20260821,65,394,100,294,0.25380710659898476,0.8556462585034014,0.6406200098766629,0.1361813336608976,0.05943369597125672,False,,0.17076887607736727,0.2025400834798473
monotone_conditional_survival_shared_mlp,20260821,66,390,97,293,0.24871794871794872,0.8544738045811195,0.6288219584503576,0.1343510941127438,0.061529131403232525,False,,0.16997613984005217,0.20958850907445947
monotone_conditional_survival_shared_mlp,20260821,67,386,93,293,0.24093264248704663,0.8496825571580608,0.6044430912450415,0.1361771830945381,0.07152064897993304,False,,0.16559532654077044,0.177650807306989
monotone_conditional_survival_shared_mlp,20260821,68,382,91,291,0.23821989528795812,0.8527623579169971,0.6119651084004825,0.1335074765177541,0.06661606396804962,False,,0.16386077193427417,0.18523832799161355
monotone_conditional_survival_shared_mlp,20260821,69,382,89,293,0.23298429319371727,0.8523603175211872,0.6080438999645318,0.13281647753082443,0.066503958471252,False,,0.16105299638841253,0.17532439315497061
monotone_conditional_survival_shared_mlp,20260821,70,376,87,289,0.23138297872340424,0.8546712802768166,0.6089211352004543,0.13113258923792706,0.064473661822184,False,,0.16114990400984466,0.18626951692185834
monotone_conditional_survival_shared_mlp,20260821,71,376,84,292,0.22340425531914893,0.8518020221787345,0.6017456502857409,0.12895115439600516,0.05869208951070503,False,,0.15451909842178335,0.16546785663987373
monotone_conditional_survival_shared_mlp,20260821,72,374,82,292,0.2192513368983957,0.8536167724690945,0.60232238082425,0.12719077446237786,0.055113235447455444,False,,0.15050962393162967,0.15493261400908553
monotone_conditional_survival_shared_mlp,20260821,73,372,80,292,0.21505376344086022,0.8518407534246575,0.598117593404854,0.12695285047030563,0.06386601577441764,False,,0.14791043755591995,0.14169106272632692
monotone_conditional_survival_shared_mlp,20260821,74,368,77,291,0.20923913043478262,0.8437988128709778,0.5693987231875939,0.12938468237513157,0.0626902669930594,False,,0.1433226390279652,0.09724881391636975
monotone_conditional_survival_shared_mlp,20260821,75,362,76,286,0.20994475138121546,0.8506164887743836,0.5829461712334311,0.12644428333561836,0.056192851650900315,False,,0.14232455441956876,0.11157787318367995
monotone_conditional_survival_shared_mlp,20260821,76,354,75,279,0.211864406779661,0.8523297491039427,0.5880344375196489,0.12500063716900325,0.06189383862453187,False,,0.14336973022134722,0.12812392841908882
monotone_conditional_survival_shared_mlp,20260821,77,350,73,277,0.20857142857142857,0.8690470303150191,0.6339753389920686,0.11464134452301233,0.048884782060811545,False,,0.14102355932010385,0.18707664821597336
monotone_conditional_survival_shared_mlp,20260821,78,344,70,274,0.20348837209302326,0.8704379562043796,0.6395856753865901,0.11255152539702523,0.047758092310836185,False,,0.13642089043079694,0.17496854740059087
monotone_conditional_survival_shared_mlp,20260821,79,340,68,272,0.2,0.8795415224913494,0.6512715902642694,0.10758917281599985,0.0398363675924494,False,,0.13190260481912222,0.18432867217795534
monotone_conditional_survival_shared_mlp,20260821,80,334,66,268,0.19760479041916168,0.8756218905472637,0.6293877657260138,0.1089183750420666,0.053708050366261105,False,,0.12950104609334906,0.15893826090366658
monotone_conditional_survival_shared_mlp,20260821,81,332,62,270,0.18674698795180722,0.8734767025089606,0.6175179634479342,0.10569710458985711,0.06083071571640015,False,,0.12031205049562146,0.12147532890976898
monotone_conditional_survival_shared_mlp,20260821,82,328,61,267,0.18597560975609756,0.8740713452446737,0.6208961158894815,0.1045892606964348,0.04818260785232159,False,,0.12019244893463557,0.12981837358756432
monotone_conditional_survival_shared_mlp,20260821,83,322,60,262,0.18633540372670807,0.8746819338422391,0.6230207444315937,0.10480037692579885,0.05367113836606274,False,,0.12045492939399241,0.12996190813403363
monotone_conditional_survival_shared_mlp,20260821,84,320,60,260,0.1875,0.879423076923077,0.6390245480161709,0.10351080562117994,0.04294805556762657,False,,0.12099113154837879,0.1444760926151788
monotone_conditional_survival_shared_mlp,20260821,85,316,60,256,0.189873417721519,0.8802734375,0.642522575703408,0.10418749448673478,0.04432284516828062,False,,0.12199133629793045,0.1459434936241264
monotone_conditional_survival_shared_mlp,20260821,86,308,59,249,0.19155844155844157,0.8803348989177047,0.6447209470909393,0.10484597581960846,0.04336241093158069,False,,0.12273417175823167,0.14574747751474093
monotone_conditional_survival_shared_mlp,20260821,87,304,58,246,0.19078947368421054,0.8779086066722737,0.6374806244894033,0.10584075119763066,0.04414794416267727,False,,0.1225610730062125,0.13642440783571064
monotone_conditional_survival_shared_mlp,20260821,88,292,54,238,0.18493150684931506,0.8661686896981015,0.5984059888965102,0.10917605848681568,0.049548911916727,False,,0.1205434448291377,0.0943011572170891
monotone_conditional_survival_shared_mlp,20260821,89,286,54,232,0.1888111888111888,0.8694125159642401,0.6084575498853279,0.10979825978094318,0.04935586633505982,False,,0.12220719411307646,0.10154012963141501
monotone_conditional_survival_shared_mlp,20260821,90,282,52,230,0.18439716312056736,0.8714046822742475,0.605573386770256,0.10735288364977645,0.04684623200177433,False,,0.12037122186002354,0.10815158315320383
monotone_conditional_survival_shared_mlp,20260821,91,278,49,229,0.17625899280575538,0.8789769182782283,0.6146416153874913,0.1003557726938446,0.041432090747959144,False,,0.11742630773557632,0.1453723221901143
monotone_conditional_survival_shared_mlp,20260821,92,270,46,224,0.17037037037037037,0.8784937888198758,0.6020541336937317,0.09830333958466533,0.04106538166030215,False,,0.11295729166666665,0.12973002331929717
monotone_conditional_survival_shared_mlp,20260821,93,264,43,221,0.16287878787878787,0.8847732295064716,0.6088261875199571,0.09327918286556493,0.04929894426123473,False,,0.11014321368234119,0.15311003059537565
monotone_conditional_survival_shared_mlp,20260821,94,260,42,218,0.16153846153846155,0.8811708169506335,0.5986247580788695,0.0942947577086068,0.04893078500864299,False,,0.10962181083452127,0.1398175509894769
monotone_conditional_survival_shared_mlp,20260821,95,252,41,211,0.1626984126984127,0.8790891226447809,0.6044823986295677,0.09529806696983134,0.05166693375679467,False,,0.11019894276177536,0.13521795598489783
monotone_conditional_survival_shared_mlp,20260821,96,252,41,211,0.1626984126984127,0.8797826840827649,0.6008006128296994,0.0959318279257939,0.06260983326034834,False,,0.11022993105465785,0.12971162180782092
monotone_conditional_survival_shared_mlp,20260821,97,252,41,211,0.1626984126984127,0.8797826840827649,0.6008006128296994,0.09592442891941817,0.06257471374256436,False,,0.11027565323004204,0.13013955383865472
monotone_conditional_survival_shared_mlp,20260821,98,250,40,210,0.16,0.8766666666666667,0.5900248807254392,0.09612650619462172,0.06153233374434527,False,,0.10927045196313599,0.1202881980661028
monotone_conditional_survival_shared_mlp,20260821,99,246,40,206,0.16260162601626016,0.8798543689320388,0.6016376437801462,0.0961218662556234,0.06397879373734339,False,,0.11047613094270885,0.12993091416759828
monotone_conditional_survival_shared_mlp,20260822,1,674,651,23,0.9658753709198813,0.9304080678554731,0.9973867837982776,0.03490637326360319,0.03035601798092476,False,,0.03179571857208507,-0.09783250170823665
monotone_conditional_survival_shared_mlp,20260822,2,670,631,39,0.9417910447761194,0.9301881425494738,0.9955487616869061,0.04805126758775088,0.028222887240953017,False,,0.05143357304355249,0.06576065506741235
monotone_conditional_survival_shared_mlp,20260822,3,664,611,53,0.9201807228915663,0.9301794151252201,0.9938386298089994,0.06124030187318421,0.039224877477032634,False,,0.06756963163777621,0.09367121902516717
monotone_conditional_survival_shared_mlp,20260822,4,660,601,59,0.9106060606060606,0.9425533714994783,0.9942392612738488,0.059305635158254336,0.04244337848366044,False,,0.07396341138387637,0.1981760434162093
monotone_conditional_survival_shared_mlp,20260822,5,660,593,67,0.8984848484848484,0.9368251491278851,0.9916590228379847,0.05893850583703177,0.03659260523030487,False,,0.08221218546861095,0.28309282254107193
monotone_conditional_survival_shared_mlp,20260822,6,658,581,77,0.8829787234042553,0.9299461296018955,0.9876594661845295,0.06024358804884798,0.02973892846677713,False,,0.09249116610700348,0.34865576265789655
monotone_conditional_survival_shared_mlp,20260822,7,656,574,82,0.875,0.9224101300246452,0.9843549490791856,0.06248652043987764,0.03074464531439638,False,,0.09771934490594321,0.3605511733626321
monotone_conditional_survival_shared_mlp,20260822,8,650,564,86,0.8676923076923077,0.9223569190169882,0.9817323818562073,0.07138051397168745,0.0600998893563932,False,,0.1034447791798012,0.3099650408879666
monotone_conditional_survival_shared_mlp,20260822,9,650,550,100,0.8461538461538461,0.8976,0.9727040518566687,0.08153759168295693,0.0615712138437254,False,,0.11888577654447553,0.31415183503929534
monotone_conditional_survival_shared_mlp,20260822,10,648,535,113,0.8256172839506173,0.8800430071954346,0.9617780105274009,0.09075494580877318,0.06058476869078168,False,,0.13272718288788818,0.31622939751963286
monotone_conditional_survival_shared_mlp,20260822,11,644,524,120,0.8136645962732919,0.8696564885496183,0.9505144259424823,0.0959186998983859,0.05861356887922813,False,,0.14156975501489297,0.3224633334408513
monotone_conditional_survival_shared_mlp,20260822,12,642,516,126,0.8037383177570093,0.8850744432139781,0.9566152238279564,0.09642408021619608,0.04362433366321091,False,,0.148819001092084,0.35207144579251526
monotone_conditional_survival_shared_mlp,20260822,13,636,490,146,0.7704402515723271,0.861755661168577,0.9368799096147822,0.11354929259007514,0.04939517069721273,False,,0.16762267561403082,0.3225899051299327
monotone_conditional_survival_shared_mlp,20260822,14,630,476,154,0.7555555555555555,0.8487122121575903,0.9269729010352357,0.12347812053415158,0.0550564598655403,False,,0.17516838708306176,0.295089013546717
monotone_conditional_survival_shared_mlp,20260822,15,628,459,169,0.7308917197452229,0.8553840997279911,0.9214617315964116,0.12395304642803663,0.05145204791102224,False,,0.18418948609162755,0.32703516873718563
monotone_conditional_survival_shared_mlp,20260822,16,624,446,178,0.7147435897435898,0.8588073764296871,0.9183754149409896,0.12799081698793055,0.06596014880445894,False,,0.18916174852867754,0.32337897073029687
monotone_conditional_survival_shared_mlp,20260822,17,622,435,187,0.6993569131832797,0.8561067060052862,0.9080736959924116,0.12921285655928924,0.06635684005625214,False,,0.19316626380514185,0.33107958908583623
monotone_conditional_survival_shared_mlp,20260822,18,618,417,201,0.6747572815533981,0.8713387498956059,0.9065793532749211,0.12360348006815275,0.0520182415143726,False,,0.19511600265432533,0.3665128519102905
monotone_conditional_survival_shared_mlp,20260822,19,618,408,210,0.6601941747572816,0.8737745098039216,0.9023329894677544,0.12193838870444754,0.05073137936681692,False,,0.1973615027386028,0.38215717344861366
monotone_conditional_survival_shared_mlp,20260822,20,612,396,216,0.6470588235294118,0.8736321548821548,0.8981228044568866,0.12402132600062896,0.04071740438546752,False,,0.19973326552219994,0.3790652464606892
monotone_conditional_survival_shared_mlp,20260822,21,612,392,220,0.6405228758169934,0.8738984230055659,0.8956599241899654,0.12432200009555693,0.04068113887721254,False,,0.20285209695560347,0.3871298253191524
monotone_conditional_survival_shared_mlp,20260822,22,612,383,229,0.6258169934640523,0.8657461776141014,0.8836473779403018,0.1359237056827607,0.06691564452017121,False,,0.20385935715860218,0.33324764888269365
monotone_conditional_survival_shared_mlp,20260822,23,610,364,246,0.5967213114754099,0.8714486732779416,0.878847818588139,0.13549394687309646,0.06093019156415019,False,,0.20740007699302235,0.3467025237524143
monotone_conditional_survival_shared_mlp,20260822,24,606,350,256,0.5775577557755776,0.8691294642857142,0.8690341628123084,0.13766715490916945,0.05751365492974321,False,,0.2078626614666031,0.3377013748508739
monotone_conditional_survival_shared_mlp,20260822,25,600,341,259,0.5683333333333334,0.8638118638118638,0.8577441688079601,0.139913425452833,0.061217538208014566,False,,0.21052205428393125,0.33539777612025556
monotone_conditional_survival_shared_mlp,20260822,26,592,326,266,0.5506756756756757,0.8698625397850455,0.8578088531087764,0.13682082344326515,0.05443600788994357,False,,0.21242368502578124,0.3559059884181013
monotone_conditional_survival_shared_mlp,20260822,27,588,318,270,0.5408163265306123,0.8658397391101793,0.846428528016492,0.141429064207078,0.05163516449294877,False,,0.21420481301986444,0.33974842949041273
monotone_conditional_survival_shared_mlp,20260822,28,582,305,277,0.5240549828178694,0.8632775048825235,0.8388019387751809,0.1454255359391408,0.05649707063018646,False,,0.21390880519031513,0.32015170759448
monotone_conditional_survival_shared_mlp,20260822,29,578,298,280,0.5155709342560554,0.8624400767018217,0.8365835260156815,0.15146806535275192,0.0809096815348788,False,,0.21149132516581798,0.28380955940393926
monotone_conditional_survival_shared_mlp,20260822,30,578,288,290,0.4982698961937716,0.855926724137931,0.8182777420960909,0.15667070119789359,0.08435792481603949,False,,0.21350275626001258,0.26618885890590815
monotone_conditional_survival_shared_mlp,20260822,31,576,277,299,0.4809027777777778,0.8465160643782524,0.7865296647062849,0.16189654987019292,0.08168160446618927,False,,0.2107840532885545,0.23193169813200554
monotone_conditional_survival_shared_mlp,20260822,32,574,275,299,0.47909407665505227,0.8444876862268167,0.7833515294038629,0.1634479416198338,0.08148240178745898,False,,0.21165164669065356,0.22775020097657672
monotone_conditional_survival_shared_mlp,20260822,33,568,261,307,0.4595070422535211,0.8416888189998377,0.7661262894199486,0.16663665540707354,0.0939887086671506,False,,0.21013112819491803,0.20698729008630712
monotone_conditional_survival_shared_mlp,20260822,34,568,252,316,0.44366197183098594,0.8473729154108901,0.7832338538417997,0.16312283253123594,0.08755077209027809,False,,0.20995071780074956,0.22304227277734234
monotone_conditional_survival_shared_mlp,20260822,35,566,246,320,0.43462897526501765,0.8466590447154472,0.7756785560640861,0.16188319870995255,0.07836851853538865,False,,0.2085135699921319,0.22363230980093485
monotone_conditional_survival_shared_mlp,20260822,36,562,238,324,0.4234875444839858,0.850892208735346,0.774900790299122,0.15907974079270107,0.07453482789144178,False,,0.2066415258907867,0.23016566923350523
monotone_conditional_survival_shared_mlp,20260822,37,560,228,332,0.40714285714285714,0.8551971042062989,0.7726815579307234,0.1577358141179706,0.0732863743418365,False,,0.19907123041794256,0.20764133628545822
monotone_conditional_survival_shared_mlp,20260822,38,554,221,333,0.3989169675090253,0.8506515565339094,0.7581276772152369,0.16059460530088812,0.08281003662167889,False,,0.20080703722303886,0.20025409705879127
monotone_conditional_survival_shared_mlp,20260822,39,548,214,334,0.3905109489051095,0.8475432312944206,0.7514152303483745,0.1635047441468676,0.08139543974580479,False,,0.19750337217816685,0.17214201284942743
monotone_conditional_survival_shared_mlp,20260822,40,540,210,330,0.3888888888888889,0.8491919191919192,0.7496241942273104,0.16165204894441426,0.0793047555258363,False,,0.19689672427839014,0.17900082118249883
monotone_conditional_survival_shared_mlp,20260822,41,534,205,329,0.3838951310861423,0.8625843279709393,0.7598204672208971,0.15046902066311016,0.07037622216455541,False,,0.19369202978174915,0.22315326638552135
monotone_conditional_survival_shared_mlp,20260822,42,528,199,329,0.3768939393939394,0.8677276962319195,0.7687213148380058,0.14669460283881708,0.06382791242702225,False,,0.19240607768065612,0.23757812327377814
monotone_conditional_survival_shared_mlp,20260822,43,518,196,322,0.3783783783783784,0.8638769172265179,0.7598402978136892,0.1495627700026339,0.07595972068019335,False,,0.1910213820470231,0.2170364992657391
monotone_conditional_survival_shared_mlp,20260822,44,512,184,328,0.359375,0.8597726670201484,0.7354791211266999,0.151434683618053,0.07571510269272831,False,,0.18685116353407522,0.18954380184827402
monotone_conditional_survival_shared_mlp,20260822,45,504,181,323,0.35912698412698413,0.8613139934659528,0.7386299689395832,0.1508843613990745,0.07701532188991801,False,,0.1875446028978989,0.19547478803632967
monotone_conditional_survival_shared_mlp,20260822,46,496,175,321,0.3528225806451613,0.8563417890520695,0.726441803312605,0.15375941160937495,0.0820504063035538,False,,0.1890783761663725,0.1867953664141897
monotone_conditional_survival_shared_mlp,20260822,47,490,166,324,0.33877551020408164,0.8552543507362784,0.7115322918136416,0.1557270211076705,0.08753216099312254,False,,0.18653009993253505,0.16513730939942417
monotone_conditional_survival_shared_mlp,20260822,48,488,160,328,0.32786885245901637,0.8537157012195122,0.6986755424515441,0.15349093438751632,0.08024765112881092,False,,0.1842327877771015,0.16686418178060114
monotone_conditional_survival_shared_mlp,20260822,49,484,153,331,0.31611570247933884,0.855044132456608,0.6892793228386921,0.1509585336192955,0.07816383428577448,False,,0.18205797605029028,0.1708216421257155
monotone_conditional_survival_shared_mlp,20260822,50,476,145,331,0.30462184873949577,0.8508386290238567,0.6775011766209244,0.15333715574030157,0.08988958976505665,False,,0.18311680557092885,0.16262652539060574
monotone_conditional_survival_shared_mlp,20260822,51,464,139,325,0.2995689655172414,0.8553624792473713,0.6809325388167138,0.14910559425000297,0.08950226570795101,False,,0.18401921835254353,0.1897281404361426
monotone_conditional_survival_shared_mlp,20260822,52,458,136,322,0.29694323144104806,0.8556128973328462,0.6810035263087869,0.14818577392331606,0.08709812071039305,False,,0.18239227106605155,0.18754356718519039
monotone_conditional_survival_shared_mlp,20260822,53,448,134,314,0.29910714285714285,0.8565452989827931,0.6895765769342649,0.14757277661132231,0.0813699351148092,False,,0.18294377872033654,0.1933435635605043
monotone_conditional_survival_shared_mlp,20260822,54,438,129,309,0.2945205479452055,0.8537668397681945,0.6783645462071761,0.14884086278330755,0.08607342859693388,False,,0.18204292713340556,0.18238590684584366
monotone_conditional_survival_shared_mlp,20260822,55,438,128,310,0.2922374429223744,0.854914314516129,0.677662827065908,0.14773638537261588,0.08075910974479293,False,,0.18170408741118432,0.18693966945114326
monotone_conditional_survival_shared_mlp,20260822,56,434,124,310,0.2857142857142857,0.8548907388137357,0.6750237023923468,0.1460733871112314,0.07739387695977554,False,,0.18129512076854765,0.19427844228793356
monotone_conditional_survival_shared_mlp,20260822,57,432,122,310,0.2824074074074074,0.8553146483342147,0.6728149422862756,0.14561564822823905,0.07853304829388058,False,,0.18096936990339085,0.1953574889166334
monotone_conditional_survival_shared_mlp,20260822,58,422,120,302,0.2843601895734597,0.8521799116997792,0.6696228288540131,0.1480680132586433,0.0817217142693932,False,,0.18197087121015995,0.18630925777325047
monotone_conditional_survival_shared_mlp,20260822,59,418,116,302,0.27751196172248804,0.8500799269239553,0.6599503950005187,0.1480341842408393,0.08152049640374967,False,,0.17998996456881292,0.1775420113256171
monotone_conditional_survival_shared_mlp,20260822,60,416,114,302,0.27403846153846156,0.8506738701057279,0.6589962285390247,0.14706216416271561,0.08055573755610647,False,,0.17966380887447,0.18145916484790192
monotone_conditional_survival_shared_mlp,20260822,61,412,112,300,0.27184466019417475,0.8509821428571429,0.6545281443075073,0.14543793666323818,0.07766212184795704,False,,0.17966152881860323,0.1904892626730299
monotone_conditional_survival_shared_mlp,20260822,62,410,111,299,0.2707317073170732,0.8529633312242008,0.6503183827506667,0.14303508450133212,0.07096843650513174,False,,0.17966355432289627,0.20387256591692748
monotone_conditional_survival_shared_mlp,20260822,63,402,105,297,0.26119402985074625,0.8497675164341831,0.6344402898255921,0.14392775001206182,0.07951126463031266,False,,0.17725115273902337,0.18800104942632123
monotone_conditional_survival_shared_mlp,20260822,64,396,103,293,0.2601010101010101,0.8540044401736306,0.6398606047869693,0.14101828121192833,0.07115139333691638,False,,0.17617840018535197,0.1995711105131659
monotone_conditional_survival_shared_mlp,20260822,65,394,100,294,0.25380710659898476,0.8578231292517007,0.6402352383020761,0.13780923460707917,0.06954302316926082,False,,0.17076887607736727,0.19300731039159413
monotone_conditional_survival_shared_mlp,20260822,66,390,97,293,0.24871794871794872,0.8571830688575349,0.639229967567668,0.1372379741809755,0.07873789708550137,False,,0.16997613984005217,0.19260447783955637
monotone_conditional_survival_shared_mlp,20260822,67,386,93,293,0.24093264248704663,0.8541230870857646,0.6143073857277936,0.13701216883320377,0.07931319963895209,False,,0.16559532654077044,0.17260848059337797
monotone_conditional_survival_shared_mlp,20260822,68,382,91,291,0.23821989528795812,0.857444960537744,0.6230601414616908,0.1336525604498487,0.08353017920269985,False,,0.16386077193427417,0.18435291819900756
monotone_conditional_survival_shared_mlp,20260822,69,382,89,293,0.23298429319371727,0.8555048510181386,0.6171198121284762,0.13316415833941012,0.08343691583238408,False,,0.16105299638841253,0.17316559563873446
monotone_conditional_survival_shared_mlp,20260822,70,376,87,289,0.23138297872340424,0.8584098953983216,0.6193532477661413,0.13207628274168573,0.07980061349203253,False,,0.16114990400984466,0.18041351899522584
monotone_conditional_survival_shared_mlp,20260822,71,376,84,292,0.22340425531914893,0.8614644487932159,0.6198357293489196,0.1276056308450424,0.07313464652111473,False,,0.15451909842178335,0.17417567052634852
monotone_conditional_survival_shared_mlp,20260822,72,374,82,292,0.2192513368983957,0.8616354827931841,0.6124383651926677,0.12695027856662083,0.07378629147414448,False,,0.15050962393162967,0.15653049120440887
monotone_conditional_survival_shared_mlp,20260822,73,372,80,292,0.21505376344086022,0.8591181506849315,0.6073290597378891,0.1279766239683961,0.07900051164496971,False,,0.14791043755591995,0.13476948562191604
monotone_conditional_survival_shared_mlp,20260822,74,368,77,291,0.20923913043478262,0.8575891462489401,0.5926818457018942,0.12724603642289553,0.07882159396104282,False,,0.1433226390279652,0.11217071297391323
monotone_conditional_survival_shared_mlp,20260822,75,362,76,286,0.20994475138121546,0.8595417740154582,0.5994873112843728,0.12610491342770733,0.07374339419690541,False,,0.14232455441956876,0.11396235216058637
monotone_conditional_survival_shared_mlp,20260822,76,354,75,279,0.211864406779661,0.866857825567503,0.6163505178468797,0.12182470027334616,0.07981155221518145,False,,0.14336973022134722,0.15027600257556384
monotone_conditional_survival_shared_mlp,20260822,77,350,73,277,0.20857142857142857,0.8676128777013995,0.61607763347173,0.12051057830995487,0.07662349152512918,False,,0.14102355932010385,0.14545783065641793
monotone_conditional_survival_shared_mlp,20260822,78,344,70,274,0.20348837209302326,0.8708029197080291,0.6257206366194926,0.11716274292877035,0.07207546685751026,False,,0.13642089043079694,0.14116714413175446
monotone_conditional_survival_shared_mlp,20260822,79,340,68,272,0.2,0.8771626297577855,0.6327950200578167,0.1130686402231779,0.0674723494287829,False,,0.13190260481912222,0.14278690418412354
monotone_conditional_survival_shared_mlp,20260822,80,334,66,268,0.19760479041916168,0.8710990502035278,0.5987473510991683,0.11603451535608098,0.06911023181750615,False,,0.12950104609334906,0.10398781433441795
monotone_conditional_survival_shared_mlp,20260822,81,332,62,270,0.18674698795180722,0.863978494623656,0.5749356196486161,0.11570740649988653,0.07013686857188424,False,,0.12031205049562146,0.03827250867029741
monotone_conditional_survival_shared_mlp,20260822,82,328,61,267,0.18597560975609756,0.8624669982194388,0.5721975687947538,0.11572656609500884,0.07053844715441412,False,,0.12019244893463557,0.037156101562215604
monotone_conditional_survival_shared_mlp,20260822,83,322,60,262,0.18633540372670807,0.8652671755725191,0.5770179316346371,0.11471348357221563,0.07127190233774384,False,,0.12045492939399241,0.04766468130994672
monotone_conditional_survival_shared_mlp,20260822,84,320,60,260,0.1875,0.8661538461538462,0.5786660973250467,0.11502709024940423,0.07287735951308508,False,,0.12099113154837879,0.04929321035889156
monotone_conditional_survival_shared_mlp,20260822,85,316,60,256,0.189873417721519,0.8700520833333333,0.5894650538965007,0.11481303669616691,0.0664526310820599,False,,0.12199133629793045,0.058842699978566615
monotone_conditional_survival_shared_mlp,20260822,86,308,59,249,0.19155844155844157,0.8703287727179906,0.5924426233047203,0.11497968020142879,0.06586959332439543,False,,0.12273417175823167,0.06318119433011771
monotone_conditional_survival_shared_mlp,20260822,87,304,58,246,0.19078947368421054,0.8755957387160078,0.6043715226451556,0.11297220234729331,0.05933231608520417,False,,0.1225610730062125,0.07823748947133591
monotone_conditional_survival_shared_mlp,20260822,88,292,54,238,0.18493150684931506,0.8671802054154996,0.5632970831915978,0.11680065618633574,0.07052093914287096,False,,0.1205434448291377,0.03104929221250574
monotone_conditional_survival_shared_mlp,20260822,89,286,54,232,0.1888111888111888,0.8713282247765006,0.5718909936576089,0.11788183326470256,0.07410917876186618,False,,0.12220719411307646,0.035393667940462725
monotone_conditional_survival_shared_mlp,20260822,90,282,52,230,0.18439716312056736,0.8713210702341138,0.5678171077711639,0.1157906435867632,0.07349565468480787,False,,0.12037122186002354,0.03805376569647989
monotone_conditional_survival_shared_mlp,20260822,91,278,49,229,0.17625899280575538,0.8839675608234561,0.5813844431722363,0.10788889246604721,0.05919047637578072,False,,0.11742630773557632,0.08122043052742245
monotone_conditional_survival_shared_mlp,20260822,92,270,46,224,0.17037037037037037,0.8821816770186336,0.5716665342424939,0.10569186943144618,0.057554995757304314,False,,0.11295729166666665,0.06432008175851545
monotone_conditional_survival_shared_mlp,20260822,93,264,43,221,0.16287878787878787,0.8769862148795118,0.5568327788247206,0.10471142853490134,0.06008254003608923,False,,0.11014321368234119,0.049315658821299735
monotone_conditional_survival_shared_mlp,20260822,94,260,42,218,0.16153846153846155,0.8745085190039319,0.5534714774807042,0.10521410400315365,0.06304238687936949,False,,0.10962181083452127,0.04020830159448141
monotone_conditional_survival_shared_mlp,20260822,95,252,41,211,0.1626984126984127,0.8707663853889723,0.550196375045525,0.10743344111129666,0.06789831270720845,False,,0.11019894276177536,0.02509553704573264
monotone_conditional_survival_shared_mlp,20260822,96,252,41,211,0.1626984126984127,0.870650791815975,0.5508708591076508,0.10752870016527166,0.07571866995196035,False,,0.11022993105465785,0.024505421200406774
monotone_conditional_survival_shared_mlp,20260822,97,252,41,211,0.1626984126984127,0.870650791815975,0.5508708591076508,0.10751001488338867,0.07572451111290722,False,,0.11027565323004204,0.025079319556458035
monotone_conditional_survival_shared_mlp,20260822,98,250,40,210,0.16,0.8691666666666666,0.5487788876894906,0.10753366342008483,0.08328089466163212,False,,0.10927045196313599,0.015894402483455417
monotone_conditional_survival_shared_mlp,20260822,99,246,40,206,0.16260162601626016,0.8745145631067961,0.5642943697335694,0.1064345581056253,0.08055923091945787,False,,0.11047613094270885,0.03658322211862619
independent_vector_shared_mlp,aggregate_mean_prediction,1,674,651,23,0.9658753709198813,0.9338141988913378,0.9975129265955928,0.02764149607032872,0.019984195363920258,False,,0.03179571857208507,0.13065351840808948
independent_vector_shared_mlp,aggregate_mean_prediction,2,670,631,39,0.9417910447761194,0.945182656751595,0.9964919569225233,0.04016865854984818,0.023990886596705712,False,,0.05143357304355249,0.21901870368145537
independent_vector_shared_mlp,aggregate_mean_prediction,3,664,611,53,0.9201807228915663,0.9426859772102646,0.9948101888027289,0.04879019075314765,0.023319858764531826,False,,0.06756963163777621,0.2779272349048818
independent_vector_shared_mlp,aggregate_mean_prediction,4,660,601,59,0.9106060606060606,0.9485603090893708,0.9946938036500242,0.04813222017838729,0.019750837839262337,False,,0.07396341138387637,0.34924283131591927
independent_vector_shared_mlp,aggregate_mean_prediction,5,660,593,67,0.8984848484848484,0.9554755732299716,0.9948283271720062,0.048967979425649,0.023635158990362087,False,,0.08221218546861095,0.40437078583265207
independent_vector_shared_mlp,aggregate_mean_prediction,6,658,581,77,0.8829787234042553,0.9395355075217382,0.9902162891546036,0.05270018172356413,0.018679952426726185,False,,0.09249116610700348,0.43021389023687906
independent_vector_shared_mlp,aggregate_mean_prediction,7,656,574,82,0.875,0.9371760006798674,0.9880416955316691,0.052659223876078486,0.022772291248901417,False,,0.09771934490594321,0.46111771495435194
independent_vector_shared_mlp,aggregate_mean_prediction,8,650,564,86,0.8676923076923077,0.9214703941942932,0.9821949442773436,0.05784292706182091,0.024365913224753004,False,,0.1034447791798012,0.44083280451223184
independent_vector_shared_mlp,aggregate_mean_prediction,9,650,550,100,0.8461538461538461,0.9076,0.9745907106952207,0.06766230804786791,0.029004828079502835,False,,0.11888577654447553,0.4308628835632391
independent_vector_shared_mlp,aggregate_mean_prediction,10,648,535,113,0.8256172839506173,0.9052352989827144,0.9726964856426076,0.07599522758661008,0.03176127539678238,False,,0.13272718288788818,0.4274328292584826
independent_vector_shared_mlp,aggregate_mean_prediction,11,644,524,120,0.8136645962732919,0.9006838422391857,0.9684359455105674,0.08151710109549416,0.0393772474249741,False,,0.14156975501489297,0.4241912682061316
independent_vector_shared_mlp,aggregate_mean_prediction,12,642,516,126,0.8037383177570093,0.8906115417743324,0.9617244136414844,0.0894716715056769,0.03737933894557337,False,,0.148819001092084,0.3987886570323439
independent_vector_shared_mlp,aggregate_mean_prediction,13,636,490,146,0.7704402515723271,0.874937098126922,0.9464018916711757,0.10395765950023571,0.04095472195113393,False,,0.16762267561403082,0.37981147765706014
independent_vector_shared_mlp,aggregate_mean_prediction,14,630,476,154,0.7555555555555555,0.8695159882134672,0.940443829212499,0.11216112293287156,0.04668538032234616,False,,0.17516838708306176,0.35969540622825547
independent_vector_shared_mlp,aggregate_mean_prediction,15,628,459,169,0.7308917197452229,0.8843511105954545,0.9406291916509502,0.10922825960120397,0.03846301480148154,False,,0.18418948609162755,0.40697885683406
independent_vector_shared_mlp,aggregate_mean_prediction,16,624,446,178,0.7147435897435898,0.8877664130599083,0.9385939447723788,0.11100469663970347,0.040657996922998714,False,,0.18916174852867754,0.4131757741556571
independent_vector_shared_mlp,aggregate_mean_prediction,17,622,435,187,0.6993569131832797,0.8840985924150224,0.9308420691864635,0.11395408904490278,0.05653420055231441,False,,0.19316626380514185,0.4100725105919377
independent_vector_shared_mlp,aggregate_mean_prediction,18,618,417,201,0.6747572815533981,0.8968824940047961,0.9284162090535714,0.1067805511312038,0.04740033570303359,False,,0.19511600265432533,0.4527329912535153
independent_vector_shared_mlp,aggregate_mean_prediction,19,618,408,210,0.6601941747572816,0.8992997198879552,0.9266105987195462,0.1065950692262944,0.0367984843983034,False,,0.1973615027386028,0.45989938388605
independent_vector_shared_mlp,aggregate_mean_prediction,20,612,396,216,0.6470588235294118,0.8936237373737373,0.9136944593575924,0.10819998595645251,0.04831114660543706,False,,0.19973326552219994,0.45827758999701373
independent_vector_shared_mlp,aggregate_mean_prediction,21,612,392,220,0.6405228758169934,0.891036641929499,0.9126500044853125,0.1121202972190412,0.0461994614785711,False,,0.20285209695560347,0.44728056105044833
independent_vector_shared_mlp,aggregate_mean_prediction,22,612,383,229,0.6258169934640523,0.8866339060736316,0.9083742326418996,0.11703330018691532,0.03244602201312551,False,,0.20385935715860218,0.4259115607047478
independent_vector_shared_mlp,aggregate_mean_prediction,23,610,364,246,0.5967213114754099,0.8855423032252301,0.9001229097797965,0.12346023398412866,0.02986666303718194,False,,0.20740007699302235,0.4047242615619555
independent_vector_shared_mlp,aggregate_mean_prediction,24,606,350,256,0.5775577557755776,0.885546875,0.8937356405365459,0.12718054044089283,0.03760765755853795,False,,0.2078626614666031,0.38815110158046984
independent_vector_shared_mlp,aggregate_mean_prediction,25,600,341,259,0.5683333333333334,0.8836943353072385,0.8890428333532076,0.12925360391899918,0.044154985118130576,False,,0.21052205428393125,0.3860329533708865
independent_vector_shared_mlp,aggregate_mean_prediction,26,592,326,266,0.5506756756756757,0.888463490013377,0.8887335975348336,0.12886175790786722,0.0499006688436171,False,,0.21242368502578124,0.39337387028086046
independent_vector_shared_mlp,aggregate_mean_prediction,27,588,318,270,0.5408163265306123,0.8794432797577452,0.872513274491626,0.13544129714886505,0.048745394002979996,False,,0.21420481301986444,0.3677018959592434
independent_vector_shared_mlp,aggregate_mean_prediction,28,582,305,277,0.5240549828178694,0.8769840800142037,0.863783751050955,0.13869455985930068,0.04927911564207711,False,,0.21390880519031513,0.35161827613452457
independent_vector_shared_mlp,aggregate_mean_prediction,29,578,298,280,0.5155709342560554,0.8802133269415149,0.8661024717294958,0.1386143772800437,0.05691835770439974,False,,0.21149132516581798,0.34458599107379806
independent_vector_shared_mlp,aggregate_mean_prediction,30,578,288,290,0.4982698961937716,0.873455459770115,0.8510432040964603,0.14377641434109367,0.061240056483658,False,,0.21350275626001258,0.3265828654408717
independent_vector_shared_mlp,aggregate_mean_prediction,31,576,277,299,0.4809027777777778,0.8693478864566606,0.8256699565310228,0.144723030161422,0.056580195392802644,False,,0.2107840532885545,0.31340617137055315
independent_vector_shared_mlp,aggregate_mean_prediction,32,574,275,299,0.47909407665505227,0.8676436606871389,0.8179724154307243,0.14641924862166003,0.0621502310043587,False,,0.21165164669065356,0.308206428293639
independent_vector_shared_mlp,aggregate_mean_prediction,33,568,261,307,0.4595070422535211,0.8644152408052217,0.8057930918369794,0.14822646547111668,0.05902264765731747,False,,0.21013112819491803,0.29460015398755424
independent_vector_shared_mlp,aggregate_mean_prediction,34,568,252,316,0.44366197183098594,0.8653807514567008,0.8007415733159932,0.14800899672189266,0.054628993280909886,False,,0.20995071780074956,0.29502981331857947
independent_vector_shared_mlp,aggregate_mean_prediction,35,566,246,320,0.43462897526501765,0.8660950203252032,0.7901549534763516,0.1467016488997561,0.05271277664342273,False,,0.2085135699921319,0.2964407596815316
independent_vector_shared_mlp,aggregate_mean_prediction,36,562,238,324,0.4234875444839858,0.8699553895632327,0.7901929237667763,0.14423455806533247,0.056737458372030876,False,,0.2066415258907867,0.3020059378502522
independent_vector_shared_mlp,aggregate_mean_prediction,37,560,228,332,0.40714285714285714,0.876004016064257,0.7907113442182296,0.13813207100090635,0.04643895300646833,False,,0.19907123041794256,0.3061173595456096
independent_vector_shared_mlp,aggregate_mean_prediction,38,554,221,333,0.3989169675090253,0.8765235824059353,0.7906580618446519,0.13836238438784543,0.041560293857068484,False,,0.20080703722303886,0.31096844860987305
independent_vector_shared_mlp,aggregate_mean_prediction,39,548,214,334,0.3905109489051095,0.8753147909787901,0.7824523270082713,0.13847501227743003,0.04333504366835629,False,,0.19750337217816685,0.29887266860176753
independent_vector_shared_mlp,aggregate_mean_prediction,40,540,210,330,0.3888888888888889,0.8766233766233766,0.7864237160686541,0.13819924468407027,0.039179947793770466,False,,0.19689672427839014,0.2981130326542566
independent_vector_shared_mlp,aggregate_mean_prediction,41,534,205,329,0.3838951310861423,0.8791163169990363,0.7782592150731111,0.13534742268384747,0.04777763533935033,False,,0.19369202978174915,0.30122358242434644
independent_vector_shared_mlp,aggregate_mean_prediction,42,528,199,329,0.3768939393939394,0.8826656076736265,0.7867640468027307,0.13397664608003826,0.05837958553540699,False,,0.19240607768065612,0.3036776816249821
independent_vector_shared_mlp,aggregate_mean_prediction,43,518,196,322,0.3783783783783784,0.8828431993915579,0.7851413846360087,0.13254712762421075,0.04974227127158916,False,,0.1910213820470231,0.3061136601368424
independent_vector_shared_mlp,aggregate_mean_prediction,44,512,184,328,0.359375,0.8758616118769883,0.7606681597838181,0.1356243240813625,0.05208473962498461,False,,0.18685116353407522,0.2741585253407893
independent_vector_shared_mlp,aggregate_mean_prediction,45,504,181,323,0.35912698412698413,0.8785385628517182,0.7647158382113284,0.13500383828945853,0.04534005794416757,False,,0.1875446028978989,0.28015076838571606
independent_vector_shared_mlp,aggregate_mean_prediction,46,496,175,321,0.3528225806451613,0.8739652870493992,0.756094864873975,0.13829227552131146,0.05192903318582972,False,,0.1890783761663725,0.2685981426050206
independent_vector_shared_mlp,aggregate_mean_prediction,47,490,166,324,0.33877551020408164,0.8757623084932322,0.7417149537309343,0.13671420210657742,0.06867186938860559,False,,0.18653009993253505,0.2670662688969515
independent_vector_shared_mlp,aggregate_mean_prediction,48,488,160,328,0.32786885245901637,0.8751524390243902,0.7312327063214037,0.13628351416218906,0.044990710039527856,False,,0.1842327877771015,0.26026460432724396
independent_vector_shared_mlp,aggregate_mean_prediction,49,484,153,331,0.31611570247933884,0.8799439211737061,0.7337509787157549,0.13265398709387766,0.051857761877949646,False,,0.18205797605029028,0.2713640458288169
independent_vector_shared_mlp,aggregate_mean_prediction,50,476,145,331,0.30462184873949577,0.8796541306386082,0.7209795957379364,0.1311826324612867,0.04612968744421593,False,,0.18311680557092885,0.2836122711278177
independent_vector_shared_mlp,aggregate_mean_prediction,51,464,139,325,0.2995689655172414,0.8840730492529054,0.7252587002940113,0.12675043701185945,0.044091471105389975,False,,0.18401921835254353,0.31121087163281336
independent_vector_shared_mlp,aggregate_mean_prediction,52,458,136,322,0.29694323144104806,0.8828553160394592,0.7167128698919422,0.12743290965672105,0.045193311992819035,False,,0.18239227106605155,0.3013250566381045
independent_vector_shared_mlp,aggregate_mean_prediction,53,448,134,314,0.29910714285714285,0.8844947238330639,0.7284565251640863,0.12629747525531462,0.0466771750212378,False,,0.18294377872033654,0.30963776883397764
independent_vector_shared_mlp,aggregate_mean_prediction,54,438,129,309,0.2945205479452055,0.8827676174707108,0.7196456985614942,0.12723617235907198,0.04977690387551465,False,,0.18204292713340556,0.30106500503680567
independent_vector_shared_mlp,aggregate_mean_prediction,55,438,128,310,0.2922374429223744,0.8774697580645161,0.713318417986132,0.12935499137696485,0.04490681989431904,False,,0.18170408741118432,0.2881008169934941
independent_vector_shared_mlp,aggregate_mean_prediction,56,434,124,310,0.2857142857142857,0.8733610822060354,0.6964832028998369,0.12992567811148478,0.05122327034266165,False,,0.18129512076854765,0.283347077622923
independent_vector_shared_mlp,aggregate_mean_prediction,57,432,122,310,0.2824074074074074,0.8664198836594394,0.6790187783395981,0.13336658807479557,0.040790262172799005,False,,0.18096936990339085,0.26304330867708536
independent_vector_shared_mlp,aggregate_mean_prediction,58,422,120,302,0.2843601895734597,0.8657008830022075,0.6798646145302253,0.13416105253687327,0.05888580766937589,False,,0.18197087121015995,0.2627333614184363
independent_vector_shared_mlp,aggregate_mean_prediction,59,418,116,302,0.27751196172248804,0.8648664078556748,0.6672853437778096,0.13412227739936888,0.05330864111778699,False,,0.17998996456881292,0.2548346919192159
independent_vector_shared_mlp,aggregate_mean_prediction,60,416,114,302,0.27403846153846156,0.8649936098524457,0.6648944642529562,0.13290513855021058,0.045128198841326385,False,,0.17966380887447,0.2602564791272427
independent_vector_shared_mlp,aggregate_mean_prediction,61,412,112,300,0.27184466019417475,0.8684226190476191,0.6710798712621593,0.1312394186179632,0.04474685237039524,False,,0.17966152881860323,0.2695185247451045
independent_vector_shared_mlp,aggregate_mean_prediction,62,410,111,299,0.2707317073170732,0.8663111271806924,0.664020324385209,0.13250187943593458,0.04446805874788457,False,,0.17966355432289627,0.26249995478883503
independent_vector_shared_mlp,aggregate_mean_prediction,63,402,105,297,0.26119402985074625,0.8654801988135321,0.6590221880089974,0.1298567675318804,0.050336071382185106,False,,0.17725115273902337,0.26738548367538306
independent_vector_shared_mlp,aggregate_mean_prediction,64,396,103,293,0.2601010101010101,0.8700752178667285,0.6667417580044538,0.12849872670204318,0.05060835703872521,False,,0.17617840018535197,0.27063291205474926
independent_vector_shared_mlp,aggregate_mean_prediction,65,394,100,294,0.25380710659898476,0.8693197278911564,0.6607078847329843,0.12781613356124627,0.06533405409915262,False,,0.17076887607736727,0.25152559121289264
independent_vector_shared_mlp,aggregate_mean_prediction,66,390,97,293,0.24871794871794872,0.8679497554625101,0.6570483237500853,0.1266812082961153,0.06646071477712376,False,,0.16997613984005217,0.25471181769792794
independent_vector_shared_mlp,aggregate_mean_prediction,67,386,93,293,0.24093264248704663,0.8640317075855994,0.6307014415492747,0.127235386411895,0.05323042400804238,False,,0.16559532654077044,0.23164868798052118
independent_vector_shared_mlp,aggregate_mean_prediction,68,382,91,291,0.23821989528795812,0.8642045239983385,0.624390403610492,0.127230005809226,0.06154525171031828,False,,0.16386077193427417,0.2235481115623028
independent_vector_shared_mlp,aggregate_mean_prediction,69,382,89,293,0.23298429319371727,0.866012194654293,0.6274009295646177,0.12513396997463863,0.05367690642063717,False,,0.16105299638841253,0.22302612940617228
independent_vector_shared_mlp,aggregate_mean_prediction,70,376,87,289,0.23138297872340424,0.8629439605456787,0.6220186714428202,0.1276351247157323,0.06097922035333729,False,,0.16114990400984466,0.20797269163787369
independent_vector_shared_mlp,aggregate_mean_prediction,71,376,84,292,0.22340425531914893,0.8673760600130463,0.6209720264439699,0.12206723111131604,0.051439013246126465,False,,0.15451909842178335,0.21001848730624229
independent_vector_shared_mlp,aggregate_mean_prediction,72,374,82,292,0.2192513368983957,0.8661877714667557,0.6122625898933723,0.12203187692283161,0.05912752665897142,False,,0.15050962393162967,0.18920881113711585
independent_vector_shared_mlp,aggregate_mean_prediction,73,372,80,292,0.21505376344086022,0.8714041095890411,0.6149265158167097,0.11931285403955902,0.06179424145068582,False,,0.14791043755591995,0.19334391804195128
independent_vector_shared_mlp,aggregate_mean_prediction,74,368,77,291,0.20923913043478262,0.8633462757174097,0.6084314701002062,0.11932184942030741,0.060422788020120535,False,,0.1433226390279652,0.16745986377612498
independent_vector_shared_mlp,aggregate_mean_prediction,75,362,76,286,0.20994475138121546,0.8643724696356275,0.6140144486931783,0.1191357063959347,0.06716671180265177,False,,0.14232455441956876,0.16292935620422877
independent_vector_shared_mlp,aggregate_mean_prediction,76,354,75,279,0.211864406779661,0.8634169653524493,0.6128677010697442,0.12052513381271321,0.0615663553209225,False,,0.14336973022134722,0.1593404435745568
independent_vector_shared_mlp,aggregate_mean_prediction,77,350,73,277,0.20857142857142857,0.8638544087829484,0.6047122907390926,0.12171684462793345,0.07510663374052301,False,,0.14102355932010385,0.13690417959418288
independent_vector_shared_mlp,aggregate_mean_prediction,78,344,70,274,0.20348837209302326,0.8647549530761209,0.6077481768229138,0.1178311504147339,0.06486917941766723,False,,0.13642089043079694,0.13626754639527283
independent_vector_shared_mlp,aggregate_mean_prediction,79,340,68,272,0.2,0.8714857266435986,0.6227499757756376,0.11407360621509127,0.06192457597906808,False,,0.13190260481912222,0.13516790383692434
independent_vector_shared_mlp,aggregate_mean_prediction,80,334,66,268,0.19760479041916168,0.8679895974672094,0.6031253196682509,0.11607936342666755,0.07505748732640379,False,,0.12950104609334906,0.10364149998453809
independent_vector_shared_mlp,aggregate_mean_prediction,81,332,62,270,0.18674698795180722,0.8666666666666667,0.5954391205464017,0.11217720607665338,0.06436504012623111,False,,0.12031205049562146,0.06761454389196153
independent_vector_shared_mlp,aggregate_mean_prediction,82,328,61,267,0.18597560975609756,0.8622828022349113,0.5698380775326102,0.11286154287378176,0.06428272913254565,False,,0.12019244893463557,0.06099306675114491
independent_vector_shared_mlp,aggregate_mean_prediction,83,322,60,262,0.18633540372670807,0.871119592875318,0.6142611054209648,0.10902583787531099,0.07023599018296164,False,,0.12045492939399241,0.09488272149741872
independent_vector_shared_mlp,aggregate_mean_prediction,84,320,60,260,0.1875,0.8696153846153846,0.6197500572342974,0.10997908469669566,0.07026219060666884,False,,0.12099113154837879,0.091015322451794
independent_vector_shared_mlp,aggregate_mean_prediction,85,316,60,256,0.189873417721519,0.8718098958333333,0.6084349212569826,0.1110243268554573,0.060482088998004856,False,,0.12199133629793045,0.08989990416769622
independent_vector_shared_mlp,aggregate_mean_prediction,86,308,59,249,0.19155844155844157,0.8696480838608672,0.6168458246448806,0.11187646209135826,0.07038944819779201,False,,0.12273417175823167,0.088465253900613
independent_vector_shared_mlp,aggregate_mean_prediction,87,304,58,246,0.19078947368421054,0.8674656574151949,0.6105435487086018,0.11283599507548404,0.07373276237303288,False,,0.1225610730062125,0.07934883150244199
independent_vector_shared_mlp,aggregate_mean_prediction,88,292,54,238,0.18493150684931506,0.8716931216931217,0.6145157565668078,0.10880362400379487,0.06238706738583559,False,,0.1205434448291377,0.09739078588622752
independent_vector_shared_mlp,aggregate_mean_prediction,89,286,54,232,0.1888111888111888,0.8724457215836526,0.6245250474698205,0.11133884064461237,0.06104116834378904,False,,0.12220719411307646,0.08893382707410635
independent_vector_shared_mlp,aggregate_mean_prediction,90,282,52,230,0.18439716312056736,0.8709030100334448,0.608675973037765,0.10869770273411007,0.061206651000086265,False,,0.12037122186002354,0.09697931902268375
independent_vector_shared_mlp,aggregate_mean_prediction,91,278,49,229,0.17625899280575538,0.8792442741288655,0.6211647356368521,0.1014967606404666,0.05084512527598292,False,,0.11742630773557632,0.1356556925129614
independent_vector_shared_mlp,aggregate_mean_prediction,92,270,46,224,0.17037037037037037,0.8790760869565217,0.5957713811137134,0.10035708140555849,0.04966636146657684,False,,0.11295729166666665,0.11154844521494889
independent_vector_shared_mlp,aggregate_mean_prediction,93,264,43,221,0.16287878787878787,0.8912974850047354,0.6205496100402942,0.09149178144820068,0.041210211055776595,False,,0.11014321368234119,0.16933800649699782
independent_vector_shared_mlp,aggregate_mean_prediction,94,260,42,218,0.16153846153846155,0.8849934469200524,0.6263035766853593,0.09186810865689805,0.058831585524872186,False,,0.10962181083452127,0.16195410422861178
independent_vector_shared_mlp,aggregate_mean_prediction,95,252,41,211,0.1626984126984127,0.8833660848456826,0.5945576930657144,0.09486046925801216,0.044463848920573035,False,,0.11019894276177536,0.13918893520531717
independent_vector_shared_mlp,aggregate_mean_prediction,96,252,41,211,0.1626984126984127,0.8786267483527915,0.5934815550798556,0.09558427078167211,0.05600590882029955,False,,0.11022993105465785,0.13286464150761046
independent_vector_shared_mlp,aggregate_mean_prediction,97,252,41,211,0.1626984126984127,0.8800138712287597,0.5916558162973621,0.09504261114025417,0.05340718147192143,False,,0.11027565323004204,0.13813604040060212
independent_vector_shared_mlp,aggregate_mean_prediction,98,250,40,210,0.16,0.878452380952381,0.581078913489765,0.0942087750982583,0.04469367016410841,False,,0.10927045196313599,0.1378385153010896
independent_vector_shared_mlp,aggregate_mean_prediction,99,246,40,206,0.16260162601626016,0.8842233009708738,0.6015303760055944,0.09484806733406989,0.07123457687350537,False,,0.11047613094270885,0.14146099682603308
monotone_conditional_survival_shared_mlp,aggregate_mean_prediction,1,674,651,23,0.9658753709198813,0.9431643625192012,0.9978943435868237,0.0305123653453866,0.026431583273974813,False,,0.03179571857208507,0.040362453950802735
monotone_conditional_survival_shared_mlp,aggregate_mean_prediction,2,670,631,39,0.9417910447761194,0.9426632532813198,0.9963831634286746,0.04265723370418302,0.01611673494108095,False,,0.05143357304355249,0.17063444789141746
monotone_conditional_survival_shared_mlp,aggregate_mean_prediction,3,664,611,53,0.9201807228915663,0.9457740172312633,0.9951905469988847,0.04956830689185618,0.024978527688696586,False,,0.06756963163777621,0.2664114678384012
monotone_conditional_survival_shared_mlp,aggregate_mean_prediction,4,660,601,59,0.9106060606060606,0.9520009024507178,0.9951757181584934,0.04875236533591773,0.03145090554482314,False,,0.07396341138387637,0.34085834571787355
monotone_conditional_survival_shared_mlp,aggregate_mean_prediction,5,660,593,67,0.8984848484848484,0.9572374216606679,0.9950945091956581,0.0487150112277554,0.021197253419239413,False,,0.08221218546861095,0.4074478016843981
monotone_conditional_survival_shared_mlp,aggregate_mean_prediction,6,658,581,77,0.8829787234042553,0.9524107561973311,0.9933940579428391,0.05277647449864349,0.023745687516578726,False,,0.09249116610700348,0.42938902470333074
monotone_conditional_survival_shared_mlp,aggregate_mean_prediction,7,656,574,82,0.875,0.9441233959377922,0.9895381532736716,0.05288594497497537,0.029384319031488085,False,,0.09771934490594321,0.4587975899154959
monotone_conditional_survival_shared_mlp,aggregate_mean_prediction,8,650,564,86,0.8676923076923077,0.9319231403595579,0.9842189440603032,0.060560795913443995,0.04480360665778742,False,,0.1034447791798012,0.41455918419835347
monotone_conditional_survival_shared_mlp,aggregate_mean_prediction,9,650,550,100,0.8461538461538461,0.9188727272727273,0.9785963153087917,0.06717621923944928,0.03463287550734056,False,,0.11888577654447553,0.4349515880537783
monotone_conditional_survival_shared_mlp,aggregate_mean_prediction,10,648,535,113,0.8256172839506173,0.9086758746174841,0.9719018153037349,0.07797746064391363,0.033119020337021056,False,,0.13272718288788818,0.41249818652612
monotone_conditional_survival_shared_mlp,aggregate_mean_prediction,11,644,524,120,0.8136645962732919,0.9020515267175573,0.9667966717733049,0.08269654859538575,0.034249423620175044,False,,0.14156975501489297,0.41586005720864483
monotone_conditional_survival_shared_mlp,aggregate_mean_prediction,12,642,516,126,0.8037383177570093,0.9024701611910915,0.9637539371595626,0.08650644986639995,0.020698719696984585,False,,0.148819001092084,0.41871367747675736
monotone_conditional_survival_shared_mlp,aggregate_mean_prediction,13,636,490,146,0.7704402515723271,0.8857422421023203,0.9505505371575418,0.10071962630756282,0.029803100671067877,False,,0.16762267561403082,0.3991288712066585
monotone_conditional_survival_shared_mlp,aggregate_mean_prediction,14,630,476,154,0.7555555555555555,0.8789152024446142,0.9446510869406552,0.10947063226599968,0.042088986122134846,False,,0.17516838708306176,0.3750548595615564
monotone_conditional_survival_shared_mlp,aggregate_mean_prediction,15,628,459,169,0.7308917197452229,0.887818901393562,0.9405664460929956,0.10717545298105773,0.02924246800728136,False,,0.18418948609162755,0.4181239371733637
monotone_conditional_survival_shared_mlp,aggregate_mean_prediction,16,624,446,178,0.7147435897435898,0.8902478964075176,0.9371597801002894,0.11001736969134186,0.03060470730274578,False,,0.18916174852867754,0.41839525936363997
monotone_conditional_survival_shared_mlp,aggregate_mean_prediction,17,622,435,187,0.6993569131832797,0.8861024033437827,0.9258525130433287,0.11190669462796744,0.038414002886749794,False,,0.19316626380514185,0.42067164098150034
monotone_conditional_survival_shared_mlp,aggregate_mean_prediction,18,618,417,201,0.6747572815533981,0.8919550926423041,0.9242574351191367,0.11162444485482385,0.039936776086591755,False,,0.19511600265432533,0.4279072790734555
monotone_conditional_survival_shared_mlp,aggregate_mean_prediction,19,618,408,210,0.6601941747572816,0.8965686274509804,0.9238116811806778,0.10741818262447062,0.04487835354853081,False,,0.1973615027386028,0.45572879647789477
monotone_conditional_survival_shared_mlp,aggregate_mean_prediction,20,612,396,216,0.6470588235294118,0.8969439768050879,0.9209911723000267,0.1093522302169811,0.041652532447450936,False,,0.19973326552219994,0.4525086748515268
monotone_conditional_survival_shared_mlp,aggregate_mean_prediction,21,612,392,220,0.6405228758169934,0.8955936920222635,0.9175441747501851,0.1116818942921772,0.03939685096510219,False,,0.20285209695560347,0.4494417559971289
monotone_conditional_survival_shared_mlp,aggregate_mean_prediction,22,612,383,229,0.6258169934640523,0.8820960698689956,0.9019680673847953,0.12168283564380264,0.040688331009854806,False,,0.20385935715860218,0.4031039961087799
monotone_conditional_survival_shared_mlp,aggregate_mean_prediction,23,610,364,246,0.5967213114754099,0.8853077816492451,0.8964835500414742,0.12463667453639767,0.037478707703975336,False,,0.20740007699302235,0.3990519369932979
monotone_conditional_survival_shared_mlp,aggregate_mean_prediction,24,606,350,256,0.5775577557755776,0.8866741071428571,0.8913849828597715,0.12762777291625058,0.04454533198453035,False,,0.2078626614666031,0.3859995248027924
monotone_conditional_survival_shared_mlp,aggregate_mean_prediction,25,600,341,259,0.5683333333333334,0.8837283030831418,0.8832270539961945,0.13032049279237723,0.05383178719805905,False,,0.21052205428393125,0.3809651286386656
monotone_conditional_survival_shared_mlp,aggregate_mean_prediction,26,592,326,266,0.5506756756756757,0.8874025554684256,0.8798206508627201,0.128577289423598,0.04867629162678373,False,,0.21242368502578124,0.3947130264311489
monotone_conditional_survival_shared_mlp,aggregate_mean_prediction,27,588,318,270,0.5408163265306123,0.8814931283484743,0.8694598340467831,0.13405838198513473,0.05175537039913306,False,,0.21420481301986444,0.3741579374656594
monotone_conditional_survival_shared_mlp,aggregate_mean_prediction,28,582,305,277,0.5240549828178694,0.8743682310469314,0.8544345282737009,0.14044156513327882,0.040988322067817995,False,,0.21390880519031513,0.3434512197460612
monotone_conditional_survival_shared_mlp,aggregate_mean_prediction,29,578,298,280,0.5155709342560554,0.8746284755512943,0.8519169921142451,0.1425716270313549,0.05262799642276143,False,,0.21149132516581798,0.3258748229055124
monotone_conditional_survival_shared_mlp,aggregate_mean_prediction,30,578,288,290,0.4982698961937716,0.8690134099616859,0.8430838315204086,0.14704196343837833,0.05752078512394683,False,,0.21350275626001258,0.3112877509679337
monotone_conditional_survival_shared_mlp,aggregate_mean_prediction,31,576,277,299,0.4809027777777778,0.8654600775147,0.8141190888708746,0.14924852090045915,0.058995415718570934,False,,0.2107840532885545,0.29193637482554624
monotone_conditional_survival_shared_mlp,aggregate_mean_prediction,32,574,275,299,0.47909407665505227,0.8638856795378534,0.8128848883352259,0.15020907970737768,0.05963397296500506,False,,0.21165164669065356,0.29030044388494314
monotone_conditional_survival_shared_mlp,aggregate_mean_prediction,33,568,261,307,0.4595070422535211,0.8552173424688307,0.7853737623457463,0.1540752309075804,0.06128809767814175,False,,0.21013112819491803,0.26676627003753606
monotone_conditional_survival_shared_mlp,aggregate_mean_prediction,34,568,252,316,0.44366197183098594,0.8570047217199116,0.7868706138051688,0.1551930303463952,0.06977977711212983,False,,0.20995071780074956,0.26081209927713267
monotone_conditional_survival_shared_mlp,aggregate_mean_prediction,35,566,246,320,0.43462897526501765,0.8548907520325203,0.7760267789107962,0.15447448598730598,0.05703393441862505,False,,0.2085135699921319,0.2591633916529511
monotone_conditional_survival_shared_mlp,aggregate_mean_prediction,36,562,238,324,0.4234875444839858,0.8603848946986202,0.7750689675938319,0.15197937001565962,0.06040303224365187,False,,0.2066415258907867,0.2645264819812494
monotone_conditional_survival_shared_mlp,aggregate_mean_prediction,37,560,228,332,0.40714285714285714,0.8680511519763263,0.7759308021178078,0.14887889719414815,0.06594254440418956,False,,0.19907123041794256,0.25213253124732027
monotone_conditional_survival_shared_mlp,aggregate_mean_prediction,38,554,221,333,0.3989169675090253,0.8641854524207465,0.7677122427416595,0.15127303189047625,0.06642185459995971,False,,0.20080703722303886,0.24667464854602972
monotone_conditional_survival_shared_mlp,aggregate_mean_prediction,39,548,214,334,0.3905109489051095,0.8647238233812748,0.7648055386212868,0.15044383976652556,0.06527773014529956,False,,0.19750337217816685,0.23827204514355893
monotone_conditional_survival_shared_mlp,aggregate_mean_prediction,40,540,210,330,0.3888888888888889,0.8670418470418471,0.7670798235491932,0.14900290072386585,0.06337749891847343,False,,0.19689672427839014,0.24324337405841112
monotone_conditional_survival_shared_mlp,aggregate_mean_prediction,41,534,205,329,0.3838951310861423,0.8769515901845949,0.7753790288980166,0.1393791870912163,0.04672211141620569,False,,0.19369202978174915,0.28040824783411167
monotone_conditional_survival_shared_mlp,aggregate_mean_prediction,42,528,199,329,0.3768939393939394,0.8786943837729682,0.7742283350855711,0.13802648759333802,0.04672616985780268,False,,0.19240607768065612,0.2826292742039783
monotone_conditional_survival_shared_mlp,aggregate_mean_prediction,43,518,196,322,0.3783783783783784,0.8779629864368107,0.7737751859295683,0.13752537066251738,0.04105215421077822,False,,0.1910213820470231,0.28005247795420507
monotone_conditional_survival_shared_mlp,aggregate_mean_prediction,44,512,184,328,0.359375,0.8686373276776246,0.7450268760518263,0.14182570973320968,0.05262104667800157,False,,0.18685116353407522,0.24096961961199903
monotone_conditional_survival_shared_mlp,aggregate_mean_prediction,45,504,181,323,0.35912698412698413,0.8713374270906385,0.7489274602578713,0.13985276085105733,0.04426268867914773,False,,0.1875446028978989,0.25429599844472983
monotone_conditional_survival_shared_mlp,aggregate_mean_prediction,46,496,175,321,0.3528225806451613,0.867716955941255,0.7401677476652053,0.14210688924439885,0.05128848225514915,False,,0.1890783761663725,0.24842336746452076
monotone_conditional_survival_shared_mlp,aggregate_mean_prediction,47,490,166,324,0.33877551020408164,0.868399524022014,0.729603461027411,0.14220491412134162,0.05020668085050952,False,,0.18653009993253505,0.23763020460089357
monotone_conditional_survival_shared_mlp,aggregate_mean_prediction,48,488,160,328,0.32786885245901637,0.8678925304878049,0.7238325866487216,0.1422514006083129,0.04948981538350708,False,,0.1842327877771015,0.22787142112608538
monotone_conditional_survival_shared_mlp,aggregate_mean_prediction,49,484,153,331,0.31611570247933884,0.8647591967300515,0.7111609414122253,0.14255313162387062,0.05577210588166725,False,,0.18205797605029028,0.21699046250798237
monotone_conditional_survival_shared_mlp,aggregate_mean_prediction,50,476,145,331,0.30462184873949577,0.864944265027607,0.7014373896819668,0.14138239371457517,0.052391681548464665,False,,0.18311680557092885,0.22791142367426342
monotone_conditional_survival_shared_mlp,aggregate_mean_prediction,51,464,139,325,0.2995689655172414,0.8672274488101827,0.7000929265467295,0.1389443767053067,0.05576783280224101,False,,0.18401921835254353,0.2449463814202415
monotone_conditional_survival_shared_mlp,aggregate_mean_prediction,52,458,136,322,0.29694323144104806,0.8638792473511143,0.6907199253556336,0.13990607812145553,0.0526347980439668,False,,0.18239227106605155,0.23293855982093703
monotone_conditional_survival_shared_mlp,aggregate_mean_prediction,53,448,134,314,0.29910714285714285,0.8623918623443293,0.6883589636901877,0.14053235139034323,0.04955434851849711,False,,0.18294377872033654,0.23182765561449914
monotone_conditional_survival_shared_mlp,aggregate_mean_prediction,54,438,129,309,0.2945205479452055,0.8593863676275055,0.6767155545542745,0.1410851781049308,0.05835109993592181,False,,0.18204292713340556,0.22498951029533776
monotone_conditional_survival_shared_mlp,aggregate_mean_prediction,55,438,128,310,0.2922374429223744,0.8612903225806452,0.6795637188996848,0.13973896540393757,0.05658562447992483,False,,0.18170408741118432,0.23095309855238677
monotone_conditional_survival_shared_mlp,aggregate_mean_prediction,56,434,124,310,0.2857142857142857,0.8597814776274714,0.676904112739363,0.1400729184702545,0.0678710365307982,False,,0.18129512076854765,0.2273762367323714
monotone_conditional_survival_shared_mlp,aggregate_mean_prediction,57,432,122,310,0.2824074074074074,0.856795346377578,0.662708388819678,0.14101735328174644,0.07085923436783277,False,,0.18096936990339085,0.22076673330394248
monotone_conditional_survival_shared_mlp,aggregate_mean_prediction,58,422,120,302,0.2843601895734597,0.8561810154525387,0.663183435884039,0.14113205040860277,0.07118355322375791,False,,0.18197087121015995,0.22442504412913444
monotone_conditional_survival_shared_mlp,aggregate_mean_prediction,59,418,116,302,0.27751196172248804,0.8579298926695592,0.6599816563377761,0.13844736253994572,0.05594978238440337,False,,0.17998996456881292,0.2308051014310013
monotone_conditional_survival_shared_mlp,aggregate_mean_prediction,60,416,114,302,0.27403846153846156,0.8588358313001045,0.6595485225985166,0.13778166919879767,0.05448605959588036,False,,0.17966380887447,0.2331139473110866
monotone_conditional_survival_shared_mlp,aggregate_mean_prediction,61,412,112,300,0.27184466019417475,0.860625,0.6602612660949464,0.13605249951205198,0.0630238511963477,False,,0.17966152881860323,0.24272881118907474
monotone_conditional_survival_shared_mlp,aggregate_mean_prediction,62,410,111,299,0.2707317073170732,0.8609177739612522,0.659842434920185,0.13496233369045482,0.05604154165892714,False,,0.17966355432289627,0.2488051669739495
monotone_conditional_survival_shared_mlp,aggregate_mean_prediction,63,402,105,297,0.26119402985074625,0.8592592592592593,0.6482304062170468,0.13417833506429766,0.049424981583351034,False,,0.17725115273902337,0.24300444318206604
monotone_conditional_survival_shared_mlp,aggregate_mean_prediction,64,396,103,293,0.2601010101010101,0.8628516518108619,0.6535675491363362,0.13126243543993035,0.0444569999452817,False,,0.17617840018535197,0.25494592241822434
monotone_conditional_survival_shared_mlp,aggregate_mean_prediction,65,394,100,294,0.25380710659898476,0.8658163265306122,0.6525206011443316,0.12886840758046167,0.04963078240491275,False,,0.17076887607736727,0.2453636134369268
monotone_conditional_survival_shared_mlp,aggregate_mean_prediction,66,390,97,293,0.24871794871794872,0.864079377924774,0.6477470985585853,0.12862477170198797,0.044709403760693114,False,,0.16997613984005217,0.24327748692831774
monotone_conditional_survival_shared_mlp,aggregate_mean_prediction,67,386,93,293,0.24093264248704663,0.8620499834856326,0.6256110237494603,0.12798079007754126,0.049741060015131455,False,,0.16559532654077044,0.22714733108103924
monotone_conditional_survival_shared_mlp,aggregate_mean_prediction,68,382,91,291,0.23821989528795812,0.8650353083342774,0.6321076564986032,0.12556047888891908,0.042435479673499525,False,,0.16386077193427417,0.23373680346579617
monotone_conditional_survival_shared_mlp,aggregate_mean_prediction,69,382,89,293,0.23298429319371727,0.8652452352647927,0.625140393325843,0.12444678253911734,0.039513140193732796,False,,0.16105299638841253,0.2272929698309477
monotone_conditional_survival_shared_mlp,aggregate_mean_prediction,70,376,87,289,0.23138297872340424,0.8658871256413316,0.6249947781448565,0.12349434625339681,0.04462609939446782,False,,0.16114990400984466,0.23366788821759066
monotone_conditional_survival_shared_mlp,aggregate_mean_prediction,71,376,84,292,0.22340425531914893,0.8669683626875407,0.6202110665615945,0.12059292744297596,0.03356647768556298,False,,0.15451909842178335,0.21955972643718613
monotone_conditional_survival_shared_mlp,aggregate_mean_prediction,72,374,82,292,0.2192513368983957,0.8664801202806549,0.6172087832468034,0.11928446796310735,0.0356041325216453,False,,0.15050962393162967,0.20746285289176347
monotone_conditional_survival_shared_mlp,aggregate_mean_prediction,73,372,80,292,0.21505376344086022,0.8653253424657534,0.6107817395151323,0.11929673816885844,0.040236425166300084,False,,0.14791043755591995,0.19345287499567865
monotone_conditional_survival_shared_mlp,aggregate_mean_prediction,74,368,77,291,0.20923913043478262,0.8595974472263133,0.5881448522664608,0.12065436415188652,0.04577045321216537,False,,0.1433226390279652,0.15816255568428117
monotone_conditional_survival_shared_mlp,aggregate_mean_prediction,75,362,76,286,0.20994475138121546,0.8654766286345233,0.6066897432783523,0.1176329141915088,0.04253447156370313,False,,0.14232455441956876,0.1734882665100057
monotone_conditional_survival_shared_mlp,aggregate_mean_prediction,76,354,75,279,0.211864406779661,0.8687216248506571,0.6167198321810793,0.11736486834820703,0.05602229779453402,False,,0.14336973022134722,0.18138320992158885
monotone_conditional_survival_shared_mlp,aggregate_mean_prediction,77,350,73,277,0.20857142857142857,0.8732505810790762,0.6266850436227788,0.11478331584646893,0.046524789589241715,False,,0.14102355932010385,0.18606992760743768
monotone_conditional_survival_shared_mlp,aggregate_mean_prediction,78,344,70,274,0.20348837209302326,0.8754953076120959,0.6307239018174451,0.11222932142537927,0.05050717855773333,False,,0.13642089043079694,0.17733038487745012
monotone_conditional_survival_shared_mlp,aggregate_mean_prediction,79,340,68,272,0.2,0.8814878892733564,0.6405898833091952,0.1080900891099136,0.045121831953334426,False,,0.13190260481912222,0.18053104972310952
monotone_conditional_survival_shared_mlp,aggregate_mean_prediction,80,334,66,268,0.19760479041916168,0.8758480325644504,0.6124266838144475,0.11005600129317253,0.050794821468934784,False,,0.12950104609334906,0.1501535731700564
monotone_conditional_survival_shared_mlp,aggregate_mean_prediction,81,332,62,270,0.18674698795180722,0.8780167264038232,0.6185741749427225,0.10513588580262562,0.04975426229315758,False,,0.12031205049562146,0.1261400219718486
monotone_conditional_survival_shared_mlp,aggregate_mean_prediction,82,328,61,267,0.18597560975609756,0.8784306502118254,0.6218523031813067,0.10474450906153142,0.046989463669041,False,,0.12019244893463557,0.12852670870784255
monotone_conditional_survival_shared_mlp,aggregate_mean_prediction,83,322,60,262,0.18633540372670807,0.8810432569974554,0.6274425621659289,0.10393971501132238,0.042158715407429714,False,,0.12045492939399241,0.13710700314016133
monotone_conditional_survival_shared_mlp,aggregate_mean_prediction,84,320,60,260,0.1875,0.8826282051282052,0.6325302138926112,0.10403297189342182,0.04438116758837408,False,,0.12099113154837879,0.14016035256415615
monotone_conditional_survival_shared_mlp,aggregate_mean_prediction,85,316,60,256,0.189873417721519,0.8828776041666667,0.6272243801111259,0.1049810108467943,0.037234248870742406,False,,0.12199133629793045,0.13943879924057134
monotone_conditional_survival_shared_mlp,aggregate_mean_prediction,86,308,59,249,0.19155844155844157,0.883193792117623,0.6307713198974435,0.10545852283419567,0.03797363000167994,False,,0.12273417175823167,0.14075663424907048
monotone_conditional_survival_shared_mlp,aggregate_mean_prediction,87,304,58,246,0.19078947368421054,0.8864592094196804,0.6334405891557403,0.10483624751547346,0.044331790948941026,False,,0.1225610730062125,0.14462035176405952
monotone_conditional_survival_shared_mlp,aggregate_mean_prediction,88,292,54,238,0.18493150684931506,0.8786181139122315,0.6026036399322605,0.10771301478389776,0.054491558028062576,False,,0.1205434448291377,0.10643822286169291
monotone_conditional_survival_shared_mlp,aggregate_mean_prediction,89,286,54,232,0.1888111888111888,0.8815453384418902,0.6095177267226949,0.10873306515305303,0.056528126375437804,False,,0.12220719411307646,0.11025643013746
monotone_conditional_survival_shared_mlp,aggregate_mean_prediction,90,282,52,230,0.18439716312056736,0.8816053511705686,0.6043473400337291,0.10710018738266565,0.05936389729683045,False,,0.12037122186002354,0.11025089113733866
monotone_conditional_survival_shared_mlp,aggregate_mean_prediction,91,278,49,229,0.17625899280575538,0.8930576597451207,0.6145496262466353,0.09927006284252402,0.05031411117163697,False,,0.11742630773557632,0.15461820475473875
monotone_conditional_survival_shared_mlp,aggregate_mean_prediction,92,270,46,224,0.17037037037037037,0.8924689440993789,0.5962442979219359,0.09719950430278546,0.04757788598436498,False,,0.11295729166666665,0.1395021705228373
monotone_conditional_survival_shared_mlp,aggregate_mean_prediction,93,264,43,221,0.16287878787878787,0.8948753025360412,0.6027503946479256,0.09252550461932937,0.04170249767207,False,,0.11014321368234119,0.15995274219819122
monotone_conditional_survival_shared_mlp,aggregate_mean_prediction,94,260,42,218,0.16153846153846155,0.8918741808650066,0.5928395617830569,0.09324804528459066,0.04090422958104906,False,,0.10962181083452127,0.14936594666044611
monotone_conditional_survival_shared_mlp,aggregate_mean_prediction,95,252,41,211,0.1626984126984127,0.8881054213385736,0.5884512159543736,0.0951680389954359,0.04132213830329954,False,,0.11019894276177536,0.13639789447737993
monotone_conditional_survival_shared_mlp,aggregate_mean_prediction,96,252,41,211,0.1626984126984127,0.8871806727545949,0.5878624387806698,0.09581507988307716,0.05378513069969473,False,,0.11022993105465785,0.13077075376589897
monotone_conditional_survival_shared_mlp,aggregate_mean_prediction,97,252,41,211,0.1626984126984127,0.8857935498786268,0.5859315978446237,0.09663080263616694,0.05009978824763013,False,,0.11027565323004204,0.12373402645288412
monotone_conditional_survival_shared_mlp,aggregate_mean_prediction,98,250,40,210,0.16,0.8842857142857142,0.5820207960691711,0.09647936210819644,0.05296525732205425,False,,0.10927045196313599,0.11705900017009918
monotone_conditional_survival_shared_mlp,aggregate_mean_prediction,99,246,40,206,0.16260162601626016,0.8885922330097087,0.5974736762889459,0.09635789344549438,0.04994020021461265,False,,0.11047613094270885,0.1277944600045413
