model,seed,group,offset,sample_count,positive_count,negative_count,positive_rate,auroc,auprc,brier,ece,undefined_discrimination,undefined_reason,empirical_brier,brier_skill_score_vs_empirical
constant_prior,train_only,arm,1,337,337,0,1.0,,,0.2727052987082557,0.5222119289218273,True,one_label_class,0.0,
constant_prior,train_only,arm,2,335,335,0,1.0,,,0.2727052987082557,0.5222119289218273,True,one_label_class,1.0971696205580633e-07,-2485533.539040073
constant_prior,train_only,arm,3,332,331,1,0.9969879518072289,0.5,0.9981710473763158,0.2725714919075218,0.5191998807290562,False,,0.003004796264678611,-89.71213749551025
constant_prior,train_only,arm,4,330,329,1,0.996969696969697,0.5,0.9981445880253969,0.2725706809572143,0.5191816258915243,False,,0.003022871542024776,-89.16945548888305
constant_prior,train_only,arm,5,330,328,2,0.9939393939393939,0.5,0.9952520364008342,0.2724360632061729,0.5161513228612211,False,,0.006024325535756637,-44.22266627013472
constant_prior,train_only,arm,6,329,325,4,0.9878419452887538,0.5,0.9934032643406087,0.2721651910141079,0.5100538742105811,False,,0.01201067190430174,-21.66028022267674
constant_prior,train_only,arm,7,328,323,5,0.9847560975609756,0.5,0.9876641588991921,0.27202810575332187,0.5069680264828029,False,,0.015017613294873156,-17.113937308945705
constant_prior,train_only,arm,8,325,318,7,0.9784615384615385,0.5,0.9690742114717106,0.2717484771547001,0.5006734673833658,False,,0.021126667479450995,-11.862817925213156
constant_prior,train_only,arm,9,325,311,14,0.9569230769230769,0.5,0.9533461133913498,0.27079165560114443,0.47913500584490426,False,,0.04122266349263274,-5.568999493434964
constant_prior,train_only,arm,10,324,303,21,0.9351851851851852,0.5,0.9221237530157945,0.26982597458875957,0.45739711410701256,False,,0.060791990770155735,-3.4385119021505
constant_prior,train_only,arm,11,322,296,26,0.9192546583850931,0.5,0.8928500643858573,0.26911827913081776,0.44146658730692045,False,,0.07468134188682278,-2.6035544130776067
constant_prior,train_only,arm,12,321,291,30,0.9065420560747663,0.5,0.8833738430091589,0.26855353629296086,0.4287539849965937,False,,0.08526306577824339,-2.1497053717424244
constant_prior,train_only,arm,13,318,278,40,0.8742138364779874,0.5,0.852130641961308,0.2671173920612551,0.39642576539981483,False,,0.11188460825401847,-1.3874364510871966
constant_prior,train_only,arm,14,315,271,44,0.8603174603174604,0.5,0.8342578681526216,0.26650006142215793,0.38252938923928775,False,,0.12225693558849185,-1.1798359343733118
constant_prior,train_only,arm,15,314,266,48,0.8471337579617835,0.5,0.8210689563251253,0.26591439050285626,0.3693456868836108,False,,0.13137526221823445,-1.0240826622376722
constant_prior,train_only,arm,16,312,262,50,0.8397435897435898,0.5,0.8172354800281816,0.2655860907204905,0.36195551866541714,False,,0.13616860960986754,-0.9504208163791417
constant_prior,train_only,arm,17,311,259,52,0.8327974276527331,0.5,0.8067961382889993,0.2652775154032073,0.3550093565745605,False,,0.14052901066773527,-0.8877064183595911
constant_prior,train_only,arm,18,309,257,52,0.8317152103559871,0.5,0.8051581170527266,0.2652294391358607,0.3539271392778144,False,,0.14047852592407148,-0.8880425843820214
constant_prior,train_only,arm,19,309,255,54,0.8252427184466019,0.5,0.801098516060302,0.264941906075384,0.34745464736842924,False,,0.14465560902375854,-0.8315356581290212
constant_prior,train_only,arm,20,306,250,56,0.8169934640522876,0.5,0.7898461243260074,0.26457544237085484,0.3392053929741149,False,,0.14998623109982123,-0.7639982045736609
constant_prior,train_only,arm,21,306,247,59,0.8071895424836601,0.5,0.7840665005175973,0.2641399143527798,0.3294014714054875,False,,0.15614105014125432,-0.6916750214874523
constant_prior,train_only,arm,22,306,245,61,0.8006535947712419,0.5,0.771069275272973,0.26384956234072976,0.3228655236930692,False,,0.15997048742241848,-0.6493639957725947
constant_prior,train_only,arm,23,305,238,67,0.780327868852459,0.5,0.7559006571916772,0.2629466151819447,0.3025397977742863,False,,0.17229128530054183,-0.5261747843094056
constant_prior,train_only,arm,24,303,233,70,0.768976897689769,0.5,0.7449828327243437,0.26244236125262593,0.29118882661159634,False,,0.17862765779020476,-0.46921459139804744
constant_prior,train_only,arm,25,300,227,73,0.7566666666666667,0.5,0.7285884898094351,0.261895493299633,0.2788785955884941,False,,0.18537679386254033,-0.4127738852460274
constant_prior,train_only,arm,26,296,219,77,0.7398648648648649,0.5,0.7210183235030787,0.2611490924448725,0.2620767937866923,False,,0.19401181586952818,-0.3460473594066753
constant_prior,train_only,arm,27,294,214,80,0.7278911564625851,0.5,0.7078148101210923,0.2606171741249483,0.2501030853844125,False,,0.19980111624891983,-0.30438297351783317
constant_prior,train_only,arm,28,291,208,83,0.7147766323024055,0.5,0.709650757109142,0.2600345763679693,0.2369885612242329,False,,0.205568487434641,-0.2649534936654401
constant_prior,train_only,arm,29,289,206,83,0.71280276816609,0.5,0.7198380270409154,0.2599468897081749,0.2350146970879174,False,,0.2059465129149699,-0.26220583213030846
constant_prior,train_only,arm,30,289,200,89,0.6920415224913494,0.5,0.6979720135852844,0.259024595081663,0.2142534514131768,False,,0.21519484327673813,-0.20367473094399524
constant_prior,train_only,arm,31,288,196,92,0.6805555555555556,0.5,0.6891724335721766,0.2585143441193104,0.20276748447738296,False,,0.21930260462977857,-0.17880197800536002
constant_prior,train_only,arm,32,287,194,93,0.6759581881533101,0.5,0.6863168940683051,0.258310111323378,0.19817011707513754,False,,0.2207107478502448,-0.1703558337750044
constant_prior,train_only,arm,33,284,187,97,0.6584507042253521,0.5,0.6524048838723641,0.2575323613461623,0.1806626331471795,False,,0.2275188474006327,-0.1319166051007612
constant_prior,train_only,arm,34,284,182,102,0.6408450704225352,0.5,0.6265765204773915,0.25675025117285855,0.16305699934436263,False,,0.23412855849132957,-0.09662081732915428
constant_prior,train_only,arm,35,283,179,104,0.6325088339222615,0.5,0.6196109539046745,0.25637992338761934,0.15472076284408898,False,,0.23627333847444035,-0.08509883105306049
constant_prior,train_only,arm,36,281,175,106,0.6227758007117438,0.5,0.6107769901731644,0.2559475445038877,0.14498772963357115,False,,0.23934758713372956,-0.06935502283080597
constant_prior,train_only,arm,37,280,173,107,0.6178571428571429,0.5,0.607435596663673,0.2557290387465733,0.14006907177897027,False,,0.24016343054374698,-0.06481256604131902
constant_prior,train_only,arm,38,277,167,110,0.6028880866425993,0.5,0.5834489851561063,0.2550640555212447,0.12510001556442668,False,,0.24459527893859329,-0.04280040329510881
constant_prior,train_only,arm,39,274,164,110,0.5985401459854015,0.5,0.5808222826635696,0.2548709032235767,0.12075207490722889,False,,0.24581881055496513,-0.03682424729082112
constant_prior,train_only,arm,40,270,161,109,0.5962962962962963,0.5,0.5706017678505121,0.2547712227639654,0.1185082252181236,False,,0.2452471856268681,-0.038834440088489686
constant_prior,train_only,arm,41,267,159,108,0.5955056179775281,0.5,0.5712315930746407,0.25473609778273243,0.11771754689935543,False,,0.24477517958980743,-0.04069415130086895
constant_prior,train_only,arm,42,264,155,109,0.5871212121212122,0.5,0.560084006776594,0.25436363012886787,0.10933314104303948,False,,0.24589627668217406,-0.03443465497299103
constant_prior,train_only,arm,43,259,153,106,0.5907335907335908,0.5,0.5729665796379257,0.25452410592282165,0.1129455196554181,False,,0.24358215358215365,-0.04492099351185663
constant_prior,train_only,arm,44,256,146,110,0.5703125,0.5,0.5648900080971764,0.25361692229106025,0.09252442892182722,False,,0.2471974872798964,-0.02596885219911349
constant_prior,train_only,arm,45,252,143,109,0.5674603174603174,0.5,0.5577008851602523,0.25349021733937327,0.08967224638214477,False,,0.24701008607493533,-0.02623427799005773
constant_prior,train_only,arm,46,248,137,111,0.5524193548387096,0.5,0.5409449555059216,0.2528220397540392,0.07463128376053685,False,,0.24840636013022163,-0.01777603287412921
constant_prior,train_only,arm,47,245,131,114,0.5346938775510204,0.5,0.535548372000457,0.2520346056708,0.0569058064728476,False,,0.25049502867262613,-0.006146137934681217
constant_prior,train_only,arm,48,244,127,117,0.5204918032786885,0.5,0.5021467341992369,0.25140369474224084,0.04270373220051571,False,,0.2511999252590032,-0.0008111844899139076
constant_prior,train_only,arm,49,242,122,120,0.5041322314049587,0.5,0.48437769962923444,0.25067693944693925,0.02634416032678588,False,,0.25199945364392295,0.005248083588516139
constant_prior,train_only,arm,50,238,114,124,0.4789915966386555,0.5,0.43767776734037966,0.24956009546198177,0.0012035255604826989,False,,0.25253603535914615,0.011784218806366042
constant_prior,train_only,arm,51,232,108,124,0.46551724137931033,0.5,0.42343750031549704,0.2489615126194057,0.012270829698862451,False,,0.2519718401668731,0.011947079266769411
constant_prior,train_only,arm,52,229,106,123,0.462882096069869,0.5,0.4160815716517334,0.24884444929878172,0.014905975008303762,False,,0.2505661906732054,0.0068714033996278845
constant_prior,train_only,arm,53,224,104,120,0.4642857142857143,0.5,0.41998290433423513,0.24890680343486915,0.013502356792458425,False,,0.24966444408645325,0.003034635766243632
constant_prior,train_only,arm,54,219,100,119,0.45662100456621,0.5,0.41352277783211444,0.24856630745987704,0.021167066511962707,False,,0.24895527193982547,0.0015623869979441984
constant_prior,train_only,arm,55,219,99,120,0.4520547945205479,0.5,0.4065443201154189,0.24836345879392427,0.025733276557624807,False,,0.24830932196979622,-0.0002180217146041663
constant_prior,train_only,arm,56,217,95,122,0.4377880184331797,0.5,0.3872620946541942,0.2477296735611318,0.04000005264499307,False,,0.2467231406746477,-0.004079604708872475
constant_prior,train_only,arm,57,216,93,123,0.4305555555555556,0.5,0.3770293483947896,0.24740837965839665,0.04723251552261715,False,,0.24567182629589382,-0.007068589787789792
constant_prior,train_only,arm,58,211,91,120,0.4312796208530806,0.5,0.37829432471712354,0.24744054543224347,0.046508450225092146,False,,0.2453854941634914,-0.00837478709064543
constant_prior,train_only,arm,59,209,88,121,0.42105263157894735,0.5,0.3602945433538807,0.24698622311456078,0.05673543949922544,False,,0.24393184879245497,-0.01252142488660657
constant_prior,train_only,arm,60,208,86,122,0.41346153846153844,0.5,0.3527427955859147,0.24664899747303506,0.06432653261663429,False,,0.24272303930132316,-0.016174641612154872
constant_prior,train_only,arm,61,206,84,122,0.4077669902912621,0.5,0.3497842775657266,0.24639602367463487,0.0700210807869106,False,,0.24161278287695348,-0.01979713465788513
constant_prior,train_only,arm,62,205,83,122,0.40487804878048783,0.5,0.3488424304111307,0.24626768574764157,0.07291002229768495,False,,0.2409881385710734,-0.02190791301129158
constant_prior,train_only,arm,63,201,78,123,0.3880597014925373,0.5,0.33488494908728006,0.24552054987855645,0.08972836958563546,False,,0.23770773753538663,-0.032867303454969576
constant_prior,train_only,arm,64,198,77,121,0.3888888888888889,0.5,0.3315015970843581,0.24555738558157775,0.08889918218928383,False,,0.23767072031013167,-0.03318315887272494
constant_prior,train_only,arm,65,197,77,120,0.39086294416243655,0.5,0.33453241784373344,0.24564508073242536,0.08692512691573617,False,,0.23813094094436135,-0.03155465542724101
constant_prior,train_only,arm,66,195,74,121,0.37948717948717947,0.5,0.3253074264740009,0.24513972537962883,0.09830089159099321,False,,0.2354781453970776,-0.04102962492022044
constant_prior,train_only,arm,67,193,72,121,0.37305699481865284,0.5,0.3232231923518537,0.2448540717700058,0.10473107625951988,False,,0.23388584674877022,-0.046895633804713066
constant_prior,train_only,arm,68,191,71,120,0.3717277486910995,0.5,0.32397647867411083,0.24479502152899613,0.10606032238707319,False,,0.23357386728020435,-0.04804113739029914
constant_prior,train_only,arm,69,191,70,121,0.36649214659685864,0.5,0.3208051114409145,0.24456243588583565,0.11129592448131403,False,,0.2322127297825423,-0.05318272652346989
constant_prior,train_only,arm,70,188,68,120,0.3617021276595745,0.5,0.31862712679069743,0.24434964476549728,0.11608594341859824,False,,0.2308977106460057,-0.05825927888958171
constant_prior,train_only,arm,71,188,68,120,0.3617021276595745,0.5,0.31862712679069743,0.24434964476549728,0.11608594341859824,False,,0.23097949231386855,-0.05788458671240204
constant_prior,train_only,arm,72,187,68,119,0.36363636363636365,0.5,0.319870762821652,0.24443557098956625,0.11415170744180902,False,,0.23167965539804136,-0.055058419219457866
constant_prior,train_only,arm,73,186,67,119,0.3602150537634409,0.5,0.3184390927469796,0.24428358320613242,0.1175730173147318,False,,0.23076634165305482,-0.05857544673217574
constant_prior,train_only,arm,74,184,66,118,0.358695652173913,0.5,0.31454096392378594,0.24421608552591184,0.11909241890425966,False,,0.23040087800283238,-0.05996160970753617
constant_prior,train_only,arm,75,181,66,115,0.36464088397790057,0.5,0.31831283153249307,0.24448019565841975,0.11314718710027216,False,,0.2324473685299053,-0.05176581350270859
constant_prior,train_only,arm,76,177,65,112,0.3672316384180791,0.5,0.3217036678598988,0.24459528696537805,0.11055643266009363,False,,0.23336877557517713,-0.048106313119787636
constant_prior,train_only,arm,77,175,64,111,0.3657142857142857,0.5,0.32471798774851046,0.24452788030456604,0.1120737853638869,False,,0.23315957935411383,-0.048757597615950665
constant_prior,train_only,arm,78,172,63,109,0.36627906976744184,0.5,0.32691107279974907,0.24455297019105582,0.11150900131073084,False,,0.2337615027817385,-0.04616443375363333
constant_prior,train_only,arm,79,170,63,107,0.37058823529411766,0.5,0.3370489047494687,0.24474439994783767,0.10719983578405501,False,,0.23525343206531646,-0.040343589460944074
constant_prior,train_only,arm,80,167,62,105,0.3712574850299401,0.5,0.33871377379991147,0.24477413060296377,0.1065305860482325,False,,0.23557750594495752,-0.03903863665215579
constant_prior,train_only,arm,81,166,61,105,0.3674698795180723,0.5,0.33651906262689746,0.24460587055413674,0.11031819156010038,False,,0.23451793698774479,-0.04301561618682981
constant_prior,train_only,arm,82,164,60,104,0.36585365853658536,0.5,0.33721760992913025,0.24453407178301118,0.11193441254158731,False,,0.234214988652722,-0.04405816719778599
constant_prior,train_only,arm,83,161,59,102,0.36645962732919257,0.5,0.3389765358025164,0.24456099125451164,0.1113284437489801,False,,0.23471200905917994,-0.041961986669580176
constant_prior,train_only,arm,84,160,59,101,0.36875,0.5,0.34091221957525725,0.24466273844444855,0.10903807107817265,False,,0.23574425320338244,-0.03783118833175503
constant_prior,train_only,arm,85,158,59,99,0.37341772151898733,0.5,0.3488994628219627,0.24487009664166184,0.10437034955918535,False,,0.23768789556962025,-0.03021694081151849
constant_prior,train_only,arm,86,154,58,96,0.37662337662337664,0.5,0.36070439789130176,0.24501250420831502,0.10116469445479598,False,,0.23901611634451145,-0.025087797239415233
constant_prior,train_only,arm,87,152,57,95,0.375,0.5,0.3589139949145742,0.2449403875559714,0.10278807107817262,False,,0.23858231808496275,-0.026649374195217845
constant_prior,train_only,arm,88,146,53,93,0.363013698630137,0.5,0.3343163845588536,0.2444079098078454,0.11477437244803562,False,,0.23427553988856942,-0.04324979860934408
constant_prior,train_only,arm,89,143,53,90,0.3706293706293706,0.5,0.3384787778173238,0.2447462273381233,0.10715870044880194,False,,0.23745541655576263,-0.030703914394172305
constant_prior,train_only,arm,90,141,51,90,0.3617021276595745,0.5,0.32747175625775077,0.2443496447654973,0.11608594341859818,False,,0.23367858184251059,-0.04566555838728337
constant_prior,train_only,arm,91,139,48,91,0.34532374100719426,0.5,0.31708045950096275,0.24362205364514353,0.1324643300709783,False,,0.22768772473617443,-0.06998325855042231
constant_prior,train_only,arm,92,135,46,89,0.34074074074074073,0.5,0.31099924191730305,0.24341845909280918,0.13704733033743177,False,,0.22591388888888897,-0.07748337337740874
constant_prior,train_only,arm,93,132,43,89,0.32575757575757575,0.5,0.28444787844637476,0.24275284910154904,0.15203049532059681,False,,0.22028571160860058,-0.10199089777038117
constant_prior,train_only,arm,94,130,42,88,0.3230769230769231,0.5,0.2799489596977953,0.2426337641679355,0.15471114800124947,False,,0.21924286683869443,-0.10668943380698748
constant_prior,train_only,arm,95,126,41,85,0.3253968253968254,0.5,0.2860376263222863,0.24273682317880602,0.15239124568134738,False,,0.22039710651866717,-0.10136120665561776
constant_prior,train_only,arm,96,126,41,85,0.3253968253968254,0.5,0.2860376263222863,0.24273682317880602,0.15239124568134738,False,,0.22045904015254894,-0.10105180087349441
constant_prior,train_only,arm,97,126,41,85,0.3253968253968254,0.5,0.2860376263222863,0.24273682317880602,0.15239124568134738,False,,0.2205504616828349,-0.10059539810837692
constant_prior,train_only,arm,98,125,40,85,0.32,0.5,0.28378009270457116,0.2424970753745704,0.15778807107817278,False,,0.218540903926272,-0.10961870760990511
constant_prior,train_only,arm,99,123,40,83,0.3252032520325203,0.5,0.2876154673474141,0.24272822390318777,0.15258481904565246,False,,0.22095226188541764,-0.09855505362087125
constant_prior,train_only,gripper,1,337,314,23,0.9317507418397626,0.5,0.9185252057872767,0.2696734033658104,0.4539626707615899,False,,0.06359143714417013,-3.2407188054961775
constant_prior,train_only,gripper,2,335,296,39,0.8835820895522388,0.5,0.8821688956569502,0.267533566004069,0.40579401847406615,False,,0.10286703637014291,-1.6007706204484418
constant_prior,train_only,gripper,3,332,280,52,0.8433734939759037,0.5,0.8133413397526028,0.2657473450700929,0.365585422897731,False,,0.13213446701087386,-1.0111886859030013
constant_prior,train_only,gripper,4,330,272,58,0.8242424242424242,0.5,0.8009347144929103,0.2648974691478557,0.3464543531642515,False,,0.14490395122572794,-0.8280900341717026
constant_prior,train_only,gripper,5,330,265,65,0.803030303030303,0.5,0.7891627663810503,0.2639551448905661,0.32524223195213026,False,,0.15840004540146527,-0.6663830128430279
constant_prior,train_only,gripper,6,329,256,73,0.7781155015197568,0.5,0.7535061817403874,0.26284833329005874,0.30032743044158416,False,,0.17297166030970518,-0.5196034588523326
constant_prior,train_only,gripper,7,328,251,77,0.7652439024390244,0.5,0.7403574064723394,0.26227652720227573,0.28745583136085173,False,,0.18042107651701325,-0.4536911776908932
constant_prior,train_only,gripper,8,325,246,79,0.7569230769230769,0.5,0.7368716633751122,0.26190688403241347,0.27913500584490425,False,,0.1857628908801514,-0.4098988381990021
constant_prior,train_only,gripper,9,325,239,86,0.7353846153846154,0.5,0.7170297093435982,0.2609500624788578,0.25759654430644274,False,,0.1965488895963183,-0.32765981540170386
constant_prior,train_only,gripper,10,324,232,92,0.7160493827160493,0.5,0.7036592676447194,0.26009111685141545,0.23826131163787667,False,,0.20466237500562065,-0.2708301506042454
constant_prior,train_only,gripper,11,322,228,94,0.7080745341614907,0.5,0.6873266416066898,0.25973684331290303,0.23028646308331804,False,,0.20845816814296314,-0.24599024171973127
constant_prior,train_only,gripper,12,321,225,96,0.7009345794392523,0.5,0.6678009714488343,0.2594196589793122,0.22314650836107963,False,,0.21237493640592467,-0.22151730034408668
constant_prior,train_only,gripper,13,318,212,106,0.6666666666666666,0.5,0.6277933882090876,0.2578973460937041,0.188878595588494,False,,0.2233607429740432,-0.15462252972392032
constant_prior,train_only,gripper,14,315,205,110,0.6507936507936508,0.5,0.6137460918561384,0.25719220549301114,0.1730055797154782,False,,0.22807983857763173,-0.1276411238140649
constant_prior,train_only,gripper,15,314,193,121,0.6146496815286624,0.5,0.5779911750754247,0.25558655094047783,0.13686161045048972,False,,0.23700370996502057,-0.07840738433250638
constant_prior,train_only,gripper,16,312,184,128,0.5897435897435898,0.5,0.561552032651087,0.2544801262595768,0.11195551866541716,False,,0.24215488744748753,-0.0508981625025513
constant_prior,train_only,gripper,17,311,176,135,0.5659163987138264,0.5,0.5311580552479788,0.253421630512457,0.08812832763565376,False,,0.2458035169425484,-0.03099269556704165
constant_prior,train_only,gripper,18,309,160,149,0.517799352750809,0.5,0.4936436282412677,0.2512840857027393,0.040011281672636345,False,,0.24975347938457917,-0.006128468447893942
constant_prior,train_only,gripper,19,309,153,156,0.49514563106796117,0.5,0.47229212427210915,0.25027771999107074,0.017357559989788496,False,,0.2500673964534471,-0.000841067410652041
constant_prior,train_only,gripper,20,306,146,160,0.477124183006536,0.5,0.45947888772079054,0.24947713774425317,0.0006638880716366979,False,,0.24948029994457863,1.267515040725975e-05
constant_prior,train_only,gripper,21,306,145,161,0.4738562091503268,0.5,0.459005915597803,0.24933196173822814,0.003931861927845892,False,,0.24956314376995264,0.0009263468484658199
constant_prior,train_only,gripper,22,306,138,168,0.45098039215686275,0.5,0.4388617446930765,0.24831572969605303,0.026807678921309915,False,,0.24774822689478582,-0.0022906432404388166
constant_prior,train_only,gripper,23,305,126,179,0.4131147540983607,0.5,0.3964072223859375,0.24663359197378282,0.06467331697981199,False,,0.2425088686855028,-0.01700854616426062
constant_prior,train_only,gripper,24,303,117,186,0.38613861386138615,0.5,0.364839248562605,0.245435207754725,0.09164945721678647,False,,0.2370976651430015,-0.035165013568121184
constant_prior,train_only,gripper,25,300,114,186,0.38,0.5,0.36258403607271533,0.2451625068451897,0.09778807107817261,False,,0.23566731470532218,-0.04029066207904264
constant_prior,train_only,gripper,26,296,107,189,0.3614864864864865,0.5,0.34338620043024987,0.24434006515267878,0.11630158459168612,False,,0.23083555418203433,-0.05850273376862458
constant_prior,train_only,gripper,27,294,104,190,0.35374149659863946,0.5,0.33889191536885654,0.24399600282290054,0.12404657447953309,False,,0.22860850979080902,-0.06730936239500451
constant_prior,train_only,gripper,28,291,97,194,0.3333333333333333,0.5,0.31110725366868736,0.24308939347915245,0.1444547377448393,False,,0.2222491229459893,-0.0937698662515205
constant_prior,train_only,gripper,29,289,92,197,0.31833910034602075,0.5,0.307007036886702,0.24242329180444944,0.15944897073215186,False,,0.21703613741666608,-0.11697201530565882
constant_prior,train_only,gripper,30,289,88,201,0.3044982698961938,0.5,0.2928392510691155,0.2418084287201082,0.17328980118197884,False,,0.2118106692432871,-0.14162534674948546
constant_prior,train_only,gripper,31,288,81,207,0.28125,0.5,0.2602931336066729,0.24077565088312877,0.19653807107817262,False,,0.20226550194733045,-0.19039405417650657
constant_prior,train_only,gripper,32,287,81,206,0.28222996515679444,0.5,0.2611864111562351,0.24081918471594596,0.19555810592137812,False,,0.20259254553106232,-0.18868729392129868
constant_prior,train_only,gripper,33,284,74,210,0.2605633802816901,0.5,0.23801861185955636,0.23985667142949688,0.2172246907964825,False,,0.19274340898920336,-0.24443514145239909
constant_prior,train_only,gripper,34,284,70,214,0.24647887323943662,0.5,0.2220453896580595,0.2392309832908538,0.231309197838736,False,,0.1857728771101695,-0.2877605547820734
constant_prior,train_only,gripper,35,283,67,216,0.23674911660777384,0.5,0.216386493511141,0.23879874996539543,0.24103895447039872,False,,0.18075380150982343,-0.321127124136404
constant_prior,train_only,gripper,36,281,63,218,0.22419928825622776,0.5,0.20271526689782185,0.23824123817474413,0.25358878282194486,False,,0.17393546464784382,-0.36971053405983745
constant_prior,train_only,gripper,37,280,55,225,0.19642857142857142,0.5,0.17738663337432198,0.23700755579817592,0.28135949964960116,False,,0.1579790302921381,-0.500246933785431
constant_prior,train_only,gripper,38,277,54,223,0.19494584837545126,0.5,0.17319555464258748,0.2369416875200426,0.28284222270272136,False,,0.15701879550748443,-0.5090020704479838
constant_prior,train_only,gripper,39,274,50,224,0.18248175182481752,0.5,0.16358349561807525,0.23638798426672766,0.2953063192533551,False,,0.14918793380136858,-0.5844980102845232
constant_prior,train_only,gripper,40,270,49,221,0.1814814814814815,0.5,0.16335174170805625,0.23634354839919006,0.2963065895966912,False,,0.14854626292991213,-0.5910433809479467
constant_prior,train_only,gripper,41,267,46,221,0.17228464419475656,0.5,0.15614610727047298,0.23593498940695337,0.30550342688341614,False,,0.14260887997369084,-0.6544200434817227
constant_prior,train_only,gripper,42,264,44,220,0.16666666666666666,0.5,0.15602912468024474,0.23568541717187666,0.31112140441150604,False,,0.13891587867913816,-0.6966053082833861
constant_prior,train_only,gripper,43,259,43,216,0.16602316602316602,0.5,0.161370428759962,0.23565683039076746,0.31176490505500665,False,,0.1384606105118926,-0.7019774036784745
constant_prior,train_only,gripper,44,256,38,218,0.1484375,0.5,0.15456584616052638,0.23487560726326834,0.3293505710781728,False,,0.12650483978825405,-0.8566531340335051
constant_prior,train_only,gripper,45,252,38,214,0.15079365079365079,0.5,0.15538154303309906,0.23498027657118373,0.32699442028452186,False,,0.1280791197208624,-0.8346493720701966
constant_prior,train_only,gripper,46,248,38,210,0.1532258064516129,0.5,0.15810296482975456,0.23508832230838664,0.3245622646265599,False,,0.1297503922025234,-0.8118505718383069
constant_prior,train_only,gripper,47,245,35,210,0.14285714285714285,0.5,0.1423051036859752,0.23462770627083726,0.33493092822102993,False,,0.12256517119244395,-0.9143097830169056
constant_prior,train_only,gripper,48,244,33,211,0.13524590163934427,0.5,0.13627899743447103,0.234289585572964,0.34254216943882854,False,,0.11726565029519984,-0.9979387398029416
constant_prior,train_only,gripper,49,242,31,211,0.128099173553719,0.5,0.12253535221889689,0.2339721003404409,0.34968889752445376,False,,0.11211649845665764,-1.0868659257218116
constant_prior,train_only,gripper,50,238,31,207,0.13025210084033614,0.5,0.12368093434129294,0.23406774167616937,0.34753597023783667,False,,0.1136975757827116,-1.058687180133886
constant_prior,train_only,gripper,51,232,31,201,0.1336206896551724,0.5,0.1252079848924494,0.23421738738681333,0.3441673814230004,False,,0.11606659653821398,-1.0179568831390622
constant_prior,train_only,gripper,52,229,30,199,0.13100436681222707,0.5,0.12086086939861927,0.23410116023276523,0.34678370426594574,False,,0.11421835145889767,-1.0495932329841784
constant_prior,train_only,gripper,53,224,30,194,0.13392857142857142,0.5,0.12330142946502913,0.23423106468294747,0.3438594996496013,False,,0.11622311335421984,-1.0153569967538902
constant_prior,train_only,gripper,54,219,29,190,0.1324200913242009,0.5,0.12602060098455753,0.23416405217723096,0.3453679797539718,False,,0.11513058232698564,-1.0338996593639647
constant_prior,train_only,gripper,55,219,29,190,0.1324200913242009,0.5,0.12602060098455753,0.23416405217723096,0.3453679797539718,False,,0.11509885285257244,-1.034460347551565
constant_prior,train_only,gripper,56,217,29,188,0.1336405529953917,0.5,0.12689931707511104,0.23421826979301552,0.34414751808278105,False,,0.11586710086244759,-1.0214389421123888
constant_prior,train_only,gripper,57,216,29,187,0.13425925925925927,0.5,0.12744938526927688,0.23424575511212856,0.3435288118189135,False,,0.11626691351088787,-1.0147241208926778
constant_prior,train_only,gripper,58,211,29,182,0.13744075829383887,0.5,0.13023845504438164,0.23438708957297047,0.34034731278433383,False,,0.11855624825682844,-0.9770116971415765
constant_prior,train_only,gripper,59,209,28,181,0.1339712918660287,0.5,0.1297799730211981,0.23423296248958808,0.34381677921214404,False,,0.11604808034517085,-1.0184130732097483
constant_prior,train_only,gripper,60,208,28,180,0.1346153846153846,0.5,0.13076113257018254,0.23426157557432362,0.3431726864627881,False,,0.11660457844761679,-1.0090255347868937
constant_prior,train_only,gripper,61,206,28,178,0.13592233009708737,0.5,0.13120448919803113,0.23431963513461224,0.34186574098108535,False,,0.11771027476025295,-0.9906472532823838
constant_prior,train_only,gripper,62,205,28,177,0.13658536585365855,0.5,0.1313294657178792,0.23434908974080737,0.34120270522451424,False,,0.11833897007471905,-0.9803205114328755
constant_prior,train_only,gripper,63,201,27,174,0.13432835820895522,0.5,0.13373399433624927,0.234248824754047,0.34345971286921756,False,,0.1167945679426601,-1.005648283823017
constant_prior,train_only,gripper,64,198,26,172,0.13131313131313133,0.5,0.13397461990633397,0.23411487674306064,0.3464749397650414,False,,0.11468608006057224,-1.0413538994393328
constant_prior,train_only,gripper,65,197,23,174,0.116751269035533,0.5,0.12265720899342022,0.23346798264330168,0.36103680204263966,False,,0.10340681121037314,-1.2577621329829927
constant_prior,train_only,gripper,66,195,23,172,0.11794871794871795,0.5,0.1235338231001647,0.23352117794359603,0.35983935312945475,False,,0.10447413428302679,-1.2352056759903167
constant_prior,train_only,gripper,67,193,21,172,0.10880829015544041,0.5,0.10491656368479194,0.23311512487867725,0.3689797809227323,False,,0.09730480633277068,-1.395720557538049
constant_prior,train_only,gripper,68,191,20,171,0.10471204188481675,0.5,0.10271463430319985,0.23293315372781082,0.3730760291933559,False,,0.09414767658834398,-1.4741253546415107
constant_prior,train_only,gripper,69,191,19,172,0.09947643979057591,0.5,0.10029463620940397,0.23270056808465034,0.37831163128759676,False,,0.08989326299428277,-1.5886318989160526
constant_prior,train_only,gripper,70,188,19,169,0.10106382978723404,0.5,0.10079450318659289,0.2327710860722043,0.3767242412909387,False,,0.09140209737368363,-1.546671167955315
constant_prior,train_only,gripper,71,188,16,172,0.0851063829787234,0.5,0.08359686738722383,0.23206219472363532,0.3926816880994493,False,,0.07805870452969811,-1.972918857951905
constant_prior,train_only,gripper,72,187,14,173,0.0748663101604278,0.5,0.06457825621277838,0.2316072911844467,0.40292176091774495,False,,0.06933959246521793,-2.340188238063634
constant_prior,train_only,gripper,73,186,13,173,0.06989247311827956,0.5,0.06141970257068382,0.23138633415474877,0.4078955979598931,False,,0.06505453345878505,-2.5568056805963004
constant_prior,train_only,gripper,74,184,11,173,0.059782608695652176,0.5,0.051728594115648736,0.2309372149748193,0.4180054623825205,False,,0.05624440005309801,-3.1059592556201334
constant_prior,train_only,gripper,75,181,10,171,0.055248618784530384,0.5,0.04841744155971042,0.23073579765154315,0.42253945229364237,False,,0.05220174030923229,-3.4200786465108655
constant_prior,train_only,gripper,76,177,10,167,0.05649717514124294,0.5,0.04918152620449001,0.2307912633416435,0.4212908959369298,False,,0.05337068486751734,-3.324307696529271
constant_prior,train_only,gripper,77,175,9,166,0.05142857142857143,0.5,0.04801765523336745,0.23056609641084597,0.42635949964960124,False,,0.04888753928609386,-3.7162548939424918
constant_prior,train_only,gripper,78,172,7,165,0.040697674418604654,0.5,0.035150523381940996,0.23008938856754033,0.437090396659568,False,,0.03908027807985544,-4.887608785622834
constant_prior,train_only,gripper,79,170,5,165,0.029411764705882353,0.5,0.022152349501058217,0.22958802491882602,0.4483763063722903,False,,0.028551777572927938,-7.041111427560136
constant_prior,train_only,gripper,80,167,4,163,0.023952095808383235,0.5,0.01967113878438896,0.2293454853638501,0.4538359752697894,False,,0.023424586241740552,-8.790801980321712
constant_prior,train_only,gripper,81,166,1,165,0.006024096385542169,0.5,0.00625,0.22854905446606869,0.4717639746926305,False,,0.006106164003498107,-36.42923615139345
constant_prior,train_only,gripper,82,164,1,163,0.006097560975609756,0.5,0.006329113924050633,0.22855231804657442,0.4716905101025629,False,,0.006169909216549052,-36.04306012048717
constant_prior,train_only,gripper,83,161,1,160,0.006211180124223602,0.5,0.0064516129032258064,0.2285573654474807,0.4715768909539491,False,,0.006197849728804866,-35.87688076483156
constant_prior,train_only,gripper,84,160,1,159,0.00625,0.5,0.006493506493506494,0.2285590899761237,0.47153807107817264,False,,0.0062380098933751595,-35.63974470749977
constant_prior,train_only,gripper,85,158,1,157,0.006329113924050633,0.5,0.006578947368421052,0.2285626045218392,0.4714589571541221,False,,0.0062947770262406656,-35.30988096465431
constant_prior,train_only,gripper,86,154,1,153,0.006493506493506494,0.5,0.006756756756756757,0.22856990747397524,0.4712945645846661,False,,0.0064522271719518855,-34.42496278921775
constant_prior,train_only,gripper,87,152,1,151,0.006578947368421052,0.5,0.00684931506849315,0.2285737030872565,0.4712091237097516,False,,0.006539827927462256,-33.951027094676675
constant_prior,train_only,gripper,88,146,1,145,0.00684931506849315,0.5,0.007142857142857143,0.22858571386353,0.47093875600967944,False,,0.006811349769706005,-32.55953248505639
constant_prior,train_only,gripper,89,143,1,142,0.006993006993006993,0.5,0.0072992700729927005,0.22859209721315796,0.4707950640851656,False,,0.006958971670390357,-31.848545451879282
constant_prior,train_only,gripper,90,141,1,140,0.0070921985815602835,0.5,0.007407407407407408,0.2285965036861871,0.4706958724966124,False,,0.007063861877536558,-31.361406217912567
constant_prior,train_only,gripper,91,139,1,138,0.007194244604316547,0.5,0.007518796992481203,0.22860103696419554,0.470593826473856,False,,0.007164890734978138,-30.905725491135914
constant_prior,train_only,gripper,92,135,0,135,0.0,,,0.22828144086460084,0.4777880710781725,True,one_label_class,6.944444444444447e-07,-328724.2748450251
constant_prior,train_only,gripper,93,132,0,132,0.0,,,0.22828144086460084,0.47778807107817256,True,one_label_class,7.157560817794269e-07,-318936.47978651454
constant_prior,train_only,gripper,94,130,0,130,0.0,,,0.22828144086460084,0.47778807107817256,True,one_label_class,7.548303481051114e-07,-302426.4811388641
constant_prior,train_only,gripper,95,126,0,126,0.0,,,0.2282814408646009,0.4777880710781728,True,one_label_class,7.790048835816154e-07,-293041.3745420386
constant_prior,train_only,gripper,96,126,0,126,0.0,,,0.2282814408646009,0.4777880710781728,True,one_label_class,8.219567667179844e-07,-277728.25548884115
constant_prior,train_only,gripper,97,126,0,126,0.0,,,0.2282814408646009,0.4777880710781728,True,one_label_class,8.447772491349479e-07,-270225.7859348262
constant_prior,train_only,gripper,98,125,0,125,0.0,,,0.2282814408646009,0.4777880710781728,True,one_label_class,0.0,
constant_prior,train_only,gripper,99,123,0,123,0.0,,,0.22828144086460087,0.4777880710781728,True,one_label_class,0.0,
empirical_group_offset_prior_train_only,train_only,arm,1,337,337,0,1.0,,,0.0,0.0,True,one_label_class,0.0,
empirical_group_offset_prior_train_only,train_only,arm,2,335,335,0,1.0,,,1.0971696205580633e-07,0.00033123550844627037,True,one_label_class,1.0971696205580633e-07,0.0
empirical_group_offset_prior_train_only,train_only,arm,3,332,331,1,0.9969879518072289,0.5,0.9981710473763158,0.003004796264678611,0.0013492613620427196,False,,0.003004796264678611,0.0
empirical_group_offset_prior_train_only,train_only,arm,4,330,329,1,0.996969696969697,0.5,0.9981445880253969,0.003022871542024776,0.0013233473380827032,False,,0.003022871542024776,0.0
empirical_group_offset_prior_train_only,train_only,arm,5,330,328,2,0.9939393939393939,0.5,0.9952520364008342,0.006024325535756637,0.0006711340942239241,False,,0.006024325535756637,0.0
empirical_group_offset_prior_train_only,train_only,arm,6,329,325,4,0.9878419452887538,0.5,0.9934032643406087,0.01201067190430174,0.0006599147044826781,False,,0.01201067190430174,0.0
empirical_group_offset_prior_train_only,train_only,arm,7,328,323,5,0.9847560975609756,0.5,0.9876641588991921,0.015017613294873156,0.0024672692231008098,False,,0.015017613294873156,0.0
empirical_group_offset_prior_train_only,train_only,arm,8,325,318,7,0.9784615384615385,0.5,0.9690742114717106,0.021126667479450995,0.007218813367392496,False,,0.021126667479450995,0.0
empirical_group_offset_prior_train_only,train_only,arm,9,325,311,14,0.9569230769230769,0.5,0.9533461133913498,0.04122266349263274,0.0011669265121686534,False,,0.04122266349263274,0.0
empirical_group_offset_prior_train_only,train_only,arm,10,324,303,21,0.9351851851851852,0.5,0.9221237530157945,0.060791990770155735,0.013346766455574756,False,,0.060791990770155735,0.0
empirical_group_offset_prior_train_only,train_only,arm,11,322,296,26,0.9192546583850931,0.5,0.8928500643858573,0.07468134188682278,0.021349718134532014,False,,0.07468134188682278,0.0
empirical_group_offset_prior_train_only,train_only,arm,12,321,291,30,0.9065420560747663,0.5,0.8833738430091589,0.08526306577824339,0.023227335958776685,False,,0.08526306577824339,0.0
empirical_group_offset_prior_train_only,train_only,arm,13,318,278,40,0.8742138364779874,0.5,0.852130641961308,0.11188460825401847,0.04382469241868514,False,,0.11188460825401847,0.0
empirical_group_offset_prior_train_only,train_only,arm,14,315,271,44,0.8603174603174604,0.5,0.8342578681526216,0.12225693558849185,0.045668455175497114,False,,0.12225693558849185,0.0
empirical_group_offset_prior_train_only,train_only,arm,15,314,266,48,0.8471337579617835,0.5,0.8210689563251253,0.13137526221823445,0.0433256059958137,False,,0.13137526221823445,0.0
empirical_group_offset_prior_train_only,train_only,arm,16,312,262,50,0.8397435897435898,0.5,0.8172354800281816,0.13616860960986754,0.03992889156648516,False,,0.13616860960986754,0.0
empirical_group_offset_prior_train_only,train_only,arm,17,311,259,52,0.8327974276527331,0.5,0.8067961382889993,0.14052901066773527,0.035820922936342314,False,,0.14052901066773527,0.0
empirical_group_offset_prior_train_only,train_only,arm,18,309,257,52,0.8317152103559871,0.5,0.8051581170527266,0.14047852592407148,0.02266068634415641,False,,0.14047852592407148,0.0
empirical_group_offset_prior_train_only,train_only,arm,19,309,255,54,0.8252427184466019,0.5,0.801098516060302,0.14465560902375854,0.02093883774936378,False,,0.14465560902375854,0.0
empirical_group_offset_prior_train_only,train_only,arm,20,306,250,56,0.8169934640522876,0.5,0.7898461243260074,0.14998623109982123,0.021704546797621793,False,,0.14998623109982123,0.0
empirical_group_offset_prior_train_only,train_only,arm,21,306,247,59,0.8071895424836601,0.5,0.7840665005175973,0.15614105014125432,0.022504780660444923,False,,0.15614105014125432,0.0
empirical_group_offset_prior_train_only,train_only,arm,22,306,245,61,0.8006535947712419,0.5,0.771069275272973,0.15997048742241848,0.01905443442583854,False,,0.15997048742241848,0.0
empirical_group_offset_prior_train_only,train_only,arm,23,305,238,67,0.780327868852459,0.5,0.7559006571916772,0.17229128530054183,0.0295803880282749,False,,0.17229128530054183,0.0
empirical_group_offset_prior_train_only,train_only,arm,24,303,233,70,0.768976897689769,0.5,0.7449828327243437,0.17862765779020476,0.03124466804139814,False,,0.17862765779020476,0.0
empirical_group_offset_prior_train_only,train_only,arm,25,300,227,73,0.7566666666666667,0.5,0.7285884898094351,0.18537679386254033,0.0354199328107504,False,,0.18537679386254033,0.0
empirical_group_offset_prior_train_only,train_only,arm,26,296,219,77,0.7398648648648649,0.5,0.7210183235030787,0.19401181586952818,0.039331530178319585,False,,0.19401181586952818,0.0
empirical_group_offset_prior_train_only,train_only,arm,27,294,214,80,0.7278911564625851,0.5,0.7078148101210923,0.19980111624891983,0.04165927799151392,False,,0.19980111624891983,0.0
empirical_group_offset_prior_train_only,train_only,arm,28,291,208,83,0.7147766323024055,0.5,0.709650757109142,0.205568487434641,0.04120059729911252,False,,0.205568487434641,0.0
empirical_group_offset_prior_train_only,train_only,arm,29,289,206,83,0.71280276816609,0.5,0.7198380270409154,0.2059465129149699,0.03509317674592227,False,,0.2059465129149699,0.0
empirical_group_offset_prior_train_only,train_only,arm,30,289,200,89,0.6920415224913494,0.5,0.6979720135852844,0.21519484327673813,0.045549858809150745,False,,0.21519484327673813,0.0
empirical_group_offset_prior_train_only,train_only,arm,31,288,196,92,0.6805555555555556,0.5,0.6891724335721766,0.21930260462977857,0.04362239415430902,False,,0.21930260462977857,0.0
empirical_group_offset_prior_train_only,train_only,arm,32,287,194,93,0.6759581881533101,0.5,0.6863168940683051,0.2207107478502448,0.04089048579364751,False,,0.2207107478502448,0.0
empirical_group_offset_prior_train_only,train_only,arm,33,284,187,97,0.6584507042253521,0.5,0.6524048838723641,0.2275188474006327,0.05123937031368264,False,,0.2275188474006327,0.0
empirical_group_offset_prior_train_only,train_only,arm,34,284,182,102,0.6408450704225352,0.5,0.6265765204773915,0.23412855849132957,0.06297533131043043,False,,0.23412855849132957,0.0
empirical_group_offset_prior_train_only,train_only,arm,35,283,179,104,0.6325088339222615,0.5,0.6196109539046745,0.23627333847444035,0.06190258105990242,False,,0.23627333847444035,0.0
empirical_group_offset_prior_train_only,train_only,arm,36,281,175,106,0.6227758007117438,0.5,0.6107769901731644,0.23934758713372956,0.06649424316540031,False,,0.23934758713372956,0.0
empirical_group_offset_prior_train_only,train_only,arm,37,280,173,107,0.6178571428571429,0.5,0.607435596663673,0.24016343054374698,0.06366896156052781,False,,0.24016343054374698,0.0
empirical_group_offset_prior_train_only,train_only,arm,38,277,167,110,0.6028880866425993,0.5,0.5834489851561063,0.24459527893859329,0.07198081210689644,False,,0.24459527893859329,0.0
empirical_group_offset_prior_train_only,train_only,arm,39,274,164,110,0.5985401459854015,0.5,0.5808222826635696,0.24581881055496513,0.0743570502762807,False,,0.24581881055496513,0.0
empirical_group_offset_prior_train_only,train_only,arm,40,270,161,109,0.5962962962962963,0.5,0.5706017678505121,0.2452471856268681,0.06723215233243884,False,,0.2452471856268681,0.0
empirical_group_offset_prior_train_only,train_only,arm,41,267,159,108,0.5955056179775281,0.5,0.5712315930746407,0.24477517958980743,0.06242197253433224,False,,0.24477517958980743,0.0
empirical_group_offset_prior_train_only,train_only,arm,42,264,155,109,0.5871212121212122,0.5,0.560084006776594,0.24589627668217406,0.0590455949554517,False,,0.24589627668217406,0.0
empirical_group_offset_prior_train_only,train_only,arm,43,259,153,106,0.5907335907335908,0.5,0.5729665796379257,0.24358215358215365,0.04259974259974242,False,,0.24358215358215365,0.0
empirical_group_offset_prior_train_only,train_only,arm,44,256,146,110,0.5703125,0.5,0.5648900080971764,0.2471974872798964,0.04627456035605726,False,,0.2471974872798964,0.0
empirical_group_offset_prior_train_only,train_only,arm,45,252,143,109,0.5674603174603174,0.5,0.5577008851602523,0.24701008607493533,0.03950924583919735,False,,0.24701008607493533,0.0
empirical_group_offset_prior_train_only,train_only,arm,46,248,137,111,0.5524193548387096,0.5,0.5409449555059216,0.24840636013022163,0.03397276691599072,False,,0.24840636013022163,0.0
empirical_group_offset_prior_train_only,train_only,arm,47,245,131,114,0.5346938775510204,0.5,0.535548372000457,0.25049502867262613,0.04121521335807066,False,,0.25049502867262613,0.0
empirical_group_offset_prior_train_only,train_only,arm,48,244,127,117,0.5204918032786885,0.5,0.5021467341992369,0.2511999252590032,0.040247226744406395,False,,0.2511999252590032,0.0
empirical_group_offset_prior_train_only,train_only,arm,49,242,122,120,0.5041322314049587,0.5,0.48437769962923444,0.25199945364392295,0.044905778918833184,False,,0.25199945364392295,0.0
empirical_group_offset_prior_train_only,train_only,arm,50,238,114,124,0.4789915966386555,0.5,0.43767776734037966,0.25253603535914615,0.05456545034121013,False,,0.25253603535914615,0.0
empirical_group_offset_prior_train_only,train_only,arm,51,232,108,124,0.46551724137931033,0.5,0.42343750031549704,0.2519718401668731,0.05622188905547215,False,,0.2519718401668731,0.0
empirical_group_offset_prior_train_only,train_only,arm,52,229,106,123,0.462882096069869,0.5,0.4160815716517334,0.2505661906732054,0.044090015483916056,False,,0.2505661906732054,0.0
empirical_group_offset_prior_train_only,train_only,arm,53,224,104,120,0.4642857142857143,0.5,0.41998290433423513,0.24966444408645325,0.030658673985266616,False,,0.24966444408645325,0.0
empirical_group_offset_prior_train_only,train_only,arm,54,219,100,119,0.45662100456621,0.5,0.41352277783211444,0.24895527193982547,0.028931111016865463,False,,0.24895527193982547,0.0
empirical_group_offset_prior_train_only,train_only,arm,55,219,99,120,0.4520547945205479,0.5,0.4065443201154189,0.24830932196979622,0.024658967907500107,False,,0.24830932196979622,0.0
empirical_group_offset_prior_train_only,train_only,arm,56,217,95,122,0.4377880184331797,0.5,0.3872620946541942,0.2467231406746477,0.02436126690297702,False,,0.2467231406746477,0.0
empirical_group_offset_prior_train_only,train_only,arm,57,216,93,123,0.4305555555555556,0.5,0.3770293483947896,0.24567182629589382,0.022234144015259916,False,,0.24567182629589382,0.0
empirical_group_offset_prior_train_only,train_only,arm,58,211,91,120,0.4312796208530806,0.5,0.37829432471712354,0.2453854941634914,0.01039156742689773,False,,0.2453854941634914,0.0
empirical_group_offset_prior_train_only,train_only,arm,59,209,88,121,0.42105263157894735,0.5,0.3602945433538807,0.24393184879245497,0.012827149841817598,False,,0.24393184879245497,0.0
empirical_group_offset_prior_train_only,train_only,arm,60,208,86,122,0.41346153846153844,0.5,0.3527427955859147,0.24272303930132316,0.014558318129746561,False,,0.24272303930132316,0.0
empirical_group_offset_prior_train_only,train_only,arm,61,206,84,122,0.4077669902912621,0.5,0.3497842775657266,0.24161278287695348,0.010941250243258984,False,,0.24161278287695348,0.0
empirical_group_offset_prior_train_only,train_only,arm,62,205,83,122,0.40487804878048783,0.5,0.3488424304111307,0.2409881385710734,0.0060269540300798,False,,0.2409881385710734,0.0
empirical_group_offset_prior_train_only,train_only,arm,63,201,78,123,0.3880597014925373,0.5,0.33488494908728006,0.23770773753538663,0.015439169839291167,False,,0.23770773753538663,0.0
empirical_group_offset_prior_train_only,train_only,arm,64,198,77,121,0.3888888888888889,0.5,0.3315015970843581,0.23767072031013167,0.004049607694254553,False,,0.23767072031013167,0.0
empirical_group_offset_prior_train_only,train_only,arm,65,197,77,120,0.39086294416243655,0.5,0.33453241784373344,0.23813094094436135,0.006468222418317182,False,,0.23813094094436135,0.0
empirical_group_offset_prior_train_only,train_only,arm,66,195,74,121,0.37948717948717947,0.5,0.3253074264740009,0.2354781453970776,0.0012187309107704047,False,,0.2354781453970776,0.0
empirical_group_offset_prior_train_only,train_only,arm,67,193,72,121,0.37305699481865284,0.5,0.3232231923518537,0.23388584674877022,0.000610993651110503,False,,0.23388584674877022,0.0
empirical_group_offset_prior_train_only,train_only,arm,68,191,71,120,0.3717277486910995,0.5,0.32397647867411083,0.23357386728020435,0.005257160455805432,False,,0.23357386728020435,0.0
empirical_group_offset_prior_train_only,train_only,arm,69,191,70,121,0.36649214659685864,0.5,0.3208051114409145,0.2322127297825423,0.006089064202075113,False,,0.2322127297825423,0.0
empirical_group_offset_prior_train_only,train_only,arm,70,188,68,120,0.3617021276595745,0.5,0.31862712679069743,0.2308977106460057,0.004900218351698515,False,,0.2308977106460057,0.0
empirical_group_offset_prior_train_only,train_only,arm,71,188,68,120,0.3617021276595745,0.5,0.31862712679069743,0.23097949231386855,0.010285611686096485,False,,0.23097949231386855,0.0
empirical_group_offset_prior_train_only,train_only,arm,72,187,68,119,0.36363636363636365,0.5,0.319870762821652,0.23167965539804136,0.016573977203898416,False,,0.23167965539804136,0.0
empirical_group_offset_prior_train_only,train_only,arm,73,186,67,119,0.3602150537634409,0.5,0.3184390927469796,0.23076634165305482,0.01749779550150693,False,,0.23076634165305482,0.0
empirical_group_offset_prior_train_only,train_only,arm,74,184,66,118,0.358695652173913,0.5,0.31454096392378594,0.23040087800283238,0.019178026942002102,False,,0.23040087800283238,0.0
empirical_group_offset_prior_train_only,train_only,arm,75,181,66,115,0.36464088397790057,0.5,0.31831283153249307,0.2324473685299053,0.02773912075371926,False,,0.2324473685299053,0.0
empirical_group_offset_prior_train_only,train_only,arm,76,177,65,112,0.3672316384180791,0.5,0.3217036678598988,0.23336877557517713,0.031562848609161975,False,,0.23336877557517713,0.0
empirical_group_offset_prior_train_only,train_only,arm,77,175,64,111,0.3657142857142857,0.5,0.32471798774851046,0.23315957935411383,0.034528718703976446,False,,0.23315957935411383,0.0
empirical_group_offset_prior_train_only,train_only,arm,78,172,63,109,0.36627906976744184,0.5,0.32691107279974907,0.2337615027817385,0.04053134545014664,False,,0.2337615027817385,0.0
empirical_group_offset_prior_train_only,train_only,arm,79,170,63,107,0.37058823529411766,0.5,0.3370489047494687,0.23525343206531646,0.04473071550519947,False,,0.23525343206531646,0.0
empirical_group_offset_prior_train_only,train_only,arm,80,167,62,105,0.3712574850299401,0.5,0.33871377379991147,0.23557750594495752,0.04639117486951233,False,,0.23557750594495752,0.0
empirical_group_offset_prior_train_only,train_only,arm,81,166,61,105,0.3674698795180723,0.5,0.33651906262689746,0.23451793698774479,0.04563079905830214,False,,0.23451793698774479,0.0
empirical_group_offset_prior_train_only,train_only,arm,82,164,60,104,0.36585365853658536,0.5,0.33721760992913025,0.234214988652722,0.0470130788264404,False,,0.234214988652722,0.0
empirical_group_offset_prior_train_only,train_only,arm,83,161,59,102,0.36645962732919257,0.5,0.3389765358025164,0.23471200905917994,0.05044839137413637,False,,0.23471200905917994,0.0
empirical_group_offset_prior_train_only,train_only,arm,84,160,59,101,0.36875,0.5,0.34091221957525725,0.23574425320338244,0.05450518969219753,False,,0.23574425320338244,0.0
empirical_group_offset_prior_train_only,train_only,arm,85,158,59,99,0.37341772151898733,0.5,0.3488994628219627,0.23768789556962025,0.06091772151898733,False,,0.23768789556962025,0.0
empirical_group_offset_prior_train_only,train_only,arm,86,154,58,96,0.37662337662337664,0.5,0.36070439789130176,0.23901611634451145,0.06509921305460348,False,,0.23901611634451145,0.0
empirical_group_offset_prior_train_only,train_only,arm,87,152,57,95,0.375,0.5,0.3589139949145742,0.23858231808496275,0.0648638426626324,False,,0.23858231808496275,0.0
empirical_group_offset_prior_train_only,train_only,arm,88,146,53,93,0.363013698630137,0.5,0.3343163845588536,0.23427553988856942,0.0551433282597667,False,,0.23427553988856942,0.0
empirical_group_offset_prior_train_only,train_only,arm,89,143,53,90,0.3706293706293706,0.5,0.3384787778173238,0.23745541655576263,0.06474701768819419,False,,0.23745541655576263,0.0
empirical_group_offset_prior_train_only,train_only,arm,90,141,51,90,0.3617021276595745,0.5,0.32747175625775077,0.23367858184251059,0.05296114931153928,False,,0.23367858184251059,0.0
empirical_group_offset_prior_train_only,train_only,arm,91,139,48,91,0.34532374100719426,0.5,0.31708045950096275,0.22768772473617443,0.040155570375529026,False,,0.22768772473617443,0.0
empirical_group_offset_prior_train_only,train_only,arm,92,135,46,89,0.34074074074074073,0.5,0.31099924191730305,0.22591388888888897,0.03574074074074074,False,,0.22591388888888897,0.0
empirical_group_offset_prior_train_only,train_only,arm,93,132,43,89,0.32575757575757575,0.5,0.28444787844637476,0.22028571160860058,0.02541916628211044,False,,0.22028571160860058,0.0
empirical_group_offset_prior_train_only,train_only,arm,94,130,42,88,0.3230769230769231,0.5,0.2799489596977953,0.21924286683869443,0.0233375659961238,False,,0.21924286683869443,0.0
empirical_group_offset_prior_train_only,train_only,arm,95,126,41,85,0.3253968253968254,0.5,0.2860376263222863,0.22039710651866717,0.029721626809005308,False,,0.22039710651866717,0.0
empirical_group_offset_prior_train_only,train_only,arm,96,126,41,85,0.3253968253968254,0.5,0.2860376263222863,0.22045904015254894,0.030745873447595995,False,,0.22045904015254894,0.0
empirical_group_offset_prior_train_only,train_only,arm,97,126,41,85,0.3253968253968254,0.5,0.2860376263222863,0.2205504616828349,0.03219829598506063,False,,0.2205504616828349,0.0
empirical_group_offset_prior_train_only,train_only,arm,98,125,40,85,0.32,0.5,0.28378009270457116,0.218540903926272,0.03067415730337086,False,,0.218540903926272,0.0
empirical_group_offset_prior_train_only,train_only,arm,99,123,40,83,0.3252032520325203,0.5,0.2876154673474141,0.22095226188541764,0.03880934147115017,False,,0.22095226188541764,0.0
empirical_group_offset_prior_train_only,train_only,gripper,1,337,314,23,0.9317507418397626,0.5,0.9185252057872767,0.06359143714417013,0.0003744640910446906,False,,0.06359143714417013,0.0
empirical_group_offset_prior_train_only,train_only,gripper,2,335,296,39,0.8835820895522388,0.5,0.8821688956569502,0.10286703637014291,0.0015019305591946752,False,,0.10286703637014291,0.0
empirical_group_offset_prior_train_only,train_only,gripper,3,332,280,52,0.8433734939759037,0.5,0.8133413397526028,0.13213446701087386,0.006310576526257883,False,,0.13213446701087386,0.0
empirical_group_offset_prior_train_only,train_only,gripper,4,330,272,58,0.8242424242424242,0.5,0.8009347144929103,0.14490395122572794,0.006091051168077289,False,,0.14490395122572794,0.0
empirical_group_offset_prior_train_only,train_only,gripper,5,330,265,65,0.803030303030303,0.5,0.7891627663810503,0.15840004540146527,0.015080117907448674,False,,0.15840004540146527,0.0
empirical_group_offset_prior_train_only,train_only,gripper,6,329,256,73,0.7781155015197568,0.5,0.7535061817403874,0.17297166030970518,0.017885538719621508,False,,0.17297166030970518,0.0
empirical_group_offset_prior_train_only,train_only,gripper,7,328,251,77,0.7652439024390244,0.5,0.7403574064723394,0.18042107651701325,0.02784608227553653,False,,0.18042107651701325,0.0
empirical_group_offset_prior_train_only,train_only,gripper,8,325,246,79,0.7569230769230769,0.5,0.7368716633751122,0.1857628908801514,0.04209938640613076,False,,0.1857628908801514,0.0
empirical_group_offset_prior_train_only,train_only,gripper,9,325,239,86,0.7353846153846154,0.5,0.7170297093435982,0.1965488895963183,0.04421319662817447,False,,0.1965488895963183,0.0
empirical_group_offset_prior_train_only,train_only,gripper,10,324,232,92,0.7160493827160493,0.5,0.7036592676447194,0.20466237500562065,0.0366020597454102,False,,0.20466237500562065,0.0
empirical_group_offset_prior_train_only,train_only,gripper,11,322,228,94,0.7080745341614907,0.5,0.6873266416066898,0.20845816814296314,0.04187099126465166,False,,0.20845816814296314,0.0
empirical_group_offset_prior_train_only,train_only,gripper,12,321,225,96,0.7009345794392523,0.5,0.6678009714488343,0.21237493640592467,0.05243702528132066,False,,0.21237493640592467,0.0
empirical_group_offset_prior_train_only,train_only,gripper,13,318,212,106,0.6666666666666666,0.5,0.6277933882090876,0.2233607429740432,0.033741973146526494,False,,0.2233607429740432,0.0
empirical_group_offset_prior_train_only,train_only,gripper,14,315,205,110,0.6507936507936508,0.5,0.6137460918561384,0.22807983857763173,0.02861055220210162,False,,0.22807983857763173,0.0
empirical_group_offset_prior_train_only,train_only,gripper,15,314,193,121,0.6146496815286624,0.5,0.5779911750754247,0.23700370996502057,0.012176183295446896,False,,0.23700370996502057,0.0
empirical_group_offset_prior_train_only,train_only,gripper,16,312,184,128,0.5897435897435898,0.5,0.561552032651087,0.24215488744748753,0.014449890918385222,False,,0.24215488744748753,0.0
empirical_group_offset_prior_train_only,train_only,gripper,17,311,176,135,0.5659163987138264,0.5,0.5311580552479788,0.2458035169425484,0.012185588288978089,False,,0.2458035169425484,0.0
empirical_group_offset_prior_train_only,train_only,gripper,18,309,160,149,0.517799352750809,0.5,0.4936436282412677,0.24975347938457917,0.00838429143857411,False,,0.24975347938457917,0.0
empirical_group_offset_prior_train_only,train_only,gripper,19,309,153,156,0.49514563106796117,0.5,0.47229212427210915,0.2500673964534471,0.009537366050194618,False,,0.2500673964534471,0.0
empirical_group_offset_prior_train_only,train_only,gripper,20,306,146,160,0.477124183006536,0.5,0.45947888772079054,0.24948029994457863,0.0018981432235341544,False,,0.24948029994457863,0.0
empirical_group_offset_prior_train_only,train_only,gripper,21,306,145,161,0.4738562091503268,0.5,0.459005915597803,0.24956314376995264,0.015704826326454813,False,,0.24956314376995264,0.0
empirical_group_offset_prior_train_only,train_only,gripper,22,306,138,168,0.45098039215686275,0.5,0.4388617446930765,0.24774822689478582,0.01229426077000162,False,,0.24774822689478582,0.0
empirical_group_offset_prior_train_only,train_only,gripper,23,305,126,179,0.4131147540983607,0.5,0.3964072223859375,0.2425088686855028,0.007610166942397301,False,,0.2425088686855028,0.0
empirical_group_offset_prior_train_only,train_only,gripper,24,303,117,186,0.38613861386138615,0.5,0.364839248562605,0.2370976651430015,0.007879111397107341,False,,0.2370976651430015,0.0
empirical_group_offset_prior_train_only,train_only,gripper,25,300,114,186,0.38,0.5,0.36258403607271533,0.23566731470532218,0.008204553938036652,False,,0.23566731470532218,0.0
empirical_group_offset_prior_train_only,train_only,gripper,26,296,107,189,0.3614864864864865,0.5,0.34338620043024987,0.23083555418203433,0.004641940100070074,False,,0.23083555418203433,0.0
empirical_group_offset_prior_train_only,train_only,gripper,27,294,104,190,0.35374149659863946,0.5,0.33889191536885654,0.22860850979080902,0.000244147526785532,False,,0.22860850979080902,0.0
empirical_group_offset_prior_train_only,train_only,gripper,28,291,97,194,0.3333333333333333,0.5,0.31110725366868736,0.2222491229459893,0.005186590765338339,False,,0.2222491229459893,0.0
empirical_group_offset_prior_train_only,train_only,gripper,29,289,92,197,0.31833910034602075,0.5,0.307007036886702,0.21703613741666608,0.00606793867463723,False,,0.21703613741666608,0.0
empirical_group_offset_prior_train_only,train_only,gripper,30,289,88,201,0.3044982698961938,0.5,0.2928392510691155,0.2118106692432871,0.005621006748669499,False,,0.2118106692432871,0.0
empirical_group_offset_prior_train_only,train_only,gripper,31,288,81,207,0.28125,0.5,0.2602931336066729,0.20226550194733045,0.010819632495164433,False,,0.20226550194733045,0.0
empirical_group_offset_prior_train_only,train_only,gripper,32,287,81,206,0.28222996515679444,0.5,0.2611864111562351,0.20259254553106232,0.004041485701239855,False,,0.20259254553106232,0.0
empirical_group_offset_prior_train_only,train_only,gripper,33,284,74,210,0.2605633802816901,0.5,0.23801861185955636,0.19274340898920336,0.008561766834826179,False,,0.19274340898920336,0.0
empirical_group_offset_prior_train_only,train_only,gripper,34,284,70,214,0.24647887323943662,0.5,0.2220453896580595,0.1857728771101695,0.00677043751282802,False,,0.1857728771101695,0.0
empirical_group_offset_prior_train_only,train_only,gripper,35,283,67,216,0.23674911660777384,0.5,0.216386493511141,0.18075380150982343,0.007404668568603501,False,,0.18075380150982343,0.0
empirical_group_offset_prior_train_only,train_only,gripper,36,281,63,218,0.22419928825622776,0.5,0.20271526689782185,0.17393546464784382,0.0012236201269896219,False,,0.17393546464784382,0.0
empirical_group_offset_prior_train_only,train_only,gripper,37,280,55,225,0.19642857142857142,0.5,0.17738663337432198,0.1579790302921381,0.011603557085484828,False,,0.1579790302921381,0.0
empirical_group_offset_prior_train_only,train_only,gripper,38,277,54,223,0.19494584837545126,0.5,0.17319555464258748,0.15701879550748443,0.0087653254849763,False,,0.15701879550748443,0.0
empirical_group_offset_prior_train_only,train_only,gripper,39,274,50,224,0.18248175182481752,0.5,0.16358349561807525,0.14918793380136858,0.0024024415924925047,False,,0.14918793380136858,0.0
empirical_group_offset_prior_train_only,train_only,gripper,40,270,49,221,0.1814814814814815,0.5,0.16335174170805625,0.14854626292991213,0.0005563893816042664,False,,0.14854626292991213,0.0
empirical_group_offset_prior_train_only,train_only,gripper,41,267,46,221,0.17228464419475656,0.5,0.15614610727047298,0.14260887997369084,0.0024968789013732895,False,,0.14260887997369084,0.0
empirical_group_offset_prior_train_only,train_only,gripper,42,264,44,220,0.16666666666666666,0.5,0.15602912468024474,0.13891587867913816,0.005195169896096641,False,,0.13891587867913816,0.0
empirical_group_offset_prior_train_only,train_only,gripper,43,259,43,216,0.16602316602316602,0.5,0.161370428759962,0.1384606105118926,0.0010659010659010704,False,,0.1384606105118926,0.0
empirical_group_offset_prior_train_only,train_only,gripper,44,256,38,218,0.1484375,0.5,0.15456584616052638,0.12650483978825405,0.01005142748588797,False,,0.12650483978825405,0.0
empirical_group_offset_prior_train_only,train_only,gripper,45,252,38,214,0.15079365079365079,0.5,0.15538154303309906,0.1280791197208624,0.004918744442343914,False,,0.1280791197208624,0.0
empirical_group_offset_prior_train_only,train_only,gripper,46,248,38,210,0.1532258064516129,0.5,0.15810296482975456,0.1297503922025234,0.0016533341034452864,False,,0.1297503922025234,0.0
empirical_group_offset_prior_train_only,train_only,gripper,47,245,35,210,0.14285714285714285,0.5,0.1423051036859752,0.12256517119244395,0.010779220779220722,False,,0.12256517119244395,0.0
empirical_group_offset_prior_train_only,train_only,gripper,48,244,33,211,0.13524590163934427,0.5,0.13627899743447103,0.11726565029519984,0.01764093438836936,False,,0.11726565029519984,0.0
empirical_group_offset_prior_train_only,train_only,gripper,49,242,31,211,0.128099173553719,0.5,0.12253535221889689,0.11211649845665764,0.020657278816060443,False,,0.11211649845665764,0.0
empirical_group_offset_prior_train_only,train_only,gripper,50,238,31,207,0.13025210084033614,0.5,0.12368093434129294,0.1136975757827116,0.020275224183633173,False,,0.1136975757827116,0.0
empirical_group_offset_prior_train_only,train_only,gripper,51,232,31,201,0.1336206896551724,0.5,0.1252079848924494,0.11606659653821398,0.017331923925677617,False,,0.11606659653821398,0.0
empirical_group_offset_prior_train_only,train_only,gripper,52,229,30,199,0.13100436681222707,0.5,0.12086086939861927,0.11421835145889767,0.01939403956227498,False,,0.11421835145889767,0.0
empirical_group_offset_prior_train_only,train_only,gripper,53,224,30,194,0.13392857142857142,0.5,0.12330142946502913,0.11622311335421984,0.015211974577495263,False,,0.11622311335421984,0.0
empirical_group_offset_prior_train_only,train_only,gripper,54,219,29,190,0.1324200913242009,0.5,0.12602060098455753,0.11513058232698564,0.015670723949276905,False,,0.11513058232698564,0.0
empirical_group_offset_prior_train_only,train_only,gripper,55,219,29,190,0.1324200913242009,0.5,0.12602060098455753,0.11509885285257244,0.014623341433517623,False,,0.11509885285257244,0.0
empirical_group_offset_prior_train_only,train_only,gripper,56,217,29,188,0.1336405529953917,0.5,0.12689931707511104,0.11586710086244759,0.009292215665275272,False,,0.11586710086244759,0.0
empirical_group_offset_prior_train_only,train_only,gripper,57,216,29,187,0.13425925925925927,0.5,0.12744938526927688,0.11626691351088787,0.005762199968208509,False,,0.11626691351088787,0.0
empirical_group_offset_prior_train_only,train_only,gripper,58,211,29,182,0.13744075829383887,0.5,0.13023845504438164,0.11855624825682844,0.0023349525423466966,False,,0.11855624825682844,0.0
empirical_group_offset_prior_train_only,train_only,gripper,59,209,28,181,0.1339712918660287,0.5,0.1297799730211981,0.11604808034517085,0.005009543232148971,False,,0.11604808034517085,0.0
empirical_group_offset_prior_train_only,train_only,gripper,60,208,28,180,0.1346153846153846,0.5,0.13076113257018254,0.11660457844761679,0.010511689083117642,False,,0.11660457844761679,0.0
empirical_group_offset_prior_train_only,train_only,gripper,61,206,28,178,0.13592233009708737,0.5,0.13120448919803113,0.11771027476025295,0.016211862391073972,False,,0.11771027476025295,0.0
empirical_group_offset_prior_train_only,train_only,gripper,62,205,28,177,0.13658536585365855,0.5,0.1313294657178792,0.11833897007471905,0.020227861637806956,False,,0.11833897007471905,0.0
empirical_group_offset_prior_train_only,train_only,gripper,63,201,27,174,0.13432835820895522,0.5,0.13373399433624927,0.1167945679426601,0.022590209224756574,False,,0.1167945679426601,0.0
empirical_group_offset_prior_train_only,train_only,gripper,64,198,26,172,0.13131313131313133,0.5,0.13397461990633397,0.11468608006057224,0.02482110397827937,False,,0.11468608006057224,0.0
empirical_group_offset_prior_train_only,train_only,gripper,65,197,23,174,0.116751269035533,0.5,0.12265720899342022,0.10340681121037314,0.01692338607511988,False,,0.10340681121037314,0.0
empirical_group_offset_prior_train_only,train_only,gripper,66,195,23,172,0.11794871794871795,0.5,0.1235338231001647,0.10447413428302679,0.020912111324662183,False,,0.10447413428302679,0.0
empirical_group_offset_prior_train_only,train_only,gripper,67,193,21,172,0.10880829015544041,0.5,0.10491656368479194,0.09730480633277068,0.018323760091225577,False,,0.09730480633277068,0.0
empirical_group_offset_prior_train_only,train_only,gripper,68,191,20,171,0.10471204188481675,0.5,0.10271463430319985,0.09414767658834398,0.02000615953187561,False,,0.09414767658834398,0.0
empirical_group_offset_prior_train_only,train_only,gripper,69,191,19,172,0.09947643979057591,0.5,0.10029463620940397,0.08989326299428277,0.01767442437860199,False,,0.08989326299428277,0.0
empirical_group_offset_prior_train_only,train_only,gripper,70,188,19,169,0.10106382978723404,0.5,0.10079450318659289,0.09140209737368363,0.02349819732900015,False,,0.09140209737368363,0.0
empirical_group_offset_prior_train_only,train_only,gripper,71,188,16,172,0.0851063829787234,0.5,0.08359686738722383,0.07805870452969811,0.01397919792748771,False,,0.07805870452969811,0.0
empirical_group_offset_prior_train_only,train_only,gripper,72,187,14,173,0.0748663101604278,0.5,0.06457825621277838,0.06933959246521793,0.008845716580779095,False,,0.06933959246521793,0.0
empirical_group_offset_prior_train_only,train_only,gripper,73,186,13,173,0.06989247311827956,0.5,0.06141970257068382,0.06505453345878505,0.006856977402245293,False,,0.06505453345878505,0.0
empirical_group_offset_prior_train_only,train_only,gripper,74,184,11,173,0.059782608695652176,0.5,0.051728594115648736,0.05624440005309801,0.005979269178026936,False,,0.05624440005309801,0.0
empirical_group_offset_prior_train_only,train_only,gripper,75,181,10,171,0.055248618784530384,0.5,0.04841744155971042,0.05220174030923229,0.0023518933437243414,False,,0.05220174030923229,0.0
empirical_group_offset_prior_train_only,train_only,gripper,76,177,10,167,0.05649717514124294,0.5,0.04918152620449001,0.05337068486751734,0.00808953182914103,False,,0.05337068486751734,0.0
empirical_group_offset_prior_train_only,train_only,gripper,77,175,9,166,0.05142857142857143,0.5,0.04801765523336745,0.04888753928609386,0.01019145802650958,False,,0.04888753928609386,0.0
empirical_group_offset_prior_train_only,train_only,gripper,78,172,7,165,0.040697674418604654,0.5,0.035150523381940996,0.03908027807985544,0.00623733631717422,False,,0.03908027807985544,0.0
empirical_group_offset_prior_train_only,train_only,gripper,79,170,5,165,0.029411764705882353,0.5,0.022152349501058217,0.028551777572927938,0.0022505044234052488,False,,0.028551777572927938,0.0
empirical_group_offset_prior_train_only,train_only,gripper,80,167,4,163,0.023952095808383235,0.5,0.01967113878438896,0.023424586241740552,0.0067965672932210515,False,,0.023424586241740552,0.0
empirical_group_offset_prior_train_only,train_only,gripper,81,166,1,165,0.006024096385542169,0.5,0.00625,0.006106164003498107,0.010879216663815501,False,,0.006106164003498107,0.0
empirical_group_offset_prior_train_only,train_only,gripper,82,164,1,163,0.006097560975609756,0.5,0.006329113924050633,0.006169909216549052,0.010465586022319852,False,,0.006169909216549052,0.0
empirical_group_offset_prior_train_only,train_only,gripper,83,161,1,160,0.006211180124223602,0.5,0.0064516129032258064,0.006197849728804866,0.005024774931956173,False,,0.006197849728804866,0.0
empirical_group_offset_prior_train_only,train_only,gripper,84,160,1,159,0.00625,0.5,0.006493506493506494,0.0062380098933751595,0.005203113815318537,False,,0.0062380098933751595,0.0
empirical_group_offset_prior_train_only,train_only,gripper,85,158,1,157,0.006329113924050633,0.5,0.006578947368421052,0.0062947770262406656,0.0023918163085075083,False,,0.0062947770262406656,0.0
empirical_group_offset_prior_train_only,train_only,gripper,86,154,1,153,0.006493506493506494,0.5,0.006756756756756757,0.0064522271719518855,0.0009414377444117196,False,,0.0064522271719518855,0.0
empirical_group_offset_prior_train_only,train_only,gripper,87,152,1,151,0.006578947368421052,0.5,0.00684931506849315,0.006539827927462256,0.002040369456166892,False,,0.006539827927462256,0.0
empirical_group_offset_prior_train_only,train_only,gripper,88,146,1,145,0.00684931506849315,0.5,0.007142857142857143,0.006811349769706005,0.0029912903771351254,False,,0.006811349769706005,0.0
empirical_group_offset_prior_train_only,train_only,gripper,89,143,1,142,0.006993006993006993,0.5,0.0072992700729927005,0.006958971670390357,0.003855752091046209,False,,0.006958971670390357,0.0
empirical_group_offset_prior_train_only,train_only,gripper,90,141,1,140,0.0070921985815602835,0.5,0.007407407407407408,0.007063861877536558,0.004686424724302866,False,,0.007063861877536558,0.0
empirical_group_offset_prior_train_only,train_only,gripper,91,139,1,138,0.007194244604316547,0.5,0.007518796992481203,0.007164890734978138,0.0047332109701902145,False,,0.007164890734978138,0.0
empirical_group_offset_prior_train_only,train_only,gripper,92,135,0,135,0.0,,,6.944444444444447e-07,0.0008333333333333333,True,one_label_class,6.944444444444447e-07,0.0
empirical_group_offset_prior_train_only,train_only,gripper,93,132,0,132,0.0,,,7.157560817794269e-07,0.0008460236886632823,True,one_label_class,7.157560817794269e-07,0.0
empirical_group_offset_prior_train_only,train_only,gripper,94,130,0,130,0.0,,,7.548303481051114e-07,0.0008688097306689834,True,one_label_class,7.548303481051114e-07,0.0
empirical_group_offset_prior_train_only,train_only,gripper,95,126,0,126,0.0,,,7.790048835816154e-07,0.0008826125330979702,True,one_label_class,7.790048835816154e-07,0.0
empirical_group_offset_prior_train_only,train_only,gripper,96,126,0,126,0.0,,,8.219567667179844e-07,0.0009066183136899363,True,one_label_class,8.219567667179844e-07,0.0
empirical_group_offset_prior_train_only,train_only,gripper,97,126,0,126,0.0,,,8.447772491349479e-07,0.0009191176470588234,True,one_label_class,8.447772491349479e-07,0.0
empirical_group_offset_prior_train_only,train_only,gripper,98,125,0,125,0.0,,,0.0,0.0,True,one_label_class,0.0,
empirical_group_offset_prior_train_only,train_only,gripper,99,123,0,123,0.0,,,0.0,0.0,True,one_label_class,0.0,
independent_vector_shared_mlp,20260820,arm,1,337,337,0,1.0,,,8.863906743653946e-05,0.005283651330720507,True,one_label_class,0.0,
independent_vector_shared_mlp,20260820,arm,2,335,335,0,1.0,,,0.00033869773373276866,0.009478914317820782,True,one_label_class,1.0971696205580633e-07,-3086.0134151225748
independent_vector_shared_mlp,20260820,arm,3,332,331,1,0.9969879518072289,0.8006042296072508,0.9993315244510504,0.003306345451708244,0.007358683428925645,False,,0.003004796264678611,-0.10035595110868067
independent_vector_shared_mlp,20260820,arm,4,330,329,1,0.996969696969697,0.7629179331306991,0.9991817776945167,0.00406378144557929,0.009711317954445613,False,,0.003022871542024776,-0.34434473615021477
independent_vector_shared_mlp,20260820,arm,5,330,328,2,0.9939393939393939,0.9161585365853658,0.9994679132378538,0.0066381639257960924,0.008936805200086707,False,,0.006024325535756637,-0.10189329683399317
independent_vector_shared_mlp,20260820,arm,6,329,325,4,0.9878419452887538,0.6646153846153846,0.9940533371538364,0.013322532145847733,0.006899464867563702,False,,0.01201067190430174,-0.1092245506328533
independent_vector_shared_mlp,20260820,arm,7,328,323,5,0.9847560975609756,0.5931888544891641,0.990338144428069,0.0167521540802479,0.00824781336014829,False,,0.015017613294873156,-0.11550042948348493
independent_vector_shared_mlp,20260820,arm,8,325,318,7,0.9784615384615385,0.5723270440251572,0.9844983754801697,0.022867339273947154,0.008889589544612947,False,,0.021126667479450995,-0.0823921612904277
independent_vector_shared_mlp,20260820,arm,9,325,311,14,0.9569230769230769,0.6405604042259991,0.9751533220449825,0.042925557527329405,0.01748812981741234,False,,0.04122266349263274,-0.041309655670381584
independent_vector_shared_mlp,20260820,arm,10,324,303,21,0.9351851851851852,0.6812824139556812,0.9672593388810674,0.0611532980711825,0.02980967544360595,False,,0.060791990770155735,-0.005943337213495825
independent_vector_shared_mlp,20260820,arm,11,322,296,26,0.9192546583850931,0.7115384615384616,0.9633234142664627,0.07182910332571192,0.03871986729525482,False,,0.07468134188682278,0.03819211718816373
independent_vector_shared_mlp,20260820,arm,12,321,291,30,0.9065420560747663,0.6776632302405499,0.9524060428635776,0.08366811181535043,0.044029076967225696,False,,0.08526306577824339,0.018706270391932622
independent_vector_shared_mlp,20260820,arm,13,318,278,40,0.8742138364779874,0.6982913669064749,0.936652686317984,0.10875250124584523,0.07506094839433054,False,,0.11188460825401847,0.0279940829846963
independent_vector_shared_mlp,20260820,arm,14,315,271,44,0.8603174603174604,0.7013586044951359,0.9328299228085264,0.11684424412493649,0.07453929032996125,False,,0.12225693558849185,0.04427308305660538
independent_vector_shared_mlp,20260820,arm,15,314,266,48,0.8471337579617835,0.7381735588972431,0.9297157328639218,0.12075938340819246,0.07672583354252045,False,,0.13137526221823445,0.0808057668604869
independent_vector_shared_mlp,20260820,arm,16,312,262,50,0.8397435897435898,0.7595419847328244,0.9330789067384029,0.12245869325943214,0.08088676780968658,False,,0.13616860960986754,0.10068338356185957
independent_vector_shared_mlp,20260820,arm,17,311,259,52,0.8327974276527331,0.7584645084645084,0.930937213385631,0.12355930093577965,0.0723198900362022,False,,0.14052901066773527,0.12075591830699328
independent_vector_shared_mlp,20260820,arm,18,309,257,52,0.8317152103559871,0.7325651002693804,0.9210723234575047,0.12366492300038674,0.08026984497530597,False,,0.14047852592407148,0.11968806487030248
independent_vector_shared_mlp,20260820,arm,19,309,255,54,0.8252427184466019,0.7549745824255628,0.9179197403540075,0.12219481916388038,0.05172470166452948,False,,0.14465560902375854,0.15527078425413254
independent_vector_shared_mlp,20260820,arm,20,306,250,56,0.8169934640522876,0.7293571428571428,0.9113154204598642,0.13081413920480167,0.07524320231433662,False,,0.14998623109982123,0.12782567942693246
independent_vector_shared_mlp,20260820,arm,21,306,247,59,0.8071895424836601,0.7260687572908804,0.9007417166799866,0.1355618764152883,0.062103979894231234,False,,0.15614105014125432,0.13179861226339196
independent_vector_shared_mlp,20260820,arm,22,306,245,61,0.8006535947712419,0.7377049180327869,0.9042335256767743,0.13600698822968782,0.055705601861404004,False,,0.15997048742241848,0.14979950101328743
independent_vector_shared_mlp,20260820,arm,23,305,238,67,0.780327868852459,0.7433212090806471,0.8965742553944472,0.14556947552655555,0.06701532997092195,False,,0.17229128530054183,0.1550966999135982
independent_vector_shared_mlp,20260820,arm,24,303,233,70,0.768976897689769,0.7368485591661558,0.8886424981723454,0.15505691868647914,0.08437013141179771,False,,0.17862765779020476,0.13195458864163723
independent_vector_shared_mlp,20260820,arm,25,300,227,73,0.7566666666666667,0.730674069156961,0.8824589973180604,0.1617340588482302,0.07108749074080571,False,,0.18537679386254033,0.12753880635049486
independent_vector_shared_mlp,20260820,arm,26,296,219,77,0.7398648648648649,0.7287552630018383,0.8688064829302603,0.17001939660592957,0.07212579002662245,False,,0.19401181586952818,0.12366473225390229
independent_vector_shared_mlp,20260820,arm,27,294,214,80,0.7278911564625851,0.7174065420560748,0.857642810672752,0.17799655331040537,0.10109261858558641,False,,0.19980111624891983,0.10913133694082822
independent_vector_shared_mlp,20260820,arm,28,291,208,83,0.7147766323024055,0.7059777571825765,0.8381029397943235,0.1857808847828773,0.09513892307294353,False,,0.205568487434641,0.09625795713486984
independent_vector_shared_mlp,20260820,arm,29,289,206,83,0.71280276816609,0.7203181658673529,0.8492189970539751,0.18500589776416637,0.08227981742141244,False,,0.2059465129149699,0.10167987238244414
independent_vector_shared_mlp,20260820,arm,30,289,200,89,0.6920415224913494,0.7201685393258427,0.8427451921100342,0.19014393422623221,0.08283114499278402,False,,0.21519484327673813,0.11641035941688771
independent_vector_shared_mlp,20260820,arm,31,288,196,92,0.6805555555555556,0.7064662821650399,0.8183871621966885,0.19666344498710897,0.08697941985317274,False,,0.21930260462977857,0.10323251600631234
independent_vector_shared_mlp,20260820,arm,32,287,194,93,0.6759581881533101,0.7092340095333112,0.821872771542741,0.19750655579595916,0.11654273709594377,False,,0.2207107478502448,0.1051339469432182
independent_vector_shared_mlp,20260820,arm,33,284,187,97,0.6584507042253521,0.6968961905286951,0.8059739939835598,0.2094021922968838,0.11814017898682949,False,,0.2275188474006327,0.07962705204746257
independent_vector_shared_mlp,20260820,arm,34,284,182,102,0.6408450704225352,0.7115923292393881,0.8043519671504896,0.2094812341391539,0.10982018420545343,False,,0.23412855849132957,0.10527260967648433
independent_vector_shared_mlp,20260820,arm,35,283,179,104,0.6325088339222615,0.7168027503223035,0.8039967263795199,0.21021848827869427,0.1102457709035475,False,,0.23627333847444035,0.11027418651624399
independent_vector_shared_mlp,20260820,arm,36,281,175,106,0.6227758007117438,0.7078706199460917,0.7935304173039462,0.21360417053349168,0.13505518206401187,False,,0.23934758713372956,0.10755661633578273
independent_vector_shared_mlp,20260820,arm,37,280,173,107,0.6178571428571429,0.6996920749824429,0.7854591404989251,0.21696277873746259,0.11528644711139324,False,,0.24016343054374698,0.09660359928135798
independent_vector_shared_mlp,20260820,arm,38,277,167,110,0.6028880866425993,0.6962438758845945,0.7738825523446409,0.22132338033622953,0.11454530468271873,False,,0.24459527893859329,0.09514451261426948
independent_vector_shared_mlp,20260820,arm,39,274,164,110,0.5985401459854015,0.6970066518847007,0.7715743193218416,0.22416103438824125,0.12291453688658219,False,,0.24581881055496513,0.08810463331845464
independent_vector_shared_mlp,20260820,arm,40,270,161,109,0.5962962962962963,0.7071628012992194,0.7765291499551613,0.22223606808773969,0.11448567546119322,False,,0.2452471856268681,0.09382826343270956
independent_vector_shared_mlp,20260820,arm,41,267,159,108,0.5955056179775281,0.6854763568600046,0.7548172235652931,0.22666895802240788,0.12044091342144421,False,,0.24477517958980743,0.07397082333977578
independent_vector_shared_mlp,20260820,arm,42,264,155,109,0.5871212121212122,0.6926901450133176,0.7581426899264487,0.22778029259311702,0.11687817260539164,False,,0.24589627668217406,0.07367327530734558
independent_vector_shared_mlp,20260820,arm,43,259,153,106,0.5907335907335908,0.6831915155999507,0.7566433068682049,0.23178911151460896,0.1388815217086368,False,,0.24358215358215365,0.04841504968288746
independent_vector_shared_mlp,20260820,arm,44,256,146,110,0.5703125,0.6723536737235367,0.7286224641862671,0.2371490892780946,0.12106883618916323,False,,0.2471974872798964,0.04064927241927907
independent_vector_shared_mlp,20260820,arm,45,252,143,109,0.5674603174603174,0.6892282029896709,0.7360071740826721,0.23213428884699455,0.1268788495374832,False,,0.24701008607493533,0.06022344052553352
independent_vector_shared_mlp,20260820,arm,46,248,137,111,0.5524193548387096,0.6867232195699349,0.7265440442129998,0.23850135368399092,0.11977252149365832,False,,0.24840636013022163,0.03987420628456628
independent_vector_shared_mlp,20260820,arm,47,245,131,114,0.5346938775510204,0.6908396946564885,0.7171006577073062,0.2382668584997696,0.1331320391647676,False,,0.25049502867262613,0.048816019374331
independent_vector_shared_mlp,20260820,arm,48,244,127,117,0.5204918032786885,0.6814725082441618,0.7025675113052534,0.24305549682215635,0.14982028765174618,False,,0.2511999252590032,0.03242209737303636
independent_vector_shared_mlp,20260820,arm,49,242,122,120,0.5041322314049587,0.6862021857923497,0.6978536122406979,0.2455338198084028,0.15761487421186512,False,,0.25199945364392295,0.025657332752221484
independent_vector_shared_mlp,20260820,arm,50,238,114,124,0.4789915966386555,0.6977928692699491,0.6852881370427206,0.2390487472846594,0.14107046964035871,False,,0.25253603535914615,0.05340738027864289
independent_vector_shared_mlp,20260820,arm,51,232,108,124,0.46551724137931033,0.7107228195937874,0.6798364119010218,0.2297781614247075,0.13903946847979276,False,,0.2519718401668731,0.08807999627048557
independent_vector_shared_mlp,20260820,arm,52,229,106,123,0.462882096069869,0.7026384414787544,0.6728543804486735,0.23338289079607863,0.1639301051855944,False,,0.2505661906732054,0.0685778868687742
independent_vector_shared_mlp,20260820,arm,53,224,104,120,0.4642857142857143,0.7080128205128206,0.6891609995472995,0.23196072540934903,0.1431764546933238,False,,0.24966444408645325,0.07091005185733945
independent_vector_shared_mlp,20260820,arm,54,219,100,119,0.45662100456621,0.7033613445378152,0.676995244766437,0.23435178078450286,0.1453037185860414,False,,0.24895527193982547,0.05865909583490325
independent_vector_shared_mlp,20260820,arm,55,219,99,120,0.4520547945205479,0.6901515151515152,0.6610183291225834,0.23645455628704684,0.14275898860673825,False,,0.24830932196979622,0.047741927643744964
independent_vector_shared_mlp,20260820,arm,56,217,95,122,0.4377880184331797,0.6797238999137187,0.6378918441046573,0.24188950159431505,0.16409038257308234,False,,0.2467231406746477,0.019591348696013644
independent_vector_shared_mlp,20260820,arm,57,216,93,123,0.4305555555555556,0.6654427834600927,0.6168841042661889,0.24567966995751755,0.17782812232821676,False,,0.24567182629589382,-3.1927395753861276e-05
independent_vector_shared_mlp,20260820,arm,58,211,91,120,0.4312796208530806,0.6562271062271062,0.6194376144369165,0.2448264951675459,0.16840842105538878,False,,0.2453854941634914,0.0022780441763727843
independent_vector_shared_mlp,20260820,arm,59,209,88,121,0.42105263157894735,0.6643501126972201,0.6001295644919684,0.24387568863210818,0.17346267295876236,False,,0.24393184879245497,0.00023022889641022282
independent_vector_shared_mlp,20260820,arm,60,208,86,122,0.41346153846153844,0.6683187190240183,0.607206289794373,0.24108764551572662,0.1705080600060103,False,,0.24272303930132316,0.006737694906523983
independent_vector_shared_mlp,20260820,arm,61,206,84,122,0.4077669902912621,0.6847189695550351,0.6122756512430245,0.233872861875506,0.16365396852785935,False,,0.24161278287695348,0.03203440194382934
independent_vector_shared_mlp,20260820,arm,62,205,83,122,0.40487804878048783,0.6955362433339917,0.6104451479791019,0.22307055228580258,0.1100690287147556,False,,0.2409881385710734,0.0743504904080019
independent_vector_shared_mlp,20260820,arm,63,201,78,123,0.3880597014925373,0.6780279341254951,0.593663406333059,0.22973288833995414,0.12498539188992326,False,,0.23770773753538663,0.03354896764454418
independent_vector_shared_mlp,20260820,arm,64,198,77,121,0.3888888888888889,0.6873457121391006,0.601911876870039,0.2233168255567055,0.1459724691477183,False,,0.23767072031013167,0.06039403900781748
independent_vector_shared_mlp,20260820,arm,65,197,77,120,0.39086294416243655,0.6814935064935065,0.6020770477978166,0.23041232829675362,0.15297655872096852,False,,0.23813094094436135,0.032413312679981265
independent_vector_shared_mlp,20260820,arm,66,195,74,121,0.37948717948717947,0.6824882733973643,0.5942755419848773,0.22338665486068895,0.1496496139562896,False,,0.2354781453970776,0.051348674060597954
independent_vector_shared_mlp,20260820,arm,67,193,72,121,0.37305699481865284,0.6905417814508723,0.5949361387697386,0.22172197187077022,0.16301383144573153,False,,0.23388584674877022,0.05200774243969486
independent_vector_shared_mlp,20260820,arm,68,191,71,120,0.3717277486910995,0.7017605633802817,0.6122160690184791,0.21584646690482026,0.13508704046074452,False,,0.23357386728020435,0.07589633455919798
independent_vector_shared_mlp,20260820,arm,69,191,70,121,0.36649214659685864,0.7043683589138134,0.6041868949383837,0.2137295679208646,0.12969689374828583,False,,0.2322127297825423,0.07959581664186288
independent_vector_shared_mlp,20260820,arm,70,188,68,120,0.3617021276595745,0.6838235294117647,0.5840409937107033,0.21919838501365646,0.13117819856027851,False,,0.2308977106460057,0.050668868043848736
independent_vector_shared_mlp,20260820,arm,71,188,68,120,0.3617021276595745,0.7085784313725491,0.6023627022663012,0.21169746076019685,0.12030594036115053,False,,0.23097949231386855,0.08347940919131525
independent_vector_shared_mlp,20260820,arm,72,187,68,119,0.36363636363636365,0.6911764705882353,0.591165960211419,0.21909121286279912,0.12633429424963988,False,,0.23167965539804136,0.05433555446901217
independent_vector_shared_mlp,20260820,arm,73,186,67,119,0.3602150537634409,0.7065094694594256,0.6033563763122143,0.21215660588275922,0.1388156869353027,False,,0.23076634165305482,0.08064319795074082
independent_vector_shared_mlp,20260820,arm,74,184,66,118,0.358695652173913,0.7022342064714946,0.6193954050373887,0.21052470169466062,0.13979056748035787,False,,0.23040087800283238,0.08626779759028269
independent_vector_shared_mlp,20260820,arm,75,181,66,115,0.36464088397790057,0.69433465085639,0.5912793446705656,0.21807619355917382,0.13795709015745408,False,,0.2324473685299053,0.06182550080743365
independent_vector_shared_mlp,20260820,arm,76,177,65,112,0.3672316384180791,0.6987637362637362,0.6024388610405795,0.21694191062875912,0.14611258855784515,False,,0.23336877557517713,0.07039015783465974
independent_vector_shared_mlp,20260820,arm,77,175,64,111,0.3657142857142857,0.6986204954954955,0.5972560709398469,0.22127200185784926,0.17984083853892008,False,,0.23315957935411383,0.05098472698052936
independent_vector_shared_mlp,20260820,arm,78,172,63,109,0.36627906976744184,0.7032182903742537,0.6115717811845381,0.21698326387525937,0.13116253993305946,False,,0.2337615027817385,0.0717750301346447
independent_vector_shared_mlp,20260820,arm,79,170,63,107,0.37058823529411766,0.7116154873164219,0.6236492247924429,0.21582738572949772,0.12217110320034597,False,,0.23525343206531646,0.08257497527358171
independent_vector_shared_mlp,20260820,arm,80,167,62,105,0.3712574850299401,0.717357910906298,0.6311117950476501,0.21449474601715207,0.146756510958852,False,,0.23557750594495752,0.08949394316421455
independent_vector_shared_mlp,20260820,arm,81,166,61,105,0.3674698795180723,0.7016393442622951,0.610468755904972,0.21994524378763428,0.16415723313556121,False,,0.23451793698774479,0.062138927995396886
independent_vector_shared_mlp,20260820,arm,82,164,60,104,0.36585365853658536,0.697275641025641,0.5928344691491917,0.2257037478642232,0.16381086289143243,False,,0.234214988652722,0.03633943684585739
independent_vector_shared_mlp,20260820,arm,83,161,59,102,0.36645962732919257,0.7188434695912264,0.6301362067500021,0.2144830684927111,0.1421733698375004,False,,0.23471200905917994,0.08618621879449018
independent_vector_shared_mlp,20260820,arm,84,160,59,101,0.36875,0.7158919281758684,0.6400095442576895,0.21393352901790888,0.14296971268726028,False,,0.23574425320338244,0.09251858269756807
independent_vector_shared_mlp,20260820,arm,85,158,59,99,0.37341772151898733,0.7243622667351481,0.6375686130208765,0.21774131707784322,0.13036328570563468,False,,0.23768789556962025,0.08391920187595148
independent_vector_shared_mlp,20260820,arm,86,154,58,96,0.37662337662337664,0.7237787356321839,0.6662899131279566,0.21727552256781643,0.1576295877776293,False,,0.23901611634451145,0.09095869395417133
independent_vector_shared_mlp,20260820,arm,87,152,57,95,0.375,0.7187442289935365,0.6376054739597897,0.2215638174019086,0.1676388892506482,False,,0.23858231808496275,0.07133177688798209
independent_vector_shared_mlp,20260820,arm,88,146,53,93,0.363013698630137,0.7173868938932847,0.6259307391176575,0.21575721984867832,0.1473100433160479,False,,0.23427553988856942,0.07904504263953094
independent_vector_shared_mlp,20260820,arm,89,143,53,90,0.3706293706293706,0.7283018867924528,0.651773431621049,0.2140275088884897,0.1419117145394664,False,,0.23745541655576263,0.09866234262873197
independent_vector_shared_mlp,20260820,arm,90,141,51,90,0.3617021276595745,0.7156862745098039,0.6247001674510596,0.2152792181038215,0.14848129224962378,False,,0.23367858184251059,0.07873791253615825
independent_vector_shared_mlp,20260820,arm,91,139,48,91,0.34532374100719426,0.7316849816849816,0.6328069327762117,0.20343483819183994,0.13635137044910275,False,,0.22768772473617443,0.10651819975115795
independent_vector_shared_mlp,20260820,arm,92,135,46,89,0.34074074074074073,0.7242305813385442,0.6076004394045348,0.20639737948717538,0.13584549476327326,False,,0.22591388888888897,0.08638915251161194
independent_vector_shared_mlp,20260820,arm,93,132,43,89,0.32575757575757575,0.7507185785210347,0.6211097678631863,0.18745276442220718,0.12586007401335825,False,,0.22028571160860058,0.14904710317630743
independent_vector_shared_mlp,20260820,arm,94,130,42,88,0.3230769230769231,0.7326839826839827,0.6158547192526838,0.192956320706642,0.13099261717520463,False,,0.21924286683869443,0.11989692759943915
independent_vector_shared_mlp,20260820,arm,95,126,41,85,0.3253968253968254,0.7228120516499282,0.607912929099874,0.2006086749589461,0.13924786484321922,False,,0.22039710651866717,0.08978535096169704
independent_vector_shared_mlp,20260820,arm,96,126,41,85,0.3253968253968254,0.7144906743185079,0.5947114857706135,0.20137556484682576,0.1581914166804406,False,,0.22045904015254894,0.08656245301856602
independent_vector_shared_mlp,20260820,arm,97,126,41,85,0.3253968253968254,0.7360114777618364,0.62090954689576,0.19368890983006967,0.1167684420796533,False,,0.2205504616828349,0.1217932243161376
independent_vector_shared_mlp,20260820,arm,98,125,40,85,0.32,0.7285294117647059,0.601114791644491,0.19692043031255643,0.13460227904927657,False,,0.218540903926272,0.09893101577455521
independent_vector_shared_mlp,20260820,arm,99,123,40,83,0.3252032520325203,0.7379518072289156,0.6109140078073557,0.19428310734294577,0.13379496889168951,False,,0.22095226188541764,0.12070097999857576
independent_vector_shared_mlp,20260820,gripper,1,337,314,23,0.9317507418397626,0.8702575463860427,0.9895423232762594,0.05824041931879382,0.025300437668807317,False,,0.06359143714417013,0.08414682959979114
independent_vector_shared_mlp,20260820,gripper,2,335,296,39,0.8835820895522388,0.8913721413721414,0.9852541723290074,0.08196013323396006,0.04316036714357865,False,,0.10286703637014291,0.20324200904315215
independent_vector_shared_mlp,20260820,gripper,3,332,280,52,0.8433734939759037,0.9023351648351648,0.9816642245350733,0.0912055207243915,0.03696896659281659,False,,0.13213446701087386,0.30975223355700343
independent_vector_shared_mlp,20260820,gripper,4,330,272,58,0.8242424242424242,0.8984533468559838,0.9775124384458188,0.09782382765325016,0.038180501725630644,False,,0.14490395122572794,0.3249057266846883
independent_vector_shared_mlp,20260820,gripper,5,330,265,65,0.803030303030303,0.9211611030478954,0.9808489510055629,0.09239458514712999,0.0466858285226529,False,,0.15840004540146527,0.4167010185321872
independent_vector_shared_mlp,20260820,gripper,6,329,256,73,0.7781155015197568,0.9134203767123288,0.9737556146521648,0.0965218784896746,0.037074557352857286,False,,0.17297166030970518,0.4419786552499265
independent_vector_shared_mlp,20260820,gripper,7,328,251,77,0.7652439024390244,0.9244062710198169,0.9740429098398694,0.09059253870550239,0.03603396239174331,False,,0.18042107651701325,0.49788272825786106
independent_vector_shared_mlp,20260820,gripper,8,325,246,79,0.7569230769230769,0.9121127920139961,0.965937776578369,0.10553558601692938,0.07673412551232076,False,,0.1857628908801514,0.43188014830681254
independent_vector_shared_mlp,20260820,gripper,9,325,239,86,0.7353846153846154,0.9256105867471052,0.9689798105510741,0.09889450496437388,0.05975945035037493,False,,0.1965488895963183,0.4968452624306948
independent_vector_shared_mlp,20260820,gripper,10,324,232,92,0.7160493827160493,0.9226011994002998,0.9640395356468748,0.10413726493747112,0.0595000450415382,False,,0.20466237500562065,0.49117533237552236
independent_vector_shared_mlp,20260820,gripper,11,322,228,94,0.7080745341614907,0.9194195595371407,0.9627919456573063,0.10683437023992551,0.05609077956625836,False,,0.20845816814296314,0.48750211521259657
independent_vector_shared_mlp,20260820,gripper,12,321,225,96,0.7009345794392523,0.92,0.9630717704670262,0.11087591731326567,0.0652817297574564,False,,0.21237493640592467,0.4779237174138947
independent_vector_shared_mlp,20260820,gripper,13,318,212,106,0.6666666666666666,0.9065058739765041,0.9456210520850008,0.11856248387858813,0.07075966837492981,False,,0.2233607429740432,0.4691883528863159
independent_vector_shared_mlp,20260820,gripper,14,315,205,110,0.6507936507936508,0.8970731707317073,0.9368859815065927,0.12655723067664554,0.06612259177237549,False,,0.22807983857763173,0.44511872918759043
independent_vector_shared_mlp,20260820,gripper,15,314,193,121,0.6146496815286624,0.907121140752794,0.9339676403654368,0.11763577610338348,0.06165144250870124,False,,0.23700370996502057,0.5036542840584843
independent_vector_shared_mlp,20260820,gripper,16,312,184,128,0.5897435897435898,0.9183084239130435,0.9400646216250439,0.10996347419526484,0.03802639015657546,False,,0.24215488744748753,0.5458961189907392
independent_vector_shared_mlp,20260820,gripper,17,311,176,135,0.5659163987138264,0.9151936026936027,0.928372510163317,0.11410051848816898,0.043180380571421303,False,,0.2458035169425484,0.5358059969709967
independent_vector_shared_mlp,20260820,gripper,18,309,160,149,0.517799352750809,0.9288590604026845,0.9303134843827247,0.10315935782083886,0.04907949294225394,False,,0.24975347938457917,0.5869552725550202
independent_vector_shared_mlp,20260820,gripper,19,309,153,156,0.49514563106796117,0.9301575330987095,0.9190397123518643,0.09998048767641639,0.05336441884851373,False,,0.2500673964534471,0.6001858335217687
independent_vector_shared_mlp,20260820,gripper,20,306,146,160,0.477124183006536,0.9341181506849315,0.9227053747615749,0.0978098541193027,0.05962431392833819,False,,0.24948029994457863,0.6079455807090544
independent_vector_shared_mlp,20260820,gripper,21,306,145,161,0.4738562091503268,0.930391946883701,0.9120175843644327,0.10185626332576968,0.04522614315408601,False,,0.24956314376995264,0.5918617557580506
independent_vector_shared_mlp,20260820,gripper,22,306,138,168,0.45098039215686275,0.9249913733609386,0.8991623758690999,0.10612010660997077,0.08233557223399687,False,,0.24774822689478582,0.5716614890041652
independent_vector_shared_mlp,20260820,gripper,23,305,126,179,0.4131147540983607,0.9198811740711182,0.8805461758258543,0.10802388870806827,0.05577960618521021,False,,0.2425088686855028,0.5545569558193814
independent_vector_shared_mlp,20260820,gripper,24,303,117,186,0.38613861386138615,0.9136108813528169,0.8611100939163574,0.11534550234867282,0.07541234545474733,False,,0.2370976651430015,0.5135105937078541
independent_vector_shared_mlp,20260820,gripper,25,300,114,186,0.38,0.9181286549707602,0.8612423169778772,0.11276301293577973,0.06547113355944072,False,,0.23566731470532218,0.5215161123349739
independent_vector_shared_mlp,20260820,gripper,26,296,107,189,0.3614864864864865,0.9337882608910646,0.8844426590798831,0.09433731251814177,0.051500983803912666,False,,0.23083555418203433,0.5913224336154541
independent_vector_shared_mlp,20260820,gripper,27,294,104,190,0.35374149659863946,0.9213562753036437,0.8567247067680555,0.10358160018686097,0.04977729596167061,False,,0.22860850979080902,0.5469040050974281
independent_vector_shared_mlp,20260820,gripper,28,291,97,194,0.3333333333333333,0.9309703475395897,0.8762293997594643,0.09734845071000392,0.04290846314249317,False,,0.2222491229459893,0.5619849949479376
independent_vector_shared_mlp,20260820,gripper,29,289,92,197,0.31833910034602075,0.9368241006400353,0.88029376146227,0.0930341404770387,0.04322784691255519,False,,0.21703613741666608,0.5713426271569157
independent_vector_shared_mlp,20260820,gripper,30,289,88,201,0.3044982698961938,0.9232813206693804,0.8520907042147542,0.10368211218215405,0.05607382172986126,False,,0.2118106692432871,0.5104962722011699
independent_vector_shared_mlp,20260820,gripper,31,288,81,207,0.28125,0.9224071092026004,0.8337430631119138,0.09968056331227691,0.049744738183957235,False,,0.20226550194733045,0.5071796111912671
independent_vector_shared_mlp,20260820,gripper,32,287,81,206,0.28222996515679444,0.9153781613328539,0.8119008969053482,0.10532883869989597,0.03802343520429879,False,,0.20259254553106232,0.4800951909469615
independent_vector_shared_mlp,20260820,gripper,33,284,74,210,0.2605633802816901,0.9180823680823681,0.7939250956715084,0.09980150845284753,0.0532864279846751,False,,0.19274340898920336,0.4822053372603886
independent_vector_shared_mlp,20260820,gripper,34,284,70,214,0.24647887323943662,0.9149532710280374,0.7829248847074445,0.09818302815174913,0.05837441164369815,False,,0.1857728771101695,0.471488897200406
independent_vector_shared_mlp,20260820,gripper,35,283,67,216,0.23674911660777384,0.9174958540630183,0.7874998915166229,0.09288476750295367,0.05026834429504792,False,,0.18075380150982343,0.48612551035112994
independent_vector_shared_mlp,20260820,gripper,36,281,63,218,0.22419928825622776,0.9214358526285131,0.7846691641529259,0.09024703847485144,0.04797131139187444,False,,0.17393546464784382,0.48114642026817855
independent_vector_shared_mlp,20260820,gripper,37,280,55,225,0.19642857142857142,0.9249292929292929,0.790367209892009,0.07716577465801759,0.04763058283326087,False,,0.1579790302921381,0.5115441934583278
independent_vector_shared_mlp,20260820,gripper,38,277,54,223,0.19494584837545126,0.9277528649725959,0.7978002484339543,0.07342315051108139,0.05231352734426401,False,,0.15701879550748443,0.5323926013202565
independent_vector_shared_mlp,20260820,gripper,39,274,50,224,0.18248175182481752,0.9291964285714286,0.8020373041263892,0.07040791585128352,0.0424719253678142,False,,0.14918793380136858,0.5280589116206553
independent_vector_shared_mlp,20260820,gripper,40,270,49,221,0.1814814814814815,0.9246467817896389,0.7881267254958475,0.07166504978939903,0.04016773273291309,False,,0.14854626292991213,0.5175573698329092
independent_vector_shared_mlp,20260820,gripper,41,267,46,221,0.17228464419475656,0.9311430257721818,0.7992108842924763,0.06517205820304031,0.035963565813317,False,,0.14260887997369084,0.5430014020510956
independent_vector_shared_mlp,20260820,gripper,42,264,44,220,0.16666666666666666,0.9435950413223141,0.8158967197645015,0.06099164340828049,0.03465171653214044,False,,0.13891587867913816,0.5609454873826459
independent_vector_shared_mlp,20260820,gripper,43,259,43,216,0.16602316602316602,0.9383074935400517,0.8150170766400948,0.061381468265659614,0.03360480895676082,False,,0.1384606105118926,0.5566864248342493
independent_vector_shared_mlp,20260820,gripper,44,256,38,218,0.1484375,0.9450748430709802,0.816304053842078,0.0550831609363575,0.02161293540392867,False,,0.12650483978825405,0.5645766515450585
independent_vector_shared_mlp,20260820,gripper,45,252,38,214,0.15079365079365079,0.9431874077717659,0.8022978255574479,0.056494843438724456,0.023335270738338704,False,,0.1280791197208624,0.5589066854780842
independent_vector_shared_mlp,20260820,gripper,46,248,38,210,0.1532258064516129,0.9408521303258145,0.8039815258483127,0.05650571210217645,0.03243902000063487,False,,0.1297503922025234,0.5645044986532417
independent_vector_shared_mlp,20260820,gripper,47,245,35,210,0.14285714285714285,0.9476190476190476,0.791662465295825,0.05373389241003741,0.03266669625667905,False,,0.12256517119244395,0.5615892191292426
independent_vector_shared_mlp,20260820,gripper,48,244,33,211,0.13524590163934427,0.9596438316817464,0.818523159562331,0.045821058278808315,0.03239176956718677,False,,0.11726565029519984,0.609254217552538
independent_vector_shared_mlp,20260820,gripper,49,242,31,211,0.128099173553719,0.9648371808591958,0.8003863954995958,0.045397987783596355,0.04407216124778872,False,,0.11211649845665764,0.5950820048028305
independent_vector_shared_mlp,20260820,gripper,50,238,31,207,0.13025210084033614,0.9666510830606202,0.8164986625391585,0.04609523230463518,0.03192404887965985,False,,0.1136975757827116,0.5945803418647362
independent_vector_shared_mlp,20260820,gripper,51,232,31,201,0.1336206896551724,0.9691863264323544,0.8373515246994082,0.04499955480491581,0.03727443616614054,False,,0.11606659653821398,0.6122953877595603
independent_vector_shared_mlp,20260820,gripper,52,229,30,199,0.13100436681222707,0.9656616415410385,0.8111790891085625,0.045315588360770924,0.04202496110591277,False,,0.11421835145889767,0.6032547503797752
independent_vector_shared_mlp,20260820,gripper,53,224,30,194,0.13392857142857142,0.9661512027491409,0.8093451743367026,0.04556960750777355,0.045815428353978664,False,,0.11622311335421984,0.6079126931586452
independent_vector_shared_mlp,20260820,gripper,54,219,29,190,0.1324200913242009,0.9667876588021779,0.8230613155750205,0.046256970346502495,0.03402375730351288,False,,0.11513058232698564,0.5982216939099052
independent_vector_shared_mlp,20260820,gripper,55,219,29,190,0.1324200913242009,0.9633393829401089,0.8122063203400255,0.047639160385436495,0.025871666880774496,False,,0.11509885285257244,0.5861022138382523
independent_vector_shared_mlp,20260820,gripper,56,217,29,188,0.1336405529953917,0.9647835656639765,0.8197476801279937,0.04732560092993561,0.0381602312471757,False,,0.11586710086244759,0.5915527308643157
independent_vector_shared_mlp,20260820,gripper,57,216,29,187,0.13425925925925927,0.9592476489028213,0.7891991047655891,0.05168801390957901,0.036190723126909144,False,,0.11626691351088787,0.5554366040280354
independent_vector_shared_mlp,20260820,gripper,58,211,29,182,0.13744075829383887,0.9588859416445623,0.7857600641555473,0.054930550168623464,0.031079669961771448,False,,0.11855624825682844,0.5366709812744125
independent_vector_shared_mlp,20260820,gripper,59,209,28,181,0.1339712918660287,0.9579715864246251,0.785923578961249,0.05306788369646267,0.02883960776611941,False,,0.11604808034517085,0.5427077850954645
independent_vector_shared_mlp,20260820,gripper,60,208,28,180,0.1346153846153846,0.9638888888888889,0.8156305736331768,0.050912759899410194,0.0343850568521696,False,,0.11660457844761679,0.5633725486835652
independent_vector_shared_mlp,20260820,gripper,61,206,28,178,0.13592233009708737,0.9630818619582665,0.8185630705452087,0.05095635829847222,0.03631796923055367,False,,0.11771027476025295,0.5671035650689129
independent_vector_shared_mlp,20260820,gripper,62,205,28,177,0.13658536585365855,0.9580306698950767,0.7866489119563932,0.05636304801925617,0.033276296879763675,False,,0.11833897007471905,0.5237152395050537
independent_vector_shared_mlp,20260820,gripper,63,201,27,174,0.13432835820895522,0.9759472115793955,0.8523700201745137,0.04809855876075822,0.029263860874034407,False,,0.1167945679426601,0.588178118143542
independent_vector_shared_mlp,20260820,gripper,64,198,26,172,0.13131313131313133,0.9733899821109123,0.8299892866086348,0.053887361522154585,0.042425957476659386,False,,0.11468608006057224,0.5301316298046492
independent_vector_shared_mlp,20260820,gripper,65,197,23,174,0.116751269035533,0.9667666166916542,0.7950881527102548,0.048979420671663894,0.030457145039787935,False,,0.10340681121037314,0.526342413054213
independent_vector_shared_mlp,20260820,gripper,66,195,23,172,0.11794871794871795,0.9726996966632963,0.8132852845430697,0.04956748325327864,0.03883452496041544,False,,0.10447413428302679,0.5255525820487078
independent_vector_shared_mlp,20260820,gripper,67,193,21,172,0.10880829015544041,0.9656699889258029,0.742065292181963,0.05271131016230923,0.04399567655066545,False,,0.09730480633277068,0.45828667515104116
independent_vector_shared_mlp,20260820,gripper,68,191,20,171,0.10471204188481675,0.9678362573099415,0.741709825933964,0.05177301109600947,0.03995726175460935,False,,0.09414767658834398,0.45008721434109966
independent_vector_shared_mlp,20260820,gripper,69,191,19,172,0.09947643979057591,0.969094247246022,0.7440192296744975,0.04711753460642344,0.03535659737778958,False,,0.08989326299428277,0.47585021349797785
independent_vector_shared_mlp,20260820,gripper,70,188,19,169,0.10106382978723404,0.9663656181874806,0.719571460962396,0.05183801397329943,0.04420538977932713,False,,0.09140209737368363,0.4328575003988414
independent_vector_shared_mlp,20260820,gripper,71,188,16,172,0.0851063829787234,0.970203488372093,0.727811685994798,0.03959105022258776,0.03911456246457102,False,,0.07805870452969811,0.49280415988040127
independent_vector_shared_mlp,20260820,gripper,72,187,14,173,0.0748663101604278,0.9744013212221305,0.6938100072805042,0.03859419606022006,0.041615707038912694,False,,0.06933959246521793,0.4434031887398292
independent_vector_shared_mlp,20260820,gripper,73,186,13,173,0.06989247311827956,0.9697643397065362,0.6789720159177174,0.03696576238483742,0.022332554279314274,False,,0.06505453345878505,0.4317726925479086
independent_vector_shared_mlp,20260820,gripper,74,184,11,173,0.059782608695652176,0.9674198633736206,0.6209678811353453,0.03595008067181736,0.03571403396046753,False,,0.05624440005309801,0.36082382178708683
independent_vector_shared_mlp,20260820,gripper,75,181,10,171,0.055248618784530384,0.9649122807017544,0.6025475249388293,0.034036742949064475,0.03751498070131514,False,,0.05220174030923229,0.3479768538857543
independent_vector_shared_mlp,20260820,gripper,76,177,10,167,0.05649717514124294,0.9688622754491018,0.6390656565656565,0.0326166426757812,0.035325962034709245,False,,0.05337068486751734,0.38886595222178866
independent_vector_shared_mlp,20260820,gripper,77,175,9,166,0.05142857142857143,0.963186077643909,0.5962281545614879,0.03264195818501482,0.022601120956545706,False,,0.04888753928609386,0.33230515052125187
independent_vector_shared_mlp,20260820,gripper,78,172,7,165,0.040697674418604654,0.9497835497835497,0.5113107443934511,0.02862773351417512,0.01612659449305228,False,,0.03908027807985544,0.26746341324188916
independent_vector_shared_mlp,20260820,gripper,79,170,5,165,0.029411764705882353,0.9648484848484848,0.5916791979949874,0.019396803009959124,0.01450327800819402,False,,0.028551777572927938,0.3206446442637366
independent_vector_shared_mlp,20260820,gripper,80,167,4,163,0.023952095808383235,0.9432515337423313,0.29761904761904756,0.02508090617120453,0.019399672100273893,False,,0.023424586241740552,-0.07070860984996008
independent_vector_shared_mlp,20260820,gripper,81,166,1,165,0.006024096385542169,0.9030303030303031,0.058823529411764705,0.013447941615002535,0.02072909652505568,False,,0.006106164003498107,-1.2023551295540802
independent_vector_shared_mlp,20260820,gripper,82,164,1,163,0.006097560975609756,0.8466257668711656,0.038461538461538464,0.013180724523843314,0.021523367410804205,False,,0.006169909216549052,-1.1362914852117623
independent_vector_shared_mlp,20260820,gripper,83,161,1,160,0.006211180124223602,0.9125,0.06666666666666667,0.011717060896029833,0.017206470970151197,False,,0.006197849728804866,-0.890504192377255
independent_vector_shared_mlp,20260820,gripper,84,160,1,159,0.00625,0.9308176100628931,0.08333333333333333,0.011076959034018407,0.016403250416371508,False,,0.0062380098933751595,-0.7757200170173293
independent_vector_shared_mlp,20260820,gripper,85,158,1,157,0.006329113924050633,0.89171974522293,0.05555555555555555,0.010681909316881129,0.01651150133549523,False,,0.0062947770262406656,-0.6969480050448307
independent_vector_shared_mlp,20260820,gripper,86,154,1,153,0.006493506493506494,0.8954248366013072,0.058823529411764705,0.010261243813680057,0.013648355297176987,False,,0.0064522271719518855,-0.5903413720902657
independent_vector_shared_mlp,20260820,gripper,87,152,1,151,0.006578947368421052,0.8940397350993378,0.058823529411764705,0.010691895861749744,0.013814869568452424,False,,0.006539827927462256,-0.6348894772677414
independent_vector_shared_mlp,20260820,gripper,88,146,1,145,0.00684931506849315,0.9517241379310345,0.125,0.008749784599253971,0.010186462838460423,False,,0.006811349769706005,-0.2845889427333921
independent_vector_shared_mlp,20260820,gripper,89,143,1,142,0.006993006993006993,0.9084507042253521,0.07142857142857142,0.010566454620599287,0.011157921553486539,False,,0.006958971670390357,-0.5183931076423782
independent_vector_shared_mlp,20260820,gripper,90,141,1,140,0.0070921985815602835,0.8928571428571429,0.0625,0.00930112706546586,0.010654927200290097,False,,0.007063861877536558,-0.31671983777654544
independent_vector_shared_mlp,20260820,gripper,91,139,1,138,0.007194244604316547,0.8913043478260869,0.0625,0.009498289673953265,0.009635232283934262,False,,0.007164890734978138,-0.3256712524007872
independent_vector_shared_mlp,20260820,gripper,92,135,0,135,0.0,,,0.003995866332800342,0.01568029958707367,True,one_label_class,6.944444444444447e-07,-5753.04751923249
independent_vector_shared_mlp,20260820,gripper,93,132,0,132,0.0,,,0.003057910494006269,0.017417642828612346,True,one_label_class,7.157560817794269e-07,-4271.280141028014
independent_vector_shared_mlp,20260820,gripper,94,130,0,130,0.0,,,0.0020891591847364468,0.013810230196532072,True,one_label_class,7.548303481051114e-07,-2766.72017709803
independent_vector_shared_mlp,20260820,gripper,95,126,0,126,0.0,,,0.00459885903559567,0.02051162360959634,True,one_label_class,7.790048835816154e-07,-5902.5047565447685
independent_vector_shared_mlp,20260820,gripper,96,126,0,126,0.0,,,0.0020124934780829727,0.012148919467097423,True,one_label_class,8.219567667179844e-07,-2447.4176778770466
independent_vector_shared_mlp,20260820,gripper,97,126,0,126,0.0,,,0.003971654952014204,0.017713411401779997,True,one_label_class,8.447772491349479e-07,-4700.422719517103
independent_vector_shared_mlp,20260820,gripper,98,125,0,125,0.0,,,0.0028648358039431187,0.017070143303472916,True,one_label_class,0.0,
independent_vector_shared_mlp,20260820,gripper,99,123,0,123,0.0,,,0.0037589731734022176,0.01733855283233852,True,one_label_class,0.0,
independent_vector_shared_mlp,20260821,arm,1,337,337,0,1.0,,,0.0001436471631323345,0.00587829860513267,True,one_label_class,0.0,
independent_vector_shared_mlp,20260821,arm,2,335,335,0,1.0,,,0.00047069768527851173,0.009486024545841167,True,one_label_class,1.0971696205580633e-07,-4289.108625493081
independent_vector_shared_mlp,20260821,arm,3,332,331,1,0.9969879518072289,0.6646525679758308,0.9987727589177221,0.0035799715368532484,0.008371087282233791,False,,0.003004796264678611,-0.19141905856840413
independent_vector_shared_mlp,20260821,arm,4,330,329,1,0.996969696969697,0.7203647416413373,0.9990083981826297,0.0040573201870576754,0.009934845227883682,False,,0.003022871542024776,-0.3422072789570165
independent_vector_shared_mlp,20260821,arm,5,330,328,2,0.9939393939393939,0.8734756097560976,0.9991406163963615,0.0067262865518928905,0.011213315751520982,False,,0.006024325535756637,-0.11652109634013819
independent_vector_shared_mlp,20260821,arm,6,329,325,4,0.9878419452887538,0.7846153846153846,0.9963443674102893,0.012669647563634926,0.008368232819945557,False,,0.01201067190430174,-0.05486584469076772
independent_vector_shared_mlp,20260821,arm,7,328,323,5,0.9847560975609756,0.7393188854489164,0.9944658590883058,0.016968964913311894,0.011063440298416164,False,,0.015017613294873156,-0.12993753269069108
independent_vector_shared_mlp,20260821,arm,8,325,318,7,0.9784615384615385,0.7129380053908356,0.9912272710055178,0.024979856132127755,0.01586044395299164,False,,0.021126667479450995,-0.18238506647698194
independent_vector_shared_mlp,20260821,arm,9,325,311,14,0.9569230769230769,0.617363344051447,0.974085546662392,0.04484575826095718,0.03836797836258949,False,,0.04122266349263274,-0.08789084598989949
independent_vector_shared_mlp,20260821,arm,10,324,303,21,0.9351851851851852,0.7523180889517523,0.9775514760773542,0.06120282313025724,0.036614671467307416,False,,0.060791990770155735,-0.006758001422503046
independent_vector_shared_mlp,20260821,arm,11,322,296,26,0.9192546583850931,0.7678014553014553,0.9726845243902049,0.06818588397592372,0.03858482101730338,False,,0.07468134188682278,0.08697564541278224
independent_vector_shared_mlp,20260821,arm,12,321,291,30,0.9065420560747663,0.7479954180985109,0.9637125818134215,0.0778149984372056,0.04466872035036356,False,,0.08526306577824339,0.0873539705974109
independent_vector_shared_mlp,20260821,arm,13,318,278,40,0.8742138364779874,0.7671762589928057,0.9499369409580851,0.09703674786058877,0.06446204516253698,False,,0.11188460825401847,0.13270690781451988
independent_vector_shared_mlp,20260821,arm,14,315,271,44,0.8603174603174604,0.769540422676954,0.9438467293162064,0.10324033902362476,0.06241132779203361,False,,0.12225693558849185,0.15554615755195766
independent_vector_shared_mlp,20260821,arm,15,314,266,48,0.8471337579617835,0.7758458646616542,0.9429835625869196,0.11378283573535602,0.06879869997481801,False,,0.13137526221823445,0.13390973449517996
independent_vector_shared_mlp,20260821,arm,16,312,262,50,0.8397435897435898,0.7686259541984732,0.9329751105722359,0.11198861880758915,0.05675204627807062,False,,0.13616860960986754,0.17757389806325952
independent_vector_shared_mlp,20260821,arm,17,311,259,52,0.8327974276527331,0.7482922482922483,0.9238961546648242,0.11880207200978059,0.06610282593629507,False,,0.14052901066773527,0.15460820904322403
independent_vector_shared_mlp,20260821,arm,18,309,257,52,0.8317152103559871,0.7552379527087698,0.9232574063270472,0.11394610343393514,0.06875839047422555,False,,0.14047852592407148,0.18887173192917106
independent_vector_shared_mlp,20260821,arm,19,309,255,54,0.8252427184466019,0.7579520697167756,0.9215749611033449,0.11880250241080474,0.04879636777921784,False,,0.14465560902375854,0.17872177088347563
independent_vector_shared_mlp,20260821,arm,20,306,250,56,0.8169934640522876,0.7283571428571428,0.9027541529536354,0.12651682338914377,0.06978777678330542,False,,0.14998623109982123,0.15647708151995443
independent_vector_shared_mlp,20260821,arm,21,306,247,59,0.8071895424836601,0.7422630892746861,0.8982351364056506,0.1298075429836927,0.06594469269101826,False,,0.15614105014125432,0.16865204335271722
independent_vector_shared_mlp,20260821,arm,22,306,245,61,0.8006535947712419,0.7318835731013716,0.8955657492200294,0.13394276109286538,0.07394092027410785,False,,0.15997048742241848,0.16270330077087425
independent_vector_shared_mlp,20260821,arm,23,305,238,67,0.780327868852459,0.7029976169572306,0.8707623246556883,0.15239714268566004,0.08243433678789044,False,,0.17229128530054183,0.11546807245751756
independent_vector_shared_mlp,20260821,arm,24,303,233,70,0.768976897689769,0.7029429797670141,0.8653366453706106,0.15947269689843285,0.10121197498089878,False,,0.17862765779020476,0.10723401475861649
independent_vector_shared_mlp,20260821,arm,25,300,227,73,0.7566666666666667,0.6950093536901817,0.8502613282928636,0.16879530527911693,0.10030575318681895,False,,0.18537679386254033,0.08944748820997961
independent_vector_shared_mlp,20260821,arm,26,296,219,77,0.7398648648648649,0.7037893613236079,0.8517812950623899,0.18102421856131318,0.11866031731156443,False,,0.19401181586952818,0.06694230065321938
independent_vector_shared_mlp,20260821,arm,27,294,214,80,0.7278911564625851,0.695911214953271,0.8319394605651957,0.18896951711245258,0.11600900814954172,False,,0.19980111624891983,0.054211905017451656
independent_vector_shared_mlp,20260821,arm,28,291,208,83,0.7147766323024055,0.6875,0.8206277534051234,0.19658110248529012,0.13292222185670327,False,,0.205568487434641,0.04371966278249906
independent_vector_shared_mlp,20260821,arm,29,289,206,83,0.71280276816609,0.6919522751198971,0.8329140475056812,0.1962962492558215,0.13062821927485183,False,,0.2059465129149699,0.046858106614957595
independent_vector_shared_mlp,20260821,arm,30,289,200,89,0.6920415224913494,0.694438202247191,0.810835273629169,0.20401484370783218,0.12809033651470567,False,,0.21519484327673813,0.05195291577934602
independent_vector_shared_mlp,20260821,arm,31,288,196,92,0.6805555555555556,0.6911047027506655,0.7974272605109836,0.2090814209728028,0.14541290352220404,False,,0.21930260462977857,0.046607671049921806
independent_vector_shared_mlp,20260821,arm,32,287,194,93,0.6759581881533101,0.693714665779847,0.7919371328669518,0.2069652240538909,0.11947991712632725,False,,0.2207107478502448,0.062278452364632586
independent_vector_shared_mlp,20260821,arm,33,284,187,97,0.6584507042253521,0.6837752908098572,0.7827111798128934,0.2179460079429162,0.12643595218870035,False,,0.2275188474006327,0.04207492947105129
independent_vector_shared_mlp,20260821,arm,34,284,182,102,0.6408450704225352,0.693815987933635,0.7804492341787624,0.2189467958964125,0.12352007441164659,False,,0.23412855849132957,0.06484370250577232
independent_vector_shared_mlp,20260821,arm,35,283,179,104,0.6325088339222615,0.686613665663945,0.7571487803290401,0.2217281919679078,0.13491397905669053,False,,0.23627333847444035,0.061560676293173966
independent_vector_shared_mlp,20260821,arm,36,281,175,106,0.6227758007117438,0.6950943396226416,0.7657419071083083,0.22297262407035853,0.11697686959797404,False,,0.23934758713372956,0.0684149911827685
independent_vector_shared_mlp,20260821,arm,37,280,173,107,0.6178571428571429,0.6909945437847766,0.765347926690731,0.2258596097017546,0.12457080871330826,False,,0.24016343054374698,0.05955869638274036
independent_vector_shared_mlp,20260821,arm,38,277,167,110,0.6028880866425993,0.6897659227000544,0.7544250752909697,0.22977996180238025,0.1410908490245319,False,,0.24459527893859329,0.06057074036957388
independent_vector_shared_mlp,20260821,arm,39,274,164,110,0.5985401459854015,0.6912971175166297,0.7442011105525101,0.2283004872721942,0.12320734472662581,False,,0.24581881055496513,0.07126518610687782
independent_vector_shared_mlp,20260821,arm,40,270,161,109,0.5962962962962963,0.6993560886660208,0.7533640478719319,0.22576231933991686,0.10682315784920013,False,,0.2452471856268681,0.07944990780280159
independent_vector_shared_mlp,20260821,arm,41,267,159,108,0.5955056179775281,0.6948520847891917,0.7475462085611067,0.2288371297178157,0.13745655771030493,False,,0.24477517958980743,0.06511301472110287
independent_vector_shared_mlp,20260821,arm,42,264,155,109,0.5871212121212122,0.7011541876294761,0.7494042669332692,0.22686881469564527,0.11734383753339386,False,,0.24589627668217406,0.07738003292795759
independent_vector_shared_mlp,20260821,arm,43,259,153,106,0.5907335907335908,0.7085337279565914,0.7519958847760406,0.22078575255589405,0.10726826723587206,False,,0.24358215358215365,0.09358814137658489
independent_vector_shared_mlp,20260821,arm,44,256,146,110,0.5703125,0.6912826899128269,0.7276211848831005,0.2340273719318981,0.14794181886474572,False,,0.2471974872798964,0.05327770720050273
independent_vector_shared_mlp,20260821,arm,45,252,143,109,0.5674603174603174,0.6868544299736961,0.7198939236339985,0.23451076694425355,0.11284284237439851,False,,0.24701008607493533,0.05060246457664841
independent_vector_shared_mlp,20260821,arm,46,248,137,111,0.5524193548387096,0.6708094956270139,0.6995623070906428,0.24957823818824043,0.14790984068608135,False,,0.24840636013022163,-0.004717584756704474
independent_vector_shared_mlp,20260821,arm,47,245,131,114,0.5346938775510204,0.6632516405517611,0.6706199111726567,0.25564051995453774,0.16683341110307587,False,,0.25049502867262613,-0.020541291015544694
independent_vector_shared_mlp,20260821,arm,48,244,127,117,0.5204918032786885,0.6744060838549027,0.6671575379503539,0.2538726552668888,0.16626746380555013,False,,0.2511999252590032,-0.010639851923243349
independent_vector_shared_mlp,20260821,arm,49,242,122,120,0.5041322314049587,0.6776639344262295,0.6492928188556334,0.252053116181875,0.17275068357488024,False,,0.25199945364392295,-0.00021294704086094463
independent_vector_shared_mlp,20260821,arm,50,238,114,124,0.4789915966386555,0.6946802490096208,0.6547497762745684,0.24148138747056067,0.12605767751090005,False,,0.25253603535914615,0.04377453646511886
independent_vector_shared_mlp,20260821,arm,51,232,108,124,0.46551724137931033,0.7115442054958184,0.6553170760009663,0.23212976826693735,0.11562334213860402,False,,0.2519718401668731,0.07874718018805171
independent_vector_shared_mlp,20260821,arm,52,229,106,123,0.462882096069869,0.7165976376744899,0.6549754619904393,0.22936949555196628,0.12333714012641044,False,,0.2505661906732054,0.08459519244910563
independent_vector_shared_mlp,20260821,arm,53,224,104,120,0.4642857142857143,0.7212339743589744,0.6766663842096873,0.22858980620957509,0.1162504853757557,False,,0.24966444408645325,0.08441185109074034
independent_vector_shared_mlp,20260821,arm,54,219,100,119,0.45662100456621,0.7199159663865546,0.6631951097450162,0.22861514410360678,0.13370851593259905,False,,0.24895527193982547,0.0817019365676862
independent_vector_shared_mlp,20260821,arm,55,219,99,120,0.4520547945205479,0.7176767676767677,0.6585699756148857,0.23068490802304648,0.13110553627204352,False,,0.24830932196979622,0.0709776572499905
independent_vector_shared_mlp,20260821,arm,56,217,95,122,0.4377880184331797,0.7200172562553926,0.6470024651788776,0.22784136011282302,0.12413257469348608,False,,0.2467231406746477,0.07653023753748323
independent_vector_shared_mlp,20260821,arm,57,216,93,123,0.4305555555555556,0.7088032170644287,0.6258445381506195,0.2326581587924837,0.1454299842644041,False,,0.24567182629589382,0.052971753821441925
independent_vector_shared_mlp,20260821,arm,58,211,91,120,0.4312796208530806,0.7178571428571429,0.6370968278338075,0.2302678866386453,0.13466473615823202,False,,0.2453854941634914,0.06160758432922597
independent_vector_shared_mlp,20260821,arm,59,209,88,121,0.42105263157894735,0.7280240420736288,0.6356411567927043,0.22192896345792226,0.11665980065533334,False,,0.24393184879245497,0.09020095343619305
independent_vector_shared_mlp,20260821,arm,60,208,86,122,0.41346153846153844,0.7290316431566908,0.6399849706187555,0.22214575031213762,0.127600269568479,False,,0.24272303930132316,0.08477682649499263
independent_vector_shared_mlp,20260821,arm,61,206,84,122,0.4077669902912621,0.7390710382513661,0.631422319244866,0.21649537793869772,0.1462115090289673,False,,0.24161278287695348,0.10395726848213716
independent_vector_shared_mlp,20260821,arm,62,205,83,122,0.40487804878048783,0.734248469286984,0.6267287786655009,0.21698755962011498,0.11458068723920478,False,,0.2409881385710734,0.09959236621880474
independent_vector_shared_mlp,20260821,arm,63,201,78,123,0.3880597014925373,0.7372316030852616,0.6350343723728334,0.20965867349232506,0.1008841715690701,False,,0.23770773753538663,0.11799811118426895
independent_vector_shared_mlp,20260821,arm,64,198,77,121,0.3888888888888889,0.7411183857464849,0.6227584472348964,0.21104757769736632,0.1061268025256755,False,,0.23767072031013167,0.11201692231178229
independent_vector_shared_mlp,20260821,arm,65,197,77,120,0.39086294416243655,0.7398268398268398,0.638682599525837,0.2124502433589191,0.12259014668451092,False,,0.23813094094436135,0.10784275862514847
independent_vector_shared_mlp,20260821,arm,66,195,74,121,0.37948717948717947,0.7325217779763235,0.6148729741144822,0.21265038993982377,0.12126409586966504,False,,0.2354781453970776,0.09694214050633132
independent_vector_shared_mlp,20260821,arm,67,193,72,121,0.37305699481865284,0.7354224058769513,0.6104893756001974,0.21053673809857204,0.12016312797227642,False,,0.23388584674877022,0.09983121670153372
independent_vector_shared_mlp,20260821,arm,68,191,71,120,0.3717277486910995,0.7314553990610329,0.5922911261957745,0.21711975391868155,0.14395313248618433,False,,0.23357386728020435,0.07044500976551371
independent_vector_shared_mlp,20260821,arm,69,191,70,121,0.36649214659685864,0.7393152302243211,0.6123304419097048,0.2099687623274583,0.14267315881997877,False,,0.2322127297825423,0.09579133528086314
independent_vector_shared_mlp,20260821,arm,70,188,68,120,0.3617021276595745,0.7346813725490197,0.6028541903257452,0.21330006522837658,0.13625268918959957,False,,0.2308977106460057,0.07621403160903772
independent_vector_shared_mlp,20260821,arm,71,188,68,120,0.3617021276595745,0.7231617647058823,0.5801007123389267,0.21764017999040144,0.14996810767384283,False,,0.23097949231386855,0.05775106781056072
independent_vector_shared_mlp,20260821,arm,72,187,68,119,0.36363636363636365,0.7276322293623332,0.5962807301265629,0.21680267624494579,0.13377487054767817,False,,0.23167965539804136,0.06421357597211508
independent_vector_shared_mlp,20260821,arm,73,186,67,119,0.3602150537634409,0.7328483632258874,0.5977162255916524,0.21445523972559638,0.13278077047891798,False,,0.23076634165305482,0.07068232659328344
independent_vector_shared_mlp,20260821,arm,74,184,66,118,0.358695652173913,0.7277863379558295,0.5905088427440038,0.22125485661767907,0.17312438480628628,False,,0.23040087800283238,0.0396961221000246
independent_vector_shared_mlp,20260821,arm,75,181,66,115,0.36464088397790057,0.7403162055335968,0.6163692304246927,0.21417760984041856,0.1464081381702915,False,,0.2324473685299053,0.07859739951040257
independent_vector_shared_mlp,20260821,arm,76,177,65,112,0.3672316384180791,0.7368131868131869,0.6044680922817065,0.2204956047416147,0.1584287417399716,False,,0.23336877557517713,0.05516235324042096
independent_vector_shared_mlp,20260821,arm,77,175,64,111,0.3657142857142857,0.7271959459459459,0.5945054516504684,0.2255095467827561,0.1702626801630874,False,,0.23315957935411383,0.03281028638218275
independent_vector_shared_mlp,20260821,arm,78,172,63,109,0.36627906976744184,0.7260812581913499,0.5954924338260459,0.22560367358483294,0.18130451783901105,False,,0.2337615027817385,0.03489808672441019
independent_vector_shared_mlp,20260821,arm,79,170,63,107,0.37058823529411766,0.7242248924491915,0.5974729148743525,0.22600630238614633,0.1620477096714927,False,,0.23525343206531646,0.039307097873083174
independent_vector_shared_mlp,20260821,arm,80,167,62,105,0.3712574850299401,0.7227342549923195,0.5948493504152762,0.23329043956872023,0.18031589381710128,False,,0.23557750594495752,0.009708339372485164
independent_vector_shared_mlp,20260821,arm,81,166,61,105,0.3674698795180723,0.7099141295862608,0.5897369452514488,0.23530621090664505,0.18107649248478058,False,,0.23451793698774479,-0.00336125214567895
independent_vector_shared_mlp,20260821,arm,82,164,60,104,0.36585365853658536,0.7105769230769231,0.5832116159588678,0.23504463379549287,0.18688011520408213,False,,0.234214988652722,-0.0035422376148650514
independent_vector_shared_mlp,20260821,arm,83,161,59,102,0.36645962732919257,0.7213359920239282,0.6066002800455956,0.2276546243987999,0.15948624186022226,False,,0.23471200905917994,0.030068272555242803
independent_vector_shared_mlp,20260821,arm,84,160,59,101,0.36875,0.7167309951334117,0.6031747125196274,0.23360148017629817,0.19043503059163164,False,,0.23574425320338244,0.009089396657468662
independent_vector_shared_mlp,20260821,arm,85,158,59,99,0.37341772151898733,0.7276151343947954,0.6079195221588034,0.2298867437130007,0.1878298929407639,False,,0.23768789556962025,0.03282098921328769
independent_vector_shared_mlp,20260821,arm,86,154,58,96,0.37662337662337664,0.7156968390804598,0.5959627813100334,0.23648478764860487,0.17016515291547732,False,,0.23901611634451145,0.010590619304758464
independent_vector_shared_mlp,20260821,arm,87,152,57,95,0.375,0.720960295475531,0.6115642331214531,0.23197816532095916,0.17442278654439347,False,,0.23858231808496275,0.02768081397235711
independent_vector_shared_mlp,20260821,arm,88,146,53,93,0.363013698630137,0.7151552038953134,0.6082895674609734,0.22576261471944342,0.17881540755587783,False,,0.23427553988856942,0.03633723423783408
independent_vector_shared_mlp,20260821,arm,89,143,53,90,0.3706293706293706,0.7148846960167715,0.5927565836705024,0.2328677149481142,0.1767661075728,False,,0.23745541655576263,0.019320265143629944
independent_vector_shared_mlp,20260821,arm,90,141,51,90,0.3617021276595745,0.7239651416122005,0.6127403718148147,0.2234196543234798,0.17423060103898058,False,,0.23367858184251059,0.04390187341150875
independent_vector_shared_mlp,20260821,arm,91,139,48,91,0.34532374100719426,0.7527472527472527,0.6368010098441607,0.20259666343415467,0.15516154313832953,False,,0.22768772473617443,0.1101994467690044
independent_vector_shared_mlp,20260821,arm,92,135,46,89,0.34074074074074073,0.7298485588666341,0.6090711360158736,0.21496464486671502,0.17094818293188277,False,,0.22591388888888897,0.04846644921224441
independent_vector_shared_mlp,20260821,arm,93,132,43,89,0.32575757575757575,0.7598641233342044,0.6243089862985145,0.19139109030802867,0.15858321112467838,False,,0.22028571160860058,0.13116884018293173
independent_vector_shared_mlp,20260821,arm,94,130,42,88,0.3230769230769231,0.7510822510822511,0.6231113598110299,0.19114610160252807,0.13585753818306975,False,,0.21924286683869443,0.1281536117516574
independent_vector_shared_mlp,20260821,arm,95,126,41,85,0.3253968253968254,0.7397417503586801,0.6004326144015193,0.19905530973573352,0.16413829758995166,False,,0.22039710651866717,0.09683338007491515
independent_vector_shared_mlp,20260821,arm,96,126,41,85,0.3253968253968254,0.7340028694404591,0.6049244558102823,0.20012925443590143,0.15874037890751772,False,,0.22045904015254894,0.09221570457069983
independent_vector_shared_mlp,20260821,arm,97,126,41,85,0.3253968253968254,0.7365853658536585,0.5981961854904919,0.20253692609357365,0.16133825294011722,False,,0.2205504616828349,0.08167534745479621
independent_vector_shared_mlp,20260821,arm,98,125,40,85,0.32,0.7508823529411764,0.5867484029002981,0.1950357486689668,0.17204522898087335,False,,0.218540903926272,0.10755494662562126
independent_vector_shared_mlp,20260821,arm,99,123,40,83,0.3252032520325203,0.7506024096385542,0.6147929494153301,0.1974812213928949,0.13360272438406715,False,,0.22095226188541764,0.10622674912780239
independent_vector_shared_mlp,20260821,gripper,1,337,314,23,0.9317507418397626,0.8356410966491277,0.9851172801774877,0.058841007546368986,0.0315479249255733,False,,0.06359143714417013,0.07470234690609845
independent_vector_shared_mlp,20260821,gripper,2,335,296,39,0.8835820895522388,0.8757796257796258,0.9817868858782027,0.08518414018813857,0.05444481733542658,False,,0.10286703637014291,0.17190051163111753
independent_vector_shared_mlp,20260821,gripper,3,332,280,52,0.8433734939759037,0.8722527472527473,0.9743192388983303,0.1045245065983032,0.07797135646223038,False,,0.13213446701087386,0.2089535080222371
independent_vector_shared_mlp,20260821,gripper,4,330,272,58,0.8242424242424242,0.8883747464503042,0.9744137755870755,0.10553637576893016,0.0640105565685077,False,,0.14490395122572794,0.27168048299436576
independent_vector_shared_mlp,20260821,gripper,5,330,265,65,0.803030303030303,0.8933526850507982,0.9714333536187857,0.10558612293485632,0.06346830572017123,False,,0.15840004540146527,0.3334211321262689
independent_vector_shared_mlp,20260821,gripper,6,329,256,73,0.7781155015197568,0.900738441780822,0.9694302665369099,0.10603977166655473,0.05646592189286486,False,,0.17297166030970518,0.38695291773987206
independent_vector_shared_mlp,20260821,gripper,7,328,251,77,0.7652439024390244,0.9088839447405185,0.9694043693353543,0.10075391724707082,0.04587285774206503,False,,0.18042107651701325,0.4415623762361822
independent_vector_shared_mlp,20260821,gripper,8,325,246,79,0.7569230769230769,0.9060409591437687,0.9638032099507599,0.09760329099625993,0.054862853628048554,False,,0.1857628908801514,0.4745813303517621
independent_vector_shared_mlp,20260821,gripper,9,325,239,86,0.7353846153846154,0.91529629269242,0.962511409139143,0.09616773350355377,0.029506993299045704,False,,0.1965488895963183,0.5107185102848062
independent_vector_shared_mlp,20260821,gripper,10,324,232,92,0.7160493827160493,0.920727136431784,0.9641982154067702,0.09765668248757503,0.054740493760250135,False,,0.20466237500562065,0.522840079985913
independent_vector_shared_mlp,20260821,gripper,11,322,228,94,0.7080745341614907,0.9191396043299739,0.9609727043398185,0.0986621364961043,0.03995484203834471,False,,0.20845816814296314,0.5267053463290505
independent_vector_shared_mlp,20260821,gripper,12,321,225,96,0.7009345794392523,0.9168981481481482,0.9575010201760998,0.1038198268168965,0.057130106046573766,False,,0.21237493640592467,0.5111484030372606
independent_vector_shared_mlp,20260821,gripper,13,318,212,106,0.6666666666666666,0.9017443930224279,0.9417322049924096,0.11319906864168322,0.04313178672777803,False,,0.2233607429740432,0.4932006979631237
independent_vector_shared_mlp,20260821,gripper,14,315,205,110,0.6507936507936508,0.9001330376940133,0.9404753100512874,0.1182133914839173,0.059915529932058766,False,,0.22807983857763173,0.4817017048892688
independent_vector_shared_mlp,20260821,gripper,15,314,193,121,0.6146496815286624,0.9095619406500236,0.9368792103885206,0.11226529428788619,0.06812384717790076,False,,0.23700370996502057,0.5263141901683503
independent_vector_shared_mlp,20260821,gripper,16,312,184,128,0.5897435897435898,0.9054008152173914,0.9288260647247352,0.11947573477311406,0.05553939381593493,False,,0.24215488744748753,0.5066143986087295
independent_vector_shared_mlp,20260821,gripper,17,311,176,135,0.5659163987138264,0.9095538720538721,0.919598263118942,0.11899150946387774,0.04669593678603949,False,,0.2458035169425484,0.5159080270943007
independent_vector_shared_mlp,20260821,gripper,18,309,160,149,0.517799352750809,0.9204278523489933,0.9181272657584604,0.10877400594007462,0.05780852607726023,False,,0.24975347938457917,0.5644745121945605
independent_vector_shared_mlp,20260821,gripper,19,309,153,156,0.49514563106796117,0.9280207809619574,0.9188691493044158,0.10121299755377715,0.03861411952105004,False,,0.2500673964534471,0.5952571227228373
independent_vector_shared_mlp,20260821,gripper,20,306,146,160,0.477124183006536,0.9352739726027397,0.9126815936351301,0.0960152468756821,0.05734355621904815,False,,0.24948029994457863,0.6151389632888383
independent_vector_shared_mlp,20260821,gripper,21,306,145,161,0.4738562091503268,0.9391732705076034,0.9198732317240722,0.09436908208317939,0.047817374795124025,False,,0.24956314376995264,0.621862905485079
independent_vector_shared_mlp,20260821,gripper,22,306,138,168,0.45098039215686275,0.9298654244306418,0.9091671837441566,0.10340977483786186,0.04306202768157722,False,,0.24774822689478582,0.582601352453763
independent_vector_shared_mlp,20260821,gripper,23,305,126,179,0.4131147540983607,0.928748780704088,0.8973255901802404,0.10588412936595305,0.04493354284686893,False,,0.2425088686855028,0.5633803829942867
independent_vector_shared_mlp,20260821,gripper,24,303,117,186,0.38613861386138615,0.9299237202463009,0.8918226152369118,0.10506237541389907,0.05405743353276613,False,,0.2370976651430015,0.5568814422928524
independent_vector_shared_mlp,20260821,gripper,25,300,114,186,0.38,0.9322769288813432,0.8928328108436181,0.10321241308756395,0.05126295530580772,False,,0.23566731470532218,0.5620418842696939
independent_vector_shared_mlp,20260821,gripper,26,296,107,189,0.3614864864864865,0.9469416011472086,0.9076884127107846,0.08930410924621675,0.048695940475326514,False,,0.23083555418203433,0.6131267145450543
independent_vector_shared_mlp,20260821,gripper,27,294,104,190,0.35374149659863946,0.9468623481781376,0.9070224767346678,0.09148142890334683,0.044443072076809156,False,,0.22860850979080902,0.5998336676659236
independent_vector_shared_mlp,20260821,gripper,28,291,97,194,0.3333333333333333,0.9388882984376661,0.8905046582961578,0.09513551969522491,0.06242720446603276,False,,0.2222491229459893,0.5719419791890714
independent_vector_shared_mlp,20260821,gripper,29,289,92,197,0.31833910034602075,0.932741116751269,0.8786687467178803,0.10252180544175622,0.07279349462899283,False,,0.21703613741666608,0.5276279486814917
independent_vector_shared_mlp,20260821,gripper,30,289,88,201,0.3044982698961938,0.9235074626865671,0.8537911121206844,0.10711418191087385,0.06855387776199681,False,,0.2118106692432871,0.4942927932122163
independent_vector_shared_mlp,20260821,gripper,31,288,81,207,0.28125,0.9194250611319854,0.8207797739241874,0.1067178364229537,0.0730705564445277,False,,0.20226550194733045,0.4723873552557528
independent_vector_shared_mlp,20260821,gripper,32,287,81,206,0.28222996515679444,0.9144192736425746,0.8097947126226729,0.10842465087172726,0.07030538044778901,False,,0.20259254553106232,0.4648142132401256
independent_vector_shared_mlp,20260821,gripper,33,284,74,210,0.2605633802816901,0.9156370656370656,0.794513748350015,0.10211300919543373,0.06754443957643598,False,,0.19274340898920336,0.47021270542561766
independent_vector_shared_mlp,20260821,gripper,34,284,70,214,0.24647887323943662,0.9185580774365821,0.8063913409387973,0.09301702981439933,0.04786152670200484,False,,0.1857728771101695,0.4992970380749546
independent_vector_shared_mlp,20260821,gripper,35,283,67,216,0.23674911660777384,0.9268933112216694,0.812768248328201,0.08687959517824166,0.05026670097130305,False,,0.18075380150982343,0.5193484482619857
independent_vector_shared_mlp,20260821,gripper,36,281,63,218,0.22419928825622776,0.9297364205621086,0.7964336591906066,0.08350203408517354,0.045242076924020616,False,,0.17393546464784382,0.5199251960821512
independent_vector_shared_mlp,20260821,gripper,37,280,55,225,0.19642857142857142,0.9424646464646464,0.814694150823751,0.06837634390477695,0.03402252375302925,False,,0.1579790302921381,0.5671808861066308
independent_vector_shared_mlp,20260821,gripper,38,277,54,223,0.19494584837545126,0.9431988041853513,0.8257097858873443,0.06597968478748882,0.03461919458183947,False,,0.15701879550748443,0.5797975358666928
independent_vector_shared_mlp,20260821,gripper,39,274,50,224,0.18248175182481752,0.9396428571428571,0.81110316484689,0.06531503694500522,0.04599004207353646,False,,0.14918793380136858,0.5621962495172914
independent_vector_shared_mlp,20260821,gripper,40,270,49,221,0.1814814814814815,0.9348046911072121,0.8043546789622147,0.067744912729592,0.04468561210090742,False,,0.14854626292991213,0.5439473777838777
independent_vector_shared_mlp,20260821,gripper,41,267,46,221,0.17228464419475656,0.9433405469211096,0.8221148532227819,0.059497121536898075,0.03536341250546523,False,,0.14260887997369084,0.5827951138254899
independent_vector_shared_mlp,20260821,gripper,42,264,44,220,0.16666666666666666,0.9462809917355371,0.8254838911308517,0.055280845220955645,0.0341554789154761,False,,0.13891587867913816,0.602055245616371
independent_vector_shared_mlp,20260821,gripper,43,259,43,216,0.16602316602316602,0.9408914728682171,0.8114989756383083,0.05869833507925824,0.02704172559112756,False,,0.1384606105118926,0.5760647388289787
independent_vector_shared_mlp,20260821,gripper,44,256,38,218,0.1484375,0.9400048285852245,0.8050402507582074,0.05589995277422616,0.02754483244020481,False,,0.12650483978825405,0.5581200460963197
independent_vector_shared_mlp,20260821,gripper,45,252,38,214,0.15079365079365079,0.9370388588293163,0.7966268931206326,0.05805958659915821,0.0304047635965642,False,,0.1280791197208624,0.5466896811463557
independent_vector_shared_mlp,20260821,gripper,46,248,38,210,0.1532258064516129,0.9398496240601504,0.8077238223215419,0.058342686203874956,0.04367034917805741,False,,0.1297503922025234,0.5503467449037869
independent_vector_shared_mlp,20260821,gripper,47,245,35,210,0.14285714285714285,0.9638095238095238,0.8095882666228131,0.050238189135812863,0.03857129336190331,False,,0.12256517119244395,0.5901103988429789
independent_vector_shared_mlp,20260821,gripper,48,244,33,211,0.13524590163934427,0.9609363779979894,0.823168591349577,0.04623581370412182,0.02694941719598932,False,,0.11726565029519984,0.6057173299450467
independent_vector_shared_mlp,20260821,gripper,49,242,31,211,0.128099173553719,0.9729399174438159,0.842219558576725,0.04136878478191265,0.013392561709538342,False,,0.11211649845665764,0.6310196505298002
independent_vector_shared_mlp,20260821,gripper,50,238,31,207,0.13025210084033614,0.969767804269908,0.8321106922361068,0.04373801774079806,0.03838821189601828,False,,0.1136975757827116,0.6153126622120233
independent_vector_shared_mlp,20260821,gripper,51,232,31,201,0.1336206896551724,0.9731985235114748,0.8515217913523313,0.04184244602394857,0.026273069573637696,False,,0.11606659653821398,0.6394962265463493
independent_vector_shared_mlp,20260821,gripper,52,229,30,199,0.13100436681222707,0.9695142378559464,0.8436359945164165,0.045794408078647715,0.038272725709871426,False,,0.11421835145889767,0.5990626068952923
independent_vector_shared_mlp,20260821,gripper,53,224,30,194,0.13392857142857142,0.9719931271477663,0.8390795556242081,0.043870039001107156,0.02775230235049512,False,,0.11622311335421984,0.6225360194284082
independent_vector_shared_mlp,20260821,gripper,54,219,29,190,0.1324200913242009,0.9738656987295826,0.8654766056750589,0.04219441323221619,0.03781290226123889,False,,0.11513058232698564,0.6335082097267724
independent_vector_shared_mlp,20260821,gripper,55,219,29,190,0.1324200913242009,0.97005444646098,0.8290436970331198,0.04583670236909406,0.0317133169228735,False,,0.11509885285257244,0.6017623005521586
independent_vector_shared_mlp,20260821,gripper,56,217,29,188,0.1336405529953917,0.9704695524578136,0.837797770695134,0.044859913647893365,0.033502212985603415,False,,0.11586710086244759,0.6128330361769463
independent_vector_shared_mlp,20260821,gripper,57,216,29,187,0.13425925925925927,0.9693896367324359,0.8195997444374272,0.04611562893976425,0.03580241954501145,False,,0.11626691351088787,0.603364125293945
independent_vector_shared_mlp,20260821,gripper,58,211,29,182,0.13744075829383887,0.9696854869268663,0.8251535707379041,0.04744302498569055,0.044236810617404865,False,,0.11855624825682844,0.5998268696651508
independent_vector_shared_mlp,20260821,gripper,59,209,28,181,0.1339712918660287,0.9625098658247829,0.815284290261876,0.05166240846285018,0.03310795666493592,False,,0.11604808034517085,0.5548189310052639
independent_vector_shared_mlp,20260821,gripper,60,208,28,180,0.1346153846153846,0.9676587301587302,0.811319336847402,0.051176968812166074,0.03237364320742174,False,,0.11660457844761679,0.5611066950072058
independent_vector_shared_mlp,20260821,gripper,61,206,28,178,0.13592233009708737,0.9606741573033708,0.8239967720769542,0.05588405906126905,0.045748385704532143,False,,0.11771027476025295,0.5252406030391891
independent_vector_shared_mlp,20260821,gripper,62,205,28,177,0.13658536585365855,0.9612590799031477,0.8145706047141187,0.056228309666169235,0.04356410403139875,False,,0.11833897007471905,0.524853819239201
independent_vector_shared_mlp,20260821,gripper,63,201,27,174,0.13432835820895522,0.9736057896977437,0.8400708909130022,0.05426652810451465,0.0448740150846505,False,,0.1167945679426601,0.5353677053614633
independent_vector_shared_mlp,20260821,gripper,64,198,26,172,0.13131313131313133,0.9778622540250447,0.8608177260726003,0.05061137095648227,0.0454534723298714,False,,0.11468608006057224,0.558696478859932
independent_vector_shared_mlp,20260821,gripper,65,197,23,174,0.116751269035533,0.9782608695652174,0.8189994622412939,0.04855212908042246,0.04742079953011625,False,,0.10340681121037314,0.5304745547017505
independent_vector_shared_mlp,20260821,gripper,66,195,23,172,0.11794871794871795,0.9772497472194136,0.8109556163897993,0.04988032507756786,0.05078018772002393,False,,0.10447413428302679,0.5225581391998997
independent_vector_shared_mlp,20260821,gripper,67,193,21,172,0.10880829015544041,0.969545957918051,0.6850154611459729,0.05527296600973536,0.049577875759949035,False,,0.09730480633277068,0.4319605773561843
independent_vector_shared_mlp,20260821,gripper,68,191,20,171,0.10471204188481675,0.9634502923976608,0.6462097690464563,0.056436218575989544,0.04504102535377281,False,,0.09414767658834398,0.40055643834149945
independent_vector_shared_mlp,20260821,gripper,69,191,19,172,0.09947643979057591,0.9632802937576499,0.6458131757746356,0.05695586110159346,0.0581579246128756,False,,0.08989326299428277,0.3664056770837669
independent_vector_shared_mlp,20260821,gripper,70,188,19,169,0.10106382978723404,0.9620056057303021,0.6505650229358722,0.05986342368557664,0.05363754924710232,False,,0.09140209737368363,0.345054157336958
independent_vector_shared_mlp,20260821,gripper,71,188,16,172,0.0851063829787234,0.9571220930232558,0.6219799542167963,0.049259947762392106,0.0392199153261568,False,,0.07805870452969811,0.3689371600620053
independent_vector_shared_mlp,20260821,gripper,72,187,14,173,0.0748663101604278,0.9578860445912469,0.6006410145950172,0.04701259409367511,0.03954452190912536,False,,0.06933959246521793,0.3219949465774906
independent_vector_shared_mlp,20260821,gripper,73,186,13,173,0.06989247311827956,0.951089373054691,0.5308322851666505,0.04602070768770175,0.0425296370496174,False,,0.06505453345878505,0.29258261890606097
independent_vector_shared_mlp,20260821,gripper,74,184,11,173,0.059782608695652176,0.9442984760903836,0.41475247642230567,0.0452755612919954,0.042942498854739546,False,,0.05624440005309801,0.19502099321438915
independent_vector_shared_mlp,20260821,gripper,75,181,10,171,0.055248618784530384,0.9374269005847953,0.39164589442815256,0.042710983837170036,0.03819406360535289,False,,0.05220174030923229,0.1818091967018911
independent_vector_shared_mlp,20260821,gripper,76,177,10,167,0.05649717514124294,0.9425149700598803,0.5269452437716196,0.041004857032728624,0.03328469722933388,False,,0.05337068486751734,0.23169700492853984
independent_vector_shared_mlp,20260821,gripper,77,175,9,166,0.05142857142857143,0.9384203480589023,0.5143486380059269,0.03910109324910065,0.02820596379356192,False,,0.04888753928609386,0.20018283145163285
independent_vector_shared_mlp,20260821,gripper,78,172,7,165,0.040697674418604654,0.929004329004329,0.34932485814838754,0.031357913926052826,0.021931920542792003,False,,0.03908027807985544,0.19760258967510336
independent_vector_shared_mlp,20260821,gripper,79,170,5,165,0.029411764705882353,0.9551515151515152,0.4417948717948718,0.020833272784180283,0.02581237340327814,False,,0.028551777572927938,0.2703335989863602
independent_vector_shared_mlp,20260821,gripper,80,167,4,163,0.023952095808383235,0.9294478527607362,0.4504464285714286,0.018876185548893254,0.014424759102704658,False,,0.023424586241740552,0.19417208252508844
independent_vector_shared_mlp,20260821,gripper,81,166,1,165,0.006024096385542169,0.8303030303030303,0.034482758620689655,0.007235520442708355,0.005566767228701178,False,,0.006106164003498107,-0.18495350576290792
independent_vector_shared_mlp,20260821,gripper,82,164,1,163,0.006097560975609756,0.8282208588957055,0.034482758620689655,0.00773224787716254,0.006965686360414566,False,,0.006169909216549052,-0.253219067862936
independent_vector_shared_mlp,20260821,gripper,83,161,1,160,0.006211180124223602,0.8375,0.037037037037037035,0.007291663767083169,0.004943402958589644,False,,0.006197849728804866,-0.17648282648653746
independent_vector_shared_mlp,20260821,gripper,84,160,1,159,0.00625,0.8301886792452831,0.03571428571428571,0.0071800037331584046,0.006097592643734845,False,,0.0062380098933751595,-0.15100871205472988
independent_vector_shared_mlp,20260821,gripper,85,158,1,157,0.006329113924050633,0.8598726114649682,0.043478260869565216,0.007427452831850983,0.0047385866684374126,False,,0.0062947770262406656,-0.1799389876541455
independent_vector_shared_mlp,20260821,gripper,86,154,1,153,0.006493506493506494,0.8235294117647058,0.03571428571428571,0.007124445908496038,0.004403363251293124,False,,0.0064522271719518855,-0.10418398463499812
independent_vector_shared_mlp,20260821,gripper,87,152,1,151,0.006578947368421052,0.8344370860927153,0.038461538461538464,0.006807946810704751,0.002483734607959955,False,,0.006539827927462256,-0.040997849823632526
independent_vector_shared_mlp,20260821,gripper,88,146,1,145,0.00684931506849315,0.8482758620689655,0.043478260869565216,0.0070937422659029,0.00304443517604304,False,,0.006811349769706005,-0.041459109536975625
independent_vector_shared_mlp,20260821,gripper,89,143,1,142,0.006993006993006993,0.8661971830985915,0.05,0.007593424715728136,0.005950379931928449,False,,0.006958971670390357,-0.09117051705172252
independent_vector_shared_mlp,20260821,gripper,90,141,1,140,0.0070921985815602835,0.8428571428571429,0.043478260869565216,0.007345492564832493,0.001453801299764552,False,,0.007063861877536558,-0.03986922340476884
independent_vector_shared_mlp,20260821,gripper,91,139,1,138,0.007194244604316547,0.8695652173913043,0.05263157894736842,0.0075305710277931304,0.0049074180764532805,False,,0.007164890734978138,-0.05103780453060991
independent_vector_shared_mlp,20260821,gripper,92,135,0,135,0.0,,,0.0002997002419026096,0.006031804025714327,True,one_label_class,6.944444444444447e-07,-430.5683483397577
independent_vector_shared_mlp,20260821,gripper,93,132,0,132,0.0,,,0.0002771362938935205,0.00544026626857474,True,one_label_class,7.157560817794269e-07,-386.1937674696909
independent_vector_shared_mlp,20260821,gripper,94,130,0,130,0.0,,,0.0001541861967727789,0.004379639875677019,True,one_label_class,7.548303481051114e-07,-203.26602767077432
independent_vector_shared_mlp,20260821,gripper,95,126,0,126,0.0,,,0.0001779552653941111,0.004808234186001165,True,one_label_class,7.790048835816154e-07,-227.43921667850103
independent_vector_shared_mlp,20260821,gripper,96,126,0,126,0.0,,,0.00016585093695443441,0.00448298577101186,True,one_label_class,8.219567667179844e-07,-200.77574255719745
independent_vector_shared_mlp,20260821,gripper,97,126,0,126,0.0,,,0.00017089721932661857,0.004425519794891771,True,one_label_class,8.447772491349479e-07,-201.29855799456882
independent_vector_shared_mlp,20260821,gripper,98,125,0,125,0.0,,,0.0005903047704214615,0.007651440976657147,True,one_label_class,0.0,
independent_vector_shared_mlp,20260821,gripper,99,123,0,123,0.0,,,0.00020129343543409008,0.004940182760665679,True,one_label_class,0.0,
independent_vector_shared_mlp,20260822,arm,1,337,337,0,1.0,,,0.0001009794119368061,0.004656259375202613,True,one_label_class,0.0,
independent_vector_shared_mlp,20260822,arm,2,335,335,0,1.0,,,0.0010658709592636579,0.008603313683622282,True,one_label_class,1.0971696205580633e-07,-9713.732702146039
independent_vector_shared_mlp,20260822,arm,3,332,331,1,0.9969879518072289,0.9274924471299094,0.9997736617648638,0.0035800290812594243,0.006352632070291377,False,,0.003004796264678611,-0.19143820941961232
independent_vector_shared_mlp,20260822,arm,4,330,329,1,0.996969696969697,0.9088145896656535,0.9997107634487831,0.004277019222894923,0.009698654944924317,False,,0.003022871542024776,-0.41488619791964276
independent_vector_shared_mlp,20260822,arm,5,330,328,2,0.9939393939393939,0.9329268292682927,0.9995745820564381,0.0069231219605800426,0.00693064202239519,False,,0.006024325535756637,-0.14919453131951643
independent_vector_shared_mlp,20260822,arm,6,329,325,4,0.9878419452887538,0.7907692307692308,0.9966280019796612,0.014509761633814046,0.00644394869364829,False,,0.01201067190430174,-0.20807243336796444
independent_vector_shared_mlp,20260822,arm,7,328,323,5,0.9847560975609756,0.6891640866873066,0.9924529204361107,0.01883101857726189,0.0077311074362961954,False,,0.015017613294873156,-0.25392885057778036
independent_vector_shared_mlp,20260822,arm,8,325,318,7,0.9784615384615385,0.6868823000898473,0.9894898079056802,0.0247128837709714,0.008321968634725254,False,,0.021126667479450995,-0.16974831903841747
independent_vector_shared_mlp,20260822,arm,9,325,311,14,0.9569230769230769,0.7436839687643546,0.9828492187258029,0.04305004027435052,0.0256823200812558,False,,0.04122266349263274,-0.044329420442334344
independent_vector_shared_mlp,20260822,arm,10,324,303,21,0.9351851851851852,0.793965110796794,0.979017232785531,0.06011401859791698,0.03598068744610356,False,,0.060791990770155735,0.011152327200503409
independent_vector_shared_mlp,20260822,arm,11,322,296,26,0.9192546583850931,0.798466735966736,0.9733631219905837,0.0678661847768866,0.04082549286489976,False,,0.07468134188682278,0.09125648974364076
independent_vector_shared_mlp,20260822,arm,12,321,291,30,0.9065420560747663,0.7871706758304696,0.968283080861079,0.07546856033318873,0.04640122185603325,False,,0.08526306577824339,0.11487395340121498
independent_vector_shared_mlp,20260822,arm,13,318,278,40,0.8742138364779874,0.7756294964028777,0.955682869234188,0.10072117079781749,0.06420583807307233,False,,0.11188460825401847,0.0997763466343462
independent_vector_shared_mlp,20260822,arm,14,315,271,44,0.8603174603174604,0.7788493794028849,0.9510198804143036,0.10911346432917603,0.07438915599472205,False,,0.12225693558849185,0.10750695816191413
independent_vector_shared_mlp,20260822,arm,15,314,266,48,0.8471337579617835,0.8008302005012531,0.9473626876692259,0.10909734412953506,0.06894538694284517,False,,0.13137526221823445,0.16957468029020828
independent_vector_shared_mlp,20260822,arm,16,312,262,50,0.8397435897435898,0.8096946564885497,0.9469804117725095,0.10874155861312239,0.06501135117415632,False,,0.13616860960986754,0.20141977710814218
independent_vector_shared_mlp,20260822,arm,17,311,259,52,0.8327974276527331,0.7898722898722899,0.9412761286574474,0.11851215090097056,0.06957026240043393,False,,0.14052901066773527,0.15667127849367024
independent_vector_shared_mlp,20260822,arm,18,309,257,52,0.8317152103559871,0.7788835677940736,0.9287768538801631,0.11323946108460904,0.04876437096560084,False,,0.14047852592407148,0.19390198366820233
independent_vector_shared_mlp,20260822,arm,19,309,255,54,0.8252427184466019,0.7702977487291213,0.9287177612495571,0.11744579100406485,0.06903999592217484,False,,0.14465560902375854,0.18810067721068935
independent_vector_shared_mlp,20260822,arm,20,306,250,56,0.8169934640522876,0.7343571428571428,0.9099221655286464,0.127209047339503,0.05801679408255482,False,,0.14998623109982123,0.1518618315381176
independent_vector_shared_mlp,20260822,arm,21,306,247,59,0.8071895424836601,0.736361764907706,0.9044924784900428,0.13167908535394113,0.057850599304744156,False,,0.15614105014125432,0.15666581443626426
independent_vector_shared_mlp,20260822,arm,22,306,245,61,0.8006535947712419,0.7338240214118434,0.9045303388521152,0.13702278699142234,0.06456774188555175,False,,0.15997048742241848,0.14344958748797454
independent_vector_shared_mlp,20260822,arm,23,305,238,67,0.780327868852459,0.7430076508215226,0.8991813721471901,0.14606953709633097,0.07637511938232064,False,,0.17229128530054183,0.1521942805085592
independent_vector_shared_mlp,20260822,arm,24,303,233,70,0.768976897689769,0.7453709380748007,0.8948623111371629,0.15251826202387464,0.08026902583629202,False,,0.17862765779020476,0.14616659082545425
independent_vector_shared_mlp,20260822,arm,25,300,227,73,0.7566666666666667,0.7426226540341561,0.8852562014432633,0.15807787568715614,0.0824873734217625,False,,0.18537679386254033,0.1472617883100662
independent_vector_shared_mlp,20260822,arm,26,296,219,77,0.7398648648648649,0.7302971001601138,0.8761085632046925,0.17300294020645648,0.09570463776932674,False,,0.19401181586952818,0.10828657815975518
independent_vector_shared_mlp,20260822,arm,27,294,214,80,0.7278911564625851,0.7057827102803739,0.8564428837514251,0.1863557290934449,0.12122552949059082,False,,0.19980111624891983,0.06729385404796318
independent_vector_shared_mlp,20260822,arm,28,291,208,83,0.7147766323024055,0.6975208526413346,0.8459762722501483,0.1928911810783667,0.11573109619066191,False,,0.205568487434641,0.06166950253163184
independent_vector_shared_mlp,20260822,arm,29,289,206,83,0.71280276816609,0.6966311849339104,0.8379392172697501,0.1892765306434983,0.11249901842881324,False,,0.2059465129149699,0.08094326063366852
independent_vector_shared_mlp,20260822,arm,30,289,200,89,0.6920415224913494,0.7029213483146067,0.8300265594989963,0.19284478649120093,0.12280211905017066,False,,0.21519484327673813,0.10385962992986442
independent_vector_shared_mlp,20260822,arm,31,288,196,92,0.6805555555555556,0.7003660159716061,0.8077417065358502,0.1986435902159734,0.10726745082661096,False,,0.21930260462977857,0.09420323323875357
independent_vector_shared_mlp,20260822,arm,32,287,194,93,0.6759581881533101,0.6837379447954772,0.7916527147004905,0.2044937455188544,0.12285545274567625,False,,0.2207107478502448,0.0734762692317723
independent_vector_shared_mlp,20260822,arm,33,284,187,97,0.6584507042253521,0.6749545178896301,0.78757039036904,0.2150024882214366,0.13029301754118194,False,,0.2275188474006327,0.055012405882824744
independent_vector_shared_mlp,20260822,arm,34,284,182,102,0.6408450704225352,0.680456798103857,0.7677118720797204,0.21848854776176732,0.12237350238453715,False,,0.23412855849132957,0.0668009525635953
independent_vector_shared_mlp,20260822,arm,35,283,179,104,0.6325088339222615,0.6723785990545768,0.755855656508374,0.22591798132758942,0.14719779672830546,False,,0.23627333847444035,0.043827869931127084
independent_vector_shared_mlp,20260822,arm,36,281,175,106,0.6227758007117438,0.6953638814016172,0.7693341555821284,0.22193894936519373,0.13296082814728127,False,,0.23934758713372956,0.07273370906726195
independent_vector_shared_mlp,20260822,arm,37,280,173,107,0.6178571428571429,0.6941818378261574,0.7632211725394077,0.2219880106239208,0.12181411608792059,False,,0.24016343054374698,0.0756793816555491
independent_vector_shared_mlp,20260822,arm,38,277,167,110,0.6028880866425993,0.7138268916712031,0.7652164794715035,0.21696217721132646,0.10890806515130949,False,,0.24459527893859329,0.1129747959452817
independent_vector_shared_mlp,20260822,arm,39,274,164,110,0.5985401459854015,0.7114745011086474,0.7683976472145062,0.21958785850998325,0.11507202214792628,False,,0.24581881055496513,0.10670848168926694
independent_vector_shared_mlp,20260822,arm,40,270,161,109,0.5962962962962963,0.7127471650806314,0.7655526556477744,0.21813982404533358,0.11499498026722914,False,,0.2452471856268681,0.11053077535730449
independent_vector_shared_mlp,20260822,arm,41,267,159,108,0.5955056179775281,0.7078383414861402,0.7624114556240091,0.21863485286762666,0.1082451125468269,False,,0.24477517958980743,0.10679320822473326
independent_vector_shared_mlp,20260822,arm,42,264,155,109,0.5871212121212122,0.7071914767682747,0.7468853796588888,0.2217542493585785,0.10300504416321442,False,,0.24589627668217406,0.09817971890155797
independent_vector_shared_mlp,20260822,arm,43,259,153,106,0.5907335907335908,0.7264767542237021,0.7630204614122911,0.2093292872519522,0.09453851267771027,False,,0.24358215358215365,0.14062141181722032
independent_vector_shared_mlp,20260822,arm,44,256,146,110,0.5703125,0.7028642590286426,0.7295021999695748,0.22241185657586887,0.10097023159989024,False,,0.2471974872798964,0.1002665155571072
independent_vector_shared_mlp,20260822,arm,45,252,143,109,0.5674603174603174,0.7166228267145698,0.7399922734536549,0.21875452705531528,0.09588423219602164,False,,0.24701008607493533,0.11439030473860146
independent_vector_shared_mlp,20260822,arm,46,248,137,111,0.5524193548387096,0.7133556914578812,0.7284329367694544,0.2227070586252629,0.12749847198698436,False,,0.24840636013022163,0.1034566968876579
independent_vector_shared_mlp,20260822,arm,47,245,131,114,0.5346938775510204,0.707111289674568,0.7121157776872249,0.22784074122174294,0.15090407154577154,False,,0.25049502867262613,0.09043807204848864
independent_vector_shared_mlp,20260822,arm,48,244,127,117,0.5204918032786885,0.7054310518877448,0.7033669963393681,0.23176038475259714,0.11876308944043146,False,,0.2511999252590032,0.07738672886292719
independent_vector_shared_mlp,20260822,arm,49,242,122,120,0.5041322314049587,0.7222677595628415,0.7058389709589676,0.22458689462922016,0.1266876715303579,False,,0.25199945364392295,0.10878023193429986
independent_vector_shared_mlp,20260822,arm,50,238,114,124,0.4789915966386555,0.7294850028296548,0.6783419434398571,0.22212463885935177,0.10268442063763354,False,,0.25253603535914615,0.1204239880322211
independent_vector_shared_mlp,20260822,arm,51,232,108,124,0.46551724137931033,0.7305854241338112,0.6780299585398292,0.22088834578722302,0.10218983900948622,False,,0.2519718401668731,0.12336098493809633
independent_vector_shared_mlp,20260822,arm,52,229,106,123,0.462882096069869,0.7396073017333947,0.6752330617688048,0.21373089633948747,0.09168245443939968,False,,0.2505661906732054,0.14700823856064216
independent_vector_shared_mlp,20260822,arm,53,224,104,120,0.4642857142857143,0.7386217948717949,0.6922413191701774,0.21257498196337682,0.08938831010949977,False,,0.24966444408645325,0.14855724554127203
independent_vector_shared_mlp,20260822,arm,54,219,100,119,0.45662100456621,0.7336974789915967,0.6665081806978688,0.21472848464831507,0.09004067957593098,False,,0.24895527193982547,0.13748167301226422
independent_vector_shared_mlp,20260822,arm,55,219,99,120,0.4520547945205479,0.7323232323232324,0.6661255579374364,0.2146566695395102,0.12123770968092484,False,,0.24830932196979622,0.13552714075865202
independent_vector_shared_mlp,20260822,arm,56,217,95,122,0.4377880184331797,0.723037100949094,0.6608130723054324,0.21732695479981146,0.11203870344421316,False,,0.2467231406746477,0.11914644809746822
independent_vector_shared_mlp,20260822,arm,57,216,93,123,0.4305555555555556,0.7210420491301687,0.6361477585465635,0.21873806737673215,0.10962817534745291,False,,0.24567182629589382,0.10963307972775804
independent_vector_shared_mlp,20260822,arm,58,211,91,120,0.4312796208530806,0.7124542124542125,0.6250970821720643,0.22245196612714005,0.117714788932794,False,,0.2453854941634914,0.09345918394455532
independent_vector_shared_mlp,20260822,arm,59,209,88,121,0.42105263157894735,0.7041697971450037,0.6148696637592367,0.2237563384928865,0.11163971867378751,False,,0.24393184879245497,0.08270961909830166
independent_vector_shared_mlp,20260822,arm,60,208,86,122,0.41346153846153844,0.70548989706443,0.6183644666133337,0.22252173594717917,0.10969997402137761,False,,0.24272303930132316,0.0832277949892739
independent_vector_shared_mlp,20260822,arm,61,206,84,122,0.4077669902912621,0.7130171740827479,0.6110728356448034,0.2182398870106087,0.10183310505783914,False,,0.24161278287695348,0.09673700036909028
independent_vector_shared_mlp,20260822,arm,62,205,83,122,0.40487804878048783,0.7096583053525578,0.6112618065288499,0.22028625072493557,0.1207232972433855,False,,0.2409881385710734,0.08590417756196878
independent_vector_shared_mlp,20260822,arm,63,201,78,123,0.3880597014925373,0.6901188242651657,0.5651148329662862,0.22129466701548933,0.1481930343605642,False,,0.23770773753538663,0.06904727077911776
independent_vector_shared_mlp,20260822,arm,64,198,77,121,0.3888888888888889,0.6991520875818397,0.5983938604189938,0.21885989809422268,0.14420681092507176,False,,0.23767072031013167,0.07914656963787181
independent_vector_shared_mlp,20260822,arm,65,197,77,120,0.39086294416243655,0.7102813852813853,0.6028393804308546,0.2146323449380617,0.10581549026229894,False,,0.23813094094436135,0.09867930607047848
independent_vector_shared_mlp,20260822,arm,66,195,74,121,0.37948717948717947,0.7135358498994863,0.6124333560562522,0.21016921453365242,0.09944319038692861,False,,0.2354781453970776,0.10747889499786789
independent_vector_shared_mlp,20260822,arm,67,193,72,121,0.37305699481865284,0.7079889807162535,0.6006541535425627,0.21053786950986406,0.11534874266652846,False,,0.23388584674877022,0.09982637925066717
independent_vector_shared_mlp,20260822,arm,68,191,71,120,0.3717277486910995,0.6975352112676056,0.5716519527709331,0.21538065845290644,0.10260634095794718,False,,0.23357386728020435,0.07789060068724485
independent_vector_shared_mlp,20260822,arm,69,191,70,121,0.36649214659685864,0.6962219598583235,0.5754568009377243,0.2151767170834937,0.10103120974814228,False,,0.2322127297825423,0.07336381909382017
independent_vector_shared_mlp,20260822,arm,70,188,68,120,0.3617021276595745,0.7227941176470588,0.6154976163369158,0.20626758908228124,0.09934233747124682,False,,0.2308977106460057,0.10667113803256989
independent_vector_shared_mlp,20260822,arm,71,188,68,120,0.3617021276595745,0.7090686274509804,0.5862567716533447,0.21086208151300637,0.10977827993386548,False,,0.23097949231386855,0.0870960906500109
independent_vector_shared_mlp,20260822,arm,72,187,68,119,0.36363636363636365,0.7105783489866535,0.5963021945998624,0.21121786788490976,0.11296260295256341,False,,0.23167965539804136,0.0883193108949375
independent_vector_shared_mlp,20260822,arm,73,186,67,119,0.3602150537634409,0.7239433086667503,0.6073808540248823,0.20648214841617668,0.10927577994088908,False,,0.23076634165305482,0.10523282148914137
independent_vector_shared_mlp,20260822,arm,74,184,66,118,0.358695652173913,0.7128916281458655,0.5843379860294823,0.2086112935115718,0.11110586630557481,False,,0.23040087800283238,0.09457248895984127
independent_vector_shared_mlp,20260822,arm,75,181,66,115,0.36464088397790057,0.7223978919631093,0.6194480377382577,0.20535202602274427,0.10269007992799245,False,,0.2324473685299053,0.11656549471187105
independent_vector_shared_mlp,20260822,arm,76,177,65,112,0.3672316384180791,0.7096153846153846,0.6012898377383032,0.21088840836850156,0.14451700837438733,False,,0.23336877557517713,0.09632979883992132
independent_vector_shared_mlp,20260822,arm,77,175,64,111,0.3657142857142857,0.7335304054054054,0.6357408886385025,0.20876054135640748,0.12952655368034802,False,,0.23315957935411383,0.10464523081271315
independent_vector_shared_mlp,20260822,arm,78,172,63,109,0.36627906976744184,0.7247706422018348,0.622347572529786,0.20853434825378778,0.1306981597436757,False,,0.2337615027817385,0.10791834509853038
independent_vector_shared_mlp,20260822,arm,79,170,63,107,0.37058823529411766,0.7187360925678683,0.6049948049510626,0.21615450202120798,0.1357265607156085,False,,0.23525343206531646,0.08118449059993227
independent_vector_shared_mlp,20260822,arm,80,167,62,105,0.3712574850299401,0.729800307219662,0.6247192279854576,0.2153114583179105,0.13962189157552565,False,,0.23557750594495752,0.08602709136322284
independent_vector_shared_mlp,20260822,arm,81,166,61,105,0.3674698795180723,0.7284933645589383,0.6274810134160707,0.21112980653586738,0.13528260054113303,False,,0.23451793698774479,0.0997285357030051
independent_vector_shared_mlp,20260822,arm,82,164,60,104,0.36585365853658536,0.7339743589743589,0.6219016342775405,0.2114168956301729,0.12754460222992045,False,,0.234214988652722,0.09733831790053604
independent_vector_shared_mlp,20260822,arm,83,161,59,102,0.36645962732919257,0.7407776669990029,0.6388975097178639,0.2096483056079889,0.14954804007338757,False,,0.23471200905917994,0.10678492145185259
independent_vector_shared_mlp,20260822,arm,84,160,59,101,0.36875,0.7372042288974661,0.6436354037329796,0.21038152655900294,0.12922653229248265,False,,0.23574425320338244,0.10758576847469725
independent_vector_shared_mlp,20260822,arm,85,158,59,99,0.37341772151898733,0.7306967984934086,0.628435571177621,0.21540579124235087,0.16327444583966377,False,,0.23768789556962025,0.09374522111809769
independent_vector_shared_mlp,20260822,arm,86,154,58,96,0.37662337662337664,0.7293462643678161,0.6369071199023268,0.21863319610910972,0.1354413868426399,False,,0.23901611634451145,0.0852784345555273
independent_vector_shared_mlp,20260822,arm,87,152,57,95,0.375,0.7146814404432132,0.606657896637377,0.22327156624748443,0.1465348342482133,False,,0.23858231808496275,0.06417387491400739
independent_vector_shared_mlp,20260822,arm,88,146,53,93,0.363013698630137,0.7340231284236154,0.620646514265845,0.21161898801972454,0.14530723170608345,False,,0.23427553988856942,0.09670899437312674
independent_vector_shared_mlp,20260822,arm,89,143,53,90,0.3706293706293706,0.7280922431865828,0.6340900297899723,0.21840090392309947,0.14428307283782354,False,,0.23745541655576263,0.08024459037003484
independent_vector_shared_mlp,20260822,arm,90,141,51,90,0.3617021276595745,0.7202614379084967,0.6016236233974883,0.2177172591071536,0.14940743056886685,False,,0.23367858184251059,0.06830460288446227
independent_vector_shared_mlp,20260822,arm,91,139,48,91,0.34532374100719426,0.757554945054945,0.6302048918191556,0.19659440635008593,0.10817159403329826,False,,0.22768772473617443,0.13656124159577265
independent_vector_shared_mlp,20260822,arm,92,135,46,89,0.34074074074074073,0.7525647288715193,0.5932274544714492,0.19998214894368882,0.12434221304949244,False,,0.22591388888888897,0.11478594818910903
independent_vector_shared_mlp,20260822,arm,93,132,43,89,0.32575757575757575,0.7559446041285602,0.6165449654194554,0.18705362665608033,0.10741016112323341,False,,0.22028571160860058,0.15085901264248303
independent_vector_shared_mlp,20260822,arm,94,130,42,88,0.3230769230769231,0.7624458874458875,0.6367845663658465,0.18552064173296437,0.11626647383382556,False,,0.21924286683869443,0.15381218824574494
independent_vector_shared_mlp,20260822,arm,95,126,41,85,0.3253968253968254,0.7664275466284075,0.6293178207893272,0.1855557094541467,0.12598839051617025,False,,0.22039710651866717,0.1580846391990608
independent_vector_shared_mlp,20260822,arm,96,126,41,85,0.3253968253968254,0.7420373027259685,0.590455052053948,0.19316917522757623,0.11774600276683549,False,,0.22045904015254894,0.12378655421020246
independent_vector_shared_mlp,20260822,arm,97,126,41,85,0.3253968253968254,0.7549497847919656,0.5941502784268936,0.19031073554296513,0.10890618277080348,False,,0.2205504616828349,0.137110237308668
independent_vector_shared_mlp,20260822,arm,98,125,40,85,0.32,0.7514705882352941,0.5808157425269653,0.19075759519401808,0.11294466058758927,False,,0.218540903926272,0.1271309317070778
independent_vector_shared_mlp,20260822,arm,99,123,40,83,0.3252032520325203,0.7716867469879518,0.6175035582665962,0.18965409613441994,0.12143490308925164,False,,0.22095226188541764,0.1416512575337583
independent_vector_shared_mlp,20260822,gripper,1,337,314,23,0.9317507418397626,0.8475491553586264,0.9867963743156527,0.05473116529554062,0.026389018083237722,False,,0.06359143714417013,0.13933120946051458
independent_vector_shared_mlp,20260822,gripper,2,335,296,39,0.8835820895522388,0.8691961191961192,0.9811457056971654,0.08457386899191603,0.03784174643022678,False,,0.10286703637014291,0.17783313317594962
independent_vector_shared_mlp,20260822,gripper,3,332,280,52,0.8433734939759037,0.8690934065934066,0.9733762161032045,0.1012147694526498,0.038676079787947786,False,,0.13213446701087386,0.23400175788864808
independent_vector_shared_mlp,20260822,gripper,4,330,272,58,0.8242424242424242,0.892368154158215,0.9751426686075694,0.09514981111727452,0.03464042657761391,False,,0.14490395122572794,0.343359443877052
independent_vector_shared_mlp,20260822,gripper,5,330,265,65,0.803030303030303,0.9040928882438316,0.9747665427670847,0.0951775807129295,0.045790047862870845,False,,0.15840004540146527,0.39913160711727247
independent_vector_shared_mlp,20260822,gripper,6,329,256,73,0.7781155015197568,0.901808647260274,0.9670909824239107,0.09708645472771557,0.04105110767732077,False,,0.17297166030970518,0.4387146741039394
independent_vector_shared_mlp,20260822,gripper,7,328,251,77,0.7652439024390244,0.90774564081337,0.9676642134320336,0.09741656773043345,0.03935926082378739,False,,0.18042107651701325,0.4600599352856244
independent_vector_shared_mlp,20260822,gripper,8,325,246,79,0.7569230769230769,0.9092827004219409,0.9547482194614301,0.09823543663320358,0.04075094063752077,False,,0.1857628908801514,0.47117835985561773
independent_vector_shared_mlp,20260822,gripper,9,325,239,86,0.7353846153846154,0.9045927799941618,0.9491098646354579,0.10519140348225355,0.0649820801187937,False,,0.1965488895963183,0.46480794830079797
independent_vector_shared_mlp,20260822,gripper,10,324,232,92,0.7160493827160493,0.9170258620689655,0.947463729409533,0.10102874205743094,0.07650149179405763,False,,0.20466237500562065,0.5063638734053761
independent_vector_shared_mlp,20260822,gripper,11,322,228,94,0.7080745341614907,0.9148936170212766,0.9449614510909143,0.10469620506076754,0.07463064963021228,False,,0.20845816814296314,0.4977591619774495
independent_vector_shared_mlp,20260822,gripper,12,321,225,96,0.7009345794392523,0.9017592592592593,0.9419787030444914,0.11373357981092971,0.06193656691575079,False,,0.21237493640592467,0.46446797472586854
independent_vector_shared_mlp,20260822,gripper,13,318,212,106,0.6666666666666666,0.8970719117123531,0.9286811172677818,0.11790706094903844,0.06624103428498956,False,,0.2233607429740432,0.4721227222872354
independent_vector_shared_mlp,20260822,gripper,14,315,205,110,0.6507936507936508,0.8809756097560976,0.9133656039473913,0.13174715389313263,0.08847827286808652,False,,0.22807983857763173,0.42236387611134796
independent_vector_shared_mlp,20260822,gripper,15,314,193,121,0.6146496815286624,0.8993277095019911,0.9137860538568061,0.1161829679536481,0.06501135610085639,False,,0.23700370996502057,0.5097841802949179
independent_vector_shared_mlp,20260822,gripper,16,312,184,128,0.5897435897435898,0.8917289402173914,0.9014494933092728,0.12904452182892007,0.05447726902715823,False,,0.24215488744748753,0.46709924714237283
independent_vector_shared_mlp,20260822,gripper,17,311,176,135,0.5659163987138264,0.8966329966329967,0.9013964486874806,0.12753886252680147,0.06452280881563235,False,,0.2458035169425484,0.4811349157521977
independent_vector_shared_mlp,20260822,gripper,18,309,160,149,0.517799352750809,0.9099412751677852,0.8916814039570738,0.11493383320843807,0.04008526354616817,False,,0.24975347938457917,0.5398108827486687
independent_vector_shared_mlp,20260822,gripper,19,309,153,156,0.49514563106796117,0.9088319088319088,0.8908304659734618,0.1165164631749375,0.05977585346290529,False,,0.2500673964534471,0.5340597581795179
independent_vector_shared_mlp,20260822,gripper,20,306,146,160,0.477124183006536,0.921361301369863,0.8988277620737917,0.11010701944132541,0.042983073615989395,False,,0.24948029994457863,0.5586544530137836
independent_vector_shared_mlp,20260822,gripper,21,306,145,161,0.4738562091503268,0.9125294495609338,0.8956247968779365,0.11807876538362518,0.07014593695165826,False,,0.24956314376995264,0.5268581586210894
independent_vector_shared_mlp,20260822,gripper,22,306,138,168,0.45098039215686275,0.9061853002070394,0.8823233519813174,0.12495010271848377,0.07112728046064572,False,,0.24774822689478582,0.49565692443261034
independent_vector_shared_mlp,20260822,gripper,23,305,126,179,0.4131147540983607,0.9097277644763678,0.8656440238442343,0.12051341761578323,0.05028828522338177,False,,0.2425088686855028,0.5030556273301872
independent_vector_shared_mlp,20260822,gripper,24,303,117,186,0.38613861386138615,0.9105780718683945,0.8616575556920497,0.11741098612174572,0.03941858551001351,False,,0.2370976651430015,0.5047990622306161
independent_vector_shared_mlp,20260822,gripper,25,300,114,186,0.38,0.9132239200150915,0.8585094868286001,0.11596539820403781,0.04837479409612372,False,,0.23566731470532218,0.5079275276291892
independent_vector_shared_mlp,20260822,gripper,26,296,107,189,0.3614864864864865,0.9184097314938436,0.8656016227271585,0.10881742848473099,0.04777208906368321,False,,0.23083555418203433,0.5285932928732513
independent_vector_shared_mlp,20260822,gripper,27,294,104,190,0.35374149659863946,0.9151821862348178,0.8588318234971936,0.11149784544618171,0.040527906811786904,False,,0.22860850979080902,0.5122760497926819
independent_vector_shared_mlp,20260822,gripper,28,291,97,194,0.3333333333333333,0.9161972579445212,0.848314252962006,0.11200004892285004,0.05150448438052422,False,,0.2222491229459893,0.4960607833306584
independent_vector_shared_mlp,20260822,gripper,29,289,92,197,0.31833910034602075,0.9137055837563451,0.8482499693676964,0.1129816969111232,0.06159873857778217,False,,0.21703613741666608,0.4794337097226308
independent_vector_shared_mlp,20260822,gripper,30,289,88,201,0.3044982698961938,0.902928539122569,0.8203918639122182,0.11918774958721691,0.058688742603693805,False,,0.2118106692432871,0.437291095802558
independent_vector_shared_mlp,20260822,gripper,31,288,81,207,0.28125,0.904514820778911,0.781579628188323,0.113475647403628,0.048033851861982085,False,,0.20226550194733045,0.43897675920445967
independent_vector_shared_mlp,20260822,gripper,32,287,81,206,0.28222996515679444,0.9032722042430781,0.7814724737253947,0.1127427072618141,0.04877923451342598,False,,0.20259254553106232,0.4435002187949313
independent_vector_shared_mlp,20260822,gripper,33,284,74,210,0.2605633802816901,0.9092664092664092,0.7970806818980045,0.10100846711851051,0.06229363261641505,False,,0.19274340898920336,0.4759433401732115
independent_vector_shared_mlp,20260822,gripper,34,284,70,214,0.24647887323943662,0.8949265687583444,0.7594983957269624,0.10511699245776071,0.05409205074020815,False,,0.1857728771101695,0.43416394205154696
independent_vector_shared_mlp,20260822,gripper,35,283,67,216,0.23674911660777384,0.90616362631288,0.7564607066717666,0.09741284705710035,0.04910696660669334,False,,0.18075380150982343,0.46107442143170496
independent_vector_shared_mlp,20260822,gripper,36,281,63,218,0.22419928825622776,0.9129896606960827,0.7582207861886299,0.09014788443832508,0.04788790891655633,False,,0.17393546464784382,0.4817164824848007
independent_vector_shared_mlp,20260822,gripper,37,280,55,225,0.19642857142857142,0.9208080808080809,0.777329483262245,0.07548744671025556,0.04838700694599629,False,,0.1579790302921381,0.5221679322207347
independent_vector_shared_mlp,20260822,gripper,38,277,54,223,0.19494584837545126,0.9225211758844046,0.7743594830828461,0.07559293346514995,0.04210646124894043,False,,0.15701879550748443,0.5185739820456925
independent_vector_shared_mlp,20260822,gripper,39,274,50,224,0.18248175182481752,0.9138392857142857,0.7420997988859033,0.0767292801067495,0.02753508020863056,False,,0.14918793380136858,0.48568709176636093
independent_vector_shared_mlp,20260822,gripper,40,270,49,221,0.1814814814814815,0.9070089574291255,0.7009114191133673,0.0818862205915327,0.04676166616740853,False,,0.14854626292991213,0.44874937291307915
independent_vector_shared_mlp,20260822,gripper,41,267,46,221,0.17228464419475656,0.9255361007279166,0.7432525212606989,0.07166811008821285,0.036503522935866284,False,,0.14260887997369084,0.4974498775852211
independent_vector_shared_mlp,20260822,gripper,42,264,44,220,0.16666666666666666,0.9318181818181818,0.7709563214867238,0.06611543775869164,0.042727775621402425,False,,0.13891587867913816,0.5240613356274253
independent_vector_shared_mlp,20260822,gripper,43,259,43,216,0.16602316602316602,0.9220499569336779,0.7307143033058304,0.0690534063951284,0.04826652192300669,False,,0.1384606105118926,0.501277611446056
independent_vector_shared_mlp,20260822,gripper,44,256,38,218,0.1484375,0.9232254949299855,0.6985200564226904,0.06732129520968341,0.04215449249635345,False,,0.12650483978825405,0.46783620830343775
independent_vector_shared_mlp,20260822,gripper,45,252,38,214,0.15079365079365079,0.9291687161829808,0.718188312098636,0.06525485656792109,0.04849702392309377,False,,0.1280791197208624,0.49051135961787895
independent_vector_shared_mlp,20260822,gripper,46,248,38,210,0.1532258064516129,0.9291979949874687,0.7283573267695315,0.06413322420439543,0.032398995415952835,False,,0.1297503922025234,0.5057184559080804
independent_vector_shared_mlp,20260822,gripper,47,245,35,210,0.14285714285714285,0.9613605442176871,0.7828622265812636,0.05683753736853912,0.031088630845184952,False,,0.12256517119244395,0.5362668136831753
independent_vector_shared_mlp,20260822,gripper,48,244,33,211,0.13524590163934427,0.9465747522619561,0.7112967086934895,0.06162139399017274,0.043789359953911755,False,,0.11726565029519984,0.47451454168335294
independent_vector_shared_mlp,20260822,gripper,49,242,31,211,0.128099173553719,0.9631554808133312,0.7726145764669519,0.05178354740403581,0.030469816407650896,False,,0.11211649845665764,0.5381273218762316
independent_vector_shared_mlp,20260822,gripper,50,238,31,207,0.13025210084033614,0.9568334112513636,0.7294684145939162,0.05577181509712184,0.03483929141215479,False,,0.1136975757827116,0.5094722581974146
independent_vector_shared_mlp,20260822,gripper,51,232,31,201,0.1336206896551724,0.9574707109613224,0.7428398245334359,0.057206843033368836,0.048761277883101514,False,,0.11606659653821398,0.5071205261495373
independent_vector_shared_mlp,20260822,gripper,52,229,30,199,0.13100436681222707,0.9510887772194305,0.721349200007072,0.05853308936782634,0.02662900591904266,False,,0.11421835145889767,0.48753340754624785
independent_vector_shared_mlp,20260822,gripper,53,224,30,194,0.13392857142857142,0.9611683848797251,0.7705928944767568,0.05722843802828812,0.039916084891879415,False,,0.11622311335421984,0.5075984769581096
independent_vector_shared_mlp,20260822,gripper,54,219,29,190,0.1324200913242009,0.949546279491833,0.7167199354124468,0.061885334507835545,0.04449224418599826,False,,0.11513058232698564,0.46247701299665755
independent_vector_shared_mlp,20260822,gripper,55,219,29,190,0.1324200913242009,0.9442831215970962,0.7027234641327792,0.06414633298090328,0.026670653969193183,False,,0.11509885285257244,0.44268486269739904
independent_vector_shared_mlp,20260822,gripper,56,217,29,188,0.1336405529953917,0.9479090242112986,0.7212865013772015,0.06348375418402094,0.03813742902690553,False,,0.11586710086244759,0.45209853606861095
independent_vector_shared_mlp,20260822,gripper,57,216,29,187,0.13425925925925927,0.9483680619583257,0.7192248226622562,0.06449319480622895,0.04076164906210306,False,,0.11626691351088787,0.44530053427289573
independent_vector_shared_mlp,20260822,gripper,58,211,29,182,0.13744075829383887,0.9499810534293293,0.7322227125769127,0.0658455401612792,0.042542021539994895,False,,0.11855624825682844,0.44460506190582216
independent_vector_shared_mlp,20260822,gripper,59,209,28,181,0.1339712918660287,0.9477111286503551,0.7354530050698717,0.06594787126733871,0.049770412032745376,False,,0.11604808034517085,0.4317194125815367
independent_vector_shared_mlp,20260822,gripper,60,208,28,180,0.1346153846153846,0.9472222222222222,0.7268420415290822,0.06597350712713031,0.04362790696004001,False,,0.11660457844761679,0.4342116921526532
independent_vector_shared_mlp,20260822,gripper,61,206,28,178,0.13592233009708737,0.9424157303370787,0.6989510015776678,0.06892953842960443,0.047735338075528363,False,,0.11771027476025295,0.41441357969814396
independent_vector_shared_mlp,20260822,gripper,62,205,28,177,0.13658536585365855,0.948547215496368,0.736202504793794,0.0684755659922015,0.05583454888487933,False,,0.11833897007471905,0.42136080828685485
independent_vector_shared_mlp,20260822,gripper,63,201,27,174,0.13432835820895522,0.9540229885057471,0.754576529818222,0.06444949961502258,0.06582547388664443,False,,0.1167945679426601,0.448180675263392
independent_vector_shared_mlp,20260822,gripper,64,198,26,172,0.13131313131313133,0.9557245080500895,0.7679895906881461,0.061546589212459604,0.06240239357092313,False,,0.11468608006057224,0.4633473462520181
independent_vector_shared_mlp,20260822,gripper,65,197,23,174,0.116751269035533,0.9485257371314343,0.7158523453757296,0.06176103863212751,0.053333674131581174,False,,0.10340681121037314,0.40273722872587703
independent_vector_shared_mlp,20260822,gripper,66,195,23,172,0.11794871794871795,0.9496966632962589,0.72433041372182,0.05988612234371038,0.0429616639104776,False,,0.10447413428302679,0.4267851774538258
independent_vector_shared_mlp,20260822,gripper,67,193,21,172,0.10880829015544041,0.9451827242524917,0.6592479323789873,0.059416996226414075,0.04001816099201029,False,,0.09730480633277068,0.38937244247509084
independent_vector_shared_mlp,20260822,gripper,68,191,20,171,0.10471204188481675,0.9444444444444444,0.650167890775817,0.05787605345941294,0.035364424285229325,False,,0.09414767658834398,0.38526307226387435
independent_vector_shared_mlp,20260822,gripper,69,191,19,172,0.09947643979057591,0.9400244798041616,0.638710168060024,0.05640638845068122,0.04319662532410781,False,,0.08989326299428277,0.3725181779832747
independent_vector_shared_mlp,20260822,gripper,70,188,19,169,0.10106382978723404,0.9430084085954531,0.6559463635358923,0.059074088290909904,0.049038191620337755,False,,0.09140209737368363,0.35369001381451404
independent_vector_shared_mlp,20260822,gripper,71,188,16,172,0.0851063829787234,0.9364098837209303,0.6328967810242376,0.04997295432194386,0.033335836951435195,False,,0.07805870452969811,0.35980292495206323
independent_vector_shared_mlp,20260822,gripper,72,187,14,173,0.0748663101604278,0.9541701073492981,0.634405595571562,0.042811690960539245,0.016181190825356597,False,,0.06933959246521793,0.3825794262922094
independent_vector_shared_mlp,20260822,gripper,73,186,13,173,0.06989247311827956,0.9493108048021343,0.5936396936396937,0.04282531610996819,0.03198831313329341,False,,0.06505453345878505,0.3417012799407756
independent_vector_shared_mlp,20260822,gripper,74,184,11,173,0.059782608695652176,0.9348397267472413,0.5529693998811646,0.039369786463332376,0.027951817116849857,False,,0.05624440005309801,0.3000229991578719
independent_vector_shared_mlp,20260822,gripper,75,181,10,171,0.055248618784530384,0.9269005847953217,0.5115175333925335,0.039805785298525014,0.03646170463957018,False,,0.05220174030923229,0.237462485681056
independent_vector_shared_mlp,20260822,gripper,76,177,10,167,0.05649717514124294,0.9311377245508982,0.5263615155516683,0.039837060193005286,0.03264612762858854,False,,0.05337068486751734,0.2535778715994881
independent_vector_shared_mlp,20260822,gripper,77,175,9,166,0.05142857142857143,0.9149933065595717,0.41767332083121556,0.04262413779925943,0.0383207935444385,False,,0.04888753928609386,0.12811856719113013
independent_vector_shared_mlp,20260822,gripper,78,172,7,165,0.040697674418604654,0.922077922077922,0.45415666266506605,0.03406894802783575,0.029706852367937145,False,,0.03908027807985544,0.12823168867375234
independent_vector_shared_mlp,20260822,gripper,79,170,5,165,0.029411764705882353,0.943030303030303,0.5489898989898989,0.025046232579957115,0.031241623799772328,False,,0.028551777572927938,0.12277851997189448
independent_vector_shared_mlp,20260822,gripper,80,167,4,163,0.023952095808383235,0.9187116564417178,0.24902597402597404,0.028056774760024706,0.027420965420209883,False,,0.023424586241740552,-0.1977490005791438
independent_vector_shared_mlp,20260822,gripper,81,166,1,165,0.006024096385542169,0.793939393939394,0.02857142857142857,0.022143331867445496,0.043138658505868774,False,,0.006106164003498107,-2.6263899650844613
independent_vector_shared_mlp,20260822,gripper,82,164,1,163,0.006097560975609756,0.7975460122699386,0.029411764705882353,0.019857423047059477,0.04072213365221183,False,,0.006169909216549052,-2.218430344776793
independent_vector_shared_mlp,20260822,gripper,83,161,1,160,0.006211180124223602,0.80625,0.03125,0.018746880892059708,0.03585945726405787,False,,0.006197849728804866,-2.024739500367763
independent_vector_shared_mlp,20260822,gripper,84,160,1,159,0.00625,0.8050314465408805,0.03125,0.02334310684464863,0.043673641019079376,False,,0.0062380098933751595,-2.74207595750037
independent_vector_shared_mlp,20260822,gripper,85,158,1,157,0.006329113924050633,0.7961783439490446,0.030303030303030304,0.01981949570127518,0.03845443120267679,False,,0.0062947770262406656,-2.1485619933247544
independent_vector_shared_mlp,20260822,gripper,86,154,1,153,0.006493506493506494,0.7908496732026143,0.030303030303030304,0.020154414429021016,0.03819010021273338,False,,0.0064522271719518855,-2.1236368298737434
independent_vector_shared_mlp,20260822,gripper,87,152,1,151,0.006578947368421052,0.8079470198675497,0.03333333333333333,0.01938735138201103,0.03790184668131984,False,,0.006539827927462256,-1.9645048152718272
independent_vector_shared_mlp,20260822,gripper,88,146,1,145,0.00684931506849315,0.8275862068965517,0.038461538461538464,0.016884008456926756,0.03152882235439557,False,,0.006811349769706005,-1.478805086771445
independent_vector_shared_mlp,20260822,gripper,89,143,1,142,0.006993006993006993,0.8309859154929577,0.04,0.017577169728766225,0.03516050336805129,False,,0.006958971670390357,-1.52582860820588
independent_vector_shared_mlp,20260822,gripper,90,141,1,140,0.0070921985815602835,0.8285714285714286,0.04,0.018882151527731178,0.03567588896986096,False,,0.007063861877536558,-1.6730635246107215
independent_vector_shared_mlp,20260822,gripper,91,139,1,138,0.007194244604316547,0.8333333333333334,0.041666666666666664,0.018929069460036047,0.03317595816764664,False,,0.007164890734978138,-1.6419201855551817
independent_vector_shared_mlp,20260822,gripper,92,135,0,135,0.0,,,0.011480729541306876,0.03568397806100654,True,one_label_class,6.944444444444447e-07,-16531.250539481895
independent_vector_shared_mlp,20260822,gripper,93,132,0,132,0.0,,,0.012211593575555022,0.036146415372451286,True,one_label_class,7.157560817794269e-07,-17060.110462653734
independent_vector_shared_mlp,20260822,gripper,94,130,0,130,0.0,,,0.011515641515041168,0.03472865453626962,True,one_label_class,7.548303481051114e-07,-15254.933394768059
independent_vector_shared_mlp,20260822,gripper,95,126,0,126,0.0,,,0.010509019126980488,0.03467911191150781,True,one_label_class,7.790048835816154e-07,-13489.312254094451
independent_vector_shared_mlp,20260822,gripper,96,126,0,126,0.0,,,0.012286822543960565,0.03647773770661589,True,one_label_class,8.219567667179844e-07,-14947.258888385315
independent_vector_shared_mlp,20260822,gripper,97,126,0,126,0.0,,,0.012410232931701796,0.03952177841882564,True,one_label_class,8.447772491349479e-07,-14689.538771504414
independent_vector_shared_mlp,20260822,gripper,98,125,0,125,0.0,,,0.01017826064129035,0.03307903994908179,True,one_label_class,0.0,
independent_vector_shared_mlp,20260822,gripper,99,123,0,123,0.0,,,0.009731360780250303,0.030795035035277307,True,one_label_class,0.0,
monotone_conditional_survival_shared_mlp,20260820,arm,1,337,337,0,1.0,,,0.0004984114862427536,0.005132250829197697,True,one_label_class,0.0,
monotone_conditional_survival_shared_mlp,20260820,arm,2,335,335,0,1.0,,,0.0006355282059328101,0.0073712073662875,True,one_label_class,1.0971696205580633e-07,-5791.433494554431
monotone_conditional_survival_shared_mlp,20260820,arm,3,332,331,1,0.9969879518072289,0.9395770392749244,0.9998125820509516,0.0035501449499557493,0.006442802734740593,False,,0.003004796264678611,-0.18149273269795807
monotone_conditional_survival_shared_mlp,20260820,arm,4,330,329,1,0.996969696969697,0.9240121580547113,0.9997609215328443,0.004358724712126464,0.008853376874179196,False,,0.003022871542024776,-0.4419152952847307
monotone_conditional_survival_shared_mlp,20260820,arm,5,330,328,2,0.9939393939393939,0.9557926829268293,0.9997230973217948,0.0068628114683516725,0.009738733966935982,False,,0.006024325535756637,-0.13918337042351148
monotone_conditional_survival_shared_mlp,20260820,arm,6,329,325,4,0.9878419452887538,0.8569230769230769,0.9978084109972802,0.012225329200812656,0.011298925311577215,False,,0.01201067190430174,-0.017872213829605466
monotone_conditional_survival_shared_mlp,20260820,arm,7,328,323,5,0.9847560975609756,0.7448916408668731,0.9945022365620408,0.016258945970566624,0.009153832062182489,False,,0.015017613294873156,-0.08265845253301629
monotone_conditional_survival_shared_mlp,20260820,arm,8,325,318,7,0.9784615384615385,0.6527403414195867,0.9885673405787564,0.023665550317187138,0.02073453084324794,False,,0.021126667479450995,-0.12017431713759907
monotone_conditional_survival_shared_mlp,20260820,arm,9,325,311,14,0.9569230769230769,0.6931557188791916,0.9809269849922759,0.04278427370856716,0.025869544472455028,False,,0.04122266349263274,-0.03788232209239739
monotone_conditional_survival_shared_mlp,20260820,arm,10,324,303,21,0.9351851851851852,0.7466603803237467,0.9760344054341342,0.05971714143651797,0.03606901930459331,False,,0.060791990770155735,0.017680772088902175
monotone_conditional_survival_shared_mlp,20260820,arm,11,322,296,26,0.9192546583850931,0.7822245322245323,0.9746272599544925,0.07021406749355884,0.046420259516003246,False,,0.07468134188682278,0.05981781098730066
monotone_conditional_survival_shared_mlp,20260820,arm,12,321,291,30,0.9065420560747663,0.7449026345933563,0.9653406013163233,0.0826040032602477,0.051508070617116125,False,,0.08526306577824339,0.031186569398190755
monotone_conditional_survival_shared_mlp,20260820,arm,13,318,278,40,0.8742138364779874,0.8007194244604317,0.9657765972612748,0.1036430228822776,0.06943610614652189,False,,0.11188460825401847,0.07366147587547967
monotone_conditional_survival_shared_mlp,20260820,arm,14,315,271,44,0.8603174603174604,0.788829251928883,0.9569491761913148,0.1043462420536897,0.0720991239465626,False,,0.12225693558849185,0.14650042918700557
monotone_conditional_survival_shared_mlp,20260820,arm,15,314,266,48,0.8471337579617835,0.7830513784461153,0.9517187205318869,0.11344195599842635,0.08899699531470934,False,,0.13137526221823445,0.13650443711402938
monotone_conditional_survival_shared_mlp,20260820,arm,16,312,262,50,0.8397435897435898,0.7570229007633588,0.9400898958710603,0.11949804075954769,0.07367321177862803,False,,0.13616860960986754,0.12242593133676094
monotone_conditional_survival_shared_mlp,20260820,arm,17,311,259,52,0.8327974276527331,0.7394564894564895,0.9313683623494153,0.12573161090470372,0.0806893343918128,False,,0.14052901066773527,0.10529782920067865
monotone_conditional_survival_shared_mlp,20260820,arm,18,309,257,52,0.8317152103559871,0.7372792577072733,0.9301263973656927,0.1265966972842867,0.0792186564459108,False,,0.14047852592407148,0.09881815422300122
monotone_conditional_survival_shared_mlp,20260820,arm,19,309,255,54,0.8252427184466019,0.7436456063907044,0.9280861316168241,0.12443453192502167,0.07429522749950886,False,,0.14465560902375854,0.13978771535513512
monotone_conditional_survival_shared_mlp,20260820,arm,20,306,250,56,0.8169934640522876,0.7362857142857143,0.9215659708499964,0.13051542165607322,0.08192989647189029,False,,0.14998623109982123,0.12981731256910833
monotone_conditional_survival_shared_mlp,20260820,arm,21,306,247,59,0.8071895424836601,0.7314211212516297,0.9128001030339737,0.13728916172193542,0.08317355551249238,False,,0.15614105014125432,0.120736272762764
monotone_conditional_survival_shared_mlp,20260820,arm,22,306,245,61,0.8006535947712419,0.7073937771830043,0.8987301351133578,0.1425821324003614,0.08971417161446271,False,,0.15997048742241848,0.10869726849141448
monotone_conditional_survival_shared_mlp,20260820,arm,23,305,238,67,0.780327868852459,0.7112128433462938,0.8914874778526392,0.15548408987000095,0.08693579213103356,False,,0.17229128530054183,0.09755104793154634
monotone_conditional_survival_shared_mlp,20260820,arm,24,303,233,70,0.768976897689769,0.7144696505211526,0.8874954403843451,0.16167169855192162,0.09745963504831667,False,,0.17862765779020476,0.09492348188429833
monotone_conditional_survival_shared_mlp,20260820,arm,25,300,227,73,0.7566666666666667,0.7029750769416451,0.8767101897201514,0.17453545327159234,0.1115500144128957,False,,0.18537679386254033,0.05848272788117703
monotone_conditional_survival_shared_mlp,20260820,arm,26,296,219,77,0.7398648648648649,0.6950127498072703,0.866255323372269,0.1837349902826977,0.12646322631025253,False,,0.19401181586952818,0.05297010154134929
monotone_conditional_survival_shared_mlp,20260820,arm,27,294,214,80,0.7278911564625851,0.6905373831775701,0.855143374769058,0.19289040934136273,0.12294672523283955,False,,0.19980111624891983,0.03458792942351474
monotone_conditional_survival_shared_mlp,20260820,arm,28,291,208,83,0.7147766323024055,0.6698331788693235,0.8356294819672404,0.20424526216266767,0.12711713350075865,False,,0.205568487434641,0.006436907176223028
monotone_conditional_survival_shared_mlp,20260820,arm,29,289,206,83,0.71280276816609,0.6728272312551176,0.8362102344989394,0.20422833350696015,0.11776018417396249,False,,0.2059465129149699,0.008342842924070948
monotone_conditional_survival_shared_mlp,20260820,arm,30,289,200,89,0.6920415224913494,0.6742134831460674,0.808644892788483,0.20915565538096506,0.11863950456366538,False,,0.21519484327673813,0.028063813257861114
monotone_conditional_survival_shared_mlp,20260820,arm,31,288,196,92,0.6805555555555556,0.6791259982253771,0.7911892530603027,0.210902185405346,0.11708368771937286,False,,0.21930260462977857,0.03830515026765857
monotone_conditional_survival_shared_mlp,20260820,arm,32,287,194,93,0.6759581881533101,0.6737612238111074,0.7840263069769731,0.2138803882364618,0.11742447707891661,False,,0.2207107478502448,0.03094710919296728
monotone_conditional_survival_shared_mlp,20260820,arm,33,284,187,97,0.6584507042253521,0.6587463476487128,0.7605401164419802,0.22678911651525563,0.13151360110755547,False,,0.2275188474006327,0.0032073425727763283
monotone_conditional_survival_shared_mlp,20260820,arm,34,284,182,102,0.6408450704225352,0.660741219564749,0.7523289002863556,0.2360407088079339,0.14854186279154466,False,,0.23412855849132957,-0.008167095585971174
monotone_conditional_survival_shared_mlp,20260820,arm,35,283,179,104,0.6325088339222615,0.6695315857327031,0.7493047778751709,0.23196947668131634,0.14782219836878158,False,,0.23627333847444035,0.018215604946850927
monotone_conditional_survival_shared_mlp,20260820,arm,36,281,175,106,0.6227758007117438,0.673099730458221,0.7441419541454679,0.23444320101069402,0.15494807039639844,False,,0.23934758713372956,0.020490643677537168
monotone_conditional_survival_shared_mlp,20260820,arm,37,280,173,107,0.6178571428571429,0.6764086219004916,0.7425429091674238,0.2349529825023584,0.16716585720181745,False,,0.24016343054374698,0.02169542644186817
monotone_conditional_survival_shared_mlp,20260820,arm,38,277,167,110,0.6028880866425993,0.668481219379423,0.7294966051081518,0.24390756967923782,0.15886140475565197,False,,0.24459527893859329,0.002811621149597543
monotone_conditional_survival_shared_mlp,20260820,arm,39,274,164,110,0.5985401459854015,0.674889135254989,0.7341785018778857,0.2435583647603574,0.15557492353484284,False,,0.24581881055496513,0.009195576976003261
monotone_conditional_survival_shared_mlp,20260820,arm,40,270,161,109,0.5962962962962963,0.679354948999943,0.7330116898705867,0.24220158676514544,0.1534756215746532,False,,0.2452471856268681,0.012418486491243108
monotone_conditional_survival_shared_mlp,20260820,arm,41,267,159,108,0.5955056179775281,0.6964244118332169,0.7434334114823885,0.229059883664012,0.1263254172611416,False,,0.24477517958980743,0.0642029798614836
monotone_conditional_survival_shared_mlp,20260820,arm,42,264,155,109,0.5871212121212122,0.6781888132583604,0.7233207574752898,0.23797443006325492,0.1232938151433664,False,,0.24589627668217406,0.03221621215988679
monotone_conditional_survival_shared_mlp,20260820,arm,43,259,153,106,0.5907335907335908,0.6830681958317918,0.7272480420475168,0.2327296561951816,0.1161067492875711,False,,0.24358215358215365,0.044553745943098466
monotone_conditional_survival_shared_mlp,20260820,arm,44,256,146,110,0.5703125,0.6801369863013699,0.7173910009277381,0.2365302697486244,0.11489189462364205,False,,0.2471974872798964,0.043152613113715654
monotone_conditional_survival_shared_mlp,20260820,arm,45,252,143,109,0.5674603174603174,0.6945531532687496,0.7305496122351992,0.22986952118926993,0.10257967431392094,False,,0.24701008607493533,0.06939216595578801
monotone_conditional_survival_shared_mlp,20260820,arm,46,248,137,111,0.5524193548387096,0.6957979877687906,0.7246331981501749,0.23343241502532866,0.1133747289973351,False,,0.24840636013022163,0.06028003911430935
monotone_conditional_survival_shared_mlp,20260820,arm,47,245,131,114,0.5346938775510204,0.6830052229811169,0.7045603636155349,0.24364030729011585,0.13249355463857723,False,,0.25049502867262613,0.027364700285005483
monotone_conditional_survival_shared_mlp,20260820,arm,48,244,127,117,0.5204918032786885,0.6920384951881015,0.6951554676938594,0.24417565617399992,0.14874427824546094,False,,0.2511999252590032,0.027962862957705115
monotone_conditional_survival_shared_mlp,20260820,arm,49,242,122,120,0.5041322314049587,0.6857240437158469,0.6911074749403068,0.24596185427082373,0.1612160664868255,False,,0.25199945364392295,0.02395877961557169
monotone_conditional_survival_shared_mlp,20260820,arm,50,238,114,124,0.4789915966386555,0.687889077532541,0.6742921819531092,0.2457259811769135,0.1612876272044926,False,,0.25253603535914615,0.02696666308452844
monotone_conditional_survival_shared_mlp,20260820,arm,51,232,108,124,0.46551724137931033,0.6932497013142175,0.668794292735933,0.24344081040834545,0.15312549793866462,False,,0.2519718401668731,0.03385707606404664
monotone_conditional_survival_shared_mlp,20260820,arm,52,229,106,123,0.462882096069869,0.6813928516643657,0.6463454121712952,0.24894480390842216,0.14903208663905548,False,,0.2505661906732054,0.006470892024287078
monotone_conditional_survival_shared_mlp,20260820,arm,53,224,104,120,0.4642857142857143,0.6754807692307693,0.6301945808522788,0.2508418114182714,0.150399022713325,False,,0.24966444408645325,-0.0047157989842174786
monotone_conditional_survival_shared_mlp,20260820,arm,54,219,100,119,0.45662100456621,0.6803361344537815,0.6271358439863557,0.24831035531403298,0.15437697550213192,False,,0.24895527193982547,0.0025904919416543937
monotone_conditional_survival_shared_mlp,20260820,arm,55,219,99,120,0.4520547945205479,0.6866161616161616,0.6278274077200009,0.2443025713167337,0.14975102957647318,False,,0.24830932196979622,0.01613612659113095
monotone_conditional_survival_shared_mlp,20260820,arm,56,217,95,122,0.4377880184331797,0.6824849007765315,0.6173701132244477,0.24718163948467772,0.15712707576293267,False,,0.2467231406746477,-0.0018583534920002531
monotone_conditional_survival_shared_mlp,20260820,arm,57,216,93,123,0.4305555555555556,0.6727860826995367,0.5879841690440849,0.25247079519157584,0.17013970452853477,False,,0.24567182629589382,-0.027675004489498
monotone_conditional_survival_shared_mlp,20260820,arm,58,211,91,120,0.4312796208530806,0.6764652014652015,0.5935141078316882,0.2497456988064906,0.1727502210177528,False,,0.2453854941634914,-0.017768795412552718
monotone_conditional_survival_shared_mlp,20260820,arm,59,209,88,121,0.42105263157894735,0.6871712997746056,0.5975406233443077,0.24167724818663208,0.14831347341803214,False,,0.24393184879245497,0.009242747992867395
monotone_conditional_survival_shared_mlp,20260820,arm,60,208,86,122,0.41346153846153844,0.6937666793747618,0.5974922290616945,0.23835565565187666,0.144651952137458,False,,0.24272303930132316,0.017993280168285608
monotone_conditional_survival_shared_mlp,20260820,arm,61,206,84,122,0.4077669902912621,0.7002341920374707,0.5984971198341509,0.2347046875774706,0.13831630111507,False,,0.24161278287695348,0.02859159692308577
monotone_conditional_survival_shared_mlp,20260820,arm,62,205,83,122,0.40487804878048783,0.7032391862532096,0.6070937409546475,0.2307913542022166,0.13589783735728184,False,,0.2409881385710734,0.042312391096583024
monotone_conditional_survival_shared_mlp,20260820,arm,63,201,78,123,0.3880597014925373,0.6965811965811965,0.591135518683006,0.2319654435850938,0.14187135766298975,False,,0.23770773753538663,0.024156950084294082
monotone_conditional_survival_shared_mlp,20260820,arm,64,198,77,121,0.3888888888888889,0.7036599763872491,0.5968052946645119,0.2284434187111385,0.13325373819922443,False,,0.23767072031013167,0.03882388872702813
monotone_conditional_survival_shared_mlp,20260820,arm,65,197,77,120,0.39086294416243655,0.7071428571428572,0.6020420989771822,0.22650456648417178,0.12983841799866813,False,,0.23813094094436135,0.04882345156023238
monotone_conditional_survival_shared_mlp,20260820,arm,66,195,74,121,0.37948717948717947,0.7018092472637927,0.5886375809289179,0.22944625037497476,0.1460887006325053,False,,0.2354781453970776,0.025615519486666072
monotone_conditional_survival_shared_mlp,20260820,arm,67,193,72,121,0.37305699481865284,0.7114325068870524,0.6005245410182246,0.22217228290789756,0.128978053755682,False,,0.23388584674877022,0.0500823970483979
monotone_conditional_survival_shared_mlp,20260820,arm,68,191,71,120,0.3717277486910995,0.7096244131455399,0.5972122800930264,0.22165488062248173,0.14178533675082694,False,,0.23357386728020435,0.0510287678861957
monotone_conditional_survival_shared_mlp,20260820,arm,69,191,70,121,0.36649214659685864,0.7122786304604486,0.5940238203081176,0.21966574651180112,0.1454747786402492,False,,0.2322127297825423,0.054032280153163414
monotone_conditional_survival_shared_mlp,20260820,arm,70,188,68,120,0.3617021276595745,0.7149509803921569,0.5943355412261853,0.21762762121614782,0.1512791733194187,False,,0.2308977106460057,0.05747172370280684
monotone_conditional_survival_shared_mlp,20260820,arm,71,188,68,120,0.3617021276595745,0.7158088235294118,0.5952562110971541,0.2172889026104548,0.14622083157980195,False,,0.23097949231386855,0.05927188412385187
monotone_conditional_survival_shared_mlp,20260820,arm,72,187,68,119,0.36363636363636365,0.7157686604053386,0.5912665475635281,0.2171302499154303,0.14648422734164243,False,,0.23167965539804136,0.06279966817808924
monotone_conditional_survival_shared_mlp,20260820,arm,73,186,67,119,0.3602150537634409,0.7191772231280572,0.5959061918160152,0.21519005411893213,0.1504081515637808,False,,0.23076634165305482,0.06749809102378035
monotone_conditional_survival_shared_mlp,20260820,arm,74,184,66,118,0.358695652173913,0.7200821777092964,0.5965147780294293,0.21450125506822676,0.15121504562975213,False,,0.23040087800283238,0.06900851712210121
monotone_conditional_survival_shared_mlp,20260820,arm,75,181,66,115,0.36464088397790057,0.7113306982872201,0.585077889769662,0.21829626543734415,0.1536139002583349,False,,0.2324473685299053,0.060878740774992
monotone_conditional_survival_shared_mlp,20260820,arm,76,177,65,112,0.3672316384180791,0.7061813186813187,0.5801248690934919,0.22266495194429758,0.14600089209783812,False,,0.23336877557517713,0.04586656293027269
monotone_conditional_survival_shared_mlp,20260820,arm,77,175,64,111,0.3657142857142857,0.6997466216216216,0.5749459006545647,0.22675699568918345,0.15281953197578474,False,,0.23315957935411383,0.027460092708463724
monotone_conditional_survival_shared_mlp,20260820,arm,78,172,63,109,0.36627906976744184,0.6981214504150284,0.5753137916743241,0.22814720345174574,0.1584020345627193,False,,0.2337615027817385,0.02401721097436127
monotone_conditional_survival_shared_mlp,20260820,arm,79,170,63,107,0.37058823529411766,0.7031597685803294,0.5781847183440207,0.22807485354601412,0.1542963163430674,False,,0.23525343206531646,0.03051423503700157
monotone_conditional_survival_shared_mlp,20260820,arm,80,167,62,105,0.3712574850299401,0.705837173579109,0.5792969486695023,0.22650499557237921,0.1625184562483617,False,,0.23557750594495752,0.038511785478780314
monotone_conditional_survival_shared_mlp,20260820,arm,81,166,61,105,0.3674698795180723,0.7089773614363778,0.5873479095661043,0.22395241172261837,0.1725451312638855,False,,0.23451793698774479,0.045052098789691075
monotone_conditional_survival_shared_mlp,20260820,arm,82,164,60,104,0.36585365853658536,0.7094551282051282,0.5880312864787091,0.2222302102456781,0.16946922132519657,False,,0.234214988652722,0.05116998905998327
monotone_conditional_survival_shared_mlp,20260820,arm,83,161,59,102,0.36645962732919257,0.7160186108341642,0.5976086616384482,0.21843984976416894,0.17183050088453672,False,,0.23471200905917994,0.06932819228226261
monotone_conditional_survival_shared_mlp,20260820,arm,84,160,59,101,0.36875,0.714717234435308,0.5982064100284672,0.21977353334599076,0.1732262420686487,False,,0.23574425320338244,0.06774595622321844
monotone_conditional_survival_shared_mlp,20260820,arm,85,158,59,99,0.37341772151898733,0.7108371854134566,0.5987970927191264,0.2225304894491955,0.17557022989582452,False,,0.23768789556962025,0.06377020623662777
monotone_conditional_survival_shared_mlp,20260820,arm,86,154,58,96,0.37662337662337664,0.712823275862069,0.602762592064528,0.22349554088166448,0.1698156543627734,False,,0.23901611634451145,0.06493526754687962
monotone_conditional_survival_shared_mlp,20260820,arm,87,152,57,95,0.375,0.7192982456140351,0.6089566820627068,0.22050929338065584,0.16969796329136003,False,,0.23858231808496275,0.07575173570855676
monotone_conditional_survival_shared_mlp,20260820,arm,88,146,53,93,0.363013698630137,0.7066342057212416,0.5823972867643199,0.22490812432491586,0.1596844885741108,False,,0.23427553988856942,0.039984607732028166
monotone_conditional_survival_shared_mlp,20260820,arm,89,143,53,90,0.3706293706293706,0.7085953878406709,0.5876727573240225,0.2276234474230065,0.16308664491414204,False,,0.23745541655576263,0.04140553740726005
monotone_conditional_survival_shared_mlp,20260820,arm,90,141,51,90,0.3617021276595745,0.7084967320261438,0.5864955435353759,0.22498949442556543,0.1620915301427235,False,,0.23367858184251059,0.0371839273776543
monotone_conditional_survival_shared_mlp,20260820,arm,91,139,48,91,0.34532374100719426,0.7346611721611722,0.5823299967038715,0.20721938818877747,0.15027967180431515,False,,0.22768772473617443,0.08989653074672321
monotone_conditional_survival_shared_mlp,20260820,arm,92,135,46,89,0.34074074074074073,0.7286272594040059,0.569698712494377,0.20808688082861665,0.15134318607517816,False,,0.22591388888888897,0.07891063337429494
monotone_conditional_survival_shared_mlp,20260820,arm,93,132,43,89,0.32575757575757575,0.7512411810817873,0.5849482826565748,0.19189521170777105,0.13307549158753973,False,,0.22028571160860058,0.12888035131063436
monotone_conditional_survival_shared_mlp,20260820,arm,94,130,42,88,0.3230769230769231,0.7451298701298701,0.5780627501320548,0.19336024818031622,0.13171522878412786,False,,0.21924286683869443,0.11805455306977475
monotone_conditional_survival_shared_mlp,20260820,arm,95,126,41,85,0.3253968253968254,0.7371592539454807,0.5688677021427602,0.1977193973879658,0.1339180520377638,False,,0.22039710651866717,0.1028947679437009
monotone_conditional_survival_shared_mlp,20260820,arm,96,126,41,85,0.3253968253968254,0.7371592539454807,0.5688677021427602,0.1976758446734289,0.13389725026815982,False,,0.22045904015254894,0.10334434670202208
monotone_conditional_survival_shared_mlp,20260820,arm,97,126,41,85,0.3253968253968254,0.7305595408895266,0.5544689650251282,0.20016839769373587,0.12269242245295413,False,,0.2205504616828349,0.09241451517979449
monotone_conditional_survival_shared_mlp,20260820,arm,98,125,40,85,0.32,0.7282352941176471,0.5496527027343119,0.19912537925219617,0.11915201840513089,False,,0.218540903926272,0.08884160505086025
monotone_conditional_survival_shared_mlp,20260820,arm,99,123,40,83,0.3252032520325203,0.7310240963855422,0.555860064115286,0.2002838283115259,0.1257486591483326,False,,0.22095226188541764,0.09354252994526957
monotone_conditional_survival_shared_mlp,20260820,gripper,1,337,314,23,0.9317507418397626,0.8334256438659651,0.9865156396564794,0.0830431947629916,0.067531136869296,False,,0.06359143714417013,-0.3058864289341625
monotone_conditional_survival_shared_mlp,20260820,gripper,2,335,296,39,0.8835820895522388,0.8533437283437283,0.9793770898125352,0.09588692281728647,0.06375037286311871,False,,0.10286703637014291,0.06785568826674593
monotone_conditional_survival_shared_mlp,20260820,gripper,3,332,280,52,0.8433734939759037,0.887293956043956,0.9781588261823434,0.09763803071456045,0.04246231178385008,False,,0.13213446701087386,0.261070688645337
monotone_conditional_survival_shared_mlp,20260820,gripper,4,330,272,58,0.8242424242424242,0.8935091277890467,0.9768489554073374,0.10301522039979075,0.03816544713678447,False,,0.14490395122572794,0.2890792864625473
monotone_conditional_survival_shared_mlp,20260820,gripper,5,330,265,65,0.803030303030303,0.9065312046444122,0.977021676311268,0.10008999760059685,0.028905904032573662,False,,0.15840004540146527,0.3681188831296195
monotone_conditional_survival_shared_mlp,20260820,gripper,6,329,256,73,0.7781155015197568,0.907052654109589,0.9738081971727044,0.10577754138840816,0.03852150848202697,False,,0.17297166030970518,0.38846894804031007
monotone_conditional_survival_shared_mlp,20260820,gripper,7,328,251,77,0.7652439024390244,0.9113675169452062,0.973430412434866,0.10727128747375728,0.04494776374790983,False,,0.18042107651701325,0.4054392671598882
monotone_conditional_survival_shared_mlp,20260820,gripper,8,325,246,79,0.7569230769230769,0.9071729957805907,0.9637318404111517,0.11251896308660723,0.07111079008536877,False,,0.1857628908801514,0.39428718753520553
monotone_conditional_survival_shared_mlp,20260820,gripper,9,325,239,86,0.7353846153846154,0.9175342998929649,0.9636943750023221,0.10378009369359033,0.05304705296653447,False,,0.1965488895963183,0.47198839990020325
monotone_conditional_survival_shared_mlp,20260820,gripper,10,324,232,92,0.7160493827160493,0.9187125187406296,0.9570871802500199,0.10470917746983731,0.061752285490916894,False,,0.20466237500562065,0.4883809128719352
monotone_conditional_survival_shared_mlp,20260820,gripper,11,322,228,94,0.7080745341614907,0.9180664427025009,0.9554264595877369,0.10536243395342912,0.05624906472840805,False,,0.20845816814296314,0.4945631783487118
monotone_conditional_survival_shared_mlp,20260820,gripper,12,321,225,96,0.7009345794392523,0.9220833333333334,0.9557217099355338,0.10234065578387704,0.05279431186613283,False,,0.21237493640592467,0.5181133069852115
monotone_conditional_survival_shared_mlp,20260820,gripper,13,318,212,106,0.6666666666666666,0.9131363474546101,0.9410187923060211,0.10912161742326532,0.04624967606852313,False,,0.2233607429740432,0.5114557017929227
monotone_conditional_survival_shared_mlp,20260820,gripper,14,315,205,110,0.6507936507936508,0.9035476718403548,0.9370597891396913,0.1196764303367386,0.06548538374364843,False,,0.22807983857763173,0.47528711400764945
monotone_conditional_survival_shared_mlp,20260820,gripper,15,314,193,121,0.6146496815286624,0.921765940136171,0.9371149041516522,0.10524860836557894,0.04781930490211125,False,,0.23700370996502057,0.5559199964375554
monotone_conditional_survival_shared_mlp,20260820,gripper,16,312,184,128,0.5897435897435898,0.9211956521739131,0.9278805721829287,0.10719276105367019,0.03836621385213199,False,,0.24215488744748753,0.5573380236774471
monotone_conditional_survival_shared_mlp,20260820,gripper,17,311,176,135,0.5659163987138264,0.9244528619528619,0.926170154418963,0.10895794339839214,0.05638632488300973,False,,0.2458035169425484,0.5567274839934091
monotone_conditional_survival_shared_mlp,20260820,gripper,18,309,160,149,0.517799352750809,0.9253355704697986,0.9257481719779964,0.11362899477871186,0.05984462316867806,False,,0.24975347938457917,0.5450353882608301
monotone_conditional_survival_shared_mlp,20260820,gripper,19,309,153,156,0.49514563106796117,0.9328389475448299,0.9225342310890745,0.1027902405369354,0.03946662318435238,False,,0.2500673964534471,0.5889498511411464
monotone_conditional_survival_shared_mlp,20260820,gripper,20,306,146,160,0.477124183006536,0.9365154109589041,0.9213138837782304,0.09843325203659185,0.043105374933653566,False,,0.24948029994457863,0.6054467945627028
monotone_conditional_survival_shared_mlp,20260820,gripper,21,306,145,161,0.4738562091503268,0.9370743199828657,0.9215401756857953,0.09779566938170779,0.043280599080617925,False,,0.24956314376995264,0.6081325635493041
monotone_conditional_survival_shared_mlp,20260820,gripper,22,306,138,168,0.45098039215686275,0.9217995169082126,0.8973204622513014,0.11768090836339795,0.06182684513103535,False,,0.24774822689478582,0.5249979794471954
monotone_conditional_survival_shared_mlp,20260820,gripper,23,305,126,179,0.4131147540983607,0.9208566108007449,0.8895211644239546,0.11580627169359152,0.048645679616727375,False,,0.2425088686855028,0.5224658284816186
monotone_conditional_survival_shared_mlp,20260820,gripper,24,303,117,186,0.38613861386138615,0.9229850197592133,0.8842499497593209,0.11592419851315137,0.0613225876904572,False,,0.2370976651430015,0.5110698435463984
monotone_conditional_survival_shared_mlp,20260820,gripper,25,300,114,186,0.38,0.9252027919260517,0.8664548843194222,0.11435051370310452,0.07415678385165066,False,,0.23566731470532218,0.5147799182670363
monotone_conditional_survival_shared_mlp,20260820,gripper,26,296,107,189,0.3614864864864865,0.9376947040498442,0.872153126369108,0.09880051394937261,0.05348656979658154,False,,0.23083555418203433,0.571987450982271
monotone_conditional_survival_shared_mlp,20260820,gripper,27,294,104,190,0.35374149659863946,0.9352226720647774,0.8660546209840739,0.09924215784173628,0.046236760610197714,False,,0.22860850979080902,0.5658859859042473
monotone_conditional_survival_shared_mlp,20260820,gripper,28,291,97,194,0.3333333333333333,0.9337336592624084,0.8569034498736988,0.1050573906171639,0.06350857664245475,False,,0.2222491229459893,0.5272989642227077
monotone_conditional_survival_shared_mlp,20260820,gripper,29,289,92,197,0.31833910034602075,0.9335135731626573,0.8511890993584161,0.10663809941194317,0.0741074909422527,False,,0.21703613741666608,0.5086620104779174
monotone_conditional_survival_shared_mlp,20260820,gripper,30,289,88,201,0.3044982698961938,0.9229986431478969,0.8302115535987887,0.10602268131283682,0.06196916427138642,False,,0.2118106692432871,0.49944598309607113
monotone_conditional_survival_shared_mlp,20260820,gripper,31,288,81,207,0.28125,0.9196039840162223,0.8026377643680037,0.10859477210427265,0.0692373032264719,False,,0.20226550194733045,0.4631077912013364
monotone_conditional_survival_shared_mlp,20260820,gripper,32,287,81,206,0.28222996515679444,0.9194534340165408,0.8037007971127582,0.10890907914183029,0.06898154251089421,False,,0.20259254553106232,0.46242306765856844
monotone_conditional_survival_shared_mlp,20260820,gripper,33,284,74,210,0.2605633802816901,0.9204633204633205,0.7835071028193882,0.10858705978370634,0.08490096701050964,False,,0.19274340898920336,0.43662374577078844
monotone_conditional_survival_shared_mlp,20260820,gripper,34,284,70,214,0.24647887323943662,0.9146862483311081,0.7635564481976066,0.10920609152692551,0.09673195565823192,False,,0.1857728771101695,0.41215266068058654
monotone_conditional_survival_shared_mlp,20260820,gripper,35,283,67,216,0.23674911660777384,0.904159756771697,0.7447536361401202,0.103184170622552,0.06639384927733508,False,,0.18075380150982343,0.429145225380257
monotone_conditional_survival_shared_mlp,20260820,gripper,36,281,63,218,0.22419928825622776,0.918523372651813,0.7593230168973935,0.09354885201499485,0.05632805292261353,False,,0.17393546464784382,0.4621634397309524
monotone_conditional_survival_shared_mlp,20260820,gripper,37,280,55,225,0.19642857142857142,0.9227474747474748,0.7532340875507346,0.09109159149469083,0.0657600645816114,False,,0.1579790302921381,0.4233944130037869
monotone_conditional_survival_shared_mlp,20260820,gripper,38,277,54,223,0.19494584837545126,0.9263411393456237,0.7703382675701994,0.08768772364103038,0.06526028064146694,False,,0.15701879550748443,0.44154632343456823
monotone_conditional_survival_shared_mlp,20260820,gripper,39,274,50,224,0.18248175182481752,0.9250892857142857,0.7498255340827575,0.0894870318466607,0.0716838427864364,False,,0.14918793380136858,0.40017245653522293
monotone_conditional_survival_shared_mlp,20260820,gripper,40,270,49,221,0.1814814814814815,0.9273247760642719,0.7565944943586562,0.08568050625105372,0.06990229610558184,False,,0.14854626292991213,0.42320658520046417
monotone_conditional_survival_shared_mlp,20260820,gripper,41,267,46,221,0.17228464419475656,0.9334054692110958,0.783603787432279,0.06502214015715554,0.062085610506832055,False,,0.14260887997369084,0.5440526552823981
monotone_conditional_survival_shared_mlp,20260820,gripper,42,264,44,220,0.16666666666666666,0.943904958677686,0.7978521714882764,0.05943153995462296,0.06200380228157512,False,,0.13891587867913816,0.5721760498531968
monotone_conditional_survival_shared_mlp,20260820,gripper,43,259,43,216,0.16602316602316602,0.9409991386735572,0.7887746740903411,0.06315573634221867,0.059497117987246814,False,,0.1384606105118926,0.543872180624293
monotone_conditional_survival_shared_mlp,20260820,gripper,44,256,38,218,0.1484375,0.9455577015934331,0.7381158349203545,0.06424123268237542,0.05374268073522069,False,,0.12650483978825405,0.4921835971658991
monotone_conditional_survival_shared_mlp,20260820,gripper,45,252,38,214,0.15079365079365079,0.9457697983275947,0.7483116604849642,0.06395988283244007,0.04714871643419207,False,,0.1280791197208624,0.5006220922517641
monotone_conditional_survival_shared_mlp,20260820,gripper,46,248,38,210,0.1532258064516129,0.9454887218045113,0.7465611311718606,0.06469230334945436,0.0469332974960562,False,,0.1297503922025234,0.5014095737878146
monotone_conditional_survival_shared_mlp,20260820,gripper,47,245,35,210,0.14285714285714285,0.9591836734693877,0.7612541159510896,0.05882252275152535,0.045376438650081764,False,,0.12256517119244395,0.5200714674549265
monotone_conditional_survival_shared_mlp,20260820,gripper,48,244,33,211,0.13524590163934427,0.959931064196467,0.7605991516187575,0.05820401949520347,0.04731104772498341,False,,0.11726565029519984,0.5036567029758244
monotone_conditional_survival_shared_mlp,20260820,gripper,49,242,31,211,0.128099173553719,0.9587219079651429,0.7528297519335175,0.0594615890868319,0.0544989307717825,False,,0.11211649845665764,0.46964461158391646
monotone_conditional_survival_shared_mlp,20260820,gripper,50,238,31,207,0.13025210084033614,0.9599501324606514,0.7611976045450756,0.0560377031700533,0.03906325132528205,False,,0.1136975757827116,0.5071337028579446
monotone_conditional_survival_shared_mlp,20260820,gripper,51,232,31,201,0.1336206896551724,0.9597175413256299,0.7640904536084434,0.056907711926155,0.03799669997842064,False,,0.11606659653821398,0.5096977629785275
monotone_conditional_survival_shared_mlp,20260820,gripper,52,229,30,199,0.13100436681222707,0.952931323283082,0.7210345004444239,0.06261720977216645,0.04064279841358002,False,,0.11421835145889767,0.4517762778716017
monotone_conditional_survival_shared_mlp,20260820,gripper,53,224,30,194,0.13392857142857142,0.9524054982817869,0.7222718230702146,0.06338053592893991,0.03971668178365779,False,,0.11622311335421984,0.4546649620736676
monotone_conditional_survival_shared_mlp,20260820,gripper,54,219,29,190,0.1324200913242009,0.9484573502722323,0.7070169101045467,0.06778448289960072,0.04461565812213609,False,,0.11513058232698564,0.4112382519955985
monotone_conditional_survival_shared_mlp,20260820,gripper,55,219,29,190,0.1324200913242009,0.9475499092558983,0.7006914303105071,0.06761331075660044,0.04409882306401306,False,,0.11509885285257244,0.41256312221282665
monotone_conditional_survival_shared_mlp,20260820,gripper,56,217,29,188,0.1336405529953917,0.9471753484959647,0.7008282292161157,0.06822082708449179,0.044121005324560286,False,,0.11586710086244759,0.4112148610201216
monotone_conditional_survival_shared_mlp,20260820,gripper,57,216,29,187,0.13425925925925927,0.9470772635072838,0.6986607268964836,0.06837947639069147,0.04393677687132129,False,,0.11626691351088787,0.4118750182158397
monotone_conditional_survival_shared_mlp,20260820,gripper,58,211,29,182,0.13744075829383887,0.9458128078817734,0.696704446880704,0.06987490503610624,0.04416492182481188,False,,0.11855624825682844,0.41061811533765635
monotone_conditional_survival_shared_mlp,20260820,gripper,59,209,28,181,0.1339712918660287,0.9567876874506709,0.7381669583404671,0.05650727051970389,0.02293833052249248,False,,0.11604808034517085,0.5130701830514567
monotone_conditional_survival_shared_mlp,20260820,gripper,60,208,28,180,0.1346153846153846,0.9573412698412699,0.7397468231360654,0.05635819102084616,0.022314059272406386,False,,0.11660457844761679,0.5166725717707182
monotone_conditional_survival_shared_mlp,20260820,gripper,61,206,28,178,0.13592233009708737,0.9572632423756019,0.7403112908917254,0.056703639807675725,0.021629713845770813,False,,0.11771027476025295,0.5182779079976902
monotone_conditional_survival_shared_mlp,20260820,gripper,62,205,28,177,0.13658536585365855,0.9541969330104924,0.7301699279643875,0.058746487090702834,0.028365460116305072,False,,0.11833897007471905,0.5035744602677343
monotone_conditional_survival_shared_mlp,20260820,gripper,63,201,27,174,0.13432835820895522,0.9633886760323542,0.728510631296899,0.05427154215836612,0.02344718770647627,False,,0.1167945679426601,0.5353247748216292
monotone_conditional_survival_shared_mlp,20260820,gripper,64,198,26,172,0.13131313131313133,0.9617620751341681,0.7218832459295197,0.05435377156257448,0.01833084432293377,False,,0.11468608006057224,0.5260647889101522
monotone_conditional_survival_shared_mlp,20260820,gripper,65,197,23,174,0.116751269035533,0.9582708645677162,0.6845631890286527,0.053780801271320226,0.015006819794321731,False,,0.10340681121037314,0.4799104561699774
monotone_conditional_survival_shared_mlp,20260820,gripper,66,195,23,172,0.11794871794871795,0.9585439838220424,0.6862208704759079,0.054135159692616584,0.014723880603860883,False,,0.10447413428302679,0.48183193798035084
monotone_conditional_survival_shared_mlp,20260820,gripper,67,193,21,172,0.10880829015544041,0.9548726467331119,0.6639730360793296,0.05743423450427428,0.051946034158449665,False,,0.09730480633277068,0.4097492542366701
monotone_conditional_survival_shared_mlp,20260820,gripper,68,191,20,171,0.10471204188481675,0.9573099415204679,0.6699932991181198,0.05426833999283145,0.04813824410480317,False,,0.09414767658834398,0.4235828014097782
monotone_conditional_survival_shared_mlp,20260820,gripper,69,191,19,172,0.09947643979057591,0.95593635250918,0.6673570442401145,0.05351734768738106,0.044089246666539995,False,,0.08989326299428277,0.40465674618147107
monotone_conditional_survival_shared_mlp,20260820,gripper,70,188,19,169,0.10106382978723404,0.9560884459669885,0.6691871523603381,0.05432593857024287,0.0453651245278251,False,,0.09140209737368363,0.4056379434255266
monotone_conditional_survival_shared_mlp,20260820,gripper,71,188,16,172,0.0851063829787234,0.9618459302325582,0.6556566467641836,0.04638878907703483,0.03633212367092809,False,,0.07805870452969811,0.4057192038155615
monotone_conditional_survival_shared_mlp,20260820,gripper,72,187,14,173,0.0748663101604278,0.9669694467382328,0.6655810676304181,0.040493979024570255,0.03429894647386416,False,,0.06933959246521793,0.41600494630996265
monotone_conditional_survival_shared_mlp,20260820,gripper,73,186,13,173,0.06989247311827956,0.9644286349488662,0.6240585062884885,0.04182379874118096,0.035873002062267796,False,,0.06505453345878505,0.357096323384162
monotone_conditional_survival_shared_mlp,20260820,gripper,74,184,11,173,0.059782608695652176,0.9516552811350499,0.5156058058813232,0.047211043170110656,0.04787315474452846,False,,0.05624440005309801,0.16060900061978323
monotone_conditional_survival_shared_mlp,20260820,gripper,75,181,10,171,0.055248618784530384,0.9631578947368421,0.5833364598364599,0.033724830246897874,0.017971783749373825,False,,0.05220174030923229,0.3539519938009926
monotone_conditional_survival_shared_mlp,20260820,gripper,76,177,10,167,0.05649717514124294,0.9664670658682635,0.5766482925922285,0.03483053964315704,0.029244139313502608,False,,0.05337068486751734,0.34738443530156504
monotone_conditional_survival_shared_mlp,20260820,gripper,77,175,9,166,0.05142857142857143,0.963855421686747,0.5743965657171592,0.03277892796189245,0.03268945261736577,False,,0.04888753928609386,0.32950341865096766
monotone_conditional_survival_shared_mlp,20260820,gripper,78,172,7,165,0.040697674418604654,0.9722943722943723,0.5975295381310419,0.023850081795997017,0.02889332366645194,False,,0.03908027807985544,0.3897156579269345
monotone_conditional_survival_shared_mlp,20260820,gripper,79,170,5,165,0.029411764705882353,0.9733333333333334,0.5669172932330826,0.01778960141416464,0.017613320719683058,False,,0.028551777572927938,0.3769354160620709
monotone_conditional_survival_shared_mlp,20260820,gripper,80,167,4,163,0.023952095808383235,0.9601226993865031,0.3056077694235589,0.021219054918013944,0.021281685515954246,False,,0.023424586241740552,0.09415454774592968
monotone_conditional_survival_shared_mlp,20260820,gripper,81,166,1,165,0.006024096385542169,0.9878787878787879,0.3333333333333333,0.005810548288526229,0.01117175025076402,False,,0.006106164003498107,0.048412671982364874
monotone_conditional_survival_shared_mlp,20260820,gripper,82,164,1,163,0.006097560975609756,0.9877300613496932,0.3333333333333333,0.005879616656252972,0.011222473390833633,False,,0.006169909216549052,0.04704972960014575
monotone_conditional_survival_shared_mlp,20260820,gripper,83,161,1,160,0.006211180124223602,0.9875,0.3333333333333333,0.005933159308280992,0.011114307916227445,False,,0.006197849728804866,0.042706814799608694
monotone_conditional_survival_shared_mlp,20260820,gripper,84,160,1,159,0.00625,0.9874213836477987,0.3333333333333333,0.0059701614510642605,0.011182525787730442,False,,0.0062380098933751595,0.04293812399934749
monotone_conditional_survival_shared_mlp,20260820,gripper,85,158,1,157,0.006329113924050633,0.9872611464968153,0.3333333333333333,0.006045000454312387,0.01132089885235836,False,,0.0062947770262406656,0.03967997132973089
monotone_conditional_survival_shared_mlp,20260820,gripper,86,154,1,153,0.006493506493506494,0.9869281045751634,0.3333333333333333,0.006177737044486318,0.011504616711659841,False,,0.0064522271719518855,0.04254191927072681
monotone_conditional_survival_shared_mlp,20260820,gripper,87,152,1,151,0.006578947368421052,0.9933774834437086,0.5,0.0051788846446153775,0.007841179266829156,False,,0.006539827927462256,0.20810077848255937
monotone_conditional_survival_shared_mlp,20260820,gripper,88,146,1,145,0.00684931506849315,0.993103448275862,0.5,0.0053900244220518355,0.00804219238656059,False,,0.006811349769706005,0.2086701455232297
monotone_conditional_survival_shared_mlp,20260820,gripper,89,143,1,142,0.006993006993006993,0.9929577464788732,0.5,0.005433774728295106,0.007513805307123716,False,,0.006958971670390357,0.21916987370200003
monotone_conditional_survival_shared_mlp,20260820,gripper,90,141,1,140,0.0070921985815602835,0.9928571428571429,0.5,0.005502372761079489,0.008854448920914191,False,,0.007063861877536558,0.22105317792561663
monotone_conditional_survival_shared_mlp,20260820,gripper,91,139,1,138,0.007194244604316547,0.9927536231884058,0.5,0.00557520773979569,0.008948775360527144,False,,0.007164890734978138,0.22187121255343167
monotone_conditional_survival_shared_mlp,20260820,gripper,92,135,0,135,0.0,,,0.001212725268744537,0.006315036644582259,True,one_label_class,6.944444444444447e-07,-1745.3243869921328
monotone_conditional_survival_shared_mlp,20260820,gripper,93,132,0,132,0.0,,,0.0012028455423477738,0.006338564130391164,True,one_label_class,7.157560817794269e-07,-1679.524375507091
monotone_conditional_survival_shared_mlp,20260820,gripper,94,130,0,130,0.0,,,0.0012167345524455467,0.006423228216481273,True,one_label_class,7.548303481051114e-07,-1610.9311518144132
monotone_conditional_survival_shared_mlp,20260820,gripper,95,126,0,126,0.0,,,0.0012302447815933887,0.006369474435755949,True,one_label_class,7.790048835816154e-07,-1578.251693438835
monotone_conditional_survival_shared_mlp,20260820,gripper,96,126,0,126,0.0,,,0.0012295009717678837,0.006366915356859097,True,one_label_class,8.219567667179844e-07,-1494.8219477615528
monotone_conditional_survival_shared_mlp,20260820,gripper,97,126,0,126,0.0,,,0.0012118309123601925,0.006251852897756292,True,one_label_class,8.447772491349479e-07,-1433.497571520904
monotone_conditional_survival_shared_mlp,20260820,gripper,98,125,0,125,0.0,,,0.001176156053758811,0.005708942513123897,True,one_label_class,0.0,
monotone_conditional_survival_shared_mlp,20260820,gripper,99,123,0,123,0.0,,,0.001191666091810563,0.00575116070755941,True,one_label_class,0.0,
monotone_conditional_survival_shared_mlp,20260821,arm,1,337,337,0,1.0,,,0.000696304811124255,0.008042612228039484,True,one_label_class,0.0,
monotone_conditional_survival_shared_mlp,20260821,arm,2,335,335,0,1.0,,,0.001541475238219609,0.01337253277943315,True,one_label_class,1.0971696205580633e-07,-14048.561793695624
monotone_conditional_survival_shared_mlp,20260821,arm,3,332,331,1,0.9969879518072289,0.8066465256797583,0.9993541125526687,0.004494424627741386,0.010604951059847463,False,,0.003004796264678611,-0.4957502046223101
monotone_conditional_survival_shared_mlp,20260821,arm,4,330,329,1,0.996969696969697,0.7811550151975684,0.9992531588958763,0.00471725963493059,0.011407165379860357,False,,0.003022871542024776,-0.5605226915368298
monotone_conditional_survival_shared_mlp,20260821,arm,5,330,328,2,0.9939393939393939,0.9512195121951219,0.9996974235161509,0.007375438776409716,0.012456858777592152,False,,0.006024325535756637,-0.22427626671794454
monotone_conditional_survival_shared_mlp,20260821,arm,6,329,325,4,0.9878419452887538,0.6715384615384615,0.9941581985809236,0.015264891454612876,0.02018746873160655,False,,0.01201067190430174,-0.27094400515141914
monotone_conditional_survival_shared_mlp,20260821,arm,7,328,323,5,0.9847560975609756,0.5541795665634675,0.9875450192595981,0.022302784166622232,0.024730905493797768,False,,0.015017613294873156,-0.4851084342567371
monotone_conditional_survival_shared_mlp,20260821,arm,8,325,318,7,0.9784615384615385,0.6194968553459119,0.9862987292821047,0.028299670284318568,0.021484007243474244,False,,0.021126667479450995,-0.33952362869555475
monotone_conditional_survival_shared_mlp,20260821,arm,9,325,311,14,0.9569230769230769,0.7514928801102434,0.9800109341191069,0.04266931962032873,0.01909144708232395,False,,0.04122266349263274,-0.03509370829360736
monotone_conditional_survival_shared_mlp,20260821,arm,10,324,303,21,0.9351851851851852,0.7817067421027817,0.9746032931167845,0.057750429478233195,0.02477158139876068,False,,0.060791990770155735,0.05003226993210619
monotone_conditional_survival_shared_mlp,20260821,arm,11,322,296,26,0.9192546583850931,0.8044438669438669,0.9723662295095886,0.06885322051513992,0.040230601112828994,False,,0.07468134188682278,0.07803985874430575
monotone_conditional_survival_shared_mlp,20260821,arm,12,321,291,30,0.9065420560747663,0.7702176403207331,0.9629733131791327,0.08042174592844215,0.05264544257598937,False,,0.08526306577824339,0.05678097316360631
monotone_conditional_survival_shared_mlp,20260821,arm,13,318,278,40,0.8742138364779874,0.7691546762589928,0.947140383517522,0.10334240459937856,0.061318448041081934,False,,0.11188460825401847,0.07634833591449885
monotone_conditional_survival_shared_mlp,20260821,arm,14,315,271,44,0.8603174603174604,0.7907581348540759,0.9456016797742851,0.10788036551220698,0.06812195565736627,False,,0.12225693558849185,0.11759308383677625
monotone_conditional_survival_shared_mlp,20260821,arm,15,314,266,48,0.8471337579617835,0.7968358395989975,0.9425258337859814,0.11724904043962896,0.08084087503320632,False,,0.13137526221823445,0.1075257361248092
monotone_conditional_survival_shared_mlp,20260821,arm,16,312,262,50,0.8397435897435898,0.8106870229007633,0.9417039971229519,0.11643323170143265,0.07623676516629982,False,,0.13616860960986754,0.1449333878415746
monotone_conditional_survival_shared_mlp,20260821,arm,17,311,259,52,0.8327974276527331,0.7872735372735373,0.9265440184099668,0.12243209356365126,0.0776807147083704,False,,0.14052901066773527,0.12877709035376395
monotone_conditional_survival_shared_mlp,20260821,arm,18,309,257,52,0.8317152103559871,0.7899580963783298,0.9275004031882667,0.12215222047831117,0.07455689336020584,False,,0.14047852592407148,0.13045627668150261
monotone_conditional_survival_shared_mlp,20260821,arm,19,309,255,54,0.8252427184466019,0.7779956427015251,0.9223221667397645,0.12356924028518063,0.06467800945619938,False,,0.14465560902375854,0.14576945118743823
monotone_conditional_survival_shared_mlp,20260821,arm,20,306,250,56,0.8169934640522876,0.7712142857142857,0.9177878194657194,0.1303419219607419,0.07403439792520418,False,,0.14998623109982123,0.13097408338772998
monotone_conditional_survival_shared_mlp,20260821,arm,21,306,247,59,0.8071895424836601,0.7529678171961848,0.9078007543699268,0.13995968321920443,0.0768589465883029,False,,0.15614105014125432,0.10363300943224907
monotone_conditional_survival_shared_mlp,20260821,arm,22,306,245,61,0.8006535947712419,0.7415858146537303,0.9007399370746126,0.1448800005293909,0.08637899021935697,False,,0.15997048742241848,0.0943329431333143
monotone_conditional_survival_shared_mlp,20260821,arm,23,305,238,67,0.780327868852459,0.7511601655587609,0.8945477693526562,0.15120251087325218,0.08305998219781849,False,,0.17229128530054183,0.12240186374199236
monotone_conditional_survival_shared_mlp,20260821,arm,24,303,233,70,0.768976897689769,0.7481912936848559,0.8884763954515259,0.1575544402462024,0.09399006230542997,False,,0.17862765779020476,0.11797287052127448
monotone_conditional_survival_shared_mlp,20260821,arm,25,300,227,73,0.7566666666666667,0.7373725182547824,0.8790242843058618,0.1636921368340487,0.09087072779305568,False,,0.18537679386254033,0.11697611430571575
monotone_conditional_survival_shared_mlp,20260821,arm,26,296,219,77,0.7398648648648649,0.7346261044891181,0.8708613828787278,0.17401002635533006,0.11257991185861661,False,,0.19401181586952818,0.10309572860061889
monotone_conditional_survival_shared_mlp,20260821,arm,27,294,214,80,0.7278911564625851,0.7222546728971962,0.8574876313403312,0.18332768985059306,0.1228973389166467,False,,0.19980111624891983,0.0824491209438668
monotone_conditional_survival_shared_mlp,20260821,arm,28,291,208,83,0.7147766323024055,0.7019810009267841,0.8434459017269759,0.19679260320235573,0.12366999524289472,False,,0.205568487434641,0.042690805102486906
monotone_conditional_survival_shared_mlp,20260821,arm,29,289,206,83,0.71280276816609,0.7021289039653761,0.8423159485954871,0.1980487223221354,0.12383237441715815,False,,0.2059465129149699,0.038348746385889476
monotone_conditional_survival_shared_mlp,20260821,arm,30,289,200,89,0.6920415224913494,0.7170224719101124,0.8366257818928375,0.19914880790899706,0.1118508301274259,False,,0.21519484327673813,0.07456514813928905
monotone_conditional_survival_shared_mlp,20260821,arm,31,288,196,92,0.6805555555555556,0.7133984028393966,0.8146274472888393,0.20462729433188848,0.12142504397223602,False,,0.21930260462977857,0.06691808482012607
monotone_conditional_survival_shared_mlp,20260821,arm,32,287,194,93,0.6759581881533101,0.7179359272807893,0.815262595235846,0.20478628068272486,0.12374877375655384,False,,0.2207107478502448,0.07215084594940024
monotone_conditional_survival_shared_mlp,20260821,arm,33,284,187,97,0.6584507042253521,0.6853740559016483,0.7841182123881166,0.2223974998008224,0.13929071442725321,False,,0.2275188474006327,0.02250955320106829
monotone_conditional_survival_shared_mlp,20260821,arm,34,284,182,102,0.6408450704225352,0.6864899806076277,0.7717200883023136,0.22667674385307165,0.142921862566702,False,,0.23412855849132957,0.03182787561789002
monotone_conditional_survival_shared_mlp,20260821,arm,35,283,179,104,0.6325088339222615,0.6894606789858186,0.769068132585922,0.22606646668864416,0.1280888451874677,False,,0.23627333847444035,0.04319942254889819
monotone_conditional_survival_shared_mlp,20260821,arm,36,281,175,106,0.6227758007117438,0.6841509433962264,0.7615641607817614,0.23254760502966237,0.13793232603281882,False,,0.23934758713372956,0.028410489470561684
monotone_conditional_survival_shared_mlp,20260821,arm,37,280,173,107,0.6178571428571429,0.6901842147912052,0.7665142569049539,0.23247843049429742,0.1398865119015533,False,,0.24016343054374698,0.03199904345157867
monotone_conditional_survival_shared_mlp,20260821,arm,38,277,167,110,0.6028880866425993,0.6788786064235166,0.7424391402254583,0.23908790417797451,0.14436286485635136,False,,0.24459527893859329,0.022516275802696217
monotone_conditional_survival_shared_mlp,20260821,arm,39,274,164,110,0.5985401459854015,0.6836474501108647,0.7441304979653905,0.23519316071704435,0.13072245768549387,False,,0.24581881055496513,0.04322553597070988
monotone_conditional_survival_shared_mlp,20260821,arm,40,270,161,109,0.5962962962962963,0.6905806598666591,0.7561401072011213,0.23231205860076043,0.1228268564522575,False,,0.2452471856268681,0.05274322309976609
monotone_conditional_survival_shared_mlp,20260821,arm,41,267,159,108,0.5955056179775281,0.6882133706033077,0.7542966358150921,0.23218164764717794,0.119802498320836,False,,0.24477517958980743,0.05144938291428747
monotone_conditional_survival_shared_mlp,20260821,arm,42,264,155,109,0.5871212121212122,0.6955312222551051,0.7521418350751984,0.2297248173335791,0.11201268531354071,False,,0.24589627668217406,0.06576536890591844
monotone_conditional_survival_shared_mlp,20260821,arm,43,259,153,106,0.5907335907335908,0.705820693057097,0.7606033608157642,0.22316241972959347,0.10812599694617817,False,,0.24358215358215365,0.08383099316704723
monotone_conditional_survival_shared_mlp,20260821,arm,44,256,146,110,0.5703125,0.687173100871731,0.7359668046453313,0.23698236967733882,0.12834499434036648,False,,0.2471974872798964,0.041323711316657574
monotone_conditional_survival_shared_mlp,20260821,arm,45,252,143,109,0.5674603174603174,0.6922435362802335,0.7358229833001729,0.23124306839572015,0.1088738391119517,False,,0.24701008607493533,0.06383147315867876
monotone_conditional_survival_shared_mlp,20260821,arm,46,248,137,111,0.5524193548387096,0.6915893996185967,0.7246981497103214,0.23297664336960083,0.12497968539575427,False,,0.24840636013022163,0.06211482166773874
monotone_conditional_survival_shared_mlp,20260821,arm,47,245,131,114,0.5346938775510204,0.6959957144770322,0.7107046480324555,0.23473111767902574,0.12856495821480496,False,,0.25049502867262613,0.06293103331085415
monotone_conditional_survival_shared_mlp,20260821,arm,48,244,127,117,0.5204918032786885,0.6872602463153644,0.6910132209323354,0.24124896917422525,0.1392016638969874,False,,0.2511999252590032,0.039613690467932505
monotone_conditional_survival_shared_mlp,20260821,arm,49,242,122,120,0.5041322314049587,0.6908469945355191,0.6842181613396303,0.2429384325716842,0.14235324583633535,False,,0.25199945364392295,0.03595651078292428
monotone_conditional_survival_shared_mlp,20260821,arm,50,238,114,124,0.4789915966386555,0.6953169213355971,0.6604267436117314,0.23917368928828966,0.1458946132579579,False,,0.25253603535914615,0.05291263107006938
monotone_conditional_survival_shared_mlp,20260821,arm,51,232,108,124,0.46551724137931033,0.706242532855436,0.6540643598989262,0.23379785938327044,0.14179026353488192,False,,0.2519718401668731,0.07212703122526143
monotone_conditional_survival_shared_mlp,20260821,arm,52,229,106,123,0.462882096069869,0.710691823899371,0.6580495041536505,0.23193088982897542,0.13838910257030393,False,,0.2505661906732054,0.07437276670951432
monotone_conditional_survival_shared_mlp,20260821,arm,53,224,104,120,0.4642857142857143,0.7090544871794872,0.6589452536634599,0.23275231611454889,0.14560778971503258,False,,0.24966444408645325,0.06773943335739097
monotone_conditional_survival_shared_mlp,20260821,arm,54,219,100,119,0.45662100456621,0.7215966386554622,0.668019837350517,0.2257675085820013,0.12715347615757966,False,,0.24895527193982547,0.09314027848114359
monotone_conditional_survival_shared_mlp,20260821,arm,55,219,99,120,0.4520547945205479,0.725,0.6696645724420149,0.22499791318396115,0.125472579620448,False,,0.24830932196979622,0.09388052208797304
monotone_conditional_survival_shared_mlp,20260821,arm,56,217,95,122,0.4377880184331797,0.7124245038826574,0.6449612437311952,0.23151408008412047,0.13283174634705253,False,,0.2467231406746477,0.06164424037785465
monotone_conditional_survival_shared_mlp,20260821,arm,57,216,93,123,0.4305555555555556,0.7071422327126498,0.6327706828901113,0.2335478968985116,0.13622455441107972,False,,0.24567182629589382,0.04935010082425906
monotone_conditional_survival_shared_mlp,20260821,arm,58,211,91,120,0.4312796208530806,0.7075091575091575,0.6247518488886402,0.22941338850648293,0.11898380927513705,False,,0.2453854941634914,0.06508985264779688
monotone_conditional_survival_shared_mlp,20260821,arm,59,209,88,121,0.42105263157894735,0.7043576258452291,0.6153281648587136,0.2314181274950427,0.13631117764872283,False,,0.24393184879245497,0.05130007155424521
monotone_conditional_survival_shared_mlp,20260821,arm,60,208,86,122,0.41346153846153844,0.7038696149447198,0.6116459343562796,0.23254520147675425,0.14344250537784647,False,,0.24272303930132316,0.041931898405136
monotone_conditional_survival_shared_mlp,20260821,arm,61,206,84,122,0.4077669902912621,0.7134074941451991,0.6193598511657099,0.22554820546778404,0.12479659205370128,False,,0.24161278287695348,0.06648893828333036
monotone_conditional_survival_shared_mlp,20260821,arm,62,205,83,122,0.40487804878048783,0.7111396405293304,0.6155397256708707,0.22636824419459875,0.12655686990136297,False,,0.2409881385710734,0.060666447996829076
monotone_conditional_survival_shared_mlp,20260821,arm,63,201,78,123,0.3880597014925373,0.7081509276631228,0.6109322203409255,0.22700781688455074,0.134021844493023,False,,0.23770773753538663,0.04501292537540147
monotone_conditional_survival_shared_mlp,20260821,arm,64,198,77,121,0.3888888888888889,0.7220135236664162,0.6210532413760314,0.2186650142057227,0.12203150725925978,False,,0.23767072031013167,0.07996654396304603
monotone_conditional_survival_shared_mlp,20260821,arm,65,197,77,120,0.39086294416243655,0.7186147186147186,0.6185031593344658,0.2187057388218821,0.12012347913953579,False,,0.23813094094436135,0.0815736167901755
monotone_conditional_survival_shared_mlp,20260821,arm,66,195,74,121,0.37948717948717947,0.7239222693768148,0.6106358796031431,0.21321200818736802,0.11015127612720207,False,,0.2354781453970776,0.09455712831508445
monotone_conditional_survival_shared_mlp,20260821,arm,67,193,72,121,0.37305699481865284,0.7233700642791552,0.6082302492497951,0.21364697702116386,0.11963652466194281,False,,0.23388584674877022,0.08653311010027065
monotone_conditional_survival_shared_mlp,20260821,arm,68,191,71,120,0.3717277486910995,0.7259389671361502,0.6165420656368943,0.21101043372752346,0.11702433575500376,False,,0.23357386728020435,0.09660084758374499
monotone_conditional_survival_shared_mlp,20260821,arm,69,191,70,121,0.36649214659685864,0.7311688311688311,0.6176538680858158,0.208605707822324,0.1115713976409937,False,,0.2322127297825423,0.10166118792163248
monotone_conditional_survival_shared_mlp,20260821,arm,70,188,68,120,0.3617021276595745,0.7350490196078432,0.6171202124212247,0.206563400176888,0.11247389345784384,False,,0.2308977106460057,0.10539000322279135
monotone_conditional_survival_shared_mlp,20260821,arm,71,188,68,120,0.3617021276595745,0.7301470588235294,0.6118298323805618,0.2048816673879157,0.09572598342986821,False,,0.23097949231386855,0.1129876278820875
monotone_conditional_survival_shared_mlp,20260821,arm,72,187,68,119,0.36363636363636365,0.7344290657439446,0.6179566931315953,0.20353451276805384,0.09377471368391334,False,,0.23167965539804136,0.12148301317883203
monotone_conditional_survival_shared_mlp,20260821,arm,73,186,67,119,0.3602150537634409,0.737238178853631,0.6262657746483951,0.20172050901964655,0.1018773985265887,False,,0.23076634165305482,0.12586685053523605
monotone_conditional_survival_shared_mlp,20260821,arm,74,184,66,118,0.358695652173913,0.737673343605547,0.6252471041395125,0.20110233117419074,0.1028333350142819,False,,0.23040087800283238,0.1271633471304804
monotone_conditional_survival_shared_mlp,20260821,arm,75,181,66,115,0.36464088397790057,0.7480895915678525,0.6414823336715418,0.1976975936235196,0.0939553304055796,False,,0.2324473685299053,0.14949523897025752
monotone_conditional_survival_shared_mlp,20260821,arm,76,177,65,112,0.3672316384180791,0.7451923076923077,0.6361649640517303,0.19839924878904525,0.10587601801867488,False,,0.23336877557517713,0.14984663950840693
monotone_conditional_survival_shared_mlp,20260821,arm,77,175,64,111,0.3657142857142857,0.7568975225225225,0.6478177746549842,0.1927774149789732,0.0938461665588078,False,,0.23315957935411383,0.1731953904146042
monotone_conditional_survival_shared_mlp,20260821,arm,78,172,63,109,0.36627906976744184,0.7541866899665065,0.6548495920285069,0.19398530909390826,0.08157479512936677,False,,0.2337615027817385,0.17015716110008494
monotone_conditional_survival_shared_mlp,20260821,arm,79,170,63,107,0.37058823529411766,0.7583444592790387,0.6608260300662664,0.1939646434759281,0.08195435196955095,False,,0.23525343206531646,0.17550769919447906
monotone_conditional_survival_shared_mlp,20260821,arm,80,167,62,105,0.3712574850299401,0.7615975422427035,0.6684109611668843,0.19288624771599513,0.10573259492627438,False,,0.23557750594495752,0.1812195865548265
monotone_conditional_survival_shared_mlp,20260821,arm,81,166,61,105,0.3674698795180723,0.7622170179547229,0.6678334506857158,0.19173537658897505,0.11296864571242922,False,,0.23451793698774479,0.18242766821288137
monotone_conditional_survival_shared_mlp,20260821,arm,82,164,60,104,0.36585365853658536,0.7594551282051282,0.6682050620788831,0.19162247305123423,0.09202652404014712,False,,0.234214988652722,0.18185221981946276
monotone_conditional_survival_shared_mlp,20260821,arm,83,161,59,102,0.36645962732919257,0.7608840146227983,0.6704080898531923,0.191870289371206,0.10478173795960981,False,,0.23471200905917994,0.18252887809064722
monotone_conditional_survival_shared_mlp,20260821,arm,84,160,59,101,0.36875,0.7586843430105722,0.6706730862129502,0.19372357049725966,0.08429186409556264,False,,0.23574425320338244,0.17824690161108825
monotone_conditional_survival_shared_mlp,20260821,arm,85,158,59,99,0.37341772151898733,0.7608286252354048,0.6746922977570821,0.19493370597410453,0.0930146267213251,False,,0.23768789556962025,0.1798753339670709
monotone_conditional_survival_shared_mlp,20260821,arm,86,154,58,96,0.37662337662337664,0.7607758620689655,0.6773202699880144,0.19609589061143273,0.09007480767336339,False,,0.23901611634451145,0.1795704255825772
monotone_conditional_survival_shared_mlp,20260821,arm,87,152,57,95,0.375,0.7558633425669437,0.6699071472361852,0.19790335575593784,0.08916826117927647,False,,0.23858231808496275,0.1705028379954734
monotone_conditional_survival_shared_mlp,20260821,arm,88,146,53,93,0.363013698630137,0.7384865084195578,0.6325178605566889,0.20409386519406703,0.09350756128791822,False,,0.23427553988856942,0.1288298159887198
monotone_conditional_survival_shared_mlp,20260821,arm,89,143,53,90,0.3706293706293706,0.7431865828092243,0.6432362419486535,0.20513823727273248,0.09436011454907,False,,0.23745541655576263,0.13609788208575557
monotone_conditional_survival_shared_mlp,20260821,arm,90,141,51,90,0.3617021276595745,0.7468409586056645,0.6388625958330206,0.20111019437074815,0.0941072757950615,False,,0.23367858184251059,0.13937258269442998
monotone_conditional_survival_shared_mlp,20260821,arm,91,139,48,91,0.34532374100719426,0.7671703296703297,0.6488441474664135,0.186869358792623,0.08466817892352856,False,,0.22768772473617443,0.17927345881666812
monotone_conditional_survival_shared_mlp,20260821,arm,92,135,46,89,0.34074074074074073,0.7591597459697118,0.6335866098012259,0.18917920545358327,0.09499628942002232,False,,0.22591388888888897,0.1626048031662758
monotone_conditional_survival_shared_mlp,20260821,arm,93,132,43,89,0.32575757575757575,0.7737130911941469,0.6392804437734825,0.1789775033794745,0.09874796081326735,False,,0.22028571160860058,0.1875210513086828
monotone_conditional_survival_shared_mlp,20260821,arm,94,130,42,88,0.3230769230769231,0.7673160173160173,0.6300553773891657,0.18095873875578225,0.09827478418773136,False,,0.21924286683869443,0.1746197202898251
monotone_conditional_survival_shared_mlp,20260821,arm,95,126,41,85,0.3253968253968254,0.7644189383070301,0.6367377018716193,0.18274266557561405,0.10380490573265085,False,,0.22039710651866717,0.17084816374331058
monotone_conditional_survival_shared_mlp,20260821,arm,96,126,41,85,0.3253968253968254,0.7566714490674319,0.6267815875640985,0.18638703155228048,0.13612489812440415,False,,0.22045904015254894,0.1545502900524831
monotone_conditional_survival_shared_mlp,20260821,arm,97,126,41,85,0.3253968253968254,0.7566714490674319,0.6267815875640985,0.18638123114534408,0.13604298089091077,False,,0.2205504616828349,0.15492704153405168
monotone_conditional_survival_shared_mlp,20260821,arm,98,125,40,85,0.32,0.7511764705882353,0.6154590607290198,0.18677168898634455,0.13401146431130875,False,,0.218540903926272,0.14536965103175958
monotone_conditional_survival_shared_mlp,20260821,arm,99,123,40,83,0.3252032520325203,0.7575301204819277,0.6281606828143633,0.1867580723362011,0.13807346859882536,False,,0.22095226188541764,0.15475826885605326
monotone_conditional_survival_shared_mlp,20260821,gripper,1,337,314,23,0.9317507418397626,0.8330102464691221,0.9824191355222273,0.0670587857313061,0.05204846301060123,False,,0.06359143714417013,-0.054525400633343546
monotone_conditional_survival_shared_mlp,20260821,gripper,2,335,296,39,0.8835820895522388,0.8655578655578655,0.9810243760343396,0.09147488685670947,0.06563700483591678,False,,0.10286703637014291,0.11074635680609535
monotone_conditional_survival_shared_mlp,20260821,gripper,3,332,280,52,0.8433734939759037,0.8688873626373627,0.9743567981409882,0.10412480792014406,0.05355217381132484,False,,0.13213446701087386,0.2119784468379835
monotone_conditional_survival_shared_mlp,20260821,gripper,4,330,272,58,0.8242424242424242,0.8845715010141988,0.9745679913993675,0.10569893487677058,0.054843296778722496,False,,0.14490395122572794,0.2705586425858375
monotone_conditional_survival_shared_mlp,20260821,gripper,5,330,265,65,0.803030303030303,0.9075181422351234,0.9766650324866848,0.09695578469654867,0.041988007895691855,False,,0.15840004540146527,0.3879055750848176
monotone_conditional_survival_shared_mlp,20260821,gripper,6,329,256,73,0.7781155015197568,0.9010595034246576,0.9696462015640293,0.103547613749326,0.04512025730368271,False,,0.17297166030970518,0.40136081503799903
monotone_conditional_survival_shared_mlp,20260821,gripper,7,328,251,77,0.7652439024390244,0.9170590365809489,0.9725159552535716,0.09913718426373348,0.05781907239420969,False,,0.18042107651701325,0.45052326381399743
monotone_conditional_survival_shared_mlp,20260821,gripper,8,325,246,79,0.7569230769230769,0.9118040547494083,0.9654266279159622,0.09938707691911364,0.06181608574920746,False,,0.1857628908801514,0.464978842393042
monotone_conditional_survival_shared_mlp,20260821,gripper,9,325,239,86,0.7353846153846154,0.9199669164152963,0.9638976394579971,0.09369999227404333,0.048424034759152995,False,,0.1965488895963183,0.5232738660264683
monotone_conditional_survival_shared_mlp,20260821,gripper,10,324,232,92,0.7160493827160493,0.912856071964018,0.9580264896926604,0.11026325757426902,0.05903587904579499,False,,0.20466237500562065,0.461243144611994
monotone_conditional_survival_shared_mlp,20260821,gripper,11,322,228,94,0.7080745341614907,0.9158734602463606,0.9593643333628772,0.10669699910878551,0.04470622849867222,False,,0.20845816814296314,0.48816110177265204
monotone_conditional_survival_shared_mlp,20260821,gripper,12,321,225,96,0.7009345794392523,0.9097685185185185,0.9551826155113071,0.11101081528252443,0.05286844514312306,False,,0.21237493640592467,0.47728852961093793
monotone_conditional_survival_shared_mlp,20260821,gripper,13,318,212,106,0.6666666666666666,0.9000088999644001,0.9325250586339188,0.11900245263302212,0.046625908065274384,False,,0.2233607429740432,0.46721858528715854
monotone_conditional_survival_shared_mlp,20260821,gripper,14,315,205,110,0.6507936507936508,0.8917516629711751,0.9219796261050077,0.12461297770120326,0.04580702389692302,False,,0.22807983857763173,0.453643169522024
monotone_conditional_survival_shared_mlp,20260821,gripper,15,314,193,121,0.6146496815286624,0.9088339827859375,0.9232842794704729,0.11317693521227172,0.02706041750451467,False,,0.23700370996502057,0.5224676642024906
monotone_conditional_survival_shared_mlp,20260821,gripper,16,312,184,128,0.5897435897435898,0.9076936141304348,0.9184095710547185,0.11795985103517609,0.07664005393732458,False,,0.24215488744748753,0.5128743744197347
monotone_conditional_survival_shared_mlp,20260821,gripper,17,311,176,135,0.5659163987138264,0.9132154882154883,0.9116623937015949,0.11248027383715174,0.06832272720315596,False,,0.2458035169425484,0.5423976221485809
monotone_conditional_survival_shared_mlp,20260821,gripper,18,309,160,149,0.517799352750809,0.9142197986577181,0.8977532494734917,0.11660534945677359,0.05258522693274912,False,,0.24975347938457917,0.533118218236229
monotone_conditional_survival_shared_mlp,20260821,gripper,19,309,153,156,0.49514563106796117,0.9270990447461036,0.9222705256349331,0.10406493522391308,0.029683853487788035,False,,0.2500673964534471,0.5838524465811922
monotone_conditional_survival_shared_mlp,20260821,gripper,20,306,146,160,0.477124183006536,0.9289811643835616,0.9205162181989767,0.10357128436349704,0.030441655607312563,False,,0.24948029994457863,0.5848518524849252
monotone_conditional_survival_shared_mlp,20260821,gripper,21,306,145,161,0.4738562091503268,0.9284215035339473,0.9178374785658291,0.10296181889533926,0.0354970997712891,False,,0.24956314376995264,0.5874317924514949
monotone_conditional_survival_shared_mlp,20260821,gripper,22,306,138,168,0.45098039215686275,0.9150276052449966,0.8943230584996363,0.113586079187235,0.024727593001666978,False,,0.24774822689478582,0.5415261670652725
monotone_conditional_survival_shared_mlp,20260821,gripper,23,305,126,179,0.4131147540983607,0.9183293429103485,0.8892853529561895,0.11056406170783005,0.040626161644146674,False,,0.2425088686855028,0.5440823986886234
monotone_conditional_survival_shared_mlp,20260821,gripper,24,303,117,186,0.38613861386138615,0.9190331770976933,0.8744094869837313,0.11140143113876269,0.05570926529491703,False,,0.2370976651430015,0.5301453893627641
monotone_conditional_survival_shared_mlp,20260821,gripper,25,300,114,186,0.38,0.9200622524052066,0.8823885726250469,0.1097970609535912,0.06054635909031603,False,,0.23566731470532218,0.5341014468175989
monotone_conditional_survival_shared_mlp,20260821,gripper,26,296,107,189,0.3614864864864865,0.9296345744943876,0.890284147993221,0.10121672882382719,0.05170733316121605,False,,0.23083555418203433,0.561520194830954
monotone_conditional_survival_shared_mlp,20260821,gripper,27,294,104,190,0.35374149659863946,0.9243927125506073,0.8799376271118298,0.10592579693054659,0.05207875358822931,False,,0.22860850979080902,0.5366498078856501
monotone_conditional_survival_shared_mlp,20260821,gripper,28,291,97,194,0.3333333333333333,0.9049845892230843,0.8517689441487268,0.11207499590918739,0.06824807686883512,False,,0.2222491229459893,0.49572356271379436
monotone_conditional_survival_shared_mlp,20260821,gripper,29,289,92,197,0.31833910034602075,0.9016773339218715,0.845487259008492,0.11188226686876991,0.07503022134891772,False,,0.21703613741666608,0.4844993640207562
monotone_conditional_survival_shared_mlp,20260821,gripper,30,289,88,201,0.3044982698961938,0.8947308909995477,0.8235121070115651,0.11593845867763525,0.08600192994973016,False,,0.2118106692432871,0.45263163988935995
monotone_conditional_survival_shared_mlp,20260821,gripper,31,288,81,207,0.28125,0.9022484642452436,0.8041312882875971,0.11042734016575263,0.08348611709920682,False,,0.20226550194733045,0.45404758051866057
monotone_conditional_survival_shared_mlp,20260821,gripper,32,287,81,206,0.28222996515679444,0.9003955411722402,0.8012272525912029,0.11030364171010755,0.0802315719763459,False,,0.20259254553106232,0.455539484826724
monotone_conditional_survival_shared_mlp,20260821,gripper,33,284,74,210,0.2605633802816901,0.9086872586872586,0.7647284201294674,0.10671994093000227,0.07796516432197,False,,0.19274340898920336,0.4463108155569654
monotone_conditional_survival_shared_mlp,20260821,gripper,34,284,70,214,0.24647887323943662,0.9090787716955941,0.7580779225907238,0.10717385550705691,0.0879771211712738,False,,0.1857728771101695,0.423092018736948
monotone_conditional_survival_shared_mlp,20260821,gripper,35,283,67,216,0.23674911660777384,0.8978717523493643,0.7550280225011134,0.10054049080494608,0.05147913062748276,False,,0.18075380150982343,0.44377108550338284
monotone_conditional_survival_shared_mlp,20260821,gripper,36,281,63,218,0.22419928825622776,0.9135721566914228,0.7676737964696074,0.09203834458387145,0.04607925570635342,False,,0.17393546464784382,0.47084773786521517
monotone_conditional_survival_shared_mlp,20260821,gripper,37,280,55,225,0.19642857142857142,0.9358383838383838,0.7895220721284936,0.07774771476046966,0.05940194644047445,False,,0.1579790302921381,0.5078605393595785
monotone_conditional_survival_shared_mlp,20260821,gripper,38,277,54,223,0.19494584837545126,0.9405414382992858,0.7942829976638427,0.07509576044483479,0.0577230062744799,False,,0.15701879550748443,0.5217403101194005
monotone_conditional_survival_shared_mlp,20260821,gripper,39,274,50,224,0.18248175182481752,0.936875,0.7816567819431218,0.0716679929052879,0.045483257551464935,False,,0.14918793380136858,0.5196126718886802
monotone_conditional_survival_shared_mlp,20260821,gripper,40,270,49,221,0.1814814814814815,0.9335118662849755,0.7618275267333066,0.07382010895199322,0.0438848694652214,False,,0.14854626292991213,0.5030497065629755
monotone_conditional_survival_shared_mlp,20260821,gripper,41,267,46,221,0.17228464419475656,0.9503246114499312,0.7832909279515915,0.06489618066857046,0.04474078524682663,False,,0.14260887997369084,0.5449359066522168
monotone_conditional_survival_shared_mlp,20260821,gripper,42,264,44,220,0.16666666666666666,0.9523760330578512,0.7955369713574091,0.06309484167508997,0.037697666988695595,False,,0.13891587867913816,0.5458054019812689
monotone_conditional_survival_shared_mlp,20260821,gripper,43,259,43,216,0.16602316602316602,0.9482127476313523,0.7748043701225363,0.06658882012341906,0.03952164712416301,False,,0.1384606105118926,0.5190775204786516
monotone_conditional_survival_shared_mlp,20260821,gripper,44,256,38,218,0.1484375,0.9406084017382906,0.722195462233402,0.0699764857919218,0.05346162143783491,False,,0.12650483978825405,0.4468473624483488
monotone_conditional_survival_shared_mlp,20260821,gripper,45,252,38,214,0.15079365079365079,0.9350713231677324,0.7300533414834688,0.0700599702089157,0.042367733462717445,False,,0.1280791197208624,0.45299459926328756
monotone_conditional_survival_shared_mlp,20260821,gripper,46,248,38,210,0.1532258064516129,0.9338345864661655,0.728156988446251,0.07099829093515841,0.05424892278267117,False,,0.1297503922025234,0.45280866030570943
monotone_conditional_survival_shared_mlp,20260821,gripper,47,245,35,210,0.14285714285714285,0.9497959183673469,0.7518786112863884,0.06420794037037121,0.057619705862942815,False,,0.12256517119244395,0.476132250739029
monotone_conditional_survival_shared_mlp,20260821,gripper,48,244,33,211,0.13524590163934427,0.9498779261812437,0.7501085190139118,0.06490753454377168,0.06279602653041251,False,,0.11726565029519984,0.4464914970379129
monotone_conditional_survival_shared_mlp,20260821,gripper,49,242,31,211,0.128099173553719,0.9597920807216022,0.7580613094262519,0.06330396448545762,0.06940428348475249,False,,0.11211649845665764,0.43537333615596396
monotone_conditional_survival_shared_mlp,20260821,gripper,50,238,31,207,0.13025210084033614,0.9608851488234378,0.7692723337209199,0.06089246014963023,0.0647296787542783,False,,0.1136975757827116,0.464434841900215
monotone_conditional_survival_shared_mlp,20260821,gripper,51,232,31,201,0.1336206896551724,0.9618038838067726,0.7767031500912104,0.058988282846426425,0.04998877272601974,False,,0.11606659653821398,0.49177209803851696
monotone_conditional_survival_shared_mlp,20260821,gripper,52,229,30,199,0.13100436681222707,0.9597989949748744,0.7718796343157516,0.061652167012621,0.05388345954813979,False,,0.11421835145889767,0.46022538212865904
monotone_conditional_survival_shared_mlp,20260821,gripper,53,224,30,194,0.13392857142857142,0.959106529209622,0.7723429137263994,0.06280591700138373,0.05388253238533434,False,,0.11622311335421984,0.45960906407689717
monotone_conditional_survival_shared_mlp,20260821,gripper,54,219,29,190,0.1324200913242009,0.9522686025408349,0.743829638938641,0.06515971553913258,0.05452504656586912,False,,0.11513058232698564,0.4340364287043158
monotone_conditional_survival_shared_mlp,20260821,gripper,55,219,29,190,0.1324200913242009,0.9537205081669692,0.7544640507067678,0.06403999987132311,0.052968001196544934,False,,0.11509885285257244,0.44360870430784816
monotone_conditional_survival_shared_mlp,20260821,gripper,56,217,29,188,0.1336405529953917,0.952494497432135,0.7534462240083604,0.06472738048468459,0.050621319265674806,False,,0.11586710086244759,0.4413653228320079
monotone_conditional_survival_shared_mlp,20260821,gripper,57,216,29,187,0.13425925925925927,0.9522404573114512,0.7534462240083604,0.06482837965366503,0.050971721781183636,False,,0.11626691351088787,0.442417643196539
monotone_conditional_survival_shared_mlp,20260821,gripper,58,211,29,182,0.13744075829383887,0.9499810534293293,0.7494775196930268,0.06617247245175116,0.05643008087351994,False,,0.11855624825682844,0.4418474485764621
monotone_conditional_survival_shared_mlp,20260821,gripper,59,209,28,181,0.1339712918660287,0.9488950276243094,0.7443427654668308,0.06402706349834011,0.04926538771779422,False,,0.11604808034517085,0.44827123974908134
monotone_conditional_survival_shared_mlp,20260821,gripper,60,208,28,180,0.1346153846153846,0.9486111111111111,0.7443427654668308,0.06432353550020581,0.04943193515064405,False,,0.11660457844761679,0.4483618365885831
monotone_conditional_survival_shared_mlp,20260821,gripper,61,206,28,178,0.13592233009708737,0.9470304975922953,0.7413909038000316,0.06344854384685816,0.04928704517154419,False,,0.11771027476025295,0.4609770134672837
monotone_conditional_survival_shared_mlp,20260821,gripper,62,205,28,177,0.13658536585365855,0.9469330104923325,0.7415378329801667,0.06374661273022515,0.04928614806866171,False,,0.11833897007471905,0.46132189007580826
monotone_conditional_survival_shared_mlp,20260821,gripper,63,201,27,174,0.13432835820895522,0.955725840783312,0.7516196402963372,0.05850790601718859,0.048713340245486694,False,,0.1167945679426601,0.49905284939353645
monotone_conditional_survival_shared_mlp,20260821,gripper,64,198,26,172,0.13131313131313133,0.9568425760286225,0.7444208842731359,0.05801829776184066,0.04199725622869319,False,,0.11468608006057224,0.49411212126878956
monotone_conditional_survival_shared_mlp,20260821,gripper,65,197,23,174,0.116751269035533,0.9585207396301849,0.7392936268963897,0.05365692849991313,0.03475412566542336,False,,0.10340681121037314,0.48110837311526533
monotone_conditional_survival_shared_mlp,20260821,gripper,66,195,23,172,0.11794871794871795,0.9557633973710818,0.7172575100753036,0.055490180038119556,0.052193572098547185,False,,0.10447413428302679,0.46886202581211844
monotone_conditional_survival_shared_mlp,20260821,gripper,67,193,21,172,0.10880829015544041,0.9482281284606866,0.6219297487950739,0.058707389167912384,0.060933010692668696,False,,0.09730480633277068,0.3966650633151645
monotone_conditional_survival_shared_mlp,20260821,gripper,68,191,20,171,0.10471204188481675,0.9511695906432749,0.6281489045249835,0.05600451930798473,0.05386891744530796,False,,0.09414767658834398,0.4051417800477255
monotone_conditional_survival_shared_mlp,20260821,gripper,69,191,19,172,0.09947643979057591,0.9476744186046512,0.6085957652337907,0.05702724723932486,0.0486225384985108,False,,0.08989326299428277,0.36561155597442485
monotone_conditional_survival_shared_mlp,20260821,gripper,70,188,19,169,0.10106382978723404,0.950482715664902,0.6162493701582497,0.055701778298966116,0.043931876960210475,False,,0.09140209737368363,0.3905853377604911
monotone_conditional_survival_shared_mlp,20260821,gripper,71,188,16,172,0.0851063829787234,0.9458575581395349,0.5996963039801915,0.05302064140409467,0.04170923010082176,False,,0.07805870452969811,0.32075939866613457
monotone_conditional_survival_shared_mlp,20260821,gripper,72,187,14,173,0.0748663101604278,0.9434351775392238,0.5831339269886978,0.050847036156701865,0.04365050069029719,False,,0.06933959246521793,0.26669548595619863
monotone_conditional_survival_shared_mlp,20260821,gripper,73,186,13,173,0.06989247311827956,0.9359715429079591,0.5118334041322952,0.05218519192096471,0.04396384392669099,False,,0.06505453345878505,0.19782390025091234
monotone_conditional_survival_shared_mlp,20260821,gripper,74,184,11,173,0.059782608695652176,0.9169732002101945,0.3841232912766795,0.057667033576072425,0.056419595456320415,False,,0.05624440005309801,-0.0252937807431739
monotone_conditional_survival_shared_mlp,20260821,gripper,75,181,10,171,0.055248618784530384,0.9216374269005848,0.39330347335243293,0.055190973047717105,0.059961846904212336,False,,0.05220174030923229,-0.057263085881375186
monotone_conditional_survival_shared_mlp,20260821,gripper,76,177,10,167,0.05649717514124294,0.9251497005988024,0.41124251234545356,0.051602025548961226,0.054063234989149014,False,,0.05337068486751734,0.033139153506208
monotone_conditional_survival_shared_mlp,20260821,gripper,77,175,9,166,0.05142857142857143,0.9337349397590361,0.5605535713378851,0.036505274067051514,0.047034336538238686,False,,0.04888753928609386,0.2532805986936737
monotone_conditional_survival_shared_mlp,20260821,gripper,78,172,7,165,0.040697674418604654,0.9134199134199135,0.49989193001615373,0.03111774170014217,0.03301459588423086,False,,0.03908027807985544,0.2037482016745854
monotone_conditional_survival_shared_mlp,20260821,gripper,79,170,5,165,0.029411764705882353,0.9442424242424242,0.6164835164835164,0.021213702156071577,0.03341181918397671,False,,0.028551777572927938,0.2570094067913353
monotone_conditional_survival_shared_mlp,20260821,gripper,80,167,4,163,0.023952095808383235,0.9248466257668712,0.3158831908831909,0.024950502368138044,0.037777872268259835,False,,0.023424586241740552,-0.06514164692815116
monotone_conditional_survival_shared_mlp,20260821,gripper,81,166,1,165,0.006024096385542169,0.8484848484848485,0.038461538461538464,0.01965883259073916,0.036483966555343424,False,,0.006106164003498107,-2.219506154678614
monotone_conditional_survival_shared_mlp,20260821,gripper,82,164,1,163,0.006097560975609756,0.852760736196319,0.04,0.017556048341635398,0.03182325588182146,False,,0.006169909216549052,-1.8454305769274888
monotone_conditional_survival_shared_mlp,20260821,gripper,83,161,1,160,0.006211180124223602,0.85625,0.041666666666666664,0.017730464480391738,0.03163697202880331,False,,0.006197849728804866,-1.8607444930438333
monotone_conditional_survival_shared_mlp,20260821,gripper,84,160,1,159,0.00625,0.8679245283018868,0.045454545454545456,0.013298040745100229,0.023340318500708463,False,,0.0062380098933751595,-1.1317761549597583
monotone_conditional_survival_shared_mlp,20260821,gripper,85,158,1,157,0.006329113924050633,0.8662420382165605,0.045454545454545456,0.013441282999365048,0.023614446393137103,False,,0.0062947770262406656,-1.1353072465209118
monotone_conditional_survival_shared_mlp,20260821,gripper,86,154,1,153,0.006493506493506494,0.869281045751634,0.047619047619047616,0.013596061027784205,0.02311462032976253,False,,0.0064522271719518855,-1.1071888303757933
monotone_conditional_survival_shared_mlp,20260821,gripper,87,152,1,151,0.006578947368421052,0.8675496688741722,0.047619047619047616,0.013778146639323474,0.023503459288875084,False,,0.006539827927462256,-1.1068056823736656
monotone_conditional_survival_shared_mlp,20260821,gripper,88,146,1,145,0.00684931506849315,0.8827586206896552,0.05555555555555555,0.014258251779564319,0.025874501168792707,False,,0.006811349769706005,-1.0933078261490805
monotone_conditional_survival_shared_mlp,20260821,gripper,89,143,1,142,0.006993006993006993,0.8943661971830986,0.0625,0.014458282289153867,0.027766445656855727,False,,0.006958971670390357,-1.0776463785119623
monotone_conditional_survival_shared_mlp,20260821,gripper,90,141,1,140,0.0070921985815602835,0.9,0.06666666666666667,0.013595572928804785,0.024630329537452526,False,,0.007063861877536558,-0.9246657373128151
monotone_conditional_survival_shared_mlp,20260821,gripper,91,139,1,138,0.007194244604316547,0.8913043478260869,0.0625,0.01384218659506619,0.025039030545437827,False,,0.007164890734978138,-0.9319466419062461
monotone_conditional_survival_shared_mlp,20260821,gripper,92,135,0,135,0.0,,,0.0074274737157474235,0.024850715774499977,True,one_label_class,6.944444444444447e-07,-10694.562150676285
monotone_conditional_survival_shared_mlp,20260821,gripper,93,132,0,132,0.0,,,0.007580862351655339,0.02536147935370828,True,one_label_class,7.157560817794269e-07,-10590.404732194114
monotone_conditional_survival_shared_mlp,20260821,gripper,94,130,0,130,0.0,,,0.007630776661431368,0.02558356103789825,True,one_label_class,7.548303481051114e-07,-10108.26055184094
monotone_conditional_survival_shared_mlp,20260821,gripper,95,126,0,126,0.0,,,0.007853468364048613,0.02630548420699793,True,one_label_class,7.790048835816154e-07,-10080.410950777197
monotone_conditional_survival_shared_mlp,20260821,gripper,96,126,0,126,0.0,,,0.0054766242993072875,0.019366393290485662,True,one_label_class,8.219567667179844e-07,-6661.910412155938
monotone_conditional_survival_shared_mlp,20260821,gripper,97,126,0,126,0.0,,,0.005467626693492264,0.019345822446738707,True,one_label_class,8.447772491349479e-07,-6471.270292661308
monotone_conditional_survival_shared_mlp,20260821,gripper,98,125,0,125,0.0,,,0.005481323402898917,0.019425984345204747,True,one_label_class,0.0,
monotone_conditional_survival_shared_mlp,20260821,gripper,99,123,0,123,0.0,,,0.005485660175045682,0.018704966641731,True,one_label_class,0.0,
monotone_conditional_survival_shared_mlp,20260822,arm,1,337,337,0,1.0,,,0.0002394158467461987,0.004690450380255657,True,one_label_class,0.0,
monotone_conditional_survival_shared_mlp,20260822,arm,2,335,335,0,1.0,,,0.0009754649573464842,0.007046112543790507,True,one_label_class,1.0971696205580633e-07,-8889.739764106162
monotone_conditional_survival_shared_mlp,20260822,arm,3,332,331,1,0.9969879518072289,0.8912386706948641,0.9996537989589636,0.004108765863356101,0.006514069134973785,False,,0.003004796264678611,-0.36740247971373496
monotone_conditional_survival_shared_mlp,20260822,arm,4,330,329,1,0.996969696969697,0.8480243161094225,0.9995014201026834,0.0049823919092974595,0.010888410363837869,False,,0.003022871542024776,-0.6482314382304715
monotone_conditional_survival_shared_mlp,20260822,arm,5,330,328,2,0.9939393939393939,0.5838414634146342,0.9960758153259738,0.008033107679571716,0.008230247239639462,False,,0.006024325535756637,-0.3334451519746404
monotone_conditional_survival_shared_mlp,20260822,arm,6,329,325,4,0.9878419452887538,0.5684615384615385,0.9906685589177764,0.013880805795896753,0.008632991385143285,False,,0.01201067190430174,-0.15570601765628167
monotone_conditional_survival_shared_mlp,20260822,arm,7,328,323,5,0.9847560975609756,0.5659442724458205,0.9873873197601527,0.02024017228064649,0.020494946481059942,False,,0.015017613294873156,-0.34776224978147874
monotone_conditional_survival_shared_mlp,20260822,arm,8,325,318,7,0.9784615384615385,0.6828391734052112,0.9867620316073571,0.027600324007907216,0.03169125180860615,False,,0.021126667479450995,-0.30642109242988136
monotone_conditional_survival_shared_mlp,20260822,arm,9,325,311,14,0.9569230769230769,0.6715663757464401,0.9761580987028472,0.04638439879696799,0.04455962880191094,False,,0.04122266349263274,-0.12521595809202757
monotone_conditional_survival_shared_mlp,20260822,arm,10,324,303,21,0.9351851851851852,0.6588087380166588,0.9622436191670773,0.06421653167156807,0.04955109922030092,False,,0.060791990770155735,-0.0563321065493636
monotone_conditional_survival_shared_mlp,20260822,arm,11,322,296,26,0.9192546583850931,0.6596933471933472,0.948042116617804,0.07604018447990837,0.054741738339697095,False,,0.07468134188682278,-0.018195208585631395
monotone_conditional_survival_shared_mlp,20260822,arm,12,321,291,30,0.9065420560747663,0.7698739977090493,0.9627205115897013,0.07660861161133536,0.022395982284413345,False,,0.08526306577824339,0.10150296717475504
monotone_conditional_survival_shared_mlp,20260822,arm,13,318,278,40,0.8742138364779874,0.72931654676259,0.9374639008278592,0.1004982236181346,0.0434866744214551,False,,0.11188460825401847,0.10176899945015372
monotone_conditional_survival_shared_mlp,20260822,arm,14,315,271,44,0.8603174603174604,0.7246729285474673,0.9285705456762819,0.10926004233843978,0.052813909665510285,False,,0.12225693558849185,0.10630802406007211
monotone_conditional_survival_shared_mlp,20260822,arm,15,314,266,48,0.8471337579617835,0.7203164160401002,0.9209273193350155,0.12130921838234307,0.06267832520097537,False,,0.13137526221823445,0.07662054229943338
monotone_conditional_survival_shared_mlp,20260822,arm,16,312,262,50,0.8397435897435898,0.7345801526717557,0.9203161604855314,0.12291943861035694,0.05683327163404689,False,,0.13616860960986754,0.09729974505482863
monotone_conditional_survival_shared_mlp,20260822,arm,17,311,259,52,0.8327974276527331,0.7123552123552124,0.9062170321833863,0.129455179039731,0.06351827774943156,False,,0.14052901066773527,0.07880103599524424
monotone_conditional_survival_shared_mlp,20260822,arm,18,309,257,52,0.8317152103559871,0.7013618677042801,0.9034736506546023,0.13461589813579103,0.06362180288410454,False,,0.14047852592407148,0.04173326670191002
monotone_conditional_survival_shared_mlp,20260822,arm,19,309,255,54,0.8252427184466019,0.7010167029774873,0.8990521096637301,0.13498703782672605,0.06363862232786505,False,,0.14465560902375854,0.06683855028009666
monotone_conditional_survival_shared_mlp,20260822,arm,20,306,250,56,0.8169934640522876,0.6845714285714286,0.8882184679044411,0.1432214641454612,0.06310112364154662,False,,0.14998623109982123,0.04510258644913778
monotone_conditional_survival_shared_mlp,20260822,arm,21,306,247,59,0.8071895424836601,0.6903177108351061,0.8844674736740367,0.14702826044713865,0.06734115604783834,False,,0.15614105014125432,0.05836254902776494
monotone_conditional_survival_shared_mlp,20260822,arm,22,306,245,61,0.8006535947712419,0.6819672131147541,0.8760724904616226,0.15281171413355785,0.07946653079189833,False,,0.15997048742241848,0.04475058746278093
monotone_conditional_survival_shared_mlp,20260822,arm,23,305,238,67,0.780327868852459,0.6940925623980936,0.871458573900126,0.1631577546305327,0.07156445405738163,False,,0.17229128530054183,0.05301214541453314
monotone_conditional_survival_shared_mlp,20260822,arm,24,303,233,70,0.768976897689769,0.69773145309626,0.8671356263487688,0.16907242776455336,0.07818026119613332,False,,0.17862765779020476,0.053492444248884774
monotone_conditional_survival_shared_mlp,20260822,arm,25,300,227,73,0.7566666666666667,0.6914489167823306,0.8547609871230312,0.17357569890050636,0.08324788145363043,False,,0.18537679386254033,0.06366004458349117
monotone_conditional_survival_shared_mlp,20260822,arm,26,296,219,77,0.7398648648648649,0.7085927770859277,0.8573187457175494,0.17888038722403304,0.0802272764510008,False,,0.19401181586952818,0.07799230463195561
monotone_conditional_survival_shared_mlp,20260822,arm,27,294,214,80,0.7278911564625851,0.7001752336448598,0.8418263373415279,0.18505779289336402,0.08698095877300757,False,,0.19980111624891983,0.07378999493270111
monotone_conditional_survival_shared_mlp,20260822,arm,28,291,208,83,0.7147766323024055,0.6897011121408712,0.8329592079752804,0.19500617281949256,0.09910673642670607,False,,0.205568487434641,0.051381000789367914
monotone_conditional_survival_shared_mlp,20260822,arm,29,289,206,83,0.71280276816609,0.6880336881506609,0.8318450101426198,0.20472249651110316,0.12105898965320645,False,,0.2059465129149699,0.0059433703758416945
monotone_conditional_survival_shared_mlp,20260822,arm,30,289,200,89,0.6920415224913494,0.6820786516853933,0.812108742075517,0.20947983379734988,0.12793179597972168,False,,0.21519484327673813,0.026557371879208147
monotone_conditional_survival_shared_mlp,20260822,arm,31,288,196,92,0.6805555555555556,0.669310115350488,0.7872641008030503,0.216131065959558,0.13009062334757465,False,,0.21930260462977857,0.014461928874828889
monotone_conditional_survival_shared_mlp,20260822,arm,32,287,194,93,0.6759581881533101,0.6668883715774304,0.7831777175283623,0.21889332704139988,0.12955884838953796,False,,0.2207107478502448,0.008234401027348515
monotone_conditional_survival_shared_mlp,20260822,arm,33,284,187,97,0.6584507042253521,0.6500358343899885,0.762156505888226,0.23139621566198712,0.13241582026495954,False,,0.2275188474006327,-0.017041965119166003
monotone_conditional_survival_shared_mlp,20260822,arm,34,284,182,102,0.6408450704225352,0.6742620124973067,0.7891120764164208,0.2297796799718041,0.1293100305934015,False,,0.23412855849132957,0.018574746060662783
monotone_conditional_survival_shared_mlp,20260822,arm,35,283,179,104,0.6325088339222615,0.6719488611946712,0.7813475069122628,0.2317580422693216,0.12639852553212516,False,,0.23627333847444035,0.01911047701900237
monotone_conditional_survival_shared_mlp,20260822,arm,36,281,175,106,0.6227758007117438,0.6780053908355795,0.7794253480765309,0.23349662057752552,0.1253055675616993,False,,0.23934758713372956,0.024445479590044727
monotone_conditional_survival_shared_mlp,20260822,arm,37,280,173,107,0.6178571428571429,0.683053319647777,0.7786491679326628,0.2311398433559534,0.12257940867094747,False,,0.24016343054374698,0.03757269442464051
monotone_conditional_survival_shared_mlp,20260822,arm,38,277,167,110,0.6028880866425993,0.6829613500272183,0.7647775157013436,0.23489938940530503,0.130447995525769,False,,0.24459527893859329,0.039640542431411574
monotone_conditional_survival_shared_mlp,20260822,arm,39,274,164,110,0.5985401459854015,0.6804878048780488,0.7615340031791813,0.2368861935871684,0.1316070266663424,False,,0.24581881055496513,0.036338215727390044
monotone_conditional_survival_shared_mlp,20260822,arm,40,270,161,109,0.5962962962962963,0.6900108268277395,0.7608176202252944,0.23078173532713858,0.11598799197171976,False,,0.2452471856268681,0.058983144955383926
monotone_conditional_survival_shared_mlp,20260822,arm,41,267,159,108,0.5955056179775281,0.6991031912415561,0.7634196172186928,0.22522029706961347,0.11304171388474331,False,,0.24477517958980743,0.07988915605317459
monotone_conditional_survival_shared_mlp,20260822,arm,42,264,155,109,0.5871212121212122,0.7149452500739863,0.7734018748750816,0.22182801838958624,0.09930128857367061,False,,0.24589627668217406,0.09787971829966557
monotone_conditional_survival_shared_mlp,20260822,arm,43,259,153,106,0.5907335907335908,0.7127882599580713,0.7746719239891777,0.22167345164662897,0.1160194194800294,False,,0.24358215358215365,0.08994378944981074
monotone_conditional_survival_shared_mlp,20260822,arm,44,256,146,110,0.5703125,0.701494396014944,0.7488151164439208,0.22961346869960875,0.13344026872618153,False,,0.2471974872798964,0.07113348429944866
monotone_conditional_survival_shared_mlp,20260822,arm,45,252,143,109,0.5674603174603174,0.7088599473920575,0.75278650970137,0.2276162556807095,0.13662370612486122,False,,0.24701008607493533,0.07851432588198981
monotone_conditional_survival_shared_mlp,20260822,arm,46,248,137,111,0.5524193548387096,0.7019793516143881,0.7368904796901552,0.2321709174834334,0.13832883409903077,False,,0.24840636013022163,0.06535840160564788
monotone_conditional_survival_shared_mlp,20260822,arm,47,245,131,114,0.5346938775510204,0.6949912950314718,0.721571352958345,0.24032707023561725,0.1574209818817954,False,,0.25049502867262613,0.040591458005729386
monotone_conditional_survival_shared_mlp,20260822,arm,48,244,127,117,0.5204918032786885,0.6830876909617067,0.6886239289360605,0.24405513180121458,0.14024477055227838,False,,0.2511999252590032,0.02844265757810993
monotone_conditional_survival_shared_mlp,20260822,arm,49,242,122,120,0.5041322314049587,0.6870901639344262,0.676645311805408,0.2414259603815738,0.14294644040131713,False,,0.25199945364392295,0.041958397565772465
monotone_conditional_survival_shared_mlp,20260822,arm,50,238,114,124,0.4789915966386555,0.6844934917940011,0.6598753036734184,0.24516629311467947,0.15491174766676727,False,,0.25253603535914615,0.029182933176193027
monotone_conditional_survival_shared_mlp,20260822,arm,51,232,108,124,0.46551724137931033,0.7047491039426523,0.6657523351051701,0.2360948852313832,0.14581005898170402,False,,0.2519718401668731,0.06301083059509771
monotone_conditional_survival_shared_mlp,20260822,arm,52,229,106,123,0.462882096069869,0.7111520171805492,0.6673800197673507,0.2319277817824307,0.13610109686419594,False,,0.2505661906732054,0.07438517080336415
monotone_conditional_survival_shared_mlp,20260822,arm,53,224,104,120,0.4642857142857143,0.7108173076923077,0.6805797610363862,0.23146908165682353,0.12855959614621812,False,,0.24966444408645325,0.07287926999861083
monotone_conditional_survival_shared_mlp,20260822,arm,54,219,100,119,0.45662100456621,0.7135294117647059,0.6749676826020164,0.22998169090515752,0.1333315605533791,False,,0.24895527193982547,0.07621281078656583
monotone_conditional_survival_shared_mlp,20260822,arm,55,219,99,120,0.4520547945205479,0.7175084175084175,0.6729733835174355,0.22853078874207244,0.13172575277046886,False,,0.24830932196979622,0.07965280187962331
monotone_conditional_survival_shared_mlp,20260822,arm,56,217,95,122,0.4377880184331797,0.7147540983606557,0.6674095896079558,0.2291573690815076,0.1384181573446651,False,,0.2467231406746477,0.0711962872437003
monotone_conditional_survival_shared_mlp,20260822,arm,57,216,93,123,0.4305555555555556,0.7181571815718157,0.6655494920992716,0.2282342493900609,0.14018964531042702,False,,0.24567182629589382,0.07097914795012195
monotone_conditional_survival_shared_mlp,20260822,arm,58,211,91,120,0.4312796208530806,0.7124542124542125,0.6612394965891515,0.23164088177575734,0.14607097299743318,False,,0.2453854941634914,0.05601232637890374
monotone_conditional_survival_shared_mlp,20260822,arm,59,209,88,121,0.42105263157894735,0.7129038317054845,0.65059631123876,0.23033102926107982,0.14440142122960448,False,,0.24393184879245497,0.05575663694062005
monotone_conditional_survival_shared_mlp,20260822,arm,60,208,86,122,0.41346153846153844,0.7164506290507053,0.6488458063161296,0.22808020420127711,0.14210161139708852,False,,0.24272303930132316,0.060327339103017796
monotone_conditional_survival_shared_mlp,20260822,arm,61,206,84,122,0.4077669902912621,0.7206284153005464,0.644747393148541,0.22416658359673777,0.13790993175875438,False,,0.24161278287695348,0.07220726930288524
monotone_conditional_survival_shared_mlp,20260822,arm,62,205,83,122,0.40487804878048783,0.7224965435512541,0.6360425626528036,0.22070838643138446,0.12243810075575369,False,,0.2409881385710734,0.08415249090655108
monotone_conditional_survival_shared_mlp,20260822,arm,63,201,78,123,0.3880597014925373,0.7059620596205962,0.6102216453317886,0.2273886613204845,0.1349257440364847,False,,0.23770773753538663,0.04341077123484871
monotone_conditional_survival_shared_mlp,20260822,arm,64,198,77,121,0.3888888888888889,0.7147150370290866,0.6155840176399834,0.22273044878740889,0.12812285400953213,False,,0.23767072031013167,0.06286122036078967
monotone_conditional_survival_shared_mlp,20260822,arm,65,197,77,120,0.39086294416243655,0.720021645021645,0.6188994403357113,0.2205230799223765,0.12988944719514298,False,,0.23813094094436135,0.07394192855475634
monotone_conditional_survival_shared_mlp,20260822,arm,66,195,74,121,0.37948717948717947,0.7181148090238999,0.6146932522108344,0.21914735296088256,0.13599219847362312,False,,0.2354781453970776,0.06935162670258443
monotone_conditional_survival_shared_mlp,20260822,arm,67,193,72,121,0.37305699481865284,0.7165977961432507,0.6099825229399862,0.2189428726329632,0.14094196213128699,False,,0.23388584674877022,0.06389003149839201
monotone_conditional_survival_shared_mlp,20260822,arm,68,191,71,120,0.3717277486910995,0.7266431924882629,0.6243156296878647,0.2122907153959931,0.14446043941107833,False,,0.23357386728020435,0.09111957656923653
monotone_conditional_survival_shared_mlp,20260822,arm,69,191,70,121,0.36649214659685864,0.7220779220779221,0.6184823521173984,0.21301299204444243,0.1516999412998358,False,,0.2322127297825423,0.08268167622024691
monotone_conditional_survival_shared_mlp,20260822,arm,70,188,68,120,0.3617021276595745,0.7275735294117647,0.618834396820629,0.20915039017820963,0.13038052478116516,False,,0.2308977106460057,0.09418595102979321
monotone_conditional_survival_shared_mlp,20260822,arm,71,188,68,120,0.3617021276595745,0.7269607843137255,0.6180084214720545,0.20935813304018763,0.13004050256495236,False,,0.23097949231386855,0.09360726814786025
monotone_conditional_survival_shared_mlp,20260822,arm,72,187,68,119,0.36363636363636365,0.7255313890261987,0.6182999900476615,0.21037111214431486,0.1312548848070076,False,,0.23167965539804136,0.09197416673085501
monotone_conditional_survival_shared_mlp,20260822,arm,73,186,67,119,0.3602150537634409,0.7246958484886492,0.615934624761842,0.21042596703832955,0.13309845125251565,False,,0.23076634165305482,0.08814272683364699
monotone_conditional_survival_shared_mlp,20260822,arm,74,184,66,118,0.358695652173913,0.7298407806882383,0.6218050973115747,0.20771085249854182,0.1318759512177533,False,,0.23040087800283238,0.09848063818581287
monotone_conditional_survival_shared_mlp,20260822,arm,75,181,66,115,0.36464088397790057,0.7328063241106719,0.6307462412803861,0.2074531058444986,0.12698619268813083,False,,0.2324473685299053,0.10752654608860879
monotone_conditional_survival_shared_mlp,20260822,arm,76,177,65,112,0.3672316384180791,0.7362637362637363,0.6227426643169797,0.20720561810817403,0.14118534027918528,False,,0.23336877557517713,0.1121107886113707
monotone_conditional_survival_shared_mlp,20260822,arm,77,175,64,111,0.3657142857142857,0.7393018018018018,0.6234203055102971,0.20637701397102576,0.14024669954056196,False,,0.23315957935411383,0.11486796063571436
monotone_conditional_survival_shared_mlp,20260822,arm,78,172,63,109,0.36627906976744184,0.7429736420562109,0.6339066200517169,0.20724234757106158,0.1339986517173077,False,,0.2337615027817385,0.1134453487640249
monotone_conditional_survival_shared_mlp,20260822,arm,79,170,63,107,0.37058823529411766,0.746031746031746,0.6381286062565507,0.20793996404208775,0.14008402987780402,False,,0.23525343206531646,0.11610231478215083
monotone_conditional_survival_shared_mlp,20260822,arm,80,167,62,105,0.3712574850299401,0.7440860215053764,0.636762020061461,0.20907965911343615,0.13716619922679937,False,,0.23557750594495752,0.11248037763721197
monotone_conditional_survival_shared_mlp,20260822,arm,81,166,61,105,0.3674698795180723,0.741295862607338,0.6319408377589778,0.2094325003102334,0.1359661320148688,False,,0.23451793698774479,0.1069659617499632
monotone_conditional_survival_shared_mlp,20260822,arm,82,164,60,104,0.36585365853658536,0.7400641025641026,0.633009781099097,0.20949091037133744,0.14339124014350865,False,,0.234214988652722,0.10556146907422626
monotone_conditional_survival_shared_mlp,20260822,arm,83,161,59,102,0.36645962732919257,0.7462612163509471,0.6384431697515622,0.20706572647379648,0.14458841228515149,False,,0.23471200905917994,0.11778810422270625
monotone_conditional_survival_shared_mlp,20260822,arm,84,160,59,101,0.36875,0.7479442859540192,0.6404975627632107,0.20756322343124003,0.14777314907507907,False,,0.23574425320338244,0.11954068610033064
monotone_conditional_survival_shared_mlp,20260822,arm,85,158,59,99,0.37341772151898733,0.746447526108543,0.6346667401305575,0.211105007199926,0.13266052211029508,False,,0.23768789556962025,0.1118394704365917
monotone_conditional_survival_shared_mlp,20260822,arm,86,154,58,96,0.37662337662337664,0.7465876436781609,0.6376027525650843,0.21096203203852557,0.13136566993227697,False,,0.23901611634451145,0.11737319112636524
monotone_conditional_survival_shared_mlp,20260822,arm,87,152,57,95,0.375,0.7383194829178209,0.62660611773515,0.2156596097564582,0.11806190177734142,False,,0.23858231808496275,0.09607882307665994
monotone_conditional_survival_shared_mlp,20260822,arm,88,146,53,93,0.363013698630137,0.7198214648001623,0.5855601658587596,0.22319599382016897,0.14409991373737616,False,,0.23427553988856942,0.047292799212714676
monotone_conditional_survival_shared_mlp,20260822,arm,89,143,53,90,0.3706293706293706,0.7249475890985325,0.5936671116557787,0.22533527590279842,0.1498179258910245,False,,0.23745541655576263,0.051041752716211475
monotone_conditional_survival_shared_mlp,20260822,arm,90,141,51,90,0.3617021276595745,0.7270152505446623,0.589418350953853,0.2210076429058452,0.14853416350104232,False,,0.23367858184251059,0.05422379251344933
monotone_conditional_survival_shared_mlp,20260822,arm,91,139,48,91,0.34532374100719426,0.7490842490842491,0.5973079015567071,0.20662405840471518,0.11663896462349632,False,,0.22768772473617443,0.0925112074261627
monotone_conditional_survival_shared_mlp,20260822,arm,92,135,46,89,0.34074074074074073,0.7418172936003908,0.5866908482962245,0.20828977375738006,0.1205526287942133,False,,0.22591388888888897,0.07801253485648674
monotone_conditional_survival_shared_mlp,20260822,arm,93,132,43,89,0.32575757575757575,0.7342565978573296,0.5716649673434606,0.20626288461795494,0.125723372681701,False,,0.22028571160860058,0.06365745144451818
monotone_conditional_survival_shared_mlp,20260822,arm,94,130,42,88,0.3230769230769231,0.7302489177489178,0.5686195623196547,0.20722123400169748,0.1317259155364485,False,,0.21924286683869443,0.054832492433342095
monotone_conditional_survival_shared_mlp,20260822,arm,95,126,41,85,0.3253968253968254,0.7228120516499282,0.5659787052646178,0.21156192875291038,0.14161023398288225,False,,0.22039710651866717,0.04008753973822465
monotone_conditional_survival_shared_mlp,20260822,arm,96,126,41,85,0.3253968253968254,0.7230989956958394,0.5664684203384392,0.21189513042149102,0.15712972317924,False,,0.22045904015254894,0.03884580884109823
monotone_conditional_survival_shared_mlp,20260822,arm,97,126,41,85,0.3253968253968254,0.7230989956958394,0.5664684203384392,0.2118616804978946,0.15713592399237125,False,,0.2205504616828349,0.039395887538133056
monotone_conditional_survival_shared_mlp,20260822,arm,98,125,40,85,0.32,0.7211764705882353,0.5645034552998828,0.21222674915430867,0.17179111216938042,False,,0.218540903926272,0.028892324770897426
monotone_conditional_survival_shared_mlp,20260822,arm,99,123,40,83,0.3252032520325203,0.7301204819277108,0.5797229166803121,0.21006552578729712,0.16535444028959462,False,,0.22095226188541764,0.04927189251299091
monotone_conditional_survival_shared_mlp,20260822,gripper,1,337,314,23,0.9317507418397626,0.862780393242869,0.9886085997832179,0.06957333068046018,0.06324792598223529,False,,0.06359143714417013,-0.09406759470977688
monotone_conditional_survival_shared_mlp,20260822,gripper,2,335,296,39,0.8835820895522388,0.8608801108801108,0.9805435841269464,0.09512707021815527,0.05970252269917877,False,,0.10286703637014291,0.07524243358326366
monotone_conditional_survival_shared_mlp,20260822,gripper,3,332,280,52,0.8433734939759037,0.8631181318681319,0.9741763637626909,0.11837183788301232,0.08096254195698498,False,,0.13213446701087386,0.1041562390131634
monotone_conditional_survival_shared_mlp,20260822,gripper,4,330,272,58,0.8242424242424242,0.8898326572008114,0.9763251572907675,0.11362887840721121,0.08247175532859388,False,,0.14490395122572794,0.21583312638450525
monotone_conditional_survival_shared_mlp,20260822,gripper,5,330,265,65,0.803030303030303,0.8984034833091437,0.9751114095996063,0.10984390399449186,0.07350971353417883,False,,0.15840004540146527,0.3065412088986955
monotone_conditional_survival_shared_mlp,20260822,gripper,6,329,256,73,0.7781155015197568,0.9074272260273972,0.9737740666498744,0.10660637030179922,0.05944033886492283,False,,0.17297166030970518,0.3836772445213229
monotone_conditional_survival_shared_mlp,20260822,gripper,7,328,251,77,0.7652439024390244,0.9091426501785067,0.971544855722487,0.10473286859910878,0.0543772267265096,False,,0.18042107651701325,0.4195086814636496
monotone_conditional_survival_shared_mlp,20260822,gripper,8,325,246,79,0.7569230769230769,0.9128846351754657,0.96510548033846,0.11516070393546766,0.0910733917313567,False,,0.1857628908801514,0.38006615104969554
monotone_conditional_survival_shared_mlp,20260822,gripper,9,325,239,86,0.7353846153846154,0.9079497907949791,0.9603104646678298,0.11669078456894585,0.08055448444838677,False,,0.1965488895963183,0.4063014814857968
monotone_conditional_survival_shared_mlp,20260822,gripper,10,324,232,92,0.7160493827160493,0.9108883058470765,0.9571801131488358,0.11729335994597828,0.08144441971584122,False,,0.20466237500562065,0.42689338994157056
monotone_conditional_survival_shared_mlp,20260822,gripper,11,322,228,94,0.7080745341614907,0.9123273609555804,0.951734178163644,0.11579721531686345,0.08175301529368871,False,,0.20845816814296314,0.44450622228701386
monotone_conditional_survival_shared_mlp,20260822,gripper,12,321,225,96,0.7009345794392523,0.9091203703703704,0.9469200592170662,0.1162395488210568,0.07298416874710227,False,,0.21237493640592467,0.4526682348293617
monotone_conditional_survival_shared_mlp,20260822,gripper,13,318,212,106,0.6666666666666666,0.9029458882164472,0.9360137274303044,0.12660036156201565,0.08578014813997618,False,,0.2233607429740432,0.43320227235845155
monotone_conditional_survival_shared_mlp,20260822,gripper,14,315,205,110,0.6507936507936508,0.8852328159645233,0.9219735836931904,0.1376961987298634,0.08848160884978196,False,,0.22807983857763173,0.39628070771807544
monotone_conditional_survival_shared_mlp,20260822,gripper,15,314,193,121,0.6146496815286624,0.8974007622147048,0.9173828122752977,0.12659687447373014,0.07645103927558378,False,,0.23700370996502057,0.4658443342831443
monotone_conditional_survival_shared_mlp,20260822,gripper,16,312,184,128,0.5897435897435898,0.8923658288043478,0.908566787411685,0.13306219536550415,0.09072997367691481,False,,0.24215488744748753,0.45050790934641227
monotone_conditional_survival_shared_mlp,20260822,gripper,17,311,176,135,0.5659163987138264,0.897979797979798,0.9044696289904408,0.12897053407884748,0.07854047809098329,False,,0.2458035169425484,0.47531046063514326
monotone_conditional_survival_shared_mlp,20260822,gripper,18,309,160,149,0.517799352750809,0.9197147651006712,0.9066634812498691,0.11259106200051444,0.04249694941283849,False,,0.24975347938457917,0.5491912173638118
monotone_conditional_survival_shared_mlp,20260822,gripper,19,309,153,156,0.49514563106796117,0.9239567621920564,0.9023842060364617,0.10888973958216902,0.04335489504308677,False,,0.2500673964534471,0.5645584305411837
monotone_conditional_survival_shared_mlp,20260822,gripper,20,306,146,160,0.477124183006536,0.9321489726027398,0.9230962025769279,0.10482118785579676,0.056135731382310344,False,,0.24948029994457863,0.5798418236667083
monotone_conditional_survival_shared_mlp,20260822,gripper,21,306,145,161,0.4738562091503268,0.9368601413578925,0.9255662659034594,0.10161573974397516,0.05288332771093843,False,,0.24956314376995264,0.5928255342157231
monotone_conditional_survival_shared_mlp,20260822,gripper,22,306,138,168,0.45098039215686275,0.9237405106970324,0.9031876483577276,0.11903569723196358,0.07267822212446458,False,,0.24774822689478582,0.5195295694991355
monotone_conditional_survival_shared_mlp,20260822,gripper,23,305,126,179,0.4131147540983607,0.9307439921965062,0.9001238720092014,0.10783013911566018,0.052982063784067224,False,,0.2425088686855028,0.5553558939920689
monotone_conditional_survival_shared_mlp,20260822,gripper,24,303,117,186,0.38613861386138615,0.927901847256686,0.8757491694447012,0.1062618820537855,0.0473850773738437,False,,0.2370976651430015,0.5518223176525361
monotone_conditional_survival_shared_mlp,20260822,gripper,25,300,114,186,0.38,0.9281739294472741,0.8668923076870155,0.10625115200515964,0.051797231702706566,False,,0.23566731470532218,0.5491476951820162
monotone_conditional_survival_shared_mlp,20260822,gripper,26,296,107,189,0.3614864864864865,0.9364090392127775,0.868396419261552,0.09476125966249724,0.031787446729680945,False,,0.23083555418203433,0.5894858571579941
monotone_conditional_survival_shared_mlp,20260822,gripper,27,294,104,190,0.35374149659863946,0.9348684210526316,0.8626595942441214,0.09780033552079195,0.030880137008504577,False,,0.22860850979080902,0.5721929353798538
monotone_conditional_survival_shared_mlp,20260822,gripper,28,291,97,194,0.3333333333333333,0.9364438303751728,0.8588494992775437,0.09584489905878901,0.03467088657685898,False,,0.2222491229459893,0.5687501584333311
monotone_conditional_survival_shared_mlp,20260822,gripper,29,289,92,197,0.31833910034602075,0.934561906863827,0.8566255421492699,0.09821363419440068,0.042409945451606874,False,,0.21703613741666608,0.5474779667413169
monotone_conditional_survival_shared_mlp,20260822,gripper,30,289,88,201,0.3044982698961938,0.9269561284486658,0.837466529153221,0.10386156859843726,0.04986807230850738,False,,0.2118106692432871,0.5096490230190378
monotone_conditional_survival_shared_mlp,20260822,gripper,31,288,81,207,0.28125,0.9157273215244229,0.7834528820864165,0.10766203378082786,0.04522618602890377,False,,0.20226550194733045,0.4677192465136103
monotone_conditional_survival_shared_mlp,20260822,gripper,32,287,81,206,0.28222996515679444,0.9154380918134963,0.78383775941844,0.10800255619826768,0.04525926471459935,False,,0.20259254553106232,0.4668976792055348
monotone_conditional_survival_shared_mlp,20260822,gripper,33,284,74,210,0.2605633802816901,0.9224581724581724,0.7888800441867565,0.10187709515215998,0.06160028296234305,False,,0.19274340898920336,0.47143668524682636
monotone_conditional_survival_shared_mlp,20260822,gripper,34,284,70,214,0.24647887323943662,0.9253004005340454,0.7748714581402614,0.09646598509066776,0.0591512445440443,False,,0.1857728771101695,0.48073159768387386
monotone_conditional_survival_shared_mlp,20260822,gripper,35,283,67,216,0.23674911660777384,0.9255113322277502,0.7663048128894902,0.09200835515058348,0.05033596507567752,False,,0.18075380150982343,0.4909741627448809
monotone_conditional_survival_shared_mlp,20260822,gripper,36,281,63,218,0.22419928825622776,0.9333042085335663,0.771456637883604,0.08466286100787662,0.05081144144761548,False,,0.17393546464784382,0.5132513016865872
monotone_conditional_survival_shared_mlp,20260822,gripper,37,280,55,225,0.19642857142857142,0.9281616161616162,0.7519162722332063,0.08433178487998784,0.049685634096692056,False,,0.1579790302921381,0.46618367814994344
monotone_conditional_survival_shared_mlp,20260822,gripper,38,277,54,223,0.19494584837545126,0.9219398770968278,0.7364166587622143,0.08628982119647119,0.04922714441137736,False,,0.15701879550748443,0.45044909485146245
monotone_conditional_survival_shared_mlp,20260822,gripper,39,274,50,224,0.18248175182481752,0.9157142857142857,0.7123696290524628,0.09012329470656685,0.04787360095138584,False,,0.14918793380136858,0.39590761524615936
monotone_conditional_survival_shared_mlp,20260822,gripper,40,270,49,221,0.1814814814814815,0.9125496352387109,0.7082236352081853,0.09252236256168998,0.05123102611989506,False,,0.14854626292991213,0.3771478276411143
monotone_conditional_survival_shared_mlp,20260822,gripper,41,267,46,221,0.17228464419475656,0.91668306118434,0.7329171532377856,0.07571774425660686,0.04640809223772952,False,,0.14260887997369084,0.4690530893267262
monotone_conditional_survival_shared_mlp,20260822,gripper,42,264,44,220,0.16666666666666666,0.9152892561983471,0.7336187121225283,0.07156118728804792,0.042499698527419666,False,,0.13891587867913816,0.4848595569601022
monotone_conditional_survival_shared_mlp,20260822,gripper,43,259,43,216,0.16602316602316602,0.9066537467700259,0.6893196205093647,0.07745208835863882,0.04750758460039563,False,,0.1384606105118926,0.44062005741346677
monotone_conditional_survival_shared_mlp,20260822,gripper,44,256,38,218,0.1484375,0.9162240463544181,0.6797798756612291,0.07325589853649725,0.046506174309623914,False,,0.12650483978825405,0.4209241428303121
monotone_conditional_survival_shared_mlp,20260822,gripper,45,252,38,214,0.15079365079365079,0.9163797343826857,0.6814421108287613,0.07415246711743956,0.0466424430267641,False,,0.1280791197208624,0.4210417179705124
monotone_conditional_survival_shared_mlp,20260822,gripper,46,248,38,210,0.1532258064516129,0.9156641604010025,0.6817692719553916,0.07534790573531648,0.04744704426831985,False,,0.1297503922025234,0.4192857188615796
monotone_conditional_survival_shared_mlp,20260822,gripper,47,245,35,210,0.14285714285714285,0.9329251700680272,0.6822550955679568,0.07112697197972377,0.04907476574122965,False,,0.12256517119244395,0.41968039298827586
monotone_conditional_survival_shared_mlp,20260822,gripper,48,244,33,211,0.13524590163934427,0.9381013930776964,0.7220136836985993,0.06292673697381809,0.04477203291013259,False,,0.11726565029519984,0.4633830382945999
monotone_conditional_survival_shared_mlp,20260822,gripper,49,242,31,211,0.128099173553719,0.9464913621770371,0.7265355018501252,0.06049110685701721,0.03689216007863615,False,,0.11211649845665764,0.4604620400234667
monotone_conditional_survival_shared_mlp,20260822,gripper,50,238,31,207,0.13025210084033614,0.9456132148979274,0.7265970175981566,0.06150801836592365,0.0375245363240867,False,,0.1136975757827116,0.45902084593718917
monotone_conditional_survival_shared_mlp,20260822,gripper,51,232,31,201,0.1336206896551724,0.9459155833734553,0.7295241948132407,0.06211630326862278,0.04458325112807125,False,,0.11606659653821398,0.46482187708354583
monotone_conditional_survival_shared_mlp,20260822,gripper,52,229,30,199,0.13100436681222707,0.942713567839196,0.7184652320351596,0.06444376606420142,0.04425382723534394,False,,0.11421835145889767,0.4357844843576473
monotone_conditional_survival_shared_mlp,20260822,gripper,53,224,30,194,0.13392857142857142,0.9441580756013745,0.7264326308928388,0.06367647156582108,0.039035226625273554,False,,0.11622311335421984,0.4521186902664477
monotone_conditional_survival_shared_mlp,20260822,gripper,54,219,29,190,0.1324200913242009,0.9393829401088929,0.6986384603985096,0.06770003466145758,0.04235111136227385,False,,0.11513058232698564,0.41197175161347854
monotone_conditional_survival_shared_mlp,20260822,gripper,55,219,29,190,0.1324200913242009,0.9404718693284937,0.7027166954554123,0.06694198200315934,0.03936627620579004,False,,0.11509885285257244,0.41839574987855144
monotone_conditional_survival_shared_mlp,20260822,gripper,56,217,29,188,0.1336405529953917,0.9435069699192957,0.7101792422355542,0.06298940514095519,0.03011122492366905,False,,0.11586710086244759,0.4563650538237468
monotone_conditional_survival_shared_mlp,20260822,gripper,57,216,29,187,0.13425925925925927,0.943758067490319,0.7106480656503671,0.06299704706641725,0.03077805812011411,False,,0.11626691351088787,0.4581687501275429
monotone_conditional_survival_shared_mlp,20260822,gripper,58,211,29,182,0.13744075829383887,0.9424024251610459,0.7107490757513774,0.06449514474152925,0.03165519303171162,False,,0.11855624825682844,0.45599539720746396
monotone_conditional_survival_shared_mlp,20260822,gripper,59,209,28,181,0.1339712918660287,0.9396211523283347,0.701782165522386,0.06573733922059878,0.03459409119282496,False,,0.11604808034517085,0.4335335920674337
monotone_conditional_survival_shared_mlp,20260822,gripper,60,208,28,180,0.1346153846153846,0.9396825396825397,0.7021691523379356,0.06604412412415409,0.03509517870887016,False,,0.11660457844761679,0.4336060813098894
monotone_conditional_survival_shared_mlp,20260822,gripper,61,206,28,178,0.13592233009708737,0.940008025682183,0.6990965347262855,0.06670928972973862,0.042375992393144934,False,,0.11771027476025295,0.43327555843694077
monotone_conditional_survival_shared_mlp,20260822,gripper,62,205,28,177,0.13658536585365855,0.9424939467312349,0.7099006034703086,0.06536178257127974,0.05044120035218232,False,,0.11833897007471905,0.4476732176221374
monotone_conditional_survival_shared_mlp,20260822,gripper,63,201,27,174,0.13432835820895522,0.9563644103873989,0.7367898028972822,0.060466838703639135,0.04888434152774296,False,,0.1167945679426601,0.48228038539150964
monotone_conditional_survival_shared_mlp,20260822,gripper,64,198,26,172,0.13131313131313133,0.9557245080500895,0.7360461332657093,0.05930611363644767,0.03735149879835339,False,,0.11468608006057224,0.48288306998438923
monotone_conditional_survival_shared_mlp,20260822,gripper,65,197,23,174,0.116751269035533,0.9565217391304348,0.7245745462397654,0.055095389291781795,0.0236128972831606,False,,0.10340681121037314,0.4671976763726473
monotone_conditional_survival_shared_mlp,20260822,gripper,66,195,23,172,0.11794871794871795,0.9585439838220424,0.7421047162948801,0.05532859540106845,0.03204738289907249,False,,0.10447413428302679,0.47040867310582435
monotone_conditional_survival_shared_mlp,20260822,gripper,67,193,21,172,0.10880829015544041,0.9565337763012182,0.6736918495507582,0.05508146503344432,0.032640549699658725,False,,0.09730480633277068,0.4339286299479147
monotone_conditional_survival_shared_mlp,20260822,gripper,68,191,20,171,0.10471204188481675,0.954093567251462,0.6656904345922887,0.055014405503704296,0.03208378709750935,False,,0.09414767658834398,0.41565838375117803
monotone_conditional_survival_shared_mlp,20260822,gripper,69,191,19,172,0.09947643979057591,0.9528763769889841,0.6416497450990652,0.05331532463437784,0.028533971516835243,False,,0.08989326299428277,0.40690411207157196
monotone_conditional_survival_shared_mlp,20260822,gripper,70,188,19,169,0.10106382978723404,0.9539084397383992,0.6443875647644844,0.05500217530516187,0.037720486244152196,False,,0.09140209737368363,0.3982394618332027
monotone_conditional_survival_shared_mlp,20260822,gripper,71,188,16,172,0.0851063829787234,0.9542151162790697,0.638162923892413,0.04585312864989716,0.02216483752481282,False,,0.07805870452969811,0.41258148048752286
monotone_conditional_survival_shared_mlp,20260822,gripper,72,187,14,173,0.0748663101604278,0.9611890999174236,0.6174162095214727,0.04352944498892676,0.03084514821924866,False,,0.06933959246521793,0.372228139201107
monotone_conditional_survival_shared_mlp,20260822,gripper,73,186,13,173,0.06989247311827956,0.9519786571809693,0.5822718054785931,0.045527280898462655,0.037783187529197314,False,,0.06505453345878505,0.3001674367966036
monotone_conditional_survival_shared_mlp,20260822,gripper,74,184,11,173,0.059782608695652176,0.9442984760903836,0.5055412307434678,0.04678122034724924,0.038624361577551426,False,,0.05624440005309801,0.16825105605029078
monotone_conditional_survival_shared_mlp,20260822,gripper,75,181,10,171,0.055248618784530384,0.9432748538011696,0.5056473251439794,0.04475672101091601,0.033760500413331236,False,,0.05220174030923229,0.14262013592293143
monotone_conditional_survival_shared_mlp,20260822,gripper,76,177,10,167,0.05649717514124294,0.9502994011976048,0.5817656028182345,0.0364437824385183,0.03627872452368349,False,,0.05337068486751734,0.31715730219720584
monotone_conditional_survival_shared_mlp,20260822,gripper,77,175,9,166,0.05142857142857143,0.9457831325301205,0.5673202184113609,0.03464414264888403,0.0424743926865616,False,,0.04888753928609386,0.2913502468155803
monotone_conditional_survival_shared_mlp,20260822,gripper,78,172,7,165,0.040697674418604654,0.9428571428571428,0.5924174547867928,0.02708313828647915,0.036963715901494026,False,,0.03908027807985544,0.3069870631130541
monotone_conditional_survival_shared_mlp,20260822,gripper,79,170,5,165,0.029411764705882353,0.9709090909090909,0.7142857142857143,0.01819731640426804,0.025729414550515053,False,,0.028551777572927938,0.36265556994523984
monotone_conditional_survival_shared_mlp,20260822,gripper,80,167,4,163,0.023952095808383235,0.9570552147239264,0.40178571428571425,0.022989371598725803,0.03096938107613398,False,,0.023424586241740552,0.01857939510748896
monotone_conditional_survival_shared_mlp,20260822,gripper,81,166,1,165,0.006024096385542169,0.8848484848484849,0.05,0.021982312689539676,0.03760301049971784,False,,0.006106164003498107,-2.6000200251657866
monotone_conditional_survival_shared_mlp,20260822,gripper,82,164,1,163,0.006097560975609756,0.8834355828220859,0.05,0.02196222181868022,0.03817558801739256,False,,0.006169909216549052,-2.5595696869854616
monotone_conditional_survival_shared_mlp,20260822,gripper,83,161,1,160,0.006211180124223602,0.88125,0.05,0.02236124067063483,0.039207564474077715,False,,0.006197849728804866,-2.607903006539456
monotone_conditional_survival_shared_mlp,20260822,gripper,84,160,1,159,0.00625,0.8805031446540881,0.05,0.02249095706756843,0.03953007676729646,False,,0.0062380098933751595,-2.605469925825878
monotone_conditional_survival_shared_mlp,20260822,gripper,85,158,1,157,0.006329113924050633,0.9044585987261147,0.0625,0.01852106619240781,0.03333794058024438,False,,0.0062947770262406656,-1.9422910637184025
monotone_conditional_survival_shared_mlp,20260822,gripper,86,154,1,153,0.006493506493506494,0.9019607843137255,0.0625,0.01899732836433199,0.034321993572911894,False,,0.0064522271719518855,-1.9443055642730944
monotone_conditional_survival_shared_mlp,20260822,gripper,87,152,1,151,0.006578947368421052,0.9271523178807947,0.08333333333333333,0.010284794938128419,0.015807552599775874,False,,0.006539827927462256,-0.5726399917863552
monotone_conditional_survival_shared_mlp,20260822,gripper,88,146,1,145,0.00684931506849315,0.9310344827586207,0.09090909090909091,0.01040531855250254,0.016264440847004485,False,,0.006811349769706005,-0.5276441387257758
monotone_conditional_survival_shared_mlp,20260822,gripper,89,143,1,142,0.006993006993006993,0.9366197183098591,0.1,0.010428390626606759,0.015953215297206908,False,,0.006958971670390357,-0.49855339560849044
monotone_conditional_survival_shared_mlp,20260822,gripper,90,141,1,140,0.0070921985815602835,0.9357142857142857,0.1,0.010573644267681193,0.016252489314727368,False,,0.007063861877536558,-0.49686452693899974
monotone_conditional_survival_shared_mlp,20260822,gripper,91,139,1,138,0.007194244604316547,0.9637681159420289,0.16666666666666666,0.009153726527379245,0.011619810923434644,False,,0.007164890734978138,-0.2775807567716069
monotone_conditional_survival_shared_mlp,20260822,gripper,92,135,0,135,0.0,,,0.003093965105512269,0.012163248897307681,True,one_label_class,6.944444444444447e-07,-4454.309751937665
monotone_conditional_survival_shared_mlp,20260822,gripper,93,132,0,132,0.0,,,0.003159972451847722,0.01243074917111823,True,one_label_class,7.157560817794269e-07,-4413.873351815297
monotone_conditional_survival_shared_mlp,20260822,gripper,94,130,0,130,0.0,,,0.00320697400460983,0.012618637814954996,True,one_label_class,7.548303481051114e-07,-4247.602368281108
monotone_conditional_survival_shared_mlp,20260822,gripper,95,126,0,126,0.0,,,0.003304953469682973,0.013011732008579097,True,one_label_class,7.790048835816154e-07,-4241.532414543864
monotone_conditional_survival_shared_mlp,20260822,gripper,96,126,0,126,0.0,,,0.0031622699090523097,0.01273223872761699,True,one_label_class,8.219567667179844e-07,-3846.24603178222
monotone_conditional_survival_shared_mlp,20260822,gripper,97,126,0,126,0.0,,,0.0031583492688827563,0.012724527391605452,True,one_label_class,8.447772491349479e-07,-3737.6769969443503
monotone_conditional_survival_shared_mlp,20260822,gripper,98,125,0,125,0.0,,,0.0028405776858610463,0.011909291456225709,True,one_label_class,0.0,
monotone_conditional_survival_shared_mlp,20260822,gripper,99,123,0,123,0.0,,,0.002803590423953526,0.011018010943254029,True,one_label_class,0.0,
independent_vector_shared_mlp,aggregate_mean_prediction,arm,1,337,337,0,1.0,,,8.125266043295142e-05,0.005272736437018755,True,one_label_class,0.0,
independent_vector_shared_mlp,aggregate_mean_prediction,arm,2,335,335,0,1.0,,,0.00040624397005062954,0.009189417515761333,True,one_label_class,1.0971696205580633e-07,-3701.6541971149186
independent_vector_shared_mlp,aggregate_mean_prediction,arm,3,332,331,1,0.9969879518072289,0.7885196374622356,0.9992858351955863,0.003328902405404683,0.00736080092715024,False,,0.003004796264678611,-0.10786293384877377
independent_vector_shared_mlp,aggregate_mean_prediction,arm,4,330,329,1,0.996969696969697,0.8085106382978723,0.9993571826987196,0.0037316232465261483,0.009781606042418031,False,,0.003022871542024776,-0.2344630576086726
independent_vector_shared_mlp,aggregate_mean_prediction,arm,5,330,328,2,0.9939393939393939,0.9314024390243902,0.9995677881229093,0.006353719603204369,0.009026920991334359,False,,0.006024325535756637,-0.05467733532868624
independent_vector_shared_mlp,aggregate_mean_prediction,arm,6,329,325,4,0.9878419452887538,0.7607692307692308,0.9954805774903001,0.012778388966444598,0.006579295391542165,False,,0.01201067190430174,-0.06391957654491365
independent_vector_shared_mlp,aggregate_mean_prediction,arm,7,328,323,5,0.9847560975609756,0.6712074303405573,0.9917063777869487,0.01650507977146463,0.009014120364953429,False,,0.015017613294873156,-0.09904812751432868
independent_vector_shared_mlp,aggregate_mean_prediction,arm,8,325,318,7,0.9784615384615385,0.6698113207547169,0.9887691770587186,0.023104199192860338,0.009406003638141376,False,,0.021126667479450995,-0.09360358018285675
independent_vector_shared_mlp,aggregate_mean_prediction,arm,9,325,311,14,0.9569230769230769,0.702572347266881,0.978736292220744,0.04215704227723446,0.01738705734496498,False,,0.04122266349263274,-0.02266662814664344
independent_vector_shared_mlp,aggregate_mean_prediction,arm,10,324,303,21,0.9351851851851852,0.7686625805437687,0.9772409060970523,0.05871265621250754,0.03114684413557794,False,,0.060791990770155735,0.03420408727047297
independent_vector_shared_mlp,aggregate_mean_prediction,arm,11,322,296,26,0.9192546583850931,0.7849532224532224,0.9728606173772597,0.06706333170231227,0.03845810212593524,False,,0.07468134188682278,0.1020068733641043
independent_vector_shared_mlp,aggregate_mean_prediction,arm,12,321,291,30,0.9065420560747663,0.7699885452462772,0.965277797015779,0.07642471220606833,0.0412956962754072,False,,0.08526306577824339,0.10365981438155536
independent_vector_shared_mlp,aggregate_mean_prediction,arm,13,318,278,40,0.8742138364779874,0.775,0.9530416634904928,0.09883031254141654,0.06747876258065758,False,,0.11188460825401847,0.11667642150530633
independent_vector_shared_mlp,aggregate_mean_prediction,arm,14,315,271,44,0.8603174603174604,0.7781784636028178,0.9474741005064543,0.10600318460101486,0.06654834079940065,False,,0.12225693558849185,0.13294747581589939
independent_vector_shared_mlp,aggregate_mean_prediction,arm,15,314,266,48,0.8471337579617835,0.7933897243107769,0.9429069805083927,0.11073206551721863,0.0660696665478399,False,,0.13137526221823445,0.15713153566707483
independent_vector_shared_mlp,aggregate_mean_prediction,arm,16,312,262,50,0.8397435897435898,0.7998473282442748,0.9440086611755482,0.11019611889202698,0.0662262405619031,False,,0.13616860960986754,0.19073772429823244
independent_vector_shared_mlp,aggregate_mean_prediction,arm,17,311,259,52,0.8327974276527331,0.7843035343035343,0.9379444791846578,0.11576106370000182,0.06375504445918119,False,,0.14052901066773527,0.17624792809717005
independent_vector_shared_mlp,aggregate_mean_prediction,arm,18,309,257,52,0.8317152103559871,0.7758156240646513,0.9303400526548279,0.11184653520291826,0.05414684860214266,False,,0.14047852592407148,0.20381756238408122
independent_vector_shared_mlp,aggregate_mean_prediction,arm,19,309,255,54,0.8252427184466019,0.7797385620915033,0.9290988767519034,0.11439427668806544,0.041535708617975,False,,0.14465560902375854,0.20919570654687103
independent_vector_shared_mlp,aggregate_mean_prediction,arm,20,306,250,56,0.8169934640522876,0.7432142857142857,0.9093731509707543,0.12269851842585815,0.05830382619442754,False,,0.14998623109982123,0.1819347847723577
independent_vector_shared_mlp,aggregate_mean_prediction,arm,21,306,247,59,0.8071895424836601,0.7504288753173677,0.909249765459736,0.12646076219831734,0.06273934580369474,False,,0.15614105014125432,0.1900863860982519
independent_vector_shared_mlp,aggregate_mean_prediction,arm,22,306,245,61,0.8006535947712419,0.7466711274673804,0.9088728896209803,0.12948010889700276,0.0509118780369385,False,,0.15997048742241848,0.19060002264606946
independent_vector_shared_mlp,aggregate_mean_prediction,arm,23,305,238,67,0.780327868852459,0.7492161043521887,0.902373918036108,0.14146989007731703,0.05307432617597271,False,,0.17229128530054183,0.17889120259019786
independent_vector_shared_mlp,aggregate_mean_prediction,arm,24,303,233,70,0.768976897689769,0.7464132434089515,0.8954192919546342,0.14803169406603714,0.05791745299154394,False,,0.17862765779020476,0.17128346249773974
independent_vector_shared_mlp,aggregate_mean_prediction,arm,25,300,227,73,0.7566666666666667,0.7426830004224247,0.8894371010221628,0.15476683793782253,0.06583774234632213,False,,0.18537679386254033,0.16512291148705238
independent_vector_shared_mlp,aggregate_mean_prediction,arm,26,296,219,77,0.7398648648648649,0.7436992231512779,0.8826141003719711,0.16555360597110846,0.08053898115409128,False,,0.19401181586952818,0.1466828696534529
independent_vector_shared_mlp,aggregate_mean_prediction,arm,27,294,214,80,0.7278911564625851,0.7275116822429907,0.8649850967742501,0.17467580918261735,0.07830492746353623,False,,0.19980111624891983,0.12575158506622364
independent_vector_shared_mlp,aggregate_mean_prediction,arm,28,291,208,83,0.7147766323024055,0.7169833178869324,0.8516228696072494,0.18150956346674468,0.07439143816790976,False,,0.205568487434641,0.11703605094407132
independent_vector_shared_mlp,aggregate_mean_prediction,arm,29,289,206,83,0.71280276816609,0.7202011931220026,0.8536147438383558,0.18027419237461245,0.08342409077172658,False,,0.2059465129149699,0.12465528149513705
independent_vector_shared_mlp,aggregate_mean_prediction,arm,30,289,200,89,0.6920415224913494,0.7235955056179775,0.8438520528297337,0.1840401411659444,0.09131803077613285,False,,0.21519484327673813,0.14477438974097134
independent_vector_shared_mlp,aggregate_mean_prediction,arm,31,288,196,92,0.6805555555555556,0.7187222715173026,0.8246543014199146,0.1888105182823589,0.08012554707241781,False,,0.21930260462977857,0.13904115000775152
independent_vector_shared_mlp,aggregate_mean_prediction,arm,32,287,194,93,0.6759581881533101,0.7215940583083915,0.8197314361257533,0.19062537376779953,0.08545927780028377,False,,0.2207107478502448,0.1363113231932801
independent_vector_shared_mlp,aggregate_mean_prediction,arm,33,284,187,97,0.6584507042253521,0.7039528088648768,0.8017597602611896,0.20132435893288508,0.0924295030934136,False,,0.2275188474006327,0.11513107053334504
independent_vector_shared_mlp,aggregate_mean_prediction,arm,34,284,182,102,0.6408450704225352,0.7134776987718164,0.7956246246557284,0.20296812939779404,0.09266955904637311,False,,0.23412855849132957,0.13309110727168927
independent_vector_shared_mlp,aggregate_mean_prediction,arm,35,283,179,104,0.6325088339222615,0.7102492479587451,0.7840010286079756,0.2065764825536673,0.09463654456281795,False,,0.23627333847444035,0.1256885610222399
independent_vector_shared_mlp,aggregate_mean_prediction,arm,36,281,175,106,0.6227758007117438,0.7160107816711591,0.7842832848476854,0.20571498982940858,0.09344687708636806,False,,0.23934758713372956,0.1405178038645929
independent_vector_shared_mlp,aggregate_mean_prediction,arm,37,280,173,107,0.6178571428571429,0.7102803738317757,0.7826180553992709,0.20726295221752325,0.0865595599069396,False,,0.24016343054374698,0.1369920401775354
independent_vector_shared_mlp,aggregate_mean_prediction,arm,38,277,167,110,0.6028880866425993,0.7192161132280893,0.7839503111982669,0.20961867825483735,0.08262590431381671,False,,0.24459527893859329,0.14299785684962862
independent_vector_shared_mlp,aggregate_mean_prediction,arm,39,274,164,110,0.5985401459854015,0.7157427937915742,0.7757388873896797,0.20999948214044512,0.08689260039449485,False,,0.24581881055496513,0.14571435088166618
independent_vector_shared_mlp,aggregate_mean_prediction,arm,40,270,161,109,0.5962962962962963,0.7227192432617243,0.7823979830512475,0.20762876850274153,0.07101661778011245,False,,0.2452471856268681,0.15338980150973547
independent_vector_shared_mlp,aggregate_mean_prediction,arm,41,267,159,108,0.5955056179775281,0.7139529466573492,0.7674740064807273,0.20932755016054577,0.08185605245339668,False,,0.24477517958980743,0.14481709088586736
independent_vector_shared_mlp,aggregate_mean_prediction,arm,42,264,155,109,0.5871212121212122,0.7195620005918911,0.7751222947811549,0.2111317708483882,0.10546253448971984,False,,0.24589627668217406,0.14137874026746533
independent_vector_shared_mlp,aggregate_mean_prediction,arm,43,259,153,106,0.5907335907335908,0.723825379208287,0.7740011014121043,0.20607143517584056,0.08334807778001149,False,,0.24358215358215365,0.15399616866291377
independent_vector_shared_mlp,aggregate_mean_prediction,arm,44,256,146,110,0.5703125,0.7056039850560398,0.7467685245020833,0.21575179852898452,0.09736128368678125,False,,0.2471974872798964,0.1272087718080508
independent_vector_shared_mlp,aggregate_mean_prediction,arm,45,252,143,109,0.5674603174603174,0.7144415217809713,0.7499730060423311,0.21388477962789748,0.07397446523314424,False,,0.24701008607493533,0.1341050763286995
independent_vector_shared_mlp,aggregate_mean_prediction,arm,46,248,137,111,0.5524193548387096,0.7076346419412113,0.7371140053060565,0.22087975431387907,0.09269384676720821,False,,0.24840636013022163,0.11081280608883093
independent_vector_shared_mlp,aggregate_mean_prediction,arm,47,245,131,114,0.5346938775510204,0.7042989152269988,0.7215852203614077,0.2240314238745294,0.14383853930944032,False,,0.25049502867262613,0.10564522952142985
independent_vector_shared_mlp,aggregate_mean_prediction,arm,48,244,127,117,0.5204918032786885,0.705161854768154,0.7101634379519277,0.22592710226953144,0.10095249463838758,False,,0.2511999252590032,0.10060840170797769
independent_vector_shared_mlp,aggregate_mean_prediction,arm,49,242,122,120,0.5041322314049587,0.7148907103825136,0.708185807979841,0.2228306008237115,0.10679111197977346,False,,0.25199945364392295,0.11574966690771982
independent_vector_shared_mlp,aggregate_mean_prediction,arm,50,238,114,124,0.4789915966386555,0.726796830786644,0.6958756359753125,0.21796976999921155,0.07382470084910678,False,,0.25253603535914615,0.13687656619292332
independent_vector_shared_mlp,aggregate_mean_prediction,arm,51,232,108,124,0.46551724137931033,0.7399940262843488,0.694338973168504,0.20991095240252397,0.09694512604119737,False,,0.2519718401668731,0.16692693809154824
independent_vector_shared_mlp,aggregate_mean_prediction,arm,52,229,106,123,0.462882096069869,0.7429053535818377,0.6869885895066871,0.2089950946509276,0.08085826882215871,False,,0.2505661906732054,0.16590864038993924
independent_vector_shared_mlp,aggregate_mean_prediction,arm,53,224,104,120,0.4642857142857143,0.7434294871794872,0.6992710501351662,0.20776373301689469,0.10536357266180287,False,,0.24966444408645325,0.1678281071334662
independent_vector_shared_mlp,aggregate_mean_prediction,arm,54,219,100,119,0.45662100456621,0.7397478991596639,0.6850262060757359,0.20889888819674649,0.09443541201565174,False,,0.24895527193982547,0.16089791323142155
independent_vector_shared_mlp,aggregate_mean_prediction,arm,55,219,99,120,0.4520547945205479,0.7354377104377104,0.686126512301049,0.2104055990787636,0.08251431581017166,False,,0.24830932196979622,0.15264720063809423
independent_vector_shared_mlp,aggregate_mean_prediction,arm,56,217,95,122,0.4377880184331797,0.7260569456427955,0.6604665778772465,0.2120242758419971,0.10023967589976841,False,,0.2467231406746477,0.14063887456105217
independent_vector_shared_mlp,aggregate_mean_prediction,arm,57,216,93,123,0.4305555555555556,0.7140484308068887,0.644787829589829,0.216792115733474,0.08272570966485114,False,,0.24567182629589382,0.11755401910692154
independent_vector_shared_mlp,aggregate_mean_prediction,arm,58,211,91,120,0.4312796208530806,0.7138278388278388,0.6438511164568065,0.21658831286097655,0.11340723967122499,False,,0.2453854941634914,0.11735486403009765
independent_vector_shared_mlp,aggregate_mean_prediction,arm,59,209,88,121,0.42105263157894735,0.7181630353117956,0.631788176242338,0.21493981565526327,0.09859664227861728,False,,0.24393184879245497,0.11885300456136438
independent_vector_shared_mlp,aggregate_mean_prediction,arm,60,208,86,122,0.41346153846153844,0.7173084254670224,0.6290707369460329,0.21320066425913708,0.0791129278902697,False,,0.24272303930132316,0.12162988370270111
independent_vector_shared_mlp,aggregate_mean_prediction,arm,61,206,84,122,0.4077669902912621,0.7323380171740828,0.6374030536125558,0.207137743723359,0.0743971666718414,False,,0.24161278287695348,0.14268714901211021
independent_vector_shared_mlp,aggregate_mean_prediction,arm,62,205,83,122,0.40487804878048783,0.7312857989334387,0.6307181938426132,0.20769699577018558,0.07233344716686038,False,,0.2409881385710734,0.1381443211200598
independent_vector_shared_mlp,aggregate_mean_prediction,arm,63,201,78,123,0.3880597014925373,0.7194079633104024,0.6195593906932699,0.20672820110604767,0.08683215637022117,False,,0.23770773753538663,0.1303261591336594
independent_vector_shared_mlp,aggregate_mean_prediction,arm,64,198,77,121,0.3888888888888889,0.7292046796179028,0.6303572697403091,0.20428507211967872,0.08726855335340737,False,,0.23767072031013167,0.1404701771715452
independent_vector_shared_mlp,aggregate_mean_prediction,arm,65,197,77,120,0.39086294416243655,0.7286796536796537,0.6332526726145612,0.2056116355173592,0.0883166605281909,False,,0.23813094094436135,0.13656060526212843
independent_vector_shared_mlp,aggregate_mean_prediction,arm,66,195,74,121,0.37948717948717947,0.726490953763681,0.6274255376190813,0.20277328479058623,0.11290848593595441,False,,0.2354781453970776,0.13888703153892445
independent_vector_shared_mlp,aggregate_mean_prediction,arm,67,193,72,121,0.37305699481865284,0.7294536271808999,0.6233832713123487,0.20142726557739726,0.07874282135591901,False,,0.23388584674877022,0.13877958680517566
independent_vector_shared_mlp,aggregate_mean_prediction,arm,68,191,71,120,0.3717277486910995,0.7294600938967136,0.6170427693613275,0.20201751984429975,0.10467023444275156,False,,0.23357386728020435,0.13510221756977792
independent_vector_shared_mlp,aggregate_mean_prediction,arm,69,191,70,121,0.36649214659685864,0.7338842975206612,0.6178658062470527,0.19987797027431528,0.08219294179803512,False,,0.2322127297825423,0.13924628308924836
independent_vector_shared_mlp,aggregate_mean_prediction,arm,70,188,68,120,0.3617021276595745,0.7322303921568627,0.6144182820216828,0.200512270664198,0.0975549545179493,False,,0.2308977106460057,0.13159697381492141
independent_vector_shared_mlp,aggregate_mean_prediction,arm,71,188,68,120,0.3617021276595745,0.731985294117647,0.6130087506313278,0.20055254151140417,0.09450347118309674,False,,0.23097949231386855,0.13173009645860012
independent_vector_shared_mlp,aggregate_mean_prediction,arm,72,187,68,119,0.36363636363636365,0.7278793870489372,0.6106941161779266,0.2032120756807261,0.10161519718640302,False,,0.23167965539804136,0.12287474991451464
independent_vector_shared_mlp,aggregate_mean_prediction,arm,73,186,67,119,0.3602150537634409,0.7450144236799198,0.6173821372514637,0.1990459983390646,0.10623828726493942,False,,0.23076634165305482,0.13745654191493872
independent_vector_shared_mlp,aggregate_mean_prediction,arm,74,184,66,118,0.358695652173913,0.7318952234206472,0.6186778391097113,0.20043420620141222,0.10841744849101412,False,,0.23040087800283238,0.13006318405197992
independent_vector_shared_mlp,aggregate_mean_prediction,arm,75,181,66,115,0.36464088397790057,0.7395256916996047,0.6305137051180854,0.20122857708285694,0.1322501141306685,False,,0.2324473685299053,0.1343047746442092
independent_vector_shared_mlp,aggregate_mean_prediction,arm,76,177,65,112,0.3672316384180791,0.7333791208791208,0.623261739212735,0.20476343100940073,0.11167200804756584,False,,0.23336877557517713,0.12257571517557841
independent_vector_shared_mlp,aggregate_mean_prediction,arm,77,175,64,111,0.3657142857142857,0.7421171171171171,0.6239592430839692,0.20687911940305923,0.1387220690550824,False,,0.23315957935411383,0.1127144765994832
independent_vector_shared_mlp,aggregate_mean_prediction,arm,78,172,63,109,0.36627906976744184,0.7342362021261104,0.6240270569647193,0.20594348471249285,0.12498602155093809,False,,0.2337615027817385,0.11900170788694464
independent_vector_shared_mlp,aggregate_mean_prediction,arm,79,170,63,107,0.37058823529411766,0.7381694110666073,0.6353416394172963,0.2080682026705713,0.13390661946197338,False,,0.23525343206531646,0.11555720635436839
independent_vector_shared_mlp,aggregate_mean_prediction,arm,80,167,62,105,0.3712574850299401,0.7402457757296467,0.6365873485299367,0.2099983622300252,0.15871557306959394,False,,0.23557750594495752,0.10858058630143097
independent_vector_shared_mlp,aggregate_mean_prediction,arm,81,166,61,105,0.3674698795180723,0.7342701014832163,0.6308308224785626,0.21215239459237772,0.1454338055096079,False,,0.23451793698774479,0.09536815257135667
independent_vector_shared_mlp,aggregate_mean_prediction,arm,82,164,60,104,0.36585365853658536,0.7267628205128205,0.6045178868212197,0.2136393430951473,0.14311241055184457,False,,0.234214988652722,0.08784939715400908
independent_vector_shared_mlp,aggregate_mean_prediction,arm,83,161,59,102,0.36645962732919257,0.7417746759720838,0.6453440127189145,0.2069348045599329,0.15125463252976326,False,,0.23471200905917994,0.11834590232766207
independent_vector_shared_mlp,aggregate_mean_prediction,arm,84,160,59,101,0.36875,0.7405604967276389,0.6532190383149162,0.20825718805543397,0.15406458335358647,False,,0.23574425320338244,0.11659696800428343
independent_vector_shared_mlp,aggregate_mean_prediction,arm,85,158,59,99,0.37341772151898733,0.743879472693032,0.640024838284302,0.21095292265672552,0.13273122337469603,False,,0.23768789556962025,0.11247932019770812
independent_vector_shared_mlp,aggregate_mean_prediction,arm,86,154,58,96,0.37662337662337664,0.7372485632183908,0.6472456930220373,0.21302957500582273,0.1575279526712567,False,,0.23901611634451145,0.10872296703722029
independent_vector_shared_mlp,aggregate_mean_prediction,arm,87,152,57,95,0.375,0.7324099722991689,0.6397680045569215,0.21527743250081646,0.15678956796469384,False,,0.23858231808496275,0.09768069055246187
independent_vector_shared_mlp,aggregate_mean_prediction,arm,88,146,53,93,0.363013698630137,0.7352404138770542,0.6378339356653631,0.20815412651331855,0.13691567706150315,False,,0.23427553988856942,0.11149867966444649
independent_vector_shared_mlp,aggregate_mean_prediction,arm,89,143,53,90,0.3706293706293706,0.7375262054507338,0.6524275045042623,0.21210987696383435,0.13015288153149468,False,,0.23745541655576263,0.10673809829044811
independent_vector_shared_mlp,aggregate_mean_prediction,arm,90,141,51,90,0.3617021276595745,0.7326797385620915,0.631992947463512,0.20720318188565554,0.1350641671925569,False,,0.23367858184251059,0.11329835943072586
independent_vector_shared_mlp,aggregate_mean_prediction,arm,91,139,48,91,0.34532374100719426,0.7591575091575091,0.6476808730798427,0.1926348695750122,0.11432897583743784,False,,0.22768772473617443,0.15395144908131775
independent_vector_shared_mlp,aggregate_mean_prediction,arm,92,135,46,89,0.34074074074074073,0.7464582315583781,0.6171901486139497,0.1971241768425982,0.11157018798534321,False,,0.22591388888888897,0.12743666265003473
independent_vector_shared_mlp,aggregate_mean_prediction,arm,93,132,43,89,0.32575757575757575,0.7739743924745232,0.638072356466202,0.17953928858585513,0.09173537635007725,False,,0.22028571160860058,0.18497079417998252
independent_vector_shared_mlp,aggregate_mean_prediction,arm,94,130,42,88,0.3230769230769231,0.7651515151515151,0.6438332301599308,0.18091301559954207,0.1314781754797425,False,,0.21924286683869443,0.17482827054689598
independent_vector_shared_mlp,aggregate_mean_prediction,arm,95,126,41,85,0.3253968253968254,0.7598278335724534,0.614101282382523,0.1861899541760518,0.10209807055637332,False,,0.22039710651866717,0.1552069030439749
independent_vector_shared_mlp,aggregate_mean_prediction,arm,96,126,41,85,0.3253968253968254,0.7477761836441894,0.611480397652104,0.18824479010009523,0.12971503195550746,False,,0.22045904015254894,0.14612351587017125
independent_vector_shared_mlp,aggregate_mean_prediction,arm,97,126,41,85,0.3253968253968254,0.7546628407460545,0.6118639259281082,0.18647007673515315,0.120781747504444,False,,0.2205504616828349,0.15452420587852334
independent_vector_shared_mlp,aggregate_mean_prediction,arm,98,125,40,85,0.32,0.7570588235294118,0.600797595461542,0.18523543563113987,0.1086542150712874,False,,0.218540903926272,0.1523992428729417
independent_vector_shared_mlp,aggregate_mean_prediction,arm,99,123,40,83,0.3252032520325203,0.7647590361445783,0.6232221898416247,0.1865213850160959,0.14925542860574625,False,,0.22095226188541764,0.15582948359757942
independent_vector_shared_mlp,aggregate_mean_prediction,gripper,1,337,314,23,0.9317507418397626,0.868457490999723,0.9890883527871558,0.055201739480224485,0.034695654290822026,False,,0.06359143714417013,0.13193124799059197
independent_vector_shared_mlp,aggregate_mean_prediction,gripper,2,335,296,39,0.8835820895522388,0.8895530145530145,0.9845675201502091,0.07993107312964573,0.04025993442703771,False,,0.10286703637014291,0.22296708498500428
independent_vector_shared_mlp,aggregate_mean_prediction,gripper,3,332,280,52,0.8433734939759037,0.89375,0.9796565822334651,0.09425147910089064,0.047610152710464884,False,,0.13213446701087386,0.2867002740993059
independent_vector_shared_mlp,aggregate_mean_prediction,gripper,4,330,272,58,0.8242424242424242,0.9052991886409736,0.9790128019795548,0.09253281711024841,0.03401532225167889,False,,0.14490395122572794,0.3614196415796628
independent_vector_shared_mlp,aggregate_mean_prediction,gripper,5,330,265,65,0.803030303030303,0.91744557329463,0.9793773510876291,0.09158223924809362,0.03824339698938994,False,,0.15840004540146527,0.42182946339454486
independent_vector_shared_mlp,aggregate_mean_prediction,gripper,6,329,256,73,0.7781155015197568,0.9151862157534246,0.9735592169318424,0.09262197448068367,0.03192248550382058,False,,0.17297166030970518,0.4645251464034956
independent_vector_shared_mlp,aggregate_mean_prediction,gripper,7,328,251,77,0.7652439024390244,0.9259585036477467,0.9751915107539243,0.08881336798069234,0.036530462132849086,False,,0.18042107651701325,0.5077439415881244
independent_vector_shared_mlp,aggregate_mean_prediction,gripper,8,325,246,79,0.7569230769230769,0.9190079242564577,0.964775396110507,0.09258165493078149,0.04012185333009483,False,,0.1857628908801514,0.5016138342156164
independent_vector_shared_mlp,aggregate_mean_prediction,gripper,9,325,239,86,0.7353846153846154,0.925902500729785,0.965058756772748,0.09316757381850135,0.05112434893254688,False,,0.1965488895963183,0.5259827007425304
independent_vector_shared_mlp,aggregate_mean_prediction,gripper,10,324,232,92,0.7160493827160493,0.9311281859070465,0.9668907658238026,0.0932777989607126,0.0541603627345521,False,,0.20466237500562065,0.5442357250171121
independent_vector_shared_mlp,aggregate_mean_prediction,gripper,11,322,228,94,0.7080745341614907,0.9294979469951474,0.962997884717427,0.09597087048867604,0.057944964177339686,False,,0.20845816814296314,0.5396156871969725
independent_vector_shared_mlp,aggregate_mean_prediction,gripper,12,321,225,96,0.7009345794392523,0.9256944444444445,0.9603958129646201,0.10251863080528548,0.06378961905901696,False,,0.21237493640592467,0.5172752842673695
independent_vector_shared_mlp,aggregate_mean_prediction,gripper,13,318,212,106,0.6666666666666666,0.9127358490566038,0.9403774536800699,0.10908500645905486,0.03942097193931445,False,,0.2233607429740432,0.5116196113668388
independent_vector_shared_mlp,aggregate_mean_prediction,gripper,14,315,205,110,0.6507936507936508,0.9025277161862528,0.9326571441282939,0.11831906126472827,0.043964756343020286,False,,0.22807983857763173,0.4812384031723351
independent_vector_shared_mlp,aggregate_mean_prediction,gripper,15,314,193,121,0.6146496815286624,0.9175694771549694,0.938646082982198,0.1077244536851893,0.04286801759805153,False,,0.23700370996502057,0.5454735552405978
independent_vector_shared_mlp,aggregate_mean_prediction,gripper,16,312,184,128,0.5897435897435898,0.916015625,0.9318236998069891,0.11181327438737995,0.03947421721755232,False,,0.24215488744748753,0.5382572056835846
independent_vector_shared_mlp,aggregate_mean_prediction,gripper,17,311,176,135,0.5659163987138264,0.9184343434343434,0.9220705283365137,0.11214711438980371,0.0634667107286672,False,,0.2458035169425484,0.5437530114102647
independent_vector_shared_mlp,aggregate_mean_prediction,gripper,18,309,160,149,0.517799352750809,0.9305369127516778,0.924757534661202,0.10171456705948934,0.05008706196669833,False,,0.24975347938457917,0.5927401399567064
independent_vector_shared_mlp,aggregate_mean_prediction,gripper,19,309,153,156,0.49514563106796117,0.9321685939332998,0.9197837005003321,0.09879586176452337,0.044666207772439334,False,,0.2500673964534471,0.6049230600802638
independent_vector_shared_mlp,aggregate_mean_prediction,gripper,20,306,146,160,0.477124183006536,0.9399400684931507,0.9210003551793893,0.09370145348704684,0.052301422839763585,False,,0.24948029994457863,0.6244134165789348
independent_vector_shared_mlp,aggregate_mean_prediction,gripper,21,306,145,161,0.4738562091503268,0.9374598415078175,0.9204572357464248,0.0977798322397651,0.048327594269953277,False,,0.24956314376995264,0.6081960230077139
independent_vector_shared_mlp,aggregate_mean_prediction,gripper,22,306,138,168,0.45098039215686275,0.9294772256728778,0.9061361699752767,0.10458649147682787,0.051688710951144294,False,,0.24774822689478582,0.5778517053878094
independent_vector_shared_mlp,aggregate_mean_prediction,gripper,23,305,126,179,0.4131147540983607,0.9253790901835595,0.8913233663379174,0.10545057789094026,0.031225605673277496,False,,0.2425088686855028,0.5651681587460059
independent_vector_shared_mlp,aggregate_mean_prediction,gripper,24,303,117,186,0.38613861386138615,0.9245933278191343,0.882259074629357,0.1063293868157485,0.02956098501712157,False,,0.2370976651430015,0.551537604760394
independent_vector_shared_mlp,aggregate_mean_prediction,gripper,25,300,114,186,0.38,0.9287398604036974,0.882116968596102,0.10374036990017584,0.029478694792987595,False,,0.23566731470532218,0.5598016210695466
independent_vector_shared_mlp,aggregate_mean_prediction,gripper,26,296,107,189,0.3614864864864865,0.9395737526578648,0.8984326909535661,0.09216990984462597,0.021695926891145675,False,,0.23083555418203433,0.6007118133459552
independent_vector_shared_mlp,aggregate_mean_prediction,gripper,27,294,104,190,0.35374149659863946,0.9355263157894737,0.8863172283744928,0.09620678511511271,0.032902202795594075,False,,0.22860850979080902,0.5791635875534646
independent_vector_shared_mlp,aggregate_mean_prediction,gripper,28,291,97,194,0.3333333333333333,0.9350090339037093,0.8829752444095023,0.09587955625185669,0.028679595534629006,False,,0.2222491229459893,0.5685942199413889
independent_vector_shared_mlp,aggregate_mean_prediction,gripper,29,289,92,197,0.31833910034602075,0.9339549768263077,0.882143520420014,0.09695456218547492,0.05379184489102434,False,,0.21703613741666608,0.5532791758114387
independent_vector_shared_mlp,aggregate_mean_prediction,gripper,30,289,88,201,0.3044982698961938,0.9218113975576662,0.8561090328226257,0.10351268751624296,0.05141094625556534,False,,0.2118106692432871,0.5112961595086241
independent_vector_shared_mlp,aggregate_mean_prediction,gripper,31,288,81,207,0.28125,0.9191864972863363,0.8168539875151902,0.10063554204048507,0.03853439871408909,False,,0.20226550194733045,0.5024581993883941
independent_vector_shared_mlp,aggregate_mean_prediction,gripper,32,287,81,206,0.28222996515679444,0.9175356586359823,0.8130380204542293,0.10221312347552049,0.046453001830303514,False,,0.20259254553106232,0.49547441043506335
independent_vector_shared_mlp,aggregate_mean_prediction,gripper,33,284,74,210,0.2605633802816901,0.9203989703989705,0.8061600365495469,0.09512857200934825,0.056480532495403406,False,,0.19274340898920336,0.5064496757205486
independent_vector_shared_mlp,aggregate_mean_prediction,gripper,34,284,70,214,0.24647887323943662,0.9153538050734312,0.7993519143230042,0.09304986404599128,0.06498664800082828,False,,0.1857728771101695,0.4991202941277073
independent_vector_shared_mlp,aggregate_mean_prediction,gripper,35,283,67,216,0.23674911660777384,0.921710889994472,0.7957215849405047,0.08682681524584486,0.04905257072403846,False,,0.18075380150982343,0.51964044727919
independent_vector_shared_mlp,aggregate_mean_prediction,gripper,36,281,63,218,0.22419928825622776,0.9284258045725936,0.8016191264404935,0.08275412630125634,0.03875899303206742,False,,0.17393546464784382,0.5242251114871633
independent_vector_shared_mlp,aggregate_mean_prediction,gripper,37,280,55,225,0.19642857142857142,0.9324444444444444,0.8071081390212437,0.06900118978428946,0.03203287748824768,False,,0.1579790302921381,0.563225640411319
independent_vector_shared_mlp,aggregate_mean_prediction,gripper,38,277,54,223,0.19494584837545126,0.9357249626307922,0.8174178333625427,0.06710609052085348,0.035289588115229045,False,,0.15701879550748443,0.572623835866485
independent_vector_shared_mlp,aggregate_mean_prediction,gripper,39,274,50,224,0.18248175182481752,0.9324107142857143,0.7979200942039714,0.06695054241441493,0.030041477445897975,False,,0.14918793380136858,0.5512335300282792
independent_vector_shared_mlp,aggregate_mean_prediction,gripper,40,270,49,221,0.1814814814814815,0.9278788438452304,0.7896504611277952,0.06876972086539897,0.04027354613695887,False,,0.14854626292991213,0.5370484621491538
independent_vector_shared_mlp,aggregate_mean_prediction,gripper,41,267,46,221,0.17228464419475656,0.939799331103679,0.806776818093863,0.06136729520714919,0.03724870892094616,False,,0.14260887997369084,0.5696811080875853
independent_vector_shared_mlp,aggregate_mean_prediction,gripper,42,264,44,220,0.16666666666666666,0.9461776859504132,0.8224428182709057,0.05682152131168834,0.03649091604945877,False,,0.13891587867913816,0.590964532982351
independent_vector_shared_mlp,aggregate_mean_prediction,gripper,43,259,43,216,0.16602316602316602,0.9383074935400517,0.8103817291505733,0.059022820072580945,0.034942363922208196,False,,0.1384606105118926,0.5737212203934967
independent_vector_shared_mlp,aggregate_mean_prediction,gripper,44,256,38,218,0.1484375,0.9425398358281024,0.8053809152195701,0.055496849633740485,0.026464519347694726,False,,0.12650483978825405,0.561306510275559
independent_vector_shared_mlp,aggregate_mean_prediction,gripper,45,252,38,214,0.15079365079365079,0.9430644367929168,0.8069976271361986,0.056122896951019546,0.02767141928828145,False,,0.1280791197208624,0.5618107223618132
independent_vector_shared_mlp,aggregate_mean_prediction,gripper,46,248,38,210,0.1532258064516129,0.9432330827067669,0.8188167938276631,0.05570479672874386,0.030437103817565852,False,,0.1297503922025234,0.5706772381713039
independent_vector_shared_mlp,aggregate_mean_prediction,gripper,47,245,35,210,0.14285714285714285,0.9620408163265306,0.8183495399016824,0.04939698033862545,0.02048740284032111,False,,0.12256517119244395,0.5969737580583518
independent_vector_shared_mlp,aggregate_mean_prediction,gripper,48,244,33,211,0.13524590163934427,0.9629470056010341,0.8238886917069685,0.04663992605484669,0.024875946507967202,False,,0.11726565029519984,0.6022712027142031
independent_vector_shared_mlp,aggregate_mean_prediction,gripper,49,242,31,211,0.128099173553719,0.9732456810885186,0.8469269852813226,0.042477373364043815,0.0399718328762524,False,,0.11211649845665764,0.6211318231592395
independent_vector_shared_mlp,aggregate_mean_prediction,gripper,50,238,31,207,0.13025210084033614,0.9714820009350164,0.8361115356790391,0.044395494923361846,0.044976271447017865,False,,0.1136975757827116,0.6095299779459991
independent_vector_shared_mlp,aggregate_mean_prediction,gripper,51,232,31,201,0.1336206896551724,0.9720751083293211,0.8464171612441277,0.04358992162119496,0.024632044369603114,False,,0.11606659653821398,0.6244404253997116
independent_vector_shared_mlp,aggregate_mean_prediction,gripper,52,229,30,199,0.13100436681222707,0.9701842546063651,0.8365562272142809,0.04587072466251447,0.03314994896408134,False,,0.11421835145889767,0.5983944429541045
independent_vector_shared_mlp,aggregate_mean_prediction,gripper,53,224,30,194,0.13392857142857142,0.9716494845360825,0.8410182136216633,0.04483121749373459,0.028989994239611374,False,,0.11622311335421984,0.6142659046045349
independent_vector_shared_mlp,aggregate_mean_prediction,gripper,54,219,29,190,0.1324200913242009,0.9718693284936479,0.8517667686902913,0.04557345652139744,0.02962440003620136,False,,0.11513058232698564,0.6041585510966758
independent_vector_shared_mlp,aggregate_mean_prediction,gripper,55,219,29,190,0.1324200913242009,0.9676950998185118,0.8292095763132806,0.048304383675166124,0.027492575508280017,False,,0.11509885285257244,0.5803226315640336
independent_vector_shared_mlp,aggregate_mean_prediction,gripper,56,217,29,188,0.1336405529953917,0.969002201027146,0.8385663510980544,0.047827080380972505,0.0303113607377784,False,,0.11586710086244759,0.5872246735701901
independent_vector_shared_mlp,aggregate_mean_prediction,gripper,57,216,29,187,0.13425925925925927,0.9675456389452333,0.8228968439167063,0.049941060416117115,0.023970242681369897,False,,0.11626691351088787,0.5704619748812687
independent_vector_shared_mlp,aggregate_mean_prediction,gripper,58,211,29,182,0.13744075829383887,0.9666540356195529,0.8264503051819692,0.05173379221276996,0.026112826222690417,False,,0.11855624825682844,0.5636350426617833
independent_vector_shared_mlp,aggregate_mean_prediction,gripper,59,209,28,181,0.1339712918660287,0.9632991318074191,0.8102678656372954,0.053304739143474535,0.042671705286240695,False,,0.11604808034517085,0.5406667737637185
independent_vector_shared_mlp,aggregate_mean_prediction,gripper,60,208,28,180,0.1346153846153846,0.9666666666666667,0.8192654259643141,0.052609612841284036,0.0341663746910372,False,,0.11660457844761679,0.5488203504383126
independent_vector_shared_mlp,aggregate_mean_prediction,gripper,61,206,28,178,0.13592233009708737,0.9636837881219904,0.8184036541161789,0.055341093512567385,0.032890601464572226,False,,0.11771027476025295,0.5298533316205092
independent_vector_shared_mlp,aggregate_mean_prediction,gripper,62,205,28,177,0.13658536585365855,0.9624697336561744,0.8058904997715605,0.05730676310168362,0.04513359676698264,False,,0.11833897007471905,0.5157405623396907
independent_vector_shared_mlp,aggregate_mean_prediction,gripper,63,201,27,174,0.13432835820895522,0.975095785440613,0.8435080507811926,0.05298533395771316,0.03751398921246944,False,,0.1167945679426601,0.5463373434993473
independent_vector_shared_mlp,aggregate_mean_prediction,gripper,64,198,26,172,0.13131313131313133,0.9760733452593918,0.848172007073133,0.052712381284407674,0.03980022887747061,False,,0.11468608006057224,0.5403768159434235
independent_vector_shared_mlp,aggregate_mean_prediction,gripper,65,197,23,174,0.116751269035533,0.9735132433783108,0.8082415220148299,0.050020631605133314,0.04609630307418042,False,,0.10340681121037314,0.5162733380940427
independent_vector_shared_mlp,aggregate_mean_prediction,gripper,66,195,23,172,0.11794871794871795,0.9752275025278059,0.8213365460833889,0.05058913180164429,0.03890240841503536,False,,0.10447413428302679,0.5157736204389571
independent_vector_shared_mlp,aggregate_mean_prediction,gripper,67,193,21,172,0.10880829015544041,0.9640088593576965,0.7136129905993369,0.05304350724639273,0.03785485853275119,False,,0.09730480633277068,0.45487269082073556
independent_vector_shared_mlp,aggregate_mean_prediction,gripper,68,191,20,171,0.10471204188481675,0.9628654970760234,0.7011969526783448,0.052442491774152285,0.04002620779180475,False,,0.09414767658834398,0.44297625098647453
independent_vector_shared_mlp,aggregate_mean_prediction,gripper,69,191,19,172,0.09947643979057591,0.9629742962056304,0.71287187517588,0.05038996967496195,0.03168940403779276,False,,0.08989326299428277,0.43944665043289444
independent_vector_shared_mlp,aggregate_mean_prediction,gripper,70,188,19,169,0.10106382978723404,0.9626284646527562,0.713103809330765,0.054757978767266624,0.04299386986562558,False,,0.09140209737368363,0.40091113507607024
independent_vector_shared_mlp,aggregate_mean_prediction,gripper,71,188,16,172,0.0851063829787234,0.9625726744186046,0.7001940359477123,0.043581920711227864,0.03994017564125296,False,,0.07805870452969811,0.4416776325739976
independent_vector_shared_mlp,aggregate_mean_prediction,gripper,72,187,14,173,0.0748663101604278,0.9653179190751445,0.6612818828154963,0.040851678164937094,0.039309977265012216,False,,0.06933959246521793,0.4108462897957025
independent_vector_shared_mlp,aggregate_mean_prediction,gripper,73,186,13,173,0.06989247311827956,0.9644286349488662,0.6421477994968399,0.039579709740053426,0.03843495183679016,False,,0.06505453345878505,0.39159182864436437
independent_vector_shared_mlp,aggregate_mean_prediction,gripper,74,184,11,173,0.059782608695652176,0.953757225433526,0.5638827070495428,0.03820949263920261,0.03496449437329709,False,,0.05624440005309801,0.3206524986819913
independent_vector_shared_mlp,aggregate_mean_prediction,gripper,75,181,10,171,0.055248618784530384,0.9456140350877194,0.5273090145148969,0.03704283570901246,0.016431635729088647,False,,0.05220174030923229,0.29039078985531164
independent_vector_shared_mlp,aggregate_mean_prediction,gripper,76,177,10,167,0.05649717514124294,0.9520958083832335,0.5669028300975563,0.03628683661602571,0.030761057979569524,False,,0.05337068486751734,0.3200979768931026
independent_vector_shared_mlp,aggregate_mean_prediction,gripper,77,175,9,166,0.05142857142857143,0.9417670682730924,0.4911575652954963,0.03655456985280763,0.02750148338804188,False,,0.04888753928609386,0.25227224796716985
independent_vector_shared_mlp,aggregate_mean_prediction,gripper,78,172,7,165,0.040697674418604654,0.9393939393939394,0.4948669122821542,0.029718816116974956,0.017235254306321945,False,,0.03908027807985544,0.2395444050769434
independent_vector_shared_mlp,aggregate_mean_prediction,gripper,79,170,5,165,0.029411764705882353,0.9551515151515152,0.5785714285714285,0.02007900975961121,0.014727522107726284,False,,0.028551777572927938,0.2967509743193849
independent_vector_shared_mlp,aggregate_mean_prediction,gripper,80,167,4,163,0.023952095808383235,0.9355828220858896,0.28846153846153844,0.022160364623309958,0.01680593789373494,False,,0.023424586241740552,0.05396985907814511
independent_vector_shared_mlp,aggregate_mean_prediction,gripper,81,166,1,165,0.006024096385542169,0.8424242424242424,0.037037037037037035,0.012202017560929044,0.021812207403603595,False,,0.006106164003498107,-0.9983114691873223
independent_vector_shared_mlp,aggregate_mean_prediction,gripper,82,164,1,163,0.006097560975609756,0.8282208588957055,0.034482758620689655,0.012083742652416232,0.021680687857687533,False,,0.006169909216549052,-0.9584960213036815
independent_vector_shared_mlp,aggregate_mean_prediction,gripper,83,161,1,160,0.006211180124223602,0.84375,0.038461538461538464,0.01111687119068909,0.018049869848479966,False,,0.006197849728804866,-0.7936658159075374
independent_vector_shared_mlp,aggregate_mean_prediction,gripper,84,160,1,159,0.00625,0.8490566037735849,0.04,0.011700981337957342,0.020397404438696035,False,,0.0062380098933751595,-0.8757554954159215
independent_vector_shared_mlp,aggregate_mean_prediction,gripper,85,158,1,157,0.006329113924050633,0.8407643312101911,0.038461538461538464,0.011095731054189085,0.018676627903332476,False,,0.0062947770262406656,-0.7626884968180709
independent_vector_shared_mlp,aggregate_mean_prediction,gripper,86,154,1,153,0.006493506493506494,0.8366013071895425,0.038461538461538464,0.010723349176893774,0.01674905627567267,False,,0.0064522271719518855,-0.661960884376273
independent_vector_shared_mlp,aggregate_mean_prediction,gripper,87,152,1,151,0.006578947368421052,0.8410596026490066,0.04,0.010394557650151643,0.01584595360924165,False,,0.006539827927462256,-0.5894237226796872
independent_vector_shared_mlp,aggregate_mean_prediction,gripper,88,146,1,145,0.00684931506849315,0.8551724137931035,0.045454545454545456,0.009453121494271195,0.012141542289831967,False,,0.006811349769706005,-0.38784849022357815
independent_vector_shared_mlp,aggregate_mean_prediction,gripper,89,143,1,142,0.006993006993006993,0.8591549295774648,0.047619047619047616,0.010567804325390394,0.014469425005947641,False,,0.006958971670390357,-0.5185870594006314
independent_vector_shared_mlp,aggregate_mean_prediction,gripper,90,141,1,140,0.0070921985815602835,0.8571428571428571,0.047619047619047616,0.010192223582564596,0.012650865192384356,False,,0.007063861877536558,-0.4428684704292405
independent_vector_shared_mlp,aggregate_mean_prediction,gripper,91,139,1,138,0.007194244604316547,0.855072463768116,0.047619047619047616,0.010358651705921006,0.012638725285472004,False,,0.007164890734978138,-0.44575152491179093
independent_vector_shared_mlp,aggregate_mean_prediction,gripper,92,135,0,135,0.0,,,0.0035899859685188016,0.01913202722459818,True,one_label_class,6.944444444444447e-07,-5168.579794667073
independent_vector_shared_mlp,aggregate_mean_prediction,gripper,93,132,0,132,0.0,,,0.0034442743105462265,0.019668108156546127,True,one_label_class,7.157560817794269e-07,-4811.078301847586
independent_vector_shared_mlp,aggregate_mean_prediction,gripper,94,130,0,130,0.0,,,0.0028232017142540635,0.017639508202826237,True,one_label_class,7.548303481051114e-07,-3739.1804542454984
independent_vector_shared_mlp,aggregate_mean_prediction,gripper,95,126,0,126,0.0,,,0.0035309843399725475,0.019999656569035105,True,one_label_class,7.790048835816154e-07,-4531.685756395018
independent_vector_shared_mlp,aggregate_mean_prediction,gripper,96,126,0,126,0.0,,,0.0029237514632489813,0.01770321431490839,True,one_label_class,8.219567667179844e-07,-3556.062343951879
independent_vector_shared_mlp,aggregate_mean_prediction,gripper,97,126,0,126,0.0,,,0.0036151455453551826,0.02055356987183247,True,one_label_class,8.447772491349479e-07,-4278.406848440926
independent_vector_shared_mlp,aggregate_mean_prediction,gripper,98,125,0,125,0.0,,,0.0031821145653767344,0.019266874743070615,True,one_label_class,0.0,
independent_vector_shared_mlp,aggregate_mean_prediction,gripper,99,123,0,123,0.0,,,0.003174749652043897,0.017691256876093835,True,one_label_class,0.0,
monotone_conditional_survival_shared_mlp,aggregate_mean_prediction,arm,1,337,337,0,1.0,,,0.00025912116655399685,0.005955104479164235,True,one_label_class,0.0,
monotone_conditional_survival_shared_mlp,aggregate_mean_prediction,arm,2,335,335,0,1.0,,,0.0006306455891472276,0.009263284229837122,True,one_label_class,1.0971696205580633e-07,-5746.9315625459685
monotone_conditional_survival_shared_mlp,aggregate_mean_prediction,arm,3,332,331,1,0.9969879518072289,0.8761329305135952,0.9996024177014149,0.0036303401454325225,0.007853940976520833,False,,0.003004796264678611,-0.20818179525420133
monotone_conditional_survival_shared_mlp,aggregate_mean_prediction,arm,4,330,329,1,0.996969696969697,0.8571428571428571,0.9995337556256516,0.00397944690069008,0.010382984205959211,False,,0.003022871542024776,-0.3164459175213816
monotone_conditional_survival_shared_mlp,aggregate_mean_prediction,arm,5,330,328,2,0.9939393939393939,0.9298780487804879,0.9995590439545273,0.0066794028870867895,0.009178361924230482,False,,0.006024325535756637,-0.10873870401624597
monotone_conditional_survival_shared_mlp,aggregate_mean_prediction,arm,6,329,325,4,0.9878419452887538,0.8692307692307693,0.9982247498150152,0.012413304642769653,0.010705543874553922,False,,0.01201067190430174,-0.03352291542688013
monotone_conditional_survival_shared_mlp,aggregate_mean_prediction,arm,7,328,323,5,0.9847560975609756,0.7009287925696595,0.9921410394932183,0.016607404295022173,0.017174360650522715,False,,0.015017613294873156,-0.10586176171494266
monotone_conditional_survival_shared_mlp,aggregate_mean_prediction,arm,8,325,318,7,0.9784615384615385,0.7313566936208445,0.9902667037108629,0.023339516070910667,0.021970871271155844,False,,0.021126667479450995,-0.1047419614859757
monotone_conditional_survival_shared_mlp,aggregate_mean_prediction,arm,9,325,311,14,0.9569230769230769,0.7563160312356454,0.9839040998010725,0.04087018502186162,0.02086707439123735,False,,0.04122266349263274,0.008550599134238723
monotone_conditional_survival_shared_mlp,aggregate_mean_prediction,arm,10,324,303,21,0.9351851851851852,0.7804494735187805,0.9786059608662852,0.05703537305153478,0.01724777999193886,False,,0.060791990770155735,0.0617946158865581
monotone_conditional_survival_shared_mlp,aggregate_mean_prediction,arm,11,322,296,26,0.9192546583850931,0.7859927234927235,0.9730892513833311,0.06771038088229768,0.026998148933123252,False,,0.07468134188682278,0.09334273900821666
monotone_conditional_survival_shared_mlp,aggregate_mean_prediction,arm,12,321,291,30,0.9065420560747663,0.8108820160366552,0.9746095413437903,0.07481516663930507,0.027698730144856208,False,,0.08526306577824339,0.12253722105315512
monotone_conditional_survival_shared_mlp,aggregate_mean_prediction,arm,13,318,278,40,0.8742138364779874,0.7913669064748201,0.9605118914130961,0.09751466352957636,0.050653477211947656,False,,0.11188460825401847,0.1284354027661888
monotone_conditional_survival_shared_mlp,aggregate_mean_prediction,arm,14,315,271,44,0.8603174603174604,0.7978027507547802,0.9564349645287683,0.10150090333032544,0.05280992816083429,False,,0.12225693558849185,0.16977386320257315
monotone_conditional_survival_shared_mlp,aggregate_mean_prediction,arm,15,314,266,48,0.8471337579617835,0.7910401002506265,0.9502436726355736,0.10998341221323815,0.06790128470029828,False,,0.13137526221823445,0.1628301222300219
monotone_conditional_survival_shared_mlp,aggregate_mean_prediction,arm,16,312,262,50,0.8397435897435898,0.7917557251908397,0.9458976368951765,0.1119748539155687,0.048116461785686945,False,,0.13616860960986754,0.17767498517915115
monotone_conditional_survival_shared_mlp,aggregate_mean_prediction,arm,17,311,259,52,0.8327974276527331,0.7653697653697654,0.9293511052517303,0.11825570129062025,0.05358840081981267,False,,0.14052901066773527,0.1584961658185846
monotone_conditional_survival_shared_mlp,aggregate_mean_prediction,arm,18,309,257,52,0.8317152103559871,0.7605507333133792,0.9273852416724004,0.11983827362132755,0.049313313245671904,False,,0.14047852592407148,0.14692816689933064
monotone_conditional_survival_shared_mlp,aggregate_mean_prediction,arm,19,309,255,54,0.8252427184466019,0.7602759622367465,0.9232573414977377,0.11959770534708052,0.05640956721615296,False,,0.14465560902375854,0.1732245562117295
monotone_conditional_survival_shared_mlp,aggregate_mean_prediction,arm,20,306,250,56,0.8169934640522876,0.7474285714285714,0.9160059442676761,0.1266865455849953,0.06680173143639588,False,,0.14998623109982123,0.15534549634305528
monotone_conditional_survival_shared_mlp,aggregate_mean_prediction,arm,21,306,247,59,0.8071895424836601,0.7483016537432238,0.9108763155083549,0.13306794013677284,0.0599560270259125,False,,0.15614105014125432,0.14777094161726334
monotone_conditional_survival_shared_mlp,aggregate_mean_prediction,arm,22,306,245,61,0.8006535947712419,0.7269320843091335,0.897898726186254,0.13816314207015093,0.04976639494393693,False,,0.15997048742241848,0.13632105336206812
monotone_conditional_survival_shared_mlp,aggregate_mean_prediction,arm,23,305,238,67,0.780327868852459,0.7364229273799072,0.8924780748513559,0.14787569849028556,0.06282137349350815,False,,0.17229128530054183,0.14171109564634188
monotone_conditional_survival_shared_mlp,aggregate_mean_prediction,arm,24,303,233,70,0.768976897689769,0.7419987737584304,0.8898201647938002,0.15399446039243345,0.07317954773816393,False,,0.17862765779020476,0.13790248219400936
monotone_conditional_survival_shared_mlp,aggregate_mean_prediction,arm,25,300,227,73,0.7566666666666667,0.7372518254782451,0.8801003513274631,0.1603170033726136,0.07769207025452163,False,,0.18537679386254033,0.13518299657566069
monotone_conditional_survival_shared_mlp,aggregate_mean_prediction,arm,26,296,219,77,0.7398648648648649,0.7380062859514914,0.873586297103215,0.16859870771046342,0.09055148413836529,False,,0.19401181586952818,0.1309874248904248
monotone_conditional_survival_shared_mlp,aggregate_mean_prediction,arm,27,294,214,80,0.7278911564625851,0.7272196261682243,0.8609194177426432,0.1766292625320073,0.0894836955197789,False,,0.19980111624891983,0.11597459589787351
monotone_conditional_survival_shared_mlp,aggregate_mean_prediction,arm,28,291,208,83,0.7147766323024055,0.7063832252085264,0.8428550550349327,0.18781890343682942,0.08532286948687076,False,,0.205568487434641,0.08634389550321975
monotone_conditional_survival_shared_mlp,aggregate_mean_prediction,arm,29,289,206,83,0.71280276816609,0.7072172183881156,0.8416100729462933,0.19043283945917647,0.08188346886864332,False,,0.2059465129149699,0.07532865323239846
monotone_conditional_survival_shared_mlp,aggregate_mean_prediction,arm,30,289,200,89,0.6920415224913494,0.7079213483146067,0.8359860642623831,0.19485364930290888,0.08958111729373391,False,,0.21519484327673813,0.09452454187143644
monotone_conditional_survival_shared_mlp,aggregate_mean_prediction,arm,31,288,196,92,0.6805555555555556,0.7037488908606921,0.8096614573388328,0.19899096151077933,0.09069654603971672,False,,0.21930260462977857,0.0926192516194182
monotone_conditional_survival_shared_mlp,aggregate_mean_prediction,arm,32,287,194,93,0.6759581881533101,0.7022503048442523,0.8084655176850492,0.2007579477420175,0.08890700726489485,False,,0.2207107478502448,0.09040248516472582
monotone_conditional_survival_shared_mlp,aggregate_mean_prediction,arm,33,284,187,97,0.6584507042253521,0.6766084128121727,0.7809576187645343,0.21492811346991963,0.10403009789409741,False,,0.2275188474006327,0.055339300785672174
monotone_conditional_survival_shared_mlp,aggregate_mean_prediction,arm,34,284,182,102,0.6408450704225352,0.6887524240465417,0.7890018454042919,0.21852765076564257,0.10553416315455309,False,,0.23412855849132957,0.06663393746673052
monotone_conditional_survival_shared_mlp,aggregate_mean_prediction,arm,35,283,179,104,0.6325088339222615,0.688117748173614,0.7774290144381524,0.21820564317007973,0.09623561726438888,False,,0.23627333847444035,0.07646946295768853
monotone_conditional_survival_shared_mlp,aggregate_mean_prediction,arm,36,281,175,106,0.6227758007117438,0.6907277628032344,0.7737014072513622,0.22173712032741696,0.10613010681403397,False,,0.23934758713372956,0.07357695566186417
monotone_conditional_survival_shared_mlp,aggregate_mean_prediction,arm,37,280,173,107,0.6178571428571429,0.6965588028739669,0.7735894284831537,0.22116395685795642,0.10866222428746333,False,,0.24016343054374698,0.07911060248754109
monotone_conditional_survival_shared_mlp,aggregate_mean_prediction,arm,38,277,167,110,0.6028880866425993,0.6901469787697333,0.7663897510787598,0.22767898700383943,0.12367737121377716,False,,0.24459527893859329,0.06916033706031077
monotone_conditional_survival_shared_mlp,aggregate_mean_prediction,arm,39,274,164,110,0.5985401459854015,0.6923503325942351,0.7660990814719807,0.22659167090626348,0.1188439274291281,False,,0.24581881055496513,0.07821671419406062
monotone_conditional_survival_shared_mlp,aggregate_mean_prediction,arm,40,270,161,109,0.5962962962962963,0.7014074876061314,0.7698356502730208,0.22301509624790594,0.11359221144698871,False,,0.2452471856268681,0.09065176149579635
monotone_conditional_survival_shared_mlp,aggregate_mean_prediction,arm,41,267,159,108,0.5955056179775281,0.7117982762636851,0.773881617055564,0.21621630815385096,0.09033058956406853,False,,0.24477517958980743,0.1166738861506107
monotone_conditional_survival_shared_mlp,aggregate_mean_prediction,arm,42,264,155,109,0.5871212121212122,0.713347144125481,0.7690001743205893,0.21703326227229244,0.08780769136700457,False,,0.24589627668217406,0.11737881841613917
monotone_conditional_survival_shared_mlp,aggregate_mean_prediction,arm,43,259,153,106,0.5907335907335908,0.7190775681341719,0.7785605163195494,0.2118378820859351,0.07496208440567229,False,,0.24358215358215365,0.13032264896825485
monotone_conditional_survival_shared_mlp,aggregate_mean_prediction,arm,44,256,146,110,0.5703125,0.7046077210460772,0.757053686838094,0.22016503542563753,0.09825649474573508,False,,0.2471974872798964,0.10935569026901393
monotone_conditional_survival_shared_mlp,aggregate_mean_prediction,arm,45,252,143,109,0.5674603174603174,0.7148906139731828,0.7605457773466721,0.21563071932904374,0.08372270509110662,False,,0.24701008607493533,0.12703678317156675
monotone_conditional_survival_shared_mlp,aggregate_mean_prediction,arm,46,248,137,111,0.5524193548387096,0.7118432300914053,0.7488613212448118,0.21914349534491417,0.0898039998655481,False,,0.24840636013022163,0.1178023975310738
monotone_conditional_survival_shared_mlp,aggregate_mean_prediction,arm,47,245,131,114,0.5346938775510204,0.7055042185616713,0.7344442409664441,0.2248748932468766,0.09915475068810735,False,,0.25049502867262613,0.10227801949408222
monotone_conditional_survival_shared_mlp,aggregate_mean_prediction,arm,48,244,127,117,0.5204918032786885,0.7035466720506091,0.723699304192345,0.22748541640715209,0.09616301405023182,False,,0.2511999252590032,0.09440492001500378
monotone_conditional_survival_shared_mlp,aggregate_mean_prediction,arm,49,242,122,120,0.5041322314049587,0.7021174863387978,0.7087901562685262,0.22883442963929665,0.10594063264411128,False,,0.25199945364392295,0.09192489773155876
monotone_conditional_survival_shared_mlp,aggregate_mean_prediction,arm,50,238,114,124,0.4789915966386555,0.7047255234861347,0.690692183138614,0.22792389238772626,0.1056270201317947,False,,0.25253603535914615,0.09745992462587583
monotone_conditional_survival_shared_mlp,aggregate_mean_prediction,arm,51,232,108,124,0.46551724137931033,0.7163231780167264,0.6867552142545675,0.22287137225935366,0.10381131911296843,False,,0.2519718401668731,0.11549095283126509
monotone_conditional_survival_shared_mlp,aggregate_mean_prediction,arm,52,229,106,123,0.462882096069869,0.7165209387942936,0.6815717308208544,0.2212879742124375,0.10972090808778209,False,,0.2505661906732054,0.11684823232577801
monotone_conditional_survival_shared_mlp,aggregate_mean_prediction,arm,53,224,104,120,0.4642857142857143,0.7120192307692308,0.6748090245507515,0.22222371464523258,0.09992173202123357,False,,0.24966444408645325,0.10991044216019219
monotone_conditional_survival_shared_mlp,aggregate_mean_prediction,arm,54,219,100,119,0.45662100456621,0.7157983193277311,0.6719288067831415,0.21952911642030892,0.09607140936397286,False,,0.24895527193982547,0.11819856350191726
monotone_conditional_survival_shared_mlp,aggregate_mean_prediction,arm,55,219,99,120,0.4520547945205479,0.7216329966329966,0.6727646322188864,0.21748968594498969,0.09293192118441503,False,,0.24830932196979622,0.12411791784665804
monotone_conditional_survival_shared_mlp,aggregate_mean_prediction,arm,56,217,95,122,0.4377880184331797,0.717083692838654,0.6650865467109544,0.22041904126304854,0.11217922882829093,False,,0.2467231406746477,0.10661383176167583
monotone_conditional_survival_shared_mlp,aggregate_mean_prediction,arm,57,216,93,123,0.4305555555555556,0.7116006643937407,0.6457341767098131,0.22217957723902154,0.12058686542481081,False,,0.24567182629589382,0.09562451425983853
monotone_conditional_survival_shared_mlp,aggregate_mean_prediction,arm,58,211,91,120,0.4312796208530806,0.7124542124542125,0.6454984461457391,0.22095275566385525,0.1200279729396776,False,,0.2453854941634914,0.0995687971814565
monotone_conditional_survival_shared_mlp,aggregate_mean_prediction,arm,59,209,88,121,0.42105263157894735,0.7148760330578512,0.6379645849584559,0.21961951868451868,0.11313405939594776,False,,0.24393184879245497,0.09966853540564935
monotone_conditional_survival_shared_mlp,aggregate_mean_prediction,arm,60,208,86,122,0.41346153846153844,0.7193099504384293,0.6374952219712718,0.21808380126189467,0.11805528469553951,False,,0.24272303930132316,0.10151173992527618
monotone_conditional_survival_shared_mlp,aggregate_mean_prediction,arm,61,206,84,122,0.4077669902912621,0.7273614363778298,0.6406768761511846,0.21395705954633631,0.12093286942859137,False,,0.24161278287695348,0.1144629973684026
monotone_conditional_survival_shared_mlp,aggregate_mean_prediction,arm,62,205,83,122,0.40487804878048783,0.7280268615445388,0.6409550841489122,0.21145712674255346,0.11078786215398426,False,,0.2409881385710734,0.12254134997524169
monotone_conditional_survival_shared_mlp,aggregate_mean_prediction,arm,63,201,78,123,0.3880597014925373,0.7165937043985825,0.6210236949570954,0.21450245777161966,0.1046056416208659,False,,0.23770773753538663,0.0976210535019395
monotone_conditional_survival_shared_mlp,aggregate_mean_prediction,arm,64,198,77,121,0.3888888888888889,0.7261994204142964,0.6292493625017739,0.2092019887523618,0.08736581139104027,False,,0.23767072031013167,0.1197822412479822
monotone_conditional_survival_shared_mlp,aggregate_mean_prediction,arm,65,197,77,120,0.39086294416243655,0.7300865800865801,0.6311398238726704,0.2073974366505403,0.09211250653274203,False,,0.23813094094436135,0.12906136502858667
monotone_conditional_survival_shared_mlp,aggregate_mean_prediction,arm,66,195,74,121,0.37948717948717947,0.7290596381505472,0.6246839673546417,0.20654393472587362,0.096153402615416,False,,0.2354781453970776,0.122874293163866
monotone_conditional_survival_shared_mlp,aggregate_mean_prediction,arm,67,193,72,121,0.37305699481865284,0.7330119375573921,0.6300444009134509,0.2036135666584154,0.09081425128780692,False,,0.23388584674877022,0.129431859649344
monotone_conditional_survival_shared_mlp,aggregate_mean_prediction,arm,68,191,71,120,0.3717277486910995,0.7384976525821596,0.6371677830125255,0.20076988930887216,0.0814102347315047,False,,0.23357386728020435,0.1404436992601542
monotone_conditional_survival_shared_mlp,aggregate_mean_prediction,arm,69,191,70,121,0.36649214659685864,0.7409681227863046,0.6311708084672555,0.19925990660448734,0.07550017074995002,False,,0.2322127297825423,0.14190791008276726
monotone_conditional_survival_shared_mlp,aggregate_mean_prediction,arm,70,188,68,120,0.3617021276595745,0.7457107843137255,0.6319248201245342,0.1966344682691846,0.07841862101765114,False,,0.2308977106460057,0.14839143394258603
monotone_conditional_survival_shared_mlp,aggregate_mean_prediction,arm,71,188,68,120,0.3617021276595745,0.7427696078431373,0.6277260819651371,0.1969410056619563,0.07684207006342693,False,,0.23097949231386855,0.14736583889299903
monotone_conditional_survival_shared_mlp,aggregate_mean_prediction,arm,72,187,68,119,0.36363636363636365,0.7409787444389521,0.6289312653936914,0.1971020455980203,0.07504030725016757,False,,0.23167965539804136,0.14924750186033542
monotone_conditional_survival_shared_mlp,aggregate_mean_prediction,arm,73,186,67,119,0.3602150537634409,0.7443873071616707,0.6272822382891282,0.19569532912783286,0.06805522680769524,False,,0.23076634165305482,0.15197629027698245
monotone_conditional_survival_shared_mlp,aggregate_mean_prediction,arm,74,184,66,118,0.358695652173913,0.7469183359013868,0.6298773146014112,0.1943644284567575,0.0685397218839622,False,,0.23040087800283238,0.1564076051204626
monotone_conditional_survival_shared_mlp,aggregate_mean_prediction,arm,75,181,66,115,0.36464088397790057,0.747167325428195,0.635220644184817,0.19485890363001762,0.07154163673397108,False,,0.2324473685299053,0.16170742279257844
monotone_conditional_survival_shared_mlp,aggregate_mean_prediction,arm,76,177,65,112,0.3672316384180791,0.7462912087912088,0.6310145340954065,0.19720951865762523,0.09995378378570893,False,,0.23336877557517713,0.1549447085559379
monotone_conditional_survival_shared_mlp,aggregate_mean_prediction,arm,77,175,64,111,0.3657142857142857,0.748170045045045,0.6325167985458198,0.19723982227707829,0.09318764991115647,False,,0.23315957935411383,0.15405653577064482
monotone_conditional_survival_shared_mlp,aggregate_mean_prediction,arm,78,172,63,109,0.36627906976744184,0.746614242027086,0.6364111571735517,0.19849259840386257,0.10547037039255647,False,,0.2337615027817385,0.15087558882955265
monotone_conditional_survival_shared_mlp,aggregate_mean_prediction,arm,79,170,63,107,0.37058823529411766,0.7498887405429462,0.643991475211976,0.19851000622179327,0.10646860563749053,False,,0.23525343206531646,0.15618656663560015
monotone_conditional_survival_shared_mlp,aggregate_mean_prediction,arm,80,167,62,105,0.3712574850299401,0.7491551459293395,0.6465273339103845,0.19847924023913888,0.12311739961980316,False,,0.23557750594495752,0.15747796274949366
monotone_conditional_survival_shared_mlp,aggregate_mean_prediction,arm,81,166,61,105,0.3674698795180723,0.7501951600312255,0.6490550031136632,0.19721889391354439,0.11122373982907562,False,,0.23451793698774479,0.15904558752855458
monotone_conditional_survival_shared_mlp,aggregate_mean_prediction,arm,82,164,60,104,0.36585365853658536,0.7509615384615385,0.6518715129098168,0.19687129721025018,0.10408851047551727,False,,0.234214988652722,0.1594419369028619
monotone_conditional_survival_shared_mlp,aggregate_mean_prediction,arm,83,161,59,102,0.36645962732919257,0.7567298105682951,0.6576071543310448,0.19508024230731727,0.09479732997742536,False,,0.23471200905917994,0.16885274388269578
monotone_conditional_survival_shared_mlp,aggregate_mean_prediction,arm,84,160,59,101,0.36875,0.7558315153549253,0.6593104582381984,0.1964113032772496,0.10942281206514506,False,,0.23574425320338244,0.1668458483787485
monotone_conditional_survival_shared_mlp,aggregate_mean_prediction,arm,85,158,59,99,0.37341772151898733,0.7534668721109399,0.6530654666233999,0.1990508075174358,0.08452277177524918,False,,0.23768789556962025,0.16255387326136428
monotone_conditional_survival_shared_mlp,aggregate_mean_prediction,arm,86,154,58,96,0.37662337662337664,0.7546695402298851,0.6571420170817884,0.19976227942990762,0.08578260488468518,False,,0.23901611634451145,0.16423092097281167
monotone_conditional_survival_shared_mlp,aggregate_mean_prediction,arm,87,152,57,95,0.375,0.7527239150507848,0.6505523721287316,0.20104152832736763,0.09339200541476356,False,,0.23858231808496275,0.15734942161231869
monotone_conditional_survival_shared_mlp,aggregate_mean_prediction,arm,88,146,53,93,0.363013698630137,0.7362548184215866,0.6200306828765327,0.2065082124408309,0.11263611317961067,False,,0.23427553988856942,0.11852422775739091
monotone_conditional_survival_shared_mlp,aggregate_mean_prediction,arm,89,143,53,90,0.3706293706293706,0.7396226415094339,0.6267383413528742,0.20846231142110963,0.11558953574284375,False,,0.23745541655576263,0.12209915257016013
monotone_conditional_survival_shared_mlp,aggregate_mean_prediction,arm,90,141,51,90,0.3617021276595745,0.7413943355119825,0.6211801281485043,0.2052452636913776,0.12092018341224012,False,,0.23367858184251059,0.12167704000487223
monotone_conditional_survival_shared_mlp,aggregate_mean_prediction,arm,91,139,48,91,0.34532374100719426,0.7664835164835165,0.6292406572066024,0.1898963841795244,0.10079704554174464,False,,0.22768772473617443,0.165978822970977
monotone_conditional_survival_shared_mlp,aggregate_mean_prediction,arm,92,135,46,89,0.34074074074074073,0.76038104543234,0.6087296423525039,0.19138478991890376,0.10248536787547925,False,,0.22591388888888897,0.1528418599662441
monotone_conditional_survival_shared_mlp,aggregate_mean_prediction,arm,93,132,43,89,0.32575757575757575,0.770054873268879,0.6146656967920473,0.18198936328996365,0.08632621111533186,False,,0.22028571160860058,0.17384853533615086
monotone_conditional_survival_shared_mlp,aggregate_mean_prediction,arm,94,130,42,88,0.3230769230769231,0.7643398268398268,0.6050673604058032,0.18340352982600636,0.08472896181643295,False,,0.21924286683869443,0.1634686570626559
monotone_conditional_survival_shared_mlp,aggregate_mean_prediction,arm,95,126,41,85,0.3253968253968254,0.7560975609756098,0.6012311568029024,0.18715341226872637,0.08713315984495507,False,,0.22039710651866717,0.1508354386999411
monotone_conditional_survival_shared_mlp,aggregate_mean_prediction,arm,96,126,41,85,0.3253968253968254,0.7520803443328551,0.6000247805561786,0.1889162059762478,0.11760583147445751,False,,0.22045904015254894,0.14307798017479678
monotone_conditional_survival_shared_mlp,aggregate_mean_prediction,arm,97,126,41,85,0.3253968253968254,0.7489239598278336,0.5980388018454488,0.1905586813187089,0.11019642548957449,False,,0.2205504616828349,0.13598602394791637
monotone_conditional_survival_shared_mlp,aggregate_mean_prediction,arm,98,125,40,85,0.32,0.7467647058823529,0.5942708486527085,0.19035054077516053,0.11552707211047447,False,,0.218540903926272,0.12899353230744348
monotone_conditional_survival_shared_mlp,aggregate_mean_prediction,arm,99,123,40,83,0.3252032520325203,0.7545180722891566,0.6096366351068994,0.1901055041743718,0.10877728034789859,False,,0.22095226188541764,0.1396082459071747
monotone_conditional_survival_shared_mlp,aggregate_mean_prediction,gripper,1,337,314,23,0.9317507418397626,0.8856272500692329,0.9907292078068095,0.06076560952421921,0.04690806206878504,False,,0.06359143714417013,0.044437234741910414
monotone_conditional_survival_shared_mlp,aggregate_mean_prediction,gripper,2,335,296,39,0.8835820895522388,0.8823631323631324,0.9838497820583143,0.08468382181921881,0.028253465705776425,False,,0.10286703637014291,0.17676425016752761
monotone_conditional_survival_shared_mlp,aggregate_mean_prediction,gripper,3,332,280,52,0.8433734939759037,0.8953296703296704,0.9802937595923219,0.09550627363827983,0.042103114400872464,False,,0.13213446701087386,0.2772039287037783
monotone_conditional_survival_shared_mlp,aggregate_mean_prediction,gripper,4,330,272,58,0.8242424242424242,0.908341784989858,0.9803584579663078,0.0935252837711454,0.052812680210157545,False,,0.14490395122572794,0.3545705070149956
monotone_conditional_survival_shared_mlp,aggregate_mean_prediction,gripper,5,330,265,65,0.803030303030303,0.9198838896952104,0.9803512922579458,0.090750619568424,0.03433593807887498,False,,0.15840004540146527,0.4270795861300648
monotone_conditional_survival_shared_mlp,aggregate_mean_prediction,gripper,6,329,256,73,0.7781155015197568,0.923908390410959,0.978164689760471,0.09313964435451733,0.03678583115860372,False,,0.17297166030970518,0.4615323447335181
monotone_conditional_survival_shared_mlp,aggregate_mean_prediction,gripper,7,328,251,77,0.7652439024390244,0.9307186837067315,0.9785768984347096,0.08916448565492854,0.044035604618783065,False,,0.18042107651701325,0.5057978403841275
monotone_conditional_survival_shared_mlp,aggregate_mean_prediction,gripper,8,325,246,79,0.7569230769230769,0.9258001440773901,0.9678105619323549,0.09778207575597732,0.06763634204441905,False,,0.1857628908801514,0.4736188950727336
monotone_conditional_survival_shared_mlp,aggregate_mean_prediction,gripper,9,325,239,86,0.7353846153846154,0.9304758197917681,0.9659584704505468,0.09348225345703694,0.056952206361767094,False,,0.1965488895963183,0.5243816759838463
monotone_conditional_survival_shared_mlp,aggregate_mean_prediction,gripper,10,324,232,92,0.7160493827160493,0.927848575712144,0.9591023668537729,0.0989195482362925,0.07250209285236368,False,,0.20466237500562065,0.5166695967757833
monotone_conditional_survival_shared_mlp,aggregate_mean_prediction,gripper,11,322,228,94,0.7080745341614907,0.9294979469951474,0.9583321226549781,0.0976827163084738,0.07715888385226369,False,,0.20845816814296314,0.5314037479141531
monotone_conditional_survival_shared_mlp,aggregate_mean_prediction,gripper,12,321,225,96,0.7009345794392523,0.9275925925925926,0.9514137836090026,0.09819773309349485,0.0654790757303406,False,,0.21237493640592467,0.5376208946530123
monotone_conditional_survival_shared_mlp,aggregate_mean_prediction,gripper,13,318,212,106,0.6666666666666666,0.9199893200427198,0.9434065307617326,0.10392458908554927,0.03948851445535221,False,,0.2233607429740432,0.5347231223276045
monotone_conditional_survival_shared_mlp,aggregate_mean_prediction,gripper,14,315,205,110,0.6507936507936508,0.9043015521064302,0.9317009512789469,0.1174403612016739,0.055075637185640285,False,,0.22807983857763173,0.485091001755946
monotone_conditional_survival_shared_mlp,aggregate_mean_prediction,gripper,15,314,193,121,0.6146496815286624,0.9209951612212564,0.9309853788795152,0.10436749374887729,0.0332742561424106,False,,0.23700370996502057,0.5596377214336395
monotone_conditional_survival_shared_mlp,aggregate_mean_prediction,gripper,16,312,184,128,0.5897435897435898,0.9199643342391305,0.9260492043415619,0.10805988546711504,0.035950214078553415,False,,0.24215488744748753,0.5537571568091999
monotone_conditional_survival_shared_mlp,aggregate_mean_prediction,gripper,17,311,176,135,0.5659163987138264,0.9252525252525252,0.9211743389463272,0.10555768796531463,0.031182714483079573,False,,0.2458035169425484,0.5705607093083758
monotone_conditional_survival_shared_mlp,aggregate_mean_prediction,gripper,18,309,160,149,0.517799352750809,0.9282718120805369,0.9179633179779788,0.10341061608832017,0.036773655338532336,False,,0.24975347938457917,0.5859492474613943
monotone_conditional_survival_shared_mlp,aggregate_mean_prediction,gripper,19,309,153,156,0.49514563106796117,0.9373219373219374,0.9243711193683655,0.09523865990186071,0.04522639192783444,False,,0.2500673964534471,0.6191480326801
monotone_conditional_survival_shared_mlp,aggregate_mean_prediction,gripper,20,306,146,160,0.477124183006536,0.9438784246575342,0.9327350503450315,0.09201791484896692,0.04997763753426353,False,,0.24948029994457863,0.6311615992548973
monotone_conditional_survival_shared_mlp,aggregate_mean_prediction,gripper,21,306,145,161,0.4738562091503268,0.9458984793317627,0.9342696149933435,0.09029584844758153,0.041821154971327525,False,,0.24956314376995264,0.6381843605447756
monotone_conditional_survival_shared_mlp,aggregate_mean_prediction,gripper,22,306,138,168,0.45098039215686275,0.9305124223602484,0.9089461162386513,0.10520252921745434,0.046556409134047905,False,,0.24774822689478582,0.5753651578619292
monotone_conditional_survival_shared_mlp,aggregate_mean_prediction,gripper,23,305,126,179,0.4131147540983607,0.9301232597321982,0.9005313754742457,0.10139765058250975,0.02820838630246835,False,,0.2425088686855028,0.5818806498412761
monotone_conditional_survival_shared_mlp,aggregate_mean_prediction,gripper,24,303,117,186,0.38613861386138615,0.9313482216708023,0.8886985118370427,0.10126108544006766,0.02680562218473179,False,,0.2370976651430015,0.5729140336367559
monotone_conditional_survival_shared_mlp,aggregate_mean_prediction,gripper,25,300,114,186,0.38,0.9349651009243539,0.8893564104965038,0.10032398221214088,0.05203697796283787,False,,0.23566731470532218,0.5742982757809001
monotone_conditional_survival_shared_mlp,aggregate_mean_prediction,gripper,26,296,107,189,0.3614864864864865,0.9444691687682342,0.89688902779776,0.08855587113673262,0.03328980912031435,False,,0.23083555418203433,0.6163681480934325
monotone_conditional_survival_shared_mlp,aggregate_mean_prediction,gripper,27,294,104,190,0.35374149659863946,0.9413967611336033,0.8913429098400726,0.09148750143826218,0.03305245393122404,False,,0.22860850979080902,0.5998071046349984
monotone_conditional_survival_shared_mlp,aggregate_mean_prediction,gripper,28,291,97,194,0.3333333333333333,0.9398979700286959,0.8817093338374472,0.09306422682972823,0.02779047576813114,False,,0.2222491229459893,0.5812616689050126
monotone_conditional_survival_shared_mlp,aggregate_mean_prediction,gripper,29,289,92,197,0.31833910034602075,0.9352791878172588,0.8727875949554126,0.09471041460353335,0.03174229580380973,False,,0.21703613741666608,0.5636191478025235
monotone_conditional_survival_shared_mlp,aggregate_mean_prediction,gripper,30,289,88,201,0.3044982698961938,0.9266734509271822,0.8520113163967921,0.09923027757384781,0.040839855031566605,False,,0.2118106692432871,0.5315142625800815
monotone_conditional_survival_shared_mlp,aggregate_mean_prediction,gripper,31,288,81,207,0.28125,0.9224667501640127,0.8138094148661562,0.09950608029013897,0.0512239495065637,False,,0.20226550194733045,0.5080422546992212
monotone_conditional_survival_shared_mlp,aggregate_mean_prediction,gripper,32,287,81,206,0.28222996515679444,0.9216708618003117,0.8126550371730842,0.09966021167273786,0.04883579838879083,False,,0.20259254553106232,0.5080756233577333
monotone_conditional_survival_shared_mlp,aggregate_mean_prediction,gripper,33,284,74,210,0.2605633802816901,0.9251608751608752,0.7926552157875442,0.09322234834524118,0.045970244515379094,False,,0.19274340898920336,0.5163396308381
monotone_conditional_survival_shared_mlp,aggregate_mean_prediction,gripper,34,284,70,214,0.24647887323943662,0.9244993324432577,0.778530988245743,0.09185840992714779,0.07214003655541042,False,,0.1857728771101695,0.5055337928976968
monotone_conditional_survival_shared_mlp,aggregate_mean_prediction,gripper,35,283,67,216,0.23674911660777384,0.9195688225538972,0.7609623034558272,0.0907433288045322,0.04031372197663687,False,,0.18075380150982343,0.49797277818469243
monotone_conditional_survival_shared_mlp,aggregate_mean_prediction,gripper,36,281,63,218,0.22419928825622776,0.9349060725207514,0.7749692455256656,0.08222161970390225,0.04960224711061653,False,,0.17393546464784382,0.5272866297257366
monotone_conditional_survival_shared_mlp,aggregate_mean_prediction,gripper,37,280,55,225,0.19642857142857142,0.9363232323232323,0.7696623309510394,0.07659383753033985,0.056964700847004814,False,,0.1579790302921381,0.5151645291865576
monotone_conditional_survival_shared_mlp,aggregate_mean_prediction,gripper,38,277,54,223,0.19494584837545126,0.9383823285168577,0.7740160659502268,0.07486707677711303,0.05179796156837945,False,,0.15701879550748443,0.5231967196338325
monotone_conditional_survival_shared_mlp,aggregate_mean_prediction,gripper,39,274,50,224,0.18248175182481752,0.9361607142857142,0.7583566915101726,0.07429600862678766,0.049841095843873494,False,,0.14918793380136858,0.5019972008881988
monotone_conditional_survival_shared_mlp,aggregate_mean_prediction,gripper,40,270,49,221,0.1814814814814815,0.9352664142580109,0.7583753377485176,0.07499070519982579,0.04807836897321644,False,,0.14854626292991213,0.4951693585505528
monotone_conditional_survival_shared_mlp,aggregate_mean_prediction,gripper,41,267,46,221,0.17228464419475656,0.9457013574660633,0.7798623993763982,0.06254206602858163,0.034302252940115914,False,,0.14260887997369084,0.5614433965113554
monotone_conditional_survival_shared_mlp,aggregate_mean_prediction,gripper,42,264,44,220,0.16666666666666666,0.9472107438016529,0.7846466793310704,0.05901971291438361,0.03188016539542718,False,,0.13891587867913816,0.5751406284467684
monotone_conditional_survival_shared_mlp,aggregate_mean_prediction,gripper,43,259,43,216,0.16602316602316602,0.9418604651162791,0.7585773615044444,0.06321285923909968,0.03628363229408212,False,,0.1384606105118926,0.5434596236041425
monotone_conditional_survival_shared_mlp,aggregate_mean_prediction,gripper,44,256,38,218,0.1484375,0.940246257846451,0.7207272683048705,0.06348638404078183,0.04825447515308956,False,,0.12650483978825405,0.49815055181251233
monotone_conditional_survival_shared_mlp,aggregate_mean_prediction,gripper,45,252,38,214,0.15079365079365079,0.9383915395966552,0.7162196988360826,0.0640748023730709,0.04174330061514289,False,,0.1280791197208624,0.49972483795394196
monotone_conditional_survival_shared_mlp,aggregate_mean_prediction,gripper,46,248,38,210,0.1532258064516129,0.9377192982456141,0.7167907100267196,0.06507028314388352,0.04008347011773858,False,,0.1297503922025234,0.49849644352275013
monotone_conditional_survival_shared_mlp,aggregate_mean_prediction,gripper,47,245,35,210,0.14285714285714285,0.9533333333333334,0.7285512039268169,0.05953493499580661,0.04888000414992704,False,,0.12256517119244395,0.5142589496136004
monotone_conditional_survival_shared_mlp,aggregate_mean_prediction,gripper,48,244,33,211,0.13524590163934427,0.9563406577624587,0.7437587153774549,0.05701738480947373,0.04080998332657869,False,,0.11726565029519984,0.5137759039757981
monotone_conditional_survival_shared_mlp,aggregate_mean_prediction,gripper,49,242,31,211,0.128099173553719,0.9571930897416298,0.7408016675753754,0.05627183360844466,0.04620984964541801,False,,0.11211649845665764,0.4980949781427716
monotone_conditional_survival_shared_mlp,aggregate_mean_prediction,gripper,50,238,31,207,0.13025210084033614,0.959794296400187,0.7567838630807994,0.05484089504142405,0.051059236227443544,False,,0.1136975757827116,0.5176599442521892
monotone_conditional_survival_shared_mlp,aggregate_mean_prediction,gripper,51,232,31,201,0.1336206896551724,0.9593965655593003,0.7600521504811499,0.055017381151259745,0.040800882652153175,False,,0.11606659653821398,0.5259843676630449
monotone_conditional_survival_shared_mlp,aggregate_mean_prediction,gripper,52,229,30,199,0.13100436681222707,0.9549413735343384,0.7416367072709507,0.058524182030473514,0.05014704388312923,False,,0.11421835145889767,0.4876113927144722
monotone_conditional_survival_shared_mlp,aggregate_mean_prediction,gripper,53,224,30,194,0.13392857142857142,0.9554982817869416,0.7482379381267397,0.058840988135453916,0.04859248662138367,False,,0.11622311335421984,0.49372386922624534
monotone_conditional_survival_shared_mlp,aggregate_mean_prediction,gripper,54,219,29,190,0.1324200913242009,0.9500907441016334,0.7196109570291016,0.0626412397895527,0.0502656904853363,False,,0.11513058232698564,0.45591137885810795
monotone_conditional_survival_shared_mlp,aggregate_mean_prediction,gripper,55,219,29,190,0.1324200913242009,0.9502722323049002,0.7217155638750878,0.061988244862885414,0.05214054916029959,False,,0.11509885285257244,0.4614347291342271
monotone_conditional_survival_shared_mlp,aggregate_mean_prediction,gripper,56,217,29,188,0.1336405529953917,0.9539618488628027,0.7417641508119842,0.05972679567746043,0.050934928135253625,False,,0.11586710086244759,0.4845232578282467
monotone_conditional_survival_shared_mlp,aggregate_mean_prediction,gripper,57,216,29,187,0.13425925925925927,0.9531624562050526,0.7409791192657587,0.05985512932447131,0.04785517955880848,False,,0.11626691351088787,0.485192067828771
monotone_conditional_survival_shared_mlp,aggregate_mean_prediction,gripper,58,211,29,182,0.13744075829383887,0.9516862447896931,0.7400067067657848,0.06131134515335032,0.04800520861453516,False,,0.11855624825682844,0.4828501571631084
monotone_conditional_survival_shared_mlp,aggregate_mean_prediction,gripper,59,209,28,181,0.1339712918660287,0.9536306235201263,0.7455776590416153,0.057275206395372716,0.03474893616513284,False,,0.11604808034517085,0.5064527890076715
monotone_conditional_survival_shared_mlp,aggregate_mean_prediction,gripper,60,208,28,180,0.1346153846153846,0.9535714285714286,0.7457053403490719,0.057479537135700684,0.03433263827506673,False,,0.11660457844761679,0.5070559158058903
monotone_conditional_survival_shared_mlp,aggregate_mean_prediction,gripper,61,206,28,178,0.13592233009708737,0.9532504012841091,0.7428890753540196,0.05814793947776763,0.028721234627394225,False,,0.11771027476025295,0.5060079538833737
monotone_conditional_survival_shared_mlp,aggregate_mean_prediction,gripper,62,205,28,177,0.13658536585365855,0.9529862792574657,0.7440315258352711,0.058467540638356214,0.024391768208716635,False,,0.11833897007471905,0.5059316419482112
monotone_conditional_survival_shared_mlp,aggregate_mean_prediction,gripper,63,201,27,174,0.13432835820895522,0.964027245636441,0.7617624151033113,0.053854212356975684,0.038970731877429596,False,,0.1167945679426601,0.5388979701229322
monotone_conditional_survival_shared_mlp,aggregate_mean_prediction,gripper,64,198,26,172,0.13131313131313133,0.9637745974955277,0.7647764204065177,0.05332288212749888,0.044272114252451984,False,,0.11468608006057224,0.5350535819226183
monotone_conditional_survival_shared_mlp,aggregate_mean_prediction,gripper,65,197,23,174,0.116751269035533,0.9635182408795602,0.7504252543819753,0.0503393785103831,0.04412841131662099,False,,0.10340681121037314,0.5131908824847955
monotone_conditional_survival_shared_mlp,aggregate_mean_prediction,gripper,66,195,23,172,0.11794871794871795,0.9608190091001011,0.7300872548151133,0.05070560867810232,0.036893046790757236,False,,0.10447413428302679,0.5146587332254151
monotone_conditional_survival_shared_mlp,aggregate_mean_prediction,gripper,67,193,21,172,0.10880829015544041,0.9598560354374308,0.6601555874054575,0.052348013496667116,0.02826329883502133,False,,0.09730480633277068,0.4620202694033094
monotone_conditional_survival_shared_mlp,aggregate_mean_prediction,gripper,68,191,20,171,0.10471204188481675,0.960233918128655,0.656516312876166,0.05035106846896596,0.031334801916582854,False,,0.09414767658834398,0.46519053583102754
monotone_conditional_survival_shared_mlp,aggregate_mean_prediction,gripper,69,191,19,172,0.09947643979057591,0.9605263157894737,0.652061566388003,0.04963365847374738,0.043072737389670976,False,,0.08989326299428277,0.4478600862791676
monotone_conditional_survival_shared_mlp,aggregate_mean_prediction,gripper,70,188,19,169,0.10106382978723404,0.961071317346621,0.6536446788964024,0.050354224237608984,0.04783091467019308,False,,0.09140209737368363,0.4490911512484952
monotone_conditional_survival_shared_mlp,aggregate_mean_prediction,gripper,71,188,16,172,0.0851063829787234,0.9614825581395349,0.6417587277881396,0.044244849223995644,0.03577890488407265,False,,0.07805870452969811,0.43318494086508563
monotone_conditional_survival_shared_mlp,aggregate_mean_prediction,gripper,72,187,14,173,0.0748663101604278,0.9632535094962841,0.620472007972008,0.04146689032819437,0.026532700476875302,False,,0.06933959246521793,0.40197383840992496
monotone_conditional_survival_shared_mlp,aggregate_mean_prediction,gripper,73,186,13,173,0.06989247311827956,0.9550911516229436,0.5790004827275606,0.04289814720988401,0.021973364900459643,False,,0.06505453345878505,0.34058174074737
monotone_conditional_survival_shared_mlp,aggregate_mean_prediction,gripper,74,184,11,173,0.059782608695652176,0.9421965317919075,0.46199752832879776,0.046944299847015536,0.03209469968793845,False,,0.05624440005309801,0.1653515762867528
monotone_conditional_survival_shared_mlp,aggregate_mean_prediction,gripper,75,181,10,171,0.055248618784530384,0.947953216374269,0.5082574877696828,0.04040692475300001,0.027934260096493413,False,,0.05220174030923229,0.22594678810250834
monotone_conditional_survival_shared_mlp,aggregate_mean_prediction,gripper,76,177,10,167,0.05649717514124294,0.951497005988024,0.5443286352749268,0.03752021803878879,0.013337823764566591,False,,0.05337068486751734,0.2969882599047462
monotone_conditional_survival_shared_mlp,aggregate_mean_prediction,gripper,77,175,9,166,0.05142857142857143,0.9524765729585006,0.5984725085083508,0.03232680941585954,0.014423343189832141,False,,0.04888753928609386,0.33875155330113016
monotone_conditional_survival_shared_mlp,aggregate_mean_prediction,gripper,78,172,7,165,0.040697674418604654,0.9515151515151515,0.5755449548240349,0.02596604444689597,0.014130863464165372,False,,0.03908027807985544,0.33557165601949523
monotone_conditional_survival_shared_mlp,aggregate_mean_prediction,gripper,79,170,5,165,0.029411764705882353,0.9696969696969697,0.6597744360902256,0.017670171998033946,0.02555120987581084,False,,0.028551777572927938,0.381118322566776
monotone_conditional_survival_shared_mlp,aggregate_mean_prediction,gripper,80,167,4,163,0.023952095808383235,0.9555214723926381,0.35620300751879697,0.021632762347206187,0.029325233567026123,False,,0.023424586241740552,0.0764932996486184
monotone_conditional_survival_shared_mlp,aggregate_mean_prediction,gripper,81,166,1,165,0.006024096385542169,0.9090909090909091,0.0625,0.0130528776917069,0.025510049585267328,False,,0.006106164003498107,-1.1376559300125497
monotone_conditional_survival_shared_mlp,aggregate_mean_prediction,gripper,82,164,1,163,0.006097560975609756,0.9141104294478528,0.06666666666666667,0.012617720912812687,0.023899798223770807,False,,0.006169909216549052,-1.0450415832649838
monotone_conditional_survival_shared_mlp,aggregate_mean_prediction,gripper,83,161,1,160,0.006211180124223602,0.9125,0.06666666666666667,0.012799187715327448,0.02382729724076022,False,,0.006197849728804866,-1.0651013295534546
monotone_conditional_survival_shared_mlp,aggregate_mean_prediction,gripper,84,160,1,159,0.00625,0.9182389937106918,0.07142857142857142,0.011654640509594017,0.0206604768883969,False,,0.0062380098933751595,-0.8683267113717443
monotone_conditional_survival_shared_mlp,aggregate_mean_prediction,gripper,85,158,1,157,0.006329113924050633,0.9299363057324841,0.08333333333333333,0.010911214176152805,0.018243739602497762,False,,0.0062947770262406656,-0.7333758019812091
monotone_conditional_survival_shared_mlp,aggregate_mean_prediction,gripper,86,154,1,153,0.006493506493506494,0.9281045751633987,0.08333333333333333,0.011154766238483708,0.018234822703947436,False,,0.0064522271719518855,-0.7288241627594836
monotone_conditional_survival_shared_mlp,aggregate_mean_prediction,gripper,87,152,1,151,0.006578947368421052,0.9668874172185431,0.16666666666666666,0.008630966703579282,0.01862635593139969,False,,0.006539827927462256,-0.31975440322150495
monotone_conditional_survival_shared_mlp,aggregate_mean_prediction,gripper,88,146,1,145,0.00684931506849315,0.9655172413793104,0.16666666666666666,0.008917817126964643,0.01813850365313478,False,,0.006811349769706005,-0.30925843312691303
monotone_conditional_survival_shared_mlp,aggregate_mean_prediction,gripper,89,143,1,142,0.006993006993006993,0.971830985915493,0.2,0.009003818884996424,0.01888809303411597,False,,0.006958971670390357,-0.2938433020652551
monotone_conditional_survival_shared_mlp,aggregate_mean_prediction,gripper,90,141,1,140,0.0070921985815602835,0.9714285714285714,0.2,0.008955111073953683,0.019592159120870176,False,,0.007063861877536558,-0.26773586873653277
monotone_conditional_survival_shared_mlp,aggregate_mean_prediction,gripper,91,139,1,138,0.007194244604316547,0.9782608695652174,0.25,0.00864374150552364,0.017128777048984967,False,,0.007164890734978138,-0.2064024177404311
monotone_conditional_survival_shared_mlp,aggregate_mean_prediction,gripper,92,135,0,135,0.0,,,0.003014218686667175,0.014443000438796639,True,one_label_class,6.944444444444447e-07,-4339.47490880073
monotone_conditional_survival_shared_mlp,aggregate_mean_prediction,gripper,93,132,0,132,0.0,,,0.003061645948695028,0.014710264218405891,True,one_label_class,7.157560817794269e-07,-4276.499034424592
monotone_conditional_survival_shared_mlp,aggregate_mean_prediction,gripper,94,130,0,130,0.0,,,0.0030925607431749793,0.014875142356444842,True,one_label_class,7.548303481051114e-07,-4096.027565118957
monotone_conditional_survival_shared_mlp,aggregate_mean_prediction,gripper,95,126,0,126,0.0,,,0.003182665722145403,0.01522889688377766,True,one_label_class,7.790048835816154e-07,-4084.552978195109
monotone_conditional_survival_shared_mlp,aggregate_mean_prediction,gripper,96,126,0,126,0.0,,,0.0027139537899065038,0.012821849124987251,True,one_label_class,8.219567667179844e-07,-3300.820606384361
monotone_conditional_survival_shared_mlp,aggregate_mean_prediction,gripper,97,126,0,126,0.0,,,0.0027029239536249853,0.01277406757870015,True,one_label_class,8.447772491349479e-07,-3198.570012559855
monotone_conditional_survival_shared_mlp,aggregate_mean_prediction,gripper,98,125,0,125,0.0,,,0.002608183441232315,0.012348072771518117,True,one_label_class,0.0,
monotone_conditional_survival_shared_mlp,aggregate_mean_prediction,gripper,99,123,0,123,0.0,,,0.0026102827166169453,0.01182471276418148,True,one_label_class,0.0,
