task_key,split,group,episode,delay_steps,valid_target_count,utility,revision_or_abs_diff,translation_revision,rotation_revision,gripper_sign_disagreement
libero_object:task3,development,arm,0,0,131,1.0,0.0,0.0,0.0,0.0
libero_object:task3,development,arm,1,0,133,1.0,0.0,0.0,0.0,0.0
libero_object:task3,development,arm,2,0,151,1.0,0.0,0.0,0.0,0.0
libero_object:task3,development,arm,3,0,139,1.0,0.0,0.0,0.0,0.0
libero_object:task3,development,arm,4,0,130,1.0,0.0,0.0,0.0,0.0
libero_object:task3,development,arm,5,0,132,1.0,0.0,0.0,0.0,0.0
libero_object:task3,development,arm,6,0,142,1.0,0.0,0.0,0.0,0.0
libero_object:task3,development,arm,7,0,280,1.0,0.0,0.0,0.0,0.0
libero_object:task3,development,arm,8,0,132,1.0,0.0,0.0,0.0,0.0
libero_object:task3,development,arm,9,0,131,1.0,0.0,0.0,0.0,0.0
libero_object:task3,development,arm,0,4,127,0.6824395060539246,0.31756049394607544,0.34304070472717285,0.6629233956336975,0.023622047156095505
libero_object:task3,development,arm,1,4,129,0.7058303952217102,0.2941695749759674,0.31081631779670715,0.5849142074584961,0.10852713137865067
libero_object:task3,development,arm,2,4,147,0.7004550695419312,0.2995448708534241,0.31074807047843933,0.612202525138855,0.11564625799655914
libero_object:task3,development,arm,3,4,135,0.7064476013183594,0.2935524880886078,0.332239031791687,0.5704296231269836,0.1111111119389534
libero_object:task3,development,arm,4,4,126,0.6973125338554382,0.3026873767375946,0.2979598939418793,0.6412889361381531,0.0555555559694767
libero_object:task3,development,arm,5,4,128,0.6993398666381836,0.30066007375717163,0.30794084072113037,0.6171441674232483,0.09375
libero_object:task3,development,arm,6,4,138,0.7211204171180725,0.2788795232772827,0.3000648021697998,0.5266246199607849,0.08695652335882187
libero_object:task3,development,arm,7,4,276,0.6753233671188354,0.32467663288116455,0.3916926085948944,0.6581507921218872,0.1666666716337204
libero_object:task3,development,arm,8,4,128,0.7073727250099182,0.2926272749900818,0.30668866634368896,0.578101634979248,0.0625
libero_object:task3,development,arm,9,4,127,0.7081071138381958,0.2918928563594818,0.3082369863986969,0.5726170539855957,0.06299212574958801
libero_object:task3,development,arm,0,8,123,0.6984010934829712,0.3015989363193512,0.31535542011260986,0.6061705946922302,0.04878048598766327
libero_object:task3,development,arm,1,8,125,0.7172654867172241,0.2827345132827759,0.29032865166664124,0.5665464997291565,0.09600000083446503
libero_object:task3,development,arm,2,8,143,0.7025655508041382,0.2974345088005066,0.3255576193332672,0.5878387689590454,0.1258741319179535
libero_object:task3,development,arm,3,8,131,0.7039614319801331,0.29603856801986694,0.34246814250946045,0.578072726726532,0.13740457594394684
libero_object:task3,development,arm,4,8,122,0.7053335905075073,0.2946664094924927,0.2777247130870819,0.6177024841308594,0.08196721225976944
libero_object:task3,development,arm,5,8,124,0.7007337212562561,0.2992662489414215,0.33191293478012085,0.5819060206413269,0.08870967477560043
libero_object:task3,development,arm,6,8,134,0.7263108491897583,0.2736891508102417,0.29492536187171936,0.5103722810745239,0.0746268630027771
libero_object:task3,development,arm,7,8,272,0.6717942357063293,0.32820579409599304,0.4420272707939148,0.6487048864364624,0.1875
libero_object:task3,development,arm,8,8,124,0.7148168683052063,0.2851831316947937,0.3000451624393463,0.564014196395874,0.04032257944345474
libero_object:task3,development,arm,9,8,123,0.7004237174987793,0.2995763123035431,0.3058058023452759,0.6019138097763062,0.0731707289814949
libero_object:task3,development,arm,0,16,115,0.6725464463233948,0.3274535834789276,0.3675696551799774,0.6842576265335083,0.06086956337094307
libero_object:task3,development,arm,1,16,117,0.6960581541061401,0.3039417862892151,0.33352527022361755,0.6061511635780334,0.1111111119389534
libero_object:task3,development,arm,2,16,135,0.7047560811042786,0.29524388909339905,0.35741400718688965,0.5422927737236023,0.14074073731899261
libero_object:task3,development,arm,3,16,123,0.6958632469177246,0.3041367828845978,0.35126882791519165,0.6057416796684265,0.11382114142179489
libero_object:task3,development,arm,4,16,114,0.7134560942649841,0.28654393553733826,0.2769855260848999,0.5857107043266296,0.07894736528396606
libero_object:task3,development,arm,5,16,116,0.6952787637710571,0.30472123622894287,0.3279629945755005,0.6141980886459351,0.11206896603107452
libero_object:task3,development,arm,6,16,126,0.7211394906044006,0.2788604199886322,0.29620105028152466,0.5187063217163086,0.1031746044754982
libero_object:task3,development,arm,7,16,264,0.6550705432891846,0.34492942690849304,0.5080153942108154,0.6709031462669373,0.19696970283985138
libero_object:task3,development,arm,8,16,116,0.7123265266418457,0.2876735031604767,0.3060401976108551,0.5531628727912903,0.0517241396009922
libero_object:task3,development,arm,9,16,115,0.6801130771636963,0.3198869228363037,0.385597825050354,0.6217834949493408,0.12173912674188614
libero_object:task3,development,arm,0,20,111,0.6687164902687073,0.3312835693359375,0.3838020861148834,0.6788172125816345,0.054054055362939835
libero_object:task3,development,arm,1,20,113,0.6966061592102051,0.30339381098747253,0.3315865099430084,0.6015186905860901,0.10619468986988068
libero_object:task3,development,arm,2,20,131,0.6906726360321045,0.30932727456092834,0.3612276017665863,0.6017727851867676,0.15267175436019897
libero_object:task3,development,arm,3,20,119,0.6990755796432495,0.3009243607521057,0.32655400037765503,0.6066249012947083,0.10924369841814041
libero_object:task3,development,arm,4,20,110,0.6843072772026062,0.3156927525997162,0.33714544773101807,0.6458439230918884,0.06363636255264282
libero_object:task3,development,arm,5,20,112,0.6960611343383789,0.30393892526626587,0.3184753954410553,0.6126660108566284,0.1071428582072258
libero_object:task3,development,arm,6,20,122,0.7094339728355408,0.290566086769104,0.3236787021160126,0.5532212853431702,0.1147540956735611
libero_object:task3,development,arm,7,20,260,0.6449184417724609,0.3550815284252167,0.5518607497215271,0.6958358287811279,0.2153846174478531
libero_object:task3,development,arm,8,20,112,0.7090027928352356,0.2909972667694092,0.3001876473426819,0.5766600370407104,0.0625
libero_object:task3,development,arm,9,20,111,0.6804099082946777,0.3195900022983551,0.39295098185539246,0.6178494095802307,0.09009008854627609
libero_object:task3,development,arm,0,32,99,0.6396639943122864,0.3603360652923584,0.4718567728996277,0.7638009786605835,0.05050504952669144
libero_object:task3,development,arm,1,32,101,0.6716963052749634,0.32830384373664856,0.3848394751548767,0.6871767640113831,0.14851485192775726
libero_object:task3,development,arm,2,32,119,0.6960709691047668,0.3039291203022003,0.31605732440948486,0.6062442064285278,0.15126051008701324
libero_object:task3,development,arm,3,32,107,0.6808714270591736,0.3191286027431488,0.35381078720092773,0.6763907670974731,0.1682243049144745
libero_object:task3,development,arm,4,32,98,0.6734358072280884,0.32656413316726685,0.4282779395580292,0.6463941931724548,0.15306122601032257
libero_object:task3,development,arm,5,32,100,0.686663031578064,0.3133370280265808,0.37167415022850037,0.6122573614120483,0.11999999731779099
libero_object:task3,development,arm,6,32,110,0.6957544088363647,0.30424562096595764,0.3641743063926697,0.574441134929657,0.11818181723356247
libero_object:task3,development,arm,7,32,248,0.6153966188430786,0.3846033811569214,0.680442214012146,0.7311955094337463,0.2620967626571655
libero_object:task3,development,arm,8,32,100,0.6938526034355164,0.30614739656448364,0.3520751893520355,0.61542147397995,0.07999999821186066
libero_object:task3,development,arm,9,32,99,0.6555758118629456,0.34442418813705444,0.45850518345832825,0.6660982370376587,0.13131313025951385
libero_object:task3,development,gripper,0,0,131,1.0,0.0,,,0.0
libero_object:task3,development,gripper,1,0,133,1.0,0.0,,,0.0
libero_object:task3,development,gripper,2,0,151,1.0,0.0,,,0.0
libero_object:task3,development,gripper,3,0,139,1.0,0.0,,,0.0
libero_object:task3,development,gripper,4,0,130,1.0,0.0,,,0.0
libero_object:task3,development,gripper,5,0,132,1.0,0.0,,,0.0
libero_object:task3,development,gripper,6,0,142,1.0,0.0,,,0.0
libero_object:task3,development,gripper,7,0,280,1.0,0.0,,,0.0
libero_object:task3,development,gripper,8,0,132,1.0,0.0,,,0.0
libero_object:task3,development,gripper,9,0,131,1.0,0.0,,,0.0
libero_object:task3,development,gripper,0,4,127,0.971524178981781,0.057067323476076126,,,0.023622047156095505
libero_object:task3,development,gripper,1,4,129,0.890497088432312,0.21937283873558044,,,0.10852713137865067
libero_object:task3,development,gripper,2,4,147,0.8772598505020142,0.24673104286193848,,,0.11564625799655914
libero_object:task3,development,gripper,3,4,135,0.8861807584762573,0.22804613411426544,,,0.1111111119389534
libero_object:task3,development,gripper,4,4,126,0.9401933550834656,0.11987312138080597,,,0.0555555559694767
libero_object:task3,development,gripper,5,4,128,0.9004136323928833,0.19940198957920074,,,0.09375
libero_object:task3,development,gripper,6,4,138,0.9086030721664429,0.1833043247461319,,,0.08695652335882187
libero_object:task3,development,gripper,7,4,276,0.8289454579353333,0.34329620003700256,,,0.1666666716337204
libero_object:task3,development,gripper,8,4,128,0.9328965544700623,0.13427241146564484,,,0.0625
libero_object:task3,development,gripper,9,4,127,0.9327484965324402,0.13470159471035004,,,0.06299212574958801
libero_object:task3,development,gripper,0,8,123,0.9467839002609253,0.10670456290245056,,,0.04878048598766327
libero_object:task3,development,gripper,1,8,125,0.9025033116340637,0.19538843631744385,,,0.09600000083446503
libero_object:task3,development,gripper,2,8,143,0.8674677014350891,0.26606208086013794,,,0.1258741319179535
libero_object:task3,development,gripper,3,8,131,0.8575434684753418,0.2855169475078583,,,0.13740457594394684
libero_object:task3,development,gripper,4,8,122,0.9139724373817444,0.17265549302101135,,,0.08196721225976944
libero_object:task3,development,gripper,5,8,124,0.9078284502029419,0.1851387470960617,,,0.08870967477560043
libero_object:task3,development,gripper,6,8,134,0.9208452701568604,0.1588466465473175,,,0.0746268630027771
libero_object:task3,development,gripper,7,8,272,0.8093047142028809,0.3832158148288727,,,0.1875
libero_object:task3,development,gripper,8,8,124,0.9550114274024963,0.09025175869464874,,,0.04032257944345474
libero_object:task3,development,gripper,9,8,123,0.9214359521865845,0.15750844776630402,,,0.0731707289814949
libero_object:task3,development,gripper,0,16,115,0.9342520236968994,0.1323614865541458,,,0.06086956337094307
libero_object:task3,development,gripper,1,16,117,0.8870213627815247,0.22617405652999878,,,0.1111111119389534
libero_object:task3,development,gripper,2,16,135,0.8524294495582581,0.29659417271614075,,,0.14074073731899261
libero_object:task3,development,gripper,3,16,123,0.8802865147590637,0.24025359749794006,,,0.11382114142179489
libero_object:task3,development,gripper,4,16,114,0.9165958762168884,0.1675189733505249,,,0.07894736528396606
libero_object:task3,development,gripper,5,16,116,0.8834152817726135,0.234034925699234,,,0.11206896603107452
libero_object:task3,development,gripper,6,16,126,0.8925359845161438,0.2155602127313614,,,0.1031746044754982
libero_object:task3,development,gripper,7,16,264,0.798980176448822,0.4034467339515686,,,0.19696970283985138
libero_object:task3,development,gripper,8,16,116,0.9441235661506653,0.11205936223268509,,,0.0517241396009922
libero_object:task3,development,gripper,9,16,115,0.8729479312896729,0.25520166754722595,,,0.12173912674188614
libero_object:task3,development,gripper,0,20,111,0.9412749409675598,0.11762616783380508,,,0.054054055362939835
libero_object:task3,development,gripper,1,20,113,0.8932981491088867,0.2137458771467209,,,0.10619468986988068
libero_object:task3,development,gripper,2,20,131,0.8377565741539001,0.3262380063533783,,,0.15267175436019897
libero_object:task3,development,gripper,3,20,119,0.8855772018432617,0.22938504815101624,,,0.10924369841814041
libero_object:task3,development,gripper,4,20,110,0.9323705434799194,0.13606083393096924,,,0.06363636255264282
libero_object:task3,development,gripper,5,20,112,0.8892239332199097,0.222511425614357,,,0.1071428582072258
libero_object:task3,development,gripper,6,20,122,0.8805621266365051,0.2401420772075653,,,0.1147540956735611
libero_object:task3,development,gripper,7,20,260,0.7825069427490234,0.43628740310668945,,,0.2153846174478531
libero_object:task3,development,gripper,8,20,112,0.9309917688369751,0.13828134536743164,,,0.0625
libero_object:task3,development,gripper,9,20,111,0.9039197564125061,0.19304104149341583,,,0.09009008854627609
libero_object:task3,development,gripper,0,32,99,0.9449623227119446,0.11023001372814178,,,0.05050504952669144
libero_object:task3,development,gripper,1,32,101,0.847649097442627,0.30550676584243774,,,0.14851485192775726
libero_object:task3,development,gripper,2,32,119,0.8416765332221985,0.31802400946617126,,,0.15126051008701324
libero_object:task3,development,gripper,3,32,107,0.82651287317276,0.3480271100997925,,,0.1682243049144745
libero_object:task3,development,gripper,4,32,98,0.842586100101471,0.3161720037460327,,,0.15306122601032257
libero_object:task3,development,gripper,5,32,100,0.8750645518302917,0.25083547830581665,,,0.11999999731779099
libero_object:task3,development,gripper,6,32,110,0.8771701455116272,0.24710239470005035,,,0.11818181723356247
libero_object:task3,development,gripper,7,32,248,0.734197199344635,0.5331905484199524,,,0.2620967626571655
libero_object:task3,development,gripper,8,32,100,0.915852427482605,0.16831304132938385,,,0.07999999821186066
libero_object:task3,development,gripper,9,32,99,0.8636351823806763,0.2738387882709503,,,0.13131313025951385
libero_object:task5,held_out,arm,0,0,195,1.0,0.0,0.0,0.0,0.0
libero_object:task5,held_out,arm,1,0,135,1.0,0.0,0.0,0.0,0.0
libero_object:task5,held_out,arm,2,0,127,1.0,0.0,0.0,0.0,0.0
libero_object:task5,held_out,arm,3,0,200,1.0,0.0,0.0,0.0,0.0
libero_object:task5,held_out,arm,4,0,179,1.0,0.0,0.0,0.0,0.0
libero_object:task5,held_out,arm,5,0,136,1.0,0.0,0.0,0.0,0.0
libero_object:task5,held_out,arm,6,0,154,1.0,0.0,0.0,0.0,0.0
libero_object:task5,held_out,arm,7,0,196,1.0,0.0,0.0,0.0,0.0
libero_object:task5,held_out,arm,8,0,280,1.0,0.0,0.0,0.0,0.0
libero_object:task5,held_out,arm,9,0,280,1.0,0.0,0.0,0.0,0.0
libero_object:task5,held_out,arm,0,4,191,0.6757208704948425,0.3242790699005127,0.3718470335006714,0.6676398515701294,0.1256544440984726
libero_object:task5,held_out,arm,1,4,131,0.6998310089111328,0.3001689910888672,0.3268977105617523,0.6064777374267578,0.08396946638822556
libero_object:task5,held_out,arm,2,4,123,0.6935986280441284,0.30640140175819397,0.34811314940452576,0.5959276556968689,0.0731707289814949
libero_object:task5,held_out,arm,3,4,196,0.6655217409133911,0.33447834849357605,0.40699270367622375,0.6907188892364502,0.16836734116077423
libero_object:task5,held_out,arm,4,4,175,0.6768990755081177,0.3231009244918823,0.37280577421188354,0.6604717969894409,0.2514285743236542
libero_object:task5,held_out,arm,5,4,132,0.6811115741729736,0.318888396024704,0.3616807460784912,0.6549078226089478,0.06818182021379471
libero_object:task5,held_out,arm,6,4,150,0.6917354464530945,0.30826449394226074,0.3413819372653961,0.6146146655082703,0.11999999731779099
libero_object:task5,held_out,arm,7,4,192,0.6648655533790588,0.335134357213974,0.39428773522377014,0.7199678421020508,0.2135416716337204
libero_object:task5,held_out,arm,8,4,276,0.6437480449676514,0.356251984834671,0.4448600709438324,0.7583526372909546,0.22101449966430664
libero_object:task5,held_out,arm,9,4,276,0.6409589052200317,0.3590410351753235,0.5046311020851135,0.7218747138977051,0.32608696818351746
libero_object:task5,held_out,arm,0,8,187,0.6785838007926941,0.32141613960266113,0.3809087872505188,0.6436725854873657,0.28342247009277344
libero_object:task5,held_out,arm,1,8,127,0.6871485114097595,0.3128514587879181,0.33096829056739807,0.6580691337585449,0.07874015718698502
libero_object:task5,held_out,arm,2,8,119,0.6864098906517029,0.3135901093482971,0.3711484968662262,0.6114223599433899,0.08403361588716507
libero_object:task5,held_out,arm,3,8,192,0.6657628417015076,0.33423709869384766,0.40483519434928894,0.6866642832756042,0.1770833283662796
libero_object:task5,held_out,arm,4,8,171,0.6699991226196289,0.3300009071826935,0.4150922894477844,0.6650215983390808,0.28654971718788147
libero_object:task5,held_out,arm,5,8,128,0.6781226396560669,0.3218773603439331,0.3966924548149109,0.6494531631469727,0.09375
libero_object:task5,held_out,arm,6,8,146,0.6988333463668823,0.3011666238307953,0.33549851179122925,0.5910259485244751,0.15753424167633057
libero_object:task5,held_out,arm,7,8,188,0.6652103066444397,0.3347897529602051,0.42041927576065063,0.679793655872345,0.20212766528129578
libero_object:task5,held_out,arm,8,8,272,0.6392108798027039,0.36078912019729614,0.4778987169265747,0.7441936731338501,0.25
libero_object:task5,held_out,arm,9,8,272,0.6201568841934204,0.3798430263996124,0.5787612795829773,0.7575055360794067,0.36764705181121826
libero_object:task5,held_out,arm,0,16,179,0.6317492723464966,0.3682507276535034,0.5454400777816772,0.7624279856681824,0.31843575835227966
libero_object:task5,held_out,arm,1,16,119,0.6834120154380798,0.31658801436424255,0.35125732421875,0.6611413955688477,0.10084033757448196
libero_object:task5,held_out,arm,2,16,111,0.6760997772216797,0.32390016317367554,0.38967442512512207,0.6517808437347412,0.09009008854627609
libero_object:task5,held_out,arm,3,16,184,0.6646062135696411,0.3353937864303589,0.4304509460926056,0.681950032711029,0.19021739065647125
libero_object:task5,held_out,arm,4,16,163,0.6297942399978638,0.3702057898044586,0.557251513004303,0.7615798115730286,0.3190183937549591
libero_object:task5,held_out,arm,5,16,120,0.6783612966537476,0.32163867354393005,0.3813069462776184,0.661200761795044,0.06666667014360428
libero_object:task5,held_out,arm,6,16,138,0.6823498606681824,0.31765010952949524,0.34664463996887207,0.6516082286834717,0.15942029654979706
libero_object:task5,held_out,arm,7,16,180,0.647074818611145,0.352925181388855,0.4892369508743286,0.7142254114151001,0.25
libero_object:task5,held_out,arm,8,16,264,0.6047999262809753,0.39520013332366943,0.631156325340271,0.7898700833320618,0.4469696879386902
libero_object:task5,held_out,arm,9,16,264,0.585459291934967,0.41454073786735535,0.7272799015045166,0.8341423869132996,0.42424243688583374
libero_object:task5,held_out,arm,0,20,175,0.6296427249908447,0.3703572154045105,0.5800752639770508,0.7276484370231628,0.33142855763435364
libero_object:task5,held_out,arm,1,20,115,0.6748577356338501,0.3251422345638275,0.3884519040584564,0.6505179405212402,0.12173912674188614
libero_object:task5,held_out,arm,2,20,107,0.6803893446922302,0.319610595703125,0.3837224543094635,0.6236616373062134,0.11214952915906906
libero_object:task5,held_out,arm,3,20,180,0.6438548564910889,0.3561451733112335,0.4799749553203583,0.7302793860435486,0.2222222238779068
libero_object:task5,held_out,arm,4,20,159,0.6236851811408997,0.37631478905677795,0.5919752717018127,0.7624441385269165,0.3396226465702057
libero_object:task5,held_out,arm,5,20,116,0.675351619720459,0.32464835047721863,0.3811386227607727,0.6687988638877869,0.09482758492231369
libero_object:task5,held_out,arm,6,20,134,0.6682193279266357,0.3317806124687195,0.3893989324569702,0.6810336709022522,0.17164179682731628
libero_object:task5,held_out,arm,7,20,176,0.6410200595855713,0.3589799106121063,0.5217481851577759,0.7277334332466125,0.27272728085517883
libero_object:task5,held_out,arm,8,20,260,0.5856778621673584,0.4143220782279968,0.7561871409416199,0.8205708861351013,0.5307692289352417
libero_object:task5,held_out,arm,9,20,260,0.5792722105979919,0.42072775959968567,0.7572290301322937,0.840013325214386,0.45769229531288147
libero_object:task5,held_out,arm,0,32,163,0.6042073369026184,0.3957926630973816,0.7266896963119507,0.7409866452217102,0.3128834366798401
libero_object:task5,held_out,arm,1,32,103,0.6860719919204712,0.31392809748649597,0.3812747001647949,0.6073142290115356,0.1553398072719574
libero_object:task5,held_out,arm,2,32,95,0.6775327920913696,0.322467178106308,0.4214130640029907,0.6214272975921631,0.16842105984687805
libero_object:task5,held_out,arm,3,32,168,0.6033808588981628,0.39661917090415955,0.6787818074226379,0.7853493690490723,0.2916666567325592
libero_object:task5,held_out,arm,4,32,147,0.6030049324035645,0.39699503779411316,0.7390142679214478,0.7539381384849548,0.30612245202064514
libero_object:task5,held_out,arm,5,32,104,0.6523746848106384,0.3476252853870392,0.4447944462299347,0.7311480045318604,0.13461539149284363
libero_object:task5,held_out,arm,6,32,122,0.6728676557540894,0.32713231444358826,0.4100648760795593,0.6511165499687195,0.23770491778850555
libero_object:task5,held_out,arm,7,32,164,0.6093514561653137,0.3906485438346863,0.6977660059928894,0.7568449378013611,0.27439025044441223
libero_object:task5,held_out,arm,8,32,248,0.5270469784736633,0.4729529917240143,1.1843366622924805,0.7997588515281677,0.5887096524238586
libero_object:task5,held_out,arm,9,32,248,0.5263686180114746,0.4736314117908478,1.1071240901947021,0.859527587890625,0.5201612710952759
libero_object:task5,held_out,gripper,0,0,195,1.0,0.0,,,0.0
libero_object:task5,held_out,gripper,1,0,135,1.0,0.0,,,0.0
libero_object:task5,held_out,gripper,2,0,127,1.0,0.0,,,0.0
libero_object:task5,held_out,gripper,3,0,200,1.0,0.0,,,0.0
libero_object:task5,held_out,gripper,4,0,179,1.0,0.0,,,0.0
libero_object:task5,held_out,gripper,5,0,136,1.0,0.0,,,0.0
libero_object:task5,held_out,gripper,6,0,154,1.0,0.0,,,0.0
libero_object:task5,held_out,gripper,7,0,196,1.0,0.0,,,0.0
libero_object:task5,held_out,gripper,8,0,280,1.0,0.0,,,0.0
libero_object:task5,held_out,gripper,9,0,280,1.0,0.0,,,0.0
libero_object:task5,held_out,gripper,0,4,191,0.8708068132400513,0.25890544056892395,,,0.1256544440984726
libero_object:task5,held_out,gripper,1,4,131,0.9117075800895691,0.1772606074810028,,,0.08396946638822556
libero_object:task5,held_out,gripper,2,4,123,0.922086238861084,0.1561679244041443,,,0.0731707289814949
libero_object:task5,held_out,gripper,3,4,196,0.8303859233856201,0.33984506130218506,,,0.16836734116077423
libero_object:task5,held_out,gripper,4,4,175,0.744914174079895,0.5115348696708679,,,0.2514285743236542
libero_object:task5,held_out,gripper,5,4,132,0.9280472993850708,0.14412006735801697,,,0.06818182021379471
libero_object:task5,held_out,gripper,6,4,150,0.8770521283149719,0.24599942564964294,,,0.11999999731779099
libero_object:task5,held_out,gripper,7,4,192,0.7843148112297058,0.43229737877845764,,,0.2135416716337204
libero_object:task5,held_out,gripper,8,4,276,0.7755080461502075,0.44988885521888733,,,0.22101449966430664
libero_object:task5,held_out,gripper,9,4,276,0.6687265038490295,0.6638121604919434,,,0.32608696818351746
libero_object:task5,held_out,gripper,0,8,187,0.7134483456611633,0.5753027200698853,,,0.28342247009277344
libero_object:task5,held_out,gripper,1,8,127,0.9166812300682068,0.16748104989528656,,,0.07874015718698502
libero_object:task5,held_out,gripper,2,8,119,0.9113817811012268,0.17784063518047333,,,0.08403361588716507
libero_object:task5,held_out,gripper,3,8,192,0.8215273022651672,0.358103483915329,,,0.1770833283662796
libero_object:task5,held_out,gripper,4,8,171,0.7104302048683167,0.580689549446106,,,0.28654971718788147
libero_object:task5,held_out,gripper,5,8,128,0.9016841650009155,0.19680637121200562,,,0.09375
libero_object:task5,held_out,gripper,6,8,146,0.8391640186309814,0.32204994559288025,,,0.15753424167633057
libero_object:task5,held_out,gripper,7,8,188,0.79383385181427,0.4133552312850952,,,0.20212766528129578
libero_object:task5,held_out,gripper,8,8,272,0.746575653553009,0.5078670382499695,,,0.25
libero_object:task5,held_out,gripper,9,8,272,0.6331468820571899,0.7352200746536255,,,0.36764705181121826
libero_object:task5,held_out,gripper,0,16,179,0.6778236031532288,0.6460220813751221,,,0.31843575835227966
libero_object:task5,held_out,gripper,1,16,119,0.8944333791732788,0.2118612676858902,,,0.10084033757448196
libero_object:task5,held_out,gripper,2,16,111,0.9054053425788879,0.18978753685951233,,,0.09009008854627609
libero_object:task5,held_out,gripper,3,16,184,0.8031951189041138,0.39486977458000183,,,0.19021739065647125
libero_object:task5,held_out,gripper,4,16,163,0.6762382388114929,0.6491571664810181,,,0.3190183937549591
libero_object:task5,held_out,gripper,5,16,120,0.9284728765487671,0.1432209610939026,,,0.06666667014360428
libero_object:task5,held_out,gripper,6,16,138,0.8373183012008667,0.32583126425743103,,,0.15942029654979706
libero_object:task5,held_out,gripper,7,16,180,0.7479888796806335,0.5050657391548157,,,0.25
libero_object:task5,held_out,gripper,8,16,264,0.5497077107429504,0.9019802212715149,,,0.4469696879386902
libero_object:task5,held_out,gripper,9,16,264,0.5733378529548645,0.8550209999084473,,,0.42424243688583374
libero_object:task5,held_out,gripper,0,20,175,0.6653704047203064,0.6709984540939331,,,0.33142855763435364
libero_object:task5,held_out,gripper,1,20,115,0.8747296333312988,0.25129324197769165,,,0.12173912674188614
libero_object:task5,held_out,gripper,2,20,107,0.8837164044380188,0.2333727478981018,,,0.11214952915906906
libero_object:task5,held_out,gripper,3,20,180,0.7776286005973816,0.4451442360877991,,,0.2222222238779068
libero_object:task5,held_out,gripper,4,20,159,0.6607770919799805,0.6799299120903015,,,0.3396226465702057
libero_object:task5,held_out,gripper,5,20,116,0.9007657170295715,0.1989891678094864,,,0.09482758492231369
libero_object:task5,held_out,gripper,6,20,134,0.8257061243057251,0.34875330328941345,,,0.17164179682731628
libero_object:task5,held_out,gripper,7,20,176,0.7247081995010376,0.5515537858009338,,,0.27272728085517883
libero_object:task5,held_out,gripper,8,20,260,0.46973326802253723,1.061681866645813,,,0.5307692289352417
libero_object:task5,held_out,gripper,9,20,260,0.5404666662216187,0.9204568862915039,,,0.45769229531288147
libero_object:task5,held_out,gripper,0,32,163,0.6828734874725342,0.6358358860015869,,,0.3128834366798401
libero_object:task5,held_out,gripper,1,32,103,0.8403313159942627,0.32075974345207214,,,0.1553398072719574
libero_object:task5,held_out,gripper,2,32,95,0.8281272649765015,0.34510788321495056,,,0.16842105984687805
libero_object:task5,held_out,gripper,3,32,168,0.7027102112770081,0.5957261323928833,,,0.2916666567325592
libero_object:task5,held_out,gripper,4,32,147,0.6933367848396301,0.6148262023925781,,,0.30612245202064514
libero_object:task5,held_out,gripper,5,32,104,0.86114501953125,0.2779218852519989,,,0.13461539149284363
libero_object:task5,held_out,gripper,6,32,122,0.7576231956481934,0.4857082664966583,,,0.23770491778850555
libero_object:task5,held_out,gripper,7,32,164,0.7220621109008789,0.5567067861557007,,,0.27439025044441223
libero_object:task5,held_out,gripper,8,32,248,0.41128385066986084,1.1785898208618164,,,0.5887096524238586
libero_object:task5,held_out,gripper,9,32,248,0.479796826839447,1.041976809501648,,,0.5201612710952759
libero_spatial:task0,development,arm,0,0,71,1.0,0.0,0.0,0.0,0.0
libero_spatial:task0,development,arm,1,0,280,1.0,0.0,0.0,0.0,0.0
libero_spatial:task0,development,arm,2,0,69,1.0,0.0,0.0,0.0,0.0
libero_spatial:task0,development,arm,3,0,280,1.0,0.0,0.0,0.0,0.0
libero_spatial:task0,development,arm,4,0,77,1.0,0.0,0.0,0.0,0.0
libero_spatial:task0,development,arm,5,0,89,1.0,0.0,0.0,0.0,0.0
libero_spatial:task0,development,arm,6,0,280,1.0,0.0,0.0,0.0,0.0
libero_spatial:task0,development,arm,7,0,73,1.0,0.0,0.0,0.0,0.0
libero_spatial:task0,development,arm,8,0,280,1.0,0.0,0.0,0.0,0.0
libero_spatial:task0,development,arm,9,0,69,1.0,0.0,0.0,0.0,0.0
libero_spatial:task0,development,arm,0,4,67,0.6230617761611938,0.3769382834434509,0.41445040702819824,0.9209254384040833,0.04477611929178238
libero_spatial:task0,development,arm,1,4,276,0.49339139461517334,0.5066086053848267,0.8447480201721191,1.5225372314453125,0.3224637806415558
libero_spatial:task0,development,arm,2,4,65,0.5811189413070679,0.41888099908828735,0.5029541850090027,1.058708906173706,0.0923076942563057
libero_spatial:task0,development,arm,3,4,276,0.5043182373046875,0.4956818222999573,0.8484600186347961,1.4016902446746826,0.28985506296157837
libero_spatial:task0,development,arm,4,4,73,0.6087298393249512,0.39127010107040405,0.41733986139297485,1.005869746208191,0.08219178020954132
libero_spatial:task0,development,arm,5,4,85,0.6034569144248962,0.39654308557510376,0.4685839116573334,0.9793832898139954,0.05882352963089943
libero_spatial:task0,development,arm,6,4,276,0.5104780197143555,0.48952198028564453,0.7610915303230286,1.402550458908081,0.29347825050354004
libero_spatial:task0,development,arm,7,4,69,0.5922290086746216,0.4077710509300232,0.4897930920124054,1.026553988456726,0.05797101557254791
libero_spatial:task0,development,arm,8,4,276,0.4958294928073883,0.5041705369949341,0.8688707947731018,1.4639729261398315,0.29347825050354004
libero_spatial:task0,development,arm,9,4,65,0.6104631423950195,0.38953685760498047,0.4272248446941376,0.9669680595397949,0.03076923079788685
libero_spatial:task0,development,arm,0,8,63,0.5971089005470276,0.40289106965065,0.46259674429893494,1.0095782279968262,0.0476190485060215
libero_spatial:task0,development,arm,1,8,272,0.48550719022750854,0.5144928097724915,0.9149289727210999,1.5098867416381836,0.35661765933036804
libero_spatial:task0,development,arm,2,8,61,0.5913131833076477,0.40868690609931946,0.5470924973487854,0.9979608654975891,0.016393441706895828
libero_spatial:task0,development,arm,3,8,272,0.47802913188934326,0.5219708681106567,0.9569895267486572,1.5278304815292358,0.2977941036224365
libero_spatial:task0,development,arm,4,8,69,0.6037517786026001,0.3962482213973999,0.4093377888202667,1.0511882305145264,0.043478261679410934
libero_spatial:task0,development,arm,5,8,81,0.5857664942741394,0.4142334461212158,0.5039026737213135,1.065373420715332,0.06172839552164078
libero_spatial:task0,development,arm,6,8,272,0.4858386218547821,0.5141614079475403,0.8680996298789978,1.522694706916809,0.30514705181121826
libero_spatial:task0,development,arm,7,8,65,0.5990201830863953,0.4009798467159271,0.43273815512657166,1.0088551044464111,0.03076923079788685
libero_spatial:task0,development,arm,8,8,272,0.4818001985549927,0.5181998014450073,0.9032703638076782,1.508806824684143,0.3125
libero_spatial:task0,development,arm,9,8,61,0.5895422697067261,0.4104577302932739,0.48153063654899597,1.0490397214889526,0.032786883413791656
libero_spatial:task0,development,arm,0,16,55,0.5611645579338074,0.4388355016708374,0.531928539276123,1.1773356199264526,0.05454545468091965
libero_spatial:task0,development,arm,1,16,264,0.45459529757499695,0.5454047322273254,1.007603645324707,1.6787561178207397,0.405303031206131
libero_spatial:task0,development,arm,2,16,53,0.5570666193962097,0.4429333806037903,0.6259813904762268,1.1730101108551025,0.03773584961891174
libero_spatial:task0,development,arm,3,16,264,0.4705051779747009,0.5294948816299438,1.0043827295303345,1.5506901741027832,0.35227271914482117
libero_spatial:task0,development,arm,4,16,61,0.5689699053764343,0.4310300946235657,0.5090755820274353,1.1543205976486206,0.1147540956735611
libero_spatial:task0,development,arm,5,16,73,0.5591450929641724,0.44085490703582764,0.6323707103729248,1.0919954776763916,0.12328767031431198
libero_spatial:task0,development,arm,6,16,264,0.46121320128440857,0.5387868285179138,0.9498933553695679,1.654252529144287,0.41287878155708313
libero_spatial:task0,development,arm,7,16,57,0.583249568939209,0.4167504608631134,0.532289981842041,1.0580925941467285,0.05263157933950424
libero_spatial:task0,development,arm,8,16,264,0.4716551601886749,0.5283448100090027,0.9554522037506104,1.5769933462142944,0.45075756311416626
libero_spatial:task0,development,arm,9,16,53,0.5601242184638977,0.4398757517337799,0.5275479555130005,1.1508766412734985,0.01886792480945587
libero_spatial:task0,development,arm,0,20,51,0.5501440763473511,0.4498559236526489,0.5780461430549622,1.2204971313476562,0.019607843831181526
libero_spatial:task0,development,arm,1,20,260,0.45921590924263,0.5407841205596924,0.9852853417396545,1.6457682847976685,0.45769229531288147
libero_spatial:task0,development,arm,2,20,49,0.5658249855041504,0.4341750144958496,0.6061426997184753,1.1406080722808838,0.12244898080825806
libero_spatial:task0,development,arm,3,20,260,0.4536634087562561,0.5463365912437439,1.013864517211914,1.6751079559326172,0.3769230842590332
libero_spatial:task0,development,arm,4,20,57,0.5485574007034302,0.4514426290988922,0.5212196111679077,1.3235920667648315,0.07017543911933899
libero_spatial:task0,development,arm,5,20,69,0.5482959747314453,0.4517040550708771,0.6488322019577026,1.1895030736923218,0.15942029654979706
libero_spatial:task0,development,arm,6,20,260,0.4462246000766754,0.5537753701210022,0.9800569415092468,1.7965294122695923,0.39230769872665405
libero_spatial:task0,development,arm,7,20,53,0.5879727602005005,0.4120272397994995,0.5124146938323975,1.0391731262207031,0.056603774428367615
libero_spatial:task0,development,arm,8,20,260,0.4669268727302551,0.5330731868743896,1.0018489360809326,1.5895479917526245,0.4923076927661896
libero_spatial:task0,development,arm,9,20,49,0.5789880752563477,0.42101186513900757,0.5996251106262207,1.052833914756775,0.040816325694322586
libero_spatial:task0,development,arm,0,32,39,0.5551775693893433,0.44482240080833435,0.595654308795929,1.1974263191223145,0.1794871836900711
libero_spatial:task0,development,arm,1,32,248,0.46847859025001526,0.5315213799476624,0.9074985384941101,1.600691556930542,0.5322580933570862
libero_spatial:task0,development,arm,2,32,37,0.5504234433174133,0.4495764970779419,0.6148905158042908,1.218017339706421,0.1621621549129486
libero_spatial:task0,development,arm,3,32,248,0.4581320285797119,0.5418679714202881,0.9611299633979797,1.6555252075195312,0.5040322542190552
libero_spatial:task0,development,arm,4,32,45,0.5593045353889465,0.4406954348087311,0.499512642621994,1.2910996675491333,0.04444444552063942
libero_spatial:task0,development,arm,5,32,57,0.5362017154693604,0.46379825472831726,0.6255089044570923,1.2774797677993774,0.12280701845884323
libero_spatial:task0,development,arm,6,32,248,0.45339787006378174,0.5466021299362183,0.9587581753730774,1.6768420934677124,0.5080645084381104
libero_spatial:task0,development,arm,7,32,41,0.5647920370101929,0.43520796298980713,0.5789596438407898,1.1064836978912354,0.12195122241973877
libero_spatial:task0,development,arm,8,32,248,0.47235801815986633,0.527642011642456,0.9294442534446716,1.5442527532577515,0.5725806355476379
libero_spatial:task0,development,arm,9,32,37,0.5525729060173035,0.4474271237850189,0.6103933453559875,1.302191972732544,0.054054055362939835
libero_spatial:task0,development,gripper,0,0,71,1.0,0.0,,,0.0
libero_spatial:task0,development,gripper,1,0,280,1.0,0.0,,,0.0
libero_spatial:task0,development,gripper,2,0,69,1.0,0.0,,,0.0
libero_spatial:task0,development,gripper,3,0,280,1.0,0.0,,,0.0
libero_spatial:task0,development,gripper,4,0,77,1.0,0.0,,,0.0
libero_spatial:task0,development,gripper,5,0,89,1.0,0.0,,,0.0
libero_spatial:task0,development,gripper,6,0,280,1.0,0.0,,,0.0
libero_spatial:task0,development,gripper,7,0,73,1.0,0.0,,,0.0
libero_spatial:task0,development,gripper,8,0,280,1.0,0.0,,,0.0
libero_spatial:task0,development,gripper,9,0,69,1.0,0.0,,,0.0
libero_spatial:task0,development,gripper,0,4,67,0.9488441944122314,0.10268031805753708,,,0.04477611929178238
libero_spatial:task0,development,gripper,1,4,276,0.6745874285697937,0.6515874266624451,,,0.3224637806415558
libero_spatial:task0,development,gripper,2,4,65,0.9058632850646973,0.18827345967292786,,,0.0923076942563057
libero_spatial:task0,development,gripper,3,4,276,0.708178699016571,0.5849296450614929,,,0.28985506296157837
libero_spatial:task0,development,gripper,4,4,73,0.9103060960769653,0.1798066943883896,,,0.08219178020954132
libero_spatial:task0,development,gripper,5,4,85,0.9348368048667908,0.13063563406467438,,,0.05882352963089943
libero_spatial:task0,development,gripper,6,4,276,0.7035443186759949,0.5937981605529785,,,0.29347825050354004
libero_spatial:task0,development,gripper,7,4,69,0.9304316639900208,0.13932843506336212,,,0.05797101557254791
libero_spatial:task0,development,gripper,8,4,276,0.7036303877830505,0.594315230846405,,,0.29347825050354004
libero_spatial:task0,development,gripper,9,4,65,0.9573103785514832,0.08553420007228851,,,0.03076923079788685
libero_spatial:task0,development,gripper,0,8,63,0.9473533630371094,0.10533584654331207,,,0.0476190485060215
libero_spatial:task0,development,gripper,1,8,272,0.643168032169342,0.7142035961151123,,,0.35661765933036804
libero_spatial:task0,development,gripper,2,8,61,0.9764446020126343,0.04711079224944115,,,0.016393441706895828
libero_spatial:task0,development,gripper,3,8,272,0.6966171860694885,0.6085134744644165,,,0.2977941036224365
libero_spatial:task0,development,gripper,4,8,69,0.9508658051490784,0.09846745431423187,,,0.043478261679410934
libero_spatial:task0,development,gripper,5,8,81,0.932125449180603,0.13586466014385223,,,0.06172839552164078
libero_spatial:task0,development,gripper,6,8,272,0.689475953578949,0.6225796341896057,,,0.30514705181121826
libero_spatial:task0,development,gripper,7,8,65,0.9579216837882996,0.08422022312879562,,,0.03076923079788685
libero_spatial:task0,development,gripper,8,8,272,0.6856507658958435,0.6298581957817078,,,0.3125
libero_spatial:task0,development,gripper,9,8,61,0.9543236494064331,0.0913526639342308,,,0.032786883413791656
libero_spatial:task0,development,gripper,0,16,55,0.9384223222732544,0.12390382587909698,,,0.05454545468091965
libero_spatial:task0,development,gripper,1,16,264,0.5917047262191772,0.8189762234687805,,,0.405303031206131
libero_spatial:task0,development,gripper,2,16,53,0.9562183618545532,0.08756326884031296,,,0.03773584961891174
libero_spatial:task0,development,gripper,3,16,264,0.6417377591133118,0.7191132307052612,,,0.35227271914482117
libero_spatial:task0,development,gripper,4,16,61,0.8819549679756165,0.2373029589653015,,,0.1147540956735611
libero_spatial:task0,development,gripper,5,16,73,0.8712635040283203,0.258392333984375,,,0.12328767031431198
libero_spatial:task0,development,gripper,6,16,264,0.5862675309181213,0.8304405808448792,,,0.41287878155708313
libero_spatial:task0,development,gripper,7,16,57,0.935530424118042,0.12893913686275482,,,0.05263157933950424
libero_spatial:task0,development,gripper,8,16,264,0.5460963845252991,0.9109824895858765,,,0.45075756311416626
libero_spatial:task0,development,gripper,9,16,53,0.9667763710021973,0.0667693093419075,,,0.01886792480945587
libero_spatial:task0,development,gripper,0,20,51,0.9751530289649963,0.049858588725328445,,,0.019607843831181526
libero_spatial:task0,development,gripper,1,20,260,0.5493266582489014,0.9026169180870056,,,0.45769229531288147
libero_spatial:task0,development,gripper,2,20,49,0.872402012348175,0.2552102208137512,,,0.12244898080825806
libero_spatial:task0,development,gripper,3,20,260,0.6185286045074463,0.76580810546875,,,0.3769230842590332
libero_spatial:task0,development,gripper,4,20,57,0.9245846271514893,0.1513497233390808,,,0.07017543911933899
libero_spatial:task0,development,gripper,5,20,69,0.8352558016777039,0.33015352487564087,,,0.15942029654979706
libero_spatial:task0,development,gripper,6,20,260,0.6052044034004211,0.7927260398864746,,,0.39230769872665405
libero_spatial:task0,development,gripper,7,20,53,0.9310125708580017,0.1383550763130188,,,0.056603774428367615
libero_spatial:task0,development,gripper,8,20,260,0.5047566890716553,0.9937109351158142,,,0.4923076927661896
libero_spatial:task0,development,gripper,9,20,49,0.9430114030838013,0.11397723108530045,,,0.040816325694322586
libero_spatial:task0,development,gripper,0,32,39,0.815811276435852,0.37080511450767517,,,0.1794871836900711
libero_spatial:task0,development,gripper,1,32,248,0.46325621008872986,1.0749682188034058,,,0.5322580933570862
libero_spatial:task0,development,gripper,2,32,37,0.8332602381706238,0.3337042033672333,,,0.1621621549129486
libero_spatial:task0,development,gripper,3,32,248,0.4938538074493408,1.0141205787658691,,,0.5040322542190552
libero_spatial:task0,development,gripper,4,32,45,0.9489132165908813,0.1023435890674591,,,0.04444444552063942
libero_spatial:task0,development,gripper,5,32,57,0.872149646282196,0.2575446367263794,,,0.12280701845884323
libero_spatial:task0,development,gripper,6,32,248,0.48874804377555847,1.0247896909713745,,,0.5080645084381104
libero_spatial:task0,development,gripper,7,32,41,0.8645870089530945,0.2721627950668335,,,0.12195122241973877
libero_spatial:task0,development,gripper,8,32,248,0.428573876619339,1.1454553604125977,,,0.5725806355476379
libero_spatial:task0,development,gripper,9,32,37,0.9300428032875061,0.1400091052055359,,,0.054054055362939835
libero_spatial:task4,held_out,arm,0,0,137,1.0,0.0,0.0,0.0,0.0
libero_spatial:task4,held_out,arm,1,0,140,1.0,0.0,0.0,0.0,0.0
libero_spatial:task4,held_out,arm,2,0,131,1.0,0.0,0.0,0.0,0.0
libero_spatial:task4,held_out,arm,3,0,129,1.0,0.0,0.0,0.0,0.0
libero_spatial:task4,held_out,arm,4,0,137,1.0,0.0,0.0,0.0,0.0
libero_spatial:task4,held_out,arm,5,0,280,1.0,0.0,0.0,0.0,0.0
libero_spatial:task4,held_out,arm,6,0,280,1.0,0.0,0.0,0.0,0.0
libero_spatial:task4,held_out,arm,7,0,135,1.0,0.0,0.0,0.0,0.0
libero_spatial:task4,held_out,arm,8,0,125,1.0,0.0,0.0,0.0,0.0
libero_spatial:task4,held_out,arm,9,0,131,1.0,0.0,0.0,0.0,0.0
libero_spatial:task4,held_out,arm,0,4,133,0.642367422580719,0.357632577419281,0.39502033591270447,0.8261642456054688,0.060150377452373505
libero_spatial:task4,held_out,arm,1,4,136,0.6482899785041809,0.3517100512981415,0.36230573058128357,0.8199917078018188,0.04411764815449715
libero_spatial:task4,held_out,arm,2,4,127,0.6332458853721619,0.3667541742324829,0.39747366309165955,0.8706485629081726,0.031496062874794006
libero_spatial:task4,held_out,arm,3,4,125,0.6167274713516235,0.38327252864837646,0.41521063446998596,0.936244785785675,0.03200000151991844
libero_spatial:task4,held_out,arm,4,4,133,0.648400604724884,0.35159942507743835,0.40065616369247437,0.7835462689399719,0.04511278122663498
libero_spatial:task4,held_out,arm,5,4,276,0.6115947961807251,0.38840511441230774,0.4680114984512329,0.9104394316673279,0.15217390656471252
libero_spatial:task4,held_out,arm,6,4,276,0.6099143624305725,0.3900856375694275,0.4584430754184723,0.9158862829208374,0.11231884360313416
libero_spatial:task4,held_out,arm,7,4,131,0.6413611173629761,0.3586389720439911,0.3883492350578308,0.8267983198165894,0.015267175622284412
libero_spatial:task4,held_out,arm,8,4,121,0.646578848361969,0.3534212112426758,0.37103667855262756,0.8126974701881409,0.024793388321995735
libero_spatial:task4,held_out,arm,9,4,127,0.6350749135017395,0.3649250864982605,0.40240296721458435,0.8362886905670166,0.04724409431219101
libero_spatial:task4,held_out,arm,0,8,129,0.641056478023529,0.35894349217414856,0.386757493019104,0.8334410190582275,0.023255813866853714
libero_spatial:task4,held_out,arm,1,8,132,0.644760012626648,0.35524001717567444,0.38389691710472107,0.811582088470459,0.05303030461072922
libero_spatial:task4,held_out,arm,2,8,123,0.639301598072052,0.360698401927948,0.4109298586845398,0.8301392197608948,0.04878048598766327
libero_spatial:task4,held_out,arm,3,8,121,0.6315946578979492,0.3684053122997284,0.432333767414093,0.8290297985076904,0.041322313249111176
libero_spatial:task4,held_out,arm,4,8,129,0.643202543258667,0.35679736733436584,0.40452840924263,0.798221230506897,0.03100775182247162
libero_spatial:task4,held_out,arm,5,8,272,0.6056509613990784,0.394349068403244,0.4804524779319763,0.9371788501739502,0.20588235557079315
libero_spatial:task4,held_out,arm,6,8,272,0.6092751622200012,0.39072486758232117,0.4705522656440735,0.9165263772010803,0.13235294818878174
libero_spatial:task4,held_out,arm,7,8,127,0.6402022838592529,0.35979771614074707,0.39367082715034485,0.8326294422149658,0.031496062874794006
libero_spatial:task4,held_out,arm,8,8,117,0.6411794424057007,0.35882049798965454,0.3792991042137146,0.8362037539482117,0.008547008968889713
libero_spatial:task4,held_out,arm,9,8,123,0.6481459140777588,0.3518541157245636,0.3821122646331787,0.7922946214675903,0.04878048598766327
libero_spatial:task4,held_out,arm,0,16,121,0.6298994421958923,0.37010058760643005,0.4147849977016449,0.8660299777984619,0.01652892492711544
libero_spatial:task4,held_out,arm,1,16,124,0.6431612372398376,0.35683876276016235,0.3921516537666321,0.8125191330909729,0.08870967477560043
libero_spatial:task4,held_out,arm,2,16,115,0.6384003758430481,0.3615996241569519,0.416986882686615,0.8069078326225281,0.043478261679410934
libero_spatial:task4,held_out,arm,3,16,113,0.6405172944068909,0.35948267579078674,0.388264536857605,0.8503859639167786,0.03539822995662689
libero_spatial:task4,held_out,arm,4,16,121,0.640594482421875,0.359405517578125,0.4015832245349884,0.806842565536499,0.041322313249111176
libero_spatial:task4,held_out,arm,5,16,264,0.5941376686096191,0.40586233139038086,0.5218190550804138,0.9614129066467285,0.24242424964904785
libero_spatial:task4,held_out,arm,6,16,264,0.6010148525238037,0.3989851474761963,0.5096619129180908,0.9349573850631714,0.14772726595401764
libero_spatial:task4,held_out,arm,7,16,119,0.6168204545974731,0.38317954540252686,0.41996344923973083,0.9308527112007141,0.042016807943582535
libero_spatial:task4,held_out,arm,8,16,109,0.6489394307136536,0.35106053948402405,0.3750441074371338,0.7878519296646118,0.027522936463356018
libero_spatial:task4,held_out,arm,9,16,115,0.6349323987960815,0.3650676906108856,0.4357839822769165,0.8050283193588257,0.06086956337094307
libero_spatial:task4,held_out,arm,0,20,117,0.6352638006210327,0.3647361099720001,0.423356294631958,0.8669432401657104,0.04273504391312599
libero_spatial:task4,held_out,arm,1,20,120,0.6338478326797485,0.36615225672721863,0.4040808379650116,0.8369231820106506,0.05833333358168602
libero_spatial:task4,held_out,arm,2,20,111,0.6380881071090698,0.361911803483963,0.38593417406082153,0.8562051653862,0.027027027681469917
libero_spatial:task4,held_out,arm,3,20,109,0.6146516799926758,0.3853483200073242,0.4249889552593231,0.9265490770339966,0.03669724613428116
libero_spatial:task4,held_out,arm,4,20,117,0.6308428049087524,0.3691571354866028,0.40705054998397827,0.8547569513320923,0.017094017937779427
libero_spatial:task4,held_out,arm,5,20,260,0.5834529995918274,0.4165469706058502,0.5541259050369263,1.0027481317520142,0.25
libero_spatial:task4,held_out,arm,6,20,260,0.5846598744392395,0.4153401851654053,0.5192335247993469,1.0213068723678589,0.1846153885126114
libero_spatial:task4,held_out,arm,7,20,115,0.6211038827896118,0.37889614701271057,0.44348257780075073,0.8753513097763062,0.043478261679410934
libero_spatial:task4,held_out,arm,8,20,105,0.6367124915122986,0.36328744888305664,0.4123438596725464,0.7982104420661926,0.01904761977493763
libero_spatial:task4,held_out,arm,9,20,111,0.6308376789093018,0.3691624104976654,0.42167964577674866,0.8417698740959167,0.06306306272745132
libero_spatial:task4,held_out,arm,0,32,105,0.6304222345352173,0.3695777952671051,0.4251915216445923,0.8583663702011108,0.06666667014360428
libero_spatial:task4,held_out,arm,1,32,108,0.6234164834022522,0.37658363580703735,0.43223750591278076,0.8880897760391235,0.06481481343507767
libero_spatial:task4,held_out,arm,2,32,99,0.6112808585166931,0.3887190818786621,0.439376562833786,0.9348254799842834,0.06060606241226196
libero_spatial:task4,held_out,arm,3,32,97,0.6003149747848511,0.3996850252151489,0.43437328934669495,1.0369281768798828,0.04123711213469505
libero_spatial:task4,held_out,arm,4,32,105,0.6198393106460571,0.38016074895858765,0.4042283594608307,0.9183828234672546,0.07619047909975052
libero_spatial:task4,held_out,arm,5,32,248,0.5901264548301697,0.40987351536750793,0.5445643067359924,0.9691524505615234,0.3104838728904724
libero_spatial:task4,held_out,arm,6,32,248,0.5879634618759155,0.4120365381240845,0.5656085014343262,0.9591078162193298,0.19354838132858276
libero_spatial:task4,held_out,arm,7,32,103,0.6131656169891357,0.38683438301086426,0.4457392990589142,0.9309954643249512,0.058252427726984024
libero_spatial:task4,held_out,arm,8,32,93,0.6256051063537598,0.37439489364624023,0.4029156565666199,0.8913162350654602,0.04301075264811516
libero_spatial:task4,held_out,arm,9,32,99,0.6062900424003601,0.3937099277973175,0.4737844467163086,0.9340383410453796,0.04040404036641121
libero_spatial:task4,held_out,gripper,0,0,137,1.0,0.0,,,0.0
libero_spatial:task4,held_out,gripper,1,0,140,1.0,0.0,,,0.0
libero_spatial:task4,held_out,gripper,2,0,131,1.0,0.0,,,0.0
libero_spatial:task4,held_out,gripper,3,0,129,1.0,0.0,,,0.0
libero_spatial:task4,held_out,gripper,4,0,137,1.0,0.0,,,0.0
libero_spatial:task4,held_out,gripper,5,0,280,1.0,0.0,,,0.0
libero_spatial:task4,held_out,gripper,6,0,280,1.0,0.0,,,0.0
libero_spatial:task4,held_out,gripper,7,0,135,1.0,0.0,,,0.0
libero_spatial:task4,held_out,gripper,8,0,125,1.0,0.0,,,0.0
libero_spatial:task4,held_out,gripper,9,0,131,1.0,0.0,,,0.0
libero_spatial:task4,held_out,gripper,0,4,133,0.9352534413337708,0.12998643517494202,,,0.060150377452373505
libero_spatial:task4,held_out,gripper,1,4,136,0.9520210027694702,0.09625080972909927,,,0.04411764815449715
libero_spatial:task4,held_out,gripper,2,4,127,0.9632959961891174,0.0738692432641983,,,0.031496062874794006
libero_spatial:task4,held_out,gripper,3,4,125,0.9637920260429382,0.07248770445585251,,,0.03200000151991844
libero_spatial:task4,held_out,gripper,4,4,133,0.9493188261985779,0.10159607976675034,,,0.04511278122663498
libero_spatial:task4,held_out,gripper,5,4,276,0.8441643714904785,0.3119973838329315,,,0.15217390656471252
libero_spatial:task4,held_out,gripper,6,4,276,0.8818295001983643,0.23739922046661377,,,0.11231884360313416
libero_spatial:task4,held_out,gripper,7,4,131,0.9800445437431335,0.04032634198665619,,,0.015267175622284412
libero_spatial:task4,held_out,gripper,8,4,121,0.9695172309875488,0.06114891171455383,,,0.024793388321995735
libero_spatial:task4,held_out,gripper,9,4,127,0.9459929466247559,0.10831141471862793,,,0.04724409431219101
libero_spatial:task4,held_out,gripper,0,8,129,0.9710114002227783,0.05804212763905525,,,0.023255813866853714
libero_spatial:task4,held_out,gripper,1,8,132,0.9401882886886597,0.12008465826511383,,,0.05303030461072922
libero_spatial:task4,held_out,gripper,2,8,123,0.9467962980270386,0.10666884481906891,,,0.04878048598766327
libero_spatial:task4,held_out,gripper,3,8,121,0.953714907169342,0.09289360046386719,,,0.041322313249111176
libero_spatial:task4,held_out,gripper,4,8,129,0.9603124856948853,0.07959553599357605,,,0.03100775182247162
libero_spatial:task4,held_out,gripper,5,8,272,0.7899012565612793,0.42072415351867676,,,0.20588235557079315
libero_spatial:task4,held_out,gripper,6,8,272,0.8615451455116272,0.27743107080459595,,,0.13235294818878174
libero_spatial:task4,held_out,gripper,7,8,127,0.9651996493339539,0.06960069388151169,,,0.031496062874794006
libero_spatial:task4,held_out,gripper,8,8,117,0.9861096739768982,0.02784082666039467,,,0.008547008968889713
libero_spatial:task4,held_out,gripper,9,8,123,0.9467356204986572,0.10671841353178024,,,0.04878048598766327
libero_spatial:task4,held_out,gripper,0,16,121,0.9751301407814026,0.04973963648080826,,,0.01652892492711544
libero_spatial:task4,held_out,gripper,1,16,124,0.9081786274909973,0.18423227965831757,,,0.08870967477560043
libero_spatial:task4,held_out,gripper,2,16,115,0.9506214261054993,0.0989149734377861,,,0.043478261679410934
libero_spatial:task4,held_out,gripper,3,16,113,0.9589046239852905,0.08228742331266403,,,0.03539822995662689
libero_spatial:task4,held_out,gripper,4,16,121,0.9517117738723755,0.09675116091966629,,,0.041322313249111176
libero_spatial:task4,held_out,gripper,5,16,264,0.7548354268074036,0.49090680480003357,,,0.24242424964904785
libero_spatial:task4,held_out,gripper,6,16,264,0.8471519947052002,0.30642855167388916,,,0.14772726595401764
libero_spatial:task4,held_out,gripper,7,16,119,0.9524790048599243,0.09554509818553925,,,0.042016807943582535
libero_spatial:task4,held_out,gripper,8,16,109,0.9676836133003235,0.06467665731906891,,,0.027522936463356018
libero_spatial:task4,held_out,gripper,9,16,115,0.93387770652771,0.13249553740024567,,,0.06086956337094307
libero_spatial:task4,held_out,gripper,0,20,117,0.952389657497406,0.09539884328842163,,,0.04273504391312599
libero_spatial:task4,held_out,gripper,1,20,120,0.9367793798446655,0.12676848471164703,,,0.05833333358168602
libero_spatial:task4,held_out,gripper,2,20,111,0.9685349464416504,0.06298337131738663,,,0.027027027681469917
libero_spatial:task4,held_out,gripper,3,20,109,0.9574909806251526,0.08519672602415085,,,0.03669724613428116
libero_spatial:task4,held_out,gripper,4,20,117,0.9774092435836792,0.04533064365386963,,,0.017094017937779427
libero_spatial:task4,held_out,gripper,5,20,260,0.747416079044342,0.5053851008415222,,,0.25
libero_spatial:task4,held_out,gripper,6,20,260,0.8107344508171082,0.3793357312679291,,,0.1846153885126114
libero_spatial:task4,held_out,gripper,7,20,115,0.9518017172813416,0.09693583101034164,,,0.043478261679410934
libero_spatial:task4,held_out,gripper,8,20,105,0.975203275680542,0.049774233251810074,,,0.01904761977493763
libero_spatial:task4,held_out,gripper,9,20,111,0.9326414465904236,0.1347608119249344,,,0.06306306272745132
libero_spatial:task4,held_out,gripper,0,32,105,0.9309275150299072,0.13814713060855865,,,0.06666667014360428
libero_spatial:task4,held_out,gripper,1,32,108,0.9317641258239746,0.13690651953220367,,,0.06481481343507767
libero_spatial:task4,held_out,gripper,2,32,99,0.9342065453529358,0.13218235969543457,,,0.06060606241226196
libero_spatial:task4,held_out,gripper,3,32,97,0.953376054763794,0.09340117126703262,,,0.04123711213469505
libero_spatial:task4,held_out,gripper,4,32,105,0.9190258383750916,0.16222873330116272,,,0.07619047909975052
libero_spatial:task4,held_out,gripper,5,32,248,0.6882327198982239,0.6236339211463928,,,0.3104838728904724
libero_spatial:task4,held_out,gripper,6,32,248,0.8009641766548157,0.39895087480545044,,,0.19354838132858276
libero_spatial:task4,held_out,gripper,7,32,103,0.9384612441062927,0.12397700548171997,,,0.058252427726984024
libero_spatial:task4,held_out,gripper,8,32,93,0.9554757475852966,0.08943994343280792,,,0.04301075264811516
libero_spatial:task4,held_out,gripper,9,32,99,0.9535722136497498,0.09285558015108109,,,0.04040404036641121
libero_goal:task2,development,arm,0,0,86,1.0,0.0,0.0,0.0,0.0
libero_goal:task2,development,arm,1,0,99,1.0,0.0,0.0,0.0,0.0
libero_goal:task2,development,arm,2,0,102,1.0,0.0,0.0,0.0,0.0
libero_goal:task2,development,arm,3,0,117,1.0,0.0,0.0,0.0,0.0
libero_goal:task2,development,arm,4,0,114,1.0,0.0,0.0,0.0,0.0
libero_goal:task2,development,arm,5,0,97,1.0,0.0,0.0,0.0,0.0
libero_goal:task2,development,arm,6,0,105,1.0,0.0,0.0,0.0,0.0
libero_goal:task2,development,arm,7,0,98,1.0,0.0,0.0,0.0,0.0
libero_goal:task2,development,arm,8,0,94,1.0,0.0,0.0,0.0,0.0
libero_goal:task2,development,arm,9,0,300,1.0,0.0,0.0,0.0,0.0
libero_goal:task2,development,arm,0,4,82,0.620820164680481,0.37917980551719666,0.40483003854751587,0.9321685433387756,0.0731707289814949
libero_goal:task2,development,arm,1,4,95,0.6346840858459473,0.36531588435173035,0.3653498589992523,0.896495521068573,0.08421052992343903
libero_goal:task2,development,arm,2,4,98,0.6298848986625671,0.37011513113975525,0.4074357748031616,0.8475608825683594,0.09183673560619354
libero_goal:task2,development,arm,3,4,113,0.610909640789032,0.38909032940864563,0.4115178883075714,0.9755684733390808,0.044247787445783615
libero_goal:task2,development,arm,4,4,110,0.649167537689209,0.35083240270614624,0.3748859465122223,0.8418741822242737,0.04545454680919647
libero_goal:task2,development,arm,5,4,93,0.6338037252426147,0.36619624495506287,0.38568276166915894,0.8639942407608032,0.032258063554763794
libero_goal:task2,development,arm,6,4,101,0.6507712602615356,0.34922876954078674,0.35109856724739075,0.8138371109962463,0.009900989942252636
libero_goal:task2,development,arm,7,4,94,0.6315118670463562,0.3684881627559662,0.3893297016620636,0.8492243885993958,0.03191489353775978
libero_goal:task2,development,arm,8,4,90,0.6493658423423767,0.3506341576576233,0.3593851327896118,0.8166407346725464,0.03333333507180214
libero_goal:task2,development,arm,9,4,296,0.6376523375511169,0.36234769225120544,0.36725321412086487,0.8736283779144287,0.04729729890823364
libero_goal:task2,development,arm,0,8,78,0.6074190139770508,0.3925809860229492,0.39401713013648987,0.9982371926307678,0.10256410390138626
libero_goal:task2,development,arm,1,8,91,0.6316129565238953,0.36838698387145996,0.380879670381546,0.9086882472038269,0.05494505539536476
libero_goal:task2,development,arm,2,8,94,0.6219866871833801,0.37801337242126465,0.4364788830280304,0.8688962459564209,0.042553190141916275
libero_goal:task2,development,arm,3,8,109,0.5920111536979675,0.40798884630203247,0.506226122379303,1.024484395980835,0.06422018259763718
libero_goal:task2,development,arm,4,8,106,0.6439659595489502,0.35603412985801697,0.36195871233940125,0.8848109841346741,0.08490566164255142
libero_goal:task2,development,arm,5,8,89,0.6130642890930176,0.3869357109069824,0.41594913601875305,0.9695471525192261,0.01123595517128706
libero_goal:task2,development,arm,6,8,97,0.6274503469467163,0.3725495934486389,0.3802850842475891,0.9188524484634399,0.04123711213469505
libero_goal:task2,development,arm,7,8,90,0.6262776851654053,0.3737223446369171,0.42229408025741577,0.8813842535018921,0.03333333507180214
libero_goal:task2,development,arm,8,8,86,0.641244649887085,0.35875532031059265,0.3873700499534607,0.8316911458969116,0.0
libero_goal:task2,development,arm,9,8,292,0.6352903842926025,0.3647095859050751,0.3750612437725067,0.8972548246383667,0.04794520512223244
libero_goal:task2,development,arm,0,16,70,0.5948043465614319,0.4051957428455353,0.3979262113571167,1.1246508359909058,0.05714285746216774
libero_goal:task2,development,arm,1,16,83,0.6227652430534363,0.37723472714424133,0.38823401927948,0.9342379570007324,0.09638553857803345
libero_goal:task2,development,arm,2,16,86,0.6439924240112305,0.35600757598876953,0.3968476951122284,0.8076736330986023,0.058139536529779434
libero_goal:task2,development,arm,3,16,101,0.5713899731636047,0.42861002683639526,0.5833461284637451,1.0861812829971313,0.059405941516160965
libero_goal:task2,development,arm,4,16,98,0.6221323609352112,0.3778676390647888,0.3977929651737213,0.921543538570404,0.11224489659070969
libero_goal:task2,development,arm,5,16,81,0.5943224430084229,0.40567755699157715,0.48549264669418335,1.046470284461975,0.09876543283462524
libero_goal:task2,development,arm,6,16,89,0.6192293167114258,0.3807706832885742,0.4128303527832031,0.9268098473548889,0.02247191034257412
libero_goal:task2,development,arm,7,16,82,0.6162695288658142,0.3837304413318634,0.4236656725406647,0.9104060530662537,0.0731707289814949
libero_goal:task2,development,arm,8,16,78,0.6238905787467957,0.3761093318462372,0.3995527923107147,0.9315921068191528,0.08974359184503555
libero_goal:task2,development,arm,9,16,284,0.6293721199035645,0.37062788009643555,0.4291607439517975,0.8968497514724731,0.056338027119636536
libero_goal:task2,development,arm,0,20,66,0.6119562387466431,0.38804376125335693,0.4471387267112732,0.9628883600234985,0.10606060922145844
libero_goal:task2,development,arm,1,20,79,0.6407537460327148,0.35924625396728516,0.36019808053970337,0.9036858677864075,0.15189872682094574
libero_goal:task2,development,arm,2,20,82,0.6208999752998352,0.3791000247001648,0.4250977635383606,0.902289867401123,0.12195122241973877
libero_goal:task2,development,arm,3,20,97,0.5530295372009277,0.4469704329967499,0.6552746295928955,1.1294313669204712,0.07216494530439377
libero_goal:task2,development,arm,4,20,94,0.6190224885940552,0.3809775114059448,0.434990257024765,0.9127811789512634,0.1595744639635086
libero_goal:task2,development,arm,5,20,77,0.6049990653991699,0.39500102400779724,0.4864984452724457,1.0130019187927246,0.07792207598686218
libero_goal:task2,development,arm,6,20,85,0.6314539909362793,0.3685459494590759,0.39478176832199097,0.8427349328994751,0.07058823853731155
libero_goal:task2,development,arm,7,20,78,0.6102819442749023,0.3897179961204529,0.46909669041633606,0.9494194388389587,0.05128205195069313
libero_goal:task2,development,arm,8,20,74,0.6363011002540588,0.36369889974594116,0.4099825322628021,0.8701233863830566,0.0810810774564743
libero_goal:task2,development,arm,9,20,280,0.6235061883926392,0.37649381160736084,0.46387067437171936,0.9029391407966614,0.06785714626312256
libero_goal:task2,development,arm,0,32,54,0.5929239988327026,0.40707600116729736,0.4413733184337616,1.0827237367630005,0.0555555559694767
libero_goal:task2,development,arm,1,32,67,0.5848336815834045,0.41516628861427307,0.49457845091819763,1.0962964296340942,0.20895522832870483
libero_goal:task2,development,arm,2,32,70,0.6273907423019409,0.37260928750038147,0.4650810658931732,0.8429816365242004,0.2142857164144516
libero_goal:task2,development,arm,3,32,85,0.4967091679573059,0.5032907724380493,0.7913275361061096,1.43597412109375,0.12941177189350128
libero_goal:task2,development,arm,4,32,82,0.5628069639205933,0.43719300627708435,0.6179306507110596,1.1057113409042358,0.23170731961727142
libero_goal:task2,development,arm,5,32,65,0.5773525238037109,0.4226474165916443,0.5364787578582764,1.1401009559631348,0.1230769231915474
libero_goal:task2,development,arm,6,32,73,0.6038607358932495,0.3961392939090729,0.4649110436439514,0.9404846429824829,0.19178082048892975
libero_goal:task2,development,arm,7,32,66,0.5645651817321777,0.4354347884654999,0.5447275042533875,1.2004066705703735,0.1666666716337204
libero_goal:task2,development,arm,8,32,62,0.6053453683853149,0.3946545124053955,0.5014858841896057,0.9677457213401794,0.11290322244167328
libero_goal:task2,development,arm,9,32,268,0.6110562682151794,0.38894373178482056,0.45986589789390564,0.9606494307518005,0.09701492637395859
libero_goal:task2,development,gripper,0,0,86,1.0,0.0,,,0.0
libero_goal:task2,development,gripper,1,0,99,1.0,0.0,,,0.0
libero_goal:task2,development,gripper,2,0,102,1.0,0.0,,,0.0
libero_goal:task2,development,gripper,3,0,117,1.0,0.0,,,0.0
libero_goal:task2,development,gripper,4,0,114,1.0,0.0,,,0.0
libero_goal:task2,development,gripper,5,0,97,1.0,0.0,,,0.0
libero_goal:task2,development,gripper,6,0,105,1.0,0.0,,,0.0
libero_goal:task2,development,gripper,7,0,98,1.0,0.0,,,0.0
libero_goal:task2,development,gripper,8,0,94,1.0,0.0,,,0.0
libero_goal:task2,development,gripper,9,0,300,1.0,0.0,,,0.0
libero_goal:task2,development,gripper,0,4,82,0.9218428134918213,0.1586569994688034,,,0.0731707289814949
libero_goal:task2,development,gripper,1,4,95,0.9106951951980591,0.17941486835479736,,,0.08421052992343903
libero_goal:task2,development,gripper,2,4,98,0.9025261402130127,0.19730883836746216,,,0.09183673560619354
libero_goal:task2,development,gripper,3,4,113,0.9493741989135742,0.10207835584878922,,,0.044247787445783615
libero_goal:task2,development,gripper,4,4,110,0.9465187191963196,0.10715410858392715,,,0.04545454680919647
libero_goal:task2,development,gripper,5,4,93,0.9613529443740845,0.07767315953969955,,,0.032258063554763794
libero_goal:task2,development,gripper,6,4,101,0.9842472672462463,0.03168600797653198,,,0.009900989942252636
libero_goal:task2,development,gripper,7,4,94,0.9592816829681396,0.08231032639741898,,,0.03191489353775978
libero_goal:task2,development,gripper,8,4,90,0.9610238075256348,0.07939855009317398,,,0.03333333507180214
libero_goal:task2,development,gripper,9,4,296,0.9461881518363953,0.10857617855072021,,,0.04729729890823364
libero_goal:task2,development,gripper,0,8,78,0.8897979855537415,0.22175148129463196,,,0.10256410390138626
libero_goal:task2,development,gripper,1,8,91,0.9357743859291077,0.12894250452518463,,,0.05494505539536476
libero_goal:task2,development,gripper,2,8,94,0.9518539905548096,0.09705185145139694,,,0.042553190141916275
libero_goal:task2,development,gripper,3,8,109,0.9292864799499512,0.14227236807346344,,,0.06422018259763718
libero_goal:task2,development,gripper,4,8,106,0.9095008969306946,0.18231995403766632,,,0.08490566164255142
libero_goal:task2,development,gripper,5,8,89,0.9811229109764099,0.03790248557925224,,,0.01123595517128706
libero_goal:task2,development,gripper,6,8,97,0.9522396922111511,0.09670037031173706,,,0.04123711213469505
libero_goal:task2,development,gripper,7,8,90,0.9582103490829468,0.08394479006528854,,,0.03333333507180214
libero_goal:task2,development,gripper,8,8,86,0.993651807308197,0.012696439400315285,,,0.0
libero_goal:task2,development,gripper,9,8,292,0.9460450410842896,0.10859456658363342,,,0.04794520512223244
libero_goal:task2,development,gripper,0,16,70,0.9365319609642029,0.12743252515792847,,,0.05714285746216774
libero_goal:task2,development,gripper,1,16,83,0.8966425061225891,0.20698535442352295,,,0.09638553857803345
libero_goal:task2,development,gripper,2,16,86,0.9352114200592041,0.13027745485305786,,,0.058139536529779434
libero_goal:task2,development,gripper,3,16,101,0.9320936799049377,0.13638603687286377,,,0.059405941516160965
libero_goal:task2,development,gripper,4,16,98,0.8833763003349304,0.23428209125995636,,,0.11224489659070969
libero_goal:task2,development,gripper,5,16,81,0.8951194882392883,0.21138183772563934,,,0.09876543283462524
libero_goal:task2,development,gripper,6,16,89,0.971343994140625,0.05773303657770157,,,0.02247191034257412
libero_goal:task2,development,gripper,7,16,82,0.9187999963760376,0.1637130081653595,,,0.0731707289814949
libero_goal:task2,development,gripper,8,16,78,0.9029431343078613,0.19630861282348633,,,0.08974359184503555
libero_goal:task2,development,gripper,9,16,284,0.9380083680152893,0.12469770014286041,,,0.056338027119636536
libero_goal:task2,development,gripper,0,20,66,0.8873911499977112,0.22719494998455048,,,0.10606060922145844
libero_goal:task2,development,gripper,1,20,79,0.8433958888053894,0.3139784038066864,,,0.15189872682094574
libero_goal:task2,development,gripper,2,20,82,0.8715451955795288,0.2586421072483063,,,0.12195122241973877
libero_goal:task2,development,gripper,3,20,97,0.9192286729812622,0.16267018020153046,,,0.07216494530439377
libero_goal:task2,development,gripper,4,20,94,0.8325809836387634,0.3361889719963074,,,0.1595744639635086
libero_goal:task2,development,gripper,5,20,77,0.9167954325675964,0.16730891168117523,,,0.07792207598686218
libero_goal:task2,development,gripper,6,20,85,0.9230585694313049,0.15534572303295135,,,0.07058823853731155
libero_goal:task2,development,gripper,7,20,78,0.9411174058914185,0.11785644292831421,,,0.05128205195069313
libero_goal:task2,development,gripper,8,20,74,0.912352979183197,0.17715758085250854,,,0.0810810774564743
libero_goal:task2,development,gripper,9,20,280,0.925201416015625,0.15035565197467804,,,0.06785714626312256
libero_goal:task2,development,gripper,0,32,54,0.9372970461845398,0.12544012069702148,,,0.0555555559694767
libero_goal:task2,development,gripper,1,32,67,0.7884557247161865,0.42402586340904236,,,0.20895522832870483
libero_goal:task2,development,gripper,2,32,70,0.7825007438659668,0.43876200914382935,,,0.2142857164144516
libero_goal:task2,development,gripper,3,32,85,0.8631496429443359,0.27438613772392273,,,0.12941177189350128
libero_goal:task2,development,gripper,4,32,82,0.7618486881256104,0.4784320294857025,,,0.23170731961727142
libero_goal:task2,development,gripper,5,32,65,0.8744103908538818,0.2520504295825958,,,0.1230769231915474
libero_goal:task2,development,gripper,6,32,73,0.8030237555503845,0.3972379267215729,,,0.19178082048892975
libero_goal:task2,development,gripper,7,32,66,0.8276342153549194,0.3459334969520569,,,0.1666666716337204
libero_goal:task2,development,gripper,8,32,62,0.8816803097724915,0.23877514898777008,,,0.11290322244167328
libero_goal:task2,development,gripper,9,32,268,0.8990834951400757,0.20304925739765167,,,0.09701492637395859
libero_goal:task5,held_out,arm,0,0,300,1.0,0.0,0.0,0.0,0.0
libero_goal:task5,held_out,arm,1,0,150,1.0,0.0,0.0,0.0,0.0
libero_goal:task5,held_out,arm,2,0,137,1.0,0.0,0.0,0.0,0.0
libero_goal:task5,held_out,arm,3,0,118,1.0,0.0,0.0,0.0,0.0
libero_goal:task5,held_out,arm,4,0,201,1.0,0.0,0.0,0.0,0.0
libero_goal:task5,held_out,arm,5,0,131,1.0,0.0,0.0,0.0,0.0
libero_goal:task5,held_out,arm,6,0,124,1.0,0.0,0.0,0.0,0.0
libero_goal:task5,held_out,arm,7,0,147,1.0,0.0,0.0,0.0,0.0
libero_goal:task5,held_out,arm,8,0,160,1.0,0.0,0.0,0.0,0.0
libero_goal:task5,held_out,arm,9,0,124,1.0,0.0,0.0,0.0,0.0
libero_goal:task5,held_out,arm,0,4,296,0.5505629777908325,0.4494370222091675,0.8670713305473328,1.0185377597808838,0.0
libero_goal:task5,held_out,arm,1,4,146,0.6670194864273071,0.33298051357269287,0.4631843566894531,0.6562315821647644,0.0
libero_goal:task5,held_out,arm,2,4,133,0.659246027469635,0.34075406193733215,0.43940824270248413,0.7048310041427612,0.0
libero_goal:task5,held_out,arm,3,4,114,0.6776226162910461,0.32237738370895386,0.42114901542663574,0.6364997029304504,0.0
libero_goal:task5,held_out,arm,4,4,197,0.6573700904846191,0.34262990951538086,0.5149943828582764,0.6447227001190186,0.0
libero_goal:task5,held_out,arm,5,4,127,0.6817638874053955,0.31823620200157166,0.39662373065948486,0.6450783014297485,0.0
libero_goal:task5,held_out,arm,6,4,120,0.6699284911155701,0.33007150888442993,0.4290425479412079,0.6573337316513062,0.0
libero_goal:task5,held_out,arm,7,4,143,0.6869249939918518,0.3130749762058258,0.4253303110599518,0.6169767379760742,0.0
libero_goal:task5,held_out,arm,8,4,156,0.657447338104248,0.34255272150039673,0.4849490225315094,0.6726184487342834,0.0
libero_goal:task5,held_out,arm,9,4,120,0.7169939875602722,0.28300604224205017,0.39490804076194763,0.4852063059806824,0.0
libero_goal:task5,held_out,arm,0,8,292,0.5379939079284668,0.4620060920715332,0.9186062812805176,1.0623749494552612,0.0
libero_goal:task5,held_out,arm,1,8,142,0.6485474109649658,0.3514525294303894,0.5277959108352661,0.6793814897537231,0.0
libero_goal:task5,held_out,arm,2,8,129,0.6576346755027771,0.3423653244972229,0.4582655429840088,0.6943427920341492,0.0
libero_goal:task5,held_out,arm,3,8,110,0.6714534163475037,0.3285466134548187,0.5044348835945129,0.6045311093330383,0.0
libero_goal:task5,held_out,arm,4,8,193,0.644469678401947,0.3555302619934082,0.55811607837677,0.671796977519989,0.0
libero_goal:task5,held_out,arm,5,8,123,0.6787149906158447,0.3212850093841553,0.4146174490451813,0.6337572336196899,0.0
libero_goal:task5,held_out,arm,6,8,116,0.66487717628479,0.3351227939128876,0.4776906967163086,0.6181722283363342,0.0
libero_goal:task5,held_out,arm,7,8,139,0.6827683448791504,0.3172316551208496,0.426456093788147,0.6221007108688354,0.0
libero_goal:task5,held_out,arm,8,8,152,0.6433030366897583,0.3566969931125641,0.5419252514839172,0.7071104645729065,0.0
libero_goal:task5,held_out,arm,9,8,116,0.6985286474227905,0.30147138237953186,0.4080429971218109,0.5378619432449341,0.0
libero_goal:task5,held_out,arm,0,16,284,0.5170392990112305,0.4829607605934143,0.9611552953720093,1.1535189151763916,0.0
libero_goal:task5,held_out,arm,1,16,134,0.6282894015312195,0.3717106580734253,0.6205753087997437,0.7246280312538147,0.0
libero_goal:task5,held_out,arm,2,16,121,0.6503187417984009,0.34968122839927673,0.5163049697875977,0.6750097870826721,0.0
libero_goal:task5,held_out,arm,3,16,102,0.6384934782981873,0.36150649189949036,0.6446468234062195,0.6468639969825745,0.0
libero_goal:task5,held_out,arm,4,16,185,0.6287556290626526,0.3712443709373474,0.6071545481681824,0.7203224897384644,0.0
libero_goal:task5,held_out,arm,5,16,115,0.6738526821136475,0.32614731788635254,0.420444130897522,0.6639394164085388,0.0
libero_goal:task5,held_out,arm,6,16,108,0.6521954536437988,0.3478045165538788,0.5093502998352051,0.6723326444625854,0.009259259328246117
libero_goal:task5,held_out,arm,7,16,131,0.6718249917030334,0.32817503809928894,0.4521338641643524,0.6485175490379333,0.0
libero_goal:task5,held_out,arm,8,16,144,0.6127637028694153,0.38723623752593994,0.6986438035964966,0.7277603149414062,0.0
libero_goal:task5,held_out,arm,9,16,108,0.7017225623130798,0.29827743768692017,0.4418555796146393,0.491111159324646,0.0
libero_goal:task5,held_out,arm,0,20,280,0.498033732175827,0.5019662380218506,1.0476490259170532,1.2185453176498413,0.0
libero_goal:task5,held_out,arm,1,20,130,0.6293060183525085,0.3706939220428467,0.631364107131958,0.7304310202598572,0.0
libero_goal:task5,held_out,arm,2,20,117,0.6377524137496948,0.36224761605262756,0.5290138721466064,0.7375878691673279,0.0
libero_goal:task5,held_out,arm,3,20,98,0.6449940204620361,0.35500597953796387,0.594033420085907,0.66342693567276,0.0
libero_goal:task5,held_out,arm,4,20,181,0.6273261904716492,0.37267377972602844,0.601477861404419,0.7334932088851929,0.0
libero_goal:task5,held_out,arm,5,20,111,0.65854811668396,0.3414519429206848,0.46478185057640076,0.699652373790741,0.0
libero_goal:task5,held_out,arm,6,20,104,0.6398746967315674,0.36012524366378784,0.55277019739151,0.6736952066421509,0.0
libero_goal:task5,held_out,arm,7,20,127,0.6652129888534546,0.33478695154190063,0.45640242099761963,0.670320987701416,0.0
libero_goal:task5,held_out,arm,8,20,140,0.6207389831542969,0.3792610764503479,0.718463659286499,0.6983805894851685,0.0
libero_goal:task5,held_out,arm,9,20,104,0.6902264952659607,0.3097735643386841,0.45190510153770447,0.5509172081947327,0.0
libero_goal:task5,held_out,arm,0,32,268,0.47642242908477783,0.5235775709152222,1.2665983438491821,1.2033106088638306,0.0
libero_goal:task5,held_out,arm,1,32,118,0.5989504456520081,0.40104952454566956,0.7566516399383545,0.7930959463119507,0.0
libero_goal:task5,held_out,arm,2,32,105,0.6328873634338379,0.3671126663684845,0.539198100566864,0.7567377090454102,0.0
libero_goal:task5,held_out,arm,3,32,86,0.6453050374984741,0.35469499230384827,0.635513961315155,0.6468294858932495,0.0
libero_goal:task5,held_out,arm,4,32,169,0.6114594340324402,0.3885405957698822,0.7001686096191406,0.7180089354515076,0.0
libero_goal:task5,held_out,arm,5,32,99,0.6283433437347412,0.3716566264629364,0.5522577166557312,0.8051117658615112,0.0
libero_goal:task5,held_out,arm,6,32,92,0.6328239440917969,0.3671760559082031,0.5923343300819397,0.7175039052963257,0.0
libero_goal:task5,held_out,arm,7,32,115,0.6550653576850891,0.3449346125125885,0.478371798992157,0.7209385633468628,0.0
libero_goal:task5,held_out,arm,8,32,128,0.59293133020401,0.4070686995983124,0.7725964784622192,0.8355428576469421,0.0
libero_goal:task5,held_out,arm,9,32,92,0.6661558151245117,0.3338441550731659,0.47952917218208313,0.6884707808494568,0.0
libero_goal:task5,held_out,gripper,0,0,300,1.0,0.0,,,0.0
libero_goal:task5,held_out,gripper,1,0,150,1.0,0.0,,,0.0
libero_goal:task5,held_out,gripper,2,0,137,1.0,0.0,,,0.0
libero_goal:task5,held_out,gripper,3,0,118,1.0,0.0,,,0.0
libero_goal:task5,held_out,gripper,4,0,201,1.0,0.0,,,0.0
libero_goal:task5,held_out,gripper,5,0,131,1.0,0.0,,,0.0
libero_goal:task5,held_out,gripper,6,0,124,1.0,0.0,,,0.0
libero_goal:task5,held_out,gripper,7,0,147,1.0,0.0,,,0.0
libero_goal:task5,held_out,gripper,8,0,160,1.0,0.0,,,0.0
libero_goal:task5,held_out,gripper,9,0,124,1.0,0.0,,,0.0
libero_goal:task5,held_out,gripper,0,4,296,0.9935036897659302,0.012992621399462223,,,0.0
libero_goal:task5,held_out,gripper,1,4,146,0.9936625957489014,0.012674772180616856,,,0.0
libero_goal:task5,held_out,gripper,2,4,133,0.9940682053565979,0.011863441206514835,,,0.0
libero_goal:task5,held_out,gripper,3,4,114,0.9945025444030762,0.01099493820220232,,,0.0
libero_goal:task5,held_out,gripper,4,4,197,0.9936786890029907,0.012642698362469673,,,0.0
libero_goal:task5,held_out,gripper,5,4,127,0.9928486347198486,0.014302634634077549,,,0.0
libero_goal:task5,held_out,gripper,6,4,120,0.9942867159843445,0.011426443234086037,,,0.0
libero_goal:task5,held_out,gripper,7,4,143,0.9938565492630005,0.012286829762160778,,,0.0
libero_goal:task5,held_out,gripper,8,4,156,0.9928531050682068,0.014293817803263664,,,0.0
libero_goal:task5,held_out,gripper,9,4,120,0.9929863214492798,0.01402736734598875,,,0.0
libero_goal:task5,held_out,gripper,0,8,292,0.9938734769821167,0.012253008782863617,,,0.0
libero_goal:task5,held_out,gripper,1,8,142,0.992689847946167,0.014620293863117695,,,0.0
libero_goal:task5,held_out,gripper,2,8,129,0.9931342601776123,0.01373150572180748,,,0.0
libero_goal:task5,held_out,gripper,3,8,110,0.9935863018035889,0.012827446684241295,,,0.0
libero_goal:task5,held_out,gripper,4,8,193,0.9926072955131531,0.01478554680943489,,,0.0
libero_goal:task5,held_out,gripper,5,8,123,0.9926419854164124,0.014716094359755516,,,0.0
libero_goal:task5,held_out,gripper,6,8,116,0.9927783608436584,0.01444330532103777,,,0.0
libero_goal:task5,held_out,gripper,7,8,139,0.9937500357627869,0.012499692849814892,,,0.0
libero_goal:task5,held_out,gripper,8,8,152,0.9920613169670105,0.015877356752753258,,,0.0
libero_goal:task5,held_out,gripper,9,8,116,0.9927190542221069,0.014561698772013187,,,0.0
libero_goal:task5,held_out,gripper,0,16,284,0.9928808212280273,0.014238313771784306,,,0.0
libero_goal:task5,held_out,gripper,1,16,134,0.9926371574401855,0.014725626446306705,,,0.0
libero_goal:task5,held_out,gripper,2,16,121,0.9936175346374512,0.012764972634613514,,,0.0
libero_goal:task5,held_out,gripper,3,16,102,0.9943609833717346,0.01127795409411192,,,0.0
libero_goal:task5,held_out,gripper,4,16,185,0.993636429309845,0.012727119028568268,,,0.0
libero_goal:task5,held_out,gripper,5,16,115,0.9927458763122559,0.014508139342069626,,,0.0
libero_goal:task5,held_out,gripper,6,16,108,0.9837167263031006,0.03260619938373566,,,0.009259259328246117
libero_goal:task5,held_out,gripper,7,16,131,0.9939596056938171,0.012080896645784378,,,0.0
libero_goal:task5,held_out,gripper,8,16,144,0.9909498691558838,0.018100228160619736,,,0.0
libero_goal:task5,held_out,gripper,9,16,108,0.9933258891105652,0.013348199427127838,,,0.0
libero_goal:task5,held_out,gripper,0,20,280,0.9928687810897827,0.014262404292821884,,,0.0
libero_goal:task5,held_out,gripper,1,20,130,0.9932441115379333,0.013511769473552704,,,0.0
libero_goal:task5,held_out,gripper,2,20,117,0.9931515455245972,0.01369704119861126,,,0.0
libero_goal:task5,held_out,gripper,3,20,98,0.9935745596885681,0.012850804254412651,,,0.0
libero_goal:task5,held_out,gripper,4,20,181,0.9936331510543823,0.012733766809105873,,,0.0
libero_goal:task5,held_out,gripper,5,20,111,0.9924635291099548,0.015072965063154697,,,0.0
libero_goal:task5,held_out,gripper,6,20,104,0.9934888482093811,0.013022195547819138,,,0.0
libero_goal:task5,held_out,gripper,7,20,127,0.9936878681182861,0.01262429915368557,,,0.0
libero_goal:task5,held_out,gripper,8,20,140,0.9907438158988953,0.018512357026338577,,,0.0
libero_goal:task5,held_out,gripper,9,20,104,0.9926436543464661,0.014712757430970669,,,0.0
libero_goal:task5,held_out,gripper,0,32,268,0.9915302395820618,0.01693967916071415,,,0.0
libero_goal:task5,held_out,gripper,1,32,118,0.9926870465278625,0.01462594699114561,,,0.0
libero_goal:task5,held_out,gripper,2,32,105,0.9924985766410828,0.015003006905317307,,,0.0
libero_goal:task5,held_out,gripper,3,32,86,0.9932059645652771,0.013588209636509418,,,0.0
libero_goal:task5,held_out,gripper,4,32,169,0.9917255640029907,0.01654890365898609,,,0.0
libero_goal:task5,held_out,gripper,5,32,99,0.9910417199134827,0.017916487529873848,,,0.0
libero_goal:task5,held_out,gripper,6,32,92,0.9928132891654968,0.014373570680618286,,,0.0
libero_goal:task5,held_out,gripper,7,32,115,0.9933033585548401,0.013393091037869453,,,0.0
libero_goal:task5,held_out,gripper,8,32,128,0.9906681776046753,0.018663663417100906,,,0.0
libero_goal:task5,held_out,gripper,9,32,92,0.9926548600196838,0.014690332114696503,,,0.0
libero_10:task3,development,arm,0,0,224,1.0,0.0,0.0,0.0,0.0
libero_10:task3,development,arm,1,0,242,1.0,0.0,0.0,0.0,0.0
libero_10:task3,development,arm,2,0,243,1.0,0.0,0.0,0.0,0.0
libero_10:task3,development,arm,3,0,242,1.0,0.0,0.0,0.0,0.0
libero_10:task3,development,arm,4,0,231,1.0,0.0,0.0,0.0,0.0
libero_10:task3,development,arm,5,0,231,1.0,0.0,0.0,0.0,0.0
libero_10:task3,development,arm,6,0,464,1.0,0.0,0.0,0.0,0.0
libero_10:task3,development,arm,7,0,228,1.0,0.0,0.0,0.0,0.0
libero_10:task3,development,arm,8,0,227,1.0,0.0,0.0,0.0,0.0
libero_10:task3,development,arm,9,0,520,1.0,0.0,0.0,0.0,0.0
libero_10:task3,development,arm,0,4,220,0.6393066644668579,0.36069339513778687,0.33897218108177185,0.8817672729492188,0.059090908616781235
libero_10:task3,development,arm,1,4,238,0.6366769671440125,0.36332306265830994,0.37028199434280396,0.8963822722434998,0.0714285746216774
libero_10:task3,development,arm,2,4,239,0.6541630625724792,0.34583696722984314,0.3335043787956238,0.8127782940864563,0.05857740715146065
libero_10:task3,development,arm,3,4,238,0.6395754814147949,0.3604245185852051,0.3580434322357178,0.8762958645820618,0.06722689419984818
libero_10:task3,development,arm,4,4,227,0.6369937062263489,0.36300626397132874,0.366616815328598,0.882116436958313,0.04845815151929855
libero_10:task3,development,arm,5,4,227,0.6553015112876892,0.3446984589099884,0.3415951728820801,0.818294882774353,0.035242289304733276
libero_10:task3,development,arm,6,4,460,0.615170955657959,0.3848291039466858,0.417610764503479,0.9471022486686707,0.14782609045505524
libero_10:task3,development,arm,7,4,224,0.6614879965782166,0.33851200342178345,0.31733742356300354,0.7910254597663879,0.0714285746216774
libero_10:task3,development,arm,8,4,223,0.661355197429657,0.3386448323726654,0.32744553685188293,0.7887852191925049,0.04035874456167221
libero_10:task3,development,arm,9,4,516,0.6127128601074219,0.3872871696949005,0.4352513253688812,0.9659635424613953,0.10658914595842361
libero_10:task3,development,arm,0,8,216,0.6403157711029053,0.35968419909477234,0.38078951835632324,0.859499990940094,0.06481481343507767
libero_10:task3,development,arm,1,8,234,0.6467313766479492,0.3532686233520508,0.3449864089488983,0.8592818975448608,0.12393162399530411
libero_10:task3,development,arm,2,8,235,0.6592314839363098,0.3407685160636902,0.35718071460723877,0.7654137015342712,0.059574469923973083
libero_10:task3,development,arm,3,8,234,0.6362223625183105,0.36377760767936707,0.3783288896083832,0.8778027892112732,0.08119658380746841
libero_10:task3,development,arm,4,8,223,0.6250208020210266,0.3749791979789734,0.3972436785697937,0.9311134815216064,0.05829596519470215
libero_10:task3,development,arm,5,8,223,0.6597092747688293,0.3402906358242035,0.34482860565185547,0.7948525547981262,0.013452914543449879
libero_10:task3,development,arm,6,8,456,0.611154317855835,0.38884568214416504,0.4487621784210205,0.9629064798355103,0.2587719261646271
libero_10:task3,development,arm,7,8,220,0.6525489091873169,0.3474510908126831,0.3525428771972656,0.8188460469245911,0.059090908616781235
libero_10:task3,development,arm,8,8,219,0.6523533463478088,0.34764668345451355,0.3466951251029968,0.821738600730896,0.054794520139694214
libero_10:task3,development,arm,9,8,512,0.606543242931366,0.39345675706863403,0.4788431227207184,0.9553197622299194,0.126953125
libero_10:task3,development,arm,0,16,208,0.6255137324333191,0.3744862675666809,0.4060068726539612,0.9481817483901978,0.0625
libero_10:task3,development,arm,1,16,226,0.6325381398200989,0.3674618899822235,0.44409966468811035,0.8911691308021545,0.09734513610601425
libero_10:task3,development,arm,2,16,227,0.6389068961143494,0.361093133687973,0.419791579246521,0.8656325936317444,0.07048457860946655
libero_10:task3,development,arm,3,16,226,0.6163994669914246,0.38360053300857544,0.4307549297809601,0.981924295425415,0.0752212405204773
libero_10:task3,development,arm,4,16,215,0.614341139793396,0.385658860206604,0.4159296452999115,0.9750350117683411,0.0651162788271904
libero_10:task3,development,arm,5,16,215,0.6434560418128967,0.35654398798942566,0.35812824964523315,0.8793431520462036,0.041860464960336685
libero_10:task3,development,arm,6,16,448,0.5691319108009338,0.430867999792099,0.644162654876709,1.0648852586746216,0.3794642984867096
libero_10:task3,development,arm,7,16,212,0.6478639841079712,0.3521360456943512,0.372152715921402,0.8492636680603027,0.05188679322600365
libero_10:task3,development,arm,8,16,211,0.6452578902244568,0.3547421097755432,0.3808254301548004,0.8832191228866577,0.05213269963860512
libero_10:task3,development,arm,9,16,504,0.5815545916557312,0.4184454679489136,0.5524206161499023,1.0934507846832275,0.1289682537317276
libero_10:task3,development,arm,0,20,204,0.6070073843002319,0.3929925858974457,0.43584540486335754,1.0270191431045532,0.0833333358168602
libero_10:task3,development,arm,1,20,222,0.603137731552124,0.3968622088432312,0.48741957545280457,1.0519963502883911,0.11261261254549026
libero_10:task3,development,arm,2,20,223,0.6197223663330078,0.3802776336669922,0.45427098870277405,0.954908549785614,0.07174888253211975
libero_10:task3,development,arm,3,20,222,0.6141505837440491,0.38584938645362854,0.4380781054496765,1.0140875577926636,0.06756756454706192
libero_10:task3,development,arm,4,20,211,0.5999665260314941,0.40003353357315063,0.4322866201400757,1.0645331144332886,0.0379146933555603
libero_10:task3,development,arm,5,20,211,0.6430644989013672,0.35693544149398804,0.34903156757354736,0.8622332215309143,0.033175356686115265
libero_10:task3,development,arm,6,20,444,0.5328087210655212,0.46719127893447876,0.7971289157867432,1.2625603675842285,0.4234234094619751
libero_10:task3,development,arm,7,20,208,0.6418654918670654,0.35813453793525696,0.3746730387210846,0.89128577709198,0.05288461595773697
libero_10:task3,development,arm,8,20,207,0.6322948932647705,0.36770519614219666,0.4007141590118408,0.9185234308242798,0.04830917716026306
libero_10:task3,development,arm,9,20,500,0.5668861269950867,0.4331139028072357,0.6188745498657227,1.157041072845459,0.12800000607967377
libero_10:task3,development,arm,0,32,192,0.5879774689674377,0.41202250123023987,0.5412858128547668,1.1363811492919922,0.0833333358168602
libero_10:task3,development,arm,1,32,210,0.5795317888259888,0.42046818137168884,0.5585229992866516,1.2554882764816284,0.1428571492433548
libero_10:task3,development,arm,2,32,211,0.5980011820793152,0.4019987881183624,0.524969220161438,1.1129213571548462,0.06635071337223053
libero_10:task3,development,arm,3,32,210,0.5913057327270508,0.40869423747062683,0.5067169070243835,1.1189182996749878,0.06190476194024086
libero_10:task3,development,arm,4,32,199,0.5865629315376282,0.41343703866004944,0.5352874994277954,1.098857045173645,0.04522613063454628
libero_10:task3,development,arm,5,32,199,0.6278708577156067,0.3721291124820709,0.4021703004837036,0.9216895699501038,0.04020100459456444
libero_10:task3,development,arm,6,32,432,0.484565794467926,0.5154341459274292,0.8168643712997437,1.758916974067688,0.47685185074806213
libero_10:task3,development,arm,7,32,196,0.6197568774223328,0.38024309277534485,0.4010488986968994,0.9979227781295776,0.040816325694322586
libero_10:task3,development,arm,8,32,195,0.6229402422904968,0.37705978751182556,0.4539739489555359,0.9886372685432434,0.04615384712815285
libero_10:task3,development,arm,9,32,488,0.5368896126747131,0.46311038732528687,0.7436743974685669,1.2521554231643677,0.12090163677930832
libero_10:task3,development,gripper,0,0,224,1.0,0.0,,,0.0
libero_10:task3,development,gripper,1,0,242,1.0,0.0,,,0.0
libero_10:task3,development,gripper,2,0,243,1.0,0.0,,,0.0
libero_10:task3,development,gripper,3,0,242,1.0,0.0,,,0.0
libero_10:task3,development,gripper,4,0,231,1.0,0.0,,,0.0
libero_10:task3,development,gripper,5,0,231,1.0,0.0,,,0.0
libero_10:task3,development,gripper,6,0,464,1.0,0.0,,,0.0
libero_10:task3,development,gripper,7,0,228,1.0,0.0,,,0.0
libero_10:task3,development,gripper,8,0,227,1.0,0.0,,,0.0
libero_10:task3,development,gripper,9,0,520,1.0,0.0,,,0.0
libero_10:task3,development,gripper,0,4,220,0.9351148009300232,0.12984375655651093,,,0.059090908616781235
libero_10:task3,development,gripper,1,4,238,0.9215877056121826,0.1572093963623047,,,0.0714285746216774
libero_10:task3,development,gripper,2,4,239,0.9339689016342163,0.13266532123088837,,,0.05857740715146065
libero_10:task3,development,gripper,3,4,238,0.9268534779548645,0.14638729393482208,,,0.06722689419984818
libero_10:task3,development,gripper,4,4,227,0.9467272162437439,0.10690974444150925,,,0.04845815151929855
libero_10:task3,development,gripper,5,4,227,0.9595252871513367,0.08139196038246155,,,0.035242289304733276
libero_10:task3,development,gripper,6,4,460,0.8468567132949829,0.30700579285621643,,,0.14782609045505524
libero_10:task3,development,gripper,7,4,224,0.925502359867096,0.14938709139823914,,,0.0714285746216774
libero_10:task3,development,gripper,8,4,223,0.9511884450912476,0.09765462577342987,,,0.04035874456167221
libero_10:task3,development,gripper,9,4,516,0.8890580534934998,0.2220645695924759,,,0.10658914595842361
libero_10:task3,development,gripper,0,8,216,0.9298220276832581,0.14071223139762878,,,0.06481481343507767
libero_10:task3,development,gripper,1,8,234,0.8713899254798889,0.2578110992908478,,,0.12393162399530411
libero_10:task3,development,gripper,2,8,235,0.9331616759300232,0.13400179147720337,,,0.059574469923973083
libero_10:task3,development,gripper,3,8,234,0.9160919189453125,0.16819235682487488,,,0.08119658380746841
libero_10:task3,development,gripper,4,8,223,0.9360576272010803,0.12842810153961182,,,0.05829596519470215
libero_10:task3,development,gripper,5,8,223,0.9804479479789734,0.0392175056040287,,,0.013452914543449879
libero_10:task3,development,gripper,6,8,456,0.7381547093391418,0.5251455307006836,,,0.2587719261646271
libero_10:task3,development,gripper,7,8,220,0.9360767006874084,0.12824459373950958,,,0.059090908616781235
libero_10:task3,development,gripper,8,8,219,0.9374815821647644,0.12511983513832092,,,0.054794520139694214
libero_10:task3,development,gripper,9,8,512,0.8690124750137329,0.26221317052841187,,,0.126953125
libero_10:task3,development,gripper,0,16,208,0.9322894215583801,0.13561221957206726,,,0.0625
libero_10:task3,development,gripper,1,16,226,0.896953821182251,0.20641234517097473,,,0.09734513610601425
libero_10:task3,development,gripper,2,16,227,0.9221177101135254,0.1561778336763382,,,0.07048457860946655
libero_10:task3,development,gripper,3,16,226,0.9156304001808167,0.16891837120056152,,,0.0752212405204773
libero_10:task3,development,gripper,4,16,215,0.9300105571746826,0.1406014859676361,,,0.0651162788271904
libero_10:task3,development,gripper,5,16,215,0.9519947171211243,0.09632566571235657,,,0.041860464960336685
libero_10:task3,development,gripper,6,16,448,0.6183604001998901,0.7653330564498901,,,0.3794642984867096
libero_10:task3,development,gripper,7,16,212,0.9413133859634399,0.11825383454561234,,,0.05188679322600365
libero_10:task3,development,gripper,8,16,211,0.9385283589363098,0.12343572825193405,,,0.05213269963860512
libero_10:task3,development,gripper,9,16,504,0.8663589358329773,0.2675294578075409,,,0.1289682537317276
libero_10:task3,development,gripper,0,20,204,0.912305474281311,0.17572258412837982,,,0.0833333358168602
libero_10:task3,development,gripper,1,20,222,0.881939172744751,0.23676037788391113,,,0.11261261254549026
libero_10:task3,development,gripper,2,20,223,0.918482780456543,0.1632944941520691,,,0.07174888253211975
libero_10:task3,development,gripper,3,20,222,0.9235084056854248,0.1532067358493805,,,0.06756756454706192
libero_10:task3,development,gripper,4,20,211,0.9559924006462097,0.08844460546970367,,,0.0379146933555603
libero_10:task3,development,gripper,5,20,211,0.9601986408233643,0.0798422321677208,,,0.033175356686115265
libero_10:task3,development,gripper,6,20,444,0.5737871527671814,0.8544752597808838,,,0.4234234094619751
libero_10:task3,development,gripper,7,20,208,0.9406992197036743,0.11955748498439789,,,0.05288461595773697
libero_10:task3,development,gripper,8,20,207,0.9415017366409302,0.11727353930473328,,,0.04830917716026306
libero_10:task3,development,gripper,9,20,500,0.8679265975952148,0.26457837224006653,,,0.12800000607967377
libero_10:task3,development,gripper,0,32,192,0.9115412831306458,0.17711257934570312,,,0.0833333358168602
libero_10:task3,development,gripper,1,32,210,0.8518842458724976,0.29671818017959595,,,0.1428571492433548
libero_10:task3,development,gripper,2,32,211,0.9260284304618835,0.14899103343486786,,,0.06635071337223053
libero_10:task3,development,gripper,3,32,210,0.9264113903045654,0.14740996062755585,,,0.06190476194024086
libero_10:task3,development,gripper,4,32,199,0.9484813213348389,0.10338126868009567,,,0.04522613063454628
libero_10:task3,development,gripper,5,32,199,0.9533237218856812,0.09351474791765213,,,0.04020100459456444
libero_10:task3,development,gripper,6,32,432,0.52147376537323,0.9600343108177185,,,0.47685185074806213
libero_10:task3,development,gripper,7,32,196,0.9512927532196045,0.09787657856941223,,,0.040816325694322586
libero_10:task3,development,gripper,8,32,195,0.945121705532074,0.11031273007392883,,,0.04615384712815285
libero_10:task3,development,gripper,9,32,488,0.8737073540687561,0.2529577314853668,,,0.12090163677930832
libero_10:task5,held_out,arm,0,0,246,1.0,0.0,0.0,0.0,0.0
libero_10:task5,held_out,arm,1,0,520,1.0,0.0,0.0,0.0,0.0
libero_10:task5,held_out,arm,2,0,317,1.0,0.0,0.0,0.0,0.0
libero_10:task5,held_out,arm,3,0,190,1.0,0.0,0.0,0.0,0.0
libero_10:task5,held_out,arm,4,0,427,1.0,0.0,0.0,0.0,0.0
libero_10:task5,held_out,arm,5,0,187,1.0,0.0,0.0,0.0,0.0
libero_10:task5,held_out,arm,6,0,520,1.0,0.0,0.0,0.0,0.0
libero_10:task5,held_out,arm,7,0,445,1.0,0.0,0.0,0.0,0.0
libero_10:task5,held_out,arm,8,0,315,1.0,0.0,0.0,0.0,0.0
libero_10:task5,held_out,arm,9,0,187,1.0,0.0,0.0,0.0,0.0
libero_10:task5,held_out,arm,0,4,242,0.6850538849830627,0.31494608521461487,0.36465296149253845,0.63271164894104,0.012396694160997868
libero_10:task5,held_out,arm,1,4,516,0.634164571762085,0.36583542823791504,0.47177544236183167,0.7958057522773743,0.0058139534667134285
libero_10:task5,held_out,arm,2,4,313,0.6559703946113586,0.34402957558631897,0.43749186396598816,0.7320165634155273,0.015974441543221474
libero_10:task5,held_out,arm,3,4,186,0.7040991187095642,0.2959009110927582,0.35783517360687256,0.5447500348091125,0.005376344081014395
libero_10:task5,held_out,arm,4,4,423,0.6482188701629639,0.35178110003471375,0.4630586802959442,0.7298242449760437,0.004728132393211126
libero_10:task5,held_out,arm,5,4,183,0.6989021301269531,0.3010978400707245,0.34342658519744873,0.5823574662208557,0.01092896144837141
libero_10:task5,held_out,arm,6,4,516,0.6480861306190491,0.3519138693809509,0.467037171125412,0.7137922048568726,0.0019379844889044762
libero_10:task5,held_out,arm,7,4,441,0.6482897996902466,0.3517102003097534,0.4461013078689575,0.7389540076255798,0.0022675737272948027
libero_10:task5,held_out,arm,8,4,311,0.656577467918396,0.343422532081604,0.4175291359424591,0.7320943474769592,0.01929260417819023
libero_10:task5,held_out,arm,9,4,183,0.7048488259315491,0.2951512038707733,0.3425919711589813,0.5495560169219971,0.016393441706895828
libero_10:task5,held_out,arm,0,8,238,0.6838352680206299,0.31616467237472534,0.3762647211551666,0.620022177696228,0.021008403971791267
libero_10:task5,held_out,arm,1,8,512,0.6264437437057495,0.3735562562942505,0.5000560283660889,0.8066598176956177,0.005859375
libero_10:task5,held_out,arm,2,8,309,0.6502701044082642,0.3497299253940582,0.4560368061065674,0.7391831278800964,0.012944984249770641
libero_10:task5,held_out,arm,3,8,182,0.6979852318763733,0.3020147383213043,0.37377724051475525,0.5468675494194031,0.016483517363667488
libero_10:task5,held_out,arm,4,8,419,0.6521945595741272,0.3478054106235504,0.45902785658836365,0.7078264355659485,0.00477326987311244
libero_10:task5,held_out,arm,5,8,179,0.6902455687522888,0.3097544312477112,0.35047364234924316,0.6071199178695679,0.016759777441620827
libero_10:task5,held_out,arm,6,8,512,0.6362015604972839,0.3637984097003937,0.4920494854450226,0.7472661733627319,0.001953125
libero_10:task5,held_out,arm,7,8,437,0.6403682827949524,0.35963174700737,0.48501166701316833,0.7360677123069763,0.006864988710731268
libero_10:task5,held_out,arm,8,8,307,0.657738208770752,0.34226182103157043,0.4260748326778412,0.7277806401252747,0.013029315508902073
libero_10:task5,held_out,arm,9,8,179,0.6913551092147827,0.3086448907852173,0.3804709017276764,0.5728422403335571,0.011173184029757977
libero_10:task5,held_out,arm,0,16,230,0.6738046407699585,0.3261953294277191,0.38668152689933777,0.6584047675132751,0.008695651777088642
libero_10:task5,held_out,arm,1,16,504,0.6110103130340576,0.38898971676826477,0.5500827431678772,0.8538358211517334,0.007936508394777775
libero_10:task5,held_out,arm,2,16,301,0.636674702167511,0.3633253574371338,0.49141666293144226,0.7893627285957336,0.02657807245850563
libero_10:task5,held_out,arm,3,16,174,0.6935548186302185,0.3064451515674591,0.389276921749115,0.5570862889289856,0.01149425283074379
libero_10:task5,held_out,arm,4,16,411,0.6330515146255493,0.36694851517677307,0.5066018104553223,0.7608757019042969,0.014598540030419827
libero_10:task5,held_out,arm,5,16,171,0.6958305239677429,0.30416953563690186,0.34101730585098267,0.5825183391571045,0.011695906519889832
libero_10:task5,held_out,arm,6,16,504,0.6114839315414429,0.3885160982608795,0.5484169125556946,0.8449851274490356,0.003968254197388887
libero_10:task5,held_out,arm,7,16,429,0.6284445524215698,0.3715554177761078,0.519973874092102,0.7781679630279541,0.0023310023825615644
libero_10:task5,held_out,arm,8,16,299,0.6407579779624939,0.3592420220375061,0.4688430726528168,0.7653477787971497,0.010033444501459599
libero_10:task5,held_out,arm,9,16,171,0.6835771799087524,0.31642279028892517,0.3890598714351654,0.6044671535491943,0.02923976629972458
libero_10:task5,held_out,arm,0,20,226,0.6756502389907837,0.3243497908115387,0.40023115277290344,0.6393777132034302,0.008849557489156723
libero_10:task5,held_out,arm,1,20,500,0.6061878800392151,0.3938121199607849,0.578863263130188,0.8518744111061096,0.00800000037997961
libero_10:task5,held_out,arm,2,20,297,0.6330998539924622,0.36690014600753784,0.5097129344940186,0.7718066573143005,0.010101010091602802
libero_10:task5,held_out,arm,3,20,170,0.6834861040115356,0.31651392579078674,0.4176460802555084,0.5686873197555542,0.0235294122248888
libero_10:task5,held_out,arm,4,20,407,0.6242291927337646,0.37577080726623535,0.5278295278549194,0.7863281965255737,0.007371007464826107
libero_10:task5,held_out,arm,5,20,167,0.6873722076416016,0.31262776255607605,0.3457050621509552,0.6191219091415405,0.01796407252550125
libero_10:task5,held_out,arm,6,20,500,0.6035962104797363,0.39640381932258606,0.5757107138633728,0.8726515173912048,0.0020000000949949026
libero_10:task5,held_out,arm,7,20,425,0.6131690144538879,0.38683101534843445,0.5707347393035889,0.823053240776062,0.002352941082790494
libero_10:task5,held_out,arm,8,20,295,0.6420348882675171,0.35796505212783813,0.4821022152900696,0.7742769122123718,0.010169491171836853
libero_10:task5,held_out,arm,9,20,167,0.6938322186470032,0.30616775155067444,0.36751893162727356,0.5756344199180603,0.023952096700668335
libero_10:task5,held_out,arm,0,32,214,0.662155270576477,0.3378446400165558,0.44896528124809265,0.6487634778022766,0.014018691144883633
libero_10:task5,held_out,arm,1,32,488,0.5919715166091919,0.40802842378616333,0.6359370350837708,0.8789379596710205,0.008196720853447914
libero_10:task5,held_out,arm,2,32,285,0.61827552318573,0.38172447681427,0.5671375393867493,0.8123918771743774,0.017543859779834747
libero_10:task5,held_out,arm,3,32,158,0.6816732883453369,0.3183267116546631,0.4333759844303131,0.5631177425384521,0.012658228166401386
libero_10:task5,held_out,arm,4,32,395,0.6052619814872742,0.3947380781173706,0.5893081426620483,0.8371261358261108,0.02278481051325798
libero_10:task5,held_out,arm,5,32,155,0.6846215128898621,0.31537845730781555,0.3993508517742157,0.5871710777282715,0.03870967775583267
libero_10:task5,held_out,arm,6,32,488,0.5769444704055786,0.4230555593967438,0.6730804443359375,0.9517495632171631,0.004098360426723957
libero_10:task5,held_out,arm,7,32,413,0.593635082244873,0.40636488795280457,0.6533095240592957,0.8585476875305176,0.007263922598212957
libero_10:task5,held_out,arm,8,32,283,0.6257349848747253,0.37426507472991943,0.5517044067382812,0.7844916582107544,0.007067137863487005
libero_10:task5,held_out,arm,9,32,155,0.6875850558280945,0.3124149441719055,0.387043833732605,0.5752035975456238,0.012903225608170033
libero_10:task5,held_out,gripper,0,0,246,1.0,0.0,,,0.0
libero_10:task5,held_out,gripper,1,0,520,1.0,0.0,,,0.0
libero_10:task5,held_out,gripper,2,0,317,1.0,0.0,,,0.0
libero_10:task5,held_out,gripper,3,0,190,1.0,0.0,,,0.0
libero_10:task5,held_out,gripper,4,0,427,1.0,0.0,,,0.0
libero_10:task5,held_out,gripper,5,0,187,1.0,0.0,,,0.0
libero_10:task5,held_out,gripper,6,0,520,1.0,0.0,,,0.0
libero_10:task5,held_out,gripper,7,0,445,1.0,0.0,,,0.0
libero_10:task5,held_out,gripper,8,0,315,1.0,0.0,,,0.0
libero_10:task5,held_out,gripper,9,0,187,1.0,0.0,,,0.0
libero_10:task5,held_out,gripper,0,4,242,0.9823169112205505,0.035492099821567535,,,0.012396694160997868
libero_10:task5,held_out,gripper,1,4,516,0.9881544709205627,0.023691151291131973,,,0.0058139534667134285
libero_10:task5,held_out,gripper,2,4,313,0.9789997935295105,0.042178310453891754,,,0.015974441543221474
libero_10:task5,held_out,gripper,3,4,186,0.9878668189048767,0.024266298860311508,,,0.005376344081014395
libero_10:task5,held_out,gripper,4,4,423,0.988767683506012,0.022464780136942863,,,0.004728132393211126
libero_10:task5,held_out,gripper,5,4,183,0.983539342880249,0.03292131796479225,,,0.01092896144837141
libero_10:task5,held_out,gripper,6,4,516,0.9922577738761902,0.015484295785427094,,,0.0019379844889044762
libero_10:task5,held_out,gripper,7,4,441,0.9916477203369141,0.01670442707836628,,,0.0022675737272948027
libero_10:task5,held_out,gripper,8,4,311,0.9760316610336304,0.04797378554940224,,,0.01929260417819023
libero_10:task5,held_out,gripper,9,4,183,0.9786109924316406,0.04278714954853058,,,0.016393441706895828
libero_10:task5,held_out,gripper,0,8,238,0.9745136499404907,0.05100667104125023,,,0.021008403971791267
libero_10:task5,held_out,gripper,1,8,512,0.9879828691482544,0.024034900590777397,,,0.005859375
libero_10:task5,held_out,gripper,2,8,309,0.9815517663955688,0.03697778657078743,,,0.012944984249770641
libero_10:task5,held_out,gripper,3,8,182,0.9772759675979614,0.0454963743686676,,,0.016483517363667488
libero_10:task5,held_out,gripper,4,8,419,0.988839864730835,0.022320395335555077,,,0.00477326987311244
libero_10:task5,held_out,gripper,5,8,179,0.9777795672416687,0.044557660818099976,,,0.016759777441620827
libero_10:task5,held_out,gripper,6,8,512,0.9921475648880005,0.015704911202192307,,,0.001953125
libero_10:task5,held_out,gripper,7,8,437,0.9873061776161194,0.025387709960341454,,,0.006864988710731268
libero_10:task5,held_out,gripper,8,8,307,0.9814313054084778,0.0373213067650795,,,0.013029315508902073
libero_10:task5,held_out,gripper,9,8,179,0.9832698702812195,0.033472348004579544,,,0.011173184029757977
libero_10:task5,held_out,gripper,0,16,230,0.9852253198623657,0.029557660222053528,,,0.008695651777088642
libero_10:task5,held_out,gripper,1,16,504,0.9853982925415039,0.0292033888399601,,,0.007936508394777775
libero_10:task5,held_out,gripper,2,16,301,0.9680981636047363,0.0639851838350296,,,0.02657807245850563
libero_10:task5,held_out,gripper,3,16,174,0.9823285937309265,0.03538520261645317,,,0.01149425283074379
libero_10:task5,held_out,gripper,4,16,411,0.9787615537643433,0.042498186230659485,,,0.014598540030419827
libero_10:task5,held_out,gripper,5,16,171,0.9829367399215698,0.034126561135053635,,,0.011695906519889832
libero_10:task5,held_out,gripper,6,16,504,0.9900010228157043,0.019997945055365562,,,0.003968254197388887
libero_10:task5,held_out,gripper,7,16,429,0.9916095733642578,0.016780849546194077,,,0.0023310023825615644
libero_10:task5,held_out,gripper,8,16,299,0.9842017889022827,0.031697072088718414,,,0.010033444501459599
libero_10:task5,held_out,gripper,9,16,171,0.9651392698287964,0.06979958713054657,,,0.02923976629972458
libero_10:task5,held_out,gripper,0,20,226,0.9856745600700378,0.02872002311050892,,,0.008849557489156723
libero_10:task5,held_out,gripper,1,20,500,0.9858044385910034,0.028401466086506844,,,0.00800000037997961
libero_10:task5,held_out,gripper,2,20,297,0.9840279221534729,0.031944166868925095,,,0.010101010091602802
libero_10:task5,held_out,gripper,3,20,170,0.9703264832496643,0.05934714525938034,,,0.0235294122248888
libero_10:task5,held_out,gripper,4,20,407,0.9855639934539795,0.02888372540473938,,,0.007371007464826107
libero_10:task5,held_out,gripper,5,20,167,0.9751372933387756,0.049766723066568375,,,0.01796407252550125
libero_10:task5,held_out,gripper,6,20,500,0.9916905760765076,0.01661897636950016,,,0.0020000000949949026
libero_10:task5,held_out,gripper,7,20,425,0.9909607172012329,0.018078573048114777,,,0.002352941082790494
libero_10:task5,held_out,gripper,8,20,295,0.9841201901435852,0.031842708587646484,,,0.010169491171836853
libero_10:task5,held_out,gripper,9,20,167,0.9701926112174988,0.05964943394064903,,,0.023952096700668335
libero_10:task5,held_out,gripper,0,32,214,0.9797905087471008,0.04041901230812073,,,0.014018691144883633
libero_10:task5,held_out,gripper,1,32,488,0.9855844378471375,0.028831247240304947,,,0.008196720853447914
libero_10:task5,held_out,gripper,2,32,285,0.9763070940971375,0.047400444746017456,,,0.017543859779834747
libero_10:task5,held_out,gripper,3,32,158,0.9810999631881714,0.037800319492816925,,,0.012658228166401386
libero_10:task5,held_out,gripper,4,32,395,0.9698277711868286,0.06038423255085945,,,0.02278481051325798
libero_10:task5,held_out,gripper,5,32,155,0.9544991850852966,0.09108244627714157,,,0.03870967775583267
libero_10:task5,held_out,gripper,6,32,488,0.9895427227020264,0.02095077559351921,,,0.004098360426723957
libero_10:task5,held_out,gripper,7,32,413,0.9856382608413696,0.02875858172774315,,,0.007263922598212957
libero_10:task5,held_out,gripper,8,32,283,0.9866698384284973,0.02670510672032833,,,0.007067137863487005
libero_10:task5,held_out,gripper,9,32,155,0.9797070026397705,0.040600892156362534,,,0.012903225608170033
