episode_cluster_bootstrap_ci,lag,metric,pair_count,quantity,scale,value
"[1.0, 1.0]",0,dim_0,24791,autocorrelation,raw,1.0
"[1.0, 1.0]",0,dim_1,24791,autocorrelation,raw,1.0
"[1.0, 1.0]",0,dim_2,24791,autocorrelation,raw,1.0
"[1.0, 1.0]",0,dim_3,24791,autocorrelation,raw,1.0
"[1.0, 1.0]",0,dim_4,24791,autocorrelation,raw,1.0
"[1.0, 1.0]",0,dim_5,24791,autocorrelation,raw,1.0
"[1.0, 1.0]",0,dim_6,24791,autocorrelation,raw,1.0
"[0.0, 0.0]",0,dim_0,,normalized_rms_difference,ACT,0.0
"[0.0, 0.0]",0,dim_1,,normalized_rms_difference,ACT,0.0
"[0.0, 0.0]",0,dim_2,,normalized_rms_difference,ACT,0.0
"[0.0, 0.0]",0,dim_3,,normalized_rms_difference,ACT,0.0
"[0.0, 0.0]",0,dim_4,,normalized_rms_difference,ACT,0.0
"[0.0, 0.0]",0,dim_5,,normalized_rms_difference,ACT,0.0
"[0.0, 0.0]",0,dim_6,,normalized_rms_difference,ACT,0.0
"[0.0, 0.0]",0,translation,,normalized_rms_difference,ACT,0.0
"[0.0, 0.0]",0,rotation,,normalized_rms_difference,ACT,0.0
"[0.0, 0.0]",0,gripper,,normalized_rms_difference,ACT,0.0
"[0.0, 0.0]",0,arm,,normalized_rms_difference,ACT,0.0
"[0.0, 0.0]",0,dim_0,,normalized_rms_difference,SmolVLA,0.0
"[0.0, 0.0]",0,dim_1,,normalized_rms_difference,SmolVLA,0.0
"[0.0, 0.0]",0,dim_2,,normalized_rms_difference,SmolVLA,0.0
"[0.0, 0.0]",0,dim_3,,normalized_rms_difference,SmolVLA,0.0
"[0.0, 0.0]",0,dim_4,,normalized_rms_difference,SmolVLA,0.0
"[0.0, 0.0]",0,dim_5,,normalized_rms_difference,SmolVLA,0.0
"[0.0, 0.0]",0,dim_6,,normalized_rms_difference,SmolVLA,0.0
"[0.0, 0.0]",0,translation,,normalized_rms_difference,SmolVLA,0.0
"[0.0, 0.0]",0,rotation,,normalized_rms_difference,SmolVLA,0.0
"[0.0, 0.0]",0,gripper,,normalized_rms_difference,SmolVLA,0.0
"[0.0, 0.0]",0,arm,,normalized_rms_difference,SmolVLA,0.0
"[0.0, 0.0]",0,gripper,24791,gripper_sign_disagreement,raw_sign,0.0
"[0.9843028994328396, 0.9866448992857925]",1,dim_0,24618,autocorrelation,raw,0.9854583448326164
"[0.9907014770335186, 0.9921804458531431]",1,dim_1,24618,autocorrelation,raw,0.9914908520707021
"[0.9879917787649659, 0.9894819888922607]",1,dim_2,24618,autocorrelation,raw,0.988742090943121
"[0.9745208946240245, 0.9806253253081365]",1,dim_3,24618,autocorrelation,raw,0.9778668300058564
"[0.979133978868746, 0.9823215692827928]",1,dim_4,24618,autocorrelation,raw,0.9808406370235033
"[0.9901989467288359, 0.9927753650404715]",1,dim_5,24618,autocorrelation,raw,0.9916715199041839
"[0.9666035462563706, 0.9708334076657885]",1,dim_6,24618,autocorrelation,raw,0.9688045877442628
"[0.16716080603375058, 0.19484321984843064]",1,dim_0,,normalized_rms_difference,ACT,0.18082437575629326
"[0.11137485391243111, 0.11895155501970957]",1,dim_1,,normalized_rms_difference,ACT,0.11513962108866023
"[0.1496806794792308, 0.16864673486265644]",1,dim_2,,normalized_rms_difference,ACT,0.15903035262873852
"[0.2154329773357996, 0.2428629785371255]",1,dim_3,,normalized_rms_difference,ACT,0.22906931884689752
"[0.23349656532852162, 0.2607221014999698]",1,dim_4,,normalized_rms_difference,ACT,0.24688620060088087
"[0.10337409997411867, 0.11480994103554103]",1,dim_5,,normalized_rms_difference,ACT,0.10910711680148216
"[0.24066056608821335, 0.2584281269406202]",1,dim_6,,normalized_rms_difference,ACT,0.24944284382514317
"[0.14527264478219454, 0.16323085731895054]",1,translation,,normalized_rms_difference,ACT,0.15410520245308
"[0.19442329410459486, 0.21470190061998579]",1,rotation,,normalized_rms_difference,ACT,0.2043933396018995
"[0.24066056608821332, 0.2584281269406202]",1,gripper,,normalized_rms_difference,ACT,0.24944284382514356
"[0.1719775973908048, 0.19034773122210952]",1,arm,,normalized_rms_difference,ACT,0.18100421362045993
"[0.16716080603375058, 0.19484321984843064]",1,dim_0,,normalized_rms_difference,SmolVLA,0.18082437575629326
"[0.11137485391243111, 0.11895155501970957]",1,dim_1,,normalized_rms_difference,SmolVLA,0.11513962108866023
"[0.1496806794792308, 0.16864673486265644]",1,dim_2,,normalized_rms_difference,SmolVLA,0.15903035262873852
"[0.2154329773357996, 0.2428629785371255]",1,dim_3,,normalized_rms_difference,SmolVLA,0.22906931884689752
"[0.23349656532852162, 0.2607221014999698]",1,dim_4,,normalized_rms_difference,SmolVLA,0.24688620060088087
"[0.10337409997411867, 0.11480994103554103]",1,dim_5,,normalized_rms_difference,SmolVLA,0.10910711680148216
"[0.24066056608821335, 0.2584281269406202]",1,dim_6,,normalized_rms_difference,SmolVLA,0.24944284382514317
"[0.14527264478219454, 0.16323085731895054]",1,translation,,normalized_rms_difference,SmolVLA,0.15410520245308
"[0.19442329410459486, 0.21470190061998579]",1,rotation,,normalized_rms_difference,SmolVLA,0.2043933396018995
"[0.24066056608821332, 0.2584281269406202]",1,gripper,,normalized_rms_difference,SmolVLA,0.24944284382514356
"[0.1719775973908048, 0.19034773122210952]",1,arm,,normalized_rms_difference,SmolVLA,0.18100421362045993
"[0.014443696864312917, 0.016655131156231275]",1,gripper,24618,gripper_sign_disagreement,raw_sign,0.015517101307986026
"[0.9448550300281777, 0.9529581849308969]",2,dim_0,24445,autocorrelation,raw,0.9489020954056658
"[0.9687268238370319, 0.9735000736286704]",2,dim_1,24445,autocorrelation,raw,0.9713165469425662
"[0.9562626119014366, 0.9616384480359121]",2,dim_2,24445,autocorrelation,raw,0.9589938960458841
"[0.9202750678465187, 0.9383864173932872]",2,dim_3,24445,autocorrelation,raw,0.9302703453788246
"[0.9335864688602854, 0.9429503236580964]",2,dim_4,24445,autocorrelation,raw,0.9386443336928338
"[0.9672984962517727, 0.9757181811851385]",2,dim_5,24445,autocorrelation,raw,0.9721822149974648
"[0.9331338277033718, 0.9414705723028576]",2,dim_6,24445,autocorrelation,raw,0.9375519349396981
"[0.3142700185489667, 0.36640997390505126]",2,dim_0,,normalized_rms_difference,ACT,0.33979052676894717
"[0.20528848842911215, 0.21880901921614573]",2,dim_1,,normalized_rms_difference,ACT,0.2118615155225125
"[0.2865727475912035, 0.32266175038728073]",2,dim_2,,normalized_rms_difference,ACT,0.3040791439479187
"[0.3837546473185398, 0.4314586256747335]",2,dim_3,,normalized_rms_difference,ACT,0.40713291737991486
"[0.41806504603350464, 0.46724800138918676]",2,dim_4,,normalized_rms_difference,ACT,0.4422162008220584
"[0.18938139273922316, 0.21028661687228697]",2,dim_5,,normalized_rms_difference,ACT,0.1998492472722574
"[0.3411818012734714, 0.36579418812546405]",2,dim_6,,normalized_rms_difference,ACT,0.3530835843439013
"[0.2739686726030037, 0.30752375743995214]",2,translation,,normalized_rms_difference,ACT,0.29029125008372386
"[0.34854400577133576, 0.3838065065953686]",2,rotation,,normalized_rms_difference,ACT,0.36571942903409044
"[0.3411818012734714, 0.36579418812546405]",2,gripper,,normalized_rms_difference,ACT,0.35308358434390186
"[0.31442752837775334, 0.3472475579401488]",2,arm,,normalized_rms_difference,ACT,0.3301664055050061
"[0.3142700185489667, 0.36640997390505126]",2,dim_0,,normalized_rms_difference,SmolVLA,0.33979052676894717
"[0.20528848842911215, 0.21880901921614573]",2,dim_1,,normalized_rms_difference,SmolVLA,0.2118615155225125
"[0.2865727475912035, 0.32266175038728073]",2,dim_2,,normalized_rms_difference,SmolVLA,0.3040791439479187
"[0.3837546473185398, 0.4314586256747335]",2,dim_3,,normalized_rms_difference,SmolVLA,0.40713291737991486
"[0.41806504603350464, 0.46724800138918676]",2,dim_4,,normalized_rms_difference,SmolVLA,0.4422162008220584
"[0.18938139273922316, 0.21028661687228697]",2,dim_5,,normalized_rms_difference,SmolVLA,0.1998492472722574
"[0.3411818012734714, 0.36579418812546405]",2,dim_6,,normalized_rms_difference,SmolVLA,0.3530835843439013
"[0.2739686726030037, 0.30752375743995214]",2,translation,,normalized_rms_difference,SmolVLA,0.29029125008372386
"[0.34854400577133576, 0.3838065065953686]",2,rotation,,normalized_rms_difference,SmolVLA,0.36571942903409044
"[0.3411818012734714, 0.36579418812546405]",2,gripper,,normalized_rms_difference,SmolVLA,0.35308358434390186
"[0.31442752837775334, 0.3472475579401488]",2,arm,,normalized_rms_difference,SmolVLA,0.3301664055050061
"[0.029029543921188675, 0.03336891604033705]",2,gripper,24445,gripper_sign_disagreement,raw_sign,0.03109020249539783
"[0.8879727940334734, 0.9042823317185372]",3,dim_0,24272,autocorrelation,raw,0.8961983884846776
"[0.9386631671579321, 0.9475209530737786]",3,dim_1,24272,autocorrelation,raw,0.9434429479888117
"[0.9080866938736181, 0.9192250608591327]",3,dim_2,24272,autocorrelation,raw,0.9138343245889764
"[0.8522603707211973, 0.8846710370721346]",3,dim_3,24272,autocorrelation,raw,0.8700820782204792
"[0.8741869043278172, 0.8915804826594543]",3,dim_4,24272,autocorrelation,raw,0.8835144694407142
"[0.9363126274232764, 0.9521715967206394]",3,dim_5,24272,autocorrelation,raw,0.9454652030469171
"[0.8995137134043791, 0.911870130935641]",3,dim_6,24272,autocorrelation,raw,0.9059854063899663
"[0.44892321465093693, 0.5231118002053499]",3,dim_0,,normalized_rms_difference,ACT,0.48532206222370844
"[0.28896213118538067, 0.30740077703052]",3,dim_1,,normalized_rms_difference,ACT,0.2980404232866293
"[0.4161200419136605, 0.46859514023892734]",3,dim_2,,normalized_rms_difference,ACT,0.441586496035142
"[0.5251905354859561, 0.5890547922436237]",3,dim_3,,normalized_rms_difference,ACT,0.5563823895010813
"[0.5754978517153111, 0.6448877155064995]",3,dim_4,,normalized_rms_difference,ACT,0.6094071461980676
"[0.2653740825130798, 0.2951741582249606]",3,dim_5,,normalized_rms_difference,ACT,0.2804313382900687
"[0.41875098150810824, 0.4486165390522852]",3,dim_6,,normalized_rms_difference,ACT,0.43340428617106674
"[0.39279162776515403, 0.4407812239763575]",3,translation,,normalized_rms_difference,ACT,0.416078610951721
"[0.4797697880855408, 0.527387801116539]",3,rotation,,normalized_rms_difference,ACT,0.5031832564382368
"[0.4187509815081083, 0.4486165390522852]",3,gripper,,normalized_rms_difference,ACT,0.4334042861710671
"[0.4398350786617952, 0.48486139918921434]",3,arm,,normalized_rms_difference,ACT,0.4616897226770929
"[0.44892321465093693, 0.5231118002053499]",3,dim_0,,normalized_rms_difference,SmolVLA,0.48532206222370844
"[0.28896213118538067, 0.30740077703052]",3,dim_1,,normalized_rms_difference,SmolVLA,0.2980404232866293
"[0.4161200419136605, 0.46859514023892734]",3,dim_2,,normalized_rms_difference,SmolVLA,0.441586496035142
"[0.5251905354859561, 0.5890547922436237]",3,dim_3,,normalized_rms_difference,SmolVLA,0.5563823895010813
"[0.5754978517153111, 0.6448877155064995]",3,dim_4,,normalized_rms_difference,SmolVLA,0.6094071461980676
"[0.2653740825130798, 0.2951741582249606]",3,dim_5,,normalized_rms_difference,SmolVLA,0.2804313382900687
"[0.41875098150810824, 0.4486165390522852]",3,dim_6,,normalized_rms_difference,SmolVLA,0.43340428617106674
"[0.39279162776515403, 0.4407812239763575]",3,translation,,normalized_rms_difference,SmolVLA,0.416078610951721
"[0.4797697880855408, 0.527387801116539]",3,rotation,,normalized_rms_difference,SmolVLA,0.5031832564382368
"[0.4187509815081083, 0.4486165390522852]",3,gripper,,normalized_rms_difference,SmolVLA,0.4334042861710671
"[0.4398350786617952, 0.48486139918921434]",3,arm,,normalized_rms_difference,SmolVLA,0.4616897226770929
"[0.0437300700736583, 0.050190215275392365]",3,gripper,24272,gripper_sign_disagreement,raw_sign,0.04684410019775873
"[0.8198057396687373, 0.845546124435352]",4,dim_0,24099,autocorrelation,raw,0.8325884483258247
"[0.9034827590320522, 0.9165247878147895]",4,dim_1,24099,autocorrelation,raw,0.9105360954723547
"[0.8472287736340857, 0.8654358284295199]",4,dim_2,24099,autocorrelation,raw,0.8564325947637159
"[0.7783244965536567, 0.8246064737517353]",4,dim_3,24099,autocorrelation,raw,0.8038038110292509
"[0.8070101473083406, 0.8336088706843591]",4,dim_4,24099,autocorrelation,raw,0.8214736372476638
"[0.9000724826860365, 0.9241904609472605]",4,dim_5,24099,autocorrelation,raw,0.9139027497969502
"[0.8652963836004426, 0.8818956359453627]",4,dim_6,24099,autocorrelation,raw,0.8740072999530508
"[0.5699981411115465, 0.6654004906396052]",4,dim_0,,normalized_rms_difference,ACT,0.6173320132199748
"[0.36457219166375915, 0.38689690079850436]",4,dim_1,,normalized_rms_difference,ACT,0.3753682613947438
"[0.5379026302003274, 0.6051447132184704]",4,dim_2,,normalized_rms_difference,ACT,0.57103707395519
"[0.6468631916084147, 0.7237419280057941]",4,dim_3,,normalized_rms_difference,ACT,0.6843779167812889
"[0.7120619205135587, 0.797259663470946]",4,dim_4,,normalized_rms_difference,ACT,0.7537361954023752
"[0.33393094505463394, 0.37154011840213286]",4,dim_5,,normalized_rms_difference,ACT,0.3531061049216016
"[0.4850941828599013, 0.5195232990146648]",4,dim_6,,normalized_rms_difference,ACT,0.5019138478788489
"[0.5017214336893934, 0.5627818131043777]",4,translation,,normalized_rms_difference,ACT,0.5316902249869577
"[0.5939785695852795, 0.6517379426482721]",4,rotation,,normalized_rms_difference,ACT,0.622140205679944
"[0.4850941828599013, 0.5195232990146648]",4,gripper,,normalized_rms_difference,ACT,0.5019138478788497
"[0.5516428108091416, 0.6071149700514643]",4,arm,,normalized_rms_difference,ACT,0.578685117689303
"[0.5699981411115465, 0.6654004906396052]",4,dim_0,,normalized_rms_difference,SmolVLA,0.6173320132199748
"[0.36457219166375915, 0.38689690079850436]",4,dim_1,,normalized_rms_difference,SmolVLA,0.3753682613947438
"[0.5379026302003274, 0.6051447132184704]",4,dim_2,,normalized_rms_difference,SmolVLA,0.57103707395519
"[0.6468631916084147, 0.7237419280057941]",4,dim_3,,normalized_rms_difference,SmolVLA,0.6843779167812889
"[0.7120619205135587, 0.797259663470946]",4,dim_4,,normalized_rms_difference,SmolVLA,0.7537361954023752
"[0.33393094505463394, 0.37154011840213286]",4,dim_5,,normalized_rms_difference,SmolVLA,0.3531061049216016
"[0.4850941828599013, 0.5195232990146648]",4,dim_6,,normalized_rms_difference,SmolVLA,0.5019138478788489
"[0.5017214336893934, 0.5627818131043777]",4,translation,,normalized_rms_difference,SmolVLA,0.5316902249869577
"[0.5939785695852795, 0.6517379426482721]",4,rotation,,normalized_rms_difference,SmolVLA,0.622140205679944
"[0.4850941828599013, 0.5195232990146648]",4,gripper,,normalized_rms_difference,SmolVLA,0.5019138478788497
"[0.5516428108091416, 0.6071149700514643]",4,arm,,normalized_rms_difference,SmolVLA,0.578685117689303
"[0.05868412461993343, 0.0673098395762422]",4,gripper,24099,gripper_sign_disagreement,raw_sign,0.062824183576082
"[0.7445247684897738, 0.7799851567558633]",5,dim_0,23926,autocorrelation,raw,0.7623274731218967
"[0.865344506866532, 0.882510489157872]",5,dim_1,23926,autocorrelation,raw,0.8745718663694626
"[0.7767168252780525, 0.8026044844449053]",5,dim_2,23926,autocorrelation,raw,0.7898949384492333
"[0.7022014639815906, 0.7618088674024796]",5,dim_3,23926,autocorrelation,raw,0.7351727467744229
"[0.7369717850722266, 0.7730424526021952]",5,dim_4,23926,autocorrelation,raw,0.756565289244713
"[0.860975169110171, 0.8930811505753382]",5,dim_5,23926,autocorrelation,raw,0.8793385232429645
"[0.8307102146051322, 0.8516512240884591]",5,dim_6,23926,autocorrelation,raw,0.8416841334240478
"[0.6814694229265701, 0.7929603849255622]",5,dim_0,,normalized_rms_difference,ACT,0.7362787071307276
"[0.432213649612443, 0.4582343653860595]",5,dim_1,,normalized_rms_difference,ACT,0.44486257846441785
"[0.6532713221417629, 0.7334826124704298]",5,dim_2,,normalized_rms_difference,ACT,0.6921404426288291
"[0.7518226395189125, 0.8415393115636203]",5,dim_3,,normalized_rms_difference,ACT,0.7957435183400396
"[0.8298010379722911, 0.9287366192212727]",5,dim_4,,normalized_rms_difference,ACT,0.8783353117293177
"[0.3960893732414879, 0.440609373250033]",5,dim_5,,normalized_rms_difference,ACT,0.41890521575905376
"[0.5439465838034834, 0.5824722499556457]",5,dim_6,,normalized_rms_difference,ACT,0.5628097393585008
"[0.6029364261846216, 0.6739783980079296]",5,translation,,normalized_rms_difference,ACT,0.6374604407633302
"[0.6932873512677772, 0.7594222790837707]",5,rotation,,normalized_rms_difference,ACT,0.725755295445364
"[0.5439465838034835, 0.5824722499556456]",5,gripper,,normalized_rms_difference,ACT,0.5628097393585012
"[0.6523686658484724, 0.7158360753559784]",5,arm,,normalized_rms_difference,ACT,0.6830360760622994
"[0.6814694229265701, 0.7929603849255622]",5,dim_0,,normalized_rms_difference,SmolVLA,0.7362787071307276
"[0.432213649612443, 0.4582343653860595]",5,dim_1,,normalized_rms_difference,SmolVLA,0.44486257846441785
"[0.6532713221417629, 0.7334826124704298]",5,dim_2,,normalized_rms_difference,SmolVLA,0.6921404426288291
"[0.7518226395189125, 0.8415393115636203]",5,dim_3,,normalized_rms_difference,SmolVLA,0.7957435183400396
"[0.8298010379722911, 0.9287366192212727]",5,dim_4,,normalized_rms_difference,SmolVLA,0.8783353117293177
"[0.3960893732414879, 0.440609373250033]",5,dim_5,,normalized_rms_difference,SmolVLA,0.41890521575905376
"[0.5439465838034834, 0.5824722499556457]",5,dim_6,,normalized_rms_difference,SmolVLA,0.5628097393585008
"[0.6029364261846216, 0.6739783980079296]",5,translation,,normalized_rms_difference,SmolVLA,0.6374604407633302
"[0.6932873512677772, 0.7594222790837707]",5,rotation,,normalized_rms_difference,SmolVLA,0.725755295445364
"[0.5439465838034835, 0.5824722499556456]",5,gripper,,normalized_rms_difference,SmolVLA,0.5628097393585012
"[0.6523686658484724, 0.7158360753559784]",5,arm,,normalized_rms_difference,SmolVLA,0.6830360760622994
"[0.07378719556669047, 0.08460947037015294]",5,gripper,23926,gripper_sign_disagreement,raw_sign,0.07899356348741954
"[0.6655603227572781, 0.7107435746872989]",6,dim_0,23753,autocorrelation,raw,0.6881657008411841
"[0.8256286990386069, 0.8464538279442299]",6,dim_1,23753,autocorrelation,raw,0.8368114960494905
"[0.699776621527489, 0.7333133269147654]",6,dim_2,23753,autocorrelation,raw,0.7169052466556596
"[0.6266577145869939, 0.6983639332134272]",6,dim_3,23753,autocorrelation,raw,0.6662185551938533
"[0.665777466696739, 0.7113773592399862]",6,dim_4,23753,autocorrelation,raw,0.6902874180285578
"[0.8197717295634142, 0.8603117741307338]",6,dim_5,23753,autocorrelation,raw,0.8429837175195151
"[0.7959723198505793, 0.8212612156456432]",6,dim_6,23753,autocorrelation,raw,0.8092514931914747
"[0.7818098627310941, 0.9082976091464227]",6,dim_0,,normalized_rms_difference,ACT,0.8436041917468001
"[0.49315776558306884, 0.5222420238244186]",6,dim_1,,normalized_rms_difference,ACT,0.5076357464240823
"[0.7602363972303078, 0.8521148181406544]",6,dim_2,,normalized_rms_difference,ACT,0.8050651078085646
"[0.844829022924608, 0.9447926240249164]",6,dim_3,,normalized_rms_difference,ACT,0.894073295356982
"[0.9330301885088707, 1.0466512770843621]",6,dim_4,,normalized_rms_difference,ACT,0.9879685920786759
"[0.45258076314832696, 0.5041297444171818]",6,dim_5,,normalized_rms_difference,ACT,0.47883446566951826
"[0.5973429775836573, 0.6395179687036247]",6,dim_6,,normalized_rms_difference,ACT,0.6179492611049611
"[0.6954020861084569, 0.7759253969739219]",6,translation,,normalized_rms_difference,ACT,0.7342778563984078
"[0.7809950687926884, 0.856238904446074]",6,rotation,,normalized_rms_difference,ACT,0.8174618119352586
"[0.5973429775836573, 0.6395179687036247]",6,gripper,,normalized_rms_difference,ACT,0.6179492611049614
"[0.742216107984508, 0.8142061720065786]",6,arm,,normalized_rms_difference,ACT,0.7769838429367489
"[0.7818098627310941, 0.9082976091464227]",6,dim_0,,normalized_rms_difference,SmolVLA,0.8436041917468001
"[0.49315776558306884, 0.5222420238244186]",6,dim_1,,normalized_rms_difference,SmolVLA,0.5076357464240823
"[0.7602363972303078, 0.8521148181406544]",6,dim_2,,normalized_rms_difference,SmolVLA,0.8050651078085646
"[0.844829022924608, 0.9447926240249164]",6,dim_3,,normalized_rms_difference,SmolVLA,0.894073295356982
"[0.9330301885088707, 1.0466512770843621]",6,dim_4,,normalized_rms_difference,SmolVLA,0.9879685920786759
"[0.45258076314832696, 0.5041297444171818]",6,dim_5,,normalized_rms_difference,SmolVLA,0.47883446566951826
"[0.5973429775836573, 0.6395179687036247]",6,dim_6,,normalized_rms_difference,SmolVLA,0.6179492611049611
"[0.6954020861084569, 0.7759253969739219]",6,translation,,normalized_rms_difference,SmolVLA,0.7342778563984078
"[0.7809950687926884, 0.856238904446074]",6,rotation,,normalized_rms_difference,SmolVLA,0.8174618119352586
"[0.5973429775836573, 0.6395179687036247]",6,gripper,,normalized_rms_difference,SmolVLA,0.6179492611049614
"[0.742216107984508, 0.8142061720065786]",6,arm,,normalized_rms_difference,SmolVLA,0.7769838429367489
"[0.0889848396529436, 0.10199385344301364]",6,gripper,23753,gripper_sign_disagreement,raw_sign,0.09523007620090095
"[0.5844504643042113, 0.6395335652914167]",7,dim_0,23580,autocorrelation,raw,0.6118828716940391
"[0.7845856325491991, 0.8091566095537311]",7,dim_1,23580,autocorrelation,raw,0.7975649280580516
"[0.6183463475738398, 0.6598311257701943]",7,dim_2,23580,autocorrelation,raw,0.6394361248509525
"[0.5525097303025274, 0.6357125319048031]",7,dim_3,23580,autocorrelation,raw,0.5981174183567292
"[0.5938926680972244, 0.6487444212022547]",7,dim_4,23580,autocorrelation,raw,0.623676356287912
"[0.7780710425310998, 0.8263583733272143]",7,dim_5,23580,autocorrelation,raw,0.8057594816993917
"[0.7608081355865167, 0.7905016632734658]",7,dim_6,23580,autocorrelation,raw,0.7765295154414266
"[0.8720442915758386, 1.0133586969375161]",7,dim_0,,normalized_rms_difference,ACT,0.9407800820488572
"[0.5496036481166348, 0.5816134407989103]",7,dim_1,,normalized_rms_difference,ACT,0.5654294087586359
"[0.8602621721452608, 0.9640404626539713]",7,dim_2,,normalized_rms_difference,ACT,0.910487105016986
"[0.9257253241983245, 1.038821568608774]",7,dim_3,,normalized_rms_difference,ACT,0.9819667369143187
"[1.0246648298033718, 1.1490344132938244]",7,dim_4,,normalized_rms_difference,ACT,1.0855793292774403
"[0.5040054008724381, 0.562231546441704]",7,dim_5,,normalized_rms_difference,ACT,0.5336009641385485
"[0.6469641990825591, 0.6924758013879118]",7,dim_6,,normalized_rms_difference,ACT,0.6690164453349783
"[0.7801259311883484, 0.8697741929657112]",7,translation,,normalized_rms_difference,ACT,0.823359853986742
"[0.8597678709404925, 0.9406362774728252]",7,rotation,,normalized_rms_difference,ACT,0.8995315709653555
"[0.646964199082559, 0.6924758013879118]",7,gripper,,normalized_rms_difference,ACT,0.6690164453349788
"[0.8245689670116685, 0.9024632121379498]",7,arm,,normalized_rms_difference,ACT,0.8622872190634828
"[0.8720442915758386, 1.0133586969375161]",7,dim_0,,normalized_rms_difference,SmolVLA,0.9407800820488572
"[0.5496036481166348, 0.5816134407989103]",7,dim_1,,normalized_rms_difference,SmolVLA,0.5654294087586359
"[0.8602621721452608, 0.9640404626539713]",7,dim_2,,normalized_rms_difference,SmolVLA,0.910487105016986
"[0.9257253241983245, 1.038821568608774]",7,dim_3,,normalized_rms_difference,SmolVLA,0.9819667369143187
"[1.0246648298033718, 1.1490344132938244]",7,dim_4,,normalized_rms_difference,SmolVLA,1.0855793292774403
"[0.5040054008724381, 0.562231546441704]",7,dim_5,,normalized_rms_difference,SmolVLA,0.5336009641385485
"[0.6469641990825591, 0.6924758013879118]",7,dim_6,,normalized_rms_difference,SmolVLA,0.6690164453349783
"[0.7801259311883484, 0.8697741929657112]",7,translation,,normalized_rms_difference,SmolVLA,0.823359853986742
"[0.8597678709404925, 0.9406362774728252]",7,rotation,,normalized_rms_difference,SmolVLA,0.8995315709653555
"[0.646964199082559, 0.6924758013879118]",7,gripper,,normalized_rms_difference,SmolVLA,0.6690164453349788
"[0.8245689670116685, 0.9024632121379498]",7,arm,,normalized_rms_difference,SmolVLA,0.8622872190634828
"[0.10438281266526787, 0.11958527329713205]",7,gripper,23580,gripper_sign_disagreement,raw_sign,0.11162001696352841
"[0.5034953028167086, 0.5667597999773502]",8,dim_0,23407,autocorrelation,raw,0.5349876801739091
"[0.742156668852554, 0.7701782463769156]",8,dim_1,23407,autocorrelation,raw,0.7570597148975439
"[0.5344254683448162, 0.5838139117381143]",8,dim_2,23407,autocorrelation,raw,0.5594842535888247
"[0.4810253875664878, 0.5739596021681278]",8,dim_3,23407,autocorrelation,raw,0.5313526484056181
"[0.5231263034618592, 0.5879498386325688]",8,dim_4,23407,autocorrelation,raw,0.5578059306650945
"[0.7362375369059883, 0.7919316152999668]",8,dim_5,23407,autocorrelation,raw,0.768265221788703
"[0.7256462922050452, 0.7603916159115898]",8,dim_6,23407,autocorrelation,raw,0.74401509560212
"[0.9539141794823245, 1.1067275317466678]",8,dim_0,,normalized_rms_difference,ACT,1.0288035753198848
"[0.6017710900693855, 0.6371651889287722]",8,dim_1,,normalized_rms_difference,ACT,0.6193222982287442
"[0.9541206717674108, 1.0669559394068384]",8,dim_2,,normalized_rms_difference,ACT,1.0085459875332479
"[1.002222281335347, 1.1218850670206877]",8,dim_3,,normalized_rms_difference,ACT,1.0614970173682154
"[1.1064168938615597, 1.2418319404441627]",8,dim_4,,normalized_rms_difference,ACT,1.1724648582354853
"[0.5511874872470411, 0.6152569566761519]",8,dim_5,,normalized_rms_difference,ACT,0.5838922248998837
"[0.6920261518631324, 0.7416482802201896]",8,dim_6,,normalized_rms_difference,ACT,0.7161743652151467
"[0.8589405301602695, 0.9552799226494715]",8,translation,,normalized_rms_difference,ACT,0.9053842489322285
"[0.9308984648238681, 1.0174341378382088]",8,rotation,,normalized_rms_difference,ACT,0.973375551363623
"[0.6920261518631324, 0.7416482802201896]",8,gripper,,normalized_rms_difference,ACT,0.7161743652151479
"[0.8993315940480368, 0.9830932677107597]",8,arm,,normalized_rms_difference,ACT,0.9399948409983462
"[0.9539141794823245, 1.1067275317466678]",8,dim_0,,normalized_rms_difference,SmolVLA,1.0288035753198848
"[0.6017710900693855, 0.6371651889287722]",8,dim_1,,normalized_rms_difference,SmolVLA,0.6193222982287442
"[0.9541206717674108, 1.0669559394068384]",8,dim_2,,normalized_rms_difference,SmolVLA,1.0085459875332479
"[1.002222281335347, 1.1218850670206877]",8,dim_3,,normalized_rms_difference,SmolVLA,1.0614970173682154
"[1.1064168938615597, 1.2418319404441627]",8,dim_4,,normalized_rms_difference,SmolVLA,1.1724648582354853
"[0.5511874872470411, 0.6152569566761519]",8,dim_5,,normalized_rms_difference,SmolVLA,0.5838922248998837
"[0.6920261518631324, 0.7416482802201896]",8,dim_6,,normalized_rms_difference,SmolVLA,0.7161743652151467
"[0.8589405301602695, 0.9552799226494715]",8,translation,,normalized_rms_difference,SmolVLA,0.9053842489322285
"[0.9308984648238681, 1.0174341378382088]",8,rotation,,normalized_rms_difference,SmolVLA,0.973375551363623
"[0.6920261518631324, 0.7416482802201896]",8,gripper,,normalized_rms_difference,SmolVLA,0.7161743652151479
"[0.8993315940480368, 0.9830932677107597]",8,arm,,normalized_rms_difference,SmolVLA,0.9399948409983462
"[0.11943002165957153, 0.1371716887219699]",8,gripper,23407,gripper_sign_disagreement,raw_sign,0.12791045413765112
"[0.42292049604338683, 0.4955050344433146]",9,dim_0,23234,autocorrelation,raw,0.4587717097596457
"[0.6992574677659151, 0.7304013286153728]",9,dim_1,23234,autocorrelation,raw,0.7159230066211795
"[0.4501847887917006, 0.5071731409334209]",9,dim_2,23234,autocorrelation,raw,0.4788712298370332
"[0.41242852826155685, 0.5126316194493296]",9,dim_3,23234,autocorrelation,raw,0.46672783207718505
"[0.45356835107116295, 0.5273103767271146]",9,dim_4,23234,autocorrelation,raw,0.49363810608666503
"[0.6961801194137947, 0.7576281913855346]",9,dim_5,23234,autocorrelation,raw,0.7310236973128645
"[0.6915797501059082, 0.7306556013880738]",9,dim_6,23234,autocorrelation,raw,0.7119663948857836
"[1.0264164407453724, 1.1914927297740339]",9,dim_0,,normalized_rms_difference,ACT,1.1082975572703488
"[0.6501906705929228, 0.6885097464659649]",9,dim_1,,normalized_rms_difference,ACT,0.6695130248553409
"[1.0390017220938668, 1.1613652046949932]",9,dim_2,,normalized_rms_difference,ACT,1.099231842898911
"[1.0694172345048956, 1.1985142278894627]",9,dim_3,,normalized_rms_difference,ACT,1.1335204157691328
"[1.1788235593668526, 1.3230530937025713]",9,dim_4,,normalized_rms_difference,ACT,1.249574855163562
"[0.5936311913339583, 0.6649859894564975]",9,dim_5,,normalized_rms_difference,ACT,0.6300481580726769
"[0.7339721257809367, 0.7862445518548768]",9,dim_6,,normalized_rms_difference,ACT,0.7598044274478046
"[0.9300660461641008, 1.033046168360325]",9,translation,,normalized_rms_difference,ACT,0.9806259583118847
"[0.9945194847476699, 1.0860373963095522]",9,rotation,,normalized_rms_difference,ACT,1.039754223059988
"[0.7339721257809367, 0.7862445518548768]",9,gripper,,normalized_rms_difference,ACT,0.7598044274478043
"[0.9674649392352584, 1.055364330289649]",9,arm,,normalized_rms_difference,ACT,1.010622608713604
"[1.0264164407453724, 1.1914927297740339]",9,dim_0,,normalized_rms_difference,SmolVLA,1.1082975572703488
"[0.6501906705929228, 0.6885097464659649]",9,dim_1,,normalized_rms_difference,SmolVLA,0.6695130248553409
"[1.0390017220938668, 1.1613652046949932]",9,dim_2,,normalized_rms_difference,SmolVLA,1.099231842898911
"[1.0694172345048956, 1.1985142278894627]",9,dim_3,,normalized_rms_difference,SmolVLA,1.1335204157691328
"[1.1788235593668526, 1.3230530937025713]",9,dim_4,,normalized_rms_difference,SmolVLA,1.249574855163562
"[0.5936311913339583, 0.6649859894564975]",9,dim_5,,normalized_rms_difference,SmolVLA,0.6300481580726769
"[0.7339721257809367, 0.7862445518548768]",9,dim_6,,normalized_rms_difference,SmolVLA,0.7598044274478046
"[0.9300660461641008, 1.033046168360325]",9,translation,,normalized_rms_difference,SmolVLA,0.9806259583118847
"[0.9945194847476699, 1.0860373963095522]",9,rotation,,normalized_rms_difference,SmolVLA,1.039754223059988
"[0.7339721257809367, 0.7862445518548768]",9,gripper,,normalized_rms_difference,SmolVLA,0.7598044274478043
"[0.9674649392352584, 1.055364330289649]",9,arm,,normalized_rms_difference,SmolVLA,1.010622608713604
"[0.13434689425720223, 0.1541642929644778]",9,gripper,23234,gripper_sign_disagreement,raw_sign,0.14397004390117932
"[0.34471402508594934, 0.42426236786006055]",10,dim_0,23061,autocorrelation,raw,0.38418681664624005
"[0.656653211512604, 0.6912065238508777]",10,dim_1,23061,autocorrelation,raw,0.6748869156236951
"[0.36670106860318885, 0.43026857724319156]",10,dim_2,23061,autocorrelation,raw,0.398868717302996
"[0.3473441394972471, 0.4535388171485521]",10,dim_3,23061,autocorrelation,raw,0.40550599354397016
"[0.3874581598756128, 0.4690396383181224]",10,dim_4,23061,autocorrelation,raw,0.43174491993414404
"[0.6559606402290961, 0.7232936025085369]",10,dim_5,23061,autocorrelation,raw,0.6944335469865388
"[0.6585176554957144, 0.7012873744247902]",10,dim_6,23061,autocorrelation,raw,0.6810915656052224
"[1.0965251775161453, 1.2683390770605385]",10,dim_0,,normalized_rms_difference,ACT,1.1799094143571696
"[0.6954363646990334, 0.736302042567141]",10,dim_1,,normalized_rms_difference,ACT,0.7159442115217396
"[1.120351571786648, 1.2495413832386963]",10,dim_2,,normalized_rms_difference,ACT,1.1829220961558218
"[1.131324911665834, 1.2674306239390887]",10,dim_3,,normalized_rms_difference,ACT,1.198074042672019
"[1.2448001695117965, 1.3953557131561956]",10,dim_4,,normalized_rms_difference,ACT,1.317943089687257
"[0.6321150594340178, 0.7103776264112526]",10,dim_5,,normalized_rms_difference,ACT,0.6723150560262403
"[0.7731494077550197, 0.8273543331934956]",10,dim_6,,normalized_rms_difference,ACT,0.7996013126488509
"[0.9972970500696412, 1.104932151370545]",10,translation,,normalized_rms_difference,ACT,1.049454941969695
"[1.0525035122513926, 1.1474660284652314]",10,rotation,,normalized_rms_difference,ACT,1.0991455672382426
"[0.7731494077550197, 0.8273543331934955]",10,gripper,,normalized_rms_difference,ACT,0.7996013126488514
"[1.030551081608924, 1.1215804839730625]",10,arm,,normalized_rms_difference,ACT,1.0745875146315664
"[1.0965251775161453, 1.2683390770605385]",10,dim_0,,normalized_rms_difference,SmolVLA,1.1799094143571696
"[0.6954363646990334, 0.736302042567141]",10,dim_1,,normalized_rms_difference,SmolVLA,0.7159442115217396
"[1.120351571786648, 1.2495413832386963]",10,dim_2,,normalized_rms_difference,SmolVLA,1.1829220961558218
"[1.131324911665834, 1.2674306239390887]",10,dim_3,,normalized_rms_difference,SmolVLA,1.198074042672019
"[1.2448001695117965, 1.3953557131561956]",10,dim_4,,normalized_rms_difference,SmolVLA,1.317943089687257
"[0.6321150594340178, 0.7103776264112526]",10,dim_5,,normalized_rms_difference,SmolVLA,0.6723150560262403
"[0.7731494077550197, 0.8273543331934956]",10,dim_6,,normalized_rms_difference,SmolVLA,0.7996013126488509
"[0.9972970500696412, 1.104932151370545]",10,translation,,normalized_rms_difference,SmolVLA,1.049454941969695
"[1.0525035122513926, 1.1474660284652314]",10,rotation,,normalized_rms_difference,SmolVLA,1.0991455672382426
"[0.7731494077550197, 0.8273543331934955]",10,gripper,,normalized_rms_difference,SmolVLA,0.7996013126488514
"[1.030551081608924, 1.1215804839730625]",10,arm,,normalized_rms_difference,SmolVLA,1.0745875146315664
"[0.1490717508797997, 0.1707071017310758]",10,gripper,23061,gripper_sign_disagreement,raw_sign,0.15944668487923333
"[0.26921923855601915, 0.35660252572123435]",11,dim_0,22888,autocorrelation,raw,0.31230720696339126
"[0.6146096945041332, 0.6516630407858228]",11,dim_1,22888,autocorrelation,raw,0.6344985950139429
"[0.28453833927149746, 0.35551084204069777]",11,dim_2,22888,autocorrelation,raw,0.3204935237816082
"[0.28875546723522433, 0.3997264518501191]",11,dim_3,22888,autocorrelation,raw,0.34855838883678825
"[0.3248417206470784, 0.41346743662785046]",11,dim_4,22888,autocorrelation,raw,0.3719138475427633
"[0.6174341074256927, 0.6911887543694958]",11,dim_5,22888,autocorrelation,raw,0.6588809800509524
"[0.6257850846378402, 0.6733784190440019]",11,dim_6,22888,autocorrelation,raw,0.6508146314361186
"[1.1548766270088924, 1.3366683474228573]",11,dim_0,,normalized_rms_difference,ACT,1.2437972727737907
"[0.7368413997418418, 0.780487401618025]",11,dim_1,,normalized_rms_difference,ACT,0.7587620672084254
"[1.1931406158240971, 1.330105574177211]",11,dim_2,,normalized_rms_difference,ACT,1.2599342356824814
"[1.1847973220383405, 1.326193630745994]",11,dim_3,,normalized_rms_difference,ACT,1.2552377093123792
"[1.303185611386289, 1.4595376284889592]",11,dim_4,,normalized_rms_difference,ACT,1.3794411457409608
"[0.668335746972536, 0.7505736096156476]",11,dim_5,,normalized_rms_difference,ACT,0.7108397793902066
"[0.8087763772504877, 0.8661468833187499]",11,dim_6,,normalized_rms_difference,ACT,0.8368139339194918
"[1.0568154502052427, 1.1705265924082828]",11,translation,,normalized_rms_difference,ACT,1.1120830017941887
"[1.1042237473014875, 1.201517153299777]",11,rotation,,normalized_rms_difference,ACT,1.1523559596765867
"[0.8087763772504877, 0.8661468833187498]",11,gripper,,normalized_rms_difference,ACT,0.8368139339194913
"[1.0861560009584237, 1.1808563570781305]",11,arm,,normalized_rms_difference,ACT,1.1323985298210433
"[1.1548766270088924, 1.3366683474228573]",11,dim_0,,normalized_rms_difference,SmolVLA,1.2437972727737907
"[0.7368413997418418, 0.780487401618025]",11,dim_1,,normalized_rms_difference,SmolVLA,0.7587620672084254
"[1.1931406158240971, 1.330105574177211]",11,dim_2,,normalized_rms_difference,SmolVLA,1.2599342356824814
"[1.1847973220383405, 1.326193630745994]",11,dim_3,,normalized_rms_difference,SmolVLA,1.2552377093123792
"[1.303185611386289, 1.4595376284889592]",11,dim_4,,normalized_rms_difference,SmolVLA,1.3794411457409608
"[0.668335746972536, 0.7505736096156476]",11,dim_5,,normalized_rms_difference,SmolVLA,0.7108397793902066
"[0.8087763772504877, 0.8661468833187499]",11,dim_6,,normalized_rms_difference,SmolVLA,0.8368139339194918
"[1.0568154502052427, 1.1705265924082828]",11,translation,,normalized_rms_difference,SmolVLA,1.1120830017941887
"[1.1042237473014875, 1.201517153299777]",11,rotation,,normalized_rms_difference,SmolVLA,1.1523559596765867
"[0.8087763772504877, 0.8661468833187498]",11,gripper,,normalized_rms_difference,SmolVLA,0.8368139339194913
"[1.0861560009584237, 1.1808563570781305]",11,arm,,normalized_rms_difference,SmolVLA,1.1323985298210433
"[0.16312683614034124, 0.18709043780258708]",11,gripper,22888,gripper_sign_disagreement,raw_sign,0.17463299545613423
"[0.19856773973552966, 0.29054127677143127]",12,dim_0,22715,autocorrelation,raw,0.2436801782258336
"[0.5741991781137485, 0.6136762107860022]",12,dim_1,22715,autocorrelation,raw,0.5950412769097364
"[0.2056584867395038, 0.28206622683396537]",12,dim_2,22715,autocorrelation,raw,0.2443624784631808
"[0.23629061718459973, 0.34801229254651983]",12,dim_3,22715,autocorrelation,raw,0.29636834044210125
"[0.26272477632363755, 0.35830125287422515]",12,dim_4,22715,autocorrelation,raw,0.3140504846458194
"[0.5817362801113032, 0.6583044605191516]",12,dim_5,22715,autocorrelation,raw,0.6244982515277423
"[0.5940036372102131, 0.645318717611456]",12,dim_6,22715,autocorrelation,raw,0.620981940709416
"[1.2085686176377213, 1.3965207012564493]",12,dim_0,,normalized_rms_difference,ACT,1.3006591811330643
"[0.7750149630433033, 0.8211071643210537]",12,dim_1,,normalized_rms_difference,ACT,0.7982783543274103
"[1.261565318087236, 1.404668180691452]",12,dim_2,,normalized_rms_difference,ACT,1.3309051284527738
"[1.2338110474731128, 1.3799838437337637]",12,dim_3,,normalized_rms_difference,ACT,1.3053338490414232
"[1.3565995427781603, 1.5190898124752552]",12,dim_4,,normalized_rms_difference,ACT,1.4356345458726663
"[0.6995817142619921, 0.7888638519135348]",12,dim_5,,normalized_rms_difference,ACT,0.7460466195093628
"[0.8428451043365851, 0.9020745049468433]",12,dim_6,,normalized_rms_difference,ACT,0.8719605098768854
"[1.112711204481127, 1.2290197528921405]",12,translation,,normalized_rms_difference,ACT,1.1690838432144643
"[1.150319662420138, 1.2521546034928617]",12,rotation,,normalized_rms_difference,ACT,1.200212281950942
"[0.8428451043365852, 0.902074504946843]",12,gripper,,normalized_rms_difference,ACT,0.8719605098768859
"[1.1376560919989842, 1.2351081136390591]",12,arm,,normalized_rms_difference,ACT,1.1847503015848928
"[1.2085686176377213, 1.3965207012564493]",12,dim_0,,normalized_rms_difference,SmolVLA,1.3006591811330643
"[0.7750149630433033, 0.8211071643210537]",12,dim_1,,normalized_rms_difference,SmolVLA,0.7982783543274103
"[1.261565318087236, 1.404668180691452]",12,dim_2,,normalized_rms_difference,SmolVLA,1.3309051284527738
"[1.2338110474731128, 1.3799838437337637]",12,dim_3,,normalized_rms_difference,SmolVLA,1.3053338490414232
"[1.3565995427781603, 1.5190898124752552]",12,dim_4,,normalized_rms_difference,SmolVLA,1.4356345458726663
"[0.6995817142619921, 0.7888638519135348]",12,dim_5,,normalized_rms_difference,SmolVLA,0.7460466195093628
"[0.8428451043365851, 0.9020745049468433]",12,dim_6,,normalized_rms_difference,SmolVLA,0.8719605098768854
"[1.112711204481127, 1.2290197528921405]",12,translation,,normalized_rms_difference,SmolVLA,1.1690838432144643
"[1.150319662420138, 1.2521546034928617]",12,rotation,,normalized_rms_difference,SmolVLA,1.200212281950942
"[0.8428451043365852, 0.902074504946843]",12,gripper,,normalized_rms_difference,SmolVLA,0.8719605098768859
"[1.1376560919989842, 1.2351081136390591]",12,arm,,normalized_rms_difference,SmolVLA,1.1847503015848928
"[0.17715933214372645, 0.20293329855357325]",12,gripper,22715,gripper_sign_disagreement,raw_sign,0.18961038961038962
"[0.13053135434776128, 0.22636755839017778]",13,dim_0,22542,autocorrelation,raw,0.17861167769991623
"[0.5346481908072759, 0.5763139889349956]",13,dim_1,22542,autocorrelation,raw,0.5567058495868853
"[0.1304722852897279, 0.2107095375297543]",13,dim_2,22542,autocorrelation,raw,0.1712858993323372
"[0.18699662311472517, 0.3017094226517564]",13,dim_3,22542,autocorrelation,raw,0.24902621757621846
"[0.20486473081507858, 0.30648091941948663]",13,dim_4,22542,autocorrelation,raw,0.25885970961363425
"[0.5436195212948058, 0.6262576362338256]",13,dim_5,22542,autocorrelation,raw,0.5912401554552458
"[0.5622182116670135, 0.6174739184421824]",13,dim_6,22542,autocorrelation,raw,0.5914213009168909
"[1.2571034796950549, 1.4520114838245675]",13,dim_0,,normalized_rms_difference,ACT,1.3514070582246818
"[0.8096905351627057, 0.8593515841728131]",13,dim_1,,normalized_rms_difference,ACT,0.8347862606413714
"[1.3247787380957758, 1.473359439589649]",13,dim_2,,normalized_rms_difference,ACT,1.3961589752032488
"[1.2730564825818425, 1.4245290955969054]",13,dim_3,,normalized_rms_difference,ACT,1.3489187065308708
"[1.4025736307014571, 1.574789663875344]",13,dim_4,,normalized_rms_difference,ACT,1.4870227344768485
"[0.7299542361155946, 0.8243781709136445]",13,dim_5,,normalized_rms_difference,ACT,0.7783755815212192
"[0.8757025917425159, 0.9368203647106983]",13,dim_6,,normalized_rms_difference,ACT,0.9054675332009254
"[1.163535743170078, 1.2829918395829614]",13,translation,,normalized_rms_difference,ACT,1.2209871719249248
"[1.1905064681857154, 1.2955542598248515]",13,rotation,,normalized_rms_difference,ACT,1.2432064504857883
"[0.8757025917425156, 0.9368203647106982]",13,gripper,,normalized_rms_difference,ACT,0.9054675332009252
"[1.1836728300137385, 1.284345224636425]",13,arm,,normalized_rms_difference,ACT,1.2321468971950338
"[1.2571034796950549, 1.4520114838245675]",13,dim_0,,normalized_rms_difference,SmolVLA,1.3514070582246818
"[0.8096905351627057, 0.8593515841728131]",13,dim_1,,normalized_rms_difference,SmolVLA,0.8347862606413714
"[1.3247787380957758, 1.473359439589649]",13,dim_2,,normalized_rms_difference,SmolVLA,1.3961589752032488
"[1.2730564825818425, 1.4245290955969054]",13,dim_3,,normalized_rms_difference,SmolVLA,1.3489187065308708
"[1.4025736307014571, 1.574789663875344]",13,dim_4,,normalized_rms_difference,SmolVLA,1.4870227344768485
"[0.7299542361155946, 0.8243781709136445]",13,dim_5,,normalized_rms_difference,SmolVLA,0.7783755815212192
"[0.8757025917425159, 0.9368203647106983]",13,dim_6,,normalized_rms_difference,SmolVLA,0.9054675332009254
"[1.163535743170078, 1.2829918395829614]",13,translation,,normalized_rms_difference,SmolVLA,1.2209871719249248
"[1.1905064681857154, 1.2955542598248515]",13,rotation,,normalized_rms_difference,SmolVLA,1.2432064504857883
"[0.8757025917425156, 0.9368203647106982]",13,gripper,,normalized_rms_difference,SmolVLA,0.9054675332009252
"[1.1836728300137385, 1.284345224636425]",13,arm,,normalized_rms_difference,SmolVLA,1.2321468971950338
"[0.19124133529784945, 0.2188674324026993]",13,gripper,22542,gripper_sign_disagreement,raw_sign,0.20446278058734807
"[0.06850434111627911, 0.16704523164185767]",14,dim_0,22369,autocorrelation,raw,0.11747665379333373
"[0.4961560813907914, 0.5409175528499837]",14,dim_1,22369,autocorrelation,raw,0.5195764942310783
"[0.05828024506992104, 0.1439573486559532]",14,dim_2,22369,autocorrelation,raw,0.10199892678448934
"[0.1456975324117565, 0.25771756781239347]",14,dim_3,22369,autocorrelation,raw,0.20628771960211365
"[0.15008773522620067, 0.25714321581670607]",14,dim_4,22369,autocorrelation,raw,0.20742770876949485
"[0.5100289538490499, 0.5959853126493458]",14,dim_5,22369,autocorrelation,raw,0.5590055990310064
"[0.5309660141788161, 0.5904771544636748]",14,dim_6,22369,autocorrelation,raw,0.562245838802199
"[1.2999069915190546, 1.4999352406813298]",14,dim_0,,normalized_rms_difference,ACT,1.3966892532277722
"[0.841681740806202, 0.8944238001704152]",14,dim_1,,normalized_rms_difference,ACT,0.868594394286126
"[1.3817956773508477, 1.535459113674017]",14,dim_2,,normalized_rms_difference,ACT,1.45577419723957
"[1.3085587767040026, 1.4650181735345373]",14,dim_3,,normalized_rms_difference,ACT,1.3869522255738382
"[1.4478118966832667, 1.6231315179238948]",14,dim_4,,normalized_rms_difference,ACT,1.533176909906485
"[0.755802458470801, 0.8555582693411636]",14,dim_5,,normalized_rms_difference,ACT,0.8082106600002789
"[0.9062903234314935, 0.9695600300744818]",14,dim_6,,normalized_rms_difference,ACT,0.9374090026370343
"[1.209276990056822, 1.3321212385475483]",14,translation,,normalized_rms_difference,ACT,1.2681319075994877
"[1.229353667615998, 1.335304313273591]",14,rotation,,normalized_rms_difference,ACT,1.2815969704542725
"[0.9062903234314936, 0.9695600300744818]",14,gripper,,normalized_rms_difference,ACT,0.9374090026370347
"[1.2267153782238815, 1.3272212770690375]",14,arm,,normalized_rms_difference,ACT,1.2748822160790942
"[1.2999069915190546, 1.4999352406813298]",14,dim_0,,normalized_rms_difference,SmolVLA,1.3966892532277722
"[0.841681740806202, 0.8944238001704152]",14,dim_1,,normalized_rms_difference,SmolVLA,0.868594394286126
"[1.3817956773508477, 1.535459113674017]",14,dim_2,,normalized_rms_difference,SmolVLA,1.45577419723957
"[1.3085587767040026, 1.4650181735345373]",14,dim_3,,normalized_rms_difference,SmolVLA,1.3869522255738382
"[1.4478118966832667, 1.6231315179238948]",14,dim_4,,normalized_rms_difference,SmolVLA,1.533176909906485
"[0.755802458470801, 0.8555582693411636]",14,dim_5,,normalized_rms_difference,SmolVLA,0.8082106600002789
"[0.9062903234314935, 0.9695600300744818]",14,dim_6,,normalized_rms_difference,SmolVLA,0.9374090026370343
"[1.209276990056822, 1.3321212385475483]",14,translation,,normalized_rms_difference,SmolVLA,1.2681319075994877
"[1.229353667615998, 1.335304313273591]",14,rotation,,normalized_rms_difference,SmolVLA,1.2815969704542725
"[0.9062903234314936, 0.9695600300744818]",14,gripper,,normalized_rms_difference,SmolVLA,0.9374090026370347
"[1.2267153782238815, 1.3272212770690375]",14,arm,,normalized_rms_difference,SmolVLA,1.2748822160790942
"[0.20483453640796584, 0.234432546069704]",14,gripper,22369,gripper_sign_disagreement,raw_sign,0.2191425633689481
"[0.01096996404892874, 0.11138161391269628]",15,dim_0,22196,autocorrelation,raw,0.06049868777311558
"[0.4593155979814973, 0.5058204538180293]",15,dim_1,22196,autocorrelation,raw,0.4836994133212524
"[-0.007024001655465467, 0.08002994531610447]",15,dim_2,22196,autocorrelation,raw,0.03713589574135196
"[0.10923277997023001, 0.21926053899016104]",15,dim_3,22196,autocorrelation,raw,0.16877074084192487
"[0.10320963532733966, 0.21219698324847222]",15,dim_4,22196,autocorrelation,raw,0.1609198033723678
"[0.47824994077916033, 0.5661743097218533]",15,dim_5,22196,autocorrelation,raw,0.527573696171081
"[0.4997064032478737, 0.562739990992486]",15,dim_6,22196,autocorrelation,raw,0.5332902433781804
"[1.3376896672238552, 1.5384216063558798]",15,dim_0,,normalized_rms_difference,ACT,1.4370864592866937
"[0.8712871767290506, 0.9270582184506462]",15,dim_1,,normalized_rms_difference,ACT,0.9000001137417438
"[1.4343775844105529, 1.5896997981935974]",15,dim_2,,normalized_rms_difference,ACT,1.509834478417833
"[1.3396628236945725, 1.4978180910736767]",15,dim_3,,normalized_rms_difference,ACT,1.4194307103454509
"[1.485778461188019, 1.6634866746453691]",15,dim_4,,normalized_rms_difference,ACT,1.5734141530819936
"[0.781015193160672, 0.8872390964435466]",15,dim_5,,normalized_rms_difference,ACT,0.8359908228960053
"[0.936649434347307, 1.0015341639389916]",15,dim_6,,normalized_rms_difference,ACT,0.9681181829126632
"[1.2515014674308573, 1.3739175984872707]",15,translation,,normalized_rms_difference,ACT,1.3108289805080815
"[1.2613809520645711, 1.3688105953057932]",15,rotation,,normalized_rms_difference,ACT,1.315205471216932
"[0.936649434347307, 1.0015341639389916]",15,gripper,,normalized_rms_difference,ACT,0.9681181829126625
"[1.2643775930848864, 1.3648996546620182]",15,arm,,normalized_rms_difference,ACT,1.3130190493018006
"[1.3376896672238552, 1.5384216063558798]",15,dim_0,,normalized_rms_difference,SmolVLA,1.4370864592866937
"[0.8712871767290506, 0.9270582184506462]",15,dim_1,,normalized_rms_difference,SmolVLA,0.9000001137417438
"[1.4343775844105529, 1.5896997981935974]",15,dim_2,,normalized_rms_difference,SmolVLA,1.509834478417833
"[1.3396628236945725, 1.4978180910736767]",15,dim_3,,normalized_rms_difference,SmolVLA,1.4194307103454509
"[1.485778461188019, 1.6634866746453691]",15,dim_4,,normalized_rms_difference,SmolVLA,1.5734141530819936
"[0.781015193160672, 0.8872390964435466]",15,dim_5,,normalized_rms_difference,SmolVLA,0.8359908228960053
"[0.936649434347307, 1.0015341639389916]",15,dim_6,,normalized_rms_difference,SmolVLA,0.9681181829126632
"[1.2515014674308573, 1.3739175984872707]",15,translation,,normalized_rms_difference,SmolVLA,1.3108289805080815
"[1.2613809520645711, 1.3688105953057932]",15,rotation,,normalized_rms_difference,SmolVLA,1.315205471216932
"[0.936649434347307, 1.0015341639389916]",15,gripper,,normalized_rms_difference,SmolVLA,0.9681181829126625
"[1.2643775930848864, 1.3648996546620182]",15,arm,,normalized_rms_difference,SmolVLA,1.3130190493018006
"[0.21878757146236238, 0.2501497274385579]",15,gripper,22196,gripper_sign_disagreement,raw_sign,0.2337358082537394
"[-0.042278331418211225, 0.05945738631129138]",16,dim_0,22023,autocorrelation,raw,0.007853618429563633
"[0.42455523701128683, 0.47269659616200005]",16,dim_1,22023,autocorrelation,raw,0.44915251233947673
"[-0.06747998661389128, 0.020346736626888275]",16,dim_2,22023,autocorrelation,raw,-0.02289760768904848
"[0.08032464098690627, 0.18684406747365756]",16,dim_3,22023,autocorrelation,raw,0.13693339669826027
"[0.06119475921220176, 0.17188879312166622]",16,dim_4,22023,autocorrelation,raw,0.11965141801680365
"[0.44521804374679064, 0.5365652901027333]",16,dim_5,22023,autocorrelation,raw,0.4969901251118988
"[0.47121354135127147, 0.5364793256852077]",16,dim_6,22023,autocorrelation,raw,0.5054870595418574
"[1.3726758040840263, 1.5769783655981382]",16,dim_0,,normalized_rms_difference,ACT,1.4728966728662474
"[0.8998253153310183, 0.9570504337553477]",16,dim_1,,normalized_rms_difference,ACT,0.9291135885499175
"[1.4810921912462187, 1.6407818385838984]",16,dim_2,,normalized_rms_difference,ACT,1.5584778640183954
"[1.36573521683908, 1.527169395474955]",16,dim_3,,normalized_rms_difference,ACT,1.4463771498731393
"[1.5179899208003211, 1.7005618727916185]",16,dim_4,,normalized_rms_difference,ACT,1.607704553960028
"[0.8031924100889344, 0.9153928902742573]",16,dim_5,,normalized_rms_difference,ACT,0.8617928394540872
"[0.9647794611629945, 1.0299535323264968]",16,dim_6,,normalized_rms_difference,ACT,0.9967918739054544
"[1.289309321018353, 1.4134233009607986]",16,translation,,normalized_rms_difference,ACT,1.3492627520247131
"[1.2894603332415073, 1.3981692859274335]",16,rotation,,normalized_rms_difference,ACT,1.3440495638967707
"[0.9647794611629945, 1.0299535323264968]",16,gripper,,normalized_rms_difference,ACT,0.9967918739054545
"[1.298130552766289, 1.3980728483027618]",16,arm,,normalized_rms_difference,ACT,1.3466586806263126
"[1.3726758040840263, 1.5769783655981382]",16,dim_0,,normalized_rms_difference,SmolVLA,1.4728966728662474
"[0.8998253153310183, 0.9570504337553477]",16,dim_1,,normalized_rms_difference,SmolVLA,0.9291135885499175
"[1.4810921912462187, 1.6407818385838984]",16,dim_2,,normalized_rms_difference,SmolVLA,1.5584778640183954
"[1.36573521683908, 1.527169395474955]",16,dim_3,,normalized_rms_difference,SmolVLA,1.4463771498731393
"[1.5179899208003211, 1.7005618727916185]",16,dim_4,,normalized_rms_difference,SmolVLA,1.607704553960028
"[0.8031924100889344, 0.9153928902742573]",16,dim_5,,normalized_rms_difference,SmolVLA,0.8617928394540872
"[0.9647794611629945, 1.0299535323264968]",16,dim_6,,normalized_rms_difference,SmolVLA,0.9967918739054544
"[1.289309321018353, 1.4134233009607986]",16,translation,,normalized_rms_difference,SmolVLA,1.3492627520247131
"[1.2894603332415073, 1.3981692859274335]",16,rotation,,normalized_rms_difference,SmolVLA,1.3440495638967707
"[0.9647794611629945, 1.0299535323264968]",16,gripper,,normalized_rms_difference,SmolVLA,0.9967918739054545
"[1.298130552766289, 1.3980728483027618]",16,arm,,normalized_rms_difference,SmolVLA,1.3466586806263126
"[0.23212643203271108, 0.2645475598935102]",16,gripper,22023,gripper_sign_disagreement,raw_sign,0.247786405121918
"[-0.09048721163820538, 0.009774402875604011]",17,dim_0,21850,autocorrelation,raw,-0.040355331119892014
"[0.3900963108226087, 0.44069772390907763]",17,dim_1,21850,autocorrelation,raw,0.415964451810898
"[-0.12242942008369834, -0.03531375427891628]",17,dim_2,21850,autocorrelation,raw,-0.0777451980925335
"[0.05624636145926123, 0.15739320018544897]",17,dim_3,21850,autocorrelation,raw,0.11008902030035615
"[0.025402541660276563, 0.1371643122045324]",17,dim_4,21850,autocorrelation,raw,0.08416022686439756
"[0.415487473160569, 0.5082375533666385]",17,dim_5,21850,autocorrelation,raw,0.4672841952113756
"[0.44293991236300506, 0.5107589351179542]",17,dim_6,21850,autocorrelation,raw,0.4788040113942791
"[1.4041944913877809, 1.6096706415966897]",17,dim_0,,normalized_rms_difference,ACT,1.5044161088502483
"[0.9246252509878674, 0.9853973108443685]",17,dim_1,,normalized_rms_difference,ACT,0.9561788004747341
"[1.5255592713155257, 1.6840270855432935]",17,dim_2,,normalized_rms_difference,ACT,1.6017120982593862
"[1.385730918989304, 1.5486672543790683]",17,dim_3,,normalized_rms_difference,ACT,1.4685049869431825
"[1.544878871638679, 1.7290776052264158]",17,dim_4,,normalized_rms_difference,ACT,1.6360650972993669
"[0.8250913267650986, 0.9404650383751151]",17,dim_5,,normalized_rms_difference,ACT,0.8856952089386795
"[0.991441768003962, 1.0574605410577231]",17,dim_6,,normalized_rms_difference,ACT,1.0236655425842498
"[1.323884803043947, 1.4476825006046221]",17,translation,,normalized_rms_difference,ACT,1.383597650180609
"[1.3134890628452747, 1.4219677862274673]",17,rotation,,normalized_rms_difference,ACT,1.3684141554387104
"[0.9914417680039618, 1.0574605410577234]",17,gripper,,normalized_rms_difference,ACT,1.0236655425842502
"[1.3270917866959817, 1.427307772517619]",17,arm,,normalized_rms_difference,ACT,1.376026845375907
"[1.4041944913877809, 1.6096706415966897]",17,dim_0,,normalized_rms_difference,SmolVLA,1.5044161088502483
"[0.9246252509878674, 0.9853973108443685]",17,dim_1,,normalized_rms_difference,SmolVLA,0.9561788004747341
"[1.5255592713155257, 1.6840270855432935]",17,dim_2,,normalized_rms_difference,SmolVLA,1.6017120982593862
"[1.385730918989304, 1.5486672543790683]",17,dim_3,,normalized_rms_difference,SmolVLA,1.4685049869431825
"[1.544878871638679, 1.7290776052264158]",17,dim_4,,normalized_rms_difference,SmolVLA,1.6360650972993669
"[0.8250913267650986, 0.9404650383751151]",17,dim_5,,normalized_rms_difference,SmolVLA,0.8856952089386795
"[0.991441768003962, 1.0574605410577231]",17,dim_6,,normalized_rms_difference,SmolVLA,1.0236655425842498
"[1.323884803043947, 1.4476825006046221]",17,translation,,normalized_rms_difference,SmolVLA,1.383597650180609
"[1.3134890628452747, 1.4219677862274673]",17,rotation,,normalized_rms_difference,SmolVLA,1.3684141554387104
"[0.9914417680039618, 1.0574605410577234]",17,gripper,,normalized_rms_difference,SmolVLA,1.0236655425842502
"[1.3270917866959817, 1.427307772517619]",17,arm,,normalized_rms_difference,SmolVLA,1.376026845375907
"[0.24513364308467825, 0.2788668164236836]",17,gripper,21850,gripper_sign_disagreement,raw_sign,0.2613272311212815
"[-0.13375170376561565, -0.03305097320185954]",18,dim_0,21677,autocorrelation,raw,-0.08394864339230307
"[0.35707243601112226, 0.40880859498723227]",18,dim_1,21677,autocorrelation,raw,0.3839041389210918
"[-0.17116793284095544, -0.0845072615061039]",18,dim_2,21677,autocorrelation,raw,-0.12723811021888215
"[0.035624222867263994, 0.1331961555114939]",18,dim_3,21677,autocorrelation,raw,0.08716499243752876
"[-0.0035665048009443337, 0.1064836291377418]",18,dim_4,21677,autocorrelation,raw,0.054679598891148325
"[0.3859613991498908, 0.48034839524081174]",18,dim_5,21677,autocorrelation,raw,0.43834678772360647
"[0.41685784991635244, 0.48704149140709313]",18,dim_6,21677,autocorrelation,raw,0.45358951881028686
"[1.4283163487552055, 1.6377654916526867]",18,dim_0,,normalized_rms_difference,ACT,1.5320046899921038
"[0.9490351991693892, 1.0114042778613432]",18,dim_1,,normalized_rms_difference,ACT,0.9815213223752076
"[1.5627061235951787, 1.721667076130197]",18,dim_2,,normalized_rms_difference,ACT,1.639741414555956
"[1.4035415220831637, 1.5689540645238904]",18,dim_3,,normalized_rms_difference,ACT,1.4869504356727337
"[1.5678499118367504, 1.7530298763862182]",18,dim_4,,normalized_rms_difference,ACT,1.6587447648713556
"[0.8455892629560703, 0.9667881238085356]",18,dim_5,,normalized_rms_difference,ACT,0.9079896512226305
"[1.0157105129212023, 1.0824521342860265]",18,dim_6,,normalized_rms_difference,ACT,1.0485896408034898
"[1.3536843700440102, 1.4779768012932408]",18,translation,,normalized_rms_difference,ACT,1.414116259134416
"[1.3348194481171771, 1.4433908763764018]",18,rotation,,normalized_rms_difference,ACT,1.3888725643320505
"[1.015710512921202, 1.0824521342860267]",18,gripper,,normalized_rms_difference,ACT,1.0485896408034905
"[1.3538981898751339, 1.4520798543807467]",18,arm,,normalized_rms_difference,ACT,1.4015512467089102
"[1.4283163487552055, 1.6377654916526867]",18,dim_0,,normalized_rms_difference,SmolVLA,1.5320046899921038
"[0.9490351991693892, 1.0114042778613432]",18,dim_1,,normalized_rms_difference,SmolVLA,0.9815213223752076
"[1.5627061235951787, 1.721667076130197]",18,dim_2,,normalized_rms_difference,SmolVLA,1.639741414555956
"[1.4035415220831637, 1.5689540645238904]",18,dim_3,,normalized_rms_difference,SmolVLA,1.4869504356727337
"[1.5678499118367504, 1.7530298763862182]",18,dim_4,,normalized_rms_difference,SmolVLA,1.6587447648713556
"[0.8455892629560703, 0.9667881238085356]",18,dim_5,,normalized_rms_difference,SmolVLA,0.9079896512226305
"[1.0157105129212023, 1.0824521342860265]",18,dim_6,,normalized_rms_difference,SmolVLA,1.0485896408034898
"[1.3536843700440102, 1.4779768012932408]",18,translation,,normalized_rms_difference,SmolVLA,1.414116259134416
"[1.3348194481171771, 1.4433908763764018]",18,rotation,,normalized_rms_difference,SmolVLA,1.3888725643320505
"[1.015710512921202, 1.0824521342860267]",18,gripper,,normalized_rms_difference,SmolVLA,1.0485896408034905
"[1.3538981898751339, 1.4520798543807467]",18,arm,,normalized_rms_difference,SmolVLA,1.4015512467089102
"[0.2572814012742363, 0.29220382689136404]",18,gripper,21677,gripper_sign_disagreement,raw_sign,0.27420768556534575
"[-0.17209720197581632, -0.07233330052907537]",19,dim_0,21504,autocorrelation,raw,-0.12279996081222566
"[0.32503332376636507, 0.37868936075906773]",19,dim_1,21504,autocorrelation,raw,0.35257856923565956
"[-0.21366950850245786, -0.13059254801881867]",19,dim_2,21504,autocorrelation,raw,-0.17130139846168815
"[0.017992414174002633, 0.11177380133982734]",19,dim_3,21504,autocorrelation,raw,0.06761378877484923
"[-0.026252688712507972, 0.0816202991430129]",19,dim_4,21504,autocorrelation,raw,0.030614080471596784
"[0.3572039608899692, 0.45232935421824727]",19,dim_5,21504,autocorrelation,raw,0.41023820012542217
"[0.39145036038940506, 0.4632738425608688]",19,dim_6,21504,autocorrelation,raw,0.4294163279287243
"[1.4538423691516473, 1.6632431391929836]",19,dim_0,,normalized_rms_difference,ACT,1.5558174574301864
"[0.9722889448286446, 1.0367610840677166]",19,dim_1,,normalized_rms_difference,ACT,1.0056595717240262
"[1.5957800273583216, 1.754685804669838]",19,dim_2,,normalized_rms_difference,ACT,1.6727022037000678
"[1.417283015856026, 1.584937545712369]",19,dim_3,,normalized_rms_difference,ACT,1.5023204279824867
"[1.5867377362680564, 1.7706132684117706]",19,dim_4,,normalized_rms_difference,ACT,1.676721878293732
"[0.8644911275215797, 0.9888544178035956]",19,dim_5,,normalized_rms_difference,ACT,0.9286992856448514
"[1.0395596731513317, 1.1063273717337665]",19,dim_6,,normalized_rms_difference,ACT,1.0721052943764386
"[1.3814602864817822, 1.5046929695006996]",19,translation,,normalized_rms_difference,ACT,1.4410472808930483
"[1.3520869866579874, 1.4600886322321978]",19,rotation,,normalized_rms_difference,ACT,1.4060399814893367
"[1.0395596731513317, 1.1063273717337665]",19,gripper,,normalized_rms_difference,ACT,1.072105294376439
"[1.3771927397798853, 1.4731103969713917]",19,arm,,normalized_rms_difference,ACT,1.4236512380698763
"[1.4538423691516473, 1.6632431391929836]",19,dim_0,,normalized_rms_difference,SmolVLA,1.5558174574301864
"[0.9722889448286446, 1.0367610840677166]",19,dim_1,,normalized_rms_difference,SmolVLA,1.0056595717240262
"[1.5957800273583216, 1.754685804669838]",19,dim_2,,normalized_rms_difference,SmolVLA,1.6727022037000678
"[1.417283015856026, 1.584937545712369]",19,dim_3,,normalized_rms_difference,SmolVLA,1.5023204279824867
"[1.5867377362680564, 1.7706132684117706]",19,dim_4,,normalized_rms_difference,SmolVLA,1.676721878293732
"[0.8644911275215797, 0.9888544178035956]",19,dim_5,,normalized_rms_difference,SmolVLA,0.9286992856448514
"[1.0395596731513317, 1.1063273717337665]",19,dim_6,,normalized_rms_difference,SmolVLA,1.0721052943764386
"[1.3814602864817822, 1.5046929695006996]",19,translation,,normalized_rms_difference,SmolVLA,1.4410472808930483
"[1.3520869866579874, 1.4600886322321978]",19,rotation,,normalized_rms_difference,SmolVLA,1.4060399814893367
"[1.0395596731513317, 1.1063273717337665]",19,gripper,,normalized_rms_difference,SmolVLA,1.072105294376439
"[1.3771927397798853, 1.4731103969713917]",19,arm,,normalized_rms_difference,SmolVLA,1.4236512380698763
"[0.2695053215896192, 0.30523604111950275]",19,gripper,21504,gripper_sign_disagreement,raw_sign,0.28664434523809523
"[-0.20581553787231002, -0.10716701519303083]",20,dim_0,21331,autocorrelation,raw,-0.15691816195655295
"[0.29373184987970896, 0.34965978029715683]",20,dim_1,21331,autocorrelation,raw,0.32175961057383223
"[-0.2497721631614234, -0.1711316947137787]",20,dim_2,21331,autocorrelation,raw,-0.2098834789737164
"[0.002520866096376984, 0.09447495315081503]",20,dim_3,21331,autocorrelation,raw,0.05113943566604545
"[-0.044771718439991975, 0.06290994063342642]",20,dim_4,21331,autocorrelation,raw,0.01206743067782162
"[0.3293355119685517, 0.42649323441952314]",20,dim_5,21331,autocorrelation,raw,0.382930450172444
"[0.3662851753531029, 0.4402114092049527]",20,dim_6,21331,autocorrelation,raw,0.40531588616261477
"[1.4721919544091453, 1.685797734084403]",20,dim_0,,normalized_rms_difference,ACT,1.5760238871990406
"[0.9943633441224152, 1.06029021804604]",20,dim_1,,normalized_rms_difference,ACT,1.028886296228774
"[1.624366722189355, 1.7824148146639187]",20,dim_2,,normalized_rms_difference,ACT,1.7007866927681603
"[1.4266748970424707, 1.5984744661157355]",20,dim_3,,normalized_rms_difference,ACT,1.5151125179717313
"[1.5988672373879786, 1.7851114184480084]",20,dim_4,,normalized_rms_difference,ACT,1.6902226623509777
"[0.8820522262927397, 1.0091208053867846]",20,dim_5,,normalized_rms_difference,ACT,0.9480010457244619
"[1.0620627804660727, 1.1295364526503646]",20,dim_6,,normalized_rms_difference,ACT,1.0951421207176686
"[1.4053172000731222, 1.5287212954909468]",20,translation,,normalized_rms_difference,ACT,1.464597063801349
"[1.3652563607103756, 1.4741332862766567]",20,rotation,,normalized_rms_difference,ACT,1.4202258709015432
"[1.0620627804660727, 1.1295364526503646]",20,gripper,,normalized_rms_difference,ACT,1.0951421207176684
"[1.3961075603792383, 1.491421585259786]",20,arm,,normalized_rms_difference,ACT,1.4425820745582518
"[1.4721919544091453, 1.685797734084403]",20,dim_0,,normalized_rms_difference,SmolVLA,1.5760238871990406
"[0.9943633441224152, 1.06029021804604]",20,dim_1,,normalized_rms_difference,SmolVLA,1.028886296228774
"[1.624366722189355, 1.7824148146639187]",20,dim_2,,normalized_rms_difference,SmolVLA,1.7007866927681603
"[1.4266748970424707, 1.5984744661157355]",20,dim_3,,normalized_rms_difference,SmolVLA,1.5151125179717313
"[1.5988672373879786, 1.7851114184480084]",20,dim_4,,normalized_rms_difference,SmolVLA,1.6902226623509777
"[0.8820522262927397, 1.0091208053867846]",20,dim_5,,normalized_rms_difference,SmolVLA,0.9480010457244619
"[1.0620627804660727, 1.1295364526503646]",20,dim_6,,normalized_rms_difference,SmolVLA,1.0951421207176686
"[1.4053172000731222, 1.5287212954909468]",20,translation,,normalized_rms_difference,SmolVLA,1.464597063801349
"[1.3652563607103756, 1.4741332862766567]",20,rotation,,normalized_rms_difference,SmolVLA,1.4202258709015432
"[1.0620627804660727, 1.1295364526503646]",20,gripper,,normalized_rms_difference,SmolVLA,1.0951421207176684
"[1.3961075603792383, 1.491421585259786]",20,arm,,normalized_rms_difference,SmolVLA,1.4425820745582518
"[0.2812994455584203, 0.3181771588804025]",20,gripper,21331,gripper_sign_disagreement,raw_sign,0.29909521353898083
"[-0.23446148544646597, -0.13759433079154124]",21,dim_0,21158,autocorrelation,raw,-0.18615279998573622
"[0.26200301726046354, 0.31992740416246074]",21,dim_1,21158,autocorrelation,raw,0.2913856851070772
"[-0.2802299946493526, -0.20766561189702595]",21,dim_2,21158,autocorrelation,raw,-0.2431892748712892
"[-0.008922497977679038, 0.0810114720637842]",21,dim_3,21158,autocorrelation,raw,0.037714686513085516
"[-0.05550218036444903, 0.048462183377372514]",21,dim_4,21158,autocorrelation,raw,-0.001150906464701365
"[0.3032320321302107, 0.4008482562833649]",21,dim_5,21158,autocorrelation,raw,0.35649853291951206
"[0.34166211447919675, 0.41624009408788787]",21,dim_6,21158,autocorrelation,raw,0.38130390192774644
"[1.4903041956133343, 1.7014496662619247]",21,dim_0,,normalized_rms_difference,ACT,1.5925546180497117
"[1.015685730620007, 1.0840094930807471]",21,dim_1,,normalized_rms_difference,ACT,1.0513628918343565
"[1.6507371882470074, 1.8043170453665218]",21,dim_2,,normalized_rms_difference,ACT,1.724358246832118
"[1.4367955198617826, 1.6111821899269398]",21,dim_3,,normalized_rms_difference,ACT,1.5254376075586145
"[1.6065548090226858, 1.793459422277091]",21,dim_4,,normalized_rms_difference,ACT,1.6990945135221174
"[0.8976109099273146, 1.0275010694414224]",21,dim_5,,normalized_rms_difference,ACT,0.9659067842931651
"[1.085373595859662, 1.1520606513820002]",21,dim_6,,normalized_rms_difference,ACT,1.1177303518288715
"[1.4270798668069058, 1.5474615359426918]",21,translation,,normalized_rms_difference,ACT,1.484924858392471
"[1.3764711017151317, 1.4851332488065594]",21,rotation,,normalized_rms_difference,ACT,1.4314163121862529
"[1.085373595859662, 1.1520606513820002]",21,gripper,,normalized_rms_difference,ACT,1.117730351828871
"[1.4135852284844495, 1.5060276219817166]",21,arm,,normalized_rms_difference,ACT,1.4584160061287026
"[1.4903041956133343, 1.7014496662619247]",21,dim_0,,normalized_rms_difference,SmolVLA,1.5925546180497117
"[1.015685730620007, 1.0840094930807471]",21,dim_1,,normalized_rms_difference,SmolVLA,1.0513628918343565
"[1.6507371882470074, 1.8043170453665218]",21,dim_2,,normalized_rms_difference,SmolVLA,1.724358246832118
"[1.4367955198617826, 1.6111821899269398]",21,dim_3,,normalized_rms_difference,SmolVLA,1.5254376075586145
"[1.6065548090226858, 1.793459422277091]",21,dim_4,,normalized_rms_difference,SmolVLA,1.6990945135221174
"[0.8976109099273146, 1.0275010694414224]",21,dim_5,,normalized_rms_difference,SmolVLA,0.9659067842931651
"[1.085373595859662, 1.1520606513820002]",21,dim_6,,normalized_rms_difference,SmolVLA,1.1177303518288715
"[1.4270798668069058, 1.5474615359426918]",21,translation,,normalized_rms_difference,SmolVLA,1.484924858392471
"[1.3764711017151317, 1.4851332488065594]",21,rotation,,normalized_rms_difference,SmolVLA,1.4314163121862529
"[1.085373595859662, 1.1520606513820002]",21,gripper,,normalized_rms_difference,SmolVLA,1.117730351828871
"[1.4135852284844495, 1.5060276219817166]",21,arm,,normalized_rms_difference,SmolVLA,1.4584160061287026
"[0.29378323019548735, 0.3309932859494455]",21,gripper,21158,gripper_sign_disagreement,raw_sign,0.31156063900179604
"[-0.2576954729628381, -0.16353303346404935]",22,dim_0,20985,autocorrelation,raw,-0.21048542163262163
"[0.2320434761291091, 0.29054516476370523]",22,dim_1,20985,autocorrelation,raw,0.2613396005337479
"[-0.3056226026637991, -0.23813413584671442]",22,dim_2,20985,autocorrelation,raw,-0.2715558226545999
"[-0.019896887074696643, 0.07056696614157726]",22,dim_3,20985,autocorrelation,raw,0.026956858267389878
"[-0.06340384451731701, 0.04025630480000363]",22,dim_4,20985,autocorrelation,raw,-0.009089176046799962
"[0.27839181808937363, 0.37575037229081365]",22,dim_5,20985,autocorrelation,raw,0.3311789536064125
"[0.31692694935494325, 0.39354627412058546]",22,dim_6,20985,autocorrelation,raw,0.3574700154824007
"[1.5010282566743114, 1.7140336828456273]",22,dim_0,,normalized_rms_difference,ACT,1.6053748293853545
"[1.0369710060222792, 1.10653062613836]",22,dim_1,,normalized_rms_difference,ACT,1.0731673412990947
"[1.6693505355083285, 1.822547966295977]",22,dim_2,,normalized_rms_difference,ACT,1.743890830761063
"[1.4427275179487942, 1.620299969685391]",22,dim_3,,normalized_rms_difference,ACT,1.5336848025272158
"[1.6125159586412932, 1.798004884464043]",22,dim_4,,normalized_rms_difference,ACT,1.7037563825358533
"[0.9105587883165653, 1.0470899668009135]",22,dim_5,,normalized_rms_difference,ACT,0.9823335645502494
"[1.106705190675102, 1.1744286457765263]",22,dim_6,,normalized_rms_difference,ACT,1.1398134703422806
"[1.44351072172924, 1.5639402430320548]",22,translation,,normalized_rms_difference,ACT,1.5022285350846294
"[1.3845789916776738, 1.4935858810941898]",22,rotation,,normalized_rms_difference,ACT,1.4399020934976332
"[1.106705190675102, 1.174428645776526]",22,gripper,,normalized_rms_difference,ACT,1.1398134703422804
"[1.4271133233063507, 1.5179894148016322]",22,arm,,normalized_rms_difference,ACT,1.4713953599358296
"[1.5010282566743114, 1.7140336828456273]",22,dim_0,,normalized_rms_difference,SmolVLA,1.6053748293853545
"[1.0369710060222792, 1.10653062613836]",22,dim_1,,normalized_rms_difference,SmolVLA,1.0731673412990947
"[1.6693505355083285, 1.822547966295977]",22,dim_2,,normalized_rms_difference,SmolVLA,1.743890830761063
"[1.4427275179487942, 1.620299969685391]",22,dim_3,,normalized_rms_difference,SmolVLA,1.5336848025272158
"[1.6125159586412932, 1.798004884464043]",22,dim_4,,normalized_rms_difference,SmolVLA,1.7037563825358533
"[0.9105587883165653, 1.0470899668009135]",22,dim_5,,normalized_rms_difference,SmolVLA,0.9823335645502494
"[1.106705190675102, 1.1744286457765263]",22,dim_6,,normalized_rms_difference,SmolVLA,1.1398134703422806
"[1.44351072172924, 1.5639402430320548]",22,translation,,normalized_rms_difference,SmolVLA,1.5022285350846294
"[1.3845789916776738, 1.4935858810941898]",22,rotation,,normalized_rms_difference,SmolVLA,1.4399020934976332
"[1.106705190675102, 1.174428645776526]",22,gripper,,normalized_rms_difference,SmolVLA,1.1398134703422804
"[1.4271133233063507, 1.5179894148016322]",22,arm,,normalized_rms_difference,SmolVLA,1.4713953599358296
"[0.3054445574287033, 0.3439709522098355]",22,gripper,20985,gripper_sign_disagreement,raw_sign,0.32399332856802476
"[-0.2760238795177567, -0.1838461070148092]",23,dim_0,20812,autocorrelation,raw,-0.22986930697677144
"[0.20088685983030377, 0.2620654292526426]",23,dim_1,20812,autocorrelation,raw,0.23165099139785417
"[-0.3265644260713169, -0.2652330587051304]",23,dim_2,20812,autocorrelation,raw,-0.29535616210617033
"[-0.02959188792547263, 0.06235179040521223]",23,dim_3,20812,autocorrelation,raw,0.018104763766952667
"[-0.06522656568687805, 0.03662607710497544]",23,dim_4,20812,autocorrelation,raw,-0.012354103872261614
"[0.25290293534216496, 0.35219177548486696]",23,dim_5,20812,autocorrelation,raw,0.3070639685518235
"[0.2926199375953554, 0.37015494644588454]",23,dim_6,20812,autocorrelation,raw,0.3339033171574008
"[1.5115375096208796, 1.7270196284444272]",23,dim_0,,normalized_rms_difference,ACT,1.6146176326040627
"[1.0564615515454492, 1.1281169767962456]",23,dim_1,,normalized_rms_difference,ACT,1.0943380650705354
"[1.687640119051939, 1.8374545983317563]",23,dim_2,,normalized_rms_difference,ACT,1.7597956485309012
"[1.449562991170988, 1.6302920388912545]",23,dim_3,,normalized_rms_difference,ACT,1.5407918702704924
"[1.6132920626817204, 1.7983943524570007]",23,dim_4,,normalized_rms_difference,ACT,1.7048459297601875
"[0.9235535143365082, 1.0644798643091167]",23,dim_5,,normalized_rms_difference,ACT,0.9972748043863303
"[1.1287650094740405, 1.196015679733535]",23,dim_6,,normalized_rms_difference,ACT,1.1613359302216997
"[1.4595928741132018, 1.5786677985459654]",23,translation,,normalized_rms_difference,ACT,1.51673405983235
"[1.3911855773796038, 1.5007491679884923]",23,rotation,,normalized_rms_difference,ACT,1.446270637095666
"[1.1287650094740405, 1.1960156797335348]",23,gripper,,normalized_rms_difference,ACT,1.1613359302217
"[1.4390716330819169, 1.527747133123711]",23,arm,,normalized_rms_difference,ACT,1.4819212131521409
"[1.5115375096208796, 1.7270196284444272]",23,dim_0,,normalized_rms_difference,SmolVLA,1.6146176326040627
"[1.0564615515454492, 1.1281169767962456]",23,dim_1,,normalized_rms_difference,SmolVLA,1.0943380650705354
"[1.687640119051939, 1.8374545983317563]",23,dim_2,,normalized_rms_difference,SmolVLA,1.7597956485309012
"[1.449562991170988, 1.6302920388912545]",23,dim_3,,normalized_rms_difference,SmolVLA,1.5407918702704924
"[1.6132920626817204, 1.7983943524570007]",23,dim_4,,normalized_rms_difference,SmolVLA,1.7048459297601875
"[0.9235535143365082, 1.0644798643091167]",23,dim_5,,normalized_rms_difference,SmolVLA,0.9972748043863303
"[1.1287650094740405, 1.196015679733535]",23,dim_6,,normalized_rms_difference,SmolVLA,1.1613359302216997
"[1.4595928741132018, 1.5786677985459654]",23,translation,,normalized_rms_difference,SmolVLA,1.51673405983235
"[1.3911855773796038, 1.5007491679884923]",23,rotation,,normalized_rms_difference,SmolVLA,1.446270637095666
"[1.1287650094740405, 1.1960156797335348]",23,gripper,,normalized_rms_difference,SmolVLA,1.1613359302217
"[1.4390716330819169, 1.527747133123711]",23,arm,,normalized_rms_difference,SmolVLA,1.4819212131521409
"[0.31774269432160474, 0.3567321438735203]",23,gripper,20812,gripper_sign_disagreement,raw_sign,0.33634441668268306
"[-0.2891153220684824, -0.1999255780195409]",24,dim_0,20639,autocorrelation,raw,-0.2443120122039438
"[0.17131934443092448, 0.23329745879657737]",24,dim_1,20639,autocorrelation,raw,0.20243334878743607
"[-0.3423504931736522, -0.28804864243140715]",24,dim_2,20639,autocorrelation,raw,-0.31502663149707427
"[-0.037270765785809255, 0.055278265603749994]",24,dim_3,20639,autocorrelation,raw,0.010331465374911393
"[-0.06343319784516552, 0.03617409993568957]",24,dim_4,20639,autocorrelation,raw,-0.011539231819717964
"[0.23110096982414552, 0.32911239082852395]",24,dim_5,20639,autocorrelation,raw,0.28414324383320283
"[0.2684006762966602, 0.34795981926390107]",24,dim_6,20639,autocorrelation,raw,0.31041170179476524
"[1.5175332921024176, 1.7309731879307988]",24,dim_0,,normalized_rms_difference,ACT,1.620577323725462
"[1.076675375908864, 1.1493665040390908]",24,dim_1,,normalized_rms_difference,ACT,1.114758768807981
"[1.7011123785527955, 1.8492054481886233]",24,dim_2,,normalized_rms_difference,ACT,1.7725559368075818
"[1.4559514261497677, 1.6374524205858736]",24,dim_3,,normalized_rms_difference,ACT,1.5474039731021634
"[1.612058417176763, 1.7960821122497637]",24,dim_4,,normalized_rms_difference,ACT,1.7028293839650797
"[0.9343977856523256, 1.0798652751483684]",24,dim_5,,normalized_rms_difference,ACT,1.010930331556971
"[1.149193750973898, 1.2174156057966419]",24,dim_6,,normalized_rms_difference,ACT,1.1824891844289656
"[1.4731651295952277, 1.5892685618526943]",24,translation,,normalized_rms_difference,ACT,1.5287154219495604
"[1.3954413562202281, 1.5042144747493096]",24,rotation,,normalized_rms_difference,ACT,1.4509843902364057
"[1.1491937509738979, 1.2174156057966417]",24,gripper,,normalized_rms_difference,ACT,1.1824891844289656
"[1.448443102560021, 1.534674118356088]",24,arm,,normalized_rms_difference,ACT,1.49035675964115
"[1.5175332921024176, 1.7309731879307988]",24,dim_0,,normalized_rms_difference,SmolVLA,1.620577323725462
"[1.076675375908864, 1.1493665040390908]",24,dim_1,,normalized_rms_difference,SmolVLA,1.114758768807981
"[1.7011123785527955, 1.8492054481886233]",24,dim_2,,normalized_rms_difference,SmolVLA,1.7725559368075818
"[1.4559514261497677, 1.6374524205858736]",24,dim_3,,normalized_rms_difference,SmolVLA,1.5474039731021634
"[1.612058417176763, 1.7960821122497637]",24,dim_4,,normalized_rms_difference,SmolVLA,1.7028293839650797
"[0.9343977856523256, 1.0798652751483684]",24,dim_5,,normalized_rms_difference,SmolVLA,1.010930331556971
"[1.149193750973898, 1.2174156057966419]",24,dim_6,,normalized_rms_difference,SmolVLA,1.1824891844289656
"[1.4731651295952277, 1.5892685618526943]",24,translation,,normalized_rms_difference,SmolVLA,1.5287154219495604
"[1.3954413562202281, 1.5042144747493096]",24,rotation,,normalized_rms_difference,SmolVLA,1.4509843902364057
"[1.1491937509738979, 1.2174156057966417]",24,gripper,,normalized_rms_difference,SmolVLA,1.1824891844289656
"[1.448443102560021, 1.534674118356088]",24,arm,,normalized_rms_difference,SmolVLA,1.49035675964115
"[0.32934798353427186, 0.36961213931845044]",24,gripper,20639,gripper_sign_disagreement,raw_sign,0.3487087552691506
"[-0.2967720435362601, -0.21045934625365995]",25,dim_0,20466,autocorrelation,raw,-0.25398647682009007
"[0.14240734106643388, 0.20494031689837852]",25,dim_1,20466,autocorrelation,raw,0.17387040364550496
"[-0.35650320222851734, -0.3061676850004748]",25,dim_2,20466,autocorrelation,raw,-0.33093011658184884
"[-0.044493344936570776, 0.04884307726193832]",25,dim_3,20466,autocorrelation,raw,0.003394463040014544
"[-0.058680164821010496, 0.039399538814539156]",25,dim_4,20466,autocorrelation,raw,-0.007450713408577479
"[0.2095539012621464, 0.30815890068800683]",25,dim_5,20466,autocorrelation,raw,0.26248386367945736
"[0.24423393361987472, 0.32463957887054756]",25,dim_6,20466,autocorrelation,raw,0.2868850946227874
"[1.5223698672544166, 1.732502521317253]",25,dim_0,,normalized_rms_difference,ACT,1.6234426811815499
"[1.096447458305781, 1.1690068693144797]",25,dim_1,,normalized_rms_difference,ACT,1.1342771872042527
"[1.7140896573882143, 1.8556601144808842]",25,dim_2,,normalized_rms_difference,ACT,1.7824398458120865
"[1.45924198700931, 1.6457879436220078]",25,dim_3,,normalized_rms_difference,ACT,1.553783382183503
"[1.6073841603330803, 1.7915165448256063]",25,dim_4,,normalized_rms_difference,ACT,1.6981417313098637
"[0.9472802999937917, 1.0943788878256353]",25,dim_5,,normalized_rms_difference,ACT,1.0232384322006827
"[1.1703504161108091, 1.2381064473101784]",25,dim_6,,normalized_rms_difference,ACT,1.2033746751919532
"[1.4847889521383526, 1.597063052348488]",25,translation,,normalized_rms_difference,ACT,1.538315386002119
"[1.3980272306573154, 1.508997837013131]",25,rotation,,normalized_rms_difference,ACT,1.4542976572327713
"[1.170350416110809, 1.2381064473101786]",25,gripper,,normalized_rms_difference,ACT,1.2033746751919532
"[1.4557768801397466, 1.5395904218321819]",25,arm,,normalized_rms_difference,ACT,1.4968961057206969
"[1.5223698672544166, 1.732502521317253]",25,dim_0,,normalized_rms_difference,SmolVLA,1.6234426811815499
"[1.096447458305781, 1.1690068693144797]",25,dim_1,,normalized_rms_difference,SmolVLA,1.1342771872042527
"[1.7140896573882143, 1.8556601144808842]",25,dim_2,,normalized_rms_difference,SmolVLA,1.7824398458120865
"[1.45924198700931, 1.6457879436220078]",25,dim_3,,normalized_rms_difference,SmolVLA,1.553783382183503
"[1.6073841603330803, 1.7915165448256063]",25,dim_4,,normalized_rms_difference,SmolVLA,1.6981417313098637
"[0.9472802999937917, 1.0943788878256353]",25,dim_5,,normalized_rms_difference,SmolVLA,1.0232384322006827
"[1.1703504161108091, 1.2381064473101784]",25,dim_6,,normalized_rms_difference,SmolVLA,1.2033746751919532
"[1.4847889521383526, 1.597063052348488]",25,translation,,normalized_rms_difference,SmolVLA,1.538315386002119
"[1.3980272306573154, 1.508997837013131]",25,rotation,,normalized_rms_difference,SmolVLA,1.4542976572327713
"[1.170350416110809, 1.2381064473101786]",25,gripper,,normalized_rms_difference,SmolVLA,1.2033746751919532
"[1.4557768801397466, 1.5395904218321819]",25,arm,,normalized_rms_difference,SmolVLA,1.4968961057206969
"[0.34158620634676373, 0.38228254409206713]",25,gripper,20466,gripper_sign_disagreement,raw_sign,0.36113554187432817
"[-0.3009662570530953, -0.21700242537465503]",26,dim_0,20293,autocorrelation,raw,-0.25933354295717914
"[0.11386055690371077, 0.17760320932099793]",26,dim_1,20293,autocorrelation,raw,0.14591704351482046
"[-0.3671364616452741, -0.31994653057210437]",26,dim_2,20293,autocorrelation,raw,-0.34337885966845394
"[-0.05128436659219836, 0.04410065430365004]",26,dim_3,20293,autocorrelation,raw,-0.0026737898924282457
"[-0.051243529102054035, 0.04544995146756021]",26,dim_4,20293,autocorrelation,raw,-0.0010371765300434526
"[0.19020711647399982, 0.2872313408299927]",26,dim_5,20293,autocorrelation,raw,0.24203609549682792
"[0.2196522568533035, 0.30199723662462613]",26,dim_6,20293,autocorrelation,raw,0.26302693923909337
"[1.5209142047011444, 1.7329136691735991]",26,dim_0,,normalized_rms_difference,ACT,1.6234414563239608
"[1.1135519298471943, 1.188708615452549]",26,dim_1,,normalized_rms_difference,ACT,1.1529477512660267
"[1.7220316721832347, 1.8615786506979715]",26,dim_2,,normalized_rms_difference,ACT,1.789545861713291
"[1.463301357977124, 1.6518998640089073]",26,dim_3,,normalized_rms_difference,ACT,1.559917003642847
"[1.600979435266114, 1.7857137805317724]",26,dim_4,,normalized_rms_difference,ACT,1.6916611646963386
"[0.9559162237738633, 1.106093023720407]",26,dim_5,,normalized_rms_difference,ACT,1.034212385344087
"[1.1905725507057041, 1.2593636589342205]",26,dim_6,,normalized_rms_difference,ACT,1.2242508556716782
"[1.4921678614880112, 1.603683975331781]",26,translation,,normalized_rms_difference,ACT,1.5456740784563667
"[1.3998375948530646, 1.5117448478977695]",26,rotation,,normalized_rms_difference,ACT,1.4565545890210634
"[1.1905725507057041, 1.2593636589342208]",26,gripper,,normalized_rms_difference,ACT,1.2242508556716782
"[1.461939226414934, 1.5442804625219977]",26,arm,,normalized_rms_difference,ACT,1.5017755537380173
"[1.5209142047011444, 1.7329136691735991]",26,dim_0,,normalized_rms_difference,SmolVLA,1.6234414563239608
"[1.1135519298471943, 1.188708615452549]",26,dim_1,,normalized_rms_difference,SmolVLA,1.1529477512660267
"[1.7220316721832347, 1.8615786506979715]",26,dim_2,,normalized_rms_difference,SmolVLA,1.789545861713291
"[1.463301357977124, 1.6518998640089073]",26,dim_3,,normalized_rms_difference,SmolVLA,1.559917003642847
"[1.600979435266114, 1.7857137805317724]",26,dim_4,,normalized_rms_difference,SmolVLA,1.6916611646963386
"[0.9559162237738633, 1.106093023720407]",26,dim_5,,normalized_rms_difference,SmolVLA,1.034212385344087
"[1.1905725507057041, 1.2593636589342205]",26,dim_6,,normalized_rms_difference,SmolVLA,1.2242508556716782
"[1.4921678614880112, 1.603683975331781]",26,translation,,normalized_rms_difference,SmolVLA,1.5456740784563667
"[1.3998375948530646, 1.5117448478977695]",26,rotation,,normalized_rms_difference,SmolVLA,1.4565545890210634
"[1.1905725507057041, 1.2593636589342208]",26,gripper,,normalized_rms_difference,SmolVLA,1.2242508556716782
"[1.461939226414934, 1.5442804625219977]",26,arm,,normalized_rms_difference,SmolVLA,1.5017755537380173
"[0.35349251977340435, 0.3955221510367949]",26,gripper,20293,gripper_sign_disagreement,raw_sign,0.3737742078549253
"[-0.30202804944272055, -0.2211335412451896]",27,dim_0,20120,autocorrelation,raw,-0.2606872948763499
"[0.08535668752133524, 0.15094904394144518]",27,dim_1,20120,autocorrelation,raw,0.1187524425264171
"[-0.37573978486938153, -0.3303891734351403]",27,dim_2,20120,autocorrelation,raw,-0.3526303780449065
"[-0.05651929113305859, 0.03910336722557699]",27,dim_3,20120,autocorrelation,raw,-0.008014742679367368
"[-0.04207440670266364, 0.05253057686652223]",27,dim_4,20120,autocorrelation,raw,0.007221809940193944
"[0.17080944788035352, 0.2682349033066819]",27,dim_5,20120,autocorrelation,raw,0.22265774975629055
"[0.194632382877898, 0.27867472611104116]",27,dim_6,20120,autocorrelation,raw,0.2392242370776569
"[1.5198255324331837, 1.7267180457248406]",27,dim_0,,normalized_rms_difference,ACT,1.6205624897707271
"[1.131783928804213, 1.2064215018471964]",27,dim_1,,normalized_rms_difference,ACT,1.1706963347479988
"[1.7281365391273105, 1.8642016898098226]",27,dim_2,,normalized_rms_difference,ACT,1.7940338092451402
"[1.467340397516441, 1.6584891227062553]",27,dim_3,,normalized_rms_difference,ACT,1.565495349344205
"[1.593719919116876, 1.776346579732329]",27,dim_4,,normalized_rms_difference,ACT,1.6836022502880814
"[0.9634632320235571, 1.118744306931127]",27,dim_5,,normalized_rms_difference,ACT,1.0440020810314457
"[1.211285300510915, 1.280444154693435]",27,dim_6,,normalized_rms_difference,ACT,1.2448068285029645
"[1.4992367133063509, 1.606629853541729]",27,translation,,normalized_rms_difference,ACT,1.5508395575901166
"[1.4004191752764572, 1.5121775091824219]",27,rotation,,normalized_rms_difference,ACT,1.4577645638889947
"[1.211285300510915, 1.280444154693435]",27,gripper,,normalized_rms_difference,ACT,1.244806828502964
"[1.4661826196184704, 1.5455000272205586]",27,arm,,normalized_rms_difference,ACT,1.5050217369056136
"[1.5198255324331837, 1.7267180457248406]",27,dim_0,,normalized_rms_difference,SmolVLA,1.6205624897707271
"[1.131783928804213, 1.2064215018471964]",27,dim_1,,normalized_rms_difference,SmolVLA,1.1706963347479988
"[1.7281365391273105, 1.8642016898098226]",27,dim_2,,normalized_rms_difference,SmolVLA,1.7940338092451402
"[1.467340397516441, 1.6584891227062553]",27,dim_3,,normalized_rms_difference,SmolVLA,1.565495349344205
"[1.593719919116876, 1.776346579732329]",27,dim_4,,normalized_rms_difference,SmolVLA,1.6836022502880814
"[0.9634632320235571, 1.118744306931127]",27,dim_5,,normalized_rms_difference,SmolVLA,1.0440020810314457
"[1.211285300510915, 1.280444154693435]",27,dim_6,,normalized_rms_difference,SmolVLA,1.2448068285029645
"[1.4992367133063509, 1.606629853541729]",27,translation,,normalized_rms_difference,SmolVLA,1.5508395575901166
"[1.4004191752764572, 1.5121775091824219]",27,rotation,,normalized_rms_difference,SmolVLA,1.4577645638889947
"[1.211285300510915, 1.280444154693435]",27,gripper,,normalized_rms_difference,SmolVLA,1.244806828502964
"[1.4661826196184704, 1.5455000272205586]",27,arm,,normalized_rms_difference,SmolVLA,1.5050217369056136
"[0.36589914197576456, 0.40887426936249827]",27,gripper,20120,gripper_sign_disagreement,raw_sign,0.3864314115308151
"[-0.29786100653390235, -0.22009436918332617]",28,dim_0,19947,autocorrelation,raw,-0.2585768899703406
"[0.05898403144360774, 0.12583556430776047]",28,dim_1,19947,autocorrelation,raw,0.09248472652356966
"[-0.38248423657567165, -0.3349989257273776]",28,dim_2,19947,autocorrelation,raw,-0.35888744944929835
"[-0.06175719686417906, 0.03488861430190239]",28,dim_3,19947,autocorrelation,raw,-0.012795859632704824
"[-0.031772264596418125, 0.06200055000715286]",28,dim_4,19947,autocorrelation,raw,0.01696950121203657
"[0.1539130115991529, 0.2502001969653709]",28,dim_5,19947,autocorrelation,raw,0.20447900797261717
"[0.17021728035665953, 0.2551940900056519]",28,dim_6,19947,autocorrelation,raw,0.21545176308969557
"[1.5176005086969842, 1.7209676640277147]",28,dim_0,,normalized_rms_difference,ACT,1.6150496266247318
"[1.1481636766629126, 1.22297385458687]",28,dim_1,,normalized_rms_difference,ACT,1.1875246200159857
"[1.7321985510588163, 1.8649432242042527]",28,dim_2,,normalized_rms_difference,ACT,1.7960278069960394
"[1.4725931442377245, 1.664911564898132]",28,dim_3,,normalized_rms_difference,ACT,1.5705490656326127
"[1.5847815112997845, 1.7647222427975793]",28,dim_4,,normalized_rms_difference,ACT,1.674182163569906
"[0.9695197307896718, 1.1281871809238502]",28,dim_5,,normalized_rms_difference,ACT,1.0524688130755329
"[1.2315318094912433, 1.3009085597926167]",28,dim_6,,normalized_rms_difference,ACT,1.2650589674039459
"[1.5046175228625465, 1.6089990989016305]",28,translation,,normalized_rms_difference,ACT,1.5539536568709509
"[1.3996263690467663, 1.5132784213723005]",28,rotation,,normalized_rms_difference,ACT,1.457989584653208
"[1.2315318094912433, 1.3009085597926167]",28,gripper,,normalized_rms_difference,ACT,1.2650589674039452
"[1.4686486523533042, 1.5460904084563103]",28,arm,,normalized_rms_difference,ACT,1.5067358090687024
"[1.5176005086969842, 1.7209676640277147]",28,dim_0,,normalized_rms_difference,SmolVLA,1.6150496266247318
"[1.1481636766629126, 1.22297385458687]",28,dim_1,,normalized_rms_difference,SmolVLA,1.1875246200159857
"[1.7321985510588163, 1.8649432242042527]",28,dim_2,,normalized_rms_difference,SmolVLA,1.7960278069960394
"[1.4725931442377245, 1.664911564898132]",28,dim_3,,normalized_rms_difference,SmolVLA,1.5705490656326127
"[1.5847815112997845, 1.7647222427975793]",28,dim_4,,normalized_rms_difference,SmolVLA,1.674182163569906
"[0.9695197307896718, 1.1281871809238502]",28,dim_5,,normalized_rms_difference,SmolVLA,1.0524688130755329
"[1.2315318094912433, 1.3009085597926167]",28,dim_6,,normalized_rms_difference,SmolVLA,1.2650589674039459
"[1.5046175228625465, 1.6089990989016305]",28,translation,,normalized_rms_difference,SmolVLA,1.5539536568709509
"[1.3996263690467663, 1.5132784213723005]",28,rotation,,normalized_rms_difference,SmolVLA,1.457989584653208
"[1.2315318094912433, 1.3009085597926167]",28,gripper,,normalized_rms_difference,SmolVLA,1.2650589674039452
"[1.4686486523533042, 1.5460904084563103]",28,arm,,normalized_rms_difference,SmolVLA,1.5067358090687024
"[0.3782333026350358, 0.42204818784618975]",28,gripper,19947,gripper_sign_disagreement,raw_sign,0.39910763523336845
"[-0.2908988029133602, -0.21580741637106016]",29,dim_0,19774,autocorrelation,raw,-0.25297662720107345
"[0.0336818108272763, 0.10072251516850933]",29,dim_1,19774,autocorrelation,raw,0.06727871335118842
"[-0.38801191397587226, -0.3356794742927584]",29,dim_2,19774,autocorrelation,raw,-0.3623841094955789
"[-0.06687486310061302, 0.030528895492444287]",29,dim_3,19774,autocorrelation,raw,-0.016938489177351964
"[-0.02049875760460425, 0.07255342655248473]",29,dim_4,19774,autocorrelation,raw,0.027908820031773363
"[0.13761150852561407, 0.2330589947030364]",29,dim_5,19774,autocorrelation,raw,0.18761529804218044
"[0.14608809220083063, 0.23228514504558087]",29,dim_6,19774,autocorrelation,raw,0.19188502225408685
"[1.51039998472212, 1.7091599676256386]",29,dim_0,,normalized_rms_difference,ACT,1.607086753302292
"[1.1637559929489005, 1.2392687690834543]",29,dim_1,,normalized_rms_difference,ACT,1.203379132804102
"[1.733117082616181, 1.861495498014943]",29,dim_2,,normalized_rms_difference,ACT,1.795738055584215
"[1.4761236700057625, 1.6700491850095993]",29,dim_3,,normalized_rms_difference,ACT,1.5753418431909425
"[1.5772236092749792, 1.7539488544102937]",29,dim_4,,normalized_rms_difference,ACT,1.6637457943879561
"[0.9763860801764332, 1.1353237237021419]",29,dim_5,,normalized_rms_difference,ACT,1.059552585927834
"[1.2511377809326958, 1.320413272012012]",29,dim_6,,normalized_rms_difference,ACT,1.2848646000584227
"[1.507153684295985, 1.6069112794243994]",29,translation,,normalized_rms_difference,ACT,1.555155333525822
"[1.3990459901558434, 1.5129867490214188]",29,rotation,,normalized_rms_difference,ACT,1.4574410992784814
"[1.2511377809326956, 1.320413272012012]",29,gripper,,normalized_rms_difference,ACT,1.2848646000584218
"[1.4702151636983984, 1.545194680208375]",29,arm,,normalized_rms_difference,ACT,1.5070903538374665
"[1.51039998472212, 1.7091599676256386]",29,dim_0,,normalized_rms_difference,SmolVLA,1.607086753302292
"[1.1637559929489005, 1.2392687690834543]",29,dim_1,,normalized_rms_difference,SmolVLA,1.203379132804102
"[1.733117082616181, 1.861495498014943]",29,dim_2,,normalized_rms_difference,SmolVLA,1.795738055584215
"[1.4761236700057625, 1.6700491850095993]",29,dim_3,,normalized_rms_difference,SmolVLA,1.5753418431909425
"[1.5772236092749792, 1.7539488544102937]",29,dim_4,,normalized_rms_difference,SmolVLA,1.6637457943879561
"[0.9763860801764332, 1.1353237237021419]",29,dim_5,,normalized_rms_difference,SmolVLA,1.059552585927834
"[1.2511377809326958, 1.320413272012012]",29,dim_6,,normalized_rms_difference,SmolVLA,1.2848646000584227
"[1.507153684295985, 1.6069112794243994]",29,translation,,normalized_rms_difference,SmolVLA,1.555155333525822
"[1.3990459901558434, 1.5129867490214188]",29,rotation,,normalized_rms_difference,SmolVLA,1.4574410992784814
"[1.2511377809326956, 1.320413272012012]",29,gripper,,normalized_rms_difference,SmolVLA,1.2848646000584218
"[1.4702151636983984, 1.545194680208375]",29,arm,,normalized_rms_difference,SmolVLA,1.5070903538374665
"[0.3903721035179504, 0.43479872229064037]",29,gripper,19774,gripper_sign_disagreement,raw_sign,0.41170223525842015
"[-0.28056095969296635, -0.20782483197969961]",30,dim_0,19601,autocorrelation,raw,-0.2439369093545372
"[0.00847835182987993, 0.07785916867695797]",30,dim_1,19601,autocorrelation,raw,0.04330827693133857
"[-0.3918763986795864, -0.3330732910228356]",30,dim_2,19601,autocorrelation,raw,-0.3631700770016344
"[-0.07070317427471424, 0.02829642656073498]",30,dim_3,19601,autocorrelation,raw,-0.0205104496403096
"[-0.008392602908027014, 0.08425702995785146]",30,dim_4,19601,autocorrelation,raw,0.03983312734207389
"[0.12286693949870582, 0.2175562973513964]",30,dim_5,19601,autocorrelation,raw,0.17195345969707146
"[0.12220475311031505, 0.21010227363316675]",30,dim_6,19601,autocorrelation,raw,0.16870421573151043
"[1.500855565126685, 1.6972098391533688]",30,dim_0,,normalized_rms_difference,ACT,1.59665076272373
"[1.1781869511723633, 1.2545324423016648]",30,dim_1,,normalized_rms_difference,ACT,1.2181627483444808
"[1.7322610813661803, 1.85909635815083]",30,dim_2,,normalized_rms_difference,ACT,1.7933202038806668
"[1.4814936090530042, 1.6751193532465172]",30,dim_3,,normalized_rms_difference,ACT,1.5799936267807928
"[1.5666575148372335, 1.7420881949310907]",30,dim_4,,normalized_rms_difference,ACT,1.6524305641593622
"[0.9814285842520278, 1.1443219659735533]",30,dim_5,,normalized_rms_difference,ACT,1.0654171937135952
"[1.269746944778834, 1.3402195205763074]",30,dim_6,,normalized_rms_difference,ACT,1.304083882147136
"[1.5077319024815174, 1.6051522410920127]",30,translation,,normalized_rms_difference,ACT,1.5544786364144778
"[1.3991983224282554, 1.5114335701798052]",30,rotation,,normalized_rms_difference,ACT,1.456253231950234
"[1.269746944778834, 1.3402195205763074]",30,gripper,,normalized_rms_difference,ACT,1.3040838821471359
"[1.4704018341490974, 1.5429674215562876]",30,arm,,normalized_rms_difference,ACT,1.5061668743261014
"[1.500855565126685, 1.6972098391533688]",30,dim_0,,normalized_rms_difference,SmolVLA,1.59665076272373
"[1.1781869511723633, 1.2545324423016648]",30,dim_1,,normalized_rms_difference,SmolVLA,1.2181627483444808
"[1.7322610813661803, 1.85909635815083]",30,dim_2,,normalized_rms_difference,SmolVLA,1.7933202038806668
"[1.4814936090530042, 1.6751193532465172]",30,dim_3,,normalized_rms_difference,SmolVLA,1.5799936267807928
"[1.5666575148372335, 1.7420881949310907]",30,dim_4,,normalized_rms_difference,SmolVLA,1.6524305641593622
"[0.9814285842520278, 1.1443219659735533]",30,dim_5,,normalized_rms_difference,SmolVLA,1.0654171937135952
"[1.269746944778834, 1.3402195205763074]",30,dim_6,,normalized_rms_difference,SmolVLA,1.304083882147136
"[1.5077319024815174, 1.6051522410920127]",30,translation,,normalized_rms_difference,SmolVLA,1.5544786364144778
"[1.3991983224282554, 1.5114335701798052]",30,rotation,,normalized_rms_difference,SmolVLA,1.456253231950234
"[1.269746944778834, 1.3402195205763074]",30,gripper,,normalized_rms_difference,SmolVLA,1.3040838821471359
"[1.4704018341490974, 1.5429674215562876]",30,arm,,normalized_rms_difference,SmolVLA,1.5061668743261014
"[0.4020710928195046, 0.44794054674914113]",30,gripper,19601,gripper_sign_disagreement,raw_sign,0.4241110147441457
"[-0.26708261632378794, -0.19623630520092383]",31,dim_0,19428,autocorrelation,raw,-0.23160624520459724
"[-0.015027466805415817, 0.05551177147794134]",31,dim_1,19428,autocorrelation,raw,0.020726136786481168
"[-0.39321046488777367, -0.32813274993766384]",31,dim_2,19428,autocorrelation,raw,-0.3613335814058129
"[-0.07513584808293673, 0.026009112597766608]",31,dim_3,19428,autocorrelation,raw,-0.023464854798740865
"[0.0032557015621274563, 0.09697153370348482]",31,dim_4,19428,autocorrelation,raw,0.052338696982518286
"[0.10836620420830374, 0.20271879300417278]",31,dim_5,19428,autocorrelation,raw,0.15736508261263552
"[0.09803021395291704, 0.18687133581916843]",31,dim_6,19428,autocorrelation,raw,0.14572475105753696
"[1.4917602995606138, 1.6815247863566172]",31,dim_0,,normalized_rms_difference,ACT,1.5839066444365242
"[1.191441440110371, 1.268108930271661]",31,dim_1,,normalized_rms_difference,ACT,1.231743945044965
"[1.730431501855502, 1.8530699662164576]",31,dim_2,,normalized_rms_difference,ACT,1.7890227937472318
"[1.4832341681105705, 1.6823428792014656]",31,dim_3,,normalized_rms_difference,ACT,1.5843024133488393
"[1.554249256292605, 1.728907173717609]",31,dim_4,,normalized_rms_difference,ACT,1.640863943839227
"[0.9834624571010322, 1.1490586359717063]",31,dim_5,,normalized_rms_difference,ACT,1.0702674590378423
"[1.2890707093052545, 1.359557086962796]",31,dim_6,,normalized_rms_difference,ACT,1.3228908773998524
"[1.507454538657632, 1.6010063436740662]",31,translation,,normalized_rms_difference,ACT,1.552047675491129
"[1.3961311704011188, 1.5099659658532796]",31,rotation,,normalized_rms_difference,ACT,1.4546386782760288
"[1.2890707093052542, 1.359557086962796]",31,gripper,,normalized_rms_difference,ACT,1.3228908773998527
"[1.469200727494932, 1.5408741707141325]",31,arm,,normalized_rms_difference,ACT,1.504131920965387
"[1.4917602995606138, 1.6815247863566172]",31,dim_0,,normalized_rms_difference,SmolVLA,1.5839066444365242
"[1.191441440110371, 1.268108930271661]",31,dim_1,,normalized_rms_difference,SmolVLA,1.231743945044965
"[1.730431501855502, 1.8530699662164576]",31,dim_2,,normalized_rms_difference,SmolVLA,1.7890227937472318
"[1.4832341681105705, 1.6823428792014656]",31,dim_3,,normalized_rms_difference,SmolVLA,1.5843024133488393
"[1.554249256292605, 1.728907173717609]",31,dim_4,,normalized_rms_difference,SmolVLA,1.640863943839227
"[0.9834624571010322, 1.1490586359717063]",31,dim_5,,normalized_rms_difference,SmolVLA,1.0702674590378423
"[1.2890707093052545, 1.359557086962796]",31,dim_6,,normalized_rms_difference,SmolVLA,1.3228908773998524
"[1.507454538657632, 1.6010063436740662]",31,translation,,normalized_rms_difference,SmolVLA,1.552047675491129
"[1.3961311704011188, 1.5099659658532796]",31,rotation,,normalized_rms_difference,SmolVLA,1.4546386782760288
"[1.2890707093052542, 1.359557086962796]",31,gripper,,normalized_rms_difference,SmolVLA,1.3228908773998527
"[1.469200727494932, 1.5408741707141325]",31,arm,,normalized_rms_difference,SmolVLA,1.504131920965387
"[0.414402129008088, 0.4609601618386695]",31,gripper,19428,gripper_sign_disagreement,raw_sign,0.4364319538809965
"[-0.2516529367750983, -0.18102916410302736]",32,dim_0,19255,autocorrelation,raw,-0.216077688100042
"[-0.036493201792198546, 0.03534355953879032]",32,dim_1,19255,autocorrelation,raw,-0.0003185030007634979
"[-0.39277356689757337, -0.3204651077925253]",32,dim_2,19255,autocorrelation,raw,-0.35694641755899764
"[-0.07692731983523297, 0.02407019815683042]",32,dim_3,19255,autocorrelation,raw,-0.025690108715493175
"[0.016277865876260365, 0.11092676781205438]",32,dim_4,19255,autocorrelation,raw,0.0654662071364334
"[0.09588813070258528, 0.18890131824969683]",32,dim_5,19255,autocorrelation,raw,0.14383462579508294
"[0.07428433317728708, 0.16495368785690445]",32,dim_6,19255,autocorrelation,raw,0.1229187269623075
"[1.4780712268266278, 1.6649983596428635]",32,dim_0,,normalized_rms_difference,ACT,1.5689798709020566
"[1.2044810375355488, 1.2807590789078043]",32,dim_1,,normalized_rms_difference,ACT,1.244133669122234
"[1.7252487390339488, 1.84605303289018]",32,dim_2,,normalized_rms_difference,ACT,1.783048172167726
"[1.4875635396497302, 1.6853696161631482]",32,dim_3,,normalized_rms_difference,ACT,1.5882145113316337
"[1.545050969626806, 1.7173234554450778]",32,dim_4,,normalized_rms_difference,ACT,1.6292877392054876
"[0.9872726252598827, 1.1530326507351014]",32,dim_5,,normalized_rms_difference,ACT,1.0743752466548397
"[1.3070817423664234, 1.3783903904710206]",32,dim_6,,normalized_rms_difference,ACT,1.3412993893889478
"[1.504778383785568, 1.5953092994145264]",32,translation,,normalized_rms_difference,ACT,1.547990870581397
"[1.3940137657197156, 1.5073041253796664]",32,rotation,,normalized_rms_difference,ACT,1.4527314550820414
"[1.3070817423664234, 1.3783903904710202]",32,gripper,,normalized_rms_difference,ACT,1.3412993893889478
"[1.467441619518597, 1.5360130827227685]",32,arm,,normalized_rms_difference,ACT,1.501116986778202
"[1.4780712268266278, 1.6649983596428635]",32,dim_0,,normalized_rms_difference,SmolVLA,1.5689798709020566
"[1.2044810375355488, 1.2807590789078043]",32,dim_1,,normalized_rms_difference,SmolVLA,1.244133669122234
"[1.7252487390339488, 1.84605303289018]",32,dim_2,,normalized_rms_difference,SmolVLA,1.783048172167726
"[1.4875635396497302, 1.6853696161631482]",32,dim_3,,normalized_rms_difference,SmolVLA,1.5882145113316337
"[1.545050969626806, 1.7173234554450778]",32,dim_4,,normalized_rms_difference,SmolVLA,1.6292877392054876
"[0.9872726252598827, 1.1530326507351014]",32,dim_5,,normalized_rms_difference,SmolVLA,1.0743752466548397
"[1.3070817423664234, 1.3783903904710206]",32,dim_6,,normalized_rms_difference,SmolVLA,1.3412993893889478
"[1.504778383785568, 1.5953092994145264]",32,translation,,normalized_rms_difference,SmolVLA,1.547990870581397
"[1.3940137657197156, 1.5073041253796664]",32,rotation,,normalized_rms_difference,SmolVLA,1.4527314550820414
"[1.3070817423664234, 1.3783903904710202]",32,gripper,,normalized_rms_difference,SmolVLA,1.3412993893889478
"[1.467441619518597, 1.5360130827227685]",32,arm,,normalized_rms_difference,SmolVLA,1.501116986778202
"[0.4260631697386483, 0.47381954436301016]",32,gripper,19255,gripper_sign_disagreement,raw_sign,0.4486626850168787
