episode_index,task,frame_index,distance_steps,right_censored
14,libero_10_task3,0,86,False
14,libero_10_task3,1,85,False
14,libero_10_task3,2,84,False
14,libero_10_task3,3,83,False
14,libero_10_task3,4,82,False
14,libero_10_task3,5,81,False
14,libero_10_task3,6,80,False
14,libero_10_task3,7,79,False
14,libero_10_task3,8,78,False
14,libero_10_task3,9,77,False
14,libero_10_task3,10,76,False
14,libero_10_task3,11,75,False
14,libero_10_task3,12,74,False
14,libero_10_task3,13,73,False
14,libero_10_task3,14,72,False
14,libero_10_task3,15,71,False
14,libero_10_task3,16,70,False
14,libero_10_task3,17,69,False
14,libero_10_task3,18,68,False
14,libero_10_task3,19,67,False
14,libero_10_task3,20,66,False
14,libero_10_task3,21,65,False
14,libero_10_task3,22,64,False
14,libero_10_task3,23,63,False
14,libero_10_task3,24,62,False
14,libero_10_task3,25,61,False
14,libero_10_task3,26,60,False
14,libero_10_task3,27,59,False
14,libero_10_task3,28,58,False
14,libero_10_task3,29,57,False
14,libero_10_task3,30,56,False
14,libero_10_task3,31,55,False
14,libero_10_task3,32,54,False
14,libero_10_task3,33,53,False
14,libero_10_task3,34,52,False
14,libero_10_task3,35,51,False
14,libero_10_task3,36,50,False
14,libero_10_task3,37,49,False
14,libero_10_task3,38,48,False
14,libero_10_task3,39,47,False
14,libero_10_task3,40,46,False
14,libero_10_task3,41,45,False
14,libero_10_task3,42,44,False
14,libero_10_task3,43,43,False
14,libero_10_task3,44,42,False
14,libero_10_task3,45,41,False
14,libero_10_task3,46,40,False
14,libero_10_task3,47,39,False
14,libero_10_task3,48,38,False
14,libero_10_task3,49,37,False
14,libero_10_task3,50,36,False
14,libero_10_task3,51,35,False
14,libero_10_task3,52,34,False
14,libero_10_task3,53,33,False
14,libero_10_task3,54,32,False
14,libero_10_task3,55,31,False
14,libero_10_task3,56,30,False
14,libero_10_task3,57,29,False
14,libero_10_task3,58,28,False
14,libero_10_task3,59,27,False
14,libero_10_task3,60,26,False
14,libero_10_task3,61,25,False
14,libero_10_task3,62,24,False
14,libero_10_task3,63,23,False
14,libero_10_task3,64,22,False
14,libero_10_task3,65,21,False
14,libero_10_task3,66,20,False
14,libero_10_task3,67,19,False
14,libero_10_task3,68,18,False
14,libero_10_task3,69,17,False
14,libero_10_task3,70,16,False
14,libero_10_task3,71,15,False
14,libero_10_task3,72,14,False
14,libero_10_task3,73,13,False
14,libero_10_task3,74,12,False
14,libero_10_task3,75,11,False
14,libero_10_task3,76,10,False
14,libero_10_task3,77,9,False
14,libero_10_task3,78,8,False
14,libero_10_task3,79,7,False
14,libero_10_task3,80,6,False
14,libero_10_task3,81,5,False
14,libero_10_task3,82,4,False
14,libero_10_task3,83,3,False
14,libero_10_task3,84,2,False
14,libero_10_task3,85,1,False
14,libero_10_task3,86,75,False
14,libero_10_task3,87,74,False
14,libero_10_task3,88,73,False
14,libero_10_task3,89,72,False
14,libero_10_task3,90,71,False
14,libero_10_task3,91,70,False
14,libero_10_task3,92,69,False
14,libero_10_task3,93,68,False
14,libero_10_task3,94,67,False
14,libero_10_task3,95,66,False
14,libero_10_task3,96,65,False
14,libero_10_task3,97,64,False
14,libero_10_task3,98,63,False
14,libero_10_task3,99,62,False
14,libero_10_task3,100,61,False
14,libero_10_task3,101,60,False
14,libero_10_task3,102,59,False
14,libero_10_task3,103,58,False
14,libero_10_task3,104,57,False
14,libero_10_task3,105,56,False
14,libero_10_task3,106,55,False
14,libero_10_task3,107,54,False
14,libero_10_task3,108,53,False
14,libero_10_task3,109,52,False
14,libero_10_task3,110,51,False
14,libero_10_task3,111,50,False
14,libero_10_task3,112,49,False
14,libero_10_task3,113,48,False
14,libero_10_task3,114,47,False
14,libero_10_task3,115,46,False
14,libero_10_task3,116,45,False
14,libero_10_task3,117,44,False
14,libero_10_task3,118,43,False
14,libero_10_task3,119,42,False
14,libero_10_task3,120,41,False
14,libero_10_task3,121,40,False
14,libero_10_task3,122,39,False
14,libero_10_task3,123,38,False
14,libero_10_task3,124,37,False
14,libero_10_task3,125,36,False
14,libero_10_task3,126,35,False
14,libero_10_task3,127,34,False
14,libero_10_task3,128,33,False
14,libero_10_task3,129,32,False
14,libero_10_task3,130,31,False
14,libero_10_task3,131,30,False
14,libero_10_task3,132,29,False
14,libero_10_task3,133,28,False
14,libero_10_task3,134,27,False
14,libero_10_task3,135,26,False
14,libero_10_task3,136,25,False
14,libero_10_task3,137,24,False
14,libero_10_task3,138,23,False
14,libero_10_task3,139,22,False
14,libero_10_task3,140,21,False
14,libero_10_task3,141,20,False
14,libero_10_task3,142,19,False
14,libero_10_task3,143,18,False
14,libero_10_task3,144,17,False
14,libero_10_task3,145,16,False
14,libero_10_task3,146,15,False
14,libero_10_task3,147,14,False
14,libero_10_task3,148,13,False
14,libero_10_task3,149,12,False
14,libero_10_task3,150,11,False
14,libero_10_task3,151,10,False
14,libero_10_task3,152,9,False
14,libero_10_task3,153,8,False
14,libero_10_task3,154,7,False
14,libero_10_task3,155,6,False
14,libero_10_task3,156,5,False
14,libero_10_task3,157,4,False
14,libero_10_task3,158,3,False
14,libero_10_task3,159,2,False
14,libero_10_task3,160,1,False
14,libero_10_task3,161,,True
14,libero_10_task3,162,,True
14,libero_10_task3,163,,True
14,libero_10_task3,164,,True
14,libero_10_task3,165,,True
14,libero_10_task3,166,,True
14,libero_10_task3,167,,True
14,libero_10_task3,168,,True
14,libero_10_task3,169,,True
14,libero_10_task3,170,,True
14,libero_10_task3,171,,True
14,libero_10_task3,172,,True
14,libero_10_task3,173,,True
14,libero_10_task3,174,,True
14,libero_10_task3,175,,True
14,libero_10_task3,176,,True
14,libero_10_task3,177,,True
14,libero_10_task3,178,,True
14,libero_10_task3,179,,True
14,libero_10_task3,180,,True
14,libero_10_task3,181,,True
14,libero_10_task3,182,,True
14,libero_10_task3,183,,True
14,libero_10_task3,184,,True
14,libero_10_task3,185,,True
14,libero_10_task3,186,,True
14,libero_10_task3,187,,True
14,libero_10_task3,188,,True
14,libero_10_task3,189,,True
14,libero_10_task3,190,,True
14,libero_10_task3,191,,True
14,libero_10_task3,192,,True
14,libero_10_task3,193,,True
14,libero_10_task3,194,,True
14,libero_10_task3,195,,True
14,libero_10_task3,196,,True
14,libero_10_task3,197,,True
14,libero_10_task3,198,,True
14,libero_10_task3,199,,True
14,libero_10_task3,200,,True
14,libero_10_task3,201,,True
14,libero_10_task3,202,,True
14,libero_10_task3,203,,True
14,libero_10_task3,204,,True
14,libero_10_task3,205,,True
14,libero_10_task3,206,,True
14,libero_10_task3,207,,True
14,libero_10_task3,208,,True
14,libero_10_task3,209,,True
14,libero_10_task3,210,,True
14,libero_10_task3,211,,True
14,libero_10_task3,212,,True
14,libero_10_task3,213,,True
14,libero_10_task3,214,,True
14,libero_10_task3,215,,True
14,libero_10_task3,216,,True
14,libero_10_task3,217,,True
14,libero_10_task3,218,,True
14,libero_10_task3,219,,True
14,libero_10_task3,220,,True
14,libero_10_task3,221,,True
14,libero_10_task3,222,,True
14,libero_10_task3,223,,True
14,libero_10_task3,224,,True
14,libero_10_task3,225,,True
14,libero_10_task3,226,,True
14,libero_10_task3,227,,True
14,libero_10_task3,228,,True
14,libero_10_task3,229,,True
14,libero_10_task3,230,,True
14,libero_10_task3,231,,True
14,libero_10_task3,232,,True
14,libero_10_task3,233,,True
14,libero_10_task3,234,,True
14,libero_10_task3,235,,True
14,libero_10_task3,236,,True
14,libero_10_task3,237,,True
14,libero_10_task3,238,,True
14,libero_10_task3,239,,True
14,libero_10_task3,240,,True
14,libero_10_task3,241,,True
14,libero_10_task3,242,,True
14,libero_10_task3,243,,True
14,libero_10_task3,244,,True
14,libero_10_task3,245,,True
14,libero_10_task3,246,,True
14,libero_10_task3,247,,True
14,libero_10_task3,248,,True
14,libero_10_task3,249,,True
14,libero_10_task3,250,,True
14,libero_10_task3,251,,True
14,libero_10_task3,252,,True
14,libero_10_task3,253,,True
14,libero_10_task3,254,,True
14,libero_10_task3,255,,True
14,libero_10_task3,256,,True
15,libero_10_task3,0,71,False
15,libero_10_task3,1,70,False
15,libero_10_task3,2,69,False
15,libero_10_task3,3,68,False
15,libero_10_task3,4,67,False
15,libero_10_task3,5,66,False
15,libero_10_task3,6,65,False
15,libero_10_task3,7,64,False
15,libero_10_task3,8,63,False
15,libero_10_task3,9,62,False
15,libero_10_task3,10,61,False
15,libero_10_task3,11,60,False
15,libero_10_task3,12,59,False
15,libero_10_task3,13,58,False
15,libero_10_task3,14,57,False
15,libero_10_task3,15,56,False
15,libero_10_task3,16,55,False
15,libero_10_task3,17,54,False
15,libero_10_task3,18,53,False
15,libero_10_task3,19,52,False
15,libero_10_task3,20,51,False
15,libero_10_task3,21,50,False
15,libero_10_task3,22,49,False
15,libero_10_task3,23,48,False
15,libero_10_task3,24,47,False
15,libero_10_task3,25,46,False
15,libero_10_task3,26,45,False
15,libero_10_task3,27,44,False
15,libero_10_task3,28,43,False
15,libero_10_task3,29,42,False
15,libero_10_task3,30,41,False
15,libero_10_task3,31,40,False
15,libero_10_task3,32,39,False
15,libero_10_task3,33,38,False
15,libero_10_task3,34,37,False
15,libero_10_task3,35,36,False
15,libero_10_task3,36,35,False
15,libero_10_task3,37,34,False
15,libero_10_task3,38,33,False
15,libero_10_task3,39,32,False
15,libero_10_task3,40,31,False
15,libero_10_task3,41,30,False
15,libero_10_task3,42,29,False
15,libero_10_task3,43,28,False
15,libero_10_task3,44,27,False
15,libero_10_task3,45,26,False
15,libero_10_task3,46,25,False
15,libero_10_task3,47,24,False
15,libero_10_task3,48,23,False
15,libero_10_task3,49,22,False
15,libero_10_task3,50,21,False
15,libero_10_task3,51,20,False
15,libero_10_task3,52,19,False
15,libero_10_task3,53,18,False
15,libero_10_task3,54,17,False
15,libero_10_task3,55,16,False
15,libero_10_task3,56,15,False
15,libero_10_task3,57,14,False
15,libero_10_task3,58,13,False
15,libero_10_task3,59,12,False
15,libero_10_task3,60,11,False
15,libero_10_task3,61,10,False
15,libero_10_task3,62,9,False
15,libero_10_task3,63,8,False
15,libero_10_task3,64,7,False
15,libero_10_task3,65,6,False
15,libero_10_task3,66,5,False
15,libero_10_task3,67,4,False
15,libero_10_task3,68,3,False
15,libero_10_task3,69,2,False
15,libero_10_task3,70,1,False
15,libero_10_task3,71,69,False
15,libero_10_task3,72,68,False
15,libero_10_task3,73,67,False
15,libero_10_task3,74,66,False
15,libero_10_task3,75,65,False
15,libero_10_task3,76,64,False
15,libero_10_task3,77,63,False
15,libero_10_task3,78,62,False
15,libero_10_task3,79,61,False
15,libero_10_task3,80,60,False
15,libero_10_task3,81,59,False
15,libero_10_task3,82,58,False
15,libero_10_task3,83,57,False
15,libero_10_task3,84,56,False
15,libero_10_task3,85,55,False
15,libero_10_task3,86,54,False
15,libero_10_task3,87,53,False
15,libero_10_task3,88,52,False
15,libero_10_task3,89,51,False
15,libero_10_task3,90,50,False
15,libero_10_task3,91,49,False
15,libero_10_task3,92,48,False
15,libero_10_task3,93,47,False
15,libero_10_task3,94,46,False
15,libero_10_task3,95,45,False
15,libero_10_task3,96,44,False
15,libero_10_task3,97,43,False
15,libero_10_task3,98,42,False
15,libero_10_task3,99,41,False
15,libero_10_task3,100,40,False
15,libero_10_task3,101,39,False
15,libero_10_task3,102,38,False
15,libero_10_task3,103,37,False
15,libero_10_task3,104,36,False
15,libero_10_task3,105,35,False
15,libero_10_task3,106,34,False
15,libero_10_task3,107,33,False
15,libero_10_task3,108,32,False
15,libero_10_task3,109,31,False
15,libero_10_task3,110,30,False
15,libero_10_task3,111,29,False
15,libero_10_task3,112,28,False
15,libero_10_task3,113,27,False
15,libero_10_task3,114,26,False
15,libero_10_task3,115,25,False
15,libero_10_task3,116,24,False
15,libero_10_task3,117,23,False
15,libero_10_task3,118,22,False
15,libero_10_task3,119,21,False
15,libero_10_task3,120,20,False
15,libero_10_task3,121,19,False
15,libero_10_task3,122,18,False
15,libero_10_task3,123,17,False
15,libero_10_task3,124,16,False
15,libero_10_task3,125,15,False
15,libero_10_task3,126,14,False
15,libero_10_task3,127,13,False
15,libero_10_task3,128,12,False
15,libero_10_task3,129,11,False
15,libero_10_task3,130,10,False
15,libero_10_task3,131,9,False
15,libero_10_task3,132,8,False
15,libero_10_task3,133,7,False
15,libero_10_task3,134,6,False
15,libero_10_task3,135,5,False
15,libero_10_task3,136,4,False
15,libero_10_task3,137,3,False
15,libero_10_task3,138,2,False
15,libero_10_task3,139,1,False
15,libero_10_task3,140,,True
15,libero_10_task3,141,,True
15,libero_10_task3,142,,True
15,libero_10_task3,143,,True
15,libero_10_task3,144,,True
15,libero_10_task3,145,,True
15,libero_10_task3,146,,True
15,libero_10_task3,147,,True
15,libero_10_task3,148,,True
15,libero_10_task3,149,,True
15,libero_10_task3,150,,True
15,libero_10_task3,151,,True
15,libero_10_task3,152,,True
15,libero_10_task3,153,,True
15,libero_10_task3,154,,True
15,libero_10_task3,155,,True
15,libero_10_task3,156,,True
15,libero_10_task3,157,,True
15,libero_10_task3,158,,True
15,libero_10_task3,159,,True
15,libero_10_task3,160,,True
15,libero_10_task3,161,,True
15,libero_10_task3,162,,True
15,libero_10_task3,163,,True
15,libero_10_task3,164,,True
15,libero_10_task3,165,,True
15,libero_10_task3,166,,True
15,libero_10_task3,167,,True
15,libero_10_task3,168,,True
15,libero_10_task3,169,,True
15,libero_10_task3,170,,True
15,libero_10_task3,171,,True
15,libero_10_task3,172,,True
15,libero_10_task3,173,,True
15,libero_10_task3,174,,True
15,libero_10_task3,175,,True
15,libero_10_task3,176,,True
15,libero_10_task3,177,,True
15,libero_10_task3,178,,True
15,libero_10_task3,179,,True
15,libero_10_task3,180,,True
15,libero_10_task3,181,,True
15,libero_10_task3,182,,True
15,libero_10_task3,183,,True
15,libero_10_task3,184,,True
15,libero_10_task3,185,,True
15,libero_10_task3,186,,True
15,libero_10_task3,187,,True
15,libero_10_task3,188,,True
15,libero_10_task3,189,,True
15,libero_10_task3,190,,True
15,libero_10_task3,191,,True
15,libero_10_task3,192,,True
15,libero_10_task3,193,,True
15,libero_10_task3,194,,True
15,libero_10_task3,195,,True
15,libero_10_task3,196,,True
15,libero_10_task3,197,,True
15,libero_10_task3,198,,True
15,libero_10_task3,199,,True
15,libero_10_task3,200,,True
15,libero_10_task3,201,,True
15,libero_10_task3,202,,True
15,libero_10_task3,203,,True
15,libero_10_task3,204,,True
15,libero_10_task3,205,,True
15,libero_10_task3,206,,True
15,libero_10_task3,207,,True
15,libero_10_task3,208,,True
15,libero_10_task3,209,,True
15,libero_10_task3,210,,True
15,libero_10_task3,211,,True
15,libero_10_task3,212,,True
15,libero_10_task3,213,,True
15,libero_10_task3,214,,True
15,libero_10_task3,215,,True
15,libero_10_task3,216,,True
15,libero_10_task3,217,,True
15,libero_10_task3,218,,True
15,libero_10_task3,219,,True
15,libero_10_task3,220,,True
15,libero_10_task3,221,,True
15,libero_10_task3,222,,True
15,libero_10_task3,223,,True
15,libero_10_task3,224,,True
15,libero_10_task3,225,,True
15,libero_10_task3,226,,True
15,libero_10_task3,227,,True
15,libero_10_task3,228,,True
15,libero_10_task3,229,,True
15,libero_10_task3,230,,True
15,libero_10_task3,231,,True
15,libero_10_task3,232,,True
15,libero_10_task3,233,,True
15,libero_10_task3,234,,True
15,libero_10_task3,235,,True
15,libero_10_task3,236,,True
15,libero_10_task3,237,,True
15,libero_10_task3,238,,True
15,libero_10_task3,239,,True
15,libero_10_task3,240,,True
15,libero_10_task3,241,,True
16,libero_10_task3,0,76,False
16,libero_10_task3,1,75,False
16,libero_10_task3,2,74,False
16,libero_10_task3,3,73,False
16,libero_10_task3,4,72,False
16,libero_10_task3,5,71,False
16,libero_10_task3,6,70,False
16,libero_10_task3,7,69,False
16,libero_10_task3,8,68,False
16,libero_10_task3,9,67,False
16,libero_10_task3,10,66,False
16,libero_10_task3,11,65,False
16,libero_10_task3,12,64,False
16,libero_10_task3,13,63,False
16,libero_10_task3,14,62,False
16,libero_10_task3,15,61,False
16,libero_10_task3,16,60,False
16,libero_10_task3,17,59,False
16,libero_10_task3,18,58,False
16,libero_10_task3,19,57,False
16,libero_10_task3,20,56,False
16,libero_10_task3,21,55,False
16,libero_10_task3,22,54,False
16,libero_10_task3,23,53,False
16,libero_10_task3,24,52,False
16,libero_10_task3,25,51,False
16,libero_10_task3,26,50,False
16,libero_10_task3,27,49,False
16,libero_10_task3,28,48,False
16,libero_10_task3,29,47,False
16,libero_10_task3,30,46,False
16,libero_10_task3,31,45,False
16,libero_10_task3,32,44,False
16,libero_10_task3,33,43,False
16,libero_10_task3,34,42,False
16,libero_10_task3,35,41,False
16,libero_10_task3,36,40,False
16,libero_10_task3,37,39,False
16,libero_10_task3,38,38,False
16,libero_10_task3,39,37,False
16,libero_10_task3,40,36,False
16,libero_10_task3,41,35,False
16,libero_10_task3,42,34,False
16,libero_10_task3,43,33,False
16,libero_10_task3,44,32,False
16,libero_10_task3,45,31,False
16,libero_10_task3,46,30,False
16,libero_10_task3,47,29,False
16,libero_10_task3,48,28,False
16,libero_10_task3,49,27,False
16,libero_10_task3,50,26,False
16,libero_10_task3,51,25,False
16,libero_10_task3,52,24,False
16,libero_10_task3,53,23,False
16,libero_10_task3,54,22,False
16,libero_10_task3,55,21,False
16,libero_10_task3,56,20,False
16,libero_10_task3,57,19,False
16,libero_10_task3,58,18,False
16,libero_10_task3,59,17,False
16,libero_10_task3,60,16,False
16,libero_10_task3,61,15,False
16,libero_10_task3,62,14,False
16,libero_10_task3,63,13,False
16,libero_10_task3,64,12,False
16,libero_10_task3,65,11,False
16,libero_10_task3,66,10,False
16,libero_10_task3,67,9,False
16,libero_10_task3,68,8,False
16,libero_10_task3,69,7,False
16,libero_10_task3,70,6,False
16,libero_10_task3,71,5,False
16,libero_10_task3,72,4,False
16,libero_10_task3,73,3,False
16,libero_10_task3,74,2,False
16,libero_10_task3,75,1,False
16,libero_10_task3,76,79,False
16,libero_10_task3,77,78,False
16,libero_10_task3,78,77,False
16,libero_10_task3,79,76,False
16,libero_10_task3,80,75,False
16,libero_10_task3,81,74,False
16,libero_10_task3,82,73,False
16,libero_10_task3,83,72,False
16,libero_10_task3,84,71,False
16,libero_10_task3,85,70,False
16,libero_10_task3,86,69,False
16,libero_10_task3,87,68,False
16,libero_10_task3,88,67,False
16,libero_10_task3,89,66,False
16,libero_10_task3,90,65,False
16,libero_10_task3,91,64,False
16,libero_10_task3,92,63,False
16,libero_10_task3,93,62,False
16,libero_10_task3,94,61,False
16,libero_10_task3,95,60,False
16,libero_10_task3,96,59,False
16,libero_10_task3,97,58,False
16,libero_10_task3,98,57,False
16,libero_10_task3,99,56,False
16,libero_10_task3,100,55,False
16,libero_10_task3,101,54,False
16,libero_10_task3,102,53,False
16,libero_10_task3,103,52,False
16,libero_10_task3,104,51,False
16,libero_10_task3,105,50,False
16,libero_10_task3,106,49,False
16,libero_10_task3,107,48,False
16,libero_10_task3,108,47,False
16,libero_10_task3,109,46,False
16,libero_10_task3,110,45,False
16,libero_10_task3,111,44,False
16,libero_10_task3,112,43,False
16,libero_10_task3,113,42,False
16,libero_10_task3,114,41,False
16,libero_10_task3,115,40,False
16,libero_10_task3,116,39,False
16,libero_10_task3,117,38,False
16,libero_10_task3,118,37,False
16,libero_10_task3,119,36,False
16,libero_10_task3,120,35,False
16,libero_10_task3,121,34,False
16,libero_10_task3,122,33,False
16,libero_10_task3,123,32,False
16,libero_10_task3,124,31,False
16,libero_10_task3,125,30,False
16,libero_10_task3,126,29,False
16,libero_10_task3,127,28,False
16,libero_10_task3,128,27,False
16,libero_10_task3,129,26,False
16,libero_10_task3,130,25,False
16,libero_10_task3,131,24,False
16,libero_10_task3,132,23,False
16,libero_10_task3,133,22,False
16,libero_10_task3,134,21,False
16,libero_10_task3,135,20,False
16,libero_10_task3,136,19,False
16,libero_10_task3,137,18,False
16,libero_10_task3,138,17,False
16,libero_10_task3,139,16,False
16,libero_10_task3,140,15,False
16,libero_10_task3,141,14,False
16,libero_10_task3,142,13,False
16,libero_10_task3,143,12,False
16,libero_10_task3,144,11,False
16,libero_10_task3,145,10,False
16,libero_10_task3,146,9,False
16,libero_10_task3,147,8,False
16,libero_10_task3,148,7,False
16,libero_10_task3,149,6,False
16,libero_10_task3,150,5,False
16,libero_10_task3,151,4,False
16,libero_10_task3,152,3,False
16,libero_10_task3,153,2,False
16,libero_10_task3,154,1,False
16,libero_10_task3,155,,True
16,libero_10_task3,156,,True
16,libero_10_task3,157,,True
16,libero_10_task3,158,,True
16,libero_10_task3,159,,True
16,libero_10_task3,160,,True
16,libero_10_task3,161,,True
16,libero_10_task3,162,,True
16,libero_10_task3,163,,True
16,libero_10_task3,164,,True
16,libero_10_task3,165,,True
16,libero_10_task3,166,,True
16,libero_10_task3,167,,True
16,libero_10_task3,168,,True
16,libero_10_task3,169,,True
16,libero_10_task3,170,,True
16,libero_10_task3,171,,True
16,libero_10_task3,172,,True
16,libero_10_task3,173,,True
16,libero_10_task3,174,,True
16,libero_10_task3,175,,True
16,libero_10_task3,176,,True
16,libero_10_task3,177,,True
16,libero_10_task3,178,,True
16,libero_10_task3,179,,True
16,libero_10_task3,180,,True
16,libero_10_task3,181,,True
16,libero_10_task3,182,,True
16,libero_10_task3,183,,True
16,libero_10_task3,184,,True
16,libero_10_task3,185,,True
16,libero_10_task3,186,,True
16,libero_10_task3,187,,True
16,libero_10_task3,188,,True
16,libero_10_task3,189,,True
16,libero_10_task3,190,,True
16,libero_10_task3,191,,True
16,libero_10_task3,192,,True
16,libero_10_task3,193,,True
16,libero_10_task3,194,,True
16,libero_10_task3,195,,True
16,libero_10_task3,196,,True
16,libero_10_task3,197,,True
16,libero_10_task3,198,,True
16,libero_10_task3,199,,True
16,libero_10_task3,200,,True
16,libero_10_task3,201,,True
16,libero_10_task3,202,,True
16,libero_10_task3,203,,True
16,libero_10_task3,204,,True
16,libero_10_task3,205,,True
16,libero_10_task3,206,,True
16,libero_10_task3,207,,True
16,libero_10_task3,208,,True
16,libero_10_task3,209,,True
16,libero_10_task3,210,,True
16,libero_10_task3,211,,True
16,libero_10_task3,212,,True
16,libero_10_task3,213,,True
16,libero_10_task3,214,,True
16,libero_10_task3,215,,True
16,libero_10_task3,216,,True
16,libero_10_task3,217,,True
16,libero_10_task3,218,,True
16,libero_10_task3,219,,True
16,libero_10_task3,220,,True
16,libero_10_task3,221,,True
16,libero_10_task3,222,,True
16,libero_10_task3,223,,True
16,libero_10_task3,224,,True
16,libero_10_task3,225,,True
16,libero_10_task3,226,,True
16,libero_10_task3,227,,True
16,libero_10_task3,228,,True
16,libero_10_task3,229,,True
16,libero_10_task3,230,,True
16,libero_10_task3,231,,True
16,libero_10_task3,232,,True
16,libero_10_task3,233,,True
16,libero_10_task3,234,,True
16,libero_10_task3,235,,True
16,libero_10_task3,236,,True
16,libero_10_task3,237,,True
16,libero_10_task3,238,,True
16,libero_10_task3,239,,True
16,libero_10_task3,240,,True
16,libero_10_task3,241,,True
16,libero_10_task3,242,,True
16,libero_10_task3,243,,True
16,libero_10_task3,244,,True
16,libero_10_task3,245,,True
16,libero_10_task3,246,,True
16,libero_10_task3,247,,True
31,libero_10_task3,0,85,False
31,libero_10_task3,1,84,False
31,libero_10_task3,2,83,False
31,libero_10_task3,3,82,False
31,libero_10_task3,4,81,False
31,libero_10_task3,5,80,False
31,libero_10_task3,6,79,False
31,libero_10_task3,7,78,False
31,libero_10_task3,8,77,False
31,libero_10_task3,9,76,False
31,libero_10_task3,10,75,False
31,libero_10_task3,11,74,False
31,libero_10_task3,12,73,False
31,libero_10_task3,13,72,False
31,libero_10_task3,14,71,False
31,libero_10_task3,15,70,False
31,libero_10_task3,16,69,False
31,libero_10_task3,17,68,False
31,libero_10_task3,18,67,False
31,libero_10_task3,19,66,False
31,libero_10_task3,20,65,False
31,libero_10_task3,21,64,False
31,libero_10_task3,22,63,False
31,libero_10_task3,23,62,False
31,libero_10_task3,24,61,False
31,libero_10_task3,25,60,False
31,libero_10_task3,26,59,False
31,libero_10_task3,27,58,False
31,libero_10_task3,28,57,False
31,libero_10_task3,29,56,False
31,libero_10_task3,30,55,False
31,libero_10_task3,31,54,False
31,libero_10_task3,32,53,False
31,libero_10_task3,33,52,False
31,libero_10_task3,34,51,False
31,libero_10_task3,35,50,False
31,libero_10_task3,36,49,False
31,libero_10_task3,37,48,False
31,libero_10_task3,38,47,False
31,libero_10_task3,39,46,False
31,libero_10_task3,40,45,False
31,libero_10_task3,41,44,False
31,libero_10_task3,42,43,False
31,libero_10_task3,43,42,False
31,libero_10_task3,44,41,False
31,libero_10_task3,45,40,False
31,libero_10_task3,46,39,False
31,libero_10_task3,47,38,False
31,libero_10_task3,48,37,False
31,libero_10_task3,49,36,False
31,libero_10_task3,50,35,False
31,libero_10_task3,51,34,False
31,libero_10_task3,52,33,False
31,libero_10_task3,53,32,False
31,libero_10_task3,54,31,False
31,libero_10_task3,55,30,False
31,libero_10_task3,56,29,False
31,libero_10_task3,57,28,False
31,libero_10_task3,58,27,False
31,libero_10_task3,59,26,False
31,libero_10_task3,60,25,False
31,libero_10_task3,61,24,False
31,libero_10_task3,62,23,False
31,libero_10_task3,63,22,False
31,libero_10_task3,64,21,False
31,libero_10_task3,65,20,False
31,libero_10_task3,66,19,False
31,libero_10_task3,67,18,False
31,libero_10_task3,68,17,False
31,libero_10_task3,69,16,False
31,libero_10_task3,70,15,False
31,libero_10_task3,71,14,False
31,libero_10_task3,72,13,False
31,libero_10_task3,73,12,False
31,libero_10_task3,74,11,False
31,libero_10_task3,75,10,False
31,libero_10_task3,76,9,False
31,libero_10_task3,77,8,False
31,libero_10_task3,78,7,False
31,libero_10_task3,79,6,False
31,libero_10_task3,80,5,False
31,libero_10_task3,81,4,False
31,libero_10_task3,82,3,False
31,libero_10_task3,83,2,False
31,libero_10_task3,84,1,False
31,libero_10_task3,85,78,False
31,libero_10_task3,86,77,False
31,libero_10_task3,87,76,False
31,libero_10_task3,88,75,False
31,libero_10_task3,89,74,False
31,libero_10_task3,90,73,False
31,libero_10_task3,91,72,False
31,libero_10_task3,92,71,False
31,libero_10_task3,93,70,False
31,libero_10_task3,94,69,False
31,libero_10_task3,95,68,False
31,libero_10_task3,96,67,False
31,libero_10_task3,97,66,False
31,libero_10_task3,98,65,False
31,libero_10_task3,99,64,False
31,libero_10_task3,100,63,False
31,libero_10_task3,101,62,False
31,libero_10_task3,102,61,False
31,libero_10_task3,103,60,False
31,libero_10_task3,104,59,False
31,libero_10_task3,105,58,False
31,libero_10_task3,106,57,False
31,libero_10_task3,107,56,False
31,libero_10_task3,108,55,False
31,libero_10_task3,109,54,False
31,libero_10_task3,110,53,False
31,libero_10_task3,111,52,False
31,libero_10_task3,112,51,False
31,libero_10_task3,113,50,False
31,libero_10_task3,114,49,False
31,libero_10_task3,115,48,False
31,libero_10_task3,116,47,False
31,libero_10_task3,117,46,False
31,libero_10_task3,118,45,False
31,libero_10_task3,119,44,False
31,libero_10_task3,120,43,False
31,libero_10_task3,121,42,False
31,libero_10_task3,122,41,False
31,libero_10_task3,123,40,False
31,libero_10_task3,124,39,False
31,libero_10_task3,125,38,False
31,libero_10_task3,126,37,False
31,libero_10_task3,127,36,False
31,libero_10_task3,128,35,False
31,libero_10_task3,129,34,False
31,libero_10_task3,130,33,False
31,libero_10_task3,131,32,False
31,libero_10_task3,132,31,False
31,libero_10_task3,133,30,False
31,libero_10_task3,134,29,False
31,libero_10_task3,135,28,False
31,libero_10_task3,136,27,False
31,libero_10_task3,137,26,False
31,libero_10_task3,138,25,False
31,libero_10_task3,139,24,False
31,libero_10_task3,140,23,False
31,libero_10_task3,141,22,False
31,libero_10_task3,142,21,False
31,libero_10_task3,143,20,False
31,libero_10_task3,144,19,False
31,libero_10_task3,145,18,False
31,libero_10_task3,146,17,False
31,libero_10_task3,147,16,False
31,libero_10_task3,148,15,False
31,libero_10_task3,149,14,False
31,libero_10_task3,150,13,False
31,libero_10_task3,151,12,False
31,libero_10_task3,152,11,False
31,libero_10_task3,153,10,False
31,libero_10_task3,154,9,False
31,libero_10_task3,155,8,False
31,libero_10_task3,156,7,False
31,libero_10_task3,157,6,False
31,libero_10_task3,158,5,False
31,libero_10_task3,159,4,False
31,libero_10_task3,160,3,False
31,libero_10_task3,161,2,False
31,libero_10_task3,162,1,False
31,libero_10_task3,163,,True
31,libero_10_task3,164,,True
31,libero_10_task3,165,,True
31,libero_10_task3,166,,True
31,libero_10_task3,167,,True
31,libero_10_task3,168,,True
31,libero_10_task3,169,,True
31,libero_10_task3,170,,True
31,libero_10_task3,171,,True
31,libero_10_task3,172,,True
31,libero_10_task3,173,,True
31,libero_10_task3,174,,True
31,libero_10_task3,175,,True
31,libero_10_task3,176,,True
31,libero_10_task3,177,,True
31,libero_10_task3,178,,True
31,libero_10_task3,179,,True
31,libero_10_task3,180,,True
31,libero_10_task3,181,,True
31,libero_10_task3,182,,True
31,libero_10_task3,183,,True
31,libero_10_task3,184,,True
31,libero_10_task3,185,,True
31,libero_10_task3,186,,True
31,libero_10_task3,187,,True
31,libero_10_task3,188,,True
31,libero_10_task3,189,,True
31,libero_10_task3,190,,True
31,libero_10_task3,191,,True
31,libero_10_task3,192,,True
31,libero_10_task3,193,,True
31,libero_10_task3,194,,True
31,libero_10_task3,195,,True
31,libero_10_task3,196,,True
31,libero_10_task3,197,,True
31,libero_10_task3,198,,True
31,libero_10_task3,199,,True
31,libero_10_task3,200,,True
31,libero_10_task3,201,,True
31,libero_10_task3,202,,True
31,libero_10_task3,203,,True
31,libero_10_task3,204,,True
31,libero_10_task3,205,,True
31,libero_10_task3,206,,True
31,libero_10_task3,207,,True
31,libero_10_task3,208,,True
31,libero_10_task3,209,,True
31,libero_10_task3,210,,True
31,libero_10_task3,211,,True
31,libero_10_task3,212,,True
31,libero_10_task3,213,,True
31,libero_10_task3,214,,True
31,libero_10_task3,215,,True
31,libero_10_task3,216,,True
31,libero_10_task3,217,,True
31,libero_10_task3,218,,True
31,libero_10_task3,219,,True
31,libero_10_task3,220,,True
31,libero_10_task3,221,,True
31,libero_10_task3,222,,True
31,libero_10_task3,223,,True
31,libero_10_task3,224,,True
31,libero_10_task3,225,,True
31,libero_10_task3,226,,True
31,libero_10_task3,227,,True
31,libero_10_task3,228,,True
31,libero_10_task3,229,,True
31,libero_10_task3,230,,True
31,libero_10_task3,231,,True
31,libero_10_task3,232,,True
31,libero_10_task3,233,,True
31,libero_10_task3,234,,True
31,libero_10_task3,235,,True
31,libero_10_task3,236,,True
31,libero_10_task3,237,,True
31,libero_10_task3,238,,True
31,libero_10_task3,239,,True
31,libero_10_task3,240,,True
32,libero_10_task3,0,77,False
32,libero_10_task3,1,76,False
32,libero_10_task3,2,75,False
32,libero_10_task3,3,74,False
32,libero_10_task3,4,73,False
32,libero_10_task3,5,72,False
32,libero_10_task3,6,71,False
32,libero_10_task3,7,70,False
32,libero_10_task3,8,69,False
32,libero_10_task3,9,68,False
32,libero_10_task3,10,67,False
32,libero_10_task3,11,66,False
32,libero_10_task3,12,65,False
32,libero_10_task3,13,64,False
32,libero_10_task3,14,63,False
32,libero_10_task3,15,62,False
32,libero_10_task3,16,61,False
32,libero_10_task3,17,60,False
32,libero_10_task3,18,59,False
32,libero_10_task3,19,58,False
32,libero_10_task3,20,57,False
32,libero_10_task3,21,56,False
32,libero_10_task3,22,55,False
32,libero_10_task3,23,54,False
32,libero_10_task3,24,53,False
32,libero_10_task3,25,52,False
32,libero_10_task3,26,51,False
32,libero_10_task3,27,50,False
32,libero_10_task3,28,49,False
32,libero_10_task3,29,48,False
32,libero_10_task3,30,47,False
32,libero_10_task3,31,46,False
32,libero_10_task3,32,45,False
32,libero_10_task3,33,44,False
32,libero_10_task3,34,43,False
32,libero_10_task3,35,42,False
32,libero_10_task3,36,41,False
32,libero_10_task3,37,40,False
32,libero_10_task3,38,39,False
32,libero_10_task3,39,38,False
32,libero_10_task3,40,37,False
32,libero_10_task3,41,36,False
32,libero_10_task3,42,35,False
32,libero_10_task3,43,34,False
32,libero_10_task3,44,33,False
32,libero_10_task3,45,32,False
32,libero_10_task3,46,31,False
32,libero_10_task3,47,30,False
32,libero_10_task3,48,29,False
32,libero_10_task3,49,28,False
32,libero_10_task3,50,27,False
32,libero_10_task3,51,26,False
32,libero_10_task3,52,25,False
32,libero_10_task3,53,24,False
32,libero_10_task3,54,23,False
32,libero_10_task3,55,22,False
32,libero_10_task3,56,21,False
32,libero_10_task3,57,20,False
32,libero_10_task3,58,19,False
32,libero_10_task3,59,18,False
32,libero_10_task3,60,17,False
32,libero_10_task3,61,16,False
32,libero_10_task3,62,15,False
32,libero_10_task3,63,14,False
32,libero_10_task3,64,13,False
32,libero_10_task3,65,12,False
32,libero_10_task3,66,11,False
32,libero_10_task3,67,10,False
32,libero_10_task3,68,9,False
32,libero_10_task3,69,8,False
32,libero_10_task3,70,7,False
32,libero_10_task3,71,6,False
32,libero_10_task3,72,5,False
32,libero_10_task3,73,4,False
32,libero_10_task3,74,3,False
32,libero_10_task3,75,2,False
32,libero_10_task3,76,1,False
32,libero_10_task3,77,80,False
32,libero_10_task3,78,79,False
32,libero_10_task3,79,78,False
32,libero_10_task3,80,77,False
32,libero_10_task3,81,76,False
32,libero_10_task3,82,75,False
32,libero_10_task3,83,74,False
32,libero_10_task3,84,73,False
32,libero_10_task3,85,72,False
32,libero_10_task3,86,71,False
32,libero_10_task3,87,70,False
32,libero_10_task3,88,69,False
32,libero_10_task3,89,68,False
32,libero_10_task3,90,67,False
32,libero_10_task3,91,66,False
32,libero_10_task3,92,65,False
32,libero_10_task3,93,64,False
32,libero_10_task3,94,63,False
32,libero_10_task3,95,62,False
32,libero_10_task3,96,61,False
32,libero_10_task3,97,60,False
32,libero_10_task3,98,59,False
32,libero_10_task3,99,58,False
32,libero_10_task3,100,57,False
32,libero_10_task3,101,56,False
32,libero_10_task3,102,55,False
32,libero_10_task3,103,54,False
32,libero_10_task3,104,53,False
32,libero_10_task3,105,52,False
32,libero_10_task3,106,51,False
32,libero_10_task3,107,50,False
32,libero_10_task3,108,49,False
32,libero_10_task3,109,48,False
32,libero_10_task3,110,47,False
32,libero_10_task3,111,46,False
32,libero_10_task3,112,45,False
32,libero_10_task3,113,44,False
32,libero_10_task3,114,43,False
32,libero_10_task3,115,42,False
32,libero_10_task3,116,41,False
32,libero_10_task3,117,40,False
32,libero_10_task3,118,39,False
32,libero_10_task3,119,38,False
32,libero_10_task3,120,37,False
32,libero_10_task3,121,36,False
32,libero_10_task3,122,35,False
32,libero_10_task3,123,34,False
32,libero_10_task3,124,33,False
32,libero_10_task3,125,32,False
32,libero_10_task3,126,31,False
32,libero_10_task3,127,30,False
32,libero_10_task3,128,29,False
32,libero_10_task3,129,28,False
32,libero_10_task3,130,27,False
32,libero_10_task3,131,26,False
32,libero_10_task3,132,25,False
32,libero_10_task3,133,24,False
32,libero_10_task3,134,23,False
32,libero_10_task3,135,22,False
32,libero_10_task3,136,21,False
32,libero_10_task3,137,20,False
32,libero_10_task3,138,19,False
32,libero_10_task3,139,18,False
32,libero_10_task3,140,17,False
32,libero_10_task3,141,16,False
32,libero_10_task3,142,15,False
32,libero_10_task3,143,14,False
32,libero_10_task3,144,13,False
32,libero_10_task3,145,12,False
32,libero_10_task3,146,11,False
32,libero_10_task3,147,10,False
32,libero_10_task3,148,9,False
32,libero_10_task3,149,8,False
32,libero_10_task3,150,7,False
32,libero_10_task3,151,6,False
32,libero_10_task3,152,5,False
32,libero_10_task3,153,4,False
32,libero_10_task3,154,3,False
32,libero_10_task3,155,2,False
32,libero_10_task3,156,1,False
32,libero_10_task3,157,,True
32,libero_10_task3,158,,True
32,libero_10_task3,159,,True
32,libero_10_task3,160,,True
32,libero_10_task3,161,,True
32,libero_10_task3,162,,True
32,libero_10_task3,163,,True
32,libero_10_task3,164,,True
32,libero_10_task3,165,,True
32,libero_10_task3,166,,True
32,libero_10_task3,167,,True
32,libero_10_task3,168,,True
32,libero_10_task3,169,,True
32,libero_10_task3,170,,True
32,libero_10_task3,171,,True
32,libero_10_task3,172,,True
32,libero_10_task3,173,,True
32,libero_10_task3,174,,True
32,libero_10_task3,175,,True
32,libero_10_task3,176,,True
32,libero_10_task3,177,,True
32,libero_10_task3,178,,True
32,libero_10_task3,179,,True
32,libero_10_task3,180,,True
32,libero_10_task3,181,,True
32,libero_10_task3,182,,True
32,libero_10_task3,183,,True
32,libero_10_task3,184,,True
32,libero_10_task3,185,,True
32,libero_10_task3,186,,True
32,libero_10_task3,187,,True
32,libero_10_task3,188,,True
32,libero_10_task3,189,,True
32,libero_10_task3,190,,True
32,libero_10_task3,191,,True
32,libero_10_task3,192,,True
32,libero_10_task3,193,,True
32,libero_10_task3,194,,True
32,libero_10_task3,195,,True
32,libero_10_task3,196,,True
32,libero_10_task3,197,,True
32,libero_10_task3,198,,True
32,libero_10_task3,199,,True
32,libero_10_task3,200,,True
32,libero_10_task3,201,,True
32,libero_10_task3,202,,True
32,libero_10_task3,203,,True
32,libero_10_task3,204,,True
32,libero_10_task3,205,,True
32,libero_10_task3,206,,True
32,libero_10_task3,207,,True
32,libero_10_task3,208,,True
32,libero_10_task3,209,,True
32,libero_10_task3,210,,True
32,libero_10_task3,211,,True
32,libero_10_task3,212,,True
32,libero_10_task3,213,,True
32,libero_10_task3,214,,True
32,libero_10_task3,215,,True
32,libero_10_task3,216,,True
32,libero_10_task3,217,,True
32,libero_10_task3,218,,True
32,libero_10_task3,219,,True
32,libero_10_task3,220,,True
32,libero_10_task3,221,,True
32,libero_10_task3,222,,True
32,libero_10_task3,223,,True
32,libero_10_task3,224,,True
32,libero_10_task3,225,,True
32,libero_10_task3,226,,True
32,libero_10_task3,227,,True
32,libero_10_task3,228,,True
36,libero_10_task3,0,82,False
36,libero_10_task3,1,81,False
36,libero_10_task3,2,80,False
36,libero_10_task3,3,79,False
36,libero_10_task3,4,78,False
36,libero_10_task3,5,77,False
36,libero_10_task3,6,76,False
36,libero_10_task3,7,75,False
36,libero_10_task3,8,74,False
36,libero_10_task3,9,73,False
36,libero_10_task3,10,72,False
36,libero_10_task3,11,71,False
36,libero_10_task3,12,70,False
36,libero_10_task3,13,69,False
36,libero_10_task3,14,68,False
36,libero_10_task3,15,67,False
36,libero_10_task3,16,66,False
36,libero_10_task3,17,65,False
36,libero_10_task3,18,64,False
36,libero_10_task3,19,63,False
36,libero_10_task3,20,62,False
36,libero_10_task3,21,61,False
36,libero_10_task3,22,60,False
36,libero_10_task3,23,59,False
36,libero_10_task3,24,58,False
36,libero_10_task3,25,57,False
36,libero_10_task3,26,56,False
36,libero_10_task3,27,55,False
36,libero_10_task3,28,54,False
36,libero_10_task3,29,53,False
36,libero_10_task3,30,52,False
36,libero_10_task3,31,51,False
36,libero_10_task3,32,50,False
36,libero_10_task3,33,49,False
36,libero_10_task3,34,48,False
36,libero_10_task3,35,47,False
36,libero_10_task3,36,46,False
36,libero_10_task3,37,45,False
36,libero_10_task3,38,44,False
36,libero_10_task3,39,43,False
36,libero_10_task3,40,42,False
36,libero_10_task3,41,41,False
36,libero_10_task3,42,40,False
36,libero_10_task3,43,39,False
36,libero_10_task3,44,38,False
36,libero_10_task3,45,37,False
36,libero_10_task3,46,36,False
36,libero_10_task3,47,35,False
36,libero_10_task3,48,34,False
36,libero_10_task3,49,33,False
36,libero_10_task3,50,32,False
36,libero_10_task3,51,31,False
36,libero_10_task3,52,30,False
36,libero_10_task3,53,29,False
36,libero_10_task3,54,28,False
36,libero_10_task3,55,27,False
36,libero_10_task3,56,26,False
36,libero_10_task3,57,25,False
36,libero_10_task3,58,24,False
36,libero_10_task3,59,23,False
36,libero_10_task3,60,22,False
36,libero_10_task3,61,21,False
36,libero_10_task3,62,20,False
36,libero_10_task3,63,19,False
36,libero_10_task3,64,18,False
36,libero_10_task3,65,17,False
36,libero_10_task3,66,16,False
36,libero_10_task3,67,15,False
36,libero_10_task3,68,14,False
36,libero_10_task3,69,13,False
36,libero_10_task3,70,12,False
36,libero_10_task3,71,11,False
36,libero_10_task3,72,10,False
36,libero_10_task3,73,9,False
36,libero_10_task3,74,8,False
36,libero_10_task3,75,7,False
36,libero_10_task3,76,6,False
36,libero_10_task3,77,5,False
36,libero_10_task3,78,4,False
36,libero_10_task3,79,3,False
36,libero_10_task3,80,2,False
36,libero_10_task3,81,1,False
36,libero_10_task3,82,76,False
36,libero_10_task3,83,75,False
36,libero_10_task3,84,74,False
36,libero_10_task3,85,73,False
36,libero_10_task3,86,72,False
36,libero_10_task3,87,71,False
36,libero_10_task3,88,70,False
36,libero_10_task3,89,69,False
36,libero_10_task3,90,68,False
36,libero_10_task3,91,67,False
36,libero_10_task3,92,66,False
36,libero_10_task3,93,65,False
36,libero_10_task3,94,64,False
36,libero_10_task3,95,63,False
36,libero_10_task3,96,62,False
36,libero_10_task3,97,61,False
36,libero_10_task3,98,60,False
36,libero_10_task3,99,59,False
36,libero_10_task3,100,58,False
36,libero_10_task3,101,57,False
36,libero_10_task3,102,56,False
36,libero_10_task3,103,55,False
36,libero_10_task3,104,54,False
36,libero_10_task3,105,53,False
36,libero_10_task3,106,52,False
36,libero_10_task3,107,51,False
36,libero_10_task3,108,50,False
36,libero_10_task3,109,49,False
36,libero_10_task3,110,48,False
36,libero_10_task3,111,47,False
36,libero_10_task3,112,46,False
36,libero_10_task3,113,45,False
36,libero_10_task3,114,44,False
36,libero_10_task3,115,43,False
36,libero_10_task3,116,42,False
36,libero_10_task3,117,41,False
36,libero_10_task3,118,40,False
36,libero_10_task3,119,39,False
36,libero_10_task3,120,38,False
36,libero_10_task3,121,37,False
36,libero_10_task3,122,36,False
36,libero_10_task3,123,35,False
36,libero_10_task3,124,34,False
36,libero_10_task3,125,33,False
36,libero_10_task3,126,32,False
36,libero_10_task3,127,31,False
36,libero_10_task3,128,30,False
36,libero_10_task3,129,29,False
36,libero_10_task3,130,28,False
36,libero_10_task3,131,27,False
36,libero_10_task3,132,26,False
36,libero_10_task3,133,25,False
36,libero_10_task3,134,24,False
36,libero_10_task3,135,23,False
36,libero_10_task3,136,22,False
36,libero_10_task3,137,21,False
36,libero_10_task3,138,20,False
36,libero_10_task3,139,19,False
36,libero_10_task3,140,18,False
36,libero_10_task3,141,17,False
36,libero_10_task3,142,16,False
36,libero_10_task3,143,15,False
36,libero_10_task3,144,14,False
36,libero_10_task3,145,13,False
36,libero_10_task3,146,12,False
36,libero_10_task3,147,11,False
36,libero_10_task3,148,10,False
36,libero_10_task3,149,9,False
36,libero_10_task3,150,8,False
36,libero_10_task3,151,7,False
36,libero_10_task3,152,6,False
36,libero_10_task3,153,5,False
36,libero_10_task3,154,4,False
36,libero_10_task3,155,3,False
36,libero_10_task3,156,2,False
36,libero_10_task3,157,1,False
36,libero_10_task3,158,,True
36,libero_10_task3,159,,True
36,libero_10_task3,160,,True
36,libero_10_task3,161,,True
36,libero_10_task3,162,,True
36,libero_10_task3,163,,True
36,libero_10_task3,164,,True
36,libero_10_task3,165,,True
36,libero_10_task3,166,,True
36,libero_10_task3,167,,True
36,libero_10_task3,168,,True
36,libero_10_task3,169,,True
36,libero_10_task3,170,,True
36,libero_10_task3,171,,True
36,libero_10_task3,172,,True
36,libero_10_task3,173,,True
36,libero_10_task3,174,,True
36,libero_10_task3,175,,True
36,libero_10_task3,176,,True
36,libero_10_task3,177,,True
36,libero_10_task3,178,,True
36,libero_10_task3,179,,True
36,libero_10_task3,180,,True
36,libero_10_task3,181,,True
36,libero_10_task3,182,,True
36,libero_10_task3,183,,True
36,libero_10_task3,184,,True
36,libero_10_task3,185,,True
36,libero_10_task3,186,,True
36,libero_10_task3,187,,True
36,libero_10_task3,188,,True
36,libero_10_task3,189,,True
36,libero_10_task3,190,,True
36,libero_10_task3,191,,True
36,libero_10_task3,192,,True
36,libero_10_task3,193,,True
36,libero_10_task3,194,,True
36,libero_10_task3,195,,True
36,libero_10_task3,196,,True
36,libero_10_task3,197,,True
36,libero_10_task3,198,,True
36,libero_10_task3,199,,True
36,libero_10_task3,200,,True
36,libero_10_task3,201,,True
36,libero_10_task3,202,,True
36,libero_10_task3,203,,True
36,libero_10_task3,204,,True
36,libero_10_task3,205,,True
36,libero_10_task3,206,,True
36,libero_10_task3,207,,True
36,libero_10_task3,208,,True
36,libero_10_task3,209,,True
36,libero_10_task3,210,,True
36,libero_10_task3,211,,True
36,libero_10_task3,212,,True
36,libero_10_task3,213,,True
36,libero_10_task3,214,,True
36,libero_10_task3,215,,True
36,libero_10_task3,216,,True
36,libero_10_task3,217,,True
36,libero_10_task3,218,,True
36,libero_10_task3,219,,True
36,libero_10_task3,220,,True
36,libero_10_task3,221,,True
36,libero_10_task3,222,,True
36,libero_10_task3,223,,True
36,libero_10_task3,224,,True
36,libero_10_task3,225,,True
36,libero_10_task3,226,,True
36,libero_10_task3,227,,True
36,libero_10_task3,228,,True
36,libero_10_task3,229,,True
36,libero_10_task3,230,,True
36,libero_10_task3,231,,True
36,libero_10_task3,232,,True
36,libero_10_task3,233,,True
36,libero_10_task3,234,,True
36,libero_10_task3,235,,True
36,libero_10_task3,236,,True
36,libero_10_task3,237,,True
36,libero_10_task3,238,,True
36,libero_10_task3,239,,True
75,libero_10_task3,0,79,False
75,libero_10_task3,1,78,False
75,libero_10_task3,2,77,False
75,libero_10_task3,3,76,False
75,libero_10_task3,4,75,False
75,libero_10_task3,5,74,False
75,libero_10_task3,6,73,False
75,libero_10_task3,7,72,False
75,libero_10_task3,8,71,False
75,libero_10_task3,9,70,False
75,libero_10_task3,10,69,False
75,libero_10_task3,11,68,False
75,libero_10_task3,12,67,False
75,libero_10_task3,13,66,False
75,libero_10_task3,14,65,False
75,libero_10_task3,15,64,False
75,libero_10_task3,16,63,False
75,libero_10_task3,17,62,False
75,libero_10_task3,18,61,False
75,libero_10_task3,19,60,False
75,libero_10_task3,20,59,False
75,libero_10_task3,21,58,False
75,libero_10_task3,22,57,False
75,libero_10_task3,23,56,False
75,libero_10_task3,24,55,False
75,libero_10_task3,25,54,False
75,libero_10_task3,26,53,False
75,libero_10_task3,27,52,False
75,libero_10_task3,28,51,False
75,libero_10_task3,29,50,False
75,libero_10_task3,30,49,False
75,libero_10_task3,31,48,False
75,libero_10_task3,32,47,False
75,libero_10_task3,33,46,False
75,libero_10_task3,34,45,False
75,libero_10_task3,35,44,False
75,libero_10_task3,36,43,False
75,libero_10_task3,37,42,False
75,libero_10_task3,38,41,False
75,libero_10_task3,39,40,False
75,libero_10_task3,40,39,False
75,libero_10_task3,41,38,False
75,libero_10_task3,42,37,False
75,libero_10_task3,43,36,False
75,libero_10_task3,44,35,False
75,libero_10_task3,45,34,False
75,libero_10_task3,46,33,False
75,libero_10_task3,47,32,False
75,libero_10_task3,48,31,False
75,libero_10_task3,49,30,False
75,libero_10_task3,50,29,False
75,libero_10_task3,51,28,False
75,libero_10_task3,52,27,False
75,libero_10_task3,53,26,False
75,libero_10_task3,54,25,False
75,libero_10_task3,55,24,False
75,libero_10_task3,56,23,False
75,libero_10_task3,57,22,False
75,libero_10_task3,58,21,False
75,libero_10_task3,59,20,False
75,libero_10_task3,60,19,False
75,libero_10_task3,61,18,False
75,libero_10_task3,62,17,False
75,libero_10_task3,63,16,False
75,libero_10_task3,64,15,False
75,libero_10_task3,65,14,False
75,libero_10_task3,66,13,False
75,libero_10_task3,67,12,False
75,libero_10_task3,68,11,False
75,libero_10_task3,69,10,False
75,libero_10_task3,70,9,False
75,libero_10_task3,71,8,False
75,libero_10_task3,72,7,False
75,libero_10_task3,73,6,False
75,libero_10_task3,74,5,False
75,libero_10_task3,75,4,False
75,libero_10_task3,76,3,False
75,libero_10_task3,77,2,False
75,libero_10_task3,78,1,False
75,libero_10_task3,79,79,False
75,libero_10_task3,80,78,False
75,libero_10_task3,81,77,False
75,libero_10_task3,82,76,False
75,libero_10_task3,83,75,False
75,libero_10_task3,84,74,False
75,libero_10_task3,85,73,False
75,libero_10_task3,86,72,False
75,libero_10_task3,87,71,False
75,libero_10_task3,88,70,False
75,libero_10_task3,89,69,False
75,libero_10_task3,90,68,False
75,libero_10_task3,91,67,False
75,libero_10_task3,92,66,False
75,libero_10_task3,93,65,False
75,libero_10_task3,94,64,False
75,libero_10_task3,95,63,False
75,libero_10_task3,96,62,False
75,libero_10_task3,97,61,False
75,libero_10_task3,98,60,False
75,libero_10_task3,99,59,False
75,libero_10_task3,100,58,False
75,libero_10_task3,101,57,False
75,libero_10_task3,102,56,False
75,libero_10_task3,103,55,False
75,libero_10_task3,104,54,False
75,libero_10_task3,105,53,False
75,libero_10_task3,106,52,False
75,libero_10_task3,107,51,False
75,libero_10_task3,108,50,False
75,libero_10_task3,109,49,False
75,libero_10_task3,110,48,False
75,libero_10_task3,111,47,False
75,libero_10_task3,112,46,False
75,libero_10_task3,113,45,False
75,libero_10_task3,114,44,False
75,libero_10_task3,115,43,False
75,libero_10_task3,116,42,False
75,libero_10_task3,117,41,False
75,libero_10_task3,118,40,False
75,libero_10_task3,119,39,False
75,libero_10_task3,120,38,False
75,libero_10_task3,121,37,False
75,libero_10_task3,122,36,False
75,libero_10_task3,123,35,False
75,libero_10_task3,124,34,False
75,libero_10_task3,125,33,False
75,libero_10_task3,126,32,False
75,libero_10_task3,127,31,False
75,libero_10_task3,128,30,False
75,libero_10_task3,129,29,False
75,libero_10_task3,130,28,False
75,libero_10_task3,131,27,False
75,libero_10_task3,132,26,False
75,libero_10_task3,133,25,False
75,libero_10_task3,134,24,False
75,libero_10_task3,135,23,False
75,libero_10_task3,136,22,False
75,libero_10_task3,137,21,False
75,libero_10_task3,138,20,False
75,libero_10_task3,139,19,False
75,libero_10_task3,140,18,False
75,libero_10_task3,141,17,False
75,libero_10_task3,142,16,False
75,libero_10_task3,143,15,False
75,libero_10_task3,144,14,False
75,libero_10_task3,145,13,False
75,libero_10_task3,146,12,False
75,libero_10_task3,147,11,False
75,libero_10_task3,148,10,False
75,libero_10_task3,149,9,False
75,libero_10_task3,150,8,False
75,libero_10_task3,151,7,False
75,libero_10_task3,152,6,False
75,libero_10_task3,153,5,False
75,libero_10_task3,154,4,False
75,libero_10_task3,155,3,False
75,libero_10_task3,156,2,False
75,libero_10_task3,157,1,False
75,libero_10_task3,158,,True
75,libero_10_task3,159,,True
75,libero_10_task3,160,,True
75,libero_10_task3,161,,True
75,libero_10_task3,162,,True
75,libero_10_task3,163,,True
75,libero_10_task3,164,,True
75,libero_10_task3,165,,True
75,libero_10_task3,166,,True
75,libero_10_task3,167,,True
75,libero_10_task3,168,,True
75,libero_10_task3,169,,True
75,libero_10_task3,170,,True
75,libero_10_task3,171,,True
75,libero_10_task3,172,,True
75,libero_10_task3,173,,True
75,libero_10_task3,174,,True
75,libero_10_task3,175,,True
75,libero_10_task3,176,,True
75,libero_10_task3,177,,True
75,libero_10_task3,178,,True
75,libero_10_task3,179,,True
75,libero_10_task3,180,,True
75,libero_10_task3,181,,True
75,libero_10_task3,182,,True
75,libero_10_task3,183,,True
75,libero_10_task3,184,,True
75,libero_10_task3,185,,True
75,libero_10_task3,186,,True
75,libero_10_task3,187,,True
75,libero_10_task3,188,,True
75,libero_10_task3,189,,True
75,libero_10_task3,190,,True
75,libero_10_task3,191,,True
75,libero_10_task3,192,,True
75,libero_10_task3,193,,True
75,libero_10_task3,194,,True
75,libero_10_task3,195,,True
75,libero_10_task3,196,,True
75,libero_10_task3,197,,True
75,libero_10_task3,198,,True
75,libero_10_task3,199,,True
75,libero_10_task3,200,,True
75,libero_10_task3,201,,True
75,libero_10_task3,202,,True
75,libero_10_task3,203,,True
75,libero_10_task3,204,,True
75,libero_10_task3,205,,True
75,libero_10_task3,206,,True
75,libero_10_task3,207,,True
75,libero_10_task3,208,,True
75,libero_10_task3,209,,True
75,libero_10_task3,210,,True
75,libero_10_task3,211,,True
75,libero_10_task3,212,,True
75,libero_10_task3,213,,True
75,libero_10_task3,214,,True
75,libero_10_task3,215,,True
75,libero_10_task3,216,,True
75,libero_10_task3,217,,True
75,libero_10_task3,218,,True
75,libero_10_task3,219,,True
75,libero_10_task3,220,,True
75,libero_10_task3,221,,True
75,libero_10_task3,222,,True
75,libero_10_task3,223,,True
75,libero_10_task3,224,,True
75,libero_10_task3,225,,True
75,libero_10_task3,226,,True
75,libero_10_task3,227,,True
75,libero_10_task3,228,,True
75,libero_10_task3,229,,True
75,libero_10_task3,230,,True
75,libero_10_task3,231,,True
75,libero_10_task3,232,,True
75,libero_10_task3,233,,True
75,libero_10_task3,234,,True
75,libero_10_task3,235,,True
75,libero_10_task3,236,,True
75,libero_10_task3,237,,True
75,libero_10_task3,238,,True
75,libero_10_task3,239,,True
89,libero_10_task3,0,65,False
89,libero_10_task3,1,64,False
89,libero_10_task3,2,63,False
89,libero_10_task3,3,62,False
89,libero_10_task3,4,61,False
89,libero_10_task3,5,60,False
89,libero_10_task3,6,59,False
89,libero_10_task3,7,58,False
89,libero_10_task3,8,57,False
89,libero_10_task3,9,56,False
89,libero_10_task3,10,55,False
89,libero_10_task3,11,54,False
89,libero_10_task3,12,53,False
89,libero_10_task3,13,52,False
89,libero_10_task3,14,51,False
89,libero_10_task3,15,50,False
89,libero_10_task3,16,49,False
89,libero_10_task3,17,48,False
89,libero_10_task3,18,47,False
89,libero_10_task3,19,46,False
89,libero_10_task3,20,45,False
89,libero_10_task3,21,44,False
89,libero_10_task3,22,43,False
89,libero_10_task3,23,42,False
89,libero_10_task3,24,41,False
89,libero_10_task3,25,40,False
89,libero_10_task3,26,39,False
89,libero_10_task3,27,38,False
89,libero_10_task3,28,37,False
89,libero_10_task3,29,36,False
89,libero_10_task3,30,35,False
89,libero_10_task3,31,34,False
89,libero_10_task3,32,33,False
89,libero_10_task3,33,32,False
89,libero_10_task3,34,31,False
89,libero_10_task3,35,30,False
89,libero_10_task3,36,29,False
89,libero_10_task3,37,28,False
89,libero_10_task3,38,27,False
89,libero_10_task3,39,26,False
89,libero_10_task3,40,25,False
89,libero_10_task3,41,24,False
89,libero_10_task3,42,23,False
89,libero_10_task3,43,22,False
89,libero_10_task3,44,21,False
89,libero_10_task3,45,20,False
89,libero_10_task3,46,19,False
89,libero_10_task3,47,18,False
89,libero_10_task3,48,17,False
89,libero_10_task3,49,16,False
89,libero_10_task3,50,15,False
89,libero_10_task3,51,14,False
89,libero_10_task3,52,13,False
89,libero_10_task3,53,12,False
89,libero_10_task3,54,11,False
89,libero_10_task3,55,10,False
89,libero_10_task3,56,9,False
89,libero_10_task3,57,8,False
89,libero_10_task3,58,7,False
89,libero_10_task3,59,6,False
89,libero_10_task3,60,5,False
89,libero_10_task3,61,4,False
89,libero_10_task3,62,3,False
89,libero_10_task3,63,2,False
89,libero_10_task3,64,1,False
89,libero_10_task3,65,78,False
89,libero_10_task3,66,77,False
89,libero_10_task3,67,76,False
89,libero_10_task3,68,75,False
89,libero_10_task3,69,74,False
89,libero_10_task3,70,73,False
89,libero_10_task3,71,72,False
89,libero_10_task3,72,71,False
89,libero_10_task3,73,70,False
89,libero_10_task3,74,69,False
89,libero_10_task3,75,68,False
89,libero_10_task3,76,67,False
89,libero_10_task3,77,66,False
89,libero_10_task3,78,65,False
89,libero_10_task3,79,64,False
89,libero_10_task3,80,63,False
89,libero_10_task3,81,62,False
89,libero_10_task3,82,61,False
89,libero_10_task3,83,60,False
89,libero_10_task3,84,59,False
89,libero_10_task3,85,58,False
89,libero_10_task3,86,57,False
89,libero_10_task3,87,56,False
89,libero_10_task3,88,55,False
89,libero_10_task3,89,54,False
89,libero_10_task3,90,53,False
89,libero_10_task3,91,52,False
89,libero_10_task3,92,51,False
89,libero_10_task3,93,50,False
89,libero_10_task3,94,49,False
89,libero_10_task3,95,48,False
89,libero_10_task3,96,47,False
89,libero_10_task3,97,46,False
89,libero_10_task3,98,45,False
89,libero_10_task3,99,44,False
89,libero_10_task3,100,43,False
89,libero_10_task3,101,42,False
89,libero_10_task3,102,41,False
89,libero_10_task3,103,40,False
89,libero_10_task3,104,39,False
89,libero_10_task3,105,38,False
89,libero_10_task3,106,37,False
89,libero_10_task3,107,36,False
89,libero_10_task3,108,35,False
89,libero_10_task3,109,34,False
89,libero_10_task3,110,33,False
89,libero_10_task3,111,32,False
89,libero_10_task3,112,31,False
89,libero_10_task3,113,30,False
89,libero_10_task3,114,29,False
89,libero_10_task3,115,28,False
89,libero_10_task3,116,27,False
89,libero_10_task3,117,26,False
89,libero_10_task3,118,25,False
89,libero_10_task3,119,24,False
89,libero_10_task3,120,23,False
89,libero_10_task3,121,22,False
89,libero_10_task3,122,21,False
89,libero_10_task3,123,20,False
89,libero_10_task3,124,19,False
89,libero_10_task3,125,18,False
89,libero_10_task3,126,17,False
89,libero_10_task3,127,16,False
89,libero_10_task3,128,15,False
89,libero_10_task3,129,14,False
89,libero_10_task3,130,13,False
89,libero_10_task3,131,12,False
89,libero_10_task3,132,11,False
89,libero_10_task3,133,10,False
89,libero_10_task3,134,9,False
89,libero_10_task3,135,8,False
89,libero_10_task3,136,7,False
89,libero_10_task3,137,6,False
89,libero_10_task3,138,5,False
89,libero_10_task3,139,4,False
89,libero_10_task3,140,3,False
89,libero_10_task3,141,2,False
89,libero_10_task3,142,1,False
89,libero_10_task3,143,,True
89,libero_10_task3,144,,True
89,libero_10_task3,145,,True
89,libero_10_task3,146,,True
89,libero_10_task3,147,,True
89,libero_10_task3,148,,True
89,libero_10_task3,149,,True
89,libero_10_task3,150,,True
89,libero_10_task3,151,,True
89,libero_10_task3,152,,True
89,libero_10_task3,153,,True
89,libero_10_task3,154,,True
89,libero_10_task3,155,,True
89,libero_10_task3,156,,True
89,libero_10_task3,157,,True
89,libero_10_task3,158,,True
89,libero_10_task3,159,,True
89,libero_10_task3,160,,True
89,libero_10_task3,161,,True
89,libero_10_task3,162,,True
89,libero_10_task3,163,,True
89,libero_10_task3,164,,True
89,libero_10_task3,165,,True
89,libero_10_task3,166,,True
89,libero_10_task3,167,,True
89,libero_10_task3,168,,True
89,libero_10_task3,169,,True
89,libero_10_task3,170,,True
89,libero_10_task3,171,,True
89,libero_10_task3,172,,True
89,libero_10_task3,173,,True
89,libero_10_task3,174,,True
89,libero_10_task3,175,,True
89,libero_10_task3,176,,True
89,libero_10_task3,177,,True
89,libero_10_task3,178,,True
89,libero_10_task3,179,,True
89,libero_10_task3,180,,True
89,libero_10_task3,181,,True
89,libero_10_task3,182,,True
89,libero_10_task3,183,,True
89,libero_10_task3,184,,True
89,libero_10_task3,185,,True
89,libero_10_task3,186,,True
89,libero_10_task3,187,,True
89,libero_10_task3,188,,True
89,libero_10_task3,189,,True
89,libero_10_task3,190,,True
89,libero_10_task3,191,,True
89,libero_10_task3,192,,True
89,libero_10_task3,193,,True
89,libero_10_task3,194,,True
89,libero_10_task3,195,,True
89,libero_10_task3,196,,True
89,libero_10_task3,197,,True
89,libero_10_task3,198,,True
89,libero_10_task3,199,,True
89,libero_10_task3,200,,True
89,libero_10_task3,201,,True
89,libero_10_task3,202,,True
89,libero_10_task3,203,,True
89,libero_10_task3,204,,True
89,libero_10_task3,205,,True
89,libero_10_task3,206,,True
89,libero_10_task3,207,,True
89,libero_10_task3,208,,True
89,libero_10_task3,209,,True
89,libero_10_task3,210,,True
89,libero_10_task3,211,,True
89,libero_10_task3,212,,True
89,libero_10_task3,213,,True
89,libero_10_task3,214,,True
89,libero_10_task3,215,,True
89,libero_10_task3,216,,True
89,libero_10_task3,217,,True
89,libero_10_task3,218,,True
89,libero_10_task3,219,,True
89,libero_10_task3,220,,True
89,libero_10_task3,221,,True
89,libero_10_task3,222,,True
89,libero_10_task3,223,,True
89,libero_10_task3,224,,True
89,libero_10_task3,225,,True
89,libero_10_task3,226,,True
89,libero_10_task3,227,,True
89,libero_10_task3,228,,True
90,libero_10_task3,0,78,False
90,libero_10_task3,1,77,False
90,libero_10_task3,2,76,False
90,libero_10_task3,3,75,False
90,libero_10_task3,4,74,False
90,libero_10_task3,5,73,False
90,libero_10_task3,6,72,False
90,libero_10_task3,7,71,False
90,libero_10_task3,8,70,False
90,libero_10_task3,9,69,False
90,libero_10_task3,10,68,False
90,libero_10_task3,11,67,False
90,libero_10_task3,12,66,False
90,libero_10_task3,13,65,False
90,libero_10_task3,14,64,False
90,libero_10_task3,15,63,False
90,libero_10_task3,16,62,False
90,libero_10_task3,17,61,False
90,libero_10_task3,18,60,False
90,libero_10_task3,19,59,False
90,libero_10_task3,20,58,False
90,libero_10_task3,21,57,False
90,libero_10_task3,22,56,False
90,libero_10_task3,23,55,False
90,libero_10_task3,24,54,False
90,libero_10_task3,25,53,False
90,libero_10_task3,26,52,False
90,libero_10_task3,27,51,False
90,libero_10_task3,28,50,False
90,libero_10_task3,29,49,False
90,libero_10_task3,30,48,False
90,libero_10_task3,31,47,False
90,libero_10_task3,32,46,False
90,libero_10_task3,33,45,False
90,libero_10_task3,34,44,False
90,libero_10_task3,35,43,False
90,libero_10_task3,36,42,False
90,libero_10_task3,37,41,False
90,libero_10_task3,38,40,False
90,libero_10_task3,39,39,False
90,libero_10_task3,40,38,False
90,libero_10_task3,41,37,False
90,libero_10_task3,42,36,False
90,libero_10_task3,43,35,False
90,libero_10_task3,44,34,False
90,libero_10_task3,45,33,False
90,libero_10_task3,46,32,False
90,libero_10_task3,47,31,False
90,libero_10_task3,48,30,False
90,libero_10_task3,49,29,False
90,libero_10_task3,50,28,False
90,libero_10_task3,51,27,False
90,libero_10_task3,52,26,False
90,libero_10_task3,53,25,False
90,libero_10_task3,54,24,False
90,libero_10_task3,55,23,False
90,libero_10_task3,56,22,False
90,libero_10_task3,57,21,False
90,libero_10_task3,58,20,False
90,libero_10_task3,59,19,False
90,libero_10_task3,60,18,False
90,libero_10_task3,61,17,False
90,libero_10_task3,62,16,False
90,libero_10_task3,63,15,False
90,libero_10_task3,64,14,False
90,libero_10_task3,65,13,False
90,libero_10_task3,66,12,False
90,libero_10_task3,67,11,False
90,libero_10_task3,68,10,False
90,libero_10_task3,69,9,False
90,libero_10_task3,70,8,False
90,libero_10_task3,71,7,False
90,libero_10_task3,72,6,False
90,libero_10_task3,73,5,False
90,libero_10_task3,74,4,False
90,libero_10_task3,75,3,False
90,libero_10_task3,76,2,False
90,libero_10_task3,77,1,False
90,libero_10_task3,78,64,False
90,libero_10_task3,79,63,False
90,libero_10_task3,80,62,False
90,libero_10_task3,81,61,False
90,libero_10_task3,82,60,False
90,libero_10_task3,83,59,False
90,libero_10_task3,84,58,False
90,libero_10_task3,85,57,False
90,libero_10_task3,86,56,False
90,libero_10_task3,87,55,False
90,libero_10_task3,88,54,False
90,libero_10_task3,89,53,False
90,libero_10_task3,90,52,False
90,libero_10_task3,91,51,False
90,libero_10_task3,92,50,False
90,libero_10_task3,93,49,False
90,libero_10_task3,94,48,False
90,libero_10_task3,95,47,False
90,libero_10_task3,96,46,False
90,libero_10_task3,97,45,False
90,libero_10_task3,98,44,False
90,libero_10_task3,99,43,False
90,libero_10_task3,100,42,False
90,libero_10_task3,101,41,False
90,libero_10_task3,102,40,False
90,libero_10_task3,103,39,False
90,libero_10_task3,104,38,False
90,libero_10_task3,105,37,False
90,libero_10_task3,106,36,False
90,libero_10_task3,107,35,False
90,libero_10_task3,108,34,False
90,libero_10_task3,109,33,False
90,libero_10_task3,110,32,False
90,libero_10_task3,111,31,False
90,libero_10_task3,112,30,False
90,libero_10_task3,113,29,False
90,libero_10_task3,114,28,False
90,libero_10_task3,115,27,False
90,libero_10_task3,116,26,False
90,libero_10_task3,117,25,False
90,libero_10_task3,118,24,False
90,libero_10_task3,119,23,False
90,libero_10_task3,120,22,False
90,libero_10_task3,121,21,False
90,libero_10_task3,122,20,False
90,libero_10_task3,123,19,False
90,libero_10_task3,124,18,False
90,libero_10_task3,125,17,False
90,libero_10_task3,126,16,False
90,libero_10_task3,127,15,False
90,libero_10_task3,128,14,False
90,libero_10_task3,129,13,False
90,libero_10_task3,130,12,False
90,libero_10_task3,131,11,False
90,libero_10_task3,132,10,False
90,libero_10_task3,133,9,False
90,libero_10_task3,134,8,False
90,libero_10_task3,135,7,False
90,libero_10_task3,136,6,False
90,libero_10_task3,137,5,False
90,libero_10_task3,138,4,False
90,libero_10_task3,139,3,False
90,libero_10_task3,140,2,False
90,libero_10_task3,141,1,False
90,libero_10_task3,142,,True
90,libero_10_task3,143,,True
90,libero_10_task3,144,,True
90,libero_10_task3,145,,True
90,libero_10_task3,146,,True
90,libero_10_task3,147,,True
90,libero_10_task3,148,,True
90,libero_10_task3,149,,True
90,libero_10_task3,150,,True
90,libero_10_task3,151,,True
90,libero_10_task3,152,,True
90,libero_10_task3,153,,True
90,libero_10_task3,154,,True
90,libero_10_task3,155,,True
90,libero_10_task3,156,,True
90,libero_10_task3,157,,True
90,libero_10_task3,158,,True
90,libero_10_task3,159,,True
90,libero_10_task3,160,,True
90,libero_10_task3,161,,True
90,libero_10_task3,162,,True
90,libero_10_task3,163,,True
90,libero_10_task3,164,,True
90,libero_10_task3,165,,True
90,libero_10_task3,166,,True
90,libero_10_task3,167,,True
90,libero_10_task3,168,,True
90,libero_10_task3,169,,True
90,libero_10_task3,170,,True
90,libero_10_task3,171,,True
90,libero_10_task3,172,,True
90,libero_10_task3,173,,True
90,libero_10_task3,174,,True
90,libero_10_task3,175,,True
90,libero_10_task3,176,,True
90,libero_10_task3,177,,True
90,libero_10_task3,178,,True
90,libero_10_task3,179,,True
90,libero_10_task3,180,,True
90,libero_10_task3,181,,True
90,libero_10_task3,182,,True
90,libero_10_task3,183,,True
90,libero_10_task3,184,,True
90,libero_10_task3,185,,True
90,libero_10_task3,186,,True
90,libero_10_task3,187,,True
90,libero_10_task3,188,,True
90,libero_10_task3,189,,True
90,libero_10_task3,190,,True
90,libero_10_task3,191,,True
90,libero_10_task3,192,,True
90,libero_10_task3,193,,True
90,libero_10_task3,194,,True
90,libero_10_task3,195,,True
90,libero_10_task3,196,,True
90,libero_10_task3,197,,True
90,libero_10_task3,198,,True
90,libero_10_task3,199,,True
90,libero_10_task3,200,,True
90,libero_10_task3,201,,True
90,libero_10_task3,202,,True
90,libero_10_task3,203,,True
90,libero_10_task3,204,,True
90,libero_10_task3,205,,True
90,libero_10_task3,206,,True
90,libero_10_task3,207,,True
90,libero_10_task3,208,,True
90,libero_10_task3,209,,True
90,libero_10_task3,210,,True
90,libero_10_task3,211,,True
90,libero_10_task3,212,,True
90,libero_10_task3,213,,True
90,libero_10_task3,214,,True
90,libero_10_task3,215,,True
90,libero_10_task3,216,,True
90,libero_10_task3,217,,True
90,libero_10_task3,218,,True
90,libero_10_task3,219,,True
90,libero_10_task3,220,,True
90,libero_10_task3,221,,True
90,libero_10_task3,222,,True
97,libero_10_task3,0,75,False
97,libero_10_task3,1,74,False
97,libero_10_task3,2,73,False
97,libero_10_task3,3,72,False
97,libero_10_task3,4,71,False
97,libero_10_task3,5,70,False
97,libero_10_task3,6,69,False
97,libero_10_task3,7,68,False
97,libero_10_task3,8,67,False
97,libero_10_task3,9,66,False
97,libero_10_task3,10,65,False
97,libero_10_task3,11,64,False
97,libero_10_task3,12,63,False
97,libero_10_task3,13,62,False
97,libero_10_task3,14,61,False
97,libero_10_task3,15,60,False
97,libero_10_task3,16,59,False
97,libero_10_task3,17,58,False
97,libero_10_task3,18,57,False
97,libero_10_task3,19,56,False
97,libero_10_task3,20,55,False
97,libero_10_task3,21,54,False
97,libero_10_task3,22,53,False
97,libero_10_task3,23,52,False
97,libero_10_task3,24,51,False
97,libero_10_task3,25,50,False
97,libero_10_task3,26,49,False
97,libero_10_task3,27,48,False
97,libero_10_task3,28,47,False
97,libero_10_task3,29,46,False
97,libero_10_task3,30,45,False
97,libero_10_task3,31,44,False
97,libero_10_task3,32,43,False
97,libero_10_task3,33,42,False
97,libero_10_task3,34,41,False
97,libero_10_task3,35,40,False
97,libero_10_task3,36,39,False
97,libero_10_task3,37,38,False
97,libero_10_task3,38,37,False
97,libero_10_task3,39,36,False
97,libero_10_task3,40,35,False
97,libero_10_task3,41,34,False
97,libero_10_task3,42,33,False
97,libero_10_task3,43,32,False
97,libero_10_task3,44,31,False
97,libero_10_task3,45,30,False
97,libero_10_task3,46,29,False
97,libero_10_task3,47,28,False
97,libero_10_task3,48,27,False
97,libero_10_task3,49,26,False
97,libero_10_task3,50,25,False
97,libero_10_task3,51,24,False
97,libero_10_task3,52,23,False
97,libero_10_task3,53,22,False
97,libero_10_task3,54,21,False
97,libero_10_task3,55,20,False
97,libero_10_task3,56,19,False
97,libero_10_task3,57,18,False
97,libero_10_task3,58,17,False
97,libero_10_task3,59,16,False
97,libero_10_task3,60,15,False
97,libero_10_task3,61,14,False
97,libero_10_task3,62,13,False
97,libero_10_task3,63,12,False
97,libero_10_task3,64,11,False
97,libero_10_task3,65,10,False
97,libero_10_task3,66,9,False
97,libero_10_task3,67,8,False
97,libero_10_task3,68,7,False
97,libero_10_task3,69,6,False
97,libero_10_task3,70,5,False
97,libero_10_task3,71,4,False
97,libero_10_task3,72,3,False
97,libero_10_task3,73,2,False
97,libero_10_task3,74,1,False
97,libero_10_task3,75,101,False
97,libero_10_task3,76,100,False
97,libero_10_task3,77,99,False
97,libero_10_task3,78,98,False
97,libero_10_task3,79,97,False
97,libero_10_task3,80,96,False
97,libero_10_task3,81,95,False
97,libero_10_task3,82,94,False
97,libero_10_task3,83,93,False
97,libero_10_task3,84,92,False
97,libero_10_task3,85,91,False
97,libero_10_task3,86,90,False
97,libero_10_task3,87,89,False
97,libero_10_task3,88,88,False
97,libero_10_task3,89,87,False
97,libero_10_task3,90,86,False
97,libero_10_task3,91,85,False
97,libero_10_task3,92,84,False
97,libero_10_task3,93,83,False
97,libero_10_task3,94,82,False
97,libero_10_task3,95,81,False
97,libero_10_task3,96,80,False
97,libero_10_task3,97,79,False
97,libero_10_task3,98,78,False
97,libero_10_task3,99,77,False
97,libero_10_task3,100,76,False
97,libero_10_task3,101,75,False
97,libero_10_task3,102,74,False
97,libero_10_task3,103,73,False
97,libero_10_task3,104,72,False
97,libero_10_task3,105,71,False
97,libero_10_task3,106,70,False
97,libero_10_task3,107,69,False
97,libero_10_task3,108,68,False
97,libero_10_task3,109,67,False
97,libero_10_task3,110,66,False
97,libero_10_task3,111,65,False
97,libero_10_task3,112,64,False
97,libero_10_task3,113,63,False
97,libero_10_task3,114,62,False
97,libero_10_task3,115,61,False
97,libero_10_task3,116,60,False
97,libero_10_task3,117,59,False
97,libero_10_task3,118,58,False
97,libero_10_task3,119,57,False
97,libero_10_task3,120,56,False
97,libero_10_task3,121,55,False
97,libero_10_task3,122,54,False
97,libero_10_task3,123,53,False
97,libero_10_task3,124,52,False
97,libero_10_task3,125,51,False
97,libero_10_task3,126,50,False
97,libero_10_task3,127,49,False
97,libero_10_task3,128,48,False
97,libero_10_task3,129,47,False
97,libero_10_task3,130,46,False
97,libero_10_task3,131,45,False
97,libero_10_task3,132,44,False
97,libero_10_task3,133,43,False
97,libero_10_task3,134,42,False
97,libero_10_task3,135,41,False
97,libero_10_task3,136,40,False
97,libero_10_task3,137,39,False
97,libero_10_task3,138,38,False
97,libero_10_task3,139,37,False
97,libero_10_task3,140,36,False
97,libero_10_task3,141,35,False
97,libero_10_task3,142,34,False
97,libero_10_task3,143,33,False
97,libero_10_task3,144,32,False
97,libero_10_task3,145,31,False
97,libero_10_task3,146,30,False
97,libero_10_task3,147,29,False
97,libero_10_task3,148,28,False
97,libero_10_task3,149,27,False
97,libero_10_task3,150,26,False
97,libero_10_task3,151,25,False
97,libero_10_task3,152,24,False
97,libero_10_task3,153,23,False
97,libero_10_task3,154,22,False
97,libero_10_task3,155,21,False
97,libero_10_task3,156,20,False
97,libero_10_task3,157,19,False
97,libero_10_task3,158,18,False
97,libero_10_task3,159,17,False
97,libero_10_task3,160,16,False
97,libero_10_task3,161,15,False
97,libero_10_task3,162,14,False
97,libero_10_task3,163,13,False
97,libero_10_task3,164,12,False
97,libero_10_task3,165,11,False
97,libero_10_task3,166,10,False
97,libero_10_task3,167,9,False
97,libero_10_task3,168,8,False
97,libero_10_task3,169,7,False
97,libero_10_task3,170,6,False
97,libero_10_task3,171,5,False
97,libero_10_task3,172,4,False
97,libero_10_task3,173,3,False
97,libero_10_task3,174,2,False
97,libero_10_task3,175,1,False
97,libero_10_task3,176,,True
97,libero_10_task3,177,,True
97,libero_10_task3,178,,True
97,libero_10_task3,179,,True
97,libero_10_task3,180,,True
97,libero_10_task3,181,,True
97,libero_10_task3,182,,True
97,libero_10_task3,183,,True
97,libero_10_task3,184,,True
97,libero_10_task3,185,,True
97,libero_10_task3,186,,True
97,libero_10_task3,187,,True
97,libero_10_task3,188,,True
97,libero_10_task3,189,,True
97,libero_10_task3,190,,True
97,libero_10_task3,191,,True
97,libero_10_task3,192,,True
97,libero_10_task3,193,,True
97,libero_10_task3,194,,True
97,libero_10_task3,195,,True
97,libero_10_task3,196,,True
97,libero_10_task3,197,,True
97,libero_10_task3,198,,True
97,libero_10_task3,199,,True
97,libero_10_task3,200,,True
97,libero_10_task3,201,,True
97,libero_10_task3,202,,True
97,libero_10_task3,203,,True
97,libero_10_task3,204,,True
97,libero_10_task3,205,,True
97,libero_10_task3,206,,True
97,libero_10_task3,207,,True
97,libero_10_task3,208,,True
97,libero_10_task3,209,,True
97,libero_10_task3,210,,True
97,libero_10_task3,211,,True
97,libero_10_task3,212,,True
97,libero_10_task3,213,,True
97,libero_10_task3,214,,True
97,libero_10_task3,215,,True
97,libero_10_task3,216,,True
97,libero_10_task3,217,,True
97,libero_10_task3,218,,True
97,libero_10_task3,219,,True
97,libero_10_task3,220,,True
97,libero_10_task3,221,,True
97,libero_10_task3,222,,True
97,libero_10_task3,223,,True
97,libero_10_task3,224,,True
97,libero_10_task3,225,,True
97,libero_10_task3,226,,True
97,libero_10_task3,227,,True
97,libero_10_task3,228,,True
97,libero_10_task3,229,,True
97,libero_10_task3,230,,True
97,libero_10_task3,231,,True
97,libero_10_task3,232,,True
97,libero_10_task3,233,,True
97,libero_10_task3,234,,True
97,libero_10_task3,235,,True
97,libero_10_task3,236,,True
97,libero_10_task3,237,,True
97,libero_10_task3,238,,True
97,libero_10_task3,239,,True
97,libero_10_task3,240,,True
97,libero_10_task3,241,,True
97,libero_10_task3,242,,True
97,libero_10_task3,243,,True
97,libero_10_task3,244,,True
97,libero_10_task3,245,,True
97,libero_10_task3,246,,True
97,libero_10_task3,247,,True
97,libero_10_task3,248,,True
112,libero_10_task3,0,78,False
112,libero_10_task3,1,77,False
112,libero_10_task3,2,76,False
112,libero_10_task3,3,75,False
112,libero_10_task3,4,74,False
112,libero_10_task3,5,73,False
112,libero_10_task3,6,72,False
112,libero_10_task3,7,71,False
112,libero_10_task3,8,70,False
112,libero_10_task3,9,69,False
112,libero_10_task3,10,68,False
112,libero_10_task3,11,67,False
112,libero_10_task3,12,66,False
112,libero_10_task3,13,65,False
112,libero_10_task3,14,64,False
112,libero_10_task3,15,63,False
112,libero_10_task3,16,62,False
112,libero_10_task3,17,61,False
112,libero_10_task3,18,60,False
112,libero_10_task3,19,59,False
112,libero_10_task3,20,58,False
112,libero_10_task3,21,57,False
112,libero_10_task3,22,56,False
112,libero_10_task3,23,55,False
112,libero_10_task3,24,54,False
112,libero_10_task3,25,53,False
112,libero_10_task3,26,52,False
112,libero_10_task3,27,51,False
112,libero_10_task3,28,50,False
112,libero_10_task3,29,49,False
112,libero_10_task3,30,48,False
112,libero_10_task3,31,47,False
112,libero_10_task3,32,46,False
112,libero_10_task3,33,45,False
112,libero_10_task3,34,44,False
112,libero_10_task3,35,43,False
112,libero_10_task3,36,42,False
112,libero_10_task3,37,41,False
112,libero_10_task3,38,40,False
112,libero_10_task3,39,39,False
112,libero_10_task3,40,38,False
112,libero_10_task3,41,37,False
112,libero_10_task3,42,36,False
112,libero_10_task3,43,35,False
112,libero_10_task3,44,34,False
112,libero_10_task3,45,33,False
112,libero_10_task3,46,32,False
112,libero_10_task3,47,31,False
112,libero_10_task3,48,30,False
112,libero_10_task3,49,29,False
112,libero_10_task3,50,28,False
112,libero_10_task3,51,27,False
112,libero_10_task3,52,26,False
112,libero_10_task3,53,25,False
112,libero_10_task3,54,24,False
112,libero_10_task3,55,23,False
112,libero_10_task3,56,22,False
112,libero_10_task3,57,21,False
112,libero_10_task3,58,20,False
112,libero_10_task3,59,19,False
112,libero_10_task3,60,18,False
112,libero_10_task3,61,17,False
112,libero_10_task3,62,16,False
112,libero_10_task3,63,15,False
112,libero_10_task3,64,14,False
112,libero_10_task3,65,13,False
112,libero_10_task3,66,12,False
112,libero_10_task3,67,11,False
112,libero_10_task3,68,10,False
112,libero_10_task3,69,9,False
112,libero_10_task3,70,8,False
112,libero_10_task3,71,7,False
112,libero_10_task3,72,6,False
112,libero_10_task3,73,5,False
112,libero_10_task3,74,4,False
112,libero_10_task3,75,3,False
112,libero_10_task3,76,2,False
112,libero_10_task3,77,1,False
112,libero_10_task3,78,105,False
112,libero_10_task3,79,104,False
112,libero_10_task3,80,103,False
112,libero_10_task3,81,102,False
112,libero_10_task3,82,101,False
112,libero_10_task3,83,100,False
112,libero_10_task3,84,99,False
112,libero_10_task3,85,98,False
112,libero_10_task3,86,97,False
112,libero_10_task3,87,96,False
112,libero_10_task3,88,95,False
112,libero_10_task3,89,94,False
112,libero_10_task3,90,93,False
112,libero_10_task3,91,92,False
112,libero_10_task3,92,91,False
112,libero_10_task3,93,90,False
112,libero_10_task3,94,89,False
112,libero_10_task3,95,88,False
112,libero_10_task3,96,87,False
112,libero_10_task3,97,86,False
112,libero_10_task3,98,85,False
112,libero_10_task3,99,84,False
112,libero_10_task3,100,83,False
112,libero_10_task3,101,82,False
112,libero_10_task3,102,81,False
112,libero_10_task3,103,80,False
112,libero_10_task3,104,79,False
112,libero_10_task3,105,78,False
112,libero_10_task3,106,77,False
112,libero_10_task3,107,76,False
112,libero_10_task3,108,75,False
112,libero_10_task3,109,74,False
112,libero_10_task3,110,73,False
112,libero_10_task3,111,72,False
112,libero_10_task3,112,71,False
112,libero_10_task3,113,70,False
112,libero_10_task3,114,69,False
112,libero_10_task3,115,68,False
112,libero_10_task3,116,67,False
112,libero_10_task3,117,66,False
112,libero_10_task3,118,65,False
112,libero_10_task3,119,64,False
112,libero_10_task3,120,63,False
112,libero_10_task3,121,62,False
112,libero_10_task3,122,61,False
112,libero_10_task3,123,60,False
112,libero_10_task3,124,59,False
112,libero_10_task3,125,58,False
112,libero_10_task3,126,57,False
112,libero_10_task3,127,56,False
112,libero_10_task3,128,55,False
112,libero_10_task3,129,54,False
112,libero_10_task3,130,53,False
112,libero_10_task3,131,52,False
112,libero_10_task3,132,51,False
112,libero_10_task3,133,50,False
112,libero_10_task3,134,49,False
112,libero_10_task3,135,48,False
112,libero_10_task3,136,47,False
112,libero_10_task3,137,46,False
112,libero_10_task3,138,45,False
112,libero_10_task3,139,44,False
112,libero_10_task3,140,43,False
112,libero_10_task3,141,42,False
112,libero_10_task3,142,41,False
112,libero_10_task3,143,40,False
112,libero_10_task3,144,39,False
112,libero_10_task3,145,38,False
112,libero_10_task3,146,37,False
112,libero_10_task3,147,36,False
112,libero_10_task3,148,35,False
112,libero_10_task3,149,34,False
112,libero_10_task3,150,33,False
112,libero_10_task3,151,32,False
112,libero_10_task3,152,31,False
112,libero_10_task3,153,30,False
112,libero_10_task3,154,29,False
112,libero_10_task3,155,28,False
112,libero_10_task3,156,27,False
112,libero_10_task3,157,26,False
112,libero_10_task3,158,25,False
112,libero_10_task3,159,24,False
112,libero_10_task3,160,23,False
112,libero_10_task3,161,22,False
112,libero_10_task3,162,21,False
112,libero_10_task3,163,20,False
112,libero_10_task3,164,19,False
112,libero_10_task3,165,18,False
112,libero_10_task3,166,17,False
112,libero_10_task3,167,16,False
112,libero_10_task3,168,15,False
112,libero_10_task3,169,14,False
112,libero_10_task3,170,13,False
112,libero_10_task3,171,12,False
112,libero_10_task3,172,11,False
112,libero_10_task3,173,10,False
112,libero_10_task3,174,9,False
112,libero_10_task3,175,8,False
112,libero_10_task3,176,7,False
112,libero_10_task3,177,6,False
112,libero_10_task3,178,5,False
112,libero_10_task3,179,4,False
112,libero_10_task3,180,3,False
112,libero_10_task3,181,2,False
112,libero_10_task3,182,1,False
112,libero_10_task3,183,,True
112,libero_10_task3,184,,True
112,libero_10_task3,185,,True
112,libero_10_task3,186,,True
112,libero_10_task3,187,,True
112,libero_10_task3,188,,True
112,libero_10_task3,189,,True
112,libero_10_task3,190,,True
112,libero_10_task3,191,,True
112,libero_10_task3,192,,True
112,libero_10_task3,193,,True
112,libero_10_task3,194,,True
112,libero_10_task3,195,,True
112,libero_10_task3,196,,True
112,libero_10_task3,197,,True
112,libero_10_task3,198,,True
112,libero_10_task3,199,,True
112,libero_10_task3,200,,True
112,libero_10_task3,201,,True
112,libero_10_task3,202,,True
112,libero_10_task3,203,,True
112,libero_10_task3,204,,True
112,libero_10_task3,205,,True
112,libero_10_task3,206,,True
112,libero_10_task3,207,,True
112,libero_10_task3,208,,True
112,libero_10_task3,209,,True
112,libero_10_task3,210,,True
112,libero_10_task3,211,,True
112,libero_10_task3,212,,True
112,libero_10_task3,213,,True
112,libero_10_task3,214,,True
112,libero_10_task3,215,,True
112,libero_10_task3,216,,True
112,libero_10_task3,217,,True
112,libero_10_task3,218,,True
112,libero_10_task3,219,,True
112,libero_10_task3,220,,True
112,libero_10_task3,221,,True
112,libero_10_task3,222,,True
112,libero_10_task3,223,,True
112,libero_10_task3,224,,True
112,libero_10_task3,225,,True
112,libero_10_task3,226,,True
112,libero_10_task3,227,,True
112,libero_10_task3,228,,True
112,libero_10_task3,229,,True
112,libero_10_task3,230,,True
112,libero_10_task3,231,,True
112,libero_10_task3,232,,True
112,libero_10_task3,233,,True
112,libero_10_task3,234,,True
112,libero_10_task3,235,,True
112,libero_10_task3,236,,True
112,libero_10_task3,237,,True
112,libero_10_task3,238,,True
112,libero_10_task3,239,,True
112,libero_10_task3,240,,True
112,libero_10_task3,241,,True
112,libero_10_task3,242,,True
112,libero_10_task3,243,,True
112,libero_10_task3,244,,True
112,libero_10_task3,245,,True
112,libero_10_task3,246,,True
112,libero_10_task3,247,,True
112,libero_10_task3,248,,True
112,libero_10_task3,249,,True
112,libero_10_task3,250,,True
112,libero_10_task3,251,,True
112,libero_10_task3,252,,True
112,libero_10_task3,253,,True
112,libero_10_task3,254,,True
112,libero_10_task3,255,,True
112,libero_10_task3,256,,True
112,libero_10_task3,257,,True
112,libero_10_task3,258,,True
112,libero_10_task3,259,,True
112,libero_10_task3,260,,True
112,libero_10_task3,261,,True
112,libero_10_task3,262,,True
120,libero_10_task3,0,86,False
120,libero_10_task3,1,85,False
120,libero_10_task3,2,84,False
120,libero_10_task3,3,83,False
120,libero_10_task3,4,82,False
120,libero_10_task3,5,81,False
120,libero_10_task3,6,80,False
120,libero_10_task3,7,79,False
120,libero_10_task3,8,78,False
120,libero_10_task3,9,77,False
120,libero_10_task3,10,76,False
120,libero_10_task3,11,75,False
120,libero_10_task3,12,74,False
120,libero_10_task3,13,73,False
120,libero_10_task3,14,72,False
120,libero_10_task3,15,71,False
120,libero_10_task3,16,70,False
120,libero_10_task3,17,69,False
120,libero_10_task3,18,68,False
120,libero_10_task3,19,67,False
120,libero_10_task3,20,66,False
120,libero_10_task3,21,65,False
120,libero_10_task3,22,64,False
120,libero_10_task3,23,63,False
120,libero_10_task3,24,62,False
120,libero_10_task3,25,61,False
120,libero_10_task3,26,60,False
120,libero_10_task3,27,59,False
120,libero_10_task3,28,58,False
120,libero_10_task3,29,57,False
120,libero_10_task3,30,56,False
120,libero_10_task3,31,55,False
120,libero_10_task3,32,54,False
120,libero_10_task3,33,53,False
120,libero_10_task3,34,52,False
120,libero_10_task3,35,51,False
120,libero_10_task3,36,50,False
120,libero_10_task3,37,49,False
120,libero_10_task3,38,48,False
120,libero_10_task3,39,47,False
120,libero_10_task3,40,46,False
120,libero_10_task3,41,45,False
120,libero_10_task3,42,44,False
120,libero_10_task3,43,43,False
120,libero_10_task3,44,42,False
120,libero_10_task3,45,41,False
120,libero_10_task3,46,40,False
120,libero_10_task3,47,39,False
120,libero_10_task3,48,38,False
120,libero_10_task3,49,37,False
120,libero_10_task3,50,36,False
120,libero_10_task3,51,35,False
120,libero_10_task3,52,34,False
120,libero_10_task3,53,33,False
120,libero_10_task3,54,32,False
120,libero_10_task3,55,31,False
120,libero_10_task3,56,30,False
120,libero_10_task3,57,29,False
120,libero_10_task3,58,28,False
120,libero_10_task3,59,27,False
120,libero_10_task3,60,26,False
120,libero_10_task3,61,25,False
120,libero_10_task3,62,24,False
120,libero_10_task3,63,23,False
120,libero_10_task3,64,22,False
120,libero_10_task3,65,21,False
120,libero_10_task3,66,20,False
120,libero_10_task3,67,19,False
120,libero_10_task3,68,18,False
120,libero_10_task3,69,17,False
120,libero_10_task3,70,16,False
120,libero_10_task3,71,15,False
120,libero_10_task3,72,14,False
120,libero_10_task3,73,13,False
120,libero_10_task3,74,12,False
120,libero_10_task3,75,11,False
120,libero_10_task3,76,10,False
120,libero_10_task3,77,9,False
120,libero_10_task3,78,8,False
120,libero_10_task3,79,7,False
120,libero_10_task3,80,6,False
120,libero_10_task3,81,5,False
120,libero_10_task3,82,4,False
120,libero_10_task3,83,3,False
120,libero_10_task3,84,2,False
120,libero_10_task3,85,1,False
120,libero_10_task3,86,70,False
120,libero_10_task3,87,69,False
120,libero_10_task3,88,68,False
120,libero_10_task3,89,67,False
120,libero_10_task3,90,66,False
120,libero_10_task3,91,65,False
120,libero_10_task3,92,64,False
120,libero_10_task3,93,63,False
120,libero_10_task3,94,62,False
120,libero_10_task3,95,61,False
120,libero_10_task3,96,60,False
120,libero_10_task3,97,59,False
120,libero_10_task3,98,58,False
120,libero_10_task3,99,57,False
120,libero_10_task3,100,56,False
120,libero_10_task3,101,55,False
120,libero_10_task3,102,54,False
120,libero_10_task3,103,53,False
120,libero_10_task3,104,52,False
120,libero_10_task3,105,51,False
120,libero_10_task3,106,50,False
120,libero_10_task3,107,49,False
120,libero_10_task3,108,48,False
120,libero_10_task3,109,47,False
120,libero_10_task3,110,46,False
120,libero_10_task3,111,45,False
120,libero_10_task3,112,44,False
120,libero_10_task3,113,43,False
120,libero_10_task3,114,42,False
120,libero_10_task3,115,41,False
120,libero_10_task3,116,40,False
120,libero_10_task3,117,39,False
120,libero_10_task3,118,38,False
120,libero_10_task3,119,37,False
120,libero_10_task3,120,36,False
120,libero_10_task3,121,35,False
120,libero_10_task3,122,34,False
120,libero_10_task3,123,33,False
120,libero_10_task3,124,32,False
120,libero_10_task3,125,31,False
120,libero_10_task3,126,30,False
120,libero_10_task3,127,29,False
120,libero_10_task3,128,28,False
120,libero_10_task3,129,27,False
120,libero_10_task3,130,26,False
120,libero_10_task3,131,25,False
120,libero_10_task3,132,24,False
120,libero_10_task3,133,23,False
120,libero_10_task3,134,22,False
120,libero_10_task3,135,21,False
120,libero_10_task3,136,20,False
120,libero_10_task3,137,19,False
120,libero_10_task3,138,18,False
120,libero_10_task3,139,17,False
120,libero_10_task3,140,16,False
120,libero_10_task3,141,15,False
120,libero_10_task3,142,14,False
120,libero_10_task3,143,13,False
120,libero_10_task3,144,12,False
120,libero_10_task3,145,11,False
120,libero_10_task3,146,10,False
120,libero_10_task3,147,9,False
120,libero_10_task3,148,8,False
120,libero_10_task3,149,7,False
120,libero_10_task3,150,6,False
120,libero_10_task3,151,5,False
120,libero_10_task3,152,4,False
120,libero_10_task3,153,3,False
120,libero_10_task3,154,2,False
120,libero_10_task3,155,1,False
120,libero_10_task3,156,,True
120,libero_10_task3,157,,True
120,libero_10_task3,158,,True
120,libero_10_task3,159,,True
120,libero_10_task3,160,,True
120,libero_10_task3,161,,True
120,libero_10_task3,162,,True
120,libero_10_task3,163,,True
120,libero_10_task3,164,,True
120,libero_10_task3,165,,True
120,libero_10_task3,166,,True
120,libero_10_task3,167,,True
120,libero_10_task3,168,,True
120,libero_10_task3,169,,True
120,libero_10_task3,170,,True
120,libero_10_task3,171,,True
120,libero_10_task3,172,,True
120,libero_10_task3,173,,True
120,libero_10_task3,174,,True
120,libero_10_task3,175,,True
120,libero_10_task3,176,,True
120,libero_10_task3,177,,True
120,libero_10_task3,178,,True
120,libero_10_task3,179,,True
120,libero_10_task3,180,,True
120,libero_10_task3,181,,True
120,libero_10_task3,182,,True
120,libero_10_task3,183,,True
120,libero_10_task3,184,,True
120,libero_10_task3,185,,True
120,libero_10_task3,186,,True
120,libero_10_task3,187,,True
120,libero_10_task3,188,,True
120,libero_10_task3,189,,True
120,libero_10_task3,190,,True
120,libero_10_task3,191,,True
120,libero_10_task3,192,,True
120,libero_10_task3,193,,True
120,libero_10_task3,194,,True
120,libero_10_task3,195,,True
120,libero_10_task3,196,,True
120,libero_10_task3,197,,True
120,libero_10_task3,198,,True
120,libero_10_task3,199,,True
120,libero_10_task3,200,,True
120,libero_10_task3,201,,True
120,libero_10_task3,202,,True
120,libero_10_task3,203,,True
120,libero_10_task3,204,,True
120,libero_10_task3,205,,True
120,libero_10_task3,206,,True
120,libero_10_task3,207,,True
120,libero_10_task3,208,,True
120,libero_10_task3,209,,True
120,libero_10_task3,210,,True
120,libero_10_task3,211,,True
120,libero_10_task3,212,,True
120,libero_10_task3,213,,True
120,libero_10_task3,214,,True
120,libero_10_task3,215,,True
120,libero_10_task3,216,,True
120,libero_10_task3,217,,True
120,libero_10_task3,218,,True
120,libero_10_task3,219,,True
120,libero_10_task3,220,,True
120,libero_10_task3,221,,True
120,libero_10_task3,222,,True
120,libero_10_task3,223,,True
120,libero_10_task3,224,,True
120,libero_10_task3,225,,True
120,libero_10_task3,226,,True
120,libero_10_task3,227,,True
120,libero_10_task3,228,,True
120,libero_10_task3,229,,True
120,libero_10_task3,230,,True
120,libero_10_task3,231,,True
120,libero_10_task3,232,,True
120,libero_10_task3,233,,True
120,libero_10_task3,234,,True
120,libero_10_task3,235,,True
144,libero_10_task3,0,78,False
144,libero_10_task3,1,77,False
144,libero_10_task3,2,76,False
144,libero_10_task3,3,75,False
144,libero_10_task3,4,74,False
144,libero_10_task3,5,73,False
144,libero_10_task3,6,72,False
144,libero_10_task3,7,71,False
144,libero_10_task3,8,70,False
144,libero_10_task3,9,69,False
144,libero_10_task3,10,68,False
144,libero_10_task3,11,67,False
144,libero_10_task3,12,66,False
144,libero_10_task3,13,65,False
144,libero_10_task3,14,64,False
144,libero_10_task3,15,63,False
144,libero_10_task3,16,62,False
144,libero_10_task3,17,61,False
144,libero_10_task3,18,60,False
144,libero_10_task3,19,59,False
144,libero_10_task3,20,58,False
144,libero_10_task3,21,57,False
144,libero_10_task3,22,56,False
144,libero_10_task3,23,55,False
144,libero_10_task3,24,54,False
144,libero_10_task3,25,53,False
144,libero_10_task3,26,52,False
144,libero_10_task3,27,51,False
144,libero_10_task3,28,50,False
144,libero_10_task3,29,49,False
144,libero_10_task3,30,48,False
144,libero_10_task3,31,47,False
144,libero_10_task3,32,46,False
144,libero_10_task3,33,45,False
144,libero_10_task3,34,44,False
144,libero_10_task3,35,43,False
144,libero_10_task3,36,42,False
144,libero_10_task3,37,41,False
144,libero_10_task3,38,40,False
144,libero_10_task3,39,39,False
144,libero_10_task3,40,38,False
144,libero_10_task3,41,37,False
144,libero_10_task3,42,36,False
144,libero_10_task3,43,35,False
144,libero_10_task3,44,34,False
144,libero_10_task3,45,33,False
144,libero_10_task3,46,32,False
144,libero_10_task3,47,31,False
144,libero_10_task3,48,30,False
144,libero_10_task3,49,29,False
144,libero_10_task3,50,28,False
144,libero_10_task3,51,27,False
144,libero_10_task3,52,26,False
144,libero_10_task3,53,25,False
144,libero_10_task3,54,24,False
144,libero_10_task3,55,23,False
144,libero_10_task3,56,22,False
144,libero_10_task3,57,21,False
144,libero_10_task3,58,20,False
144,libero_10_task3,59,19,False
144,libero_10_task3,60,18,False
144,libero_10_task3,61,17,False
144,libero_10_task3,62,16,False
144,libero_10_task3,63,15,False
144,libero_10_task3,64,14,False
144,libero_10_task3,65,13,False
144,libero_10_task3,66,12,False
144,libero_10_task3,67,11,False
144,libero_10_task3,68,10,False
144,libero_10_task3,69,9,False
144,libero_10_task3,70,8,False
144,libero_10_task3,71,7,False
144,libero_10_task3,72,6,False
144,libero_10_task3,73,5,False
144,libero_10_task3,74,4,False
144,libero_10_task3,75,3,False
144,libero_10_task3,76,2,False
144,libero_10_task3,77,1,False
144,libero_10_task3,78,129,False
144,libero_10_task3,79,128,False
144,libero_10_task3,80,127,False
144,libero_10_task3,81,126,False
144,libero_10_task3,82,125,False
144,libero_10_task3,83,124,False
144,libero_10_task3,84,123,False
144,libero_10_task3,85,122,False
144,libero_10_task3,86,121,False
144,libero_10_task3,87,120,False
144,libero_10_task3,88,119,False
144,libero_10_task3,89,118,False
144,libero_10_task3,90,117,False
144,libero_10_task3,91,116,False
144,libero_10_task3,92,115,False
144,libero_10_task3,93,114,False
144,libero_10_task3,94,113,False
144,libero_10_task3,95,112,False
144,libero_10_task3,96,111,False
144,libero_10_task3,97,110,False
144,libero_10_task3,98,109,False
144,libero_10_task3,99,108,False
144,libero_10_task3,100,107,False
144,libero_10_task3,101,106,False
144,libero_10_task3,102,105,False
144,libero_10_task3,103,104,False
144,libero_10_task3,104,103,False
144,libero_10_task3,105,102,False
144,libero_10_task3,106,101,False
144,libero_10_task3,107,100,False
144,libero_10_task3,108,99,False
144,libero_10_task3,109,98,False
144,libero_10_task3,110,97,False
144,libero_10_task3,111,96,False
144,libero_10_task3,112,95,False
144,libero_10_task3,113,94,False
144,libero_10_task3,114,93,False
144,libero_10_task3,115,92,False
144,libero_10_task3,116,91,False
144,libero_10_task3,117,90,False
144,libero_10_task3,118,89,False
144,libero_10_task3,119,88,False
144,libero_10_task3,120,87,False
144,libero_10_task3,121,86,False
144,libero_10_task3,122,85,False
144,libero_10_task3,123,84,False
144,libero_10_task3,124,83,False
144,libero_10_task3,125,82,False
144,libero_10_task3,126,81,False
144,libero_10_task3,127,80,False
144,libero_10_task3,128,79,False
144,libero_10_task3,129,78,False
144,libero_10_task3,130,77,False
144,libero_10_task3,131,76,False
144,libero_10_task3,132,75,False
144,libero_10_task3,133,74,False
144,libero_10_task3,134,73,False
144,libero_10_task3,135,72,False
144,libero_10_task3,136,71,False
144,libero_10_task3,137,70,False
144,libero_10_task3,138,69,False
144,libero_10_task3,139,68,False
144,libero_10_task3,140,67,False
144,libero_10_task3,141,66,False
144,libero_10_task3,142,65,False
144,libero_10_task3,143,64,False
144,libero_10_task3,144,63,False
144,libero_10_task3,145,62,False
144,libero_10_task3,146,61,False
144,libero_10_task3,147,60,False
144,libero_10_task3,148,59,False
144,libero_10_task3,149,58,False
144,libero_10_task3,150,57,False
144,libero_10_task3,151,56,False
144,libero_10_task3,152,55,False
144,libero_10_task3,153,54,False
144,libero_10_task3,154,53,False
144,libero_10_task3,155,52,False
144,libero_10_task3,156,51,False
144,libero_10_task3,157,50,False
144,libero_10_task3,158,49,False
144,libero_10_task3,159,48,False
144,libero_10_task3,160,47,False
144,libero_10_task3,161,46,False
144,libero_10_task3,162,45,False
144,libero_10_task3,163,44,False
144,libero_10_task3,164,43,False
144,libero_10_task3,165,42,False
144,libero_10_task3,166,41,False
144,libero_10_task3,167,40,False
144,libero_10_task3,168,39,False
144,libero_10_task3,169,38,False
144,libero_10_task3,170,37,False
144,libero_10_task3,171,36,False
144,libero_10_task3,172,35,False
144,libero_10_task3,173,34,False
144,libero_10_task3,174,33,False
144,libero_10_task3,175,32,False
144,libero_10_task3,176,31,False
144,libero_10_task3,177,30,False
144,libero_10_task3,178,29,False
144,libero_10_task3,179,28,False
144,libero_10_task3,180,27,False
144,libero_10_task3,181,26,False
144,libero_10_task3,182,25,False
144,libero_10_task3,183,24,False
144,libero_10_task3,184,23,False
144,libero_10_task3,185,22,False
144,libero_10_task3,186,21,False
144,libero_10_task3,187,20,False
144,libero_10_task3,188,19,False
144,libero_10_task3,189,18,False
144,libero_10_task3,190,17,False
144,libero_10_task3,191,16,False
144,libero_10_task3,192,15,False
144,libero_10_task3,193,14,False
144,libero_10_task3,194,13,False
144,libero_10_task3,195,12,False
144,libero_10_task3,196,11,False
144,libero_10_task3,197,10,False
144,libero_10_task3,198,9,False
144,libero_10_task3,199,8,False
144,libero_10_task3,200,7,False
144,libero_10_task3,201,6,False
144,libero_10_task3,202,5,False
144,libero_10_task3,203,4,False
144,libero_10_task3,204,3,False
144,libero_10_task3,205,2,False
144,libero_10_task3,206,1,False
144,libero_10_task3,207,,True
144,libero_10_task3,208,,True
144,libero_10_task3,209,,True
144,libero_10_task3,210,,True
144,libero_10_task3,211,,True
144,libero_10_task3,212,,True
144,libero_10_task3,213,,True
144,libero_10_task3,214,,True
144,libero_10_task3,215,,True
144,libero_10_task3,216,,True
144,libero_10_task3,217,,True
144,libero_10_task3,218,,True
144,libero_10_task3,219,,True
144,libero_10_task3,220,,True
144,libero_10_task3,221,,True
144,libero_10_task3,222,,True
144,libero_10_task3,223,,True
144,libero_10_task3,224,,True
144,libero_10_task3,225,,True
144,libero_10_task3,226,,True
144,libero_10_task3,227,,True
144,libero_10_task3,228,,True
144,libero_10_task3,229,,True
144,libero_10_task3,230,,True
144,libero_10_task3,231,,True
144,libero_10_task3,232,,True
144,libero_10_task3,233,,True
144,libero_10_task3,234,,True
144,libero_10_task3,235,,True
144,libero_10_task3,236,,True
144,libero_10_task3,237,,True
144,libero_10_task3,238,,True
144,libero_10_task3,239,,True
144,libero_10_task3,240,,True
144,libero_10_task3,241,,True
144,libero_10_task3,242,,True
144,libero_10_task3,243,,True
144,libero_10_task3,244,,True
144,libero_10_task3,245,,True
144,libero_10_task3,246,,True
144,libero_10_task3,247,,True
144,libero_10_task3,248,,True
144,libero_10_task3,249,,True
144,libero_10_task3,250,,True
144,libero_10_task3,251,,True
144,libero_10_task3,252,,True
144,libero_10_task3,253,,True
144,libero_10_task3,254,,True
144,libero_10_task3,255,,True
144,libero_10_task3,256,,True
144,libero_10_task3,257,,True
144,libero_10_task3,258,,True
144,libero_10_task3,259,,True
144,libero_10_task3,260,,True
144,libero_10_task3,261,,True
144,libero_10_task3,262,,True
144,libero_10_task3,263,,True
144,libero_10_task3,264,,True
144,libero_10_task3,265,,True
144,libero_10_task3,266,,True
144,libero_10_task3,267,,True
144,libero_10_task3,268,,True
144,libero_10_task3,269,,True
144,libero_10_task3,270,,True
144,libero_10_task3,271,,True
144,libero_10_task3,272,,True
144,libero_10_task3,273,,True
144,libero_10_task3,274,,True
144,libero_10_task3,275,,True
144,libero_10_task3,276,,True
144,libero_10_task3,277,,True
144,libero_10_task3,278,,True
144,libero_10_task3,279,,True
144,libero_10_task3,280,,True
144,libero_10_task3,281,,True
144,libero_10_task3,282,,True
144,libero_10_task3,283,,True
151,libero_10_task3,0,80,False
151,libero_10_task3,1,79,False
151,libero_10_task3,2,78,False
151,libero_10_task3,3,77,False
151,libero_10_task3,4,76,False
151,libero_10_task3,5,75,False
151,libero_10_task3,6,74,False
151,libero_10_task3,7,73,False
151,libero_10_task3,8,72,False
151,libero_10_task3,9,71,False
151,libero_10_task3,10,70,False
151,libero_10_task3,11,69,False
151,libero_10_task3,12,68,False
151,libero_10_task3,13,67,False
151,libero_10_task3,14,66,False
151,libero_10_task3,15,65,False
151,libero_10_task3,16,64,False
151,libero_10_task3,17,63,False
151,libero_10_task3,18,62,False
151,libero_10_task3,19,61,False
151,libero_10_task3,20,60,False
151,libero_10_task3,21,59,False
151,libero_10_task3,22,58,False
151,libero_10_task3,23,57,False
151,libero_10_task3,24,56,False
151,libero_10_task3,25,55,False
151,libero_10_task3,26,54,False
151,libero_10_task3,27,53,False
151,libero_10_task3,28,52,False
151,libero_10_task3,29,51,False
151,libero_10_task3,30,50,False
151,libero_10_task3,31,49,False
151,libero_10_task3,32,48,False
151,libero_10_task3,33,47,False
151,libero_10_task3,34,46,False
151,libero_10_task3,35,45,False
151,libero_10_task3,36,44,False
151,libero_10_task3,37,43,False
151,libero_10_task3,38,42,False
151,libero_10_task3,39,41,False
151,libero_10_task3,40,40,False
151,libero_10_task3,41,39,False
151,libero_10_task3,42,38,False
151,libero_10_task3,43,37,False
151,libero_10_task3,44,36,False
151,libero_10_task3,45,35,False
151,libero_10_task3,46,34,False
151,libero_10_task3,47,33,False
151,libero_10_task3,48,32,False
151,libero_10_task3,49,31,False
151,libero_10_task3,50,30,False
151,libero_10_task3,51,29,False
151,libero_10_task3,52,28,False
151,libero_10_task3,53,27,False
151,libero_10_task3,54,26,False
151,libero_10_task3,55,25,False
151,libero_10_task3,56,24,False
151,libero_10_task3,57,23,False
151,libero_10_task3,58,22,False
151,libero_10_task3,59,21,False
151,libero_10_task3,60,20,False
151,libero_10_task3,61,19,False
151,libero_10_task3,62,18,False
151,libero_10_task3,63,17,False
151,libero_10_task3,64,16,False
151,libero_10_task3,65,15,False
151,libero_10_task3,66,14,False
151,libero_10_task3,67,13,False
151,libero_10_task3,68,12,False
151,libero_10_task3,69,11,False
151,libero_10_task3,70,10,False
151,libero_10_task3,71,9,False
151,libero_10_task3,72,8,False
151,libero_10_task3,73,7,False
151,libero_10_task3,74,6,False
151,libero_10_task3,75,5,False
151,libero_10_task3,76,4,False
151,libero_10_task3,77,3,False
151,libero_10_task3,78,2,False
151,libero_10_task3,79,1,False
151,libero_10_task3,80,74,False
151,libero_10_task3,81,73,False
151,libero_10_task3,82,72,False
151,libero_10_task3,83,71,False
151,libero_10_task3,84,70,False
151,libero_10_task3,85,69,False
151,libero_10_task3,86,68,False
151,libero_10_task3,87,67,False
151,libero_10_task3,88,66,False
151,libero_10_task3,89,65,False
151,libero_10_task3,90,64,False
151,libero_10_task3,91,63,False
151,libero_10_task3,92,62,False
151,libero_10_task3,93,61,False
151,libero_10_task3,94,60,False
151,libero_10_task3,95,59,False
151,libero_10_task3,96,58,False
151,libero_10_task3,97,57,False
151,libero_10_task3,98,56,False
151,libero_10_task3,99,55,False
151,libero_10_task3,100,54,False
151,libero_10_task3,101,53,False
151,libero_10_task3,102,52,False
151,libero_10_task3,103,51,False
151,libero_10_task3,104,50,False
151,libero_10_task3,105,49,False
151,libero_10_task3,106,48,False
151,libero_10_task3,107,47,False
151,libero_10_task3,108,46,False
151,libero_10_task3,109,45,False
151,libero_10_task3,110,44,False
151,libero_10_task3,111,43,False
151,libero_10_task3,112,42,False
151,libero_10_task3,113,41,False
151,libero_10_task3,114,40,False
151,libero_10_task3,115,39,False
151,libero_10_task3,116,38,False
151,libero_10_task3,117,37,False
151,libero_10_task3,118,36,False
151,libero_10_task3,119,35,False
151,libero_10_task3,120,34,False
151,libero_10_task3,121,33,False
151,libero_10_task3,122,32,False
151,libero_10_task3,123,31,False
151,libero_10_task3,124,30,False
151,libero_10_task3,125,29,False
151,libero_10_task3,126,28,False
151,libero_10_task3,127,27,False
151,libero_10_task3,128,26,False
151,libero_10_task3,129,25,False
151,libero_10_task3,130,24,False
151,libero_10_task3,131,23,False
151,libero_10_task3,132,22,False
151,libero_10_task3,133,21,False
151,libero_10_task3,134,20,False
151,libero_10_task3,135,19,False
151,libero_10_task3,136,18,False
151,libero_10_task3,137,17,False
151,libero_10_task3,138,16,False
151,libero_10_task3,139,15,False
151,libero_10_task3,140,14,False
151,libero_10_task3,141,13,False
151,libero_10_task3,142,12,False
151,libero_10_task3,143,11,False
151,libero_10_task3,144,10,False
151,libero_10_task3,145,9,False
151,libero_10_task3,146,8,False
151,libero_10_task3,147,7,False
151,libero_10_task3,148,6,False
151,libero_10_task3,149,5,False
151,libero_10_task3,150,4,False
151,libero_10_task3,151,3,False
151,libero_10_task3,152,2,False
151,libero_10_task3,153,1,False
151,libero_10_task3,154,,True
151,libero_10_task3,155,,True
151,libero_10_task3,156,,True
151,libero_10_task3,157,,True
151,libero_10_task3,158,,True
151,libero_10_task3,159,,True
151,libero_10_task3,160,,True
151,libero_10_task3,161,,True
151,libero_10_task3,162,,True
151,libero_10_task3,163,,True
151,libero_10_task3,164,,True
151,libero_10_task3,165,,True
151,libero_10_task3,166,,True
151,libero_10_task3,167,,True
151,libero_10_task3,168,,True
151,libero_10_task3,169,,True
151,libero_10_task3,170,,True
151,libero_10_task3,171,,True
151,libero_10_task3,172,,True
151,libero_10_task3,173,,True
151,libero_10_task3,174,,True
151,libero_10_task3,175,,True
151,libero_10_task3,176,,True
151,libero_10_task3,177,,True
151,libero_10_task3,178,,True
151,libero_10_task3,179,,True
151,libero_10_task3,180,,True
151,libero_10_task3,181,,True
151,libero_10_task3,182,,True
151,libero_10_task3,183,,True
151,libero_10_task3,184,,True
151,libero_10_task3,185,,True
151,libero_10_task3,186,,True
151,libero_10_task3,187,,True
151,libero_10_task3,188,,True
151,libero_10_task3,189,,True
151,libero_10_task3,190,,True
151,libero_10_task3,191,,True
151,libero_10_task3,192,,True
151,libero_10_task3,193,,True
151,libero_10_task3,194,,True
151,libero_10_task3,195,,True
151,libero_10_task3,196,,True
151,libero_10_task3,197,,True
151,libero_10_task3,198,,True
151,libero_10_task3,199,,True
151,libero_10_task3,200,,True
151,libero_10_task3,201,,True
151,libero_10_task3,202,,True
151,libero_10_task3,203,,True
151,libero_10_task3,204,,True
151,libero_10_task3,205,,True
151,libero_10_task3,206,,True
151,libero_10_task3,207,,True
151,libero_10_task3,208,,True
151,libero_10_task3,209,,True
151,libero_10_task3,210,,True
151,libero_10_task3,211,,True
151,libero_10_task3,212,,True
151,libero_10_task3,213,,True
151,libero_10_task3,214,,True
151,libero_10_task3,215,,True
151,libero_10_task3,216,,True
155,libero_10_task3,0,82,False
155,libero_10_task3,1,81,False
155,libero_10_task3,2,80,False
155,libero_10_task3,3,79,False
155,libero_10_task3,4,78,False
155,libero_10_task3,5,77,False
155,libero_10_task3,6,76,False
155,libero_10_task3,7,75,False
155,libero_10_task3,8,74,False
155,libero_10_task3,9,73,False
155,libero_10_task3,10,72,False
155,libero_10_task3,11,71,False
155,libero_10_task3,12,70,False
155,libero_10_task3,13,69,False
155,libero_10_task3,14,68,False
155,libero_10_task3,15,67,False
155,libero_10_task3,16,66,False
155,libero_10_task3,17,65,False
155,libero_10_task3,18,64,False
155,libero_10_task3,19,63,False
155,libero_10_task3,20,62,False
155,libero_10_task3,21,61,False
155,libero_10_task3,22,60,False
155,libero_10_task3,23,59,False
155,libero_10_task3,24,58,False
155,libero_10_task3,25,57,False
155,libero_10_task3,26,56,False
155,libero_10_task3,27,55,False
155,libero_10_task3,28,54,False
155,libero_10_task3,29,53,False
155,libero_10_task3,30,52,False
155,libero_10_task3,31,51,False
155,libero_10_task3,32,50,False
155,libero_10_task3,33,49,False
155,libero_10_task3,34,48,False
155,libero_10_task3,35,47,False
155,libero_10_task3,36,46,False
155,libero_10_task3,37,45,False
155,libero_10_task3,38,44,False
155,libero_10_task3,39,43,False
155,libero_10_task3,40,42,False
155,libero_10_task3,41,41,False
155,libero_10_task3,42,40,False
155,libero_10_task3,43,39,False
155,libero_10_task3,44,38,False
155,libero_10_task3,45,37,False
155,libero_10_task3,46,36,False
155,libero_10_task3,47,35,False
155,libero_10_task3,48,34,False
155,libero_10_task3,49,33,False
155,libero_10_task3,50,32,False
155,libero_10_task3,51,31,False
155,libero_10_task3,52,30,False
155,libero_10_task3,53,29,False
155,libero_10_task3,54,28,False
155,libero_10_task3,55,27,False
155,libero_10_task3,56,26,False
155,libero_10_task3,57,25,False
155,libero_10_task3,58,24,False
155,libero_10_task3,59,23,False
155,libero_10_task3,60,22,False
155,libero_10_task3,61,21,False
155,libero_10_task3,62,20,False
155,libero_10_task3,63,19,False
155,libero_10_task3,64,18,False
155,libero_10_task3,65,17,False
155,libero_10_task3,66,16,False
155,libero_10_task3,67,15,False
155,libero_10_task3,68,14,False
155,libero_10_task3,69,13,False
155,libero_10_task3,70,12,False
155,libero_10_task3,71,11,False
155,libero_10_task3,72,10,False
155,libero_10_task3,73,9,False
155,libero_10_task3,74,8,False
155,libero_10_task3,75,7,False
155,libero_10_task3,76,6,False
155,libero_10_task3,77,5,False
155,libero_10_task3,78,4,False
155,libero_10_task3,79,3,False
155,libero_10_task3,80,2,False
155,libero_10_task3,81,1,False
155,libero_10_task3,82,112,False
155,libero_10_task3,83,111,False
155,libero_10_task3,84,110,False
155,libero_10_task3,85,109,False
155,libero_10_task3,86,108,False
155,libero_10_task3,87,107,False
155,libero_10_task3,88,106,False
155,libero_10_task3,89,105,False
155,libero_10_task3,90,104,False
155,libero_10_task3,91,103,False
155,libero_10_task3,92,102,False
155,libero_10_task3,93,101,False
155,libero_10_task3,94,100,False
155,libero_10_task3,95,99,False
155,libero_10_task3,96,98,False
155,libero_10_task3,97,97,False
155,libero_10_task3,98,96,False
155,libero_10_task3,99,95,False
155,libero_10_task3,100,94,False
155,libero_10_task3,101,93,False
155,libero_10_task3,102,92,False
155,libero_10_task3,103,91,False
155,libero_10_task3,104,90,False
155,libero_10_task3,105,89,False
155,libero_10_task3,106,88,False
155,libero_10_task3,107,87,False
155,libero_10_task3,108,86,False
155,libero_10_task3,109,85,False
155,libero_10_task3,110,84,False
155,libero_10_task3,111,83,False
155,libero_10_task3,112,82,False
155,libero_10_task3,113,81,False
155,libero_10_task3,114,80,False
155,libero_10_task3,115,79,False
155,libero_10_task3,116,78,False
155,libero_10_task3,117,77,False
155,libero_10_task3,118,76,False
155,libero_10_task3,119,75,False
155,libero_10_task3,120,74,False
155,libero_10_task3,121,73,False
155,libero_10_task3,122,72,False
155,libero_10_task3,123,71,False
155,libero_10_task3,124,70,False
155,libero_10_task3,125,69,False
155,libero_10_task3,126,68,False
155,libero_10_task3,127,67,False
155,libero_10_task3,128,66,False
155,libero_10_task3,129,65,False
155,libero_10_task3,130,64,False
155,libero_10_task3,131,63,False
155,libero_10_task3,132,62,False
155,libero_10_task3,133,61,False
155,libero_10_task3,134,60,False
155,libero_10_task3,135,59,False
155,libero_10_task3,136,58,False
155,libero_10_task3,137,57,False
155,libero_10_task3,138,56,False
155,libero_10_task3,139,55,False
155,libero_10_task3,140,54,False
155,libero_10_task3,141,53,False
155,libero_10_task3,142,52,False
155,libero_10_task3,143,51,False
155,libero_10_task3,144,50,False
155,libero_10_task3,145,49,False
155,libero_10_task3,146,48,False
155,libero_10_task3,147,47,False
155,libero_10_task3,148,46,False
155,libero_10_task3,149,45,False
155,libero_10_task3,150,44,False
155,libero_10_task3,151,43,False
155,libero_10_task3,152,42,False
155,libero_10_task3,153,41,False
155,libero_10_task3,154,40,False
155,libero_10_task3,155,39,False
155,libero_10_task3,156,38,False
155,libero_10_task3,157,37,False
155,libero_10_task3,158,36,False
155,libero_10_task3,159,35,False
155,libero_10_task3,160,34,False
155,libero_10_task3,161,33,False
155,libero_10_task3,162,32,False
155,libero_10_task3,163,31,False
155,libero_10_task3,164,30,False
155,libero_10_task3,165,29,False
155,libero_10_task3,166,28,False
155,libero_10_task3,167,27,False
155,libero_10_task3,168,26,False
155,libero_10_task3,169,25,False
155,libero_10_task3,170,24,False
155,libero_10_task3,171,23,False
155,libero_10_task3,172,22,False
155,libero_10_task3,173,21,False
155,libero_10_task3,174,20,False
155,libero_10_task3,175,19,False
155,libero_10_task3,176,18,False
155,libero_10_task3,177,17,False
155,libero_10_task3,178,16,False
155,libero_10_task3,179,15,False
155,libero_10_task3,180,14,False
155,libero_10_task3,181,13,False
155,libero_10_task3,182,12,False
155,libero_10_task3,183,11,False
155,libero_10_task3,184,10,False
155,libero_10_task3,185,9,False
155,libero_10_task3,186,8,False
155,libero_10_task3,187,7,False
155,libero_10_task3,188,6,False
155,libero_10_task3,189,5,False
155,libero_10_task3,190,4,False
155,libero_10_task3,191,3,False
155,libero_10_task3,192,2,False
155,libero_10_task3,193,1,False
155,libero_10_task3,194,,True
155,libero_10_task3,195,,True
155,libero_10_task3,196,,True
155,libero_10_task3,197,,True
155,libero_10_task3,198,,True
155,libero_10_task3,199,,True
155,libero_10_task3,200,,True
155,libero_10_task3,201,,True
155,libero_10_task3,202,,True
155,libero_10_task3,203,,True
155,libero_10_task3,204,,True
155,libero_10_task3,205,,True
155,libero_10_task3,206,,True
155,libero_10_task3,207,,True
155,libero_10_task3,208,,True
155,libero_10_task3,209,,True
155,libero_10_task3,210,,True
155,libero_10_task3,211,,True
155,libero_10_task3,212,,True
155,libero_10_task3,213,,True
155,libero_10_task3,214,,True
155,libero_10_task3,215,,True
155,libero_10_task3,216,,True
155,libero_10_task3,217,,True
155,libero_10_task3,218,,True
155,libero_10_task3,219,,True
155,libero_10_task3,220,,True
155,libero_10_task3,221,,True
155,libero_10_task3,222,,True
155,libero_10_task3,223,,True
155,libero_10_task3,224,,True
155,libero_10_task3,225,,True
155,libero_10_task3,226,,True
155,libero_10_task3,227,,True
155,libero_10_task3,228,,True
155,libero_10_task3,229,,True
155,libero_10_task3,230,,True
155,libero_10_task3,231,,True
155,libero_10_task3,232,,True
155,libero_10_task3,233,,True
155,libero_10_task3,234,,True
155,libero_10_task3,235,,True
155,libero_10_task3,236,,True
155,libero_10_task3,237,,True
155,libero_10_task3,238,,True
155,libero_10_task3,239,,True
155,libero_10_task3,240,,True
155,libero_10_task3,241,,True
155,libero_10_task3,242,,True
155,libero_10_task3,243,,True
155,libero_10_task3,244,,True
155,libero_10_task3,245,,True
155,libero_10_task3,246,,True
155,libero_10_task3,247,,True
155,libero_10_task3,248,,True
155,libero_10_task3,249,,True
155,libero_10_task3,250,,True
155,libero_10_task3,251,,True
155,libero_10_task3,252,,True
155,libero_10_task3,253,,True
155,libero_10_task3,254,,True
155,libero_10_task3,255,,True
155,libero_10_task3,256,,True
155,libero_10_task3,257,,True
155,libero_10_task3,258,,True
155,libero_10_task3,259,,True
155,libero_10_task3,260,,True
155,libero_10_task3,261,,True
155,libero_10_task3,262,,True
155,libero_10_task3,263,,True
155,libero_10_task3,264,,True
155,libero_10_task3,265,,True
155,libero_10_task3,266,,True
169,libero_10_task3,0,56,False
169,libero_10_task3,1,55,False
169,libero_10_task3,2,54,False
169,libero_10_task3,3,53,False
169,libero_10_task3,4,52,False
169,libero_10_task3,5,51,False
169,libero_10_task3,6,50,False
169,libero_10_task3,7,49,False
169,libero_10_task3,8,48,False
169,libero_10_task3,9,47,False
169,libero_10_task3,10,46,False
169,libero_10_task3,11,45,False
169,libero_10_task3,12,44,False
169,libero_10_task3,13,43,False
169,libero_10_task3,14,42,False
169,libero_10_task3,15,41,False
169,libero_10_task3,16,40,False
169,libero_10_task3,17,39,False
169,libero_10_task3,18,38,False
169,libero_10_task3,19,37,False
169,libero_10_task3,20,36,False
169,libero_10_task3,21,35,False
169,libero_10_task3,22,34,False
169,libero_10_task3,23,33,False
169,libero_10_task3,24,32,False
169,libero_10_task3,25,31,False
169,libero_10_task3,26,30,False
169,libero_10_task3,27,29,False
169,libero_10_task3,28,28,False
169,libero_10_task3,29,27,False
169,libero_10_task3,30,26,False
169,libero_10_task3,31,25,False
169,libero_10_task3,32,24,False
169,libero_10_task3,33,23,False
169,libero_10_task3,34,22,False
169,libero_10_task3,35,21,False
169,libero_10_task3,36,20,False
169,libero_10_task3,37,19,False
169,libero_10_task3,38,18,False
169,libero_10_task3,39,17,False
169,libero_10_task3,40,16,False
169,libero_10_task3,41,15,False
169,libero_10_task3,42,14,False
169,libero_10_task3,43,13,False
169,libero_10_task3,44,12,False
169,libero_10_task3,45,11,False
169,libero_10_task3,46,10,False
169,libero_10_task3,47,9,False
169,libero_10_task3,48,8,False
169,libero_10_task3,49,7,False
169,libero_10_task3,50,6,False
169,libero_10_task3,51,5,False
169,libero_10_task3,52,4,False
169,libero_10_task3,53,3,False
169,libero_10_task3,54,2,False
169,libero_10_task3,55,1,False
169,libero_10_task3,56,49,False
169,libero_10_task3,57,48,False
169,libero_10_task3,58,47,False
169,libero_10_task3,59,46,False
169,libero_10_task3,60,45,False
169,libero_10_task3,61,44,False
169,libero_10_task3,62,43,False
169,libero_10_task3,63,42,False
169,libero_10_task3,64,41,False
169,libero_10_task3,65,40,False
169,libero_10_task3,66,39,False
169,libero_10_task3,67,38,False
169,libero_10_task3,68,37,False
169,libero_10_task3,69,36,False
169,libero_10_task3,70,35,False
169,libero_10_task3,71,34,False
169,libero_10_task3,72,33,False
169,libero_10_task3,73,32,False
169,libero_10_task3,74,31,False
169,libero_10_task3,75,30,False
169,libero_10_task3,76,29,False
169,libero_10_task3,77,28,False
169,libero_10_task3,78,27,False
169,libero_10_task3,79,26,False
169,libero_10_task3,80,25,False
169,libero_10_task3,81,24,False
169,libero_10_task3,82,23,False
169,libero_10_task3,83,22,False
169,libero_10_task3,84,21,False
169,libero_10_task3,85,20,False
169,libero_10_task3,86,19,False
169,libero_10_task3,87,18,False
169,libero_10_task3,88,17,False
169,libero_10_task3,89,16,False
169,libero_10_task3,90,15,False
169,libero_10_task3,91,14,False
169,libero_10_task3,92,13,False
169,libero_10_task3,93,12,False
169,libero_10_task3,94,11,False
169,libero_10_task3,95,10,False
169,libero_10_task3,96,9,False
169,libero_10_task3,97,8,False
169,libero_10_task3,98,7,False
169,libero_10_task3,99,6,False
169,libero_10_task3,100,5,False
169,libero_10_task3,101,4,False
169,libero_10_task3,102,3,False
169,libero_10_task3,103,2,False
169,libero_10_task3,104,1,False
169,libero_10_task3,105,35,False
169,libero_10_task3,106,34,False
169,libero_10_task3,107,33,False
169,libero_10_task3,108,32,False
169,libero_10_task3,109,31,False
169,libero_10_task3,110,30,False
169,libero_10_task3,111,29,False
169,libero_10_task3,112,28,False
169,libero_10_task3,113,27,False
169,libero_10_task3,114,26,False
169,libero_10_task3,115,25,False
169,libero_10_task3,116,24,False
169,libero_10_task3,117,23,False
169,libero_10_task3,118,22,False
169,libero_10_task3,119,21,False
169,libero_10_task3,120,20,False
169,libero_10_task3,121,19,False
169,libero_10_task3,122,18,False
169,libero_10_task3,123,17,False
169,libero_10_task3,124,16,False
169,libero_10_task3,125,15,False
169,libero_10_task3,126,14,False
169,libero_10_task3,127,13,False
169,libero_10_task3,128,12,False
169,libero_10_task3,129,11,False
169,libero_10_task3,130,10,False
169,libero_10_task3,131,9,False
169,libero_10_task3,132,8,False
169,libero_10_task3,133,7,False
169,libero_10_task3,134,6,False
169,libero_10_task3,135,5,False
169,libero_10_task3,136,4,False
169,libero_10_task3,137,3,False
169,libero_10_task3,138,2,False
169,libero_10_task3,139,1,False
169,libero_10_task3,140,74,False
169,libero_10_task3,141,73,False
169,libero_10_task3,142,72,False
169,libero_10_task3,143,71,False
169,libero_10_task3,144,70,False
169,libero_10_task3,145,69,False
169,libero_10_task3,146,68,False
169,libero_10_task3,147,67,False
169,libero_10_task3,148,66,False
169,libero_10_task3,149,65,False
169,libero_10_task3,150,64,False
169,libero_10_task3,151,63,False
169,libero_10_task3,152,62,False
169,libero_10_task3,153,61,False
169,libero_10_task3,154,60,False
169,libero_10_task3,155,59,False
169,libero_10_task3,156,58,False
169,libero_10_task3,157,57,False
169,libero_10_task3,158,56,False
169,libero_10_task3,159,55,False
169,libero_10_task3,160,54,False
169,libero_10_task3,161,53,False
169,libero_10_task3,162,52,False
169,libero_10_task3,163,51,False
169,libero_10_task3,164,50,False
169,libero_10_task3,165,49,False
169,libero_10_task3,166,48,False
169,libero_10_task3,167,47,False
169,libero_10_task3,168,46,False
169,libero_10_task3,169,45,False
169,libero_10_task3,170,44,False
169,libero_10_task3,171,43,False
169,libero_10_task3,172,42,False
169,libero_10_task3,173,41,False
169,libero_10_task3,174,40,False
169,libero_10_task3,175,39,False
169,libero_10_task3,176,38,False
169,libero_10_task3,177,37,False
169,libero_10_task3,178,36,False
169,libero_10_task3,179,35,False
169,libero_10_task3,180,34,False
169,libero_10_task3,181,33,False
169,libero_10_task3,182,32,False
169,libero_10_task3,183,31,False
169,libero_10_task3,184,30,False
169,libero_10_task3,185,29,False
169,libero_10_task3,186,28,False
169,libero_10_task3,187,27,False
169,libero_10_task3,188,26,False
169,libero_10_task3,189,25,False
169,libero_10_task3,190,24,False
169,libero_10_task3,191,23,False
169,libero_10_task3,192,22,False
169,libero_10_task3,193,21,False
169,libero_10_task3,194,20,False
169,libero_10_task3,195,19,False
169,libero_10_task3,196,18,False
169,libero_10_task3,197,17,False
169,libero_10_task3,198,16,False
169,libero_10_task3,199,15,False
169,libero_10_task3,200,14,False
169,libero_10_task3,201,13,False
169,libero_10_task3,202,12,False
169,libero_10_task3,203,11,False
169,libero_10_task3,204,10,False
169,libero_10_task3,205,9,False
169,libero_10_task3,206,8,False
169,libero_10_task3,207,7,False
169,libero_10_task3,208,6,False
169,libero_10_task3,209,5,False
169,libero_10_task3,210,4,False
169,libero_10_task3,211,3,False
169,libero_10_task3,212,2,False
169,libero_10_task3,213,1,False
169,libero_10_task3,214,,True
169,libero_10_task3,215,,True
169,libero_10_task3,216,,True
169,libero_10_task3,217,,True
169,libero_10_task3,218,,True
169,libero_10_task3,219,,True
169,libero_10_task3,220,,True
169,libero_10_task3,221,,True
169,libero_10_task3,222,,True
169,libero_10_task3,223,,True
169,libero_10_task3,224,,True
169,libero_10_task3,225,,True
169,libero_10_task3,226,,True
169,libero_10_task3,227,,True
169,libero_10_task3,228,,True
169,libero_10_task3,229,,True
169,libero_10_task3,230,,True
169,libero_10_task3,231,,True
169,libero_10_task3,232,,True
169,libero_10_task3,233,,True
169,libero_10_task3,234,,True
169,libero_10_task3,235,,True
169,libero_10_task3,236,,True
169,libero_10_task3,237,,True
169,libero_10_task3,238,,True
169,libero_10_task3,239,,True
169,libero_10_task3,240,,True
169,libero_10_task3,241,,True
169,libero_10_task3,242,,True
169,libero_10_task3,243,,True
169,libero_10_task3,244,,True
169,libero_10_task3,245,,True
169,libero_10_task3,246,,True
169,libero_10_task3,247,,True
169,libero_10_task3,248,,True
169,libero_10_task3,249,,True
169,libero_10_task3,250,,True
169,libero_10_task3,251,,True
169,libero_10_task3,252,,True
169,libero_10_task3,253,,True
169,libero_10_task3,254,,True
169,libero_10_task3,255,,True
169,libero_10_task3,256,,True
169,libero_10_task3,257,,True
169,libero_10_task3,258,,True
169,libero_10_task3,259,,True
169,libero_10_task3,260,,True
169,libero_10_task3,261,,True
169,libero_10_task3,262,,True
169,libero_10_task3,263,,True
169,libero_10_task3,264,,True
169,libero_10_task3,265,,True
169,libero_10_task3,266,,True
169,libero_10_task3,267,,True
169,libero_10_task3,268,,True
169,libero_10_task3,269,,True
169,libero_10_task3,270,,True
169,libero_10_task3,271,,True
169,libero_10_task3,272,,True
169,libero_10_task3,273,,True
169,libero_10_task3,274,,True
169,libero_10_task3,275,,True
169,libero_10_task3,276,,True
169,libero_10_task3,277,,True
169,libero_10_task3,278,,True
169,libero_10_task3,279,,True
169,libero_10_task3,280,,True
169,libero_10_task3,281,,True
169,libero_10_task3,282,,True
169,libero_10_task3,283,,True
169,libero_10_task3,284,,True
169,libero_10_task3,285,,True
169,libero_10_task3,286,,True
177,libero_10_task3,0,71,False
177,libero_10_task3,1,70,False
177,libero_10_task3,2,69,False
177,libero_10_task3,3,68,False
177,libero_10_task3,4,67,False
177,libero_10_task3,5,66,False
177,libero_10_task3,6,65,False
177,libero_10_task3,7,64,False
177,libero_10_task3,8,63,False
177,libero_10_task3,9,62,False
177,libero_10_task3,10,61,False
177,libero_10_task3,11,60,False
177,libero_10_task3,12,59,False
177,libero_10_task3,13,58,False
177,libero_10_task3,14,57,False
177,libero_10_task3,15,56,False
177,libero_10_task3,16,55,False
177,libero_10_task3,17,54,False
177,libero_10_task3,18,53,False
177,libero_10_task3,19,52,False
177,libero_10_task3,20,51,False
177,libero_10_task3,21,50,False
177,libero_10_task3,22,49,False
177,libero_10_task3,23,48,False
177,libero_10_task3,24,47,False
177,libero_10_task3,25,46,False
177,libero_10_task3,26,45,False
177,libero_10_task3,27,44,False
177,libero_10_task3,28,43,False
177,libero_10_task3,29,42,False
177,libero_10_task3,30,41,False
177,libero_10_task3,31,40,False
177,libero_10_task3,32,39,False
177,libero_10_task3,33,38,False
177,libero_10_task3,34,37,False
177,libero_10_task3,35,36,False
177,libero_10_task3,36,35,False
177,libero_10_task3,37,34,False
177,libero_10_task3,38,33,False
177,libero_10_task3,39,32,False
177,libero_10_task3,40,31,False
177,libero_10_task3,41,30,False
177,libero_10_task3,42,29,False
177,libero_10_task3,43,28,False
177,libero_10_task3,44,27,False
177,libero_10_task3,45,26,False
177,libero_10_task3,46,25,False
177,libero_10_task3,47,24,False
177,libero_10_task3,48,23,False
177,libero_10_task3,49,22,False
177,libero_10_task3,50,21,False
177,libero_10_task3,51,20,False
177,libero_10_task3,52,19,False
177,libero_10_task3,53,18,False
177,libero_10_task3,54,17,False
177,libero_10_task3,55,16,False
177,libero_10_task3,56,15,False
177,libero_10_task3,57,14,False
177,libero_10_task3,58,13,False
177,libero_10_task3,59,12,False
177,libero_10_task3,60,11,False
177,libero_10_task3,61,10,False
177,libero_10_task3,62,9,False
177,libero_10_task3,63,8,False
177,libero_10_task3,64,7,False
177,libero_10_task3,65,6,False
177,libero_10_task3,66,5,False
177,libero_10_task3,67,4,False
177,libero_10_task3,68,3,False
177,libero_10_task3,69,2,False
177,libero_10_task3,70,1,False
177,libero_10_task3,71,95,False
177,libero_10_task3,72,94,False
177,libero_10_task3,73,93,False
177,libero_10_task3,74,92,False
177,libero_10_task3,75,91,False
177,libero_10_task3,76,90,False
177,libero_10_task3,77,89,False
177,libero_10_task3,78,88,False
177,libero_10_task3,79,87,False
177,libero_10_task3,80,86,False
177,libero_10_task3,81,85,False
177,libero_10_task3,82,84,False
177,libero_10_task3,83,83,False
177,libero_10_task3,84,82,False
177,libero_10_task3,85,81,False
177,libero_10_task3,86,80,False
177,libero_10_task3,87,79,False
177,libero_10_task3,88,78,False
177,libero_10_task3,89,77,False
177,libero_10_task3,90,76,False
177,libero_10_task3,91,75,False
177,libero_10_task3,92,74,False
177,libero_10_task3,93,73,False
177,libero_10_task3,94,72,False
177,libero_10_task3,95,71,False
177,libero_10_task3,96,70,False
177,libero_10_task3,97,69,False
177,libero_10_task3,98,68,False
177,libero_10_task3,99,67,False
177,libero_10_task3,100,66,False
177,libero_10_task3,101,65,False
177,libero_10_task3,102,64,False
177,libero_10_task3,103,63,False
177,libero_10_task3,104,62,False
177,libero_10_task3,105,61,False
177,libero_10_task3,106,60,False
177,libero_10_task3,107,59,False
177,libero_10_task3,108,58,False
177,libero_10_task3,109,57,False
177,libero_10_task3,110,56,False
177,libero_10_task3,111,55,False
177,libero_10_task3,112,54,False
177,libero_10_task3,113,53,False
177,libero_10_task3,114,52,False
177,libero_10_task3,115,51,False
177,libero_10_task3,116,50,False
177,libero_10_task3,117,49,False
177,libero_10_task3,118,48,False
177,libero_10_task3,119,47,False
177,libero_10_task3,120,46,False
177,libero_10_task3,121,45,False
177,libero_10_task3,122,44,False
177,libero_10_task3,123,43,False
177,libero_10_task3,124,42,False
177,libero_10_task3,125,41,False
177,libero_10_task3,126,40,False
177,libero_10_task3,127,39,False
177,libero_10_task3,128,38,False
177,libero_10_task3,129,37,False
177,libero_10_task3,130,36,False
177,libero_10_task3,131,35,False
177,libero_10_task3,132,34,False
177,libero_10_task3,133,33,False
177,libero_10_task3,134,32,False
177,libero_10_task3,135,31,False
177,libero_10_task3,136,30,False
177,libero_10_task3,137,29,False
177,libero_10_task3,138,28,False
177,libero_10_task3,139,27,False
177,libero_10_task3,140,26,False
177,libero_10_task3,141,25,False
177,libero_10_task3,142,24,False
177,libero_10_task3,143,23,False
177,libero_10_task3,144,22,False
177,libero_10_task3,145,21,False
177,libero_10_task3,146,20,False
177,libero_10_task3,147,19,False
177,libero_10_task3,148,18,False
177,libero_10_task3,149,17,False
177,libero_10_task3,150,16,False
177,libero_10_task3,151,15,False
177,libero_10_task3,152,14,False
177,libero_10_task3,153,13,False
177,libero_10_task3,154,12,False
177,libero_10_task3,155,11,False
177,libero_10_task3,156,10,False
177,libero_10_task3,157,9,False
177,libero_10_task3,158,8,False
177,libero_10_task3,159,7,False
177,libero_10_task3,160,6,False
177,libero_10_task3,161,5,False
177,libero_10_task3,162,4,False
177,libero_10_task3,163,3,False
177,libero_10_task3,164,2,False
177,libero_10_task3,165,1,False
177,libero_10_task3,166,,True
177,libero_10_task3,167,,True
177,libero_10_task3,168,,True
177,libero_10_task3,169,,True
177,libero_10_task3,170,,True
177,libero_10_task3,171,,True
177,libero_10_task3,172,,True
177,libero_10_task3,173,,True
177,libero_10_task3,174,,True
177,libero_10_task3,175,,True
177,libero_10_task3,176,,True
177,libero_10_task3,177,,True
177,libero_10_task3,178,,True
177,libero_10_task3,179,,True
177,libero_10_task3,180,,True
177,libero_10_task3,181,,True
177,libero_10_task3,182,,True
177,libero_10_task3,183,,True
177,libero_10_task3,184,,True
177,libero_10_task3,185,,True
177,libero_10_task3,186,,True
177,libero_10_task3,187,,True
177,libero_10_task3,188,,True
177,libero_10_task3,189,,True
177,libero_10_task3,190,,True
177,libero_10_task3,191,,True
177,libero_10_task3,192,,True
177,libero_10_task3,193,,True
177,libero_10_task3,194,,True
177,libero_10_task3,195,,True
177,libero_10_task3,196,,True
177,libero_10_task3,197,,True
177,libero_10_task3,198,,True
177,libero_10_task3,199,,True
177,libero_10_task3,200,,True
177,libero_10_task3,201,,True
177,libero_10_task3,202,,True
177,libero_10_task3,203,,True
177,libero_10_task3,204,,True
177,libero_10_task3,205,,True
177,libero_10_task3,206,,True
177,libero_10_task3,207,,True
177,libero_10_task3,208,,True
177,libero_10_task3,209,,True
177,libero_10_task3,210,,True
177,libero_10_task3,211,,True
177,libero_10_task3,212,,True
177,libero_10_task3,213,,True
177,libero_10_task3,214,,True
177,libero_10_task3,215,,True
177,libero_10_task3,216,,True
177,libero_10_task3,217,,True
177,libero_10_task3,218,,True
177,libero_10_task3,219,,True
177,libero_10_task3,220,,True
177,libero_10_task3,221,,True
177,libero_10_task3,222,,True
177,libero_10_task3,223,,True
177,libero_10_task3,224,,True
177,libero_10_task3,225,,True
177,libero_10_task3,226,,True
177,libero_10_task3,227,,True
177,libero_10_task3,228,,True
177,libero_10_task3,229,,True
177,libero_10_task3,230,,True
177,libero_10_task3,231,,True
177,libero_10_task3,232,,True
177,libero_10_task3,233,,True
177,libero_10_task3,234,,True
177,libero_10_task3,235,,True
177,libero_10_task3,236,,True
177,libero_10_task3,237,,True
177,libero_10_task3,238,,True
177,libero_10_task3,239,,True
177,libero_10_task3,240,,True
177,libero_10_task3,241,,True
177,libero_10_task3,242,,True
177,libero_10_task3,243,,True
189,libero_10_task3,0,79,False
189,libero_10_task3,1,78,False
189,libero_10_task3,2,77,False
189,libero_10_task3,3,76,False
189,libero_10_task3,4,75,False
189,libero_10_task3,5,74,False
189,libero_10_task3,6,73,False
189,libero_10_task3,7,72,False
189,libero_10_task3,8,71,False
189,libero_10_task3,9,70,False
189,libero_10_task3,10,69,False
189,libero_10_task3,11,68,False
189,libero_10_task3,12,67,False
189,libero_10_task3,13,66,False
189,libero_10_task3,14,65,False
189,libero_10_task3,15,64,False
189,libero_10_task3,16,63,False
189,libero_10_task3,17,62,False
189,libero_10_task3,18,61,False
189,libero_10_task3,19,60,False
189,libero_10_task3,20,59,False
189,libero_10_task3,21,58,False
189,libero_10_task3,22,57,False
189,libero_10_task3,23,56,False
189,libero_10_task3,24,55,False
189,libero_10_task3,25,54,False
189,libero_10_task3,26,53,False
189,libero_10_task3,27,52,False
189,libero_10_task3,28,51,False
189,libero_10_task3,29,50,False
189,libero_10_task3,30,49,False
189,libero_10_task3,31,48,False
189,libero_10_task3,32,47,False
189,libero_10_task3,33,46,False
189,libero_10_task3,34,45,False
189,libero_10_task3,35,44,False
189,libero_10_task3,36,43,False
189,libero_10_task3,37,42,False
189,libero_10_task3,38,41,False
189,libero_10_task3,39,40,False
189,libero_10_task3,40,39,False
189,libero_10_task3,41,38,False
189,libero_10_task3,42,37,False
189,libero_10_task3,43,36,False
189,libero_10_task3,44,35,False
189,libero_10_task3,45,34,False
189,libero_10_task3,46,33,False
189,libero_10_task3,47,32,False
189,libero_10_task3,48,31,False
189,libero_10_task3,49,30,False
189,libero_10_task3,50,29,False
189,libero_10_task3,51,28,False
189,libero_10_task3,52,27,False
189,libero_10_task3,53,26,False
189,libero_10_task3,54,25,False
189,libero_10_task3,55,24,False
189,libero_10_task3,56,23,False
189,libero_10_task3,57,22,False
189,libero_10_task3,58,21,False
189,libero_10_task3,59,20,False
189,libero_10_task3,60,19,False
189,libero_10_task3,61,18,False
189,libero_10_task3,62,17,False
189,libero_10_task3,63,16,False
189,libero_10_task3,64,15,False
189,libero_10_task3,65,14,False
189,libero_10_task3,66,13,False
189,libero_10_task3,67,12,False
189,libero_10_task3,68,11,False
189,libero_10_task3,69,10,False
189,libero_10_task3,70,9,False
189,libero_10_task3,71,8,False
189,libero_10_task3,72,7,False
189,libero_10_task3,73,6,False
189,libero_10_task3,74,5,False
189,libero_10_task3,75,4,False
189,libero_10_task3,76,3,False
189,libero_10_task3,77,2,False
189,libero_10_task3,78,1,False
189,libero_10_task3,79,82,False
189,libero_10_task3,80,81,False
189,libero_10_task3,81,80,False
189,libero_10_task3,82,79,False
189,libero_10_task3,83,78,False
189,libero_10_task3,84,77,False
189,libero_10_task3,85,76,False
189,libero_10_task3,86,75,False
189,libero_10_task3,87,74,False
189,libero_10_task3,88,73,False
189,libero_10_task3,89,72,False
189,libero_10_task3,90,71,False
189,libero_10_task3,91,70,False
189,libero_10_task3,92,69,False
189,libero_10_task3,93,68,False
189,libero_10_task3,94,67,False
189,libero_10_task3,95,66,False
189,libero_10_task3,96,65,False
189,libero_10_task3,97,64,False
189,libero_10_task3,98,63,False
189,libero_10_task3,99,62,False
189,libero_10_task3,100,61,False
189,libero_10_task3,101,60,False
189,libero_10_task3,102,59,False
189,libero_10_task3,103,58,False
189,libero_10_task3,104,57,False
189,libero_10_task3,105,56,False
189,libero_10_task3,106,55,False
189,libero_10_task3,107,54,False
189,libero_10_task3,108,53,False
189,libero_10_task3,109,52,False
189,libero_10_task3,110,51,False
189,libero_10_task3,111,50,False
189,libero_10_task3,112,49,False
189,libero_10_task3,113,48,False
189,libero_10_task3,114,47,False
189,libero_10_task3,115,46,False
189,libero_10_task3,116,45,False
189,libero_10_task3,117,44,False
189,libero_10_task3,118,43,False
189,libero_10_task3,119,42,False
189,libero_10_task3,120,41,False
189,libero_10_task3,121,40,False
189,libero_10_task3,122,39,False
189,libero_10_task3,123,38,False
189,libero_10_task3,124,37,False
189,libero_10_task3,125,36,False
189,libero_10_task3,126,35,False
189,libero_10_task3,127,34,False
189,libero_10_task3,128,33,False
189,libero_10_task3,129,32,False
189,libero_10_task3,130,31,False
189,libero_10_task3,131,30,False
189,libero_10_task3,132,29,False
189,libero_10_task3,133,28,False
189,libero_10_task3,134,27,False
189,libero_10_task3,135,26,False
189,libero_10_task3,136,25,False
189,libero_10_task3,137,24,False
189,libero_10_task3,138,23,False
189,libero_10_task3,139,22,False
189,libero_10_task3,140,21,False
189,libero_10_task3,141,20,False
189,libero_10_task3,142,19,False
189,libero_10_task3,143,18,False
189,libero_10_task3,144,17,False
189,libero_10_task3,145,16,False
189,libero_10_task3,146,15,False
189,libero_10_task3,147,14,False
189,libero_10_task3,148,13,False
189,libero_10_task3,149,12,False
189,libero_10_task3,150,11,False
189,libero_10_task3,151,10,False
189,libero_10_task3,152,9,False
189,libero_10_task3,153,8,False
189,libero_10_task3,154,7,False
189,libero_10_task3,155,6,False
189,libero_10_task3,156,5,False
189,libero_10_task3,157,4,False
189,libero_10_task3,158,3,False
189,libero_10_task3,159,2,False
189,libero_10_task3,160,1,False
189,libero_10_task3,161,,True
189,libero_10_task3,162,,True
189,libero_10_task3,163,,True
189,libero_10_task3,164,,True
189,libero_10_task3,165,,True
189,libero_10_task3,166,,True
189,libero_10_task3,167,,True
189,libero_10_task3,168,,True
189,libero_10_task3,169,,True
189,libero_10_task3,170,,True
189,libero_10_task3,171,,True
189,libero_10_task3,172,,True
189,libero_10_task3,173,,True
189,libero_10_task3,174,,True
189,libero_10_task3,175,,True
189,libero_10_task3,176,,True
189,libero_10_task3,177,,True
189,libero_10_task3,178,,True
189,libero_10_task3,179,,True
189,libero_10_task3,180,,True
189,libero_10_task3,181,,True
189,libero_10_task3,182,,True
189,libero_10_task3,183,,True
189,libero_10_task3,184,,True
189,libero_10_task3,185,,True
189,libero_10_task3,186,,True
189,libero_10_task3,187,,True
189,libero_10_task3,188,,True
189,libero_10_task3,189,,True
189,libero_10_task3,190,,True
189,libero_10_task3,191,,True
189,libero_10_task3,192,,True
189,libero_10_task3,193,,True
189,libero_10_task3,194,,True
189,libero_10_task3,195,,True
189,libero_10_task3,196,,True
189,libero_10_task3,197,,True
189,libero_10_task3,198,,True
189,libero_10_task3,199,,True
189,libero_10_task3,200,,True
189,libero_10_task3,201,,True
189,libero_10_task3,202,,True
189,libero_10_task3,203,,True
189,libero_10_task3,204,,True
189,libero_10_task3,205,,True
189,libero_10_task3,206,,True
189,libero_10_task3,207,,True
189,libero_10_task3,208,,True
189,libero_10_task3,209,,True
189,libero_10_task3,210,,True
189,libero_10_task3,211,,True
189,libero_10_task3,212,,True
189,libero_10_task3,213,,True
189,libero_10_task3,214,,True
189,libero_10_task3,215,,True
189,libero_10_task3,216,,True
189,libero_10_task3,217,,True
189,libero_10_task3,218,,True
189,libero_10_task3,219,,True
189,libero_10_task3,220,,True
189,libero_10_task3,221,,True
189,libero_10_task3,222,,True
189,libero_10_task3,223,,True
189,libero_10_task3,224,,True
189,libero_10_task3,225,,True
189,libero_10_task3,226,,True
189,libero_10_task3,227,,True
189,libero_10_task3,228,,True
189,libero_10_task3,229,,True
189,libero_10_task3,230,,True
189,libero_10_task3,231,,True
189,libero_10_task3,232,,True
189,libero_10_task3,233,,True
189,libero_10_task3,234,,True
189,libero_10_task3,235,,True
189,libero_10_task3,236,,True
189,libero_10_task3,237,,True
189,libero_10_task3,238,,True
189,libero_10_task3,239,,True
189,libero_10_task3,240,,True
189,libero_10_task3,241,,True
189,libero_10_task3,242,,True
189,libero_10_task3,243,,True
189,libero_10_task3,244,,True
189,libero_10_task3,245,,True
189,libero_10_task3,246,,True
189,libero_10_task3,247,,True
189,libero_10_task3,248,,True
189,libero_10_task3,249,,True
189,libero_10_task3,250,,True
189,libero_10_task3,251,,True
192,libero_10_task3,0,76,False
192,libero_10_task3,1,75,False
192,libero_10_task3,2,74,False
192,libero_10_task3,3,73,False
192,libero_10_task3,4,72,False
192,libero_10_task3,5,71,False
192,libero_10_task3,6,70,False
192,libero_10_task3,7,69,False
192,libero_10_task3,8,68,False
192,libero_10_task3,9,67,False
192,libero_10_task3,10,66,False
192,libero_10_task3,11,65,False
192,libero_10_task3,12,64,False
192,libero_10_task3,13,63,False
192,libero_10_task3,14,62,False
192,libero_10_task3,15,61,False
192,libero_10_task3,16,60,False
192,libero_10_task3,17,59,False
192,libero_10_task3,18,58,False
192,libero_10_task3,19,57,False
192,libero_10_task3,20,56,False
192,libero_10_task3,21,55,False
192,libero_10_task3,22,54,False
192,libero_10_task3,23,53,False
192,libero_10_task3,24,52,False
192,libero_10_task3,25,51,False
192,libero_10_task3,26,50,False
192,libero_10_task3,27,49,False
192,libero_10_task3,28,48,False
192,libero_10_task3,29,47,False
192,libero_10_task3,30,46,False
192,libero_10_task3,31,45,False
192,libero_10_task3,32,44,False
192,libero_10_task3,33,43,False
192,libero_10_task3,34,42,False
192,libero_10_task3,35,41,False
192,libero_10_task3,36,40,False
192,libero_10_task3,37,39,False
192,libero_10_task3,38,38,False
192,libero_10_task3,39,37,False
192,libero_10_task3,40,36,False
192,libero_10_task3,41,35,False
192,libero_10_task3,42,34,False
192,libero_10_task3,43,33,False
192,libero_10_task3,44,32,False
192,libero_10_task3,45,31,False
192,libero_10_task3,46,30,False
192,libero_10_task3,47,29,False
192,libero_10_task3,48,28,False
192,libero_10_task3,49,27,False
192,libero_10_task3,50,26,False
192,libero_10_task3,51,25,False
192,libero_10_task3,52,24,False
192,libero_10_task3,53,23,False
192,libero_10_task3,54,22,False
192,libero_10_task3,55,21,False
192,libero_10_task3,56,20,False
192,libero_10_task3,57,19,False
192,libero_10_task3,58,18,False
192,libero_10_task3,59,17,False
192,libero_10_task3,60,16,False
192,libero_10_task3,61,15,False
192,libero_10_task3,62,14,False
192,libero_10_task3,63,13,False
192,libero_10_task3,64,12,False
192,libero_10_task3,65,11,False
192,libero_10_task3,66,10,False
192,libero_10_task3,67,9,False
192,libero_10_task3,68,8,False
192,libero_10_task3,69,7,False
192,libero_10_task3,70,6,False
192,libero_10_task3,71,5,False
192,libero_10_task3,72,4,False
192,libero_10_task3,73,3,False
192,libero_10_task3,74,2,False
192,libero_10_task3,75,1,False
192,libero_10_task3,76,79,False
192,libero_10_task3,77,78,False
192,libero_10_task3,78,77,False
192,libero_10_task3,79,76,False
192,libero_10_task3,80,75,False
192,libero_10_task3,81,74,False
192,libero_10_task3,82,73,False
192,libero_10_task3,83,72,False
192,libero_10_task3,84,71,False
192,libero_10_task3,85,70,False
192,libero_10_task3,86,69,False
192,libero_10_task3,87,68,False
192,libero_10_task3,88,67,False
192,libero_10_task3,89,66,False
192,libero_10_task3,90,65,False
192,libero_10_task3,91,64,False
192,libero_10_task3,92,63,False
192,libero_10_task3,93,62,False
192,libero_10_task3,94,61,False
192,libero_10_task3,95,60,False
192,libero_10_task3,96,59,False
192,libero_10_task3,97,58,False
192,libero_10_task3,98,57,False
192,libero_10_task3,99,56,False
192,libero_10_task3,100,55,False
192,libero_10_task3,101,54,False
192,libero_10_task3,102,53,False
192,libero_10_task3,103,52,False
192,libero_10_task3,104,51,False
192,libero_10_task3,105,50,False
192,libero_10_task3,106,49,False
192,libero_10_task3,107,48,False
192,libero_10_task3,108,47,False
192,libero_10_task3,109,46,False
192,libero_10_task3,110,45,False
192,libero_10_task3,111,44,False
192,libero_10_task3,112,43,False
192,libero_10_task3,113,42,False
192,libero_10_task3,114,41,False
192,libero_10_task3,115,40,False
192,libero_10_task3,116,39,False
192,libero_10_task3,117,38,False
192,libero_10_task3,118,37,False
192,libero_10_task3,119,36,False
192,libero_10_task3,120,35,False
192,libero_10_task3,121,34,False
192,libero_10_task3,122,33,False
192,libero_10_task3,123,32,False
192,libero_10_task3,124,31,False
192,libero_10_task3,125,30,False
192,libero_10_task3,126,29,False
192,libero_10_task3,127,28,False
192,libero_10_task3,128,27,False
192,libero_10_task3,129,26,False
192,libero_10_task3,130,25,False
192,libero_10_task3,131,24,False
192,libero_10_task3,132,23,False
192,libero_10_task3,133,22,False
192,libero_10_task3,134,21,False
192,libero_10_task3,135,20,False
192,libero_10_task3,136,19,False
192,libero_10_task3,137,18,False
192,libero_10_task3,138,17,False
192,libero_10_task3,139,16,False
192,libero_10_task3,140,15,False
192,libero_10_task3,141,14,False
192,libero_10_task3,142,13,False
192,libero_10_task3,143,12,False
192,libero_10_task3,144,11,False
192,libero_10_task3,145,10,False
192,libero_10_task3,146,9,False
192,libero_10_task3,147,8,False
192,libero_10_task3,148,7,False
192,libero_10_task3,149,6,False
192,libero_10_task3,150,5,False
192,libero_10_task3,151,4,False
192,libero_10_task3,152,3,False
192,libero_10_task3,153,2,False
192,libero_10_task3,154,1,False
192,libero_10_task3,155,,True
192,libero_10_task3,156,,True
192,libero_10_task3,157,,True
192,libero_10_task3,158,,True
192,libero_10_task3,159,,True
192,libero_10_task3,160,,True
192,libero_10_task3,161,,True
192,libero_10_task3,162,,True
192,libero_10_task3,163,,True
192,libero_10_task3,164,,True
192,libero_10_task3,165,,True
192,libero_10_task3,166,,True
192,libero_10_task3,167,,True
192,libero_10_task3,168,,True
192,libero_10_task3,169,,True
192,libero_10_task3,170,,True
192,libero_10_task3,171,,True
192,libero_10_task3,172,,True
192,libero_10_task3,173,,True
192,libero_10_task3,174,,True
192,libero_10_task3,175,,True
192,libero_10_task3,176,,True
192,libero_10_task3,177,,True
192,libero_10_task3,178,,True
192,libero_10_task3,179,,True
192,libero_10_task3,180,,True
192,libero_10_task3,181,,True
192,libero_10_task3,182,,True
192,libero_10_task3,183,,True
192,libero_10_task3,184,,True
192,libero_10_task3,185,,True
192,libero_10_task3,186,,True
192,libero_10_task3,187,,True
192,libero_10_task3,188,,True
192,libero_10_task3,189,,True
192,libero_10_task3,190,,True
192,libero_10_task3,191,,True
192,libero_10_task3,192,,True
192,libero_10_task3,193,,True
192,libero_10_task3,194,,True
192,libero_10_task3,195,,True
192,libero_10_task3,196,,True
192,libero_10_task3,197,,True
192,libero_10_task3,198,,True
192,libero_10_task3,199,,True
192,libero_10_task3,200,,True
192,libero_10_task3,201,,True
192,libero_10_task3,202,,True
192,libero_10_task3,203,,True
192,libero_10_task3,204,,True
192,libero_10_task3,205,,True
192,libero_10_task3,206,,True
192,libero_10_task3,207,,True
192,libero_10_task3,208,,True
192,libero_10_task3,209,,True
192,libero_10_task3,210,,True
192,libero_10_task3,211,,True
192,libero_10_task3,212,,True
192,libero_10_task3,213,,True
192,libero_10_task3,214,,True
192,libero_10_task3,215,,True
192,libero_10_task3,216,,True
192,libero_10_task3,217,,True
192,libero_10_task3,218,,True
192,libero_10_task3,219,,True
192,libero_10_task3,220,,True
192,libero_10_task3,221,,True
192,libero_10_task3,222,,True
192,libero_10_task3,223,,True
192,libero_10_task3,224,,True
192,libero_10_task3,225,,True
192,libero_10_task3,226,,True
192,libero_10_task3,227,,True
192,libero_10_task3,228,,True
192,libero_10_task3,229,,True
198,libero_10_task3,0,74,False
198,libero_10_task3,1,73,False
198,libero_10_task3,2,72,False
198,libero_10_task3,3,71,False
198,libero_10_task3,4,70,False
198,libero_10_task3,5,69,False
198,libero_10_task3,6,68,False
198,libero_10_task3,7,67,False
198,libero_10_task3,8,66,False
198,libero_10_task3,9,65,False
198,libero_10_task3,10,64,False
198,libero_10_task3,11,63,False
198,libero_10_task3,12,62,False
198,libero_10_task3,13,61,False
198,libero_10_task3,14,60,False
198,libero_10_task3,15,59,False
198,libero_10_task3,16,58,False
198,libero_10_task3,17,57,False
198,libero_10_task3,18,56,False
198,libero_10_task3,19,55,False
198,libero_10_task3,20,54,False
198,libero_10_task3,21,53,False
198,libero_10_task3,22,52,False
198,libero_10_task3,23,51,False
198,libero_10_task3,24,50,False
198,libero_10_task3,25,49,False
198,libero_10_task3,26,48,False
198,libero_10_task3,27,47,False
198,libero_10_task3,28,46,False
198,libero_10_task3,29,45,False
198,libero_10_task3,30,44,False
198,libero_10_task3,31,43,False
198,libero_10_task3,32,42,False
198,libero_10_task3,33,41,False
198,libero_10_task3,34,40,False
198,libero_10_task3,35,39,False
198,libero_10_task3,36,38,False
198,libero_10_task3,37,37,False
198,libero_10_task3,38,36,False
198,libero_10_task3,39,35,False
198,libero_10_task3,40,34,False
198,libero_10_task3,41,33,False
198,libero_10_task3,42,32,False
198,libero_10_task3,43,31,False
198,libero_10_task3,44,30,False
198,libero_10_task3,45,29,False
198,libero_10_task3,46,28,False
198,libero_10_task3,47,27,False
198,libero_10_task3,48,26,False
198,libero_10_task3,49,25,False
198,libero_10_task3,50,24,False
198,libero_10_task3,51,23,False
198,libero_10_task3,52,22,False
198,libero_10_task3,53,21,False
198,libero_10_task3,54,20,False
198,libero_10_task3,55,19,False
198,libero_10_task3,56,18,False
198,libero_10_task3,57,17,False
198,libero_10_task3,58,16,False
198,libero_10_task3,59,15,False
198,libero_10_task3,60,14,False
198,libero_10_task3,61,13,False
198,libero_10_task3,62,12,False
198,libero_10_task3,63,11,False
198,libero_10_task3,64,10,False
198,libero_10_task3,65,9,False
198,libero_10_task3,66,8,False
198,libero_10_task3,67,7,False
198,libero_10_task3,68,6,False
198,libero_10_task3,69,5,False
198,libero_10_task3,70,4,False
198,libero_10_task3,71,3,False
198,libero_10_task3,72,2,False
198,libero_10_task3,73,1,False
198,libero_10_task3,74,84,False
198,libero_10_task3,75,83,False
198,libero_10_task3,76,82,False
198,libero_10_task3,77,81,False
198,libero_10_task3,78,80,False
198,libero_10_task3,79,79,False
198,libero_10_task3,80,78,False
198,libero_10_task3,81,77,False
198,libero_10_task3,82,76,False
198,libero_10_task3,83,75,False
198,libero_10_task3,84,74,False
198,libero_10_task3,85,73,False
198,libero_10_task3,86,72,False
198,libero_10_task3,87,71,False
198,libero_10_task3,88,70,False
198,libero_10_task3,89,69,False
198,libero_10_task3,90,68,False
198,libero_10_task3,91,67,False
198,libero_10_task3,92,66,False
198,libero_10_task3,93,65,False
198,libero_10_task3,94,64,False
198,libero_10_task3,95,63,False
198,libero_10_task3,96,62,False
198,libero_10_task3,97,61,False
198,libero_10_task3,98,60,False
198,libero_10_task3,99,59,False
198,libero_10_task3,100,58,False
198,libero_10_task3,101,57,False
198,libero_10_task3,102,56,False
198,libero_10_task3,103,55,False
198,libero_10_task3,104,54,False
198,libero_10_task3,105,53,False
198,libero_10_task3,106,52,False
198,libero_10_task3,107,51,False
198,libero_10_task3,108,50,False
198,libero_10_task3,109,49,False
198,libero_10_task3,110,48,False
198,libero_10_task3,111,47,False
198,libero_10_task3,112,46,False
198,libero_10_task3,113,45,False
198,libero_10_task3,114,44,False
198,libero_10_task3,115,43,False
198,libero_10_task3,116,42,False
198,libero_10_task3,117,41,False
198,libero_10_task3,118,40,False
198,libero_10_task3,119,39,False
198,libero_10_task3,120,38,False
198,libero_10_task3,121,37,False
198,libero_10_task3,122,36,False
198,libero_10_task3,123,35,False
198,libero_10_task3,124,34,False
198,libero_10_task3,125,33,False
198,libero_10_task3,126,32,False
198,libero_10_task3,127,31,False
198,libero_10_task3,128,30,False
198,libero_10_task3,129,29,False
198,libero_10_task3,130,28,False
198,libero_10_task3,131,27,False
198,libero_10_task3,132,26,False
198,libero_10_task3,133,25,False
198,libero_10_task3,134,24,False
198,libero_10_task3,135,23,False
198,libero_10_task3,136,22,False
198,libero_10_task3,137,21,False
198,libero_10_task3,138,20,False
198,libero_10_task3,139,19,False
198,libero_10_task3,140,18,False
198,libero_10_task3,141,17,False
198,libero_10_task3,142,16,False
198,libero_10_task3,143,15,False
198,libero_10_task3,144,14,False
198,libero_10_task3,145,13,False
198,libero_10_task3,146,12,False
198,libero_10_task3,147,11,False
198,libero_10_task3,148,10,False
198,libero_10_task3,149,9,False
198,libero_10_task3,150,8,False
198,libero_10_task3,151,7,False
198,libero_10_task3,152,6,False
198,libero_10_task3,153,5,False
198,libero_10_task3,154,4,False
198,libero_10_task3,155,3,False
198,libero_10_task3,156,2,False
198,libero_10_task3,157,1,False
198,libero_10_task3,158,,True
198,libero_10_task3,159,,True
198,libero_10_task3,160,,True
198,libero_10_task3,161,,True
198,libero_10_task3,162,,True
198,libero_10_task3,163,,True
198,libero_10_task3,164,,True
198,libero_10_task3,165,,True
198,libero_10_task3,166,,True
198,libero_10_task3,167,,True
198,libero_10_task3,168,,True
198,libero_10_task3,169,,True
198,libero_10_task3,170,,True
198,libero_10_task3,171,,True
198,libero_10_task3,172,,True
198,libero_10_task3,173,,True
198,libero_10_task3,174,,True
198,libero_10_task3,175,,True
198,libero_10_task3,176,,True
198,libero_10_task3,177,,True
198,libero_10_task3,178,,True
198,libero_10_task3,179,,True
198,libero_10_task3,180,,True
198,libero_10_task3,181,,True
198,libero_10_task3,182,,True
198,libero_10_task3,183,,True
198,libero_10_task3,184,,True
198,libero_10_task3,185,,True
198,libero_10_task3,186,,True
198,libero_10_task3,187,,True
198,libero_10_task3,188,,True
198,libero_10_task3,189,,True
198,libero_10_task3,190,,True
198,libero_10_task3,191,,True
198,libero_10_task3,192,,True
198,libero_10_task3,193,,True
198,libero_10_task3,194,,True
198,libero_10_task3,195,,True
198,libero_10_task3,196,,True
198,libero_10_task3,197,,True
198,libero_10_task3,198,,True
198,libero_10_task3,199,,True
198,libero_10_task3,200,,True
198,libero_10_task3,201,,True
198,libero_10_task3,202,,True
198,libero_10_task3,203,,True
198,libero_10_task3,204,,True
198,libero_10_task3,205,,True
198,libero_10_task3,206,,True
198,libero_10_task3,207,,True
198,libero_10_task3,208,,True
198,libero_10_task3,209,,True
198,libero_10_task3,210,,True
198,libero_10_task3,211,,True
198,libero_10_task3,212,,True
198,libero_10_task3,213,,True
198,libero_10_task3,214,,True
198,libero_10_task3,215,,True
198,libero_10_task3,216,,True
198,libero_10_task3,217,,True
198,libero_10_task3,218,,True
198,libero_10_task3,219,,True
198,libero_10_task3,220,,True
198,libero_10_task3,221,,True
198,libero_10_task3,222,,True
198,libero_10_task3,223,,True
198,libero_10_task3,224,,True
198,libero_10_task3,225,,True
198,libero_10_task3,226,,True
198,libero_10_task3,227,,True
198,libero_10_task3,228,,True
198,libero_10_task3,229,,True
198,libero_10_task3,230,,True
198,libero_10_task3,231,,True
198,libero_10_task3,232,,True
198,libero_10_task3,233,,True
198,libero_10_task3,234,,True
254,libero_10_task3,0,77,False
254,libero_10_task3,1,76,False
254,libero_10_task3,2,75,False
254,libero_10_task3,3,74,False
254,libero_10_task3,4,73,False
254,libero_10_task3,5,72,False
254,libero_10_task3,6,71,False
254,libero_10_task3,7,70,False
254,libero_10_task3,8,69,False
254,libero_10_task3,9,68,False
254,libero_10_task3,10,67,False
254,libero_10_task3,11,66,False
254,libero_10_task3,12,65,False
254,libero_10_task3,13,64,False
254,libero_10_task3,14,63,False
254,libero_10_task3,15,62,False
254,libero_10_task3,16,61,False
254,libero_10_task3,17,60,False
254,libero_10_task3,18,59,False
254,libero_10_task3,19,58,False
254,libero_10_task3,20,57,False
254,libero_10_task3,21,56,False
254,libero_10_task3,22,55,False
254,libero_10_task3,23,54,False
254,libero_10_task3,24,53,False
254,libero_10_task3,25,52,False
254,libero_10_task3,26,51,False
254,libero_10_task3,27,50,False
254,libero_10_task3,28,49,False
254,libero_10_task3,29,48,False
254,libero_10_task3,30,47,False
254,libero_10_task3,31,46,False
254,libero_10_task3,32,45,False
254,libero_10_task3,33,44,False
254,libero_10_task3,34,43,False
254,libero_10_task3,35,42,False
254,libero_10_task3,36,41,False
254,libero_10_task3,37,40,False
254,libero_10_task3,38,39,False
254,libero_10_task3,39,38,False
254,libero_10_task3,40,37,False
254,libero_10_task3,41,36,False
254,libero_10_task3,42,35,False
254,libero_10_task3,43,34,False
254,libero_10_task3,44,33,False
254,libero_10_task3,45,32,False
254,libero_10_task3,46,31,False
254,libero_10_task3,47,30,False
254,libero_10_task3,48,29,False
254,libero_10_task3,49,28,False
254,libero_10_task3,50,27,False
254,libero_10_task3,51,26,False
254,libero_10_task3,52,25,False
254,libero_10_task3,53,24,False
254,libero_10_task3,54,23,False
254,libero_10_task3,55,22,False
254,libero_10_task3,56,21,False
254,libero_10_task3,57,20,False
254,libero_10_task3,58,19,False
254,libero_10_task3,59,18,False
254,libero_10_task3,60,17,False
254,libero_10_task3,61,16,False
254,libero_10_task3,62,15,False
254,libero_10_task3,63,14,False
254,libero_10_task3,64,13,False
254,libero_10_task3,65,12,False
254,libero_10_task3,66,11,False
254,libero_10_task3,67,10,False
254,libero_10_task3,68,9,False
254,libero_10_task3,69,8,False
254,libero_10_task3,70,7,False
254,libero_10_task3,71,6,False
254,libero_10_task3,72,5,False
254,libero_10_task3,73,4,False
254,libero_10_task3,74,3,False
254,libero_10_task3,75,2,False
254,libero_10_task3,76,1,False
254,libero_10_task3,77,78,False
254,libero_10_task3,78,77,False
254,libero_10_task3,79,76,False
254,libero_10_task3,80,75,False
254,libero_10_task3,81,74,False
254,libero_10_task3,82,73,False
254,libero_10_task3,83,72,False
254,libero_10_task3,84,71,False
254,libero_10_task3,85,70,False
254,libero_10_task3,86,69,False
254,libero_10_task3,87,68,False
254,libero_10_task3,88,67,False
254,libero_10_task3,89,66,False
254,libero_10_task3,90,65,False
254,libero_10_task3,91,64,False
254,libero_10_task3,92,63,False
254,libero_10_task3,93,62,False
254,libero_10_task3,94,61,False
254,libero_10_task3,95,60,False
254,libero_10_task3,96,59,False
254,libero_10_task3,97,58,False
254,libero_10_task3,98,57,False
254,libero_10_task3,99,56,False
254,libero_10_task3,100,55,False
254,libero_10_task3,101,54,False
254,libero_10_task3,102,53,False
254,libero_10_task3,103,52,False
254,libero_10_task3,104,51,False
254,libero_10_task3,105,50,False
254,libero_10_task3,106,49,False
254,libero_10_task3,107,48,False
254,libero_10_task3,108,47,False
254,libero_10_task3,109,46,False
254,libero_10_task3,110,45,False
254,libero_10_task3,111,44,False
254,libero_10_task3,112,43,False
254,libero_10_task3,113,42,False
254,libero_10_task3,114,41,False
254,libero_10_task3,115,40,False
254,libero_10_task3,116,39,False
254,libero_10_task3,117,38,False
254,libero_10_task3,118,37,False
254,libero_10_task3,119,36,False
254,libero_10_task3,120,35,False
254,libero_10_task3,121,34,False
254,libero_10_task3,122,33,False
254,libero_10_task3,123,32,False
254,libero_10_task3,124,31,False
254,libero_10_task3,125,30,False
254,libero_10_task3,126,29,False
254,libero_10_task3,127,28,False
254,libero_10_task3,128,27,False
254,libero_10_task3,129,26,False
254,libero_10_task3,130,25,False
254,libero_10_task3,131,24,False
254,libero_10_task3,132,23,False
254,libero_10_task3,133,22,False
254,libero_10_task3,134,21,False
254,libero_10_task3,135,20,False
254,libero_10_task3,136,19,False
254,libero_10_task3,137,18,False
254,libero_10_task3,138,17,False
254,libero_10_task3,139,16,False
254,libero_10_task3,140,15,False
254,libero_10_task3,141,14,False
254,libero_10_task3,142,13,False
254,libero_10_task3,143,12,False
254,libero_10_task3,144,11,False
254,libero_10_task3,145,10,False
254,libero_10_task3,146,9,False
254,libero_10_task3,147,8,False
254,libero_10_task3,148,7,False
254,libero_10_task3,149,6,False
254,libero_10_task3,150,5,False
254,libero_10_task3,151,4,False
254,libero_10_task3,152,3,False
254,libero_10_task3,153,2,False
254,libero_10_task3,154,1,False
254,libero_10_task3,155,,True
254,libero_10_task3,156,,True
254,libero_10_task3,157,,True
254,libero_10_task3,158,,True
254,libero_10_task3,159,,True
254,libero_10_task3,160,,True
254,libero_10_task3,161,,True
254,libero_10_task3,162,,True
254,libero_10_task3,163,,True
254,libero_10_task3,164,,True
254,libero_10_task3,165,,True
254,libero_10_task3,166,,True
254,libero_10_task3,167,,True
254,libero_10_task3,168,,True
254,libero_10_task3,169,,True
254,libero_10_task3,170,,True
254,libero_10_task3,171,,True
254,libero_10_task3,172,,True
254,libero_10_task3,173,,True
254,libero_10_task3,174,,True
254,libero_10_task3,175,,True
254,libero_10_task3,176,,True
254,libero_10_task3,177,,True
254,libero_10_task3,178,,True
254,libero_10_task3,179,,True
254,libero_10_task3,180,,True
254,libero_10_task3,181,,True
254,libero_10_task3,182,,True
254,libero_10_task3,183,,True
254,libero_10_task3,184,,True
254,libero_10_task3,185,,True
254,libero_10_task3,186,,True
254,libero_10_task3,187,,True
254,libero_10_task3,188,,True
254,libero_10_task3,189,,True
254,libero_10_task3,190,,True
254,libero_10_task3,191,,True
254,libero_10_task3,192,,True
254,libero_10_task3,193,,True
254,libero_10_task3,194,,True
254,libero_10_task3,195,,True
254,libero_10_task3,196,,True
254,libero_10_task3,197,,True
254,libero_10_task3,198,,True
254,libero_10_task3,199,,True
254,libero_10_task3,200,,True
254,libero_10_task3,201,,True
254,libero_10_task3,202,,True
254,libero_10_task3,203,,True
254,libero_10_task3,204,,True
254,libero_10_task3,205,,True
254,libero_10_task3,206,,True
254,libero_10_task3,207,,True
254,libero_10_task3,208,,True
254,libero_10_task3,209,,True
254,libero_10_task3,210,,True
254,libero_10_task3,211,,True
254,libero_10_task3,212,,True
254,libero_10_task3,213,,True
254,libero_10_task3,214,,True
254,libero_10_task3,215,,True
254,libero_10_task3,216,,True
254,libero_10_task3,217,,True
254,libero_10_task3,218,,True
254,libero_10_task3,219,,True
254,libero_10_task3,220,,True
254,libero_10_task3,221,,True
254,libero_10_task3,222,,True
254,libero_10_task3,223,,True
254,libero_10_task3,224,,True
254,libero_10_task3,225,,True
254,libero_10_task3,226,,True
255,libero_10_task3,0,80,False
255,libero_10_task3,1,79,False
255,libero_10_task3,2,78,False
255,libero_10_task3,3,77,False
255,libero_10_task3,4,76,False
255,libero_10_task3,5,75,False
255,libero_10_task3,6,74,False
255,libero_10_task3,7,73,False
255,libero_10_task3,8,72,False
255,libero_10_task3,9,71,False
255,libero_10_task3,10,70,False
255,libero_10_task3,11,69,False
255,libero_10_task3,12,68,False
255,libero_10_task3,13,67,False
255,libero_10_task3,14,66,False
255,libero_10_task3,15,65,False
255,libero_10_task3,16,64,False
255,libero_10_task3,17,63,False
255,libero_10_task3,18,62,False
255,libero_10_task3,19,61,False
255,libero_10_task3,20,60,False
255,libero_10_task3,21,59,False
255,libero_10_task3,22,58,False
255,libero_10_task3,23,57,False
255,libero_10_task3,24,56,False
255,libero_10_task3,25,55,False
255,libero_10_task3,26,54,False
255,libero_10_task3,27,53,False
255,libero_10_task3,28,52,False
255,libero_10_task3,29,51,False
255,libero_10_task3,30,50,False
255,libero_10_task3,31,49,False
255,libero_10_task3,32,48,False
255,libero_10_task3,33,47,False
255,libero_10_task3,34,46,False
255,libero_10_task3,35,45,False
255,libero_10_task3,36,44,False
255,libero_10_task3,37,43,False
255,libero_10_task3,38,42,False
255,libero_10_task3,39,41,False
255,libero_10_task3,40,40,False
255,libero_10_task3,41,39,False
255,libero_10_task3,42,38,False
255,libero_10_task3,43,37,False
255,libero_10_task3,44,36,False
255,libero_10_task3,45,35,False
255,libero_10_task3,46,34,False
255,libero_10_task3,47,33,False
255,libero_10_task3,48,32,False
255,libero_10_task3,49,31,False
255,libero_10_task3,50,30,False
255,libero_10_task3,51,29,False
255,libero_10_task3,52,28,False
255,libero_10_task3,53,27,False
255,libero_10_task3,54,26,False
255,libero_10_task3,55,25,False
255,libero_10_task3,56,24,False
255,libero_10_task3,57,23,False
255,libero_10_task3,58,22,False
255,libero_10_task3,59,21,False
255,libero_10_task3,60,20,False
255,libero_10_task3,61,19,False
255,libero_10_task3,62,18,False
255,libero_10_task3,63,17,False
255,libero_10_task3,64,16,False
255,libero_10_task3,65,15,False
255,libero_10_task3,66,14,False
255,libero_10_task3,67,13,False
255,libero_10_task3,68,12,False
255,libero_10_task3,69,11,False
255,libero_10_task3,70,10,False
255,libero_10_task3,71,9,False
255,libero_10_task3,72,8,False
255,libero_10_task3,73,7,False
255,libero_10_task3,74,6,False
255,libero_10_task3,75,5,False
255,libero_10_task3,76,4,False
255,libero_10_task3,77,3,False
255,libero_10_task3,78,2,False
255,libero_10_task3,79,1,False
255,libero_10_task3,80,95,False
255,libero_10_task3,81,94,False
255,libero_10_task3,82,93,False
255,libero_10_task3,83,92,False
255,libero_10_task3,84,91,False
255,libero_10_task3,85,90,False
255,libero_10_task3,86,89,False
255,libero_10_task3,87,88,False
255,libero_10_task3,88,87,False
255,libero_10_task3,89,86,False
255,libero_10_task3,90,85,False
255,libero_10_task3,91,84,False
255,libero_10_task3,92,83,False
255,libero_10_task3,93,82,False
255,libero_10_task3,94,81,False
255,libero_10_task3,95,80,False
255,libero_10_task3,96,79,False
255,libero_10_task3,97,78,False
255,libero_10_task3,98,77,False
255,libero_10_task3,99,76,False
255,libero_10_task3,100,75,False
255,libero_10_task3,101,74,False
255,libero_10_task3,102,73,False
255,libero_10_task3,103,72,False
255,libero_10_task3,104,71,False
255,libero_10_task3,105,70,False
255,libero_10_task3,106,69,False
255,libero_10_task3,107,68,False
255,libero_10_task3,108,67,False
255,libero_10_task3,109,66,False
255,libero_10_task3,110,65,False
255,libero_10_task3,111,64,False
255,libero_10_task3,112,63,False
255,libero_10_task3,113,62,False
255,libero_10_task3,114,61,False
255,libero_10_task3,115,60,False
255,libero_10_task3,116,59,False
255,libero_10_task3,117,58,False
255,libero_10_task3,118,57,False
255,libero_10_task3,119,56,False
255,libero_10_task3,120,55,False
255,libero_10_task3,121,54,False
255,libero_10_task3,122,53,False
255,libero_10_task3,123,52,False
255,libero_10_task3,124,51,False
255,libero_10_task3,125,50,False
255,libero_10_task3,126,49,False
255,libero_10_task3,127,48,False
255,libero_10_task3,128,47,False
255,libero_10_task3,129,46,False
255,libero_10_task3,130,45,False
255,libero_10_task3,131,44,False
255,libero_10_task3,132,43,False
255,libero_10_task3,133,42,False
255,libero_10_task3,134,41,False
255,libero_10_task3,135,40,False
255,libero_10_task3,136,39,False
255,libero_10_task3,137,38,False
255,libero_10_task3,138,37,False
255,libero_10_task3,139,36,False
255,libero_10_task3,140,35,False
255,libero_10_task3,141,34,False
255,libero_10_task3,142,33,False
255,libero_10_task3,143,32,False
255,libero_10_task3,144,31,False
255,libero_10_task3,145,30,False
255,libero_10_task3,146,29,False
255,libero_10_task3,147,28,False
255,libero_10_task3,148,27,False
255,libero_10_task3,149,26,False
255,libero_10_task3,150,25,False
255,libero_10_task3,151,24,False
255,libero_10_task3,152,23,False
255,libero_10_task3,153,22,False
255,libero_10_task3,154,21,False
255,libero_10_task3,155,20,False
255,libero_10_task3,156,19,False
255,libero_10_task3,157,18,False
255,libero_10_task3,158,17,False
255,libero_10_task3,159,16,False
255,libero_10_task3,160,15,False
255,libero_10_task3,161,14,False
255,libero_10_task3,162,13,False
255,libero_10_task3,163,12,False
255,libero_10_task3,164,11,False
255,libero_10_task3,165,10,False
255,libero_10_task3,166,9,False
255,libero_10_task3,167,8,False
255,libero_10_task3,168,7,False
255,libero_10_task3,169,6,False
255,libero_10_task3,170,5,False
255,libero_10_task3,171,4,False
255,libero_10_task3,172,3,False
255,libero_10_task3,173,2,False
255,libero_10_task3,174,1,False
255,libero_10_task3,175,,True
255,libero_10_task3,176,,True
255,libero_10_task3,177,,True
255,libero_10_task3,178,,True
255,libero_10_task3,179,,True
255,libero_10_task3,180,,True
255,libero_10_task3,181,,True
255,libero_10_task3,182,,True
255,libero_10_task3,183,,True
255,libero_10_task3,184,,True
255,libero_10_task3,185,,True
255,libero_10_task3,186,,True
255,libero_10_task3,187,,True
255,libero_10_task3,188,,True
255,libero_10_task3,189,,True
255,libero_10_task3,190,,True
255,libero_10_task3,191,,True
255,libero_10_task3,192,,True
255,libero_10_task3,193,,True
255,libero_10_task3,194,,True
255,libero_10_task3,195,,True
255,libero_10_task3,196,,True
255,libero_10_task3,197,,True
255,libero_10_task3,198,,True
255,libero_10_task3,199,,True
255,libero_10_task3,200,,True
255,libero_10_task3,201,,True
255,libero_10_task3,202,,True
255,libero_10_task3,203,,True
255,libero_10_task3,204,,True
255,libero_10_task3,205,,True
255,libero_10_task3,206,,True
255,libero_10_task3,207,,True
255,libero_10_task3,208,,True
255,libero_10_task3,209,,True
255,libero_10_task3,210,,True
255,libero_10_task3,211,,True
255,libero_10_task3,212,,True
255,libero_10_task3,213,,True
255,libero_10_task3,214,,True
255,libero_10_task3,215,,True
255,libero_10_task3,216,,True
255,libero_10_task3,217,,True
255,libero_10_task3,218,,True
255,libero_10_task3,219,,True
255,libero_10_task3,220,,True
255,libero_10_task3,221,,True
255,libero_10_task3,222,,True
255,libero_10_task3,223,,True
255,libero_10_task3,224,,True
255,libero_10_task3,225,,True
255,libero_10_task3,226,,True
255,libero_10_task3,227,,True
255,libero_10_task3,228,,True
255,libero_10_task3,229,,True
255,libero_10_task3,230,,True
255,libero_10_task3,231,,True
255,libero_10_task3,232,,True
255,libero_10_task3,233,,True
255,libero_10_task3,234,,True
255,libero_10_task3,235,,True
255,libero_10_task3,236,,True
255,libero_10_task3,237,,True
255,libero_10_task3,238,,True
255,libero_10_task3,239,,True
255,libero_10_task3,240,,True
255,libero_10_task3,241,,True
255,libero_10_task3,242,,True
255,libero_10_task3,243,,True
255,libero_10_task3,244,,True
255,libero_10_task3,245,,True
255,libero_10_task3,246,,True
255,libero_10_task3,247,,True
255,libero_10_task3,248,,True
255,libero_10_task3,249,,True
255,libero_10_task3,250,,True
255,libero_10_task3,251,,True
255,libero_10_task3,252,,True
255,libero_10_task3,253,,True
255,libero_10_task3,254,,True
255,libero_10_task3,255,,True
255,libero_10_task3,256,,True
255,libero_10_task3,257,,True
255,libero_10_task3,258,,True
255,libero_10_task3,259,,True
255,libero_10_task3,260,,True
255,libero_10_task3,261,,True
255,libero_10_task3,262,,True
255,libero_10_task3,263,,True
255,libero_10_task3,264,,True
255,libero_10_task3,265,,True
255,libero_10_task3,266,,True
255,libero_10_task3,267,,True
255,libero_10_task3,268,,True
255,libero_10_task3,269,,True
255,libero_10_task3,270,,True
255,libero_10_task3,271,,True
255,libero_10_task3,272,,True
255,libero_10_task3,273,,True
255,libero_10_task3,274,,True
255,libero_10_task3,275,,True
255,libero_10_task3,276,,True
255,libero_10_task3,277,,True
255,libero_10_task3,278,,True
255,libero_10_task3,279,,True
255,libero_10_task3,280,,True
255,libero_10_task3,281,,True
255,libero_10_task3,282,,True
255,libero_10_task3,283,,True
255,libero_10_task3,284,,True
255,libero_10_task3,285,,True
255,libero_10_task3,286,,True
255,libero_10_task3,287,,True
255,libero_10_task3,288,,True
255,libero_10_task3,289,,True
255,libero_10_task3,290,,True
262,libero_10_task3,0,81,False
262,libero_10_task3,1,80,False
262,libero_10_task3,2,79,False
262,libero_10_task3,3,78,False
262,libero_10_task3,4,77,False
262,libero_10_task3,5,76,False
262,libero_10_task3,6,75,False
262,libero_10_task3,7,74,False
262,libero_10_task3,8,73,False
262,libero_10_task3,9,72,False
262,libero_10_task3,10,71,False
262,libero_10_task3,11,70,False
262,libero_10_task3,12,69,False
262,libero_10_task3,13,68,False
262,libero_10_task3,14,67,False
262,libero_10_task3,15,66,False
262,libero_10_task3,16,65,False
262,libero_10_task3,17,64,False
262,libero_10_task3,18,63,False
262,libero_10_task3,19,62,False
262,libero_10_task3,20,61,False
262,libero_10_task3,21,60,False
262,libero_10_task3,22,59,False
262,libero_10_task3,23,58,False
262,libero_10_task3,24,57,False
262,libero_10_task3,25,56,False
262,libero_10_task3,26,55,False
262,libero_10_task3,27,54,False
262,libero_10_task3,28,53,False
262,libero_10_task3,29,52,False
262,libero_10_task3,30,51,False
262,libero_10_task3,31,50,False
262,libero_10_task3,32,49,False
262,libero_10_task3,33,48,False
262,libero_10_task3,34,47,False
262,libero_10_task3,35,46,False
262,libero_10_task3,36,45,False
262,libero_10_task3,37,44,False
262,libero_10_task3,38,43,False
262,libero_10_task3,39,42,False
262,libero_10_task3,40,41,False
262,libero_10_task3,41,40,False
262,libero_10_task3,42,39,False
262,libero_10_task3,43,38,False
262,libero_10_task3,44,37,False
262,libero_10_task3,45,36,False
262,libero_10_task3,46,35,False
262,libero_10_task3,47,34,False
262,libero_10_task3,48,33,False
262,libero_10_task3,49,32,False
262,libero_10_task3,50,31,False
262,libero_10_task3,51,30,False
262,libero_10_task3,52,29,False
262,libero_10_task3,53,28,False
262,libero_10_task3,54,27,False
262,libero_10_task3,55,26,False
262,libero_10_task3,56,25,False
262,libero_10_task3,57,24,False
262,libero_10_task3,58,23,False
262,libero_10_task3,59,22,False
262,libero_10_task3,60,21,False
262,libero_10_task3,61,20,False
262,libero_10_task3,62,19,False
262,libero_10_task3,63,18,False
262,libero_10_task3,64,17,False
262,libero_10_task3,65,16,False
262,libero_10_task3,66,15,False
262,libero_10_task3,67,14,False
262,libero_10_task3,68,13,False
262,libero_10_task3,69,12,False
262,libero_10_task3,70,11,False
262,libero_10_task3,71,10,False
262,libero_10_task3,72,9,False
262,libero_10_task3,73,8,False
262,libero_10_task3,74,7,False
262,libero_10_task3,75,6,False
262,libero_10_task3,76,5,False
262,libero_10_task3,77,4,False
262,libero_10_task3,78,3,False
262,libero_10_task3,79,2,False
262,libero_10_task3,80,1,False
262,libero_10_task3,81,69,False
262,libero_10_task3,82,68,False
262,libero_10_task3,83,67,False
262,libero_10_task3,84,66,False
262,libero_10_task3,85,65,False
262,libero_10_task3,86,64,False
262,libero_10_task3,87,63,False
262,libero_10_task3,88,62,False
262,libero_10_task3,89,61,False
262,libero_10_task3,90,60,False
262,libero_10_task3,91,59,False
262,libero_10_task3,92,58,False
262,libero_10_task3,93,57,False
262,libero_10_task3,94,56,False
262,libero_10_task3,95,55,False
262,libero_10_task3,96,54,False
262,libero_10_task3,97,53,False
262,libero_10_task3,98,52,False
262,libero_10_task3,99,51,False
262,libero_10_task3,100,50,False
262,libero_10_task3,101,49,False
262,libero_10_task3,102,48,False
262,libero_10_task3,103,47,False
262,libero_10_task3,104,46,False
262,libero_10_task3,105,45,False
262,libero_10_task3,106,44,False
262,libero_10_task3,107,43,False
262,libero_10_task3,108,42,False
262,libero_10_task3,109,41,False
262,libero_10_task3,110,40,False
262,libero_10_task3,111,39,False
262,libero_10_task3,112,38,False
262,libero_10_task3,113,37,False
262,libero_10_task3,114,36,False
262,libero_10_task3,115,35,False
262,libero_10_task3,116,34,False
262,libero_10_task3,117,33,False
262,libero_10_task3,118,32,False
262,libero_10_task3,119,31,False
262,libero_10_task3,120,30,False
262,libero_10_task3,121,29,False
262,libero_10_task3,122,28,False
262,libero_10_task3,123,27,False
262,libero_10_task3,124,26,False
262,libero_10_task3,125,25,False
262,libero_10_task3,126,24,False
262,libero_10_task3,127,23,False
262,libero_10_task3,128,22,False
262,libero_10_task3,129,21,False
262,libero_10_task3,130,20,False
262,libero_10_task3,131,19,False
262,libero_10_task3,132,18,False
262,libero_10_task3,133,17,False
262,libero_10_task3,134,16,False
262,libero_10_task3,135,15,False
262,libero_10_task3,136,14,False
262,libero_10_task3,137,13,False
262,libero_10_task3,138,12,False
262,libero_10_task3,139,11,False
262,libero_10_task3,140,10,False
262,libero_10_task3,141,9,False
262,libero_10_task3,142,8,False
262,libero_10_task3,143,7,False
262,libero_10_task3,144,6,False
262,libero_10_task3,145,5,False
262,libero_10_task3,146,4,False
262,libero_10_task3,147,3,False
262,libero_10_task3,148,2,False
262,libero_10_task3,149,1,False
262,libero_10_task3,150,,True
262,libero_10_task3,151,,True
262,libero_10_task3,152,,True
262,libero_10_task3,153,,True
262,libero_10_task3,154,,True
262,libero_10_task3,155,,True
262,libero_10_task3,156,,True
262,libero_10_task3,157,,True
262,libero_10_task3,158,,True
262,libero_10_task3,159,,True
262,libero_10_task3,160,,True
262,libero_10_task3,161,,True
262,libero_10_task3,162,,True
262,libero_10_task3,163,,True
262,libero_10_task3,164,,True
262,libero_10_task3,165,,True
262,libero_10_task3,166,,True
262,libero_10_task3,167,,True
262,libero_10_task3,168,,True
262,libero_10_task3,169,,True
262,libero_10_task3,170,,True
262,libero_10_task3,171,,True
262,libero_10_task3,172,,True
262,libero_10_task3,173,,True
262,libero_10_task3,174,,True
262,libero_10_task3,175,,True
262,libero_10_task3,176,,True
262,libero_10_task3,177,,True
262,libero_10_task3,178,,True
262,libero_10_task3,179,,True
262,libero_10_task3,180,,True
262,libero_10_task3,181,,True
262,libero_10_task3,182,,True
262,libero_10_task3,183,,True
262,libero_10_task3,184,,True
262,libero_10_task3,185,,True
262,libero_10_task3,186,,True
262,libero_10_task3,187,,True
262,libero_10_task3,188,,True
262,libero_10_task3,189,,True
262,libero_10_task3,190,,True
262,libero_10_task3,191,,True
262,libero_10_task3,192,,True
262,libero_10_task3,193,,True
262,libero_10_task3,194,,True
262,libero_10_task3,195,,True
262,libero_10_task3,196,,True
262,libero_10_task3,197,,True
262,libero_10_task3,198,,True
262,libero_10_task3,199,,True
262,libero_10_task3,200,,True
262,libero_10_task3,201,,True
262,libero_10_task3,202,,True
262,libero_10_task3,203,,True
262,libero_10_task3,204,,True
262,libero_10_task3,205,,True
262,libero_10_task3,206,,True
262,libero_10_task3,207,,True
262,libero_10_task3,208,,True
262,libero_10_task3,209,,True
262,libero_10_task3,210,,True
262,libero_10_task3,211,,True
262,libero_10_task3,212,,True
262,libero_10_task3,213,,True
262,libero_10_task3,214,,True
262,libero_10_task3,215,,True
262,libero_10_task3,216,,True
262,libero_10_task3,217,,True
262,libero_10_task3,218,,True
262,libero_10_task3,219,,True
262,libero_10_task3,220,,True
262,libero_10_task3,221,,True
262,libero_10_task3,222,,True
262,libero_10_task3,223,,True
262,libero_10_task3,224,,True
262,libero_10_task3,225,,True
262,libero_10_task3,226,,True
262,libero_10_task3,227,,True
268,libero_10_task3,0,81,False
268,libero_10_task3,1,80,False
268,libero_10_task3,2,79,False
268,libero_10_task3,3,78,False
268,libero_10_task3,4,77,False
268,libero_10_task3,5,76,False
268,libero_10_task3,6,75,False
268,libero_10_task3,7,74,False
268,libero_10_task3,8,73,False
268,libero_10_task3,9,72,False
268,libero_10_task3,10,71,False
268,libero_10_task3,11,70,False
268,libero_10_task3,12,69,False
268,libero_10_task3,13,68,False
268,libero_10_task3,14,67,False
268,libero_10_task3,15,66,False
268,libero_10_task3,16,65,False
268,libero_10_task3,17,64,False
268,libero_10_task3,18,63,False
268,libero_10_task3,19,62,False
268,libero_10_task3,20,61,False
268,libero_10_task3,21,60,False
268,libero_10_task3,22,59,False
268,libero_10_task3,23,58,False
268,libero_10_task3,24,57,False
268,libero_10_task3,25,56,False
268,libero_10_task3,26,55,False
268,libero_10_task3,27,54,False
268,libero_10_task3,28,53,False
268,libero_10_task3,29,52,False
268,libero_10_task3,30,51,False
268,libero_10_task3,31,50,False
268,libero_10_task3,32,49,False
268,libero_10_task3,33,48,False
268,libero_10_task3,34,47,False
268,libero_10_task3,35,46,False
268,libero_10_task3,36,45,False
268,libero_10_task3,37,44,False
268,libero_10_task3,38,43,False
268,libero_10_task3,39,42,False
268,libero_10_task3,40,41,False
268,libero_10_task3,41,40,False
268,libero_10_task3,42,39,False
268,libero_10_task3,43,38,False
268,libero_10_task3,44,37,False
268,libero_10_task3,45,36,False
268,libero_10_task3,46,35,False
268,libero_10_task3,47,34,False
268,libero_10_task3,48,33,False
268,libero_10_task3,49,32,False
268,libero_10_task3,50,31,False
268,libero_10_task3,51,30,False
268,libero_10_task3,52,29,False
268,libero_10_task3,53,28,False
268,libero_10_task3,54,27,False
268,libero_10_task3,55,26,False
268,libero_10_task3,56,25,False
268,libero_10_task3,57,24,False
268,libero_10_task3,58,23,False
268,libero_10_task3,59,22,False
268,libero_10_task3,60,21,False
268,libero_10_task3,61,20,False
268,libero_10_task3,62,19,False
268,libero_10_task3,63,18,False
268,libero_10_task3,64,17,False
268,libero_10_task3,65,16,False
268,libero_10_task3,66,15,False
268,libero_10_task3,67,14,False
268,libero_10_task3,68,13,False
268,libero_10_task3,69,12,False
268,libero_10_task3,70,11,False
268,libero_10_task3,71,10,False
268,libero_10_task3,72,9,False
268,libero_10_task3,73,8,False
268,libero_10_task3,74,7,False
268,libero_10_task3,75,6,False
268,libero_10_task3,76,5,False
268,libero_10_task3,77,4,False
268,libero_10_task3,78,3,False
268,libero_10_task3,79,2,False
268,libero_10_task3,80,1,False
268,libero_10_task3,81,76,False
268,libero_10_task3,82,75,False
268,libero_10_task3,83,74,False
268,libero_10_task3,84,73,False
268,libero_10_task3,85,72,False
268,libero_10_task3,86,71,False
268,libero_10_task3,87,70,False
268,libero_10_task3,88,69,False
268,libero_10_task3,89,68,False
268,libero_10_task3,90,67,False
268,libero_10_task3,91,66,False
268,libero_10_task3,92,65,False
268,libero_10_task3,93,64,False
268,libero_10_task3,94,63,False
268,libero_10_task3,95,62,False
268,libero_10_task3,96,61,False
268,libero_10_task3,97,60,False
268,libero_10_task3,98,59,False
268,libero_10_task3,99,58,False
268,libero_10_task3,100,57,False
268,libero_10_task3,101,56,False
268,libero_10_task3,102,55,False
268,libero_10_task3,103,54,False
268,libero_10_task3,104,53,False
268,libero_10_task3,105,52,False
268,libero_10_task3,106,51,False
268,libero_10_task3,107,50,False
268,libero_10_task3,108,49,False
268,libero_10_task3,109,48,False
268,libero_10_task3,110,47,False
268,libero_10_task3,111,46,False
268,libero_10_task3,112,45,False
268,libero_10_task3,113,44,False
268,libero_10_task3,114,43,False
268,libero_10_task3,115,42,False
268,libero_10_task3,116,41,False
268,libero_10_task3,117,40,False
268,libero_10_task3,118,39,False
268,libero_10_task3,119,38,False
268,libero_10_task3,120,37,False
268,libero_10_task3,121,36,False
268,libero_10_task3,122,35,False
268,libero_10_task3,123,34,False
268,libero_10_task3,124,33,False
268,libero_10_task3,125,32,False
268,libero_10_task3,126,31,False
268,libero_10_task3,127,30,False
268,libero_10_task3,128,29,False
268,libero_10_task3,129,28,False
268,libero_10_task3,130,27,False
268,libero_10_task3,131,26,False
268,libero_10_task3,132,25,False
268,libero_10_task3,133,24,False
268,libero_10_task3,134,23,False
268,libero_10_task3,135,22,False
268,libero_10_task3,136,21,False
268,libero_10_task3,137,20,False
268,libero_10_task3,138,19,False
268,libero_10_task3,139,18,False
268,libero_10_task3,140,17,False
268,libero_10_task3,141,16,False
268,libero_10_task3,142,15,False
268,libero_10_task3,143,14,False
268,libero_10_task3,144,13,False
268,libero_10_task3,145,12,False
268,libero_10_task3,146,11,False
268,libero_10_task3,147,10,False
268,libero_10_task3,148,9,False
268,libero_10_task3,149,8,False
268,libero_10_task3,150,7,False
268,libero_10_task3,151,6,False
268,libero_10_task3,152,5,False
268,libero_10_task3,153,4,False
268,libero_10_task3,154,3,False
268,libero_10_task3,155,2,False
268,libero_10_task3,156,1,False
268,libero_10_task3,157,,True
268,libero_10_task3,158,,True
268,libero_10_task3,159,,True
268,libero_10_task3,160,,True
268,libero_10_task3,161,,True
268,libero_10_task3,162,,True
268,libero_10_task3,163,,True
268,libero_10_task3,164,,True
268,libero_10_task3,165,,True
268,libero_10_task3,166,,True
268,libero_10_task3,167,,True
268,libero_10_task3,168,,True
268,libero_10_task3,169,,True
268,libero_10_task3,170,,True
268,libero_10_task3,171,,True
268,libero_10_task3,172,,True
268,libero_10_task3,173,,True
268,libero_10_task3,174,,True
268,libero_10_task3,175,,True
268,libero_10_task3,176,,True
268,libero_10_task3,177,,True
268,libero_10_task3,178,,True
268,libero_10_task3,179,,True
268,libero_10_task3,180,,True
268,libero_10_task3,181,,True
268,libero_10_task3,182,,True
268,libero_10_task3,183,,True
268,libero_10_task3,184,,True
268,libero_10_task3,185,,True
268,libero_10_task3,186,,True
268,libero_10_task3,187,,True
268,libero_10_task3,188,,True
268,libero_10_task3,189,,True
268,libero_10_task3,190,,True
268,libero_10_task3,191,,True
268,libero_10_task3,192,,True
268,libero_10_task3,193,,True
268,libero_10_task3,194,,True
268,libero_10_task3,195,,True
268,libero_10_task3,196,,True
268,libero_10_task3,197,,True
268,libero_10_task3,198,,True
268,libero_10_task3,199,,True
268,libero_10_task3,200,,True
268,libero_10_task3,201,,True
268,libero_10_task3,202,,True
268,libero_10_task3,203,,True
268,libero_10_task3,204,,True
268,libero_10_task3,205,,True
268,libero_10_task3,206,,True
268,libero_10_task3,207,,True
268,libero_10_task3,208,,True
268,libero_10_task3,209,,True
268,libero_10_task3,210,,True
268,libero_10_task3,211,,True
268,libero_10_task3,212,,True
268,libero_10_task3,213,,True
268,libero_10_task3,214,,True
268,libero_10_task3,215,,True
268,libero_10_task3,216,,True
268,libero_10_task3,217,,True
268,libero_10_task3,218,,True
268,libero_10_task3,219,,True
268,libero_10_task3,220,,True
268,libero_10_task3,221,,True
268,libero_10_task3,222,,True
268,libero_10_task3,223,,True
268,libero_10_task3,224,,True
268,libero_10_task3,225,,True
268,libero_10_task3,226,,True
268,libero_10_task3,227,,True
268,libero_10_task3,228,,True
274,libero_10_task3,0,78,False
274,libero_10_task3,1,77,False
274,libero_10_task3,2,76,False
274,libero_10_task3,3,75,False
274,libero_10_task3,4,74,False
274,libero_10_task3,5,73,False
274,libero_10_task3,6,72,False
274,libero_10_task3,7,71,False
274,libero_10_task3,8,70,False
274,libero_10_task3,9,69,False
274,libero_10_task3,10,68,False
274,libero_10_task3,11,67,False
274,libero_10_task3,12,66,False
274,libero_10_task3,13,65,False
274,libero_10_task3,14,64,False
274,libero_10_task3,15,63,False
274,libero_10_task3,16,62,False
274,libero_10_task3,17,61,False
274,libero_10_task3,18,60,False
274,libero_10_task3,19,59,False
274,libero_10_task3,20,58,False
274,libero_10_task3,21,57,False
274,libero_10_task3,22,56,False
274,libero_10_task3,23,55,False
274,libero_10_task3,24,54,False
274,libero_10_task3,25,53,False
274,libero_10_task3,26,52,False
274,libero_10_task3,27,51,False
274,libero_10_task3,28,50,False
274,libero_10_task3,29,49,False
274,libero_10_task3,30,48,False
274,libero_10_task3,31,47,False
274,libero_10_task3,32,46,False
274,libero_10_task3,33,45,False
274,libero_10_task3,34,44,False
274,libero_10_task3,35,43,False
274,libero_10_task3,36,42,False
274,libero_10_task3,37,41,False
274,libero_10_task3,38,40,False
274,libero_10_task3,39,39,False
274,libero_10_task3,40,38,False
274,libero_10_task3,41,37,False
274,libero_10_task3,42,36,False
274,libero_10_task3,43,35,False
274,libero_10_task3,44,34,False
274,libero_10_task3,45,33,False
274,libero_10_task3,46,32,False
274,libero_10_task3,47,31,False
274,libero_10_task3,48,30,False
274,libero_10_task3,49,29,False
274,libero_10_task3,50,28,False
274,libero_10_task3,51,27,False
274,libero_10_task3,52,26,False
274,libero_10_task3,53,25,False
274,libero_10_task3,54,24,False
274,libero_10_task3,55,23,False
274,libero_10_task3,56,22,False
274,libero_10_task3,57,21,False
274,libero_10_task3,58,20,False
274,libero_10_task3,59,19,False
274,libero_10_task3,60,18,False
274,libero_10_task3,61,17,False
274,libero_10_task3,62,16,False
274,libero_10_task3,63,15,False
274,libero_10_task3,64,14,False
274,libero_10_task3,65,13,False
274,libero_10_task3,66,12,False
274,libero_10_task3,67,11,False
274,libero_10_task3,68,10,False
274,libero_10_task3,69,9,False
274,libero_10_task3,70,8,False
274,libero_10_task3,71,7,False
274,libero_10_task3,72,6,False
274,libero_10_task3,73,5,False
274,libero_10_task3,74,4,False
274,libero_10_task3,75,3,False
274,libero_10_task3,76,2,False
274,libero_10_task3,77,1,False
274,libero_10_task3,78,76,False
274,libero_10_task3,79,75,False
274,libero_10_task3,80,74,False
274,libero_10_task3,81,73,False
274,libero_10_task3,82,72,False
274,libero_10_task3,83,71,False
274,libero_10_task3,84,70,False
274,libero_10_task3,85,69,False
274,libero_10_task3,86,68,False
274,libero_10_task3,87,67,False
274,libero_10_task3,88,66,False
274,libero_10_task3,89,65,False
274,libero_10_task3,90,64,False
274,libero_10_task3,91,63,False
274,libero_10_task3,92,62,False
274,libero_10_task3,93,61,False
274,libero_10_task3,94,60,False
274,libero_10_task3,95,59,False
274,libero_10_task3,96,58,False
274,libero_10_task3,97,57,False
274,libero_10_task3,98,56,False
274,libero_10_task3,99,55,False
274,libero_10_task3,100,54,False
274,libero_10_task3,101,53,False
274,libero_10_task3,102,52,False
274,libero_10_task3,103,51,False
274,libero_10_task3,104,50,False
274,libero_10_task3,105,49,False
274,libero_10_task3,106,48,False
274,libero_10_task3,107,47,False
274,libero_10_task3,108,46,False
274,libero_10_task3,109,45,False
274,libero_10_task3,110,44,False
274,libero_10_task3,111,43,False
274,libero_10_task3,112,42,False
274,libero_10_task3,113,41,False
274,libero_10_task3,114,40,False
274,libero_10_task3,115,39,False
274,libero_10_task3,116,38,False
274,libero_10_task3,117,37,False
274,libero_10_task3,118,36,False
274,libero_10_task3,119,35,False
274,libero_10_task3,120,34,False
274,libero_10_task3,121,33,False
274,libero_10_task3,122,32,False
274,libero_10_task3,123,31,False
274,libero_10_task3,124,30,False
274,libero_10_task3,125,29,False
274,libero_10_task3,126,28,False
274,libero_10_task3,127,27,False
274,libero_10_task3,128,26,False
274,libero_10_task3,129,25,False
274,libero_10_task3,130,24,False
274,libero_10_task3,131,23,False
274,libero_10_task3,132,22,False
274,libero_10_task3,133,21,False
274,libero_10_task3,134,20,False
274,libero_10_task3,135,19,False
274,libero_10_task3,136,18,False
274,libero_10_task3,137,17,False
274,libero_10_task3,138,16,False
274,libero_10_task3,139,15,False
274,libero_10_task3,140,14,False
274,libero_10_task3,141,13,False
274,libero_10_task3,142,12,False
274,libero_10_task3,143,11,False
274,libero_10_task3,144,10,False
274,libero_10_task3,145,9,False
274,libero_10_task3,146,8,False
274,libero_10_task3,147,7,False
274,libero_10_task3,148,6,False
274,libero_10_task3,149,5,False
274,libero_10_task3,150,4,False
274,libero_10_task3,151,3,False
274,libero_10_task3,152,2,False
274,libero_10_task3,153,1,False
274,libero_10_task3,154,,True
274,libero_10_task3,155,,True
274,libero_10_task3,156,,True
274,libero_10_task3,157,,True
274,libero_10_task3,158,,True
274,libero_10_task3,159,,True
274,libero_10_task3,160,,True
274,libero_10_task3,161,,True
274,libero_10_task3,162,,True
274,libero_10_task3,163,,True
274,libero_10_task3,164,,True
274,libero_10_task3,165,,True
274,libero_10_task3,166,,True
274,libero_10_task3,167,,True
274,libero_10_task3,168,,True
274,libero_10_task3,169,,True
274,libero_10_task3,170,,True
274,libero_10_task3,171,,True
274,libero_10_task3,172,,True
274,libero_10_task3,173,,True
274,libero_10_task3,174,,True
274,libero_10_task3,175,,True
274,libero_10_task3,176,,True
274,libero_10_task3,177,,True
274,libero_10_task3,178,,True
274,libero_10_task3,179,,True
274,libero_10_task3,180,,True
274,libero_10_task3,181,,True
274,libero_10_task3,182,,True
274,libero_10_task3,183,,True
274,libero_10_task3,184,,True
274,libero_10_task3,185,,True
274,libero_10_task3,186,,True
274,libero_10_task3,187,,True
274,libero_10_task3,188,,True
274,libero_10_task3,189,,True
274,libero_10_task3,190,,True
274,libero_10_task3,191,,True
274,libero_10_task3,192,,True
274,libero_10_task3,193,,True
274,libero_10_task3,194,,True
274,libero_10_task3,195,,True
274,libero_10_task3,196,,True
274,libero_10_task3,197,,True
274,libero_10_task3,198,,True
274,libero_10_task3,199,,True
274,libero_10_task3,200,,True
274,libero_10_task3,201,,True
274,libero_10_task3,202,,True
274,libero_10_task3,203,,True
274,libero_10_task3,204,,True
274,libero_10_task3,205,,True
274,libero_10_task3,206,,True
274,libero_10_task3,207,,True
274,libero_10_task3,208,,True
274,libero_10_task3,209,,True
274,libero_10_task3,210,,True
274,libero_10_task3,211,,True
274,libero_10_task3,212,,True
274,libero_10_task3,213,,True
274,libero_10_task3,214,,True
274,libero_10_task3,215,,True
274,libero_10_task3,216,,True
274,libero_10_task3,217,,True
274,libero_10_task3,218,,True
274,libero_10_task3,219,,True
274,libero_10_task3,220,,True
274,libero_10_task3,221,,True
274,libero_10_task3,222,,True
274,libero_10_task3,223,,True
274,libero_10_task3,224,,True
274,libero_10_task3,225,,True
274,libero_10_task3,226,,True
274,libero_10_task3,227,,True
274,libero_10_task3,228,,True
274,libero_10_task3,229,,True
300,libero_10_task3,0,77,False
300,libero_10_task3,1,76,False
300,libero_10_task3,2,75,False
300,libero_10_task3,3,74,False
300,libero_10_task3,4,73,False
300,libero_10_task3,5,72,False
300,libero_10_task3,6,71,False
300,libero_10_task3,7,70,False
300,libero_10_task3,8,69,False
300,libero_10_task3,9,68,False
300,libero_10_task3,10,67,False
300,libero_10_task3,11,66,False
300,libero_10_task3,12,65,False
300,libero_10_task3,13,64,False
300,libero_10_task3,14,63,False
300,libero_10_task3,15,62,False
300,libero_10_task3,16,61,False
300,libero_10_task3,17,60,False
300,libero_10_task3,18,59,False
300,libero_10_task3,19,58,False
300,libero_10_task3,20,57,False
300,libero_10_task3,21,56,False
300,libero_10_task3,22,55,False
300,libero_10_task3,23,54,False
300,libero_10_task3,24,53,False
300,libero_10_task3,25,52,False
300,libero_10_task3,26,51,False
300,libero_10_task3,27,50,False
300,libero_10_task3,28,49,False
300,libero_10_task3,29,48,False
300,libero_10_task3,30,47,False
300,libero_10_task3,31,46,False
300,libero_10_task3,32,45,False
300,libero_10_task3,33,44,False
300,libero_10_task3,34,43,False
300,libero_10_task3,35,42,False
300,libero_10_task3,36,41,False
300,libero_10_task3,37,40,False
300,libero_10_task3,38,39,False
300,libero_10_task3,39,38,False
300,libero_10_task3,40,37,False
300,libero_10_task3,41,36,False
300,libero_10_task3,42,35,False
300,libero_10_task3,43,34,False
300,libero_10_task3,44,33,False
300,libero_10_task3,45,32,False
300,libero_10_task3,46,31,False
300,libero_10_task3,47,30,False
300,libero_10_task3,48,29,False
300,libero_10_task3,49,28,False
300,libero_10_task3,50,27,False
300,libero_10_task3,51,26,False
300,libero_10_task3,52,25,False
300,libero_10_task3,53,24,False
300,libero_10_task3,54,23,False
300,libero_10_task3,55,22,False
300,libero_10_task3,56,21,False
300,libero_10_task3,57,20,False
300,libero_10_task3,58,19,False
300,libero_10_task3,59,18,False
300,libero_10_task3,60,17,False
300,libero_10_task3,61,16,False
300,libero_10_task3,62,15,False
300,libero_10_task3,63,14,False
300,libero_10_task3,64,13,False
300,libero_10_task3,65,12,False
300,libero_10_task3,66,11,False
300,libero_10_task3,67,10,False
300,libero_10_task3,68,9,False
300,libero_10_task3,69,8,False
300,libero_10_task3,70,7,False
300,libero_10_task3,71,6,False
300,libero_10_task3,72,5,False
300,libero_10_task3,73,4,False
300,libero_10_task3,74,3,False
300,libero_10_task3,75,2,False
300,libero_10_task3,76,1,False
300,libero_10_task3,77,89,False
300,libero_10_task3,78,88,False
300,libero_10_task3,79,87,False
300,libero_10_task3,80,86,False
300,libero_10_task3,81,85,False
300,libero_10_task3,82,84,False
300,libero_10_task3,83,83,False
300,libero_10_task3,84,82,False
300,libero_10_task3,85,81,False
300,libero_10_task3,86,80,False
300,libero_10_task3,87,79,False
300,libero_10_task3,88,78,False
300,libero_10_task3,89,77,False
300,libero_10_task3,90,76,False
300,libero_10_task3,91,75,False
300,libero_10_task3,92,74,False
300,libero_10_task3,93,73,False
300,libero_10_task3,94,72,False
300,libero_10_task3,95,71,False
300,libero_10_task3,96,70,False
300,libero_10_task3,97,69,False
300,libero_10_task3,98,68,False
300,libero_10_task3,99,67,False
300,libero_10_task3,100,66,False
300,libero_10_task3,101,65,False
300,libero_10_task3,102,64,False
300,libero_10_task3,103,63,False
300,libero_10_task3,104,62,False
300,libero_10_task3,105,61,False
300,libero_10_task3,106,60,False
300,libero_10_task3,107,59,False
300,libero_10_task3,108,58,False
300,libero_10_task3,109,57,False
300,libero_10_task3,110,56,False
300,libero_10_task3,111,55,False
300,libero_10_task3,112,54,False
300,libero_10_task3,113,53,False
300,libero_10_task3,114,52,False
300,libero_10_task3,115,51,False
300,libero_10_task3,116,50,False
300,libero_10_task3,117,49,False
300,libero_10_task3,118,48,False
300,libero_10_task3,119,47,False
300,libero_10_task3,120,46,False
300,libero_10_task3,121,45,False
300,libero_10_task3,122,44,False
300,libero_10_task3,123,43,False
300,libero_10_task3,124,42,False
300,libero_10_task3,125,41,False
300,libero_10_task3,126,40,False
300,libero_10_task3,127,39,False
300,libero_10_task3,128,38,False
300,libero_10_task3,129,37,False
300,libero_10_task3,130,36,False
300,libero_10_task3,131,35,False
300,libero_10_task3,132,34,False
300,libero_10_task3,133,33,False
300,libero_10_task3,134,32,False
300,libero_10_task3,135,31,False
300,libero_10_task3,136,30,False
300,libero_10_task3,137,29,False
300,libero_10_task3,138,28,False
300,libero_10_task3,139,27,False
300,libero_10_task3,140,26,False
300,libero_10_task3,141,25,False
300,libero_10_task3,142,24,False
300,libero_10_task3,143,23,False
300,libero_10_task3,144,22,False
300,libero_10_task3,145,21,False
300,libero_10_task3,146,20,False
300,libero_10_task3,147,19,False
300,libero_10_task3,148,18,False
300,libero_10_task3,149,17,False
300,libero_10_task3,150,16,False
300,libero_10_task3,151,15,False
300,libero_10_task3,152,14,False
300,libero_10_task3,153,13,False
300,libero_10_task3,154,12,False
300,libero_10_task3,155,11,False
300,libero_10_task3,156,10,False
300,libero_10_task3,157,9,False
300,libero_10_task3,158,8,False
300,libero_10_task3,159,7,False
300,libero_10_task3,160,6,False
300,libero_10_task3,161,5,False
300,libero_10_task3,162,4,False
300,libero_10_task3,163,3,False
300,libero_10_task3,164,2,False
300,libero_10_task3,165,1,False
300,libero_10_task3,166,,True
300,libero_10_task3,167,,True
300,libero_10_task3,168,,True
300,libero_10_task3,169,,True
300,libero_10_task3,170,,True
300,libero_10_task3,171,,True
300,libero_10_task3,172,,True
300,libero_10_task3,173,,True
300,libero_10_task3,174,,True
300,libero_10_task3,175,,True
300,libero_10_task3,176,,True
300,libero_10_task3,177,,True
300,libero_10_task3,178,,True
300,libero_10_task3,179,,True
300,libero_10_task3,180,,True
300,libero_10_task3,181,,True
300,libero_10_task3,182,,True
300,libero_10_task3,183,,True
300,libero_10_task3,184,,True
300,libero_10_task3,185,,True
300,libero_10_task3,186,,True
300,libero_10_task3,187,,True
300,libero_10_task3,188,,True
300,libero_10_task3,189,,True
300,libero_10_task3,190,,True
300,libero_10_task3,191,,True
300,libero_10_task3,192,,True
300,libero_10_task3,193,,True
300,libero_10_task3,194,,True
300,libero_10_task3,195,,True
300,libero_10_task3,196,,True
300,libero_10_task3,197,,True
300,libero_10_task3,198,,True
300,libero_10_task3,199,,True
300,libero_10_task3,200,,True
300,libero_10_task3,201,,True
300,libero_10_task3,202,,True
300,libero_10_task3,203,,True
300,libero_10_task3,204,,True
300,libero_10_task3,205,,True
300,libero_10_task3,206,,True
300,libero_10_task3,207,,True
300,libero_10_task3,208,,True
300,libero_10_task3,209,,True
300,libero_10_task3,210,,True
300,libero_10_task3,211,,True
300,libero_10_task3,212,,True
300,libero_10_task3,213,,True
300,libero_10_task3,214,,True
300,libero_10_task3,215,,True
300,libero_10_task3,216,,True
300,libero_10_task3,217,,True
300,libero_10_task3,218,,True
300,libero_10_task3,219,,True
300,libero_10_task3,220,,True
300,libero_10_task3,221,,True
300,libero_10_task3,222,,True
300,libero_10_task3,223,,True
300,libero_10_task3,224,,True
300,libero_10_task3,225,,True
300,libero_10_task3,226,,True
300,libero_10_task3,227,,True
300,libero_10_task3,228,,True
300,libero_10_task3,229,,True
300,libero_10_task3,230,,True
300,libero_10_task3,231,,True
300,libero_10_task3,232,,True
300,libero_10_task3,233,,True
300,libero_10_task3,234,,True
300,libero_10_task3,235,,True
300,libero_10_task3,236,,True
304,libero_10_task3,0,76,False
304,libero_10_task3,1,75,False
304,libero_10_task3,2,74,False
304,libero_10_task3,3,73,False
304,libero_10_task3,4,72,False
304,libero_10_task3,5,71,False
304,libero_10_task3,6,70,False
304,libero_10_task3,7,69,False
304,libero_10_task3,8,68,False
304,libero_10_task3,9,67,False
304,libero_10_task3,10,66,False
304,libero_10_task3,11,65,False
304,libero_10_task3,12,64,False
304,libero_10_task3,13,63,False
304,libero_10_task3,14,62,False
304,libero_10_task3,15,61,False
304,libero_10_task3,16,60,False
304,libero_10_task3,17,59,False
304,libero_10_task3,18,58,False
304,libero_10_task3,19,57,False
304,libero_10_task3,20,56,False
304,libero_10_task3,21,55,False
304,libero_10_task3,22,54,False
304,libero_10_task3,23,53,False
304,libero_10_task3,24,52,False
304,libero_10_task3,25,51,False
304,libero_10_task3,26,50,False
304,libero_10_task3,27,49,False
304,libero_10_task3,28,48,False
304,libero_10_task3,29,47,False
304,libero_10_task3,30,46,False
304,libero_10_task3,31,45,False
304,libero_10_task3,32,44,False
304,libero_10_task3,33,43,False
304,libero_10_task3,34,42,False
304,libero_10_task3,35,41,False
304,libero_10_task3,36,40,False
304,libero_10_task3,37,39,False
304,libero_10_task3,38,38,False
304,libero_10_task3,39,37,False
304,libero_10_task3,40,36,False
304,libero_10_task3,41,35,False
304,libero_10_task3,42,34,False
304,libero_10_task3,43,33,False
304,libero_10_task3,44,32,False
304,libero_10_task3,45,31,False
304,libero_10_task3,46,30,False
304,libero_10_task3,47,29,False
304,libero_10_task3,48,28,False
304,libero_10_task3,49,27,False
304,libero_10_task3,50,26,False
304,libero_10_task3,51,25,False
304,libero_10_task3,52,24,False
304,libero_10_task3,53,23,False
304,libero_10_task3,54,22,False
304,libero_10_task3,55,21,False
304,libero_10_task3,56,20,False
304,libero_10_task3,57,19,False
304,libero_10_task3,58,18,False
304,libero_10_task3,59,17,False
304,libero_10_task3,60,16,False
304,libero_10_task3,61,15,False
304,libero_10_task3,62,14,False
304,libero_10_task3,63,13,False
304,libero_10_task3,64,12,False
304,libero_10_task3,65,11,False
304,libero_10_task3,66,10,False
304,libero_10_task3,67,9,False
304,libero_10_task3,68,8,False
304,libero_10_task3,69,7,False
304,libero_10_task3,70,6,False
304,libero_10_task3,71,5,False
304,libero_10_task3,72,4,False
304,libero_10_task3,73,3,False
304,libero_10_task3,74,2,False
304,libero_10_task3,75,1,False
304,libero_10_task3,76,103,False
304,libero_10_task3,77,102,False
304,libero_10_task3,78,101,False
304,libero_10_task3,79,100,False
304,libero_10_task3,80,99,False
304,libero_10_task3,81,98,False
304,libero_10_task3,82,97,False
304,libero_10_task3,83,96,False
304,libero_10_task3,84,95,False
304,libero_10_task3,85,94,False
304,libero_10_task3,86,93,False
304,libero_10_task3,87,92,False
304,libero_10_task3,88,91,False
304,libero_10_task3,89,90,False
304,libero_10_task3,90,89,False
304,libero_10_task3,91,88,False
304,libero_10_task3,92,87,False
304,libero_10_task3,93,86,False
304,libero_10_task3,94,85,False
304,libero_10_task3,95,84,False
304,libero_10_task3,96,83,False
304,libero_10_task3,97,82,False
304,libero_10_task3,98,81,False
304,libero_10_task3,99,80,False
304,libero_10_task3,100,79,False
304,libero_10_task3,101,78,False
304,libero_10_task3,102,77,False
304,libero_10_task3,103,76,False
304,libero_10_task3,104,75,False
304,libero_10_task3,105,74,False
304,libero_10_task3,106,73,False
304,libero_10_task3,107,72,False
304,libero_10_task3,108,71,False
304,libero_10_task3,109,70,False
304,libero_10_task3,110,69,False
304,libero_10_task3,111,68,False
304,libero_10_task3,112,67,False
304,libero_10_task3,113,66,False
304,libero_10_task3,114,65,False
304,libero_10_task3,115,64,False
304,libero_10_task3,116,63,False
304,libero_10_task3,117,62,False
304,libero_10_task3,118,61,False
304,libero_10_task3,119,60,False
304,libero_10_task3,120,59,False
304,libero_10_task3,121,58,False
304,libero_10_task3,122,57,False
304,libero_10_task3,123,56,False
304,libero_10_task3,124,55,False
304,libero_10_task3,125,54,False
304,libero_10_task3,126,53,False
304,libero_10_task3,127,52,False
304,libero_10_task3,128,51,False
304,libero_10_task3,129,50,False
304,libero_10_task3,130,49,False
304,libero_10_task3,131,48,False
304,libero_10_task3,132,47,False
304,libero_10_task3,133,46,False
304,libero_10_task3,134,45,False
304,libero_10_task3,135,44,False
304,libero_10_task3,136,43,False
304,libero_10_task3,137,42,False
304,libero_10_task3,138,41,False
304,libero_10_task3,139,40,False
304,libero_10_task3,140,39,False
304,libero_10_task3,141,38,False
304,libero_10_task3,142,37,False
304,libero_10_task3,143,36,False
304,libero_10_task3,144,35,False
304,libero_10_task3,145,34,False
304,libero_10_task3,146,33,False
304,libero_10_task3,147,32,False
304,libero_10_task3,148,31,False
304,libero_10_task3,149,30,False
304,libero_10_task3,150,29,False
304,libero_10_task3,151,28,False
304,libero_10_task3,152,27,False
304,libero_10_task3,153,26,False
304,libero_10_task3,154,25,False
304,libero_10_task3,155,24,False
304,libero_10_task3,156,23,False
304,libero_10_task3,157,22,False
304,libero_10_task3,158,21,False
304,libero_10_task3,159,20,False
304,libero_10_task3,160,19,False
304,libero_10_task3,161,18,False
304,libero_10_task3,162,17,False
304,libero_10_task3,163,16,False
304,libero_10_task3,164,15,False
304,libero_10_task3,165,14,False
304,libero_10_task3,166,13,False
304,libero_10_task3,167,12,False
304,libero_10_task3,168,11,False
304,libero_10_task3,169,10,False
304,libero_10_task3,170,9,False
304,libero_10_task3,171,8,False
304,libero_10_task3,172,7,False
304,libero_10_task3,173,6,False
304,libero_10_task3,174,5,False
304,libero_10_task3,175,4,False
304,libero_10_task3,176,3,False
304,libero_10_task3,177,2,False
304,libero_10_task3,178,1,False
304,libero_10_task3,179,,True
304,libero_10_task3,180,,True
304,libero_10_task3,181,,True
304,libero_10_task3,182,,True
304,libero_10_task3,183,,True
304,libero_10_task3,184,,True
304,libero_10_task3,185,,True
304,libero_10_task3,186,,True
304,libero_10_task3,187,,True
304,libero_10_task3,188,,True
304,libero_10_task3,189,,True
304,libero_10_task3,190,,True
304,libero_10_task3,191,,True
304,libero_10_task3,192,,True
304,libero_10_task3,193,,True
304,libero_10_task3,194,,True
304,libero_10_task3,195,,True
304,libero_10_task3,196,,True
304,libero_10_task3,197,,True
304,libero_10_task3,198,,True
304,libero_10_task3,199,,True
304,libero_10_task3,200,,True
304,libero_10_task3,201,,True
304,libero_10_task3,202,,True
304,libero_10_task3,203,,True
304,libero_10_task3,204,,True
304,libero_10_task3,205,,True
304,libero_10_task3,206,,True
304,libero_10_task3,207,,True
304,libero_10_task3,208,,True
304,libero_10_task3,209,,True
304,libero_10_task3,210,,True
304,libero_10_task3,211,,True
304,libero_10_task3,212,,True
304,libero_10_task3,213,,True
304,libero_10_task3,214,,True
304,libero_10_task3,215,,True
304,libero_10_task3,216,,True
304,libero_10_task3,217,,True
304,libero_10_task3,218,,True
304,libero_10_task3,219,,True
304,libero_10_task3,220,,True
304,libero_10_task3,221,,True
304,libero_10_task3,222,,True
304,libero_10_task3,223,,True
304,libero_10_task3,224,,True
304,libero_10_task3,225,,True
304,libero_10_task3,226,,True
304,libero_10_task3,227,,True
304,libero_10_task3,228,,True
304,libero_10_task3,229,,True
304,libero_10_task3,230,,True
304,libero_10_task3,231,,True
304,libero_10_task3,232,,True
304,libero_10_task3,233,,True
304,libero_10_task3,234,,True
304,libero_10_task3,235,,True
304,libero_10_task3,236,,True
304,libero_10_task3,237,,True
304,libero_10_task3,238,,True
304,libero_10_task3,239,,True
304,libero_10_task3,240,,True
304,libero_10_task3,241,,True
304,libero_10_task3,242,,True
304,libero_10_task3,243,,True
304,libero_10_task3,244,,True
304,libero_10_task3,245,,True
304,libero_10_task3,246,,True
304,libero_10_task3,247,,True
304,libero_10_task3,248,,True
304,libero_10_task3,249,,True
304,libero_10_task3,250,,True
304,libero_10_task3,251,,True
304,libero_10_task3,252,,True
304,libero_10_task3,253,,True
304,libero_10_task3,254,,True
304,libero_10_task3,255,,True
304,libero_10_task3,256,,True
304,libero_10_task3,257,,True
304,libero_10_task3,258,,True
304,libero_10_task3,259,,True
304,libero_10_task3,260,,True
304,libero_10_task3,261,,True
304,libero_10_task3,262,,True
304,libero_10_task3,263,,True
304,libero_10_task3,264,,True
304,libero_10_task3,265,,True
304,libero_10_task3,266,,True
304,libero_10_task3,267,,True
304,libero_10_task3,268,,True
304,libero_10_task3,269,,True
304,libero_10_task3,270,,True
304,libero_10_task3,271,,True
304,libero_10_task3,272,,True
304,libero_10_task3,273,,True
304,libero_10_task3,274,,True
304,libero_10_task3,275,,True
304,libero_10_task3,276,,True
304,libero_10_task3,277,,True
304,libero_10_task3,278,,True
304,libero_10_task3,279,,True
304,libero_10_task3,280,,True
304,libero_10_task3,281,,True
304,libero_10_task3,282,,True
304,libero_10_task3,283,,True
304,libero_10_task3,284,,True
304,libero_10_task3,285,,True
304,libero_10_task3,286,,True
304,libero_10_task3,287,,True
304,libero_10_task3,288,,True
304,libero_10_task3,289,,True
304,libero_10_task3,290,,True
304,libero_10_task3,291,,True
304,libero_10_task3,292,,True
304,libero_10_task3,293,,True
304,libero_10_task3,294,,True
304,libero_10_task3,295,,True
304,libero_10_task3,296,,True
304,libero_10_task3,297,,True
304,libero_10_task3,298,,True
304,libero_10_task3,299,,True
304,libero_10_task3,300,,True
304,libero_10_task3,301,,True
304,libero_10_task3,302,,True
304,libero_10_task3,303,,True
304,libero_10_task3,304,,True
304,libero_10_task3,305,,True
319,libero_10_task3,0,65,False
319,libero_10_task3,1,64,False
319,libero_10_task3,2,63,False
319,libero_10_task3,3,62,False
319,libero_10_task3,4,61,False
319,libero_10_task3,5,60,False
319,libero_10_task3,6,59,False
319,libero_10_task3,7,58,False
319,libero_10_task3,8,57,False
319,libero_10_task3,9,56,False
319,libero_10_task3,10,55,False
319,libero_10_task3,11,54,False
319,libero_10_task3,12,53,False
319,libero_10_task3,13,52,False
319,libero_10_task3,14,51,False
319,libero_10_task3,15,50,False
319,libero_10_task3,16,49,False
319,libero_10_task3,17,48,False
319,libero_10_task3,18,47,False
319,libero_10_task3,19,46,False
319,libero_10_task3,20,45,False
319,libero_10_task3,21,44,False
319,libero_10_task3,22,43,False
319,libero_10_task3,23,42,False
319,libero_10_task3,24,41,False
319,libero_10_task3,25,40,False
319,libero_10_task3,26,39,False
319,libero_10_task3,27,38,False
319,libero_10_task3,28,37,False
319,libero_10_task3,29,36,False
319,libero_10_task3,30,35,False
319,libero_10_task3,31,34,False
319,libero_10_task3,32,33,False
319,libero_10_task3,33,32,False
319,libero_10_task3,34,31,False
319,libero_10_task3,35,30,False
319,libero_10_task3,36,29,False
319,libero_10_task3,37,28,False
319,libero_10_task3,38,27,False
319,libero_10_task3,39,26,False
319,libero_10_task3,40,25,False
319,libero_10_task3,41,24,False
319,libero_10_task3,42,23,False
319,libero_10_task3,43,22,False
319,libero_10_task3,44,21,False
319,libero_10_task3,45,20,False
319,libero_10_task3,46,19,False
319,libero_10_task3,47,18,False
319,libero_10_task3,48,17,False
319,libero_10_task3,49,16,False
319,libero_10_task3,50,15,False
319,libero_10_task3,51,14,False
319,libero_10_task3,52,13,False
319,libero_10_task3,53,12,False
319,libero_10_task3,54,11,False
319,libero_10_task3,55,10,False
319,libero_10_task3,56,9,False
319,libero_10_task3,57,8,False
319,libero_10_task3,58,7,False
319,libero_10_task3,59,6,False
319,libero_10_task3,60,5,False
319,libero_10_task3,61,4,False
319,libero_10_task3,62,3,False
319,libero_10_task3,63,2,False
319,libero_10_task3,64,1,False
319,libero_10_task3,65,77,False
319,libero_10_task3,66,76,False
319,libero_10_task3,67,75,False
319,libero_10_task3,68,74,False
319,libero_10_task3,69,73,False
319,libero_10_task3,70,72,False
319,libero_10_task3,71,71,False
319,libero_10_task3,72,70,False
319,libero_10_task3,73,69,False
319,libero_10_task3,74,68,False
319,libero_10_task3,75,67,False
319,libero_10_task3,76,66,False
319,libero_10_task3,77,65,False
319,libero_10_task3,78,64,False
319,libero_10_task3,79,63,False
319,libero_10_task3,80,62,False
319,libero_10_task3,81,61,False
319,libero_10_task3,82,60,False
319,libero_10_task3,83,59,False
319,libero_10_task3,84,58,False
319,libero_10_task3,85,57,False
319,libero_10_task3,86,56,False
319,libero_10_task3,87,55,False
319,libero_10_task3,88,54,False
319,libero_10_task3,89,53,False
319,libero_10_task3,90,52,False
319,libero_10_task3,91,51,False
319,libero_10_task3,92,50,False
319,libero_10_task3,93,49,False
319,libero_10_task3,94,48,False
319,libero_10_task3,95,47,False
319,libero_10_task3,96,46,False
319,libero_10_task3,97,45,False
319,libero_10_task3,98,44,False
319,libero_10_task3,99,43,False
319,libero_10_task3,100,42,False
319,libero_10_task3,101,41,False
319,libero_10_task3,102,40,False
319,libero_10_task3,103,39,False
319,libero_10_task3,104,38,False
319,libero_10_task3,105,37,False
319,libero_10_task3,106,36,False
319,libero_10_task3,107,35,False
319,libero_10_task3,108,34,False
319,libero_10_task3,109,33,False
319,libero_10_task3,110,32,False
319,libero_10_task3,111,31,False
319,libero_10_task3,112,30,False
319,libero_10_task3,113,29,False
319,libero_10_task3,114,28,False
319,libero_10_task3,115,27,False
319,libero_10_task3,116,26,False
319,libero_10_task3,117,25,False
319,libero_10_task3,118,24,False
319,libero_10_task3,119,23,False
319,libero_10_task3,120,22,False
319,libero_10_task3,121,21,False
319,libero_10_task3,122,20,False
319,libero_10_task3,123,19,False
319,libero_10_task3,124,18,False
319,libero_10_task3,125,17,False
319,libero_10_task3,126,16,False
319,libero_10_task3,127,15,False
319,libero_10_task3,128,14,False
319,libero_10_task3,129,13,False
319,libero_10_task3,130,12,False
319,libero_10_task3,131,11,False
319,libero_10_task3,132,10,False
319,libero_10_task3,133,9,False
319,libero_10_task3,134,8,False
319,libero_10_task3,135,7,False
319,libero_10_task3,136,6,False
319,libero_10_task3,137,5,False
319,libero_10_task3,138,4,False
319,libero_10_task3,139,3,False
319,libero_10_task3,140,2,False
319,libero_10_task3,141,1,False
319,libero_10_task3,142,,True
319,libero_10_task3,143,,True
319,libero_10_task3,144,,True
319,libero_10_task3,145,,True
319,libero_10_task3,146,,True
319,libero_10_task3,147,,True
319,libero_10_task3,148,,True
319,libero_10_task3,149,,True
319,libero_10_task3,150,,True
319,libero_10_task3,151,,True
319,libero_10_task3,152,,True
319,libero_10_task3,153,,True
319,libero_10_task3,154,,True
319,libero_10_task3,155,,True
319,libero_10_task3,156,,True
319,libero_10_task3,157,,True
319,libero_10_task3,158,,True
319,libero_10_task3,159,,True
319,libero_10_task3,160,,True
319,libero_10_task3,161,,True
319,libero_10_task3,162,,True
319,libero_10_task3,163,,True
319,libero_10_task3,164,,True
319,libero_10_task3,165,,True
319,libero_10_task3,166,,True
319,libero_10_task3,167,,True
319,libero_10_task3,168,,True
319,libero_10_task3,169,,True
319,libero_10_task3,170,,True
319,libero_10_task3,171,,True
319,libero_10_task3,172,,True
319,libero_10_task3,173,,True
319,libero_10_task3,174,,True
319,libero_10_task3,175,,True
319,libero_10_task3,176,,True
319,libero_10_task3,177,,True
319,libero_10_task3,178,,True
319,libero_10_task3,179,,True
319,libero_10_task3,180,,True
319,libero_10_task3,181,,True
319,libero_10_task3,182,,True
319,libero_10_task3,183,,True
319,libero_10_task3,184,,True
319,libero_10_task3,185,,True
319,libero_10_task3,186,,True
319,libero_10_task3,187,,True
319,libero_10_task3,188,,True
319,libero_10_task3,189,,True
319,libero_10_task3,190,,True
319,libero_10_task3,191,,True
319,libero_10_task3,192,,True
319,libero_10_task3,193,,True
319,libero_10_task3,194,,True
319,libero_10_task3,195,,True
319,libero_10_task3,196,,True
319,libero_10_task3,197,,True
319,libero_10_task3,198,,True
319,libero_10_task3,199,,True
319,libero_10_task3,200,,True
319,libero_10_task3,201,,True
319,libero_10_task3,202,,True
319,libero_10_task3,203,,True
319,libero_10_task3,204,,True
319,libero_10_task3,205,,True
319,libero_10_task3,206,,True
319,libero_10_task3,207,,True
319,libero_10_task3,208,,True
319,libero_10_task3,209,,True
319,libero_10_task3,210,,True
319,libero_10_task3,211,,True
319,libero_10_task3,212,,True
319,libero_10_task3,213,,True
319,libero_10_task3,214,,True
319,libero_10_task3,215,,True
319,libero_10_task3,216,,True
319,libero_10_task3,217,,True
319,libero_10_task3,218,,True
319,libero_10_task3,219,,True
319,libero_10_task3,220,,True
319,libero_10_task3,221,,True
319,libero_10_task3,222,,True
319,libero_10_task3,223,,True
319,libero_10_task3,224,,True
319,libero_10_task3,225,,True
319,libero_10_task3,226,,True
319,libero_10_task3,227,,True
319,libero_10_task3,228,,True
319,libero_10_task3,229,,True
319,libero_10_task3,230,,True
319,libero_10_task3,231,,True
319,libero_10_task3,232,,True
319,libero_10_task3,233,,True
319,libero_10_task3,234,,True
319,libero_10_task3,235,,True
319,libero_10_task3,236,,True
327,libero_10_task3,0,72,False
327,libero_10_task3,1,71,False
327,libero_10_task3,2,70,False
327,libero_10_task3,3,69,False
327,libero_10_task3,4,68,False
327,libero_10_task3,5,67,False
327,libero_10_task3,6,66,False
327,libero_10_task3,7,65,False
327,libero_10_task3,8,64,False
327,libero_10_task3,9,63,False
327,libero_10_task3,10,62,False
327,libero_10_task3,11,61,False
327,libero_10_task3,12,60,False
327,libero_10_task3,13,59,False
327,libero_10_task3,14,58,False
327,libero_10_task3,15,57,False
327,libero_10_task3,16,56,False
327,libero_10_task3,17,55,False
327,libero_10_task3,18,54,False
327,libero_10_task3,19,53,False
327,libero_10_task3,20,52,False
327,libero_10_task3,21,51,False
327,libero_10_task3,22,50,False
327,libero_10_task3,23,49,False
327,libero_10_task3,24,48,False
327,libero_10_task3,25,47,False
327,libero_10_task3,26,46,False
327,libero_10_task3,27,45,False
327,libero_10_task3,28,44,False
327,libero_10_task3,29,43,False
327,libero_10_task3,30,42,False
327,libero_10_task3,31,41,False
327,libero_10_task3,32,40,False
327,libero_10_task3,33,39,False
327,libero_10_task3,34,38,False
327,libero_10_task3,35,37,False
327,libero_10_task3,36,36,False
327,libero_10_task3,37,35,False
327,libero_10_task3,38,34,False
327,libero_10_task3,39,33,False
327,libero_10_task3,40,32,False
327,libero_10_task3,41,31,False
327,libero_10_task3,42,30,False
327,libero_10_task3,43,29,False
327,libero_10_task3,44,28,False
327,libero_10_task3,45,27,False
327,libero_10_task3,46,26,False
327,libero_10_task3,47,25,False
327,libero_10_task3,48,24,False
327,libero_10_task3,49,23,False
327,libero_10_task3,50,22,False
327,libero_10_task3,51,21,False
327,libero_10_task3,52,20,False
327,libero_10_task3,53,19,False
327,libero_10_task3,54,18,False
327,libero_10_task3,55,17,False
327,libero_10_task3,56,16,False
327,libero_10_task3,57,15,False
327,libero_10_task3,58,14,False
327,libero_10_task3,59,13,False
327,libero_10_task3,60,12,False
327,libero_10_task3,61,11,False
327,libero_10_task3,62,10,False
327,libero_10_task3,63,9,False
327,libero_10_task3,64,8,False
327,libero_10_task3,65,7,False
327,libero_10_task3,66,6,False
327,libero_10_task3,67,5,False
327,libero_10_task3,68,4,False
327,libero_10_task3,69,3,False
327,libero_10_task3,70,2,False
327,libero_10_task3,71,1,False
327,libero_10_task3,72,85,False
327,libero_10_task3,73,84,False
327,libero_10_task3,74,83,False
327,libero_10_task3,75,82,False
327,libero_10_task3,76,81,False
327,libero_10_task3,77,80,False
327,libero_10_task3,78,79,False
327,libero_10_task3,79,78,False
327,libero_10_task3,80,77,False
327,libero_10_task3,81,76,False
327,libero_10_task3,82,75,False
327,libero_10_task3,83,74,False
327,libero_10_task3,84,73,False
327,libero_10_task3,85,72,False
327,libero_10_task3,86,71,False
327,libero_10_task3,87,70,False
327,libero_10_task3,88,69,False
327,libero_10_task3,89,68,False
327,libero_10_task3,90,67,False
327,libero_10_task3,91,66,False
327,libero_10_task3,92,65,False
327,libero_10_task3,93,64,False
327,libero_10_task3,94,63,False
327,libero_10_task3,95,62,False
327,libero_10_task3,96,61,False
327,libero_10_task3,97,60,False
327,libero_10_task3,98,59,False
327,libero_10_task3,99,58,False
327,libero_10_task3,100,57,False
327,libero_10_task3,101,56,False
327,libero_10_task3,102,55,False
327,libero_10_task3,103,54,False
327,libero_10_task3,104,53,False
327,libero_10_task3,105,52,False
327,libero_10_task3,106,51,False
327,libero_10_task3,107,50,False
327,libero_10_task3,108,49,False
327,libero_10_task3,109,48,False
327,libero_10_task3,110,47,False
327,libero_10_task3,111,46,False
327,libero_10_task3,112,45,False
327,libero_10_task3,113,44,False
327,libero_10_task3,114,43,False
327,libero_10_task3,115,42,False
327,libero_10_task3,116,41,False
327,libero_10_task3,117,40,False
327,libero_10_task3,118,39,False
327,libero_10_task3,119,38,False
327,libero_10_task3,120,37,False
327,libero_10_task3,121,36,False
327,libero_10_task3,122,35,False
327,libero_10_task3,123,34,False
327,libero_10_task3,124,33,False
327,libero_10_task3,125,32,False
327,libero_10_task3,126,31,False
327,libero_10_task3,127,30,False
327,libero_10_task3,128,29,False
327,libero_10_task3,129,28,False
327,libero_10_task3,130,27,False
327,libero_10_task3,131,26,False
327,libero_10_task3,132,25,False
327,libero_10_task3,133,24,False
327,libero_10_task3,134,23,False
327,libero_10_task3,135,22,False
327,libero_10_task3,136,21,False
327,libero_10_task3,137,20,False
327,libero_10_task3,138,19,False
327,libero_10_task3,139,18,False
327,libero_10_task3,140,17,False
327,libero_10_task3,141,16,False
327,libero_10_task3,142,15,False
327,libero_10_task3,143,14,False
327,libero_10_task3,144,13,False
327,libero_10_task3,145,12,False
327,libero_10_task3,146,11,False
327,libero_10_task3,147,10,False
327,libero_10_task3,148,9,False
327,libero_10_task3,149,8,False
327,libero_10_task3,150,7,False
327,libero_10_task3,151,6,False
327,libero_10_task3,152,5,False
327,libero_10_task3,153,4,False
327,libero_10_task3,154,3,False
327,libero_10_task3,155,2,False
327,libero_10_task3,156,1,False
327,libero_10_task3,157,,True
327,libero_10_task3,158,,True
327,libero_10_task3,159,,True
327,libero_10_task3,160,,True
327,libero_10_task3,161,,True
327,libero_10_task3,162,,True
327,libero_10_task3,163,,True
327,libero_10_task3,164,,True
327,libero_10_task3,165,,True
327,libero_10_task3,166,,True
327,libero_10_task3,167,,True
327,libero_10_task3,168,,True
327,libero_10_task3,169,,True
327,libero_10_task3,170,,True
327,libero_10_task3,171,,True
327,libero_10_task3,172,,True
327,libero_10_task3,173,,True
327,libero_10_task3,174,,True
327,libero_10_task3,175,,True
327,libero_10_task3,176,,True
327,libero_10_task3,177,,True
327,libero_10_task3,178,,True
327,libero_10_task3,179,,True
327,libero_10_task3,180,,True
327,libero_10_task3,181,,True
327,libero_10_task3,182,,True
327,libero_10_task3,183,,True
327,libero_10_task3,184,,True
327,libero_10_task3,185,,True
327,libero_10_task3,186,,True
327,libero_10_task3,187,,True
327,libero_10_task3,188,,True
327,libero_10_task3,189,,True
327,libero_10_task3,190,,True
327,libero_10_task3,191,,True
327,libero_10_task3,192,,True
327,libero_10_task3,193,,True
327,libero_10_task3,194,,True
327,libero_10_task3,195,,True
327,libero_10_task3,196,,True
327,libero_10_task3,197,,True
327,libero_10_task3,198,,True
327,libero_10_task3,199,,True
327,libero_10_task3,200,,True
327,libero_10_task3,201,,True
327,libero_10_task3,202,,True
327,libero_10_task3,203,,True
327,libero_10_task3,204,,True
327,libero_10_task3,205,,True
327,libero_10_task3,206,,True
327,libero_10_task3,207,,True
327,libero_10_task3,208,,True
327,libero_10_task3,209,,True
327,libero_10_task3,210,,True
327,libero_10_task3,211,,True
327,libero_10_task3,212,,True
327,libero_10_task3,213,,True
327,libero_10_task3,214,,True
327,libero_10_task3,215,,True
327,libero_10_task3,216,,True
327,libero_10_task3,217,,True
327,libero_10_task3,218,,True
327,libero_10_task3,219,,True
327,libero_10_task3,220,,True
327,libero_10_task3,221,,True
327,libero_10_task3,222,,True
327,libero_10_task3,223,,True
327,libero_10_task3,224,,True
327,libero_10_task3,225,,True
327,libero_10_task3,226,,True
327,libero_10_task3,227,,True
327,libero_10_task3,228,,True
327,libero_10_task3,229,,True
327,libero_10_task3,230,,True
327,libero_10_task3,231,,True
327,libero_10_task3,232,,True
327,libero_10_task3,233,,True
327,libero_10_task3,234,,True
337,libero_10_task3,0,63,False
337,libero_10_task3,1,62,False
337,libero_10_task3,2,61,False
337,libero_10_task3,3,60,False
337,libero_10_task3,4,59,False
337,libero_10_task3,5,58,False
337,libero_10_task3,6,57,False
337,libero_10_task3,7,56,False
337,libero_10_task3,8,55,False
337,libero_10_task3,9,54,False
337,libero_10_task3,10,53,False
337,libero_10_task3,11,52,False
337,libero_10_task3,12,51,False
337,libero_10_task3,13,50,False
337,libero_10_task3,14,49,False
337,libero_10_task3,15,48,False
337,libero_10_task3,16,47,False
337,libero_10_task3,17,46,False
337,libero_10_task3,18,45,False
337,libero_10_task3,19,44,False
337,libero_10_task3,20,43,False
337,libero_10_task3,21,42,False
337,libero_10_task3,22,41,False
337,libero_10_task3,23,40,False
337,libero_10_task3,24,39,False
337,libero_10_task3,25,38,False
337,libero_10_task3,26,37,False
337,libero_10_task3,27,36,False
337,libero_10_task3,28,35,False
337,libero_10_task3,29,34,False
337,libero_10_task3,30,33,False
337,libero_10_task3,31,32,False
337,libero_10_task3,32,31,False
337,libero_10_task3,33,30,False
337,libero_10_task3,34,29,False
337,libero_10_task3,35,28,False
337,libero_10_task3,36,27,False
337,libero_10_task3,37,26,False
337,libero_10_task3,38,25,False
337,libero_10_task3,39,24,False
337,libero_10_task3,40,23,False
337,libero_10_task3,41,22,False
337,libero_10_task3,42,21,False
337,libero_10_task3,43,20,False
337,libero_10_task3,44,19,False
337,libero_10_task3,45,18,False
337,libero_10_task3,46,17,False
337,libero_10_task3,47,16,False
337,libero_10_task3,48,15,False
337,libero_10_task3,49,14,False
337,libero_10_task3,50,13,False
337,libero_10_task3,51,12,False
337,libero_10_task3,52,11,False
337,libero_10_task3,53,10,False
337,libero_10_task3,54,9,False
337,libero_10_task3,55,8,False
337,libero_10_task3,56,7,False
337,libero_10_task3,57,6,False
337,libero_10_task3,58,5,False
337,libero_10_task3,59,4,False
337,libero_10_task3,60,3,False
337,libero_10_task3,61,2,False
337,libero_10_task3,62,1,False
337,libero_10_task3,63,87,False
337,libero_10_task3,64,86,False
337,libero_10_task3,65,85,False
337,libero_10_task3,66,84,False
337,libero_10_task3,67,83,False
337,libero_10_task3,68,82,False
337,libero_10_task3,69,81,False
337,libero_10_task3,70,80,False
337,libero_10_task3,71,79,False
337,libero_10_task3,72,78,False
337,libero_10_task3,73,77,False
337,libero_10_task3,74,76,False
337,libero_10_task3,75,75,False
337,libero_10_task3,76,74,False
337,libero_10_task3,77,73,False
337,libero_10_task3,78,72,False
337,libero_10_task3,79,71,False
337,libero_10_task3,80,70,False
337,libero_10_task3,81,69,False
337,libero_10_task3,82,68,False
337,libero_10_task3,83,67,False
337,libero_10_task3,84,66,False
337,libero_10_task3,85,65,False
337,libero_10_task3,86,64,False
337,libero_10_task3,87,63,False
337,libero_10_task3,88,62,False
337,libero_10_task3,89,61,False
337,libero_10_task3,90,60,False
337,libero_10_task3,91,59,False
337,libero_10_task3,92,58,False
337,libero_10_task3,93,57,False
337,libero_10_task3,94,56,False
337,libero_10_task3,95,55,False
337,libero_10_task3,96,54,False
337,libero_10_task3,97,53,False
337,libero_10_task3,98,52,False
337,libero_10_task3,99,51,False
337,libero_10_task3,100,50,False
337,libero_10_task3,101,49,False
337,libero_10_task3,102,48,False
337,libero_10_task3,103,47,False
337,libero_10_task3,104,46,False
337,libero_10_task3,105,45,False
337,libero_10_task3,106,44,False
337,libero_10_task3,107,43,False
337,libero_10_task3,108,42,False
337,libero_10_task3,109,41,False
337,libero_10_task3,110,40,False
337,libero_10_task3,111,39,False
337,libero_10_task3,112,38,False
337,libero_10_task3,113,37,False
337,libero_10_task3,114,36,False
337,libero_10_task3,115,35,False
337,libero_10_task3,116,34,False
337,libero_10_task3,117,33,False
337,libero_10_task3,118,32,False
337,libero_10_task3,119,31,False
337,libero_10_task3,120,30,False
337,libero_10_task3,121,29,False
337,libero_10_task3,122,28,False
337,libero_10_task3,123,27,False
337,libero_10_task3,124,26,False
337,libero_10_task3,125,25,False
337,libero_10_task3,126,24,False
337,libero_10_task3,127,23,False
337,libero_10_task3,128,22,False
337,libero_10_task3,129,21,False
337,libero_10_task3,130,20,False
337,libero_10_task3,131,19,False
337,libero_10_task3,132,18,False
337,libero_10_task3,133,17,False
337,libero_10_task3,134,16,False
337,libero_10_task3,135,15,False
337,libero_10_task3,136,14,False
337,libero_10_task3,137,13,False
337,libero_10_task3,138,12,False
337,libero_10_task3,139,11,False
337,libero_10_task3,140,10,False
337,libero_10_task3,141,9,False
337,libero_10_task3,142,8,False
337,libero_10_task3,143,7,False
337,libero_10_task3,144,6,False
337,libero_10_task3,145,5,False
337,libero_10_task3,146,4,False
337,libero_10_task3,147,3,False
337,libero_10_task3,148,2,False
337,libero_10_task3,149,1,False
337,libero_10_task3,150,,True
337,libero_10_task3,151,,True
337,libero_10_task3,152,,True
337,libero_10_task3,153,,True
337,libero_10_task3,154,,True
337,libero_10_task3,155,,True
337,libero_10_task3,156,,True
337,libero_10_task3,157,,True
337,libero_10_task3,158,,True
337,libero_10_task3,159,,True
337,libero_10_task3,160,,True
337,libero_10_task3,161,,True
337,libero_10_task3,162,,True
337,libero_10_task3,163,,True
337,libero_10_task3,164,,True
337,libero_10_task3,165,,True
337,libero_10_task3,166,,True
337,libero_10_task3,167,,True
337,libero_10_task3,168,,True
337,libero_10_task3,169,,True
337,libero_10_task3,170,,True
337,libero_10_task3,171,,True
337,libero_10_task3,172,,True
337,libero_10_task3,173,,True
337,libero_10_task3,174,,True
337,libero_10_task3,175,,True
337,libero_10_task3,176,,True
337,libero_10_task3,177,,True
337,libero_10_task3,178,,True
337,libero_10_task3,179,,True
337,libero_10_task3,180,,True
337,libero_10_task3,181,,True
337,libero_10_task3,182,,True
337,libero_10_task3,183,,True
337,libero_10_task3,184,,True
337,libero_10_task3,185,,True
337,libero_10_task3,186,,True
337,libero_10_task3,187,,True
337,libero_10_task3,188,,True
337,libero_10_task3,189,,True
337,libero_10_task3,190,,True
337,libero_10_task3,191,,True
337,libero_10_task3,192,,True
337,libero_10_task3,193,,True
337,libero_10_task3,194,,True
337,libero_10_task3,195,,True
337,libero_10_task3,196,,True
337,libero_10_task3,197,,True
337,libero_10_task3,198,,True
337,libero_10_task3,199,,True
337,libero_10_task3,200,,True
337,libero_10_task3,201,,True
337,libero_10_task3,202,,True
337,libero_10_task3,203,,True
337,libero_10_task3,204,,True
337,libero_10_task3,205,,True
337,libero_10_task3,206,,True
337,libero_10_task3,207,,True
337,libero_10_task3,208,,True
337,libero_10_task3,209,,True
337,libero_10_task3,210,,True
337,libero_10_task3,211,,True
337,libero_10_task3,212,,True
337,libero_10_task3,213,,True
337,libero_10_task3,214,,True
337,libero_10_task3,215,,True
337,libero_10_task3,216,,True
337,libero_10_task3,217,,True
337,libero_10_task3,218,,True
337,libero_10_task3,219,,True
337,libero_10_task3,220,,True
337,libero_10_task3,221,,True
337,libero_10_task3,222,,True
337,libero_10_task3,223,,True
337,libero_10_task3,224,,True
337,libero_10_task3,225,,True
337,libero_10_task3,226,,True
338,libero_10_task3,0,70,False
338,libero_10_task3,1,69,False
338,libero_10_task3,2,68,False
338,libero_10_task3,3,67,False
338,libero_10_task3,4,66,False
338,libero_10_task3,5,65,False
338,libero_10_task3,6,64,False
338,libero_10_task3,7,63,False
338,libero_10_task3,8,62,False
338,libero_10_task3,9,61,False
338,libero_10_task3,10,60,False
338,libero_10_task3,11,59,False
338,libero_10_task3,12,58,False
338,libero_10_task3,13,57,False
338,libero_10_task3,14,56,False
338,libero_10_task3,15,55,False
338,libero_10_task3,16,54,False
338,libero_10_task3,17,53,False
338,libero_10_task3,18,52,False
338,libero_10_task3,19,51,False
338,libero_10_task3,20,50,False
338,libero_10_task3,21,49,False
338,libero_10_task3,22,48,False
338,libero_10_task3,23,47,False
338,libero_10_task3,24,46,False
338,libero_10_task3,25,45,False
338,libero_10_task3,26,44,False
338,libero_10_task3,27,43,False
338,libero_10_task3,28,42,False
338,libero_10_task3,29,41,False
338,libero_10_task3,30,40,False
338,libero_10_task3,31,39,False
338,libero_10_task3,32,38,False
338,libero_10_task3,33,37,False
338,libero_10_task3,34,36,False
338,libero_10_task3,35,35,False
338,libero_10_task3,36,34,False
338,libero_10_task3,37,33,False
338,libero_10_task3,38,32,False
338,libero_10_task3,39,31,False
338,libero_10_task3,40,30,False
338,libero_10_task3,41,29,False
338,libero_10_task3,42,28,False
338,libero_10_task3,43,27,False
338,libero_10_task3,44,26,False
338,libero_10_task3,45,25,False
338,libero_10_task3,46,24,False
338,libero_10_task3,47,23,False
338,libero_10_task3,48,22,False
338,libero_10_task3,49,21,False
338,libero_10_task3,50,20,False
338,libero_10_task3,51,19,False
338,libero_10_task3,52,18,False
338,libero_10_task3,53,17,False
338,libero_10_task3,54,16,False
338,libero_10_task3,55,15,False
338,libero_10_task3,56,14,False
338,libero_10_task3,57,13,False
338,libero_10_task3,58,12,False
338,libero_10_task3,59,11,False
338,libero_10_task3,60,10,False
338,libero_10_task3,61,9,False
338,libero_10_task3,62,8,False
338,libero_10_task3,63,7,False
338,libero_10_task3,64,6,False
338,libero_10_task3,65,5,False
338,libero_10_task3,66,4,False
338,libero_10_task3,67,3,False
338,libero_10_task3,68,2,False
338,libero_10_task3,69,1,False
338,libero_10_task3,70,73,False
338,libero_10_task3,71,72,False
338,libero_10_task3,72,71,False
338,libero_10_task3,73,70,False
338,libero_10_task3,74,69,False
338,libero_10_task3,75,68,False
338,libero_10_task3,76,67,False
338,libero_10_task3,77,66,False
338,libero_10_task3,78,65,False
338,libero_10_task3,79,64,False
338,libero_10_task3,80,63,False
338,libero_10_task3,81,62,False
338,libero_10_task3,82,61,False
338,libero_10_task3,83,60,False
338,libero_10_task3,84,59,False
338,libero_10_task3,85,58,False
338,libero_10_task3,86,57,False
338,libero_10_task3,87,56,False
338,libero_10_task3,88,55,False
338,libero_10_task3,89,54,False
338,libero_10_task3,90,53,False
338,libero_10_task3,91,52,False
338,libero_10_task3,92,51,False
338,libero_10_task3,93,50,False
338,libero_10_task3,94,49,False
338,libero_10_task3,95,48,False
338,libero_10_task3,96,47,False
338,libero_10_task3,97,46,False
338,libero_10_task3,98,45,False
338,libero_10_task3,99,44,False
338,libero_10_task3,100,43,False
338,libero_10_task3,101,42,False
338,libero_10_task3,102,41,False
338,libero_10_task3,103,40,False
338,libero_10_task3,104,39,False
338,libero_10_task3,105,38,False
338,libero_10_task3,106,37,False
338,libero_10_task3,107,36,False
338,libero_10_task3,108,35,False
338,libero_10_task3,109,34,False
338,libero_10_task3,110,33,False
338,libero_10_task3,111,32,False
338,libero_10_task3,112,31,False
338,libero_10_task3,113,30,False
338,libero_10_task3,114,29,False
338,libero_10_task3,115,28,False
338,libero_10_task3,116,27,False
338,libero_10_task3,117,26,False
338,libero_10_task3,118,25,False
338,libero_10_task3,119,24,False
338,libero_10_task3,120,23,False
338,libero_10_task3,121,22,False
338,libero_10_task3,122,21,False
338,libero_10_task3,123,20,False
338,libero_10_task3,124,19,False
338,libero_10_task3,125,18,False
338,libero_10_task3,126,17,False
338,libero_10_task3,127,16,False
338,libero_10_task3,128,15,False
338,libero_10_task3,129,14,False
338,libero_10_task3,130,13,False
338,libero_10_task3,131,12,False
338,libero_10_task3,132,11,False
338,libero_10_task3,133,10,False
338,libero_10_task3,134,9,False
338,libero_10_task3,135,8,False
338,libero_10_task3,136,7,False
338,libero_10_task3,137,6,False
338,libero_10_task3,138,5,False
338,libero_10_task3,139,4,False
338,libero_10_task3,140,3,False
338,libero_10_task3,141,2,False
338,libero_10_task3,142,1,False
338,libero_10_task3,143,,True
338,libero_10_task3,144,,True
338,libero_10_task3,145,,True
338,libero_10_task3,146,,True
338,libero_10_task3,147,,True
338,libero_10_task3,148,,True
338,libero_10_task3,149,,True
338,libero_10_task3,150,,True
338,libero_10_task3,151,,True
338,libero_10_task3,152,,True
338,libero_10_task3,153,,True
338,libero_10_task3,154,,True
338,libero_10_task3,155,,True
338,libero_10_task3,156,,True
338,libero_10_task3,157,,True
338,libero_10_task3,158,,True
338,libero_10_task3,159,,True
338,libero_10_task3,160,,True
338,libero_10_task3,161,,True
338,libero_10_task3,162,,True
338,libero_10_task3,163,,True
338,libero_10_task3,164,,True
338,libero_10_task3,165,,True
338,libero_10_task3,166,,True
338,libero_10_task3,167,,True
338,libero_10_task3,168,,True
338,libero_10_task3,169,,True
338,libero_10_task3,170,,True
338,libero_10_task3,171,,True
338,libero_10_task3,172,,True
338,libero_10_task3,173,,True
338,libero_10_task3,174,,True
338,libero_10_task3,175,,True
338,libero_10_task3,176,,True
338,libero_10_task3,177,,True
338,libero_10_task3,178,,True
338,libero_10_task3,179,,True
338,libero_10_task3,180,,True
338,libero_10_task3,181,,True
338,libero_10_task3,182,,True
338,libero_10_task3,183,,True
338,libero_10_task3,184,,True
338,libero_10_task3,185,,True
338,libero_10_task3,186,,True
338,libero_10_task3,187,,True
338,libero_10_task3,188,,True
338,libero_10_task3,189,,True
338,libero_10_task3,190,,True
338,libero_10_task3,191,,True
338,libero_10_task3,192,,True
338,libero_10_task3,193,,True
338,libero_10_task3,194,,True
338,libero_10_task3,195,,True
338,libero_10_task3,196,,True
338,libero_10_task3,197,,True
338,libero_10_task3,198,,True
338,libero_10_task3,199,,True
338,libero_10_task3,200,,True
338,libero_10_task3,201,,True
338,libero_10_task3,202,,True
338,libero_10_task3,203,,True
338,libero_10_task3,204,,True
338,libero_10_task3,205,,True
338,libero_10_task3,206,,True
338,libero_10_task3,207,,True
338,libero_10_task3,208,,True
338,libero_10_task3,209,,True
338,libero_10_task3,210,,True
338,libero_10_task3,211,,True
338,libero_10_task3,212,,True
338,libero_10_task3,213,,True
338,libero_10_task3,214,,True
338,libero_10_task3,215,,True
338,libero_10_task3,216,,True
338,libero_10_task3,217,,True
338,libero_10_task3,218,,True
338,libero_10_task3,219,,True
338,libero_10_task3,220,,True
353,libero_10_task3,0,81,False
353,libero_10_task3,1,80,False
353,libero_10_task3,2,79,False
353,libero_10_task3,3,78,False
353,libero_10_task3,4,77,False
353,libero_10_task3,5,76,False
353,libero_10_task3,6,75,False
353,libero_10_task3,7,74,False
353,libero_10_task3,8,73,False
353,libero_10_task3,9,72,False
353,libero_10_task3,10,71,False
353,libero_10_task3,11,70,False
353,libero_10_task3,12,69,False
353,libero_10_task3,13,68,False
353,libero_10_task3,14,67,False
353,libero_10_task3,15,66,False
353,libero_10_task3,16,65,False
353,libero_10_task3,17,64,False
353,libero_10_task3,18,63,False
353,libero_10_task3,19,62,False
353,libero_10_task3,20,61,False
353,libero_10_task3,21,60,False
353,libero_10_task3,22,59,False
353,libero_10_task3,23,58,False
353,libero_10_task3,24,57,False
353,libero_10_task3,25,56,False
353,libero_10_task3,26,55,False
353,libero_10_task3,27,54,False
353,libero_10_task3,28,53,False
353,libero_10_task3,29,52,False
353,libero_10_task3,30,51,False
353,libero_10_task3,31,50,False
353,libero_10_task3,32,49,False
353,libero_10_task3,33,48,False
353,libero_10_task3,34,47,False
353,libero_10_task3,35,46,False
353,libero_10_task3,36,45,False
353,libero_10_task3,37,44,False
353,libero_10_task3,38,43,False
353,libero_10_task3,39,42,False
353,libero_10_task3,40,41,False
353,libero_10_task3,41,40,False
353,libero_10_task3,42,39,False
353,libero_10_task3,43,38,False
353,libero_10_task3,44,37,False
353,libero_10_task3,45,36,False
353,libero_10_task3,46,35,False
353,libero_10_task3,47,34,False
353,libero_10_task3,48,33,False
353,libero_10_task3,49,32,False
353,libero_10_task3,50,31,False
353,libero_10_task3,51,30,False
353,libero_10_task3,52,29,False
353,libero_10_task3,53,28,False
353,libero_10_task3,54,27,False
353,libero_10_task3,55,26,False
353,libero_10_task3,56,25,False
353,libero_10_task3,57,24,False
353,libero_10_task3,58,23,False
353,libero_10_task3,59,22,False
353,libero_10_task3,60,21,False
353,libero_10_task3,61,20,False
353,libero_10_task3,62,19,False
353,libero_10_task3,63,18,False
353,libero_10_task3,64,17,False
353,libero_10_task3,65,16,False
353,libero_10_task3,66,15,False
353,libero_10_task3,67,14,False
353,libero_10_task3,68,13,False
353,libero_10_task3,69,12,False
353,libero_10_task3,70,11,False
353,libero_10_task3,71,10,False
353,libero_10_task3,72,9,False
353,libero_10_task3,73,8,False
353,libero_10_task3,74,7,False
353,libero_10_task3,75,6,False
353,libero_10_task3,76,5,False
353,libero_10_task3,77,4,False
353,libero_10_task3,78,3,False
353,libero_10_task3,79,2,False
353,libero_10_task3,80,1,False
353,libero_10_task3,81,82,False
353,libero_10_task3,82,81,False
353,libero_10_task3,83,80,False
353,libero_10_task3,84,79,False
353,libero_10_task3,85,78,False
353,libero_10_task3,86,77,False
353,libero_10_task3,87,76,False
353,libero_10_task3,88,75,False
353,libero_10_task3,89,74,False
353,libero_10_task3,90,73,False
353,libero_10_task3,91,72,False
353,libero_10_task3,92,71,False
353,libero_10_task3,93,70,False
353,libero_10_task3,94,69,False
353,libero_10_task3,95,68,False
353,libero_10_task3,96,67,False
353,libero_10_task3,97,66,False
353,libero_10_task3,98,65,False
353,libero_10_task3,99,64,False
353,libero_10_task3,100,63,False
353,libero_10_task3,101,62,False
353,libero_10_task3,102,61,False
353,libero_10_task3,103,60,False
353,libero_10_task3,104,59,False
353,libero_10_task3,105,58,False
353,libero_10_task3,106,57,False
353,libero_10_task3,107,56,False
353,libero_10_task3,108,55,False
353,libero_10_task3,109,54,False
353,libero_10_task3,110,53,False
353,libero_10_task3,111,52,False
353,libero_10_task3,112,51,False
353,libero_10_task3,113,50,False
353,libero_10_task3,114,49,False
353,libero_10_task3,115,48,False
353,libero_10_task3,116,47,False
353,libero_10_task3,117,46,False
353,libero_10_task3,118,45,False
353,libero_10_task3,119,44,False
353,libero_10_task3,120,43,False
353,libero_10_task3,121,42,False
353,libero_10_task3,122,41,False
353,libero_10_task3,123,40,False
353,libero_10_task3,124,39,False
353,libero_10_task3,125,38,False
353,libero_10_task3,126,37,False
353,libero_10_task3,127,36,False
353,libero_10_task3,128,35,False
353,libero_10_task3,129,34,False
353,libero_10_task3,130,33,False
353,libero_10_task3,131,32,False
353,libero_10_task3,132,31,False
353,libero_10_task3,133,30,False
353,libero_10_task3,134,29,False
353,libero_10_task3,135,28,False
353,libero_10_task3,136,27,False
353,libero_10_task3,137,26,False
353,libero_10_task3,138,25,False
353,libero_10_task3,139,24,False
353,libero_10_task3,140,23,False
353,libero_10_task3,141,22,False
353,libero_10_task3,142,21,False
353,libero_10_task3,143,20,False
353,libero_10_task3,144,19,False
353,libero_10_task3,145,18,False
353,libero_10_task3,146,17,False
353,libero_10_task3,147,16,False
353,libero_10_task3,148,15,False
353,libero_10_task3,149,14,False
353,libero_10_task3,150,13,False
353,libero_10_task3,151,12,False
353,libero_10_task3,152,11,False
353,libero_10_task3,153,10,False
353,libero_10_task3,154,9,False
353,libero_10_task3,155,8,False
353,libero_10_task3,156,7,False
353,libero_10_task3,157,6,False
353,libero_10_task3,158,5,False
353,libero_10_task3,159,4,False
353,libero_10_task3,160,3,False
353,libero_10_task3,161,2,False
353,libero_10_task3,162,1,False
353,libero_10_task3,163,,True
353,libero_10_task3,164,,True
353,libero_10_task3,165,,True
353,libero_10_task3,166,,True
353,libero_10_task3,167,,True
353,libero_10_task3,168,,True
353,libero_10_task3,169,,True
353,libero_10_task3,170,,True
353,libero_10_task3,171,,True
353,libero_10_task3,172,,True
353,libero_10_task3,173,,True
353,libero_10_task3,174,,True
353,libero_10_task3,175,,True
353,libero_10_task3,176,,True
353,libero_10_task3,177,,True
353,libero_10_task3,178,,True
353,libero_10_task3,179,,True
353,libero_10_task3,180,,True
353,libero_10_task3,181,,True
353,libero_10_task3,182,,True
353,libero_10_task3,183,,True
353,libero_10_task3,184,,True
353,libero_10_task3,185,,True
353,libero_10_task3,186,,True
353,libero_10_task3,187,,True
353,libero_10_task3,188,,True
353,libero_10_task3,189,,True
353,libero_10_task3,190,,True
353,libero_10_task3,191,,True
353,libero_10_task3,192,,True
353,libero_10_task3,193,,True
353,libero_10_task3,194,,True
353,libero_10_task3,195,,True
353,libero_10_task3,196,,True
353,libero_10_task3,197,,True
353,libero_10_task3,198,,True
353,libero_10_task3,199,,True
353,libero_10_task3,200,,True
353,libero_10_task3,201,,True
353,libero_10_task3,202,,True
353,libero_10_task3,203,,True
353,libero_10_task3,204,,True
353,libero_10_task3,205,,True
353,libero_10_task3,206,,True
353,libero_10_task3,207,,True
353,libero_10_task3,208,,True
353,libero_10_task3,209,,True
353,libero_10_task3,210,,True
353,libero_10_task3,211,,True
353,libero_10_task3,212,,True
353,libero_10_task3,213,,True
353,libero_10_task3,214,,True
353,libero_10_task3,215,,True
353,libero_10_task3,216,,True
353,libero_10_task3,217,,True
353,libero_10_task3,218,,True
353,libero_10_task3,219,,True
353,libero_10_task3,220,,True
353,libero_10_task3,221,,True
353,libero_10_task3,222,,True
353,libero_10_task3,223,,True
353,libero_10_task3,224,,True
353,libero_10_task3,225,,True
353,libero_10_task3,226,,True
353,libero_10_task3,227,,True
353,libero_10_task3,228,,True
353,libero_10_task3,229,,True
353,libero_10_task3,230,,True
353,libero_10_task3,231,,True
353,libero_10_task3,232,,True
353,libero_10_task3,233,,True
353,libero_10_task3,234,,True
353,libero_10_task3,235,,True
353,libero_10_task3,236,,True
353,libero_10_task3,237,,True
353,libero_10_task3,238,,True
353,libero_10_task3,239,,True
353,libero_10_task3,240,,True
353,libero_10_task3,241,,True
353,libero_10_task3,242,,True
353,libero_10_task3,243,,True
353,libero_10_task3,244,,True
353,libero_10_task3,245,,True
353,libero_10_task3,246,,True
353,libero_10_task3,247,,True
353,libero_10_task3,248,,True
353,libero_10_task3,249,,True
353,libero_10_task3,250,,True
353,libero_10_task3,251,,True
353,libero_10_task3,252,,True
353,libero_10_task3,253,,True
353,libero_10_task3,254,,True
353,libero_10_task3,255,,True
353,libero_10_task3,256,,True
353,libero_10_task3,257,,True
353,libero_10_task3,258,,True
353,libero_10_task3,259,,True
353,libero_10_task3,260,,True
371,libero_10_task3,0,79,False
371,libero_10_task3,1,78,False
371,libero_10_task3,2,77,False
371,libero_10_task3,3,76,False
371,libero_10_task3,4,75,False
371,libero_10_task3,5,74,False
371,libero_10_task3,6,73,False
371,libero_10_task3,7,72,False
371,libero_10_task3,8,71,False
371,libero_10_task3,9,70,False
371,libero_10_task3,10,69,False
371,libero_10_task3,11,68,False
371,libero_10_task3,12,67,False
371,libero_10_task3,13,66,False
371,libero_10_task3,14,65,False
371,libero_10_task3,15,64,False
371,libero_10_task3,16,63,False
371,libero_10_task3,17,62,False
371,libero_10_task3,18,61,False
371,libero_10_task3,19,60,False
371,libero_10_task3,20,59,False
371,libero_10_task3,21,58,False
371,libero_10_task3,22,57,False
371,libero_10_task3,23,56,False
371,libero_10_task3,24,55,False
371,libero_10_task3,25,54,False
371,libero_10_task3,26,53,False
371,libero_10_task3,27,52,False
371,libero_10_task3,28,51,False
371,libero_10_task3,29,50,False
371,libero_10_task3,30,49,False
371,libero_10_task3,31,48,False
371,libero_10_task3,32,47,False
371,libero_10_task3,33,46,False
371,libero_10_task3,34,45,False
371,libero_10_task3,35,44,False
371,libero_10_task3,36,43,False
371,libero_10_task3,37,42,False
371,libero_10_task3,38,41,False
371,libero_10_task3,39,40,False
371,libero_10_task3,40,39,False
371,libero_10_task3,41,38,False
371,libero_10_task3,42,37,False
371,libero_10_task3,43,36,False
371,libero_10_task3,44,35,False
371,libero_10_task3,45,34,False
371,libero_10_task3,46,33,False
371,libero_10_task3,47,32,False
371,libero_10_task3,48,31,False
371,libero_10_task3,49,30,False
371,libero_10_task3,50,29,False
371,libero_10_task3,51,28,False
371,libero_10_task3,52,27,False
371,libero_10_task3,53,26,False
371,libero_10_task3,54,25,False
371,libero_10_task3,55,24,False
371,libero_10_task3,56,23,False
371,libero_10_task3,57,22,False
371,libero_10_task3,58,21,False
371,libero_10_task3,59,20,False
371,libero_10_task3,60,19,False
371,libero_10_task3,61,18,False
371,libero_10_task3,62,17,False
371,libero_10_task3,63,16,False
371,libero_10_task3,64,15,False
371,libero_10_task3,65,14,False
371,libero_10_task3,66,13,False
371,libero_10_task3,67,12,False
371,libero_10_task3,68,11,False
371,libero_10_task3,69,10,False
371,libero_10_task3,70,9,False
371,libero_10_task3,71,8,False
371,libero_10_task3,72,7,False
371,libero_10_task3,73,6,False
371,libero_10_task3,74,5,False
371,libero_10_task3,75,4,False
371,libero_10_task3,76,3,False
371,libero_10_task3,77,2,False
371,libero_10_task3,78,1,False
371,libero_10_task3,79,79,False
371,libero_10_task3,80,78,False
371,libero_10_task3,81,77,False
371,libero_10_task3,82,76,False
371,libero_10_task3,83,75,False
371,libero_10_task3,84,74,False
371,libero_10_task3,85,73,False
371,libero_10_task3,86,72,False
371,libero_10_task3,87,71,False
371,libero_10_task3,88,70,False
371,libero_10_task3,89,69,False
371,libero_10_task3,90,68,False
371,libero_10_task3,91,67,False
371,libero_10_task3,92,66,False
371,libero_10_task3,93,65,False
371,libero_10_task3,94,64,False
371,libero_10_task3,95,63,False
371,libero_10_task3,96,62,False
371,libero_10_task3,97,61,False
371,libero_10_task3,98,60,False
371,libero_10_task3,99,59,False
371,libero_10_task3,100,58,False
371,libero_10_task3,101,57,False
371,libero_10_task3,102,56,False
371,libero_10_task3,103,55,False
371,libero_10_task3,104,54,False
371,libero_10_task3,105,53,False
371,libero_10_task3,106,52,False
371,libero_10_task3,107,51,False
371,libero_10_task3,108,50,False
371,libero_10_task3,109,49,False
371,libero_10_task3,110,48,False
371,libero_10_task3,111,47,False
371,libero_10_task3,112,46,False
371,libero_10_task3,113,45,False
371,libero_10_task3,114,44,False
371,libero_10_task3,115,43,False
371,libero_10_task3,116,42,False
371,libero_10_task3,117,41,False
371,libero_10_task3,118,40,False
371,libero_10_task3,119,39,False
371,libero_10_task3,120,38,False
371,libero_10_task3,121,37,False
371,libero_10_task3,122,36,False
371,libero_10_task3,123,35,False
371,libero_10_task3,124,34,False
371,libero_10_task3,125,33,False
371,libero_10_task3,126,32,False
371,libero_10_task3,127,31,False
371,libero_10_task3,128,30,False
371,libero_10_task3,129,29,False
371,libero_10_task3,130,28,False
371,libero_10_task3,131,27,False
371,libero_10_task3,132,26,False
371,libero_10_task3,133,25,False
371,libero_10_task3,134,24,False
371,libero_10_task3,135,23,False
371,libero_10_task3,136,22,False
371,libero_10_task3,137,21,False
371,libero_10_task3,138,20,False
371,libero_10_task3,139,19,False
371,libero_10_task3,140,18,False
371,libero_10_task3,141,17,False
371,libero_10_task3,142,16,False
371,libero_10_task3,143,15,False
371,libero_10_task3,144,14,False
371,libero_10_task3,145,13,False
371,libero_10_task3,146,12,False
371,libero_10_task3,147,11,False
371,libero_10_task3,148,10,False
371,libero_10_task3,149,9,False
371,libero_10_task3,150,8,False
371,libero_10_task3,151,7,False
371,libero_10_task3,152,6,False
371,libero_10_task3,153,5,False
371,libero_10_task3,154,4,False
371,libero_10_task3,155,3,False
371,libero_10_task3,156,2,False
371,libero_10_task3,157,1,False
371,libero_10_task3,158,,True
371,libero_10_task3,159,,True
371,libero_10_task3,160,,True
371,libero_10_task3,161,,True
371,libero_10_task3,162,,True
371,libero_10_task3,163,,True
371,libero_10_task3,164,,True
371,libero_10_task3,165,,True
371,libero_10_task3,166,,True
371,libero_10_task3,167,,True
371,libero_10_task3,168,,True
371,libero_10_task3,169,,True
371,libero_10_task3,170,,True
371,libero_10_task3,171,,True
371,libero_10_task3,172,,True
371,libero_10_task3,173,,True
371,libero_10_task3,174,,True
371,libero_10_task3,175,,True
371,libero_10_task3,176,,True
371,libero_10_task3,177,,True
371,libero_10_task3,178,,True
371,libero_10_task3,179,,True
371,libero_10_task3,180,,True
371,libero_10_task3,181,,True
371,libero_10_task3,182,,True
371,libero_10_task3,183,,True
371,libero_10_task3,184,,True
371,libero_10_task3,185,,True
371,libero_10_task3,186,,True
371,libero_10_task3,187,,True
371,libero_10_task3,188,,True
371,libero_10_task3,189,,True
371,libero_10_task3,190,,True
371,libero_10_task3,191,,True
371,libero_10_task3,192,,True
371,libero_10_task3,193,,True
371,libero_10_task3,194,,True
371,libero_10_task3,195,,True
371,libero_10_task3,196,,True
371,libero_10_task3,197,,True
371,libero_10_task3,198,,True
371,libero_10_task3,199,,True
371,libero_10_task3,200,,True
371,libero_10_task3,201,,True
371,libero_10_task3,202,,True
371,libero_10_task3,203,,True
371,libero_10_task3,204,,True
371,libero_10_task3,205,,True
371,libero_10_task3,206,,True
371,libero_10_task3,207,,True
371,libero_10_task3,208,,True
371,libero_10_task3,209,,True
371,libero_10_task3,210,,True
371,libero_10_task3,211,,True
371,libero_10_task3,212,,True
371,libero_10_task3,213,,True
371,libero_10_task3,214,,True
371,libero_10_task3,215,,True
371,libero_10_task3,216,,True
371,libero_10_task3,217,,True
371,libero_10_task3,218,,True
371,libero_10_task3,219,,True
371,libero_10_task3,220,,True
371,libero_10_task3,221,,True
371,libero_10_task3,222,,True
371,libero_10_task3,223,,True
371,libero_10_task3,224,,True
371,libero_10_task3,225,,True
371,libero_10_task3,226,,True
371,libero_10_task3,227,,True
371,libero_10_task3,228,,True
371,libero_10_task3,229,,True
371,libero_10_task3,230,,True
371,libero_10_task3,231,,True
371,libero_10_task3,232,,True
371,libero_10_task3,233,,True
371,libero_10_task3,234,,True
371,libero_10_task3,235,,True
371,libero_10_task3,236,,True
371,libero_10_task3,237,,True
371,libero_10_task3,238,,True
371,libero_10_task3,239,,True
371,libero_10_task3,240,,True
371,libero_10_task3,241,,True
371,libero_10_task3,242,,True
371,libero_10_task3,243,,True
371,libero_10_task3,244,,True
371,libero_10_task3,245,,True
371,libero_10_task3,246,,True
371,libero_10_task3,247,,True
371,libero_10_task3,248,,True
371,libero_10_task3,249,,True
371,libero_10_task3,250,,True
375,libero_10_task3,0,72,False
375,libero_10_task3,1,71,False
375,libero_10_task3,2,70,False
375,libero_10_task3,3,69,False
375,libero_10_task3,4,68,False
375,libero_10_task3,5,67,False
375,libero_10_task3,6,66,False
375,libero_10_task3,7,65,False
375,libero_10_task3,8,64,False
375,libero_10_task3,9,63,False
375,libero_10_task3,10,62,False
375,libero_10_task3,11,61,False
375,libero_10_task3,12,60,False
375,libero_10_task3,13,59,False
375,libero_10_task3,14,58,False
375,libero_10_task3,15,57,False
375,libero_10_task3,16,56,False
375,libero_10_task3,17,55,False
375,libero_10_task3,18,54,False
375,libero_10_task3,19,53,False
375,libero_10_task3,20,52,False
375,libero_10_task3,21,51,False
375,libero_10_task3,22,50,False
375,libero_10_task3,23,49,False
375,libero_10_task3,24,48,False
375,libero_10_task3,25,47,False
375,libero_10_task3,26,46,False
375,libero_10_task3,27,45,False
375,libero_10_task3,28,44,False
375,libero_10_task3,29,43,False
375,libero_10_task3,30,42,False
375,libero_10_task3,31,41,False
375,libero_10_task3,32,40,False
375,libero_10_task3,33,39,False
375,libero_10_task3,34,38,False
375,libero_10_task3,35,37,False
375,libero_10_task3,36,36,False
375,libero_10_task3,37,35,False
375,libero_10_task3,38,34,False
375,libero_10_task3,39,33,False
375,libero_10_task3,40,32,False
375,libero_10_task3,41,31,False
375,libero_10_task3,42,30,False
375,libero_10_task3,43,29,False
375,libero_10_task3,44,28,False
375,libero_10_task3,45,27,False
375,libero_10_task3,46,26,False
375,libero_10_task3,47,25,False
375,libero_10_task3,48,24,False
375,libero_10_task3,49,23,False
375,libero_10_task3,50,22,False
375,libero_10_task3,51,21,False
375,libero_10_task3,52,20,False
375,libero_10_task3,53,19,False
375,libero_10_task3,54,18,False
375,libero_10_task3,55,17,False
375,libero_10_task3,56,16,False
375,libero_10_task3,57,15,False
375,libero_10_task3,58,14,False
375,libero_10_task3,59,13,False
375,libero_10_task3,60,12,False
375,libero_10_task3,61,11,False
375,libero_10_task3,62,10,False
375,libero_10_task3,63,9,False
375,libero_10_task3,64,8,False
375,libero_10_task3,65,7,False
375,libero_10_task3,66,6,False
375,libero_10_task3,67,5,False
375,libero_10_task3,68,4,False
375,libero_10_task3,69,3,False
375,libero_10_task3,70,2,False
375,libero_10_task3,71,1,False
375,libero_10_task3,72,98,False
375,libero_10_task3,73,97,False
375,libero_10_task3,74,96,False
375,libero_10_task3,75,95,False
375,libero_10_task3,76,94,False
375,libero_10_task3,77,93,False
375,libero_10_task3,78,92,False
375,libero_10_task3,79,91,False
375,libero_10_task3,80,90,False
375,libero_10_task3,81,89,False
375,libero_10_task3,82,88,False
375,libero_10_task3,83,87,False
375,libero_10_task3,84,86,False
375,libero_10_task3,85,85,False
375,libero_10_task3,86,84,False
375,libero_10_task3,87,83,False
375,libero_10_task3,88,82,False
375,libero_10_task3,89,81,False
375,libero_10_task3,90,80,False
375,libero_10_task3,91,79,False
375,libero_10_task3,92,78,False
375,libero_10_task3,93,77,False
375,libero_10_task3,94,76,False
375,libero_10_task3,95,75,False
375,libero_10_task3,96,74,False
375,libero_10_task3,97,73,False
375,libero_10_task3,98,72,False
375,libero_10_task3,99,71,False
375,libero_10_task3,100,70,False
375,libero_10_task3,101,69,False
375,libero_10_task3,102,68,False
375,libero_10_task3,103,67,False
375,libero_10_task3,104,66,False
375,libero_10_task3,105,65,False
375,libero_10_task3,106,64,False
375,libero_10_task3,107,63,False
375,libero_10_task3,108,62,False
375,libero_10_task3,109,61,False
375,libero_10_task3,110,60,False
375,libero_10_task3,111,59,False
375,libero_10_task3,112,58,False
375,libero_10_task3,113,57,False
375,libero_10_task3,114,56,False
375,libero_10_task3,115,55,False
375,libero_10_task3,116,54,False
375,libero_10_task3,117,53,False
375,libero_10_task3,118,52,False
375,libero_10_task3,119,51,False
375,libero_10_task3,120,50,False
375,libero_10_task3,121,49,False
375,libero_10_task3,122,48,False
375,libero_10_task3,123,47,False
375,libero_10_task3,124,46,False
375,libero_10_task3,125,45,False
375,libero_10_task3,126,44,False
375,libero_10_task3,127,43,False
375,libero_10_task3,128,42,False
375,libero_10_task3,129,41,False
375,libero_10_task3,130,40,False
375,libero_10_task3,131,39,False
375,libero_10_task3,132,38,False
375,libero_10_task3,133,37,False
375,libero_10_task3,134,36,False
375,libero_10_task3,135,35,False
375,libero_10_task3,136,34,False
375,libero_10_task3,137,33,False
375,libero_10_task3,138,32,False
375,libero_10_task3,139,31,False
375,libero_10_task3,140,30,False
375,libero_10_task3,141,29,False
375,libero_10_task3,142,28,False
375,libero_10_task3,143,27,False
375,libero_10_task3,144,26,False
375,libero_10_task3,145,25,False
375,libero_10_task3,146,24,False
375,libero_10_task3,147,23,False
375,libero_10_task3,148,22,False
375,libero_10_task3,149,21,False
375,libero_10_task3,150,20,False
375,libero_10_task3,151,19,False
375,libero_10_task3,152,18,False
375,libero_10_task3,153,17,False
375,libero_10_task3,154,16,False
375,libero_10_task3,155,15,False
375,libero_10_task3,156,14,False
375,libero_10_task3,157,13,False
375,libero_10_task3,158,12,False
375,libero_10_task3,159,11,False
375,libero_10_task3,160,10,False
375,libero_10_task3,161,9,False
375,libero_10_task3,162,8,False
375,libero_10_task3,163,7,False
375,libero_10_task3,164,6,False
375,libero_10_task3,165,5,False
375,libero_10_task3,166,4,False
375,libero_10_task3,167,3,False
375,libero_10_task3,168,2,False
375,libero_10_task3,169,1,False
375,libero_10_task3,170,,True
375,libero_10_task3,171,,True
375,libero_10_task3,172,,True
375,libero_10_task3,173,,True
375,libero_10_task3,174,,True
375,libero_10_task3,175,,True
375,libero_10_task3,176,,True
375,libero_10_task3,177,,True
375,libero_10_task3,178,,True
375,libero_10_task3,179,,True
375,libero_10_task3,180,,True
375,libero_10_task3,181,,True
375,libero_10_task3,182,,True
375,libero_10_task3,183,,True
375,libero_10_task3,184,,True
375,libero_10_task3,185,,True
375,libero_10_task3,186,,True
375,libero_10_task3,187,,True
375,libero_10_task3,188,,True
375,libero_10_task3,189,,True
375,libero_10_task3,190,,True
375,libero_10_task3,191,,True
375,libero_10_task3,192,,True
375,libero_10_task3,193,,True
375,libero_10_task3,194,,True
375,libero_10_task3,195,,True
375,libero_10_task3,196,,True
375,libero_10_task3,197,,True
375,libero_10_task3,198,,True
375,libero_10_task3,199,,True
375,libero_10_task3,200,,True
375,libero_10_task3,201,,True
375,libero_10_task3,202,,True
375,libero_10_task3,203,,True
375,libero_10_task3,204,,True
375,libero_10_task3,205,,True
375,libero_10_task3,206,,True
375,libero_10_task3,207,,True
375,libero_10_task3,208,,True
375,libero_10_task3,209,,True
375,libero_10_task3,210,,True
375,libero_10_task3,211,,True
375,libero_10_task3,212,,True
375,libero_10_task3,213,,True
375,libero_10_task3,214,,True
375,libero_10_task3,215,,True
375,libero_10_task3,216,,True
375,libero_10_task3,217,,True
375,libero_10_task3,218,,True
375,libero_10_task3,219,,True
375,libero_10_task3,220,,True
375,libero_10_task3,221,,True
375,libero_10_task3,222,,True
375,libero_10_task3,223,,True
375,libero_10_task3,224,,True
375,libero_10_task3,225,,True
375,libero_10_task3,226,,True
375,libero_10_task3,227,,True
375,libero_10_task3,228,,True
375,libero_10_task3,229,,True
375,libero_10_task3,230,,True
375,libero_10_task3,231,,True
375,libero_10_task3,232,,True
375,libero_10_task3,233,,True
375,libero_10_task3,234,,True
375,libero_10_task3,235,,True
375,libero_10_task3,236,,True
375,libero_10_task3,237,,True
375,libero_10_task3,238,,True
375,libero_10_task3,239,,True
375,libero_10_task3,240,,True
375,libero_10_task3,241,,True
375,libero_10_task3,242,,True
375,libero_10_task3,243,,True
375,libero_10_task3,244,,True
375,libero_10_task3,245,,True
375,libero_10_task3,246,,True
375,libero_10_task3,247,,True
375,libero_10_task3,248,,True
375,libero_10_task3,249,,True
375,libero_10_task3,250,,True
375,libero_10_task3,251,,True
375,libero_10_task3,252,,True
375,libero_10_task3,253,,True
375,libero_10_task3,254,,True
377,libero_10_task3,0,82,False
377,libero_10_task3,1,81,False
377,libero_10_task3,2,80,False
377,libero_10_task3,3,79,False
377,libero_10_task3,4,78,False
377,libero_10_task3,5,77,False
377,libero_10_task3,6,76,False
377,libero_10_task3,7,75,False
377,libero_10_task3,8,74,False
377,libero_10_task3,9,73,False
377,libero_10_task3,10,72,False
377,libero_10_task3,11,71,False
377,libero_10_task3,12,70,False
377,libero_10_task3,13,69,False
377,libero_10_task3,14,68,False
377,libero_10_task3,15,67,False
377,libero_10_task3,16,66,False
377,libero_10_task3,17,65,False
377,libero_10_task3,18,64,False
377,libero_10_task3,19,63,False
377,libero_10_task3,20,62,False
377,libero_10_task3,21,61,False
377,libero_10_task3,22,60,False
377,libero_10_task3,23,59,False
377,libero_10_task3,24,58,False
377,libero_10_task3,25,57,False
377,libero_10_task3,26,56,False
377,libero_10_task3,27,55,False
377,libero_10_task3,28,54,False
377,libero_10_task3,29,53,False
377,libero_10_task3,30,52,False
377,libero_10_task3,31,51,False
377,libero_10_task3,32,50,False
377,libero_10_task3,33,49,False
377,libero_10_task3,34,48,False
377,libero_10_task3,35,47,False
377,libero_10_task3,36,46,False
377,libero_10_task3,37,45,False
377,libero_10_task3,38,44,False
377,libero_10_task3,39,43,False
377,libero_10_task3,40,42,False
377,libero_10_task3,41,41,False
377,libero_10_task3,42,40,False
377,libero_10_task3,43,39,False
377,libero_10_task3,44,38,False
377,libero_10_task3,45,37,False
377,libero_10_task3,46,36,False
377,libero_10_task3,47,35,False
377,libero_10_task3,48,34,False
377,libero_10_task3,49,33,False
377,libero_10_task3,50,32,False
377,libero_10_task3,51,31,False
377,libero_10_task3,52,30,False
377,libero_10_task3,53,29,False
377,libero_10_task3,54,28,False
377,libero_10_task3,55,27,False
377,libero_10_task3,56,26,False
377,libero_10_task3,57,25,False
377,libero_10_task3,58,24,False
377,libero_10_task3,59,23,False
377,libero_10_task3,60,22,False
377,libero_10_task3,61,21,False
377,libero_10_task3,62,20,False
377,libero_10_task3,63,19,False
377,libero_10_task3,64,18,False
377,libero_10_task3,65,17,False
377,libero_10_task3,66,16,False
377,libero_10_task3,67,15,False
377,libero_10_task3,68,14,False
377,libero_10_task3,69,13,False
377,libero_10_task3,70,12,False
377,libero_10_task3,71,11,False
377,libero_10_task3,72,10,False
377,libero_10_task3,73,9,False
377,libero_10_task3,74,8,False
377,libero_10_task3,75,7,False
377,libero_10_task3,76,6,False
377,libero_10_task3,77,5,False
377,libero_10_task3,78,4,False
377,libero_10_task3,79,3,False
377,libero_10_task3,80,2,False
377,libero_10_task3,81,1,False
377,libero_10_task3,82,80,False
377,libero_10_task3,83,79,False
377,libero_10_task3,84,78,False
377,libero_10_task3,85,77,False
377,libero_10_task3,86,76,False
377,libero_10_task3,87,75,False
377,libero_10_task3,88,74,False
377,libero_10_task3,89,73,False
377,libero_10_task3,90,72,False
377,libero_10_task3,91,71,False
377,libero_10_task3,92,70,False
377,libero_10_task3,93,69,False
377,libero_10_task3,94,68,False
377,libero_10_task3,95,67,False
377,libero_10_task3,96,66,False
377,libero_10_task3,97,65,False
377,libero_10_task3,98,64,False
377,libero_10_task3,99,63,False
377,libero_10_task3,100,62,False
377,libero_10_task3,101,61,False
377,libero_10_task3,102,60,False
377,libero_10_task3,103,59,False
377,libero_10_task3,104,58,False
377,libero_10_task3,105,57,False
377,libero_10_task3,106,56,False
377,libero_10_task3,107,55,False
377,libero_10_task3,108,54,False
377,libero_10_task3,109,53,False
377,libero_10_task3,110,52,False
377,libero_10_task3,111,51,False
377,libero_10_task3,112,50,False
377,libero_10_task3,113,49,False
377,libero_10_task3,114,48,False
377,libero_10_task3,115,47,False
377,libero_10_task3,116,46,False
377,libero_10_task3,117,45,False
377,libero_10_task3,118,44,False
377,libero_10_task3,119,43,False
377,libero_10_task3,120,42,False
377,libero_10_task3,121,41,False
377,libero_10_task3,122,40,False
377,libero_10_task3,123,39,False
377,libero_10_task3,124,38,False
377,libero_10_task3,125,37,False
377,libero_10_task3,126,36,False
377,libero_10_task3,127,35,False
377,libero_10_task3,128,34,False
377,libero_10_task3,129,33,False
377,libero_10_task3,130,32,False
377,libero_10_task3,131,31,False
377,libero_10_task3,132,30,False
377,libero_10_task3,133,29,False
377,libero_10_task3,134,28,False
377,libero_10_task3,135,27,False
377,libero_10_task3,136,26,False
377,libero_10_task3,137,25,False
377,libero_10_task3,138,24,False
377,libero_10_task3,139,23,False
377,libero_10_task3,140,22,False
377,libero_10_task3,141,21,False
377,libero_10_task3,142,20,False
377,libero_10_task3,143,19,False
377,libero_10_task3,144,18,False
377,libero_10_task3,145,17,False
377,libero_10_task3,146,16,False
377,libero_10_task3,147,15,False
377,libero_10_task3,148,14,False
377,libero_10_task3,149,13,False
377,libero_10_task3,150,12,False
377,libero_10_task3,151,11,False
377,libero_10_task3,152,10,False
377,libero_10_task3,153,9,False
377,libero_10_task3,154,8,False
377,libero_10_task3,155,7,False
377,libero_10_task3,156,6,False
377,libero_10_task3,157,5,False
377,libero_10_task3,158,4,False
377,libero_10_task3,159,3,False
377,libero_10_task3,160,2,False
377,libero_10_task3,161,1,False
377,libero_10_task3,162,,True
377,libero_10_task3,163,,True
377,libero_10_task3,164,,True
377,libero_10_task3,165,,True
377,libero_10_task3,166,,True
377,libero_10_task3,167,,True
377,libero_10_task3,168,,True
377,libero_10_task3,169,,True
377,libero_10_task3,170,,True
377,libero_10_task3,171,,True
377,libero_10_task3,172,,True
377,libero_10_task3,173,,True
377,libero_10_task3,174,,True
377,libero_10_task3,175,,True
377,libero_10_task3,176,,True
377,libero_10_task3,177,,True
377,libero_10_task3,178,,True
377,libero_10_task3,179,,True
377,libero_10_task3,180,,True
377,libero_10_task3,181,,True
377,libero_10_task3,182,,True
377,libero_10_task3,183,,True
377,libero_10_task3,184,,True
377,libero_10_task3,185,,True
377,libero_10_task3,186,,True
377,libero_10_task3,187,,True
377,libero_10_task3,188,,True
377,libero_10_task3,189,,True
377,libero_10_task3,190,,True
377,libero_10_task3,191,,True
377,libero_10_task3,192,,True
377,libero_10_task3,193,,True
377,libero_10_task3,194,,True
377,libero_10_task3,195,,True
377,libero_10_task3,196,,True
377,libero_10_task3,197,,True
377,libero_10_task3,198,,True
377,libero_10_task3,199,,True
377,libero_10_task3,200,,True
377,libero_10_task3,201,,True
377,libero_10_task3,202,,True
377,libero_10_task3,203,,True
377,libero_10_task3,204,,True
377,libero_10_task3,205,,True
377,libero_10_task3,206,,True
377,libero_10_task3,207,,True
377,libero_10_task3,208,,True
377,libero_10_task3,209,,True
377,libero_10_task3,210,,True
377,libero_10_task3,211,,True
377,libero_10_task3,212,,True
377,libero_10_task3,213,,True
377,libero_10_task3,214,,True
377,libero_10_task3,215,,True
377,libero_10_task3,216,,True
377,libero_10_task3,217,,True
377,libero_10_task3,218,,True
377,libero_10_task3,219,,True
377,libero_10_task3,220,,True
377,libero_10_task3,221,,True
377,libero_10_task3,222,,True
377,libero_10_task3,223,,True
377,libero_10_task3,224,,True
377,libero_10_task3,225,,True
377,libero_10_task3,226,,True
377,libero_10_task3,227,,True
377,libero_10_task3,228,,True
385,libero_goal_task2,0,27,False
385,libero_goal_task2,1,26,False
385,libero_goal_task2,2,25,False
385,libero_goal_task2,3,24,False
385,libero_goal_task2,4,23,False
385,libero_goal_task2,5,22,False
385,libero_goal_task2,6,21,False
385,libero_goal_task2,7,20,False
385,libero_goal_task2,8,19,False
385,libero_goal_task2,9,18,False
385,libero_goal_task2,10,17,False
385,libero_goal_task2,11,16,False
385,libero_goal_task2,12,15,False
385,libero_goal_task2,13,14,False
385,libero_goal_task2,14,13,False
385,libero_goal_task2,15,12,False
385,libero_goal_task2,16,11,False
385,libero_goal_task2,17,10,False
385,libero_goal_task2,18,9,False
385,libero_goal_task2,19,8,False
385,libero_goal_task2,20,7,False
385,libero_goal_task2,21,6,False
385,libero_goal_task2,22,5,False
385,libero_goal_task2,23,4,False
385,libero_goal_task2,24,3,False
385,libero_goal_task2,25,2,False
385,libero_goal_task2,26,1,False
385,libero_goal_task2,27,55,False
385,libero_goal_task2,28,54,False
385,libero_goal_task2,29,53,False
385,libero_goal_task2,30,52,False
385,libero_goal_task2,31,51,False
385,libero_goal_task2,32,50,False
385,libero_goal_task2,33,49,False
385,libero_goal_task2,34,48,False
385,libero_goal_task2,35,47,False
385,libero_goal_task2,36,46,False
385,libero_goal_task2,37,45,False
385,libero_goal_task2,38,44,False
385,libero_goal_task2,39,43,False
385,libero_goal_task2,40,42,False
385,libero_goal_task2,41,41,False
385,libero_goal_task2,42,40,False
385,libero_goal_task2,43,39,False
385,libero_goal_task2,44,38,False
385,libero_goal_task2,45,37,False
385,libero_goal_task2,46,36,False
385,libero_goal_task2,47,35,False
385,libero_goal_task2,48,34,False
385,libero_goal_task2,49,33,False
385,libero_goal_task2,50,32,False
385,libero_goal_task2,51,31,False
385,libero_goal_task2,52,30,False
385,libero_goal_task2,53,29,False
385,libero_goal_task2,54,28,False
385,libero_goal_task2,55,27,False
385,libero_goal_task2,56,26,False
385,libero_goal_task2,57,25,False
385,libero_goal_task2,58,24,False
385,libero_goal_task2,59,23,False
385,libero_goal_task2,60,22,False
385,libero_goal_task2,61,21,False
385,libero_goal_task2,62,20,False
385,libero_goal_task2,63,19,False
385,libero_goal_task2,64,18,False
385,libero_goal_task2,65,17,False
385,libero_goal_task2,66,16,False
385,libero_goal_task2,67,15,False
385,libero_goal_task2,68,14,False
385,libero_goal_task2,69,13,False
385,libero_goal_task2,70,12,False
385,libero_goal_task2,71,11,False
385,libero_goal_task2,72,10,False
385,libero_goal_task2,73,9,False
385,libero_goal_task2,74,8,False
385,libero_goal_task2,75,7,False
385,libero_goal_task2,76,6,False
385,libero_goal_task2,77,5,False
385,libero_goal_task2,78,4,False
385,libero_goal_task2,79,3,False
385,libero_goal_task2,80,2,False
385,libero_goal_task2,81,1,False
385,libero_goal_task2,82,,True
385,libero_goal_task2,83,,True
385,libero_goal_task2,84,,True
385,libero_goal_task2,85,,True
385,libero_goal_task2,86,,True
385,libero_goal_task2,87,,True
385,libero_goal_task2,88,,True
385,libero_goal_task2,89,,True
389,libero_goal_task2,0,37,False
389,libero_goal_task2,1,36,False
389,libero_goal_task2,2,35,False
389,libero_goal_task2,3,34,False
389,libero_goal_task2,4,33,False
389,libero_goal_task2,5,32,False
389,libero_goal_task2,6,31,False
389,libero_goal_task2,7,30,False
389,libero_goal_task2,8,29,False
389,libero_goal_task2,9,28,False
389,libero_goal_task2,10,27,False
389,libero_goal_task2,11,26,False
389,libero_goal_task2,12,25,False
389,libero_goal_task2,13,24,False
389,libero_goal_task2,14,23,False
389,libero_goal_task2,15,22,False
389,libero_goal_task2,16,21,False
389,libero_goal_task2,17,20,False
389,libero_goal_task2,18,19,False
389,libero_goal_task2,19,18,False
389,libero_goal_task2,20,17,False
389,libero_goal_task2,21,16,False
389,libero_goal_task2,22,15,False
389,libero_goal_task2,23,14,False
389,libero_goal_task2,24,13,False
389,libero_goal_task2,25,12,False
389,libero_goal_task2,26,11,False
389,libero_goal_task2,27,10,False
389,libero_goal_task2,28,9,False
389,libero_goal_task2,29,8,False
389,libero_goal_task2,30,7,False
389,libero_goal_task2,31,6,False
389,libero_goal_task2,32,5,False
389,libero_goal_task2,33,4,False
389,libero_goal_task2,34,3,False
389,libero_goal_task2,35,2,False
389,libero_goal_task2,36,1,False
389,libero_goal_task2,37,72,False
389,libero_goal_task2,38,71,False
389,libero_goal_task2,39,70,False
389,libero_goal_task2,40,69,False
389,libero_goal_task2,41,68,False
389,libero_goal_task2,42,67,False
389,libero_goal_task2,43,66,False
389,libero_goal_task2,44,65,False
389,libero_goal_task2,45,64,False
389,libero_goal_task2,46,63,False
389,libero_goal_task2,47,62,False
389,libero_goal_task2,48,61,False
389,libero_goal_task2,49,60,False
389,libero_goal_task2,50,59,False
389,libero_goal_task2,51,58,False
389,libero_goal_task2,52,57,False
389,libero_goal_task2,53,56,False
389,libero_goal_task2,54,55,False
389,libero_goal_task2,55,54,False
389,libero_goal_task2,56,53,False
389,libero_goal_task2,57,52,False
389,libero_goal_task2,58,51,False
389,libero_goal_task2,59,50,False
389,libero_goal_task2,60,49,False
389,libero_goal_task2,61,48,False
389,libero_goal_task2,62,47,False
389,libero_goal_task2,63,46,False
389,libero_goal_task2,64,45,False
389,libero_goal_task2,65,44,False
389,libero_goal_task2,66,43,False
389,libero_goal_task2,67,42,False
389,libero_goal_task2,68,41,False
389,libero_goal_task2,69,40,False
389,libero_goal_task2,70,39,False
389,libero_goal_task2,71,38,False
389,libero_goal_task2,72,37,False
389,libero_goal_task2,73,36,False
389,libero_goal_task2,74,35,False
389,libero_goal_task2,75,34,False
389,libero_goal_task2,76,33,False
389,libero_goal_task2,77,32,False
389,libero_goal_task2,78,31,False
389,libero_goal_task2,79,30,False
389,libero_goal_task2,80,29,False
389,libero_goal_task2,81,28,False
389,libero_goal_task2,82,27,False
389,libero_goal_task2,83,26,False
389,libero_goal_task2,84,25,False
389,libero_goal_task2,85,24,False
389,libero_goal_task2,86,23,False
389,libero_goal_task2,87,22,False
389,libero_goal_task2,88,21,False
389,libero_goal_task2,89,20,False
389,libero_goal_task2,90,19,False
389,libero_goal_task2,91,18,False
389,libero_goal_task2,92,17,False
389,libero_goal_task2,93,16,False
389,libero_goal_task2,94,15,False
389,libero_goal_task2,95,14,False
389,libero_goal_task2,96,13,False
389,libero_goal_task2,97,12,False
389,libero_goal_task2,98,11,False
389,libero_goal_task2,99,10,False
389,libero_goal_task2,100,9,False
389,libero_goal_task2,101,8,False
389,libero_goal_task2,102,7,False
389,libero_goal_task2,103,6,False
389,libero_goal_task2,104,5,False
389,libero_goal_task2,105,4,False
389,libero_goal_task2,106,3,False
389,libero_goal_task2,107,2,False
389,libero_goal_task2,108,1,False
389,libero_goal_task2,109,,True
389,libero_goal_task2,110,,True
389,libero_goal_task2,111,,True
389,libero_goal_task2,112,,True
389,libero_goal_task2,113,,True
396,libero_goal_task2,0,43,False
396,libero_goal_task2,1,42,False
396,libero_goal_task2,2,41,False
396,libero_goal_task2,3,40,False
396,libero_goal_task2,4,39,False
396,libero_goal_task2,5,38,False
396,libero_goal_task2,6,37,False
396,libero_goal_task2,7,36,False
396,libero_goal_task2,8,35,False
396,libero_goal_task2,9,34,False
396,libero_goal_task2,10,33,False
396,libero_goal_task2,11,32,False
396,libero_goal_task2,12,31,False
396,libero_goal_task2,13,30,False
396,libero_goal_task2,14,29,False
396,libero_goal_task2,15,28,False
396,libero_goal_task2,16,27,False
396,libero_goal_task2,17,26,False
396,libero_goal_task2,18,25,False
396,libero_goal_task2,19,24,False
396,libero_goal_task2,20,23,False
396,libero_goal_task2,21,22,False
396,libero_goal_task2,22,21,False
396,libero_goal_task2,23,20,False
396,libero_goal_task2,24,19,False
396,libero_goal_task2,25,18,False
396,libero_goal_task2,26,17,False
396,libero_goal_task2,27,16,False
396,libero_goal_task2,28,15,False
396,libero_goal_task2,29,14,False
396,libero_goal_task2,30,13,False
396,libero_goal_task2,31,12,False
396,libero_goal_task2,32,11,False
396,libero_goal_task2,33,10,False
396,libero_goal_task2,34,9,False
396,libero_goal_task2,35,8,False
396,libero_goal_task2,36,7,False
396,libero_goal_task2,37,6,False
396,libero_goal_task2,38,5,False
396,libero_goal_task2,39,4,False
396,libero_goal_task2,40,3,False
396,libero_goal_task2,41,2,False
396,libero_goal_task2,42,1,False
396,libero_goal_task2,43,59,False
396,libero_goal_task2,44,58,False
396,libero_goal_task2,45,57,False
396,libero_goal_task2,46,56,False
396,libero_goal_task2,47,55,False
396,libero_goal_task2,48,54,False
396,libero_goal_task2,49,53,False
396,libero_goal_task2,50,52,False
396,libero_goal_task2,51,51,False
396,libero_goal_task2,52,50,False
396,libero_goal_task2,53,49,False
396,libero_goal_task2,54,48,False
396,libero_goal_task2,55,47,False
396,libero_goal_task2,56,46,False
396,libero_goal_task2,57,45,False
396,libero_goal_task2,58,44,False
396,libero_goal_task2,59,43,False
396,libero_goal_task2,60,42,False
396,libero_goal_task2,61,41,False
396,libero_goal_task2,62,40,False
396,libero_goal_task2,63,39,False
396,libero_goal_task2,64,38,False
396,libero_goal_task2,65,37,False
396,libero_goal_task2,66,36,False
396,libero_goal_task2,67,35,False
396,libero_goal_task2,68,34,False
396,libero_goal_task2,69,33,False
396,libero_goal_task2,70,32,False
396,libero_goal_task2,71,31,False
396,libero_goal_task2,72,30,False
396,libero_goal_task2,73,29,False
396,libero_goal_task2,74,28,False
396,libero_goal_task2,75,27,False
396,libero_goal_task2,76,26,False
396,libero_goal_task2,77,25,False
396,libero_goal_task2,78,24,False
396,libero_goal_task2,79,23,False
396,libero_goal_task2,80,22,False
396,libero_goal_task2,81,21,False
396,libero_goal_task2,82,20,False
396,libero_goal_task2,83,19,False
396,libero_goal_task2,84,18,False
396,libero_goal_task2,85,17,False
396,libero_goal_task2,86,16,False
396,libero_goal_task2,87,15,False
396,libero_goal_task2,88,14,False
396,libero_goal_task2,89,13,False
396,libero_goal_task2,90,12,False
396,libero_goal_task2,91,11,False
396,libero_goal_task2,92,10,False
396,libero_goal_task2,93,9,False
396,libero_goal_task2,94,8,False
396,libero_goal_task2,95,7,False
396,libero_goal_task2,96,6,False
396,libero_goal_task2,97,5,False
396,libero_goal_task2,98,4,False
396,libero_goal_task2,99,3,False
396,libero_goal_task2,100,2,False
396,libero_goal_task2,101,1,False
396,libero_goal_task2,102,,True
396,libero_goal_task2,103,,True
396,libero_goal_task2,104,,True
396,libero_goal_task2,105,,True
396,libero_goal_task2,106,,True
396,libero_goal_task2,107,,True
396,libero_goal_task2,108,,True
396,libero_goal_task2,109,,True
396,libero_goal_task2,110,,True
396,libero_goal_task2,111,,True
396,libero_goal_task2,112,,True
397,libero_goal_task2,0,29,False
397,libero_goal_task2,1,28,False
397,libero_goal_task2,2,27,False
397,libero_goal_task2,3,26,False
397,libero_goal_task2,4,25,False
397,libero_goal_task2,5,24,False
397,libero_goal_task2,6,23,False
397,libero_goal_task2,7,22,False
397,libero_goal_task2,8,21,False
397,libero_goal_task2,9,20,False
397,libero_goal_task2,10,19,False
397,libero_goal_task2,11,18,False
397,libero_goal_task2,12,17,False
397,libero_goal_task2,13,16,False
397,libero_goal_task2,14,15,False
397,libero_goal_task2,15,14,False
397,libero_goal_task2,16,13,False
397,libero_goal_task2,17,12,False
397,libero_goal_task2,18,11,False
397,libero_goal_task2,19,10,False
397,libero_goal_task2,20,9,False
397,libero_goal_task2,21,8,False
397,libero_goal_task2,22,7,False
397,libero_goal_task2,23,6,False
397,libero_goal_task2,24,5,False
397,libero_goal_task2,25,4,False
397,libero_goal_task2,26,3,False
397,libero_goal_task2,27,2,False
397,libero_goal_task2,28,1,False
397,libero_goal_task2,29,61,False
397,libero_goal_task2,30,60,False
397,libero_goal_task2,31,59,False
397,libero_goal_task2,32,58,False
397,libero_goal_task2,33,57,False
397,libero_goal_task2,34,56,False
397,libero_goal_task2,35,55,False
397,libero_goal_task2,36,54,False
397,libero_goal_task2,37,53,False
397,libero_goal_task2,38,52,False
397,libero_goal_task2,39,51,False
397,libero_goal_task2,40,50,False
397,libero_goal_task2,41,49,False
397,libero_goal_task2,42,48,False
397,libero_goal_task2,43,47,False
397,libero_goal_task2,44,46,False
397,libero_goal_task2,45,45,False
397,libero_goal_task2,46,44,False
397,libero_goal_task2,47,43,False
397,libero_goal_task2,48,42,False
397,libero_goal_task2,49,41,False
397,libero_goal_task2,50,40,False
397,libero_goal_task2,51,39,False
397,libero_goal_task2,52,38,False
397,libero_goal_task2,53,37,False
397,libero_goal_task2,54,36,False
397,libero_goal_task2,55,35,False
397,libero_goal_task2,56,34,False
397,libero_goal_task2,57,33,False
397,libero_goal_task2,58,32,False
397,libero_goal_task2,59,31,False
397,libero_goal_task2,60,30,False
397,libero_goal_task2,61,29,False
397,libero_goal_task2,62,28,False
397,libero_goal_task2,63,27,False
397,libero_goal_task2,64,26,False
397,libero_goal_task2,65,25,False
397,libero_goal_task2,66,24,False
397,libero_goal_task2,67,23,False
397,libero_goal_task2,68,22,False
397,libero_goal_task2,69,21,False
397,libero_goal_task2,70,20,False
397,libero_goal_task2,71,19,False
397,libero_goal_task2,72,18,False
397,libero_goal_task2,73,17,False
397,libero_goal_task2,74,16,False
397,libero_goal_task2,75,15,False
397,libero_goal_task2,76,14,False
397,libero_goal_task2,77,13,False
397,libero_goal_task2,78,12,False
397,libero_goal_task2,79,11,False
397,libero_goal_task2,80,10,False
397,libero_goal_task2,81,9,False
397,libero_goal_task2,82,8,False
397,libero_goal_task2,83,7,False
397,libero_goal_task2,84,6,False
397,libero_goal_task2,85,5,False
397,libero_goal_task2,86,4,False
397,libero_goal_task2,87,3,False
397,libero_goal_task2,88,2,False
397,libero_goal_task2,89,1,False
397,libero_goal_task2,90,,True
397,libero_goal_task2,91,,True
397,libero_goal_task2,92,,True
397,libero_goal_task2,93,,True
397,libero_goal_task2,94,,True
397,libero_goal_task2,95,,True
397,libero_goal_task2,96,,True
397,libero_goal_task2,97,,True
397,libero_goal_task2,98,,True
397,libero_goal_task2,99,,True
397,libero_goal_task2,100,,True
404,libero_goal_task2,0,42,False
404,libero_goal_task2,1,41,False
404,libero_goal_task2,2,40,False
404,libero_goal_task2,3,39,False
404,libero_goal_task2,4,38,False
404,libero_goal_task2,5,37,False
404,libero_goal_task2,6,36,False
404,libero_goal_task2,7,35,False
404,libero_goal_task2,8,34,False
404,libero_goal_task2,9,33,False
404,libero_goal_task2,10,32,False
404,libero_goal_task2,11,31,False
404,libero_goal_task2,12,30,False
404,libero_goal_task2,13,29,False
404,libero_goal_task2,14,28,False
404,libero_goal_task2,15,27,False
404,libero_goal_task2,16,26,False
404,libero_goal_task2,17,25,False
404,libero_goal_task2,18,24,False
404,libero_goal_task2,19,23,False
404,libero_goal_task2,20,22,False
404,libero_goal_task2,21,21,False
404,libero_goal_task2,22,20,False
404,libero_goal_task2,23,19,False
404,libero_goal_task2,24,18,False
404,libero_goal_task2,25,17,False
404,libero_goal_task2,26,16,False
404,libero_goal_task2,27,15,False
404,libero_goal_task2,28,14,False
404,libero_goal_task2,29,13,False
404,libero_goal_task2,30,12,False
404,libero_goal_task2,31,11,False
404,libero_goal_task2,32,10,False
404,libero_goal_task2,33,9,False
404,libero_goal_task2,34,8,False
404,libero_goal_task2,35,7,False
404,libero_goal_task2,36,6,False
404,libero_goal_task2,37,5,False
404,libero_goal_task2,38,4,False
404,libero_goal_task2,39,3,False
404,libero_goal_task2,40,2,False
404,libero_goal_task2,41,1,False
404,libero_goal_task2,42,57,False
404,libero_goal_task2,43,56,False
404,libero_goal_task2,44,55,False
404,libero_goal_task2,45,54,False
404,libero_goal_task2,46,53,False
404,libero_goal_task2,47,52,False
404,libero_goal_task2,48,51,False
404,libero_goal_task2,49,50,False
404,libero_goal_task2,50,49,False
404,libero_goal_task2,51,48,False
404,libero_goal_task2,52,47,False
404,libero_goal_task2,53,46,False
404,libero_goal_task2,54,45,False
404,libero_goal_task2,55,44,False
404,libero_goal_task2,56,43,False
404,libero_goal_task2,57,42,False
404,libero_goal_task2,58,41,False
404,libero_goal_task2,59,40,False
404,libero_goal_task2,60,39,False
404,libero_goal_task2,61,38,False
404,libero_goal_task2,62,37,False
404,libero_goal_task2,63,36,False
404,libero_goal_task2,64,35,False
404,libero_goal_task2,65,34,False
404,libero_goal_task2,66,33,False
404,libero_goal_task2,67,32,False
404,libero_goal_task2,68,31,False
404,libero_goal_task2,69,30,False
404,libero_goal_task2,70,29,False
404,libero_goal_task2,71,28,False
404,libero_goal_task2,72,27,False
404,libero_goal_task2,73,26,False
404,libero_goal_task2,74,25,False
404,libero_goal_task2,75,24,False
404,libero_goal_task2,76,23,False
404,libero_goal_task2,77,22,False
404,libero_goal_task2,78,21,False
404,libero_goal_task2,79,20,False
404,libero_goal_task2,80,19,False
404,libero_goal_task2,81,18,False
404,libero_goal_task2,82,17,False
404,libero_goal_task2,83,16,False
404,libero_goal_task2,84,15,False
404,libero_goal_task2,85,14,False
404,libero_goal_task2,86,13,False
404,libero_goal_task2,87,12,False
404,libero_goal_task2,88,11,False
404,libero_goal_task2,89,10,False
404,libero_goal_task2,90,9,False
404,libero_goal_task2,91,8,False
404,libero_goal_task2,92,7,False
404,libero_goal_task2,93,6,False
404,libero_goal_task2,94,5,False
404,libero_goal_task2,95,4,False
404,libero_goal_task2,96,3,False
404,libero_goal_task2,97,2,False
404,libero_goal_task2,98,1,False
404,libero_goal_task2,99,,True
404,libero_goal_task2,100,,True
404,libero_goal_task2,101,,True
404,libero_goal_task2,102,,True
404,libero_goal_task2,103,,True
404,libero_goal_task2,104,,True
404,libero_goal_task2,105,,True
404,libero_goal_task2,106,,True
404,libero_goal_task2,107,,True
404,libero_goal_task2,108,,True
404,libero_goal_task2,109,,True
404,libero_goal_task2,110,,True
404,libero_goal_task2,111,,True
404,libero_goal_task2,112,,True
404,libero_goal_task2,113,,True
404,libero_goal_task2,114,,True
404,libero_goal_task2,115,,True
417,libero_goal_task2,0,29,False
417,libero_goal_task2,1,28,False
417,libero_goal_task2,2,27,False
417,libero_goal_task2,3,26,False
417,libero_goal_task2,4,25,False
417,libero_goal_task2,5,24,False
417,libero_goal_task2,6,23,False
417,libero_goal_task2,7,22,False
417,libero_goal_task2,8,21,False
417,libero_goal_task2,9,20,False
417,libero_goal_task2,10,19,False
417,libero_goal_task2,11,18,False
417,libero_goal_task2,12,17,False
417,libero_goal_task2,13,16,False
417,libero_goal_task2,14,15,False
417,libero_goal_task2,15,14,False
417,libero_goal_task2,16,13,False
417,libero_goal_task2,17,12,False
417,libero_goal_task2,18,11,False
417,libero_goal_task2,19,10,False
417,libero_goal_task2,20,9,False
417,libero_goal_task2,21,8,False
417,libero_goal_task2,22,7,False
417,libero_goal_task2,23,6,False
417,libero_goal_task2,24,5,False
417,libero_goal_task2,25,4,False
417,libero_goal_task2,26,3,False
417,libero_goal_task2,27,2,False
417,libero_goal_task2,28,1,False
417,libero_goal_task2,29,54,False
417,libero_goal_task2,30,53,False
417,libero_goal_task2,31,52,False
417,libero_goal_task2,32,51,False
417,libero_goal_task2,33,50,False
417,libero_goal_task2,34,49,False
417,libero_goal_task2,35,48,False
417,libero_goal_task2,36,47,False
417,libero_goal_task2,37,46,False
417,libero_goal_task2,38,45,False
417,libero_goal_task2,39,44,False
417,libero_goal_task2,40,43,False
417,libero_goal_task2,41,42,False
417,libero_goal_task2,42,41,False
417,libero_goal_task2,43,40,False
417,libero_goal_task2,44,39,False
417,libero_goal_task2,45,38,False
417,libero_goal_task2,46,37,False
417,libero_goal_task2,47,36,False
417,libero_goal_task2,48,35,False
417,libero_goal_task2,49,34,False
417,libero_goal_task2,50,33,False
417,libero_goal_task2,51,32,False
417,libero_goal_task2,52,31,False
417,libero_goal_task2,53,30,False
417,libero_goal_task2,54,29,False
417,libero_goal_task2,55,28,False
417,libero_goal_task2,56,27,False
417,libero_goal_task2,57,26,False
417,libero_goal_task2,58,25,False
417,libero_goal_task2,59,24,False
417,libero_goal_task2,60,23,False
417,libero_goal_task2,61,22,False
417,libero_goal_task2,62,21,False
417,libero_goal_task2,63,20,False
417,libero_goal_task2,64,19,False
417,libero_goal_task2,65,18,False
417,libero_goal_task2,66,17,False
417,libero_goal_task2,67,16,False
417,libero_goal_task2,68,15,False
417,libero_goal_task2,69,14,False
417,libero_goal_task2,70,13,False
417,libero_goal_task2,71,12,False
417,libero_goal_task2,72,11,False
417,libero_goal_task2,73,10,False
417,libero_goal_task2,74,9,False
417,libero_goal_task2,75,8,False
417,libero_goal_task2,76,7,False
417,libero_goal_task2,77,6,False
417,libero_goal_task2,78,5,False
417,libero_goal_task2,79,4,False
417,libero_goal_task2,80,3,False
417,libero_goal_task2,81,2,False
417,libero_goal_task2,82,1,False
417,libero_goal_task2,83,,True
417,libero_goal_task2,84,,True
417,libero_goal_task2,85,,True
417,libero_goal_task2,86,,True
417,libero_goal_task2,87,,True
417,libero_goal_task2,88,,True
417,libero_goal_task2,89,,True
417,libero_goal_task2,90,,True
417,libero_goal_task2,91,,True
417,libero_goal_task2,92,,True
419,libero_goal_task2,0,38,False
419,libero_goal_task2,1,37,False
419,libero_goal_task2,2,36,False
419,libero_goal_task2,3,35,False
419,libero_goal_task2,4,34,False
419,libero_goal_task2,5,33,False
419,libero_goal_task2,6,32,False
419,libero_goal_task2,7,31,False
419,libero_goal_task2,8,30,False
419,libero_goal_task2,9,29,False
419,libero_goal_task2,10,28,False
419,libero_goal_task2,11,27,False
419,libero_goal_task2,12,26,False
419,libero_goal_task2,13,25,False
419,libero_goal_task2,14,24,False
419,libero_goal_task2,15,23,False
419,libero_goal_task2,16,22,False
419,libero_goal_task2,17,21,False
419,libero_goal_task2,18,20,False
419,libero_goal_task2,19,19,False
419,libero_goal_task2,20,18,False
419,libero_goal_task2,21,17,False
419,libero_goal_task2,22,16,False
419,libero_goal_task2,23,15,False
419,libero_goal_task2,24,14,False
419,libero_goal_task2,25,13,False
419,libero_goal_task2,26,12,False
419,libero_goal_task2,27,11,False
419,libero_goal_task2,28,10,False
419,libero_goal_task2,29,9,False
419,libero_goal_task2,30,8,False
419,libero_goal_task2,31,7,False
419,libero_goal_task2,32,6,False
419,libero_goal_task2,33,5,False
419,libero_goal_task2,34,4,False
419,libero_goal_task2,35,3,False
419,libero_goal_task2,36,2,False
419,libero_goal_task2,37,1,False
419,libero_goal_task2,38,52,False
419,libero_goal_task2,39,51,False
419,libero_goal_task2,40,50,False
419,libero_goal_task2,41,49,False
419,libero_goal_task2,42,48,False
419,libero_goal_task2,43,47,False
419,libero_goal_task2,44,46,False
419,libero_goal_task2,45,45,False
419,libero_goal_task2,46,44,False
419,libero_goal_task2,47,43,False
419,libero_goal_task2,48,42,False
419,libero_goal_task2,49,41,False
419,libero_goal_task2,50,40,False
419,libero_goal_task2,51,39,False
419,libero_goal_task2,52,38,False
419,libero_goal_task2,53,37,False
419,libero_goal_task2,54,36,False
419,libero_goal_task2,55,35,False
419,libero_goal_task2,56,34,False
419,libero_goal_task2,57,33,False
419,libero_goal_task2,58,32,False
419,libero_goal_task2,59,31,False
419,libero_goal_task2,60,30,False
419,libero_goal_task2,61,29,False
419,libero_goal_task2,62,28,False
419,libero_goal_task2,63,27,False
419,libero_goal_task2,64,26,False
419,libero_goal_task2,65,25,False
419,libero_goal_task2,66,24,False
419,libero_goal_task2,67,23,False
419,libero_goal_task2,68,22,False
419,libero_goal_task2,69,21,False
419,libero_goal_task2,70,20,False
419,libero_goal_task2,71,19,False
419,libero_goal_task2,72,18,False
419,libero_goal_task2,73,17,False
419,libero_goal_task2,74,16,False
419,libero_goal_task2,75,15,False
419,libero_goal_task2,76,14,False
419,libero_goal_task2,77,13,False
419,libero_goal_task2,78,12,False
419,libero_goal_task2,79,11,False
419,libero_goal_task2,80,10,False
419,libero_goal_task2,81,9,False
419,libero_goal_task2,82,8,False
419,libero_goal_task2,83,7,False
419,libero_goal_task2,84,6,False
419,libero_goal_task2,85,5,False
419,libero_goal_task2,86,4,False
419,libero_goal_task2,87,3,False
419,libero_goal_task2,88,2,False
419,libero_goal_task2,89,1,False
419,libero_goal_task2,90,,True
419,libero_goal_task2,91,,True
419,libero_goal_task2,92,,True
419,libero_goal_task2,93,,True
419,libero_goal_task2,94,,True
419,libero_goal_task2,95,,True
419,libero_goal_task2,96,,True
419,libero_goal_task2,97,,True
419,libero_goal_task2,98,,True
423,libero_goal_task2,0,28,False
423,libero_goal_task2,1,27,False
423,libero_goal_task2,2,26,False
423,libero_goal_task2,3,25,False
423,libero_goal_task2,4,24,False
423,libero_goal_task2,5,23,False
423,libero_goal_task2,6,22,False
423,libero_goal_task2,7,21,False
423,libero_goal_task2,8,20,False
423,libero_goal_task2,9,19,False
423,libero_goal_task2,10,18,False
423,libero_goal_task2,11,17,False
423,libero_goal_task2,12,16,False
423,libero_goal_task2,13,15,False
423,libero_goal_task2,14,14,False
423,libero_goal_task2,15,13,False
423,libero_goal_task2,16,12,False
423,libero_goal_task2,17,11,False
423,libero_goal_task2,18,10,False
423,libero_goal_task2,19,9,False
423,libero_goal_task2,20,8,False
423,libero_goal_task2,21,7,False
423,libero_goal_task2,22,6,False
423,libero_goal_task2,23,5,False
423,libero_goal_task2,24,4,False
423,libero_goal_task2,25,3,False
423,libero_goal_task2,26,2,False
423,libero_goal_task2,27,1,False
423,libero_goal_task2,28,63,False
423,libero_goal_task2,29,62,False
423,libero_goal_task2,30,61,False
423,libero_goal_task2,31,60,False
423,libero_goal_task2,32,59,False
423,libero_goal_task2,33,58,False
423,libero_goal_task2,34,57,False
423,libero_goal_task2,35,56,False
423,libero_goal_task2,36,55,False
423,libero_goal_task2,37,54,False
423,libero_goal_task2,38,53,False
423,libero_goal_task2,39,52,False
423,libero_goal_task2,40,51,False
423,libero_goal_task2,41,50,False
423,libero_goal_task2,42,49,False
423,libero_goal_task2,43,48,False
423,libero_goal_task2,44,47,False
423,libero_goal_task2,45,46,False
423,libero_goal_task2,46,45,False
423,libero_goal_task2,47,44,False
423,libero_goal_task2,48,43,False
423,libero_goal_task2,49,42,False
423,libero_goal_task2,50,41,False
423,libero_goal_task2,51,40,False
423,libero_goal_task2,52,39,False
423,libero_goal_task2,53,38,False
423,libero_goal_task2,54,37,False
423,libero_goal_task2,55,36,False
423,libero_goal_task2,56,35,False
423,libero_goal_task2,57,34,False
423,libero_goal_task2,58,33,False
423,libero_goal_task2,59,32,False
423,libero_goal_task2,60,31,False
423,libero_goal_task2,61,30,False
423,libero_goal_task2,62,29,False
423,libero_goal_task2,63,28,False
423,libero_goal_task2,64,27,False
423,libero_goal_task2,65,26,False
423,libero_goal_task2,66,25,False
423,libero_goal_task2,67,24,False
423,libero_goal_task2,68,23,False
423,libero_goal_task2,69,22,False
423,libero_goal_task2,70,21,False
423,libero_goal_task2,71,20,False
423,libero_goal_task2,72,19,False
423,libero_goal_task2,73,18,False
423,libero_goal_task2,74,17,False
423,libero_goal_task2,75,16,False
423,libero_goal_task2,76,15,False
423,libero_goal_task2,77,14,False
423,libero_goal_task2,78,13,False
423,libero_goal_task2,79,12,False
423,libero_goal_task2,80,11,False
423,libero_goal_task2,81,10,False
423,libero_goal_task2,82,9,False
423,libero_goal_task2,83,8,False
423,libero_goal_task2,84,7,False
423,libero_goal_task2,85,6,False
423,libero_goal_task2,86,5,False
423,libero_goal_task2,87,4,False
423,libero_goal_task2,88,3,False
423,libero_goal_task2,89,2,False
423,libero_goal_task2,90,1,False
423,libero_goal_task2,91,,True
423,libero_goal_task2,92,,True
423,libero_goal_task2,93,,True
423,libero_goal_task2,94,,True
423,libero_goal_task2,95,,True
423,libero_goal_task2,96,,True
423,libero_goal_task2,97,,True
423,libero_goal_task2,98,,True
423,libero_goal_task2,99,,True
427,libero_goal_task2,0,37,False
427,libero_goal_task2,1,36,False
427,libero_goal_task2,2,35,False
427,libero_goal_task2,3,34,False
427,libero_goal_task2,4,33,False
427,libero_goal_task2,5,32,False
427,libero_goal_task2,6,31,False
427,libero_goal_task2,7,30,False
427,libero_goal_task2,8,29,False
427,libero_goal_task2,9,28,False
427,libero_goal_task2,10,27,False
427,libero_goal_task2,11,26,False
427,libero_goal_task2,12,25,False
427,libero_goal_task2,13,24,False
427,libero_goal_task2,14,23,False
427,libero_goal_task2,15,22,False
427,libero_goal_task2,16,21,False
427,libero_goal_task2,17,20,False
427,libero_goal_task2,18,19,False
427,libero_goal_task2,19,18,False
427,libero_goal_task2,20,17,False
427,libero_goal_task2,21,16,False
427,libero_goal_task2,22,15,False
427,libero_goal_task2,23,14,False
427,libero_goal_task2,24,13,False
427,libero_goal_task2,25,12,False
427,libero_goal_task2,26,11,False
427,libero_goal_task2,27,10,False
427,libero_goal_task2,28,9,False
427,libero_goal_task2,29,8,False
427,libero_goal_task2,30,7,False
427,libero_goal_task2,31,6,False
427,libero_goal_task2,32,5,False
427,libero_goal_task2,33,4,False
427,libero_goal_task2,34,3,False
427,libero_goal_task2,35,2,False
427,libero_goal_task2,36,1,False
427,libero_goal_task2,37,55,False
427,libero_goal_task2,38,54,False
427,libero_goal_task2,39,53,False
427,libero_goal_task2,40,52,False
427,libero_goal_task2,41,51,False
427,libero_goal_task2,42,50,False
427,libero_goal_task2,43,49,False
427,libero_goal_task2,44,48,False
427,libero_goal_task2,45,47,False
427,libero_goal_task2,46,46,False
427,libero_goal_task2,47,45,False
427,libero_goal_task2,48,44,False
427,libero_goal_task2,49,43,False
427,libero_goal_task2,50,42,False
427,libero_goal_task2,51,41,False
427,libero_goal_task2,52,40,False
427,libero_goal_task2,53,39,False
427,libero_goal_task2,54,38,False
427,libero_goal_task2,55,37,False
427,libero_goal_task2,56,36,False
427,libero_goal_task2,57,35,False
427,libero_goal_task2,58,34,False
427,libero_goal_task2,59,33,False
427,libero_goal_task2,60,32,False
427,libero_goal_task2,61,31,False
427,libero_goal_task2,62,30,False
427,libero_goal_task2,63,29,False
427,libero_goal_task2,64,28,False
427,libero_goal_task2,65,27,False
427,libero_goal_task2,66,26,False
427,libero_goal_task2,67,25,False
427,libero_goal_task2,68,24,False
427,libero_goal_task2,69,23,False
427,libero_goal_task2,70,22,False
427,libero_goal_task2,71,21,False
427,libero_goal_task2,72,20,False
427,libero_goal_task2,73,19,False
427,libero_goal_task2,74,18,False
427,libero_goal_task2,75,17,False
427,libero_goal_task2,76,16,False
427,libero_goal_task2,77,15,False
427,libero_goal_task2,78,14,False
427,libero_goal_task2,79,13,False
427,libero_goal_task2,80,12,False
427,libero_goal_task2,81,11,False
427,libero_goal_task2,82,10,False
427,libero_goal_task2,83,9,False
427,libero_goal_task2,84,8,False
427,libero_goal_task2,85,7,False
427,libero_goal_task2,86,6,False
427,libero_goal_task2,87,5,False
427,libero_goal_task2,88,4,False
427,libero_goal_task2,89,3,False
427,libero_goal_task2,90,2,False
427,libero_goal_task2,91,1,False
427,libero_goal_task2,92,,True
427,libero_goal_task2,93,,True
427,libero_goal_task2,94,,True
427,libero_goal_task2,95,,True
427,libero_goal_task2,96,,True
427,libero_goal_task2,97,,True
427,libero_goal_task2,98,,True
427,libero_goal_task2,99,,True
427,libero_goal_task2,100,,True
430,libero_goal_task2,0,30,False
430,libero_goal_task2,1,29,False
430,libero_goal_task2,2,28,False
430,libero_goal_task2,3,27,False
430,libero_goal_task2,4,26,False
430,libero_goal_task2,5,25,False
430,libero_goal_task2,6,24,False
430,libero_goal_task2,7,23,False
430,libero_goal_task2,8,22,False
430,libero_goal_task2,9,21,False
430,libero_goal_task2,10,20,False
430,libero_goal_task2,11,19,False
430,libero_goal_task2,12,18,False
430,libero_goal_task2,13,17,False
430,libero_goal_task2,14,16,False
430,libero_goal_task2,15,15,False
430,libero_goal_task2,16,14,False
430,libero_goal_task2,17,13,False
430,libero_goal_task2,18,12,False
430,libero_goal_task2,19,11,False
430,libero_goal_task2,20,10,False
430,libero_goal_task2,21,9,False
430,libero_goal_task2,22,8,False
430,libero_goal_task2,23,7,False
430,libero_goal_task2,24,6,False
430,libero_goal_task2,25,5,False
430,libero_goal_task2,26,4,False
430,libero_goal_task2,27,3,False
430,libero_goal_task2,28,2,False
430,libero_goal_task2,29,1,False
430,libero_goal_task2,30,55,False
430,libero_goal_task2,31,54,False
430,libero_goal_task2,32,53,False
430,libero_goal_task2,33,52,False
430,libero_goal_task2,34,51,False
430,libero_goal_task2,35,50,False
430,libero_goal_task2,36,49,False
430,libero_goal_task2,37,48,False
430,libero_goal_task2,38,47,False
430,libero_goal_task2,39,46,False
430,libero_goal_task2,40,45,False
430,libero_goal_task2,41,44,False
430,libero_goal_task2,42,43,False
430,libero_goal_task2,43,42,False
430,libero_goal_task2,44,41,False
430,libero_goal_task2,45,40,False
430,libero_goal_task2,46,39,False
430,libero_goal_task2,47,38,False
430,libero_goal_task2,48,37,False
430,libero_goal_task2,49,36,False
430,libero_goal_task2,50,35,False
430,libero_goal_task2,51,34,False
430,libero_goal_task2,52,33,False
430,libero_goal_task2,53,32,False
430,libero_goal_task2,54,31,False
430,libero_goal_task2,55,30,False
430,libero_goal_task2,56,29,False
430,libero_goal_task2,57,28,False
430,libero_goal_task2,58,27,False
430,libero_goal_task2,59,26,False
430,libero_goal_task2,60,25,False
430,libero_goal_task2,61,24,False
430,libero_goal_task2,62,23,False
430,libero_goal_task2,63,22,False
430,libero_goal_task2,64,21,False
430,libero_goal_task2,65,20,False
430,libero_goal_task2,66,19,False
430,libero_goal_task2,67,18,False
430,libero_goal_task2,68,17,False
430,libero_goal_task2,69,16,False
430,libero_goal_task2,70,15,False
430,libero_goal_task2,71,14,False
430,libero_goal_task2,72,13,False
430,libero_goal_task2,73,12,False
430,libero_goal_task2,74,11,False
430,libero_goal_task2,75,10,False
430,libero_goal_task2,76,9,False
430,libero_goal_task2,77,8,False
430,libero_goal_task2,78,7,False
430,libero_goal_task2,79,6,False
430,libero_goal_task2,80,5,False
430,libero_goal_task2,81,4,False
430,libero_goal_task2,82,3,False
430,libero_goal_task2,83,2,False
430,libero_goal_task2,84,1,False
430,libero_goal_task2,85,,True
430,libero_goal_task2,86,,True
430,libero_goal_task2,87,,True
430,libero_goal_task2,88,,True
430,libero_goal_task2,89,,True
430,libero_goal_task2,90,,True
430,libero_goal_task2,91,,True
430,libero_goal_task2,92,,True
430,libero_goal_task2,93,,True
430,libero_goal_task2,94,,True
430,libero_goal_task2,95,,True
430,libero_goal_task2,96,,True
430,libero_goal_task2,97,,True
430,libero_goal_task2,98,,True
432,libero_goal_task2,0,33,False
432,libero_goal_task2,1,32,False
432,libero_goal_task2,2,31,False
432,libero_goal_task2,3,30,False
432,libero_goal_task2,4,29,False
432,libero_goal_task2,5,28,False
432,libero_goal_task2,6,27,False
432,libero_goal_task2,7,26,False
432,libero_goal_task2,8,25,False
432,libero_goal_task2,9,24,False
432,libero_goal_task2,10,23,False
432,libero_goal_task2,11,22,False
432,libero_goal_task2,12,21,False
432,libero_goal_task2,13,20,False
432,libero_goal_task2,14,19,False
432,libero_goal_task2,15,18,False
432,libero_goal_task2,16,17,False
432,libero_goal_task2,17,16,False
432,libero_goal_task2,18,15,False
432,libero_goal_task2,19,14,False
432,libero_goal_task2,20,13,False
432,libero_goal_task2,21,12,False
432,libero_goal_task2,22,11,False
432,libero_goal_task2,23,10,False
432,libero_goal_task2,24,9,False
432,libero_goal_task2,25,8,False
432,libero_goal_task2,26,7,False
432,libero_goal_task2,27,6,False
432,libero_goal_task2,28,5,False
432,libero_goal_task2,29,4,False
432,libero_goal_task2,30,3,False
432,libero_goal_task2,31,2,False
432,libero_goal_task2,32,1,False
432,libero_goal_task2,33,,True
432,libero_goal_task2,34,,True
432,libero_goal_task2,35,,True
432,libero_goal_task2,36,,True
432,libero_goal_task2,37,,True
432,libero_goal_task2,38,,True
432,libero_goal_task2,39,,True
432,libero_goal_task2,40,,True
432,libero_goal_task2,41,,True
432,libero_goal_task2,42,,True
432,libero_goal_task2,43,,True
432,libero_goal_task2,44,,True
432,libero_goal_task2,45,,True
432,libero_goal_task2,46,,True
432,libero_goal_task2,47,,True
432,libero_goal_task2,48,,True
432,libero_goal_task2,49,,True
432,libero_goal_task2,50,,True
432,libero_goal_task2,51,,True
432,libero_goal_task2,52,,True
432,libero_goal_task2,53,,True
432,libero_goal_task2,54,,True
432,libero_goal_task2,55,,True
432,libero_goal_task2,56,,True
432,libero_goal_task2,57,,True
432,libero_goal_task2,58,,True
432,libero_goal_task2,59,,True
432,libero_goal_task2,60,,True
432,libero_goal_task2,61,,True
432,libero_goal_task2,62,,True
432,libero_goal_task2,63,,True
432,libero_goal_task2,64,,True
432,libero_goal_task2,65,,True
432,libero_goal_task2,66,,True
432,libero_goal_task2,67,,True
432,libero_goal_task2,68,,True
432,libero_goal_task2,69,,True
432,libero_goal_task2,70,,True
432,libero_goal_task2,71,,True
432,libero_goal_task2,72,,True
432,libero_goal_task2,73,,True
432,libero_goal_task2,74,,True
432,libero_goal_task2,75,,True
432,libero_goal_task2,76,,True
432,libero_goal_task2,77,,True
432,libero_goal_task2,78,,True
432,libero_goal_task2,79,,True
432,libero_goal_task2,80,,True
432,libero_goal_task2,81,,True
432,libero_goal_task2,82,,True
432,libero_goal_task2,83,,True
432,libero_goal_task2,84,,True
432,libero_goal_task2,85,,True
432,libero_goal_task2,86,,True
432,libero_goal_task2,87,,True
432,libero_goal_task2,88,,True
432,libero_goal_task2,89,,True
432,libero_goal_task2,90,,True
432,libero_goal_task2,91,,True
432,libero_goal_task2,92,,True
432,libero_goal_task2,93,,True
432,libero_goal_task2,94,,True
432,libero_goal_task2,95,,True
432,libero_goal_task2,96,,True
432,libero_goal_task2,97,,True
432,libero_goal_task2,98,,True
432,libero_goal_task2,99,,True
432,libero_goal_task2,100,,True
432,libero_goal_task2,101,,True
432,libero_goal_task2,102,,True
432,libero_goal_task2,103,,True
436,libero_goal_task2,0,33,False
436,libero_goal_task2,1,32,False
436,libero_goal_task2,2,31,False
436,libero_goal_task2,3,30,False
436,libero_goal_task2,4,29,False
436,libero_goal_task2,5,28,False
436,libero_goal_task2,6,27,False
436,libero_goal_task2,7,26,False
436,libero_goal_task2,8,25,False
436,libero_goal_task2,9,24,False
436,libero_goal_task2,10,23,False
436,libero_goal_task2,11,22,False
436,libero_goal_task2,12,21,False
436,libero_goal_task2,13,20,False
436,libero_goal_task2,14,19,False
436,libero_goal_task2,15,18,False
436,libero_goal_task2,16,17,False
436,libero_goal_task2,17,16,False
436,libero_goal_task2,18,15,False
436,libero_goal_task2,19,14,False
436,libero_goal_task2,20,13,False
436,libero_goal_task2,21,12,False
436,libero_goal_task2,22,11,False
436,libero_goal_task2,23,10,False
436,libero_goal_task2,24,9,False
436,libero_goal_task2,25,8,False
436,libero_goal_task2,26,7,False
436,libero_goal_task2,27,6,False
436,libero_goal_task2,28,5,False
436,libero_goal_task2,29,4,False
436,libero_goal_task2,30,3,False
436,libero_goal_task2,31,2,False
436,libero_goal_task2,32,1,False
436,libero_goal_task2,33,67,False
436,libero_goal_task2,34,66,False
436,libero_goal_task2,35,65,False
436,libero_goal_task2,36,64,False
436,libero_goal_task2,37,63,False
436,libero_goal_task2,38,62,False
436,libero_goal_task2,39,61,False
436,libero_goal_task2,40,60,False
436,libero_goal_task2,41,59,False
436,libero_goal_task2,42,58,False
436,libero_goal_task2,43,57,False
436,libero_goal_task2,44,56,False
436,libero_goal_task2,45,55,False
436,libero_goal_task2,46,54,False
436,libero_goal_task2,47,53,False
436,libero_goal_task2,48,52,False
436,libero_goal_task2,49,51,False
436,libero_goal_task2,50,50,False
436,libero_goal_task2,51,49,False
436,libero_goal_task2,52,48,False
436,libero_goal_task2,53,47,False
436,libero_goal_task2,54,46,False
436,libero_goal_task2,55,45,False
436,libero_goal_task2,56,44,False
436,libero_goal_task2,57,43,False
436,libero_goal_task2,58,42,False
436,libero_goal_task2,59,41,False
436,libero_goal_task2,60,40,False
436,libero_goal_task2,61,39,False
436,libero_goal_task2,62,38,False
436,libero_goal_task2,63,37,False
436,libero_goal_task2,64,36,False
436,libero_goal_task2,65,35,False
436,libero_goal_task2,66,34,False
436,libero_goal_task2,67,33,False
436,libero_goal_task2,68,32,False
436,libero_goal_task2,69,31,False
436,libero_goal_task2,70,30,False
436,libero_goal_task2,71,29,False
436,libero_goal_task2,72,28,False
436,libero_goal_task2,73,27,False
436,libero_goal_task2,74,26,False
436,libero_goal_task2,75,25,False
436,libero_goal_task2,76,24,False
436,libero_goal_task2,77,23,False
436,libero_goal_task2,78,22,False
436,libero_goal_task2,79,21,False
436,libero_goal_task2,80,20,False
436,libero_goal_task2,81,19,False
436,libero_goal_task2,82,18,False
436,libero_goal_task2,83,17,False
436,libero_goal_task2,84,16,False
436,libero_goal_task2,85,15,False
436,libero_goal_task2,86,14,False
436,libero_goal_task2,87,13,False
436,libero_goal_task2,88,12,False
436,libero_goal_task2,89,11,False
436,libero_goal_task2,90,10,False
436,libero_goal_task2,91,9,False
436,libero_goal_task2,92,8,False
436,libero_goal_task2,93,7,False
436,libero_goal_task2,94,6,False
436,libero_goal_task2,95,5,False
436,libero_goal_task2,96,4,False
436,libero_goal_task2,97,3,False
436,libero_goal_task2,98,2,False
436,libero_goal_task2,99,1,False
436,libero_goal_task2,100,,True
436,libero_goal_task2,101,,True
436,libero_goal_task2,102,,True
436,libero_goal_task2,103,,True
436,libero_goal_task2,104,,True
454,libero_goal_task2,0,33,False
454,libero_goal_task2,1,32,False
454,libero_goal_task2,2,31,False
454,libero_goal_task2,3,30,False
454,libero_goal_task2,4,29,False
454,libero_goal_task2,5,28,False
454,libero_goal_task2,6,27,False
454,libero_goal_task2,7,26,False
454,libero_goal_task2,8,25,False
454,libero_goal_task2,9,24,False
454,libero_goal_task2,10,23,False
454,libero_goal_task2,11,22,False
454,libero_goal_task2,12,21,False
454,libero_goal_task2,13,20,False
454,libero_goal_task2,14,19,False
454,libero_goal_task2,15,18,False
454,libero_goal_task2,16,17,False
454,libero_goal_task2,17,16,False
454,libero_goal_task2,18,15,False
454,libero_goal_task2,19,14,False
454,libero_goal_task2,20,13,False
454,libero_goal_task2,21,12,False
454,libero_goal_task2,22,11,False
454,libero_goal_task2,23,10,False
454,libero_goal_task2,24,9,False
454,libero_goal_task2,25,8,False
454,libero_goal_task2,26,7,False
454,libero_goal_task2,27,6,False
454,libero_goal_task2,28,5,False
454,libero_goal_task2,29,4,False
454,libero_goal_task2,30,3,False
454,libero_goal_task2,31,2,False
454,libero_goal_task2,32,1,False
454,libero_goal_task2,33,67,False
454,libero_goal_task2,34,66,False
454,libero_goal_task2,35,65,False
454,libero_goal_task2,36,64,False
454,libero_goal_task2,37,63,False
454,libero_goal_task2,38,62,False
454,libero_goal_task2,39,61,False
454,libero_goal_task2,40,60,False
454,libero_goal_task2,41,59,False
454,libero_goal_task2,42,58,False
454,libero_goal_task2,43,57,False
454,libero_goal_task2,44,56,False
454,libero_goal_task2,45,55,False
454,libero_goal_task2,46,54,False
454,libero_goal_task2,47,53,False
454,libero_goal_task2,48,52,False
454,libero_goal_task2,49,51,False
454,libero_goal_task2,50,50,False
454,libero_goal_task2,51,49,False
454,libero_goal_task2,52,48,False
454,libero_goal_task2,53,47,False
454,libero_goal_task2,54,46,False
454,libero_goal_task2,55,45,False
454,libero_goal_task2,56,44,False
454,libero_goal_task2,57,43,False
454,libero_goal_task2,58,42,False
454,libero_goal_task2,59,41,False
454,libero_goal_task2,60,40,False
454,libero_goal_task2,61,39,False
454,libero_goal_task2,62,38,False
454,libero_goal_task2,63,37,False
454,libero_goal_task2,64,36,False
454,libero_goal_task2,65,35,False
454,libero_goal_task2,66,34,False
454,libero_goal_task2,67,33,False
454,libero_goal_task2,68,32,False
454,libero_goal_task2,69,31,False
454,libero_goal_task2,70,30,False
454,libero_goal_task2,71,29,False
454,libero_goal_task2,72,28,False
454,libero_goal_task2,73,27,False
454,libero_goal_task2,74,26,False
454,libero_goal_task2,75,25,False
454,libero_goal_task2,76,24,False
454,libero_goal_task2,77,23,False
454,libero_goal_task2,78,22,False
454,libero_goal_task2,79,21,False
454,libero_goal_task2,80,20,False
454,libero_goal_task2,81,19,False
454,libero_goal_task2,82,18,False
454,libero_goal_task2,83,17,False
454,libero_goal_task2,84,16,False
454,libero_goal_task2,85,15,False
454,libero_goal_task2,86,14,False
454,libero_goal_task2,87,13,False
454,libero_goal_task2,88,12,False
454,libero_goal_task2,89,11,False
454,libero_goal_task2,90,10,False
454,libero_goal_task2,91,9,False
454,libero_goal_task2,92,8,False
454,libero_goal_task2,93,7,False
454,libero_goal_task2,94,6,False
454,libero_goal_task2,95,5,False
454,libero_goal_task2,96,4,False
454,libero_goal_task2,97,3,False
454,libero_goal_task2,98,2,False
454,libero_goal_task2,99,1,False
454,libero_goal_task2,100,,True
454,libero_goal_task2,101,,True
454,libero_goal_task2,102,,True
454,libero_goal_task2,103,,True
454,libero_goal_task2,104,,True
454,libero_goal_task2,105,,True
454,libero_goal_task2,106,,True
454,libero_goal_task2,107,,True
454,libero_goal_task2,108,,True
454,libero_goal_task2,109,,True
454,libero_goal_task2,110,,True
454,libero_goal_task2,111,,True
454,libero_goal_task2,112,,True
454,libero_goal_task2,113,,True
454,libero_goal_task2,114,,True
454,libero_goal_task2,115,,True
468,libero_goal_task2,0,29,False
468,libero_goal_task2,1,28,False
468,libero_goal_task2,2,27,False
468,libero_goal_task2,3,26,False
468,libero_goal_task2,4,25,False
468,libero_goal_task2,5,24,False
468,libero_goal_task2,6,23,False
468,libero_goal_task2,7,22,False
468,libero_goal_task2,8,21,False
468,libero_goal_task2,9,20,False
468,libero_goal_task2,10,19,False
468,libero_goal_task2,11,18,False
468,libero_goal_task2,12,17,False
468,libero_goal_task2,13,16,False
468,libero_goal_task2,14,15,False
468,libero_goal_task2,15,14,False
468,libero_goal_task2,16,13,False
468,libero_goal_task2,17,12,False
468,libero_goal_task2,18,11,False
468,libero_goal_task2,19,10,False
468,libero_goal_task2,20,9,False
468,libero_goal_task2,21,8,False
468,libero_goal_task2,22,7,False
468,libero_goal_task2,23,6,False
468,libero_goal_task2,24,5,False
468,libero_goal_task2,25,4,False
468,libero_goal_task2,26,3,False
468,libero_goal_task2,27,2,False
468,libero_goal_task2,28,1,False
468,libero_goal_task2,29,54,False
468,libero_goal_task2,30,53,False
468,libero_goal_task2,31,52,False
468,libero_goal_task2,32,51,False
468,libero_goal_task2,33,50,False
468,libero_goal_task2,34,49,False
468,libero_goal_task2,35,48,False
468,libero_goal_task2,36,47,False
468,libero_goal_task2,37,46,False
468,libero_goal_task2,38,45,False
468,libero_goal_task2,39,44,False
468,libero_goal_task2,40,43,False
468,libero_goal_task2,41,42,False
468,libero_goal_task2,42,41,False
468,libero_goal_task2,43,40,False
468,libero_goal_task2,44,39,False
468,libero_goal_task2,45,38,False
468,libero_goal_task2,46,37,False
468,libero_goal_task2,47,36,False
468,libero_goal_task2,48,35,False
468,libero_goal_task2,49,34,False
468,libero_goal_task2,50,33,False
468,libero_goal_task2,51,32,False
468,libero_goal_task2,52,31,False
468,libero_goal_task2,53,30,False
468,libero_goal_task2,54,29,False
468,libero_goal_task2,55,28,False
468,libero_goal_task2,56,27,False
468,libero_goal_task2,57,26,False
468,libero_goal_task2,58,25,False
468,libero_goal_task2,59,24,False
468,libero_goal_task2,60,23,False
468,libero_goal_task2,61,22,False
468,libero_goal_task2,62,21,False
468,libero_goal_task2,63,20,False
468,libero_goal_task2,64,19,False
468,libero_goal_task2,65,18,False
468,libero_goal_task2,66,17,False
468,libero_goal_task2,67,16,False
468,libero_goal_task2,68,15,False
468,libero_goal_task2,69,14,False
468,libero_goal_task2,70,13,False
468,libero_goal_task2,71,12,False
468,libero_goal_task2,72,11,False
468,libero_goal_task2,73,10,False
468,libero_goal_task2,74,9,False
468,libero_goal_task2,75,8,False
468,libero_goal_task2,76,7,False
468,libero_goal_task2,77,6,False
468,libero_goal_task2,78,5,False
468,libero_goal_task2,79,4,False
468,libero_goal_task2,80,3,False
468,libero_goal_task2,81,2,False
468,libero_goal_task2,82,1,False
468,libero_goal_task2,83,,True
468,libero_goal_task2,84,,True
468,libero_goal_task2,85,,True
468,libero_goal_task2,86,,True
468,libero_goal_task2,87,,True
468,libero_goal_task2,88,,True
468,libero_goal_task2,89,,True
468,libero_goal_task2,90,,True
468,libero_goal_task2,91,,True
470,libero_goal_task2,0,35,False
470,libero_goal_task2,1,34,False
470,libero_goal_task2,2,33,False
470,libero_goal_task2,3,32,False
470,libero_goal_task2,4,31,False
470,libero_goal_task2,5,30,False
470,libero_goal_task2,6,29,False
470,libero_goal_task2,7,28,False
470,libero_goal_task2,8,27,False
470,libero_goal_task2,9,26,False
470,libero_goal_task2,10,25,False
470,libero_goal_task2,11,24,False
470,libero_goal_task2,12,23,False
470,libero_goal_task2,13,22,False
470,libero_goal_task2,14,21,False
470,libero_goal_task2,15,20,False
470,libero_goal_task2,16,19,False
470,libero_goal_task2,17,18,False
470,libero_goal_task2,18,17,False
470,libero_goal_task2,19,16,False
470,libero_goal_task2,20,15,False
470,libero_goal_task2,21,14,False
470,libero_goal_task2,22,13,False
470,libero_goal_task2,23,12,False
470,libero_goal_task2,24,11,False
470,libero_goal_task2,25,10,False
470,libero_goal_task2,26,9,False
470,libero_goal_task2,27,8,False
470,libero_goal_task2,28,7,False
470,libero_goal_task2,29,6,False
470,libero_goal_task2,30,5,False
470,libero_goal_task2,31,4,False
470,libero_goal_task2,32,3,False
470,libero_goal_task2,33,2,False
470,libero_goal_task2,34,1,False
470,libero_goal_task2,35,65,False
470,libero_goal_task2,36,64,False
470,libero_goal_task2,37,63,False
470,libero_goal_task2,38,62,False
470,libero_goal_task2,39,61,False
470,libero_goal_task2,40,60,False
470,libero_goal_task2,41,59,False
470,libero_goal_task2,42,58,False
470,libero_goal_task2,43,57,False
470,libero_goal_task2,44,56,False
470,libero_goal_task2,45,55,False
470,libero_goal_task2,46,54,False
470,libero_goal_task2,47,53,False
470,libero_goal_task2,48,52,False
470,libero_goal_task2,49,51,False
470,libero_goal_task2,50,50,False
470,libero_goal_task2,51,49,False
470,libero_goal_task2,52,48,False
470,libero_goal_task2,53,47,False
470,libero_goal_task2,54,46,False
470,libero_goal_task2,55,45,False
470,libero_goal_task2,56,44,False
470,libero_goal_task2,57,43,False
470,libero_goal_task2,58,42,False
470,libero_goal_task2,59,41,False
470,libero_goal_task2,60,40,False
470,libero_goal_task2,61,39,False
470,libero_goal_task2,62,38,False
470,libero_goal_task2,63,37,False
470,libero_goal_task2,64,36,False
470,libero_goal_task2,65,35,False
470,libero_goal_task2,66,34,False
470,libero_goal_task2,67,33,False
470,libero_goal_task2,68,32,False
470,libero_goal_task2,69,31,False
470,libero_goal_task2,70,30,False
470,libero_goal_task2,71,29,False
470,libero_goal_task2,72,28,False
470,libero_goal_task2,73,27,False
470,libero_goal_task2,74,26,False
470,libero_goal_task2,75,25,False
470,libero_goal_task2,76,24,False
470,libero_goal_task2,77,23,False
470,libero_goal_task2,78,22,False
470,libero_goal_task2,79,21,False
470,libero_goal_task2,80,20,False
470,libero_goal_task2,81,19,False
470,libero_goal_task2,82,18,False
470,libero_goal_task2,83,17,False
470,libero_goal_task2,84,16,False
470,libero_goal_task2,85,15,False
470,libero_goal_task2,86,14,False
470,libero_goal_task2,87,13,False
470,libero_goal_task2,88,12,False
470,libero_goal_task2,89,11,False
470,libero_goal_task2,90,10,False
470,libero_goal_task2,91,9,False
470,libero_goal_task2,92,8,False
470,libero_goal_task2,93,7,False
470,libero_goal_task2,94,6,False
470,libero_goal_task2,95,5,False
470,libero_goal_task2,96,4,False
470,libero_goal_task2,97,3,False
470,libero_goal_task2,98,2,False
470,libero_goal_task2,99,1,False
470,libero_goal_task2,100,,True
470,libero_goal_task2,101,,True
470,libero_goal_task2,102,,True
470,libero_goal_task2,103,,True
470,libero_goal_task2,104,,True
470,libero_goal_task2,105,,True
470,libero_goal_task2,106,,True
475,libero_goal_task2,0,32,False
475,libero_goal_task2,1,31,False
475,libero_goal_task2,2,30,False
475,libero_goal_task2,3,29,False
475,libero_goal_task2,4,28,False
475,libero_goal_task2,5,27,False
475,libero_goal_task2,6,26,False
475,libero_goal_task2,7,25,False
475,libero_goal_task2,8,24,False
475,libero_goal_task2,9,23,False
475,libero_goal_task2,10,22,False
475,libero_goal_task2,11,21,False
475,libero_goal_task2,12,20,False
475,libero_goal_task2,13,19,False
475,libero_goal_task2,14,18,False
475,libero_goal_task2,15,17,False
475,libero_goal_task2,16,16,False
475,libero_goal_task2,17,15,False
475,libero_goal_task2,18,14,False
475,libero_goal_task2,19,13,False
475,libero_goal_task2,20,12,False
475,libero_goal_task2,21,11,False
475,libero_goal_task2,22,10,False
475,libero_goal_task2,23,9,False
475,libero_goal_task2,24,8,False
475,libero_goal_task2,25,7,False
475,libero_goal_task2,26,6,False
475,libero_goal_task2,27,5,False
475,libero_goal_task2,28,4,False
475,libero_goal_task2,29,3,False
475,libero_goal_task2,30,2,False
475,libero_goal_task2,31,1,False
475,libero_goal_task2,32,53,False
475,libero_goal_task2,33,52,False
475,libero_goal_task2,34,51,False
475,libero_goal_task2,35,50,False
475,libero_goal_task2,36,49,False
475,libero_goal_task2,37,48,False
475,libero_goal_task2,38,47,False
475,libero_goal_task2,39,46,False
475,libero_goal_task2,40,45,False
475,libero_goal_task2,41,44,False
475,libero_goal_task2,42,43,False
475,libero_goal_task2,43,42,False
475,libero_goal_task2,44,41,False
475,libero_goal_task2,45,40,False
475,libero_goal_task2,46,39,False
475,libero_goal_task2,47,38,False
475,libero_goal_task2,48,37,False
475,libero_goal_task2,49,36,False
475,libero_goal_task2,50,35,False
475,libero_goal_task2,51,34,False
475,libero_goal_task2,52,33,False
475,libero_goal_task2,53,32,False
475,libero_goal_task2,54,31,False
475,libero_goal_task2,55,30,False
475,libero_goal_task2,56,29,False
475,libero_goal_task2,57,28,False
475,libero_goal_task2,58,27,False
475,libero_goal_task2,59,26,False
475,libero_goal_task2,60,25,False
475,libero_goal_task2,61,24,False
475,libero_goal_task2,62,23,False
475,libero_goal_task2,63,22,False
475,libero_goal_task2,64,21,False
475,libero_goal_task2,65,20,False
475,libero_goal_task2,66,19,False
475,libero_goal_task2,67,18,False
475,libero_goal_task2,68,17,False
475,libero_goal_task2,69,16,False
475,libero_goal_task2,70,15,False
475,libero_goal_task2,71,14,False
475,libero_goal_task2,72,13,False
475,libero_goal_task2,73,12,False
475,libero_goal_task2,74,11,False
475,libero_goal_task2,75,10,False
475,libero_goal_task2,76,9,False
475,libero_goal_task2,77,8,False
475,libero_goal_task2,78,7,False
475,libero_goal_task2,79,6,False
475,libero_goal_task2,80,5,False
475,libero_goal_task2,81,4,False
475,libero_goal_task2,82,3,False
475,libero_goal_task2,83,2,False
475,libero_goal_task2,84,1,False
475,libero_goal_task2,85,,True
475,libero_goal_task2,86,,True
475,libero_goal_task2,87,,True
475,libero_goal_task2,88,,True
475,libero_goal_task2,89,,True
475,libero_goal_task2,90,,True
475,libero_goal_task2,91,,True
476,libero_goal_task2,0,33,False
476,libero_goal_task2,1,32,False
476,libero_goal_task2,2,31,False
476,libero_goal_task2,3,30,False
476,libero_goal_task2,4,29,False
476,libero_goal_task2,5,28,False
476,libero_goal_task2,6,27,False
476,libero_goal_task2,7,26,False
476,libero_goal_task2,8,25,False
476,libero_goal_task2,9,24,False
476,libero_goal_task2,10,23,False
476,libero_goal_task2,11,22,False
476,libero_goal_task2,12,21,False
476,libero_goal_task2,13,20,False
476,libero_goal_task2,14,19,False
476,libero_goal_task2,15,18,False
476,libero_goal_task2,16,17,False
476,libero_goal_task2,17,16,False
476,libero_goal_task2,18,15,False
476,libero_goal_task2,19,14,False
476,libero_goal_task2,20,13,False
476,libero_goal_task2,21,12,False
476,libero_goal_task2,22,11,False
476,libero_goal_task2,23,10,False
476,libero_goal_task2,24,9,False
476,libero_goal_task2,25,8,False
476,libero_goal_task2,26,7,False
476,libero_goal_task2,27,6,False
476,libero_goal_task2,28,5,False
476,libero_goal_task2,29,4,False
476,libero_goal_task2,30,3,False
476,libero_goal_task2,31,2,False
476,libero_goal_task2,32,1,False
476,libero_goal_task2,33,56,False
476,libero_goal_task2,34,55,False
476,libero_goal_task2,35,54,False
476,libero_goal_task2,36,53,False
476,libero_goal_task2,37,52,False
476,libero_goal_task2,38,51,False
476,libero_goal_task2,39,50,False
476,libero_goal_task2,40,49,False
476,libero_goal_task2,41,48,False
476,libero_goal_task2,42,47,False
476,libero_goal_task2,43,46,False
476,libero_goal_task2,44,45,False
476,libero_goal_task2,45,44,False
476,libero_goal_task2,46,43,False
476,libero_goal_task2,47,42,False
476,libero_goal_task2,48,41,False
476,libero_goal_task2,49,40,False
476,libero_goal_task2,50,39,False
476,libero_goal_task2,51,38,False
476,libero_goal_task2,52,37,False
476,libero_goal_task2,53,36,False
476,libero_goal_task2,54,35,False
476,libero_goal_task2,55,34,False
476,libero_goal_task2,56,33,False
476,libero_goal_task2,57,32,False
476,libero_goal_task2,58,31,False
476,libero_goal_task2,59,30,False
476,libero_goal_task2,60,29,False
476,libero_goal_task2,61,28,False
476,libero_goal_task2,62,27,False
476,libero_goal_task2,63,26,False
476,libero_goal_task2,64,25,False
476,libero_goal_task2,65,24,False
476,libero_goal_task2,66,23,False
476,libero_goal_task2,67,22,False
476,libero_goal_task2,68,21,False
476,libero_goal_task2,69,20,False
476,libero_goal_task2,70,19,False
476,libero_goal_task2,71,18,False
476,libero_goal_task2,72,17,False
476,libero_goal_task2,73,16,False
476,libero_goal_task2,74,15,False
476,libero_goal_task2,75,14,False
476,libero_goal_task2,76,13,False
476,libero_goal_task2,77,12,False
476,libero_goal_task2,78,11,False
476,libero_goal_task2,79,10,False
476,libero_goal_task2,80,9,False
476,libero_goal_task2,81,8,False
476,libero_goal_task2,82,7,False
476,libero_goal_task2,83,6,False
476,libero_goal_task2,84,5,False
476,libero_goal_task2,85,4,False
476,libero_goal_task2,86,3,False
476,libero_goal_task2,87,2,False
476,libero_goal_task2,88,1,False
476,libero_goal_task2,89,,True
476,libero_goal_task2,90,,True
476,libero_goal_task2,91,,True
476,libero_goal_task2,92,,True
476,libero_goal_task2,93,,True
476,libero_goal_task2,94,,True
476,libero_goal_task2,95,,True
476,libero_goal_task2,96,,True
479,libero_goal_task2,0,30,False
479,libero_goal_task2,1,29,False
479,libero_goal_task2,2,28,False
479,libero_goal_task2,3,27,False
479,libero_goal_task2,4,26,False
479,libero_goal_task2,5,25,False
479,libero_goal_task2,6,24,False
479,libero_goal_task2,7,23,False
479,libero_goal_task2,8,22,False
479,libero_goal_task2,9,21,False
479,libero_goal_task2,10,20,False
479,libero_goal_task2,11,19,False
479,libero_goal_task2,12,18,False
479,libero_goal_task2,13,17,False
479,libero_goal_task2,14,16,False
479,libero_goal_task2,15,15,False
479,libero_goal_task2,16,14,False
479,libero_goal_task2,17,13,False
479,libero_goal_task2,18,12,False
479,libero_goal_task2,19,11,False
479,libero_goal_task2,20,10,False
479,libero_goal_task2,21,9,False
479,libero_goal_task2,22,8,False
479,libero_goal_task2,23,7,False
479,libero_goal_task2,24,6,False
479,libero_goal_task2,25,5,False
479,libero_goal_task2,26,4,False
479,libero_goal_task2,27,3,False
479,libero_goal_task2,28,2,False
479,libero_goal_task2,29,1,False
479,libero_goal_task2,30,50,False
479,libero_goal_task2,31,49,False
479,libero_goal_task2,32,48,False
479,libero_goal_task2,33,47,False
479,libero_goal_task2,34,46,False
479,libero_goal_task2,35,45,False
479,libero_goal_task2,36,44,False
479,libero_goal_task2,37,43,False
479,libero_goal_task2,38,42,False
479,libero_goal_task2,39,41,False
479,libero_goal_task2,40,40,False
479,libero_goal_task2,41,39,False
479,libero_goal_task2,42,38,False
479,libero_goal_task2,43,37,False
479,libero_goal_task2,44,36,False
479,libero_goal_task2,45,35,False
479,libero_goal_task2,46,34,False
479,libero_goal_task2,47,33,False
479,libero_goal_task2,48,32,False
479,libero_goal_task2,49,31,False
479,libero_goal_task2,50,30,False
479,libero_goal_task2,51,29,False
479,libero_goal_task2,52,28,False
479,libero_goal_task2,53,27,False
479,libero_goal_task2,54,26,False
479,libero_goal_task2,55,25,False
479,libero_goal_task2,56,24,False
479,libero_goal_task2,57,23,False
479,libero_goal_task2,58,22,False
479,libero_goal_task2,59,21,False
479,libero_goal_task2,60,20,False
479,libero_goal_task2,61,19,False
479,libero_goal_task2,62,18,False
479,libero_goal_task2,63,17,False
479,libero_goal_task2,64,16,False
479,libero_goal_task2,65,15,False
479,libero_goal_task2,66,14,False
479,libero_goal_task2,67,13,False
479,libero_goal_task2,68,12,False
479,libero_goal_task2,69,11,False
479,libero_goal_task2,70,10,False
479,libero_goal_task2,71,9,False
479,libero_goal_task2,72,8,False
479,libero_goal_task2,73,7,False
479,libero_goal_task2,74,6,False
479,libero_goal_task2,75,5,False
479,libero_goal_task2,76,4,False
479,libero_goal_task2,77,3,False
479,libero_goal_task2,78,2,False
479,libero_goal_task2,79,1,False
479,libero_goal_task2,80,,True
479,libero_goal_task2,81,,True
479,libero_goal_task2,82,,True
479,libero_goal_task2,83,,True
479,libero_goal_task2,84,,True
479,libero_goal_task2,85,,True
479,libero_goal_task2,86,,True
480,libero_goal_task2,0,35,False
480,libero_goal_task2,1,34,False
480,libero_goal_task2,2,33,False
480,libero_goal_task2,3,32,False
480,libero_goal_task2,4,31,False
480,libero_goal_task2,5,30,False
480,libero_goal_task2,6,29,False
480,libero_goal_task2,7,28,False
480,libero_goal_task2,8,27,False
480,libero_goal_task2,9,26,False
480,libero_goal_task2,10,25,False
480,libero_goal_task2,11,24,False
480,libero_goal_task2,12,23,False
480,libero_goal_task2,13,22,False
480,libero_goal_task2,14,21,False
480,libero_goal_task2,15,20,False
480,libero_goal_task2,16,19,False
480,libero_goal_task2,17,18,False
480,libero_goal_task2,18,17,False
480,libero_goal_task2,19,16,False
480,libero_goal_task2,20,15,False
480,libero_goal_task2,21,14,False
480,libero_goal_task2,22,13,False
480,libero_goal_task2,23,12,False
480,libero_goal_task2,24,11,False
480,libero_goal_task2,25,10,False
480,libero_goal_task2,26,9,False
480,libero_goal_task2,27,8,False
480,libero_goal_task2,28,7,False
480,libero_goal_task2,29,6,False
480,libero_goal_task2,30,5,False
480,libero_goal_task2,31,4,False
480,libero_goal_task2,32,3,False
480,libero_goal_task2,33,2,False
480,libero_goal_task2,34,1,False
480,libero_goal_task2,35,64,False
480,libero_goal_task2,36,63,False
480,libero_goal_task2,37,62,False
480,libero_goal_task2,38,61,False
480,libero_goal_task2,39,60,False
480,libero_goal_task2,40,59,False
480,libero_goal_task2,41,58,False
480,libero_goal_task2,42,57,False
480,libero_goal_task2,43,56,False
480,libero_goal_task2,44,55,False
480,libero_goal_task2,45,54,False
480,libero_goal_task2,46,53,False
480,libero_goal_task2,47,52,False
480,libero_goal_task2,48,51,False
480,libero_goal_task2,49,50,False
480,libero_goal_task2,50,49,False
480,libero_goal_task2,51,48,False
480,libero_goal_task2,52,47,False
480,libero_goal_task2,53,46,False
480,libero_goal_task2,54,45,False
480,libero_goal_task2,55,44,False
480,libero_goal_task2,56,43,False
480,libero_goal_task2,57,42,False
480,libero_goal_task2,58,41,False
480,libero_goal_task2,59,40,False
480,libero_goal_task2,60,39,False
480,libero_goal_task2,61,38,False
480,libero_goal_task2,62,37,False
480,libero_goal_task2,63,36,False
480,libero_goal_task2,64,35,False
480,libero_goal_task2,65,34,False
480,libero_goal_task2,66,33,False
480,libero_goal_task2,67,32,False
480,libero_goal_task2,68,31,False
480,libero_goal_task2,69,30,False
480,libero_goal_task2,70,29,False
480,libero_goal_task2,71,28,False
480,libero_goal_task2,72,27,False
480,libero_goal_task2,73,26,False
480,libero_goal_task2,74,25,False
480,libero_goal_task2,75,24,False
480,libero_goal_task2,76,23,False
480,libero_goal_task2,77,22,False
480,libero_goal_task2,78,21,False
480,libero_goal_task2,79,20,False
480,libero_goal_task2,80,19,False
480,libero_goal_task2,81,18,False
480,libero_goal_task2,82,17,False
480,libero_goal_task2,83,16,False
480,libero_goal_task2,84,15,False
480,libero_goal_task2,85,14,False
480,libero_goal_task2,86,13,False
480,libero_goal_task2,87,12,False
480,libero_goal_task2,88,11,False
480,libero_goal_task2,89,10,False
480,libero_goal_task2,90,9,False
480,libero_goal_task2,91,8,False
480,libero_goal_task2,92,7,False
480,libero_goal_task2,93,6,False
480,libero_goal_task2,94,5,False
480,libero_goal_task2,95,4,False
480,libero_goal_task2,96,3,False
480,libero_goal_task2,97,2,False
480,libero_goal_task2,98,1,False
480,libero_goal_task2,99,,True
480,libero_goal_task2,100,,True
480,libero_goal_task2,101,,True
480,libero_goal_task2,102,,True
480,libero_goal_task2,103,,True
480,libero_goal_task2,104,,True
480,libero_goal_task2,105,,True
480,libero_goal_task2,106,,True
480,libero_goal_task2,107,,True
480,libero_goal_task2,108,,True
482,libero_goal_task2,0,31,False
482,libero_goal_task2,1,30,False
482,libero_goal_task2,2,29,False
482,libero_goal_task2,3,28,False
482,libero_goal_task2,4,27,False
482,libero_goal_task2,5,26,False
482,libero_goal_task2,6,25,False
482,libero_goal_task2,7,24,False
482,libero_goal_task2,8,23,False
482,libero_goal_task2,9,22,False
482,libero_goal_task2,10,21,False
482,libero_goal_task2,11,20,False
482,libero_goal_task2,12,19,False
482,libero_goal_task2,13,18,False
482,libero_goal_task2,14,17,False
482,libero_goal_task2,15,16,False
482,libero_goal_task2,16,15,False
482,libero_goal_task2,17,14,False
482,libero_goal_task2,18,13,False
482,libero_goal_task2,19,12,False
482,libero_goal_task2,20,11,False
482,libero_goal_task2,21,10,False
482,libero_goal_task2,22,9,False
482,libero_goal_task2,23,8,False
482,libero_goal_task2,24,7,False
482,libero_goal_task2,25,6,False
482,libero_goal_task2,26,5,False
482,libero_goal_task2,27,4,False
482,libero_goal_task2,28,3,False
482,libero_goal_task2,29,2,False
482,libero_goal_task2,30,1,False
482,libero_goal_task2,31,53,False
482,libero_goal_task2,32,52,False
482,libero_goal_task2,33,51,False
482,libero_goal_task2,34,50,False
482,libero_goal_task2,35,49,False
482,libero_goal_task2,36,48,False
482,libero_goal_task2,37,47,False
482,libero_goal_task2,38,46,False
482,libero_goal_task2,39,45,False
482,libero_goal_task2,40,44,False
482,libero_goal_task2,41,43,False
482,libero_goal_task2,42,42,False
482,libero_goal_task2,43,41,False
482,libero_goal_task2,44,40,False
482,libero_goal_task2,45,39,False
482,libero_goal_task2,46,38,False
482,libero_goal_task2,47,37,False
482,libero_goal_task2,48,36,False
482,libero_goal_task2,49,35,False
482,libero_goal_task2,50,34,False
482,libero_goal_task2,51,33,False
482,libero_goal_task2,52,32,False
482,libero_goal_task2,53,31,False
482,libero_goal_task2,54,30,False
482,libero_goal_task2,55,29,False
482,libero_goal_task2,56,28,False
482,libero_goal_task2,57,27,False
482,libero_goal_task2,58,26,False
482,libero_goal_task2,59,25,False
482,libero_goal_task2,60,24,False
482,libero_goal_task2,61,23,False
482,libero_goal_task2,62,22,False
482,libero_goal_task2,63,21,False
482,libero_goal_task2,64,20,False
482,libero_goal_task2,65,19,False
482,libero_goal_task2,66,18,False
482,libero_goal_task2,67,17,False
482,libero_goal_task2,68,16,False
482,libero_goal_task2,69,15,False
482,libero_goal_task2,70,14,False
482,libero_goal_task2,71,13,False
482,libero_goal_task2,72,12,False
482,libero_goal_task2,73,11,False
482,libero_goal_task2,74,10,False
482,libero_goal_task2,75,9,False
482,libero_goal_task2,76,8,False
482,libero_goal_task2,77,7,False
482,libero_goal_task2,78,6,False
482,libero_goal_task2,79,5,False
482,libero_goal_task2,80,4,False
482,libero_goal_task2,81,3,False
482,libero_goal_task2,82,2,False
482,libero_goal_task2,83,1,False
482,libero_goal_task2,84,,True
482,libero_goal_task2,85,,True
482,libero_goal_task2,86,,True
482,libero_goal_task2,87,,True
482,libero_goal_task2,88,,True
482,libero_goal_task2,89,,True
482,libero_goal_task2,90,,True
482,libero_goal_task2,91,,True
512,libero_goal_task2,0,37,False
512,libero_goal_task2,1,36,False
512,libero_goal_task2,2,35,False
512,libero_goal_task2,3,34,False
512,libero_goal_task2,4,33,False
512,libero_goal_task2,5,32,False
512,libero_goal_task2,6,31,False
512,libero_goal_task2,7,30,False
512,libero_goal_task2,8,29,False
512,libero_goal_task2,9,28,False
512,libero_goal_task2,10,27,False
512,libero_goal_task2,11,26,False
512,libero_goal_task2,12,25,False
512,libero_goal_task2,13,24,False
512,libero_goal_task2,14,23,False
512,libero_goal_task2,15,22,False
512,libero_goal_task2,16,21,False
512,libero_goal_task2,17,20,False
512,libero_goal_task2,18,19,False
512,libero_goal_task2,19,18,False
512,libero_goal_task2,20,17,False
512,libero_goal_task2,21,16,False
512,libero_goal_task2,22,15,False
512,libero_goal_task2,23,14,False
512,libero_goal_task2,24,13,False
512,libero_goal_task2,25,12,False
512,libero_goal_task2,26,11,False
512,libero_goal_task2,27,10,False
512,libero_goal_task2,28,9,False
512,libero_goal_task2,29,8,False
512,libero_goal_task2,30,7,False
512,libero_goal_task2,31,6,False
512,libero_goal_task2,32,5,False
512,libero_goal_task2,33,4,False
512,libero_goal_task2,34,3,False
512,libero_goal_task2,35,2,False
512,libero_goal_task2,36,1,False
512,libero_goal_task2,37,60,False
512,libero_goal_task2,38,59,False
512,libero_goal_task2,39,58,False
512,libero_goal_task2,40,57,False
512,libero_goal_task2,41,56,False
512,libero_goal_task2,42,55,False
512,libero_goal_task2,43,54,False
512,libero_goal_task2,44,53,False
512,libero_goal_task2,45,52,False
512,libero_goal_task2,46,51,False
512,libero_goal_task2,47,50,False
512,libero_goal_task2,48,49,False
512,libero_goal_task2,49,48,False
512,libero_goal_task2,50,47,False
512,libero_goal_task2,51,46,False
512,libero_goal_task2,52,45,False
512,libero_goal_task2,53,44,False
512,libero_goal_task2,54,43,False
512,libero_goal_task2,55,42,False
512,libero_goal_task2,56,41,False
512,libero_goal_task2,57,40,False
512,libero_goal_task2,58,39,False
512,libero_goal_task2,59,38,False
512,libero_goal_task2,60,37,False
512,libero_goal_task2,61,36,False
512,libero_goal_task2,62,35,False
512,libero_goal_task2,63,34,False
512,libero_goal_task2,64,33,False
512,libero_goal_task2,65,32,False
512,libero_goal_task2,66,31,False
512,libero_goal_task2,67,30,False
512,libero_goal_task2,68,29,False
512,libero_goal_task2,69,28,False
512,libero_goal_task2,70,27,False
512,libero_goal_task2,71,26,False
512,libero_goal_task2,72,25,False
512,libero_goal_task2,73,24,False
512,libero_goal_task2,74,23,False
512,libero_goal_task2,75,22,False
512,libero_goal_task2,76,21,False
512,libero_goal_task2,77,20,False
512,libero_goal_task2,78,19,False
512,libero_goal_task2,79,18,False
512,libero_goal_task2,80,17,False
512,libero_goal_task2,81,16,False
512,libero_goal_task2,82,15,False
512,libero_goal_task2,83,14,False
512,libero_goal_task2,84,13,False
512,libero_goal_task2,85,12,False
512,libero_goal_task2,86,11,False
512,libero_goal_task2,87,10,False
512,libero_goal_task2,88,9,False
512,libero_goal_task2,89,8,False
512,libero_goal_task2,90,7,False
512,libero_goal_task2,91,6,False
512,libero_goal_task2,92,5,False
512,libero_goal_task2,93,4,False
512,libero_goal_task2,94,3,False
512,libero_goal_task2,95,2,False
512,libero_goal_task2,96,1,False
512,libero_goal_task2,97,,True
512,libero_goal_task2,98,,True
512,libero_goal_task2,99,,True
512,libero_goal_task2,100,,True
512,libero_goal_task2,101,,True
515,libero_goal_task2,0,37,False
515,libero_goal_task2,1,36,False
515,libero_goal_task2,2,35,False
515,libero_goal_task2,3,34,False
515,libero_goal_task2,4,33,False
515,libero_goal_task2,5,32,False
515,libero_goal_task2,6,31,False
515,libero_goal_task2,7,30,False
515,libero_goal_task2,8,29,False
515,libero_goal_task2,9,28,False
515,libero_goal_task2,10,27,False
515,libero_goal_task2,11,26,False
515,libero_goal_task2,12,25,False
515,libero_goal_task2,13,24,False
515,libero_goal_task2,14,23,False
515,libero_goal_task2,15,22,False
515,libero_goal_task2,16,21,False
515,libero_goal_task2,17,20,False
515,libero_goal_task2,18,19,False
515,libero_goal_task2,19,18,False
515,libero_goal_task2,20,17,False
515,libero_goal_task2,21,16,False
515,libero_goal_task2,22,15,False
515,libero_goal_task2,23,14,False
515,libero_goal_task2,24,13,False
515,libero_goal_task2,25,12,False
515,libero_goal_task2,26,11,False
515,libero_goal_task2,27,10,False
515,libero_goal_task2,28,9,False
515,libero_goal_task2,29,8,False
515,libero_goal_task2,30,7,False
515,libero_goal_task2,31,6,False
515,libero_goal_task2,32,5,False
515,libero_goal_task2,33,4,False
515,libero_goal_task2,34,3,False
515,libero_goal_task2,35,2,False
515,libero_goal_task2,36,1,False
515,libero_goal_task2,37,26,False
515,libero_goal_task2,38,25,False
515,libero_goal_task2,39,24,False
515,libero_goal_task2,40,23,False
515,libero_goal_task2,41,22,False
515,libero_goal_task2,42,21,False
515,libero_goal_task2,43,20,False
515,libero_goal_task2,44,19,False
515,libero_goal_task2,45,18,False
515,libero_goal_task2,46,17,False
515,libero_goal_task2,47,16,False
515,libero_goal_task2,48,15,False
515,libero_goal_task2,49,14,False
515,libero_goal_task2,50,13,False
515,libero_goal_task2,51,12,False
515,libero_goal_task2,52,11,False
515,libero_goal_task2,53,10,False
515,libero_goal_task2,54,9,False
515,libero_goal_task2,55,8,False
515,libero_goal_task2,56,7,False
515,libero_goal_task2,57,6,False
515,libero_goal_task2,58,5,False
515,libero_goal_task2,59,4,False
515,libero_goal_task2,60,3,False
515,libero_goal_task2,61,2,False
515,libero_goal_task2,62,1,False
515,libero_goal_task2,63,18,False
515,libero_goal_task2,64,17,False
515,libero_goal_task2,65,16,False
515,libero_goal_task2,66,15,False
515,libero_goal_task2,67,14,False
515,libero_goal_task2,68,13,False
515,libero_goal_task2,69,12,False
515,libero_goal_task2,70,11,False
515,libero_goal_task2,71,10,False
515,libero_goal_task2,72,9,False
515,libero_goal_task2,73,8,False
515,libero_goal_task2,74,7,False
515,libero_goal_task2,75,6,False
515,libero_goal_task2,76,5,False
515,libero_goal_task2,77,4,False
515,libero_goal_task2,78,3,False
515,libero_goal_task2,79,2,False
515,libero_goal_task2,80,1,False
515,libero_goal_task2,81,57,False
515,libero_goal_task2,82,56,False
515,libero_goal_task2,83,55,False
515,libero_goal_task2,84,54,False
515,libero_goal_task2,85,53,False
515,libero_goal_task2,86,52,False
515,libero_goal_task2,87,51,False
515,libero_goal_task2,88,50,False
515,libero_goal_task2,89,49,False
515,libero_goal_task2,90,48,False
515,libero_goal_task2,91,47,False
515,libero_goal_task2,92,46,False
515,libero_goal_task2,93,45,False
515,libero_goal_task2,94,44,False
515,libero_goal_task2,95,43,False
515,libero_goal_task2,96,42,False
515,libero_goal_task2,97,41,False
515,libero_goal_task2,98,40,False
515,libero_goal_task2,99,39,False
515,libero_goal_task2,100,38,False
515,libero_goal_task2,101,37,False
515,libero_goal_task2,102,36,False
515,libero_goal_task2,103,35,False
515,libero_goal_task2,104,34,False
515,libero_goal_task2,105,33,False
515,libero_goal_task2,106,32,False
515,libero_goal_task2,107,31,False
515,libero_goal_task2,108,30,False
515,libero_goal_task2,109,29,False
515,libero_goal_task2,110,28,False
515,libero_goal_task2,111,27,False
515,libero_goal_task2,112,26,False
515,libero_goal_task2,113,25,False
515,libero_goal_task2,114,24,False
515,libero_goal_task2,115,23,False
515,libero_goal_task2,116,22,False
515,libero_goal_task2,117,21,False
515,libero_goal_task2,118,20,False
515,libero_goal_task2,119,19,False
515,libero_goal_task2,120,18,False
515,libero_goal_task2,121,17,False
515,libero_goal_task2,122,16,False
515,libero_goal_task2,123,15,False
515,libero_goal_task2,124,14,False
515,libero_goal_task2,125,13,False
515,libero_goal_task2,126,12,False
515,libero_goal_task2,127,11,False
515,libero_goal_task2,128,10,False
515,libero_goal_task2,129,9,False
515,libero_goal_task2,130,8,False
515,libero_goal_task2,131,7,False
515,libero_goal_task2,132,6,False
515,libero_goal_task2,133,5,False
515,libero_goal_task2,134,4,False
515,libero_goal_task2,135,3,False
515,libero_goal_task2,136,2,False
515,libero_goal_task2,137,1,False
515,libero_goal_task2,138,,True
515,libero_goal_task2,139,,True
515,libero_goal_task2,140,,True
515,libero_goal_task2,141,,True
515,libero_goal_task2,142,,True
515,libero_goal_task2,143,,True
515,libero_goal_task2,144,,True
515,libero_goal_task2,145,,True
528,libero_goal_task2,0,33,False
528,libero_goal_task2,1,32,False
528,libero_goal_task2,2,31,False
528,libero_goal_task2,3,30,False
528,libero_goal_task2,4,29,False
528,libero_goal_task2,5,28,False
528,libero_goal_task2,6,27,False
528,libero_goal_task2,7,26,False
528,libero_goal_task2,8,25,False
528,libero_goal_task2,9,24,False
528,libero_goal_task2,10,23,False
528,libero_goal_task2,11,22,False
528,libero_goal_task2,12,21,False
528,libero_goal_task2,13,20,False
528,libero_goal_task2,14,19,False
528,libero_goal_task2,15,18,False
528,libero_goal_task2,16,17,False
528,libero_goal_task2,17,16,False
528,libero_goal_task2,18,15,False
528,libero_goal_task2,19,14,False
528,libero_goal_task2,20,13,False
528,libero_goal_task2,21,12,False
528,libero_goal_task2,22,11,False
528,libero_goal_task2,23,10,False
528,libero_goal_task2,24,9,False
528,libero_goal_task2,25,8,False
528,libero_goal_task2,26,7,False
528,libero_goal_task2,27,6,False
528,libero_goal_task2,28,5,False
528,libero_goal_task2,29,4,False
528,libero_goal_task2,30,3,False
528,libero_goal_task2,31,2,False
528,libero_goal_task2,32,1,False
528,libero_goal_task2,33,50,False
528,libero_goal_task2,34,49,False
528,libero_goal_task2,35,48,False
528,libero_goal_task2,36,47,False
528,libero_goal_task2,37,46,False
528,libero_goal_task2,38,45,False
528,libero_goal_task2,39,44,False
528,libero_goal_task2,40,43,False
528,libero_goal_task2,41,42,False
528,libero_goal_task2,42,41,False
528,libero_goal_task2,43,40,False
528,libero_goal_task2,44,39,False
528,libero_goal_task2,45,38,False
528,libero_goal_task2,46,37,False
528,libero_goal_task2,47,36,False
528,libero_goal_task2,48,35,False
528,libero_goal_task2,49,34,False
528,libero_goal_task2,50,33,False
528,libero_goal_task2,51,32,False
528,libero_goal_task2,52,31,False
528,libero_goal_task2,53,30,False
528,libero_goal_task2,54,29,False
528,libero_goal_task2,55,28,False
528,libero_goal_task2,56,27,False
528,libero_goal_task2,57,26,False
528,libero_goal_task2,58,25,False
528,libero_goal_task2,59,24,False
528,libero_goal_task2,60,23,False
528,libero_goal_task2,61,22,False
528,libero_goal_task2,62,21,False
528,libero_goal_task2,63,20,False
528,libero_goal_task2,64,19,False
528,libero_goal_task2,65,18,False
528,libero_goal_task2,66,17,False
528,libero_goal_task2,67,16,False
528,libero_goal_task2,68,15,False
528,libero_goal_task2,69,14,False
528,libero_goal_task2,70,13,False
528,libero_goal_task2,71,12,False
528,libero_goal_task2,72,11,False
528,libero_goal_task2,73,10,False
528,libero_goal_task2,74,9,False
528,libero_goal_task2,75,8,False
528,libero_goal_task2,76,7,False
528,libero_goal_task2,77,6,False
528,libero_goal_task2,78,5,False
528,libero_goal_task2,79,4,False
528,libero_goal_task2,80,3,False
528,libero_goal_task2,81,2,False
528,libero_goal_task2,82,1,False
528,libero_goal_task2,83,,True
528,libero_goal_task2,84,,True
528,libero_goal_task2,85,,True
528,libero_goal_task2,86,,True
528,libero_goal_task2,87,,True
528,libero_goal_task2,88,,True
528,libero_goal_task2,89,,True
528,libero_goal_task2,90,,True
528,libero_goal_task2,91,,True
528,libero_goal_task2,92,,True
533,libero_goal_task2,0,42,False
533,libero_goal_task2,1,41,False
533,libero_goal_task2,2,40,False
533,libero_goal_task2,3,39,False
533,libero_goal_task2,4,38,False
533,libero_goal_task2,5,37,False
533,libero_goal_task2,6,36,False
533,libero_goal_task2,7,35,False
533,libero_goal_task2,8,34,False
533,libero_goal_task2,9,33,False
533,libero_goal_task2,10,32,False
533,libero_goal_task2,11,31,False
533,libero_goal_task2,12,30,False
533,libero_goal_task2,13,29,False
533,libero_goal_task2,14,28,False
533,libero_goal_task2,15,27,False
533,libero_goal_task2,16,26,False
533,libero_goal_task2,17,25,False
533,libero_goal_task2,18,24,False
533,libero_goal_task2,19,23,False
533,libero_goal_task2,20,22,False
533,libero_goal_task2,21,21,False
533,libero_goal_task2,22,20,False
533,libero_goal_task2,23,19,False
533,libero_goal_task2,24,18,False
533,libero_goal_task2,25,17,False
533,libero_goal_task2,26,16,False
533,libero_goal_task2,27,15,False
533,libero_goal_task2,28,14,False
533,libero_goal_task2,29,13,False
533,libero_goal_task2,30,12,False
533,libero_goal_task2,31,11,False
533,libero_goal_task2,32,10,False
533,libero_goal_task2,33,9,False
533,libero_goal_task2,34,8,False
533,libero_goal_task2,35,7,False
533,libero_goal_task2,36,6,False
533,libero_goal_task2,37,5,False
533,libero_goal_task2,38,4,False
533,libero_goal_task2,39,3,False
533,libero_goal_task2,40,2,False
533,libero_goal_task2,41,1,False
533,libero_goal_task2,42,66,False
533,libero_goal_task2,43,65,False
533,libero_goal_task2,44,64,False
533,libero_goal_task2,45,63,False
533,libero_goal_task2,46,62,False
533,libero_goal_task2,47,61,False
533,libero_goal_task2,48,60,False
533,libero_goal_task2,49,59,False
533,libero_goal_task2,50,58,False
533,libero_goal_task2,51,57,False
533,libero_goal_task2,52,56,False
533,libero_goal_task2,53,55,False
533,libero_goal_task2,54,54,False
533,libero_goal_task2,55,53,False
533,libero_goal_task2,56,52,False
533,libero_goal_task2,57,51,False
533,libero_goal_task2,58,50,False
533,libero_goal_task2,59,49,False
533,libero_goal_task2,60,48,False
533,libero_goal_task2,61,47,False
533,libero_goal_task2,62,46,False
533,libero_goal_task2,63,45,False
533,libero_goal_task2,64,44,False
533,libero_goal_task2,65,43,False
533,libero_goal_task2,66,42,False
533,libero_goal_task2,67,41,False
533,libero_goal_task2,68,40,False
533,libero_goal_task2,69,39,False
533,libero_goal_task2,70,38,False
533,libero_goal_task2,71,37,False
533,libero_goal_task2,72,36,False
533,libero_goal_task2,73,35,False
533,libero_goal_task2,74,34,False
533,libero_goal_task2,75,33,False
533,libero_goal_task2,76,32,False
533,libero_goal_task2,77,31,False
533,libero_goal_task2,78,30,False
533,libero_goal_task2,79,29,False
533,libero_goal_task2,80,28,False
533,libero_goal_task2,81,27,False
533,libero_goal_task2,82,26,False
533,libero_goal_task2,83,25,False
533,libero_goal_task2,84,24,False
533,libero_goal_task2,85,23,False
533,libero_goal_task2,86,22,False
533,libero_goal_task2,87,21,False
533,libero_goal_task2,88,20,False
533,libero_goal_task2,89,19,False
533,libero_goal_task2,90,18,False
533,libero_goal_task2,91,17,False
533,libero_goal_task2,92,16,False
533,libero_goal_task2,93,15,False
533,libero_goal_task2,94,14,False
533,libero_goal_task2,95,13,False
533,libero_goal_task2,96,12,False
533,libero_goal_task2,97,11,False
533,libero_goal_task2,98,10,False
533,libero_goal_task2,99,9,False
533,libero_goal_task2,100,8,False
533,libero_goal_task2,101,7,False
533,libero_goal_task2,102,6,False
533,libero_goal_task2,103,5,False
533,libero_goal_task2,104,4,False
533,libero_goal_task2,105,3,False
533,libero_goal_task2,106,2,False
533,libero_goal_task2,107,1,False
533,libero_goal_task2,108,,True
533,libero_goal_task2,109,,True
533,libero_goal_task2,110,,True
533,libero_goal_task2,111,,True
533,libero_goal_task2,112,,True
543,libero_goal_task2,0,31,False
543,libero_goal_task2,1,30,False
543,libero_goal_task2,2,29,False
543,libero_goal_task2,3,28,False
543,libero_goal_task2,4,27,False
543,libero_goal_task2,5,26,False
543,libero_goal_task2,6,25,False
543,libero_goal_task2,7,24,False
543,libero_goal_task2,8,23,False
543,libero_goal_task2,9,22,False
543,libero_goal_task2,10,21,False
543,libero_goal_task2,11,20,False
543,libero_goal_task2,12,19,False
543,libero_goal_task2,13,18,False
543,libero_goal_task2,14,17,False
543,libero_goal_task2,15,16,False
543,libero_goal_task2,16,15,False
543,libero_goal_task2,17,14,False
543,libero_goal_task2,18,13,False
543,libero_goal_task2,19,12,False
543,libero_goal_task2,20,11,False
543,libero_goal_task2,21,10,False
543,libero_goal_task2,22,9,False
543,libero_goal_task2,23,8,False
543,libero_goal_task2,24,7,False
543,libero_goal_task2,25,6,False
543,libero_goal_task2,26,5,False
543,libero_goal_task2,27,4,False
543,libero_goal_task2,28,3,False
543,libero_goal_task2,29,2,False
543,libero_goal_task2,30,1,False
543,libero_goal_task2,31,72,False
543,libero_goal_task2,32,71,False
543,libero_goal_task2,33,70,False
543,libero_goal_task2,34,69,False
543,libero_goal_task2,35,68,False
543,libero_goal_task2,36,67,False
543,libero_goal_task2,37,66,False
543,libero_goal_task2,38,65,False
543,libero_goal_task2,39,64,False
543,libero_goal_task2,40,63,False
543,libero_goal_task2,41,62,False
543,libero_goal_task2,42,61,False
543,libero_goal_task2,43,60,False
543,libero_goal_task2,44,59,False
543,libero_goal_task2,45,58,False
543,libero_goal_task2,46,57,False
543,libero_goal_task2,47,56,False
543,libero_goal_task2,48,55,False
543,libero_goal_task2,49,54,False
543,libero_goal_task2,50,53,False
543,libero_goal_task2,51,52,False
543,libero_goal_task2,52,51,False
543,libero_goal_task2,53,50,False
543,libero_goal_task2,54,49,False
543,libero_goal_task2,55,48,False
543,libero_goal_task2,56,47,False
543,libero_goal_task2,57,46,False
543,libero_goal_task2,58,45,False
543,libero_goal_task2,59,44,False
543,libero_goal_task2,60,43,False
543,libero_goal_task2,61,42,False
543,libero_goal_task2,62,41,False
543,libero_goal_task2,63,40,False
543,libero_goal_task2,64,39,False
543,libero_goal_task2,65,38,False
543,libero_goal_task2,66,37,False
543,libero_goal_task2,67,36,False
543,libero_goal_task2,68,35,False
543,libero_goal_task2,69,34,False
543,libero_goal_task2,70,33,False
543,libero_goal_task2,71,32,False
543,libero_goal_task2,72,31,False
543,libero_goal_task2,73,30,False
543,libero_goal_task2,74,29,False
543,libero_goal_task2,75,28,False
543,libero_goal_task2,76,27,False
543,libero_goal_task2,77,26,False
543,libero_goal_task2,78,25,False
543,libero_goal_task2,79,24,False
543,libero_goal_task2,80,23,False
543,libero_goal_task2,81,22,False
543,libero_goal_task2,82,21,False
543,libero_goal_task2,83,20,False
543,libero_goal_task2,84,19,False
543,libero_goal_task2,85,18,False
543,libero_goal_task2,86,17,False
543,libero_goal_task2,87,16,False
543,libero_goal_task2,88,15,False
543,libero_goal_task2,89,14,False
543,libero_goal_task2,90,13,False
543,libero_goal_task2,91,12,False
543,libero_goal_task2,92,11,False
543,libero_goal_task2,93,10,False
543,libero_goal_task2,94,9,False
543,libero_goal_task2,95,8,False
543,libero_goal_task2,96,7,False
543,libero_goal_task2,97,6,False
543,libero_goal_task2,98,5,False
543,libero_goal_task2,99,4,False
543,libero_goal_task2,100,3,False
543,libero_goal_task2,101,2,False
543,libero_goal_task2,102,1,False
543,libero_goal_task2,103,,True
543,libero_goal_task2,104,,True
543,libero_goal_task2,105,,True
543,libero_goal_task2,106,,True
543,libero_goal_task2,107,,True
543,libero_goal_task2,108,,True
543,libero_goal_task2,109,,True
543,libero_goal_task2,110,,True
543,libero_goal_task2,111,,True
543,libero_goal_task2,112,,True
543,libero_goal_task2,113,,True
543,libero_goal_task2,114,,True
543,libero_goal_task2,115,,True
543,libero_goal_task2,116,,True
543,libero_goal_task2,117,,True
543,libero_goal_task2,118,,True
543,libero_goal_task2,119,,True
543,libero_goal_task2,120,,True
543,libero_goal_task2,121,,True
543,libero_goal_task2,122,,True
546,libero_goal_task2,0,28,False
546,libero_goal_task2,1,27,False
546,libero_goal_task2,2,26,False
546,libero_goal_task2,3,25,False
546,libero_goal_task2,4,24,False
546,libero_goal_task2,5,23,False
546,libero_goal_task2,6,22,False
546,libero_goal_task2,7,21,False
546,libero_goal_task2,8,20,False
546,libero_goal_task2,9,19,False
546,libero_goal_task2,10,18,False
546,libero_goal_task2,11,17,False
546,libero_goal_task2,12,16,False
546,libero_goal_task2,13,15,False
546,libero_goal_task2,14,14,False
546,libero_goal_task2,15,13,False
546,libero_goal_task2,16,12,False
546,libero_goal_task2,17,11,False
546,libero_goal_task2,18,10,False
546,libero_goal_task2,19,9,False
546,libero_goal_task2,20,8,False
546,libero_goal_task2,21,7,False
546,libero_goal_task2,22,6,False
546,libero_goal_task2,23,5,False
546,libero_goal_task2,24,4,False
546,libero_goal_task2,25,3,False
546,libero_goal_task2,26,2,False
546,libero_goal_task2,27,1,False
546,libero_goal_task2,28,63,False
546,libero_goal_task2,29,62,False
546,libero_goal_task2,30,61,False
546,libero_goal_task2,31,60,False
546,libero_goal_task2,32,59,False
546,libero_goal_task2,33,58,False
546,libero_goal_task2,34,57,False
546,libero_goal_task2,35,56,False
546,libero_goal_task2,36,55,False
546,libero_goal_task2,37,54,False
546,libero_goal_task2,38,53,False
546,libero_goal_task2,39,52,False
546,libero_goal_task2,40,51,False
546,libero_goal_task2,41,50,False
546,libero_goal_task2,42,49,False
546,libero_goal_task2,43,48,False
546,libero_goal_task2,44,47,False
546,libero_goal_task2,45,46,False
546,libero_goal_task2,46,45,False
546,libero_goal_task2,47,44,False
546,libero_goal_task2,48,43,False
546,libero_goal_task2,49,42,False
546,libero_goal_task2,50,41,False
546,libero_goal_task2,51,40,False
546,libero_goal_task2,52,39,False
546,libero_goal_task2,53,38,False
546,libero_goal_task2,54,37,False
546,libero_goal_task2,55,36,False
546,libero_goal_task2,56,35,False
546,libero_goal_task2,57,34,False
546,libero_goal_task2,58,33,False
546,libero_goal_task2,59,32,False
546,libero_goal_task2,60,31,False
546,libero_goal_task2,61,30,False
546,libero_goal_task2,62,29,False
546,libero_goal_task2,63,28,False
546,libero_goal_task2,64,27,False
546,libero_goal_task2,65,26,False
546,libero_goal_task2,66,25,False
546,libero_goal_task2,67,24,False
546,libero_goal_task2,68,23,False
546,libero_goal_task2,69,22,False
546,libero_goal_task2,70,21,False
546,libero_goal_task2,71,20,False
546,libero_goal_task2,72,19,False
546,libero_goal_task2,73,18,False
546,libero_goal_task2,74,17,False
546,libero_goal_task2,75,16,False
546,libero_goal_task2,76,15,False
546,libero_goal_task2,77,14,False
546,libero_goal_task2,78,13,False
546,libero_goal_task2,79,12,False
546,libero_goal_task2,80,11,False
546,libero_goal_task2,81,10,False
546,libero_goal_task2,82,9,False
546,libero_goal_task2,83,8,False
546,libero_goal_task2,84,7,False
546,libero_goal_task2,85,6,False
546,libero_goal_task2,86,5,False
546,libero_goal_task2,87,4,False
546,libero_goal_task2,88,3,False
546,libero_goal_task2,89,2,False
546,libero_goal_task2,90,1,False
546,libero_goal_task2,91,,True
546,libero_goal_task2,92,,True
546,libero_goal_task2,93,,True
546,libero_goal_task2,94,,True
546,libero_goal_task2,95,,True
546,libero_goal_task2,96,,True
546,libero_goal_task2,97,,True
546,libero_goal_task2,98,,True
546,libero_goal_task2,99,,True
554,libero_goal_task2,0,34,False
554,libero_goal_task2,1,33,False
554,libero_goal_task2,2,32,False
554,libero_goal_task2,3,31,False
554,libero_goal_task2,4,30,False
554,libero_goal_task2,5,29,False
554,libero_goal_task2,6,28,False
554,libero_goal_task2,7,27,False
554,libero_goal_task2,8,26,False
554,libero_goal_task2,9,25,False
554,libero_goal_task2,10,24,False
554,libero_goal_task2,11,23,False
554,libero_goal_task2,12,22,False
554,libero_goal_task2,13,21,False
554,libero_goal_task2,14,20,False
554,libero_goal_task2,15,19,False
554,libero_goal_task2,16,18,False
554,libero_goal_task2,17,17,False
554,libero_goal_task2,18,16,False
554,libero_goal_task2,19,15,False
554,libero_goal_task2,20,14,False
554,libero_goal_task2,21,13,False
554,libero_goal_task2,22,12,False
554,libero_goal_task2,23,11,False
554,libero_goal_task2,24,10,False
554,libero_goal_task2,25,9,False
554,libero_goal_task2,26,8,False
554,libero_goal_task2,27,7,False
554,libero_goal_task2,28,6,False
554,libero_goal_task2,29,5,False
554,libero_goal_task2,30,4,False
554,libero_goal_task2,31,3,False
554,libero_goal_task2,32,2,False
554,libero_goal_task2,33,1,False
554,libero_goal_task2,34,84,False
554,libero_goal_task2,35,83,False
554,libero_goal_task2,36,82,False
554,libero_goal_task2,37,81,False
554,libero_goal_task2,38,80,False
554,libero_goal_task2,39,79,False
554,libero_goal_task2,40,78,False
554,libero_goal_task2,41,77,False
554,libero_goal_task2,42,76,False
554,libero_goal_task2,43,75,False
554,libero_goal_task2,44,74,False
554,libero_goal_task2,45,73,False
554,libero_goal_task2,46,72,False
554,libero_goal_task2,47,71,False
554,libero_goal_task2,48,70,False
554,libero_goal_task2,49,69,False
554,libero_goal_task2,50,68,False
554,libero_goal_task2,51,67,False
554,libero_goal_task2,52,66,False
554,libero_goal_task2,53,65,False
554,libero_goal_task2,54,64,False
554,libero_goal_task2,55,63,False
554,libero_goal_task2,56,62,False
554,libero_goal_task2,57,61,False
554,libero_goal_task2,58,60,False
554,libero_goal_task2,59,59,False
554,libero_goal_task2,60,58,False
554,libero_goal_task2,61,57,False
554,libero_goal_task2,62,56,False
554,libero_goal_task2,63,55,False
554,libero_goal_task2,64,54,False
554,libero_goal_task2,65,53,False
554,libero_goal_task2,66,52,False
554,libero_goal_task2,67,51,False
554,libero_goal_task2,68,50,False
554,libero_goal_task2,69,49,False
554,libero_goal_task2,70,48,False
554,libero_goal_task2,71,47,False
554,libero_goal_task2,72,46,False
554,libero_goal_task2,73,45,False
554,libero_goal_task2,74,44,False
554,libero_goal_task2,75,43,False
554,libero_goal_task2,76,42,False
554,libero_goal_task2,77,41,False
554,libero_goal_task2,78,40,False
554,libero_goal_task2,79,39,False
554,libero_goal_task2,80,38,False
554,libero_goal_task2,81,37,False
554,libero_goal_task2,82,36,False
554,libero_goal_task2,83,35,False
554,libero_goal_task2,84,34,False
554,libero_goal_task2,85,33,False
554,libero_goal_task2,86,32,False
554,libero_goal_task2,87,31,False
554,libero_goal_task2,88,30,False
554,libero_goal_task2,89,29,False
554,libero_goal_task2,90,28,False
554,libero_goal_task2,91,27,False
554,libero_goal_task2,92,26,False
554,libero_goal_task2,93,25,False
554,libero_goal_task2,94,24,False
554,libero_goal_task2,95,23,False
554,libero_goal_task2,96,22,False
554,libero_goal_task2,97,21,False
554,libero_goal_task2,98,20,False
554,libero_goal_task2,99,19,False
554,libero_goal_task2,100,18,False
554,libero_goal_task2,101,17,False
554,libero_goal_task2,102,16,False
554,libero_goal_task2,103,15,False
554,libero_goal_task2,104,14,False
554,libero_goal_task2,105,13,False
554,libero_goal_task2,106,12,False
554,libero_goal_task2,107,11,False
554,libero_goal_task2,108,10,False
554,libero_goal_task2,109,9,False
554,libero_goal_task2,110,8,False
554,libero_goal_task2,111,7,False
554,libero_goal_task2,112,6,False
554,libero_goal_task2,113,5,False
554,libero_goal_task2,114,4,False
554,libero_goal_task2,115,3,False
554,libero_goal_task2,116,2,False
554,libero_goal_task2,117,1,False
554,libero_goal_task2,118,,True
554,libero_goal_task2,119,,True
554,libero_goal_task2,120,,True
554,libero_goal_task2,121,,True
554,libero_goal_task2,122,,True
554,libero_goal_task2,123,,True
554,libero_goal_task2,124,,True
554,libero_goal_task2,125,,True
554,libero_goal_task2,126,,True
555,libero_goal_task2,0,35,False
555,libero_goal_task2,1,34,False
555,libero_goal_task2,2,33,False
555,libero_goal_task2,3,32,False
555,libero_goal_task2,4,31,False
555,libero_goal_task2,5,30,False
555,libero_goal_task2,6,29,False
555,libero_goal_task2,7,28,False
555,libero_goal_task2,8,27,False
555,libero_goal_task2,9,26,False
555,libero_goal_task2,10,25,False
555,libero_goal_task2,11,24,False
555,libero_goal_task2,12,23,False
555,libero_goal_task2,13,22,False
555,libero_goal_task2,14,21,False
555,libero_goal_task2,15,20,False
555,libero_goal_task2,16,19,False
555,libero_goal_task2,17,18,False
555,libero_goal_task2,18,17,False
555,libero_goal_task2,19,16,False
555,libero_goal_task2,20,15,False
555,libero_goal_task2,21,14,False
555,libero_goal_task2,22,13,False
555,libero_goal_task2,23,12,False
555,libero_goal_task2,24,11,False
555,libero_goal_task2,25,10,False
555,libero_goal_task2,26,9,False
555,libero_goal_task2,27,8,False
555,libero_goal_task2,28,7,False
555,libero_goal_task2,29,6,False
555,libero_goal_task2,30,5,False
555,libero_goal_task2,31,4,False
555,libero_goal_task2,32,3,False
555,libero_goal_task2,33,2,False
555,libero_goal_task2,34,1,False
555,libero_goal_task2,35,87,False
555,libero_goal_task2,36,86,False
555,libero_goal_task2,37,85,False
555,libero_goal_task2,38,84,False
555,libero_goal_task2,39,83,False
555,libero_goal_task2,40,82,False
555,libero_goal_task2,41,81,False
555,libero_goal_task2,42,80,False
555,libero_goal_task2,43,79,False
555,libero_goal_task2,44,78,False
555,libero_goal_task2,45,77,False
555,libero_goal_task2,46,76,False
555,libero_goal_task2,47,75,False
555,libero_goal_task2,48,74,False
555,libero_goal_task2,49,73,False
555,libero_goal_task2,50,72,False
555,libero_goal_task2,51,71,False
555,libero_goal_task2,52,70,False
555,libero_goal_task2,53,69,False
555,libero_goal_task2,54,68,False
555,libero_goal_task2,55,67,False
555,libero_goal_task2,56,66,False
555,libero_goal_task2,57,65,False
555,libero_goal_task2,58,64,False
555,libero_goal_task2,59,63,False
555,libero_goal_task2,60,62,False
555,libero_goal_task2,61,61,False
555,libero_goal_task2,62,60,False
555,libero_goal_task2,63,59,False
555,libero_goal_task2,64,58,False
555,libero_goal_task2,65,57,False
555,libero_goal_task2,66,56,False
555,libero_goal_task2,67,55,False
555,libero_goal_task2,68,54,False
555,libero_goal_task2,69,53,False
555,libero_goal_task2,70,52,False
555,libero_goal_task2,71,51,False
555,libero_goal_task2,72,50,False
555,libero_goal_task2,73,49,False
555,libero_goal_task2,74,48,False
555,libero_goal_task2,75,47,False
555,libero_goal_task2,76,46,False
555,libero_goal_task2,77,45,False
555,libero_goal_task2,78,44,False
555,libero_goal_task2,79,43,False
555,libero_goal_task2,80,42,False
555,libero_goal_task2,81,41,False
555,libero_goal_task2,82,40,False
555,libero_goal_task2,83,39,False
555,libero_goal_task2,84,38,False
555,libero_goal_task2,85,37,False
555,libero_goal_task2,86,36,False
555,libero_goal_task2,87,35,False
555,libero_goal_task2,88,34,False
555,libero_goal_task2,89,33,False
555,libero_goal_task2,90,32,False
555,libero_goal_task2,91,31,False
555,libero_goal_task2,92,30,False
555,libero_goal_task2,93,29,False
555,libero_goal_task2,94,28,False
555,libero_goal_task2,95,27,False
555,libero_goal_task2,96,26,False
555,libero_goal_task2,97,25,False
555,libero_goal_task2,98,24,False
555,libero_goal_task2,99,23,False
555,libero_goal_task2,100,22,False
555,libero_goal_task2,101,21,False
555,libero_goal_task2,102,20,False
555,libero_goal_task2,103,19,False
555,libero_goal_task2,104,18,False
555,libero_goal_task2,105,17,False
555,libero_goal_task2,106,16,False
555,libero_goal_task2,107,15,False
555,libero_goal_task2,108,14,False
555,libero_goal_task2,109,13,False
555,libero_goal_task2,110,12,False
555,libero_goal_task2,111,11,False
555,libero_goal_task2,112,10,False
555,libero_goal_task2,113,9,False
555,libero_goal_task2,114,8,False
555,libero_goal_task2,115,7,False
555,libero_goal_task2,116,6,False
555,libero_goal_task2,117,5,False
555,libero_goal_task2,118,4,False
555,libero_goal_task2,119,3,False
555,libero_goal_task2,120,2,False
555,libero_goal_task2,121,1,False
555,libero_goal_task2,122,,True
555,libero_goal_task2,123,,True
555,libero_goal_task2,124,,True
555,libero_goal_task2,125,,True
555,libero_goal_task2,126,,True
555,libero_goal_task2,127,,True
555,libero_goal_task2,128,,True
555,libero_goal_task2,129,,True
556,libero_goal_task2,0,28,False
556,libero_goal_task2,1,27,False
556,libero_goal_task2,2,26,False
556,libero_goal_task2,3,25,False
556,libero_goal_task2,4,24,False
556,libero_goal_task2,5,23,False
556,libero_goal_task2,6,22,False
556,libero_goal_task2,7,21,False
556,libero_goal_task2,8,20,False
556,libero_goal_task2,9,19,False
556,libero_goal_task2,10,18,False
556,libero_goal_task2,11,17,False
556,libero_goal_task2,12,16,False
556,libero_goal_task2,13,15,False
556,libero_goal_task2,14,14,False
556,libero_goal_task2,15,13,False
556,libero_goal_task2,16,12,False
556,libero_goal_task2,17,11,False
556,libero_goal_task2,18,10,False
556,libero_goal_task2,19,9,False
556,libero_goal_task2,20,8,False
556,libero_goal_task2,21,7,False
556,libero_goal_task2,22,6,False
556,libero_goal_task2,23,5,False
556,libero_goal_task2,24,4,False
556,libero_goal_task2,25,3,False
556,libero_goal_task2,26,2,False
556,libero_goal_task2,27,1,False
556,libero_goal_task2,28,56,False
556,libero_goal_task2,29,55,False
556,libero_goal_task2,30,54,False
556,libero_goal_task2,31,53,False
556,libero_goal_task2,32,52,False
556,libero_goal_task2,33,51,False
556,libero_goal_task2,34,50,False
556,libero_goal_task2,35,49,False
556,libero_goal_task2,36,48,False
556,libero_goal_task2,37,47,False
556,libero_goal_task2,38,46,False
556,libero_goal_task2,39,45,False
556,libero_goal_task2,40,44,False
556,libero_goal_task2,41,43,False
556,libero_goal_task2,42,42,False
556,libero_goal_task2,43,41,False
556,libero_goal_task2,44,40,False
556,libero_goal_task2,45,39,False
556,libero_goal_task2,46,38,False
556,libero_goal_task2,47,37,False
556,libero_goal_task2,48,36,False
556,libero_goal_task2,49,35,False
556,libero_goal_task2,50,34,False
556,libero_goal_task2,51,33,False
556,libero_goal_task2,52,32,False
556,libero_goal_task2,53,31,False
556,libero_goal_task2,54,30,False
556,libero_goal_task2,55,29,False
556,libero_goal_task2,56,28,False
556,libero_goal_task2,57,27,False
556,libero_goal_task2,58,26,False
556,libero_goal_task2,59,25,False
556,libero_goal_task2,60,24,False
556,libero_goal_task2,61,23,False
556,libero_goal_task2,62,22,False
556,libero_goal_task2,63,21,False
556,libero_goal_task2,64,20,False
556,libero_goal_task2,65,19,False
556,libero_goal_task2,66,18,False
556,libero_goal_task2,67,17,False
556,libero_goal_task2,68,16,False
556,libero_goal_task2,69,15,False
556,libero_goal_task2,70,14,False
556,libero_goal_task2,71,13,False
556,libero_goal_task2,72,12,False
556,libero_goal_task2,73,11,False
556,libero_goal_task2,74,10,False
556,libero_goal_task2,75,9,False
556,libero_goal_task2,76,8,False
556,libero_goal_task2,77,7,False
556,libero_goal_task2,78,6,False
556,libero_goal_task2,79,5,False
556,libero_goal_task2,80,4,False
556,libero_goal_task2,81,3,False
556,libero_goal_task2,82,2,False
556,libero_goal_task2,83,1,False
556,libero_goal_task2,84,,True
556,libero_goal_task2,85,,True
556,libero_goal_task2,86,,True
556,libero_goal_task2,87,,True
556,libero_goal_task2,88,,True
556,libero_goal_task2,89,,True
556,libero_goal_task2,90,,True
556,libero_goal_task2,91,,True
556,libero_goal_task2,92,,True
574,libero_goal_task2,0,28,False
574,libero_goal_task2,1,27,False
574,libero_goal_task2,2,26,False
574,libero_goal_task2,3,25,False
574,libero_goal_task2,4,24,False
574,libero_goal_task2,5,23,False
574,libero_goal_task2,6,22,False
574,libero_goal_task2,7,21,False
574,libero_goal_task2,8,20,False
574,libero_goal_task2,9,19,False
574,libero_goal_task2,10,18,False
574,libero_goal_task2,11,17,False
574,libero_goal_task2,12,16,False
574,libero_goal_task2,13,15,False
574,libero_goal_task2,14,14,False
574,libero_goal_task2,15,13,False
574,libero_goal_task2,16,12,False
574,libero_goal_task2,17,11,False
574,libero_goal_task2,18,10,False
574,libero_goal_task2,19,9,False
574,libero_goal_task2,20,8,False
574,libero_goal_task2,21,7,False
574,libero_goal_task2,22,6,False
574,libero_goal_task2,23,5,False
574,libero_goal_task2,24,4,False
574,libero_goal_task2,25,3,False
574,libero_goal_task2,26,2,False
574,libero_goal_task2,27,1,False
574,libero_goal_task2,28,65,False
574,libero_goal_task2,29,64,False
574,libero_goal_task2,30,63,False
574,libero_goal_task2,31,62,False
574,libero_goal_task2,32,61,False
574,libero_goal_task2,33,60,False
574,libero_goal_task2,34,59,False
574,libero_goal_task2,35,58,False
574,libero_goal_task2,36,57,False
574,libero_goal_task2,37,56,False
574,libero_goal_task2,38,55,False
574,libero_goal_task2,39,54,False
574,libero_goal_task2,40,53,False
574,libero_goal_task2,41,52,False
574,libero_goal_task2,42,51,False
574,libero_goal_task2,43,50,False
574,libero_goal_task2,44,49,False
574,libero_goal_task2,45,48,False
574,libero_goal_task2,46,47,False
574,libero_goal_task2,47,46,False
574,libero_goal_task2,48,45,False
574,libero_goal_task2,49,44,False
574,libero_goal_task2,50,43,False
574,libero_goal_task2,51,42,False
574,libero_goal_task2,52,41,False
574,libero_goal_task2,53,40,False
574,libero_goal_task2,54,39,False
574,libero_goal_task2,55,38,False
574,libero_goal_task2,56,37,False
574,libero_goal_task2,57,36,False
574,libero_goal_task2,58,35,False
574,libero_goal_task2,59,34,False
574,libero_goal_task2,60,33,False
574,libero_goal_task2,61,32,False
574,libero_goal_task2,62,31,False
574,libero_goal_task2,63,30,False
574,libero_goal_task2,64,29,False
574,libero_goal_task2,65,28,False
574,libero_goal_task2,66,27,False
574,libero_goal_task2,67,26,False
574,libero_goal_task2,68,25,False
574,libero_goal_task2,69,24,False
574,libero_goal_task2,70,23,False
574,libero_goal_task2,71,22,False
574,libero_goal_task2,72,21,False
574,libero_goal_task2,73,20,False
574,libero_goal_task2,74,19,False
574,libero_goal_task2,75,18,False
574,libero_goal_task2,76,17,False
574,libero_goal_task2,77,16,False
574,libero_goal_task2,78,15,False
574,libero_goal_task2,79,14,False
574,libero_goal_task2,80,13,False
574,libero_goal_task2,81,12,False
574,libero_goal_task2,82,11,False
574,libero_goal_task2,83,10,False
574,libero_goal_task2,84,9,False
574,libero_goal_task2,85,8,False
574,libero_goal_task2,86,7,False
574,libero_goal_task2,87,6,False
574,libero_goal_task2,88,5,False
574,libero_goal_task2,89,4,False
574,libero_goal_task2,90,3,False
574,libero_goal_task2,91,2,False
574,libero_goal_task2,92,1,False
574,libero_goal_task2,93,,True
574,libero_goal_task2,94,,True
574,libero_goal_task2,95,,True
574,libero_goal_task2,96,,True
574,libero_goal_task2,97,,True
574,libero_goal_task2,98,,True
574,libero_goal_task2,99,,True
574,libero_goal_task2,100,,True
574,libero_goal_task2,101,,True
574,libero_goal_task2,102,,True
574,libero_goal_task2,103,,True
588,libero_goal_task2,0,31,False
588,libero_goal_task2,1,30,False
588,libero_goal_task2,2,29,False
588,libero_goal_task2,3,28,False
588,libero_goal_task2,4,27,False
588,libero_goal_task2,5,26,False
588,libero_goal_task2,6,25,False
588,libero_goal_task2,7,24,False
588,libero_goal_task2,8,23,False
588,libero_goal_task2,9,22,False
588,libero_goal_task2,10,21,False
588,libero_goal_task2,11,20,False
588,libero_goal_task2,12,19,False
588,libero_goal_task2,13,18,False
588,libero_goal_task2,14,17,False
588,libero_goal_task2,15,16,False
588,libero_goal_task2,16,15,False
588,libero_goal_task2,17,14,False
588,libero_goal_task2,18,13,False
588,libero_goal_task2,19,12,False
588,libero_goal_task2,20,11,False
588,libero_goal_task2,21,10,False
588,libero_goal_task2,22,9,False
588,libero_goal_task2,23,8,False
588,libero_goal_task2,24,7,False
588,libero_goal_task2,25,6,False
588,libero_goal_task2,26,5,False
588,libero_goal_task2,27,4,False
588,libero_goal_task2,28,3,False
588,libero_goal_task2,29,2,False
588,libero_goal_task2,30,1,False
588,libero_goal_task2,31,52,False
588,libero_goal_task2,32,51,False
588,libero_goal_task2,33,50,False
588,libero_goal_task2,34,49,False
588,libero_goal_task2,35,48,False
588,libero_goal_task2,36,47,False
588,libero_goal_task2,37,46,False
588,libero_goal_task2,38,45,False
588,libero_goal_task2,39,44,False
588,libero_goal_task2,40,43,False
588,libero_goal_task2,41,42,False
588,libero_goal_task2,42,41,False
588,libero_goal_task2,43,40,False
588,libero_goal_task2,44,39,False
588,libero_goal_task2,45,38,False
588,libero_goal_task2,46,37,False
588,libero_goal_task2,47,36,False
588,libero_goal_task2,48,35,False
588,libero_goal_task2,49,34,False
588,libero_goal_task2,50,33,False
588,libero_goal_task2,51,32,False
588,libero_goal_task2,52,31,False
588,libero_goal_task2,53,30,False
588,libero_goal_task2,54,29,False
588,libero_goal_task2,55,28,False
588,libero_goal_task2,56,27,False
588,libero_goal_task2,57,26,False
588,libero_goal_task2,58,25,False
588,libero_goal_task2,59,24,False
588,libero_goal_task2,60,23,False
588,libero_goal_task2,61,22,False
588,libero_goal_task2,62,21,False
588,libero_goal_task2,63,20,False
588,libero_goal_task2,64,19,False
588,libero_goal_task2,65,18,False
588,libero_goal_task2,66,17,False
588,libero_goal_task2,67,16,False
588,libero_goal_task2,68,15,False
588,libero_goal_task2,69,14,False
588,libero_goal_task2,70,13,False
588,libero_goal_task2,71,12,False
588,libero_goal_task2,72,11,False
588,libero_goal_task2,73,10,False
588,libero_goal_task2,74,9,False
588,libero_goal_task2,75,8,False
588,libero_goal_task2,76,7,False
588,libero_goal_task2,77,6,False
588,libero_goal_task2,78,5,False
588,libero_goal_task2,79,4,False
588,libero_goal_task2,80,3,False
588,libero_goal_task2,81,2,False
588,libero_goal_task2,82,1,False
588,libero_goal_task2,83,,True
588,libero_goal_task2,84,,True
588,libero_goal_task2,85,,True
588,libero_goal_task2,86,,True
588,libero_goal_task2,87,,True
588,libero_goal_task2,88,,True
588,libero_goal_task2,89,,True
588,libero_goal_task2,90,,True
588,libero_goal_task2,91,,True
591,libero_goal_task2,0,50,False
591,libero_goal_task2,1,49,False
591,libero_goal_task2,2,48,False
591,libero_goal_task2,3,47,False
591,libero_goal_task2,4,46,False
591,libero_goal_task2,5,45,False
591,libero_goal_task2,6,44,False
591,libero_goal_task2,7,43,False
591,libero_goal_task2,8,42,False
591,libero_goal_task2,9,41,False
591,libero_goal_task2,10,40,False
591,libero_goal_task2,11,39,False
591,libero_goal_task2,12,38,False
591,libero_goal_task2,13,37,False
591,libero_goal_task2,14,36,False
591,libero_goal_task2,15,35,False
591,libero_goal_task2,16,34,False
591,libero_goal_task2,17,33,False
591,libero_goal_task2,18,32,False
591,libero_goal_task2,19,31,False
591,libero_goal_task2,20,30,False
591,libero_goal_task2,21,29,False
591,libero_goal_task2,22,28,False
591,libero_goal_task2,23,27,False
591,libero_goal_task2,24,26,False
591,libero_goal_task2,25,25,False
591,libero_goal_task2,26,24,False
591,libero_goal_task2,27,23,False
591,libero_goal_task2,28,22,False
591,libero_goal_task2,29,21,False
591,libero_goal_task2,30,20,False
591,libero_goal_task2,31,19,False
591,libero_goal_task2,32,18,False
591,libero_goal_task2,33,17,False
591,libero_goal_task2,34,16,False
591,libero_goal_task2,35,15,False
591,libero_goal_task2,36,14,False
591,libero_goal_task2,37,13,False
591,libero_goal_task2,38,12,False
591,libero_goal_task2,39,11,False
591,libero_goal_task2,40,10,False
591,libero_goal_task2,41,9,False
591,libero_goal_task2,42,8,False
591,libero_goal_task2,43,7,False
591,libero_goal_task2,44,6,False
591,libero_goal_task2,45,5,False
591,libero_goal_task2,46,4,False
591,libero_goal_task2,47,3,False
591,libero_goal_task2,48,2,False
591,libero_goal_task2,49,1,False
591,libero_goal_task2,50,63,False
591,libero_goal_task2,51,62,False
591,libero_goal_task2,52,61,False
591,libero_goal_task2,53,60,False
591,libero_goal_task2,54,59,False
591,libero_goal_task2,55,58,False
591,libero_goal_task2,56,57,False
591,libero_goal_task2,57,56,False
591,libero_goal_task2,58,55,False
591,libero_goal_task2,59,54,False
591,libero_goal_task2,60,53,False
591,libero_goal_task2,61,52,False
591,libero_goal_task2,62,51,False
591,libero_goal_task2,63,50,False
591,libero_goal_task2,64,49,False
591,libero_goal_task2,65,48,False
591,libero_goal_task2,66,47,False
591,libero_goal_task2,67,46,False
591,libero_goal_task2,68,45,False
591,libero_goal_task2,69,44,False
591,libero_goal_task2,70,43,False
591,libero_goal_task2,71,42,False
591,libero_goal_task2,72,41,False
591,libero_goal_task2,73,40,False
591,libero_goal_task2,74,39,False
591,libero_goal_task2,75,38,False
591,libero_goal_task2,76,37,False
591,libero_goal_task2,77,36,False
591,libero_goal_task2,78,35,False
591,libero_goal_task2,79,34,False
591,libero_goal_task2,80,33,False
591,libero_goal_task2,81,32,False
591,libero_goal_task2,82,31,False
591,libero_goal_task2,83,30,False
591,libero_goal_task2,84,29,False
591,libero_goal_task2,85,28,False
591,libero_goal_task2,86,27,False
591,libero_goal_task2,87,26,False
591,libero_goal_task2,88,25,False
591,libero_goal_task2,89,24,False
591,libero_goal_task2,90,23,False
591,libero_goal_task2,91,22,False
591,libero_goal_task2,92,21,False
591,libero_goal_task2,93,20,False
591,libero_goal_task2,94,19,False
591,libero_goal_task2,95,18,False
591,libero_goal_task2,96,17,False
591,libero_goal_task2,97,16,False
591,libero_goal_task2,98,15,False
591,libero_goal_task2,99,14,False
591,libero_goal_task2,100,13,False
591,libero_goal_task2,101,12,False
591,libero_goal_task2,102,11,False
591,libero_goal_task2,103,10,False
591,libero_goal_task2,104,9,False
591,libero_goal_task2,105,8,False
591,libero_goal_task2,106,7,False
591,libero_goal_task2,107,6,False
591,libero_goal_task2,108,5,False
591,libero_goal_task2,109,4,False
591,libero_goal_task2,110,3,False
591,libero_goal_task2,111,2,False
591,libero_goal_task2,112,1,False
591,libero_goal_task2,113,,True
591,libero_goal_task2,114,,True
591,libero_goal_task2,115,,True
591,libero_goal_task2,116,,True
591,libero_goal_task2,117,,True
591,libero_goal_task2,118,,True
591,libero_goal_task2,119,,True
591,libero_goal_task2,120,,True
591,libero_goal_task2,121,,True
591,libero_goal_task2,122,,True
591,libero_goal_task2,123,,True
591,libero_goal_task2,124,,True
591,libero_goal_task2,125,,True
591,libero_goal_task2,126,,True
591,libero_goal_task2,127,,True
592,libero_goal_task2,0,33,False
592,libero_goal_task2,1,32,False
592,libero_goal_task2,2,31,False
592,libero_goal_task2,3,30,False
592,libero_goal_task2,4,29,False
592,libero_goal_task2,5,28,False
592,libero_goal_task2,6,27,False
592,libero_goal_task2,7,26,False
592,libero_goal_task2,8,25,False
592,libero_goal_task2,9,24,False
592,libero_goal_task2,10,23,False
592,libero_goal_task2,11,22,False
592,libero_goal_task2,12,21,False
592,libero_goal_task2,13,20,False
592,libero_goal_task2,14,19,False
592,libero_goal_task2,15,18,False
592,libero_goal_task2,16,17,False
592,libero_goal_task2,17,16,False
592,libero_goal_task2,18,15,False
592,libero_goal_task2,19,14,False
592,libero_goal_task2,20,13,False
592,libero_goal_task2,21,12,False
592,libero_goal_task2,22,11,False
592,libero_goal_task2,23,10,False
592,libero_goal_task2,24,9,False
592,libero_goal_task2,25,8,False
592,libero_goal_task2,26,7,False
592,libero_goal_task2,27,6,False
592,libero_goal_task2,28,5,False
592,libero_goal_task2,29,4,False
592,libero_goal_task2,30,3,False
592,libero_goal_task2,31,2,False
592,libero_goal_task2,32,1,False
592,libero_goal_task2,33,59,False
592,libero_goal_task2,34,58,False
592,libero_goal_task2,35,57,False
592,libero_goal_task2,36,56,False
592,libero_goal_task2,37,55,False
592,libero_goal_task2,38,54,False
592,libero_goal_task2,39,53,False
592,libero_goal_task2,40,52,False
592,libero_goal_task2,41,51,False
592,libero_goal_task2,42,50,False
592,libero_goal_task2,43,49,False
592,libero_goal_task2,44,48,False
592,libero_goal_task2,45,47,False
592,libero_goal_task2,46,46,False
592,libero_goal_task2,47,45,False
592,libero_goal_task2,48,44,False
592,libero_goal_task2,49,43,False
592,libero_goal_task2,50,42,False
592,libero_goal_task2,51,41,False
592,libero_goal_task2,52,40,False
592,libero_goal_task2,53,39,False
592,libero_goal_task2,54,38,False
592,libero_goal_task2,55,37,False
592,libero_goal_task2,56,36,False
592,libero_goal_task2,57,35,False
592,libero_goal_task2,58,34,False
592,libero_goal_task2,59,33,False
592,libero_goal_task2,60,32,False
592,libero_goal_task2,61,31,False
592,libero_goal_task2,62,30,False
592,libero_goal_task2,63,29,False
592,libero_goal_task2,64,28,False
592,libero_goal_task2,65,27,False
592,libero_goal_task2,66,26,False
592,libero_goal_task2,67,25,False
592,libero_goal_task2,68,24,False
592,libero_goal_task2,69,23,False
592,libero_goal_task2,70,22,False
592,libero_goal_task2,71,21,False
592,libero_goal_task2,72,20,False
592,libero_goal_task2,73,19,False
592,libero_goal_task2,74,18,False
592,libero_goal_task2,75,17,False
592,libero_goal_task2,76,16,False
592,libero_goal_task2,77,15,False
592,libero_goal_task2,78,14,False
592,libero_goal_task2,79,13,False
592,libero_goal_task2,80,12,False
592,libero_goal_task2,81,11,False
592,libero_goal_task2,82,10,False
592,libero_goal_task2,83,9,False
592,libero_goal_task2,84,8,False
592,libero_goal_task2,85,7,False
592,libero_goal_task2,86,6,False
592,libero_goal_task2,87,5,False
592,libero_goal_task2,88,4,False
592,libero_goal_task2,89,3,False
592,libero_goal_task2,90,2,False
592,libero_goal_task2,91,1,False
592,libero_goal_task2,92,,True
592,libero_goal_task2,93,,True
592,libero_goal_task2,94,,True
592,libero_goal_task2,95,,True
592,libero_goal_task2,96,,True
592,libero_goal_task2,97,,True
592,libero_goal_task2,98,,True
592,libero_goal_task2,99,,True
596,libero_goal_task2,0,29,False
596,libero_goal_task2,1,28,False
596,libero_goal_task2,2,27,False
596,libero_goal_task2,3,26,False
596,libero_goal_task2,4,25,False
596,libero_goal_task2,5,24,False
596,libero_goal_task2,6,23,False
596,libero_goal_task2,7,22,False
596,libero_goal_task2,8,21,False
596,libero_goal_task2,9,20,False
596,libero_goal_task2,10,19,False
596,libero_goal_task2,11,18,False
596,libero_goal_task2,12,17,False
596,libero_goal_task2,13,16,False
596,libero_goal_task2,14,15,False
596,libero_goal_task2,15,14,False
596,libero_goal_task2,16,13,False
596,libero_goal_task2,17,12,False
596,libero_goal_task2,18,11,False
596,libero_goal_task2,19,10,False
596,libero_goal_task2,20,9,False
596,libero_goal_task2,21,8,False
596,libero_goal_task2,22,7,False
596,libero_goal_task2,23,6,False
596,libero_goal_task2,24,5,False
596,libero_goal_task2,25,4,False
596,libero_goal_task2,26,3,False
596,libero_goal_task2,27,2,False
596,libero_goal_task2,28,1,False
596,libero_goal_task2,29,62,False
596,libero_goal_task2,30,61,False
596,libero_goal_task2,31,60,False
596,libero_goal_task2,32,59,False
596,libero_goal_task2,33,58,False
596,libero_goal_task2,34,57,False
596,libero_goal_task2,35,56,False
596,libero_goal_task2,36,55,False
596,libero_goal_task2,37,54,False
596,libero_goal_task2,38,53,False
596,libero_goal_task2,39,52,False
596,libero_goal_task2,40,51,False
596,libero_goal_task2,41,50,False
596,libero_goal_task2,42,49,False
596,libero_goal_task2,43,48,False
596,libero_goal_task2,44,47,False
596,libero_goal_task2,45,46,False
596,libero_goal_task2,46,45,False
596,libero_goal_task2,47,44,False
596,libero_goal_task2,48,43,False
596,libero_goal_task2,49,42,False
596,libero_goal_task2,50,41,False
596,libero_goal_task2,51,40,False
596,libero_goal_task2,52,39,False
596,libero_goal_task2,53,38,False
596,libero_goal_task2,54,37,False
596,libero_goal_task2,55,36,False
596,libero_goal_task2,56,35,False
596,libero_goal_task2,57,34,False
596,libero_goal_task2,58,33,False
596,libero_goal_task2,59,32,False
596,libero_goal_task2,60,31,False
596,libero_goal_task2,61,30,False
596,libero_goal_task2,62,29,False
596,libero_goal_task2,63,28,False
596,libero_goal_task2,64,27,False
596,libero_goal_task2,65,26,False
596,libero_goal_task2,66,25,False
596,libero_goal_task2,67,24,False
596,libero_goal_task2,68,23,False
596,libero_goal_task2,69,22,False
596,libero_goal_task2,70,21,False
596,libero_goal_task2,71,20,False
596,libero_goal_task2,72,19,False
596,libero_goal_task2,73,18,False
596,libero_goal_task2,74,17,False
596,libero_goal_task2,75,16,False
596,libero_goal_task2,76,15,False
596,libero_goal_task2,77,14,False
596,libero_goal_task2,78,13,False
596,libero_goal_task2,79,12,False
596,libero_goal_task2,80,11,False
596,libero_goal_task2,81,10,False
596,libero_goal_task2,82,9,False
596,libero_goal_task2,83,8,False
596,libero_goal_task2,84,7,False
596,libero_goal_task2,85,6,False
596,libero_goal_task2,86,5,False
596,libero_goal_task2,87,4,False
596,libero_goal_task2,88,3,False
596,libero_goal_task2,89,2,False
596,libero_goal_task2,90,1,False
596,libero_goal_task2,91,,True
596,libero_goal_task2,92,,True
596,libero_goal_task2,93,,True
596,libero_goal_task2,94,,True
596,libero_goal_task2,95,,True
596,libero_goal_task2,96,,True
596,libero_goal_task2,97,,True
596,libero_goal_task2,98,,True
596,libero_goal_task2,99,,True
619,libero_goal_task2,0,36,False
619,libero_goal_task2,1,35,False
619,libero_goal_task2,2,34,False
619,libero_goal_task2,3,33,False
619,libero_goal_task2,4,32,False
619,libero_goal_task2,5,31,False
619,libero_goal_task2,6,30,False
619,libero_goal_task2,7,29,False
619,libero_goal_task2,8,28,False
619,libero_goal_task2,9,27,False
619,libero_goal_task2,10,26,False
619,libero_goal_task2,11,25,False
619,libero_goal_task2,12,24,False
619,libero_goal_task2,13,23,False
619,libero_goal_task2,14,22,False
619,libero_goal_task2,15,21,False
619,libero_goal_task2,16,20,False
619,libero_goal_task2,17,19,False
619,libero_goal_task2,18,18,False
619,libero_goal_task2,19,17,False
619,libero_goal_task2,20,16,False
619,libero_goal_task2,21,15,False
619,libero_goal_task2,22,14,False
619,libero_goal_task2,23,13,False
619,libero_goal_task2,24,12,False
619,libero_goal_task2,25,11,False
619,libero_goal_task2,26,10,False
619,libero_goal_task2,27,9,False
619,libero_goal_task2,28,8,False
619,libero_goal_task2,29,7,False
619,libero_goal_task2,30,6,False
619,libero_goal_task2,31,5,False
619,libero_goal_task2,32,4,False
619,libero_goal_task2,33,3,False
619,libero_goal_task2,34,2,False
619,libero_goal_task2,35,1,False
619,libero_goal_task2,36,60,False
619,libero_goal_task2,37,59,False
619,libero_goal_task2,38,58,False
619,libero_goal_task2,39,57,False
619,libero_goal_task2,40,56,False
619,libero_goal_task2,41,55,False
619,libero_goal_task2,42,54,False
619,libero_goal_task2,43,53,False
619,libero_goal_task2,44,52,False
619,libero_goal_task2,45,51,False
619,libero_goal_task2,46,50,False
619,libero_goal_task2,47,49,False
619,libero_goal_task2,48,48,False
619,libero_goal_task2,49,47,False
619,libero_goal_task2,50,46,False
619,libero_goal_task2,51,45,False
619,libero_goal_task2,52,44,False
619,libero_goal_task2,53,43,False
619,libero_goal_task2,54,42,False
619,libero_goal_task2,55,41,False
619,libero_goal_task2,56,40,False
619,libero_goal_task2,57,39,False
619,libero_goal_task2,58,38,False
619,libero_goal_task2,59,37,False
619,libero_goal_task2,60,36,False
619,libero_goal_task2,61,35,False
619,libero_goal_task2,62,34,False
619,libero_goal_task2,63,33,False
619,libero_goal_task2,64,32,False
619,libero_goal_task2,65,31,False
619,libero_goal_task2,66,30,False
619,libero_goal_task2,67,29,False
619,libero_goal_task2,68,28,False
619,libero_goal_task2,69,27,False
619,libero_goal_task2,70,26,False
619,libero_goal_task2,71,25,False
619,libero_goal_task2,72,24,False
619,libero_goal_task2,73,23,False
619,libero_goal_task2,74,22,False
619,libero_goal_task2,75,21,False
619,libero_goal_task2,76,20,False
619,libero_goal_task2,77,19,False
619,libero_goal_task2,78,18,False
619,libero_goal_task2,79,17,False
619,libero_goal_task2,80,16,False
619,libero_goal_task2,81,15,False
619,libero_goal_task2,82,14,False
619,libero_goal_task2,83,13,False
619,libero_goal_task2,84,12,False
619,libero_goal_task2,85,11,False
619,libero_goal_task2,86,10,False
619,libero_goal_task2,87,9,False
619,libero_goal_task2,88,8,False
619,libero_goal_task2,89,7,False
619,libero_goal_task2,90,6,False
619,libero_goal_task2,91,5,False
619,libero_goal_task2,92,4,False
619,libero_goal_task2,93,3,False
619,libero_goal_task2,94,2,False
619,libero_goal_task2,95,1,False
619,libero_goal_task2,96,,True
619,libero_goal_task2,97,,True
619,libero_goal_task2,98,,True
619,libero_goal_task2,99,,True
619,libero_goal_task2,100,,True
619,libero_goal_task2,101,,True
619,libero_goal_task2,102,,True
619,libero_goal_task2,103,,True
635,libero_goal_task2,0,49,False
635,libero_goal_task2,1,48,False
635,libero_goal_task2,2,47,False
635,libero_goal_task2,3,46,False
635,libero_goal_task2,4,45,False
635,libero_goal_task2,5,44,False
635,libero_goal_task2,6,43,False
635,libero_goal_task2,7,42,False
635,libero_goal_task2,8,41,False
635,libero_goal_task2,9,40,False
635,libero_goal_task2,10,39,False
635,libero_goal_task2,11,38,False
635,libero_goal_task2,12,37,False
635,libero_goal_task2,13,36,False
635,libero_goal_task2,14,35,False
635,libero_goal_task2,15,34,False
635,libero_goal_task2,16,33,False
635,libero_goal_task2,17,32,False
635,libero_goal_task2,18,31,False
635,libero_goal_task2,19,30,False
635,libero_goal_task2,20,29,False
635,libero_goal_task2,21,28,False
635,libero_goal_task2,22,27,False
635,libero_goal_task2,23,26,False
635,libero_goal_task2,24,25,False
635,libero_goal_task2,25,24,False
635,libero_goal_task2,26,23,False
635,libero_goal_task2,27,22,False
635,libero_goal_task2,28,21,False
635,libero_goal_task2,29,20,False
635,libero_goal_task2,30,19,False
635,libero_goal_task2,31,18,False
635,libero_goal_task2,32,17,False
635,libero_goal_task2,33,16,False
635,libero_goal_task2,34,15,False
635,libero_goal_task2,35,14,False
635,libero_goal_task2,36,13,False
635,libero_goal_task2,37,12,False
635,libero_goal_task2,38,11,False
635,libero_goal_task2,39,10,False
635,libero_goal_task2,40,9,False
635,libero_goal_task2,41,8,False
635,libero_goal_task2,42,7,False
635,libero_goal_task2,43,6,False
635,libero_goal_task2,44,5,False
635,libero_goal_task2,45,4,False
635,libero_goal_task2,46,3,False
635,libero_goal_task2,47,2,False
635,libero_goal_task2,48,1,False
635,libero_goal_task2,49,61,False
635,libero_goal_task2,50,60,False
635,libero_goal_task2,51,59,False
635,libero_goal_task2,52,58,False
635,libero_goal_task2,53,57,False
635,libero_goal_task2,54,56,False
635,libero_goal_task2,55,55,False
635,libero_goal_task2,56,54,False
635,libero_goal_task2,57,53,False
635,libero_goal_task2,58,52,False
635,libero_goal_task2,59,51,False
635,libero_goal_task2,60,50,False
635,libero_goal_task2,61,49,False
635,libero_goal_task2,62,48,False
635,libero_goal_task2,63,47,False
635,libero_goal_task2,64,46,False
635,libero_goal_task2,65,45,False
635,libero_goal_task2,66,44,False
635,libero_goal_task2,67,43,False
635,libero_goal_task2,68,42,False
635,libero_goal_task2,69,41,False
635,libero_goal_task2,70,40,False
635,libero_goal_task2,71,39,False
635,libero_goal_task2,72,38,False
635,libero_goal_task2,73,37,False
635,libero_goal_task2,74,36,False
635,libero_goal_task2,75,35,False
635,libero_goal_task2,76,34,False
635,libero_goal_task2,77,33,False
635,libero_goal_task2,78,32,False
635,libero_goal_task2,79,31,False
635,libero_goal_task2,80,30,False
635,libero_goal_task2,81,29,False
635,libero_goal_task2,82,28,False
635,libero_goal_task2,83,27,False
635,libero_goal_task2,84,26,False
635,libero_goal_task2,85,25,False
635,libero_goal_task2,86,24,False
635,libero_goal_task2,87,23,False
635,libero_goal_task2,88,22,False
635,libero_goal_task2,89,21,False
635,libero_goal_task2,90,20,False
635,libero_goal_task2,91,19,False
635,libero_goal_task2,92,18,False
635,libero_goal_task2,93,17,False
635,libero_goal_task2,94,16,False
635,libero_goal_task2,95,15,False
635,libero_goal_task2,96,14,False
635,libero_goal_task2,97,13,False
635,libero_goal_task2,98,12,False
635,libero_goal_task2,99,11,False
635,libero_goal_task2,100,10,False
635,libero_goal_task2,101,9,False
635,libero_goal_task2,102,8,False
635,libero_goal_task2,103,7,False
635,libero_goal_task2,104,6,False
635,libero_goal_task2,105,5,False
635,libero_goal_task2,106,4,False
635,libero_goal_task2,107,3,False
635,libero_goal_task2,108,2,False
635,libero_goal_task2,109,1,False
635,libero_goal_task2,110,,True
635,libero_goal_task2,111,,True
635,libero_goal_task2,112,,True
635,libero_goal_task2,113,,True
635,libero_goal_task2,114,,True
635,libero_goal_task2,115,,True
635,libero_goal_task2,116,,True
635,libero_goal_task2,117,,True
635,libero_goal_task2,118,,True
635,libero_goal_task2,119,,True
645,libero_goal_task2,0,24,False
645,libero_goal_task2,1,23,False
645,libero_goal_task2,2,22,False
645,libero_goal_task2,3,21,False
645,libero_goal_task2,4,20,False
645,libero_goal_task2,5,19,False
645,libero_goal_task2,6,18,False
645,libero_goal_task2,7,17,False
645,libero_goal_task2,8,16,False
645,libero_goal_task2,9,15,False
645,libero_goal_task2,10,14,False
645,libero_goal_task2,11,13,False
645,libero_goal_task2,12,12,False
645,libero_goal_task2,13,11,False
645,libero_goal_task2,14,10,False
645,libero_goal_task2,15,9,False
645,libero_goal_task2,16,8,False
645,libero_goal_task2,17,7,False
645,libero_goal_task2,18,6,False
645,libero_goal_task2,19,5,False
645,libero_goal_task2,20,4,False
645,libero_goal_task2,21,3,False
645,libero_goal_task2,22,2,False
645,libero_goal_task2,23,1,False
645,libero_goal_task2,24,56,False
645,libero_goal_task2,25,55,False
645,libero_goal_task2,26,54,False
645,libero_goal_task2,27,53,False
645,libero_goal_task2,28,52,False
645,libero_goal_task2,29,51,False
645,libero_goal_task2,30,50,False
645,libero_goal_task2,31,49,False
645,libero_goal_task2,32,48,False
645,libero_goal_task2,33,47,False
645,libero_goal_task2,34,46,False
645,libero_goal_task2,35,45,False
645,libero_goal_task2,36,44,False
645,libero_goal_task2,37,43,False
645,libero_goal_task2,38,42,False
645,libero_goal_task2,39,41,False
645,libero_goal_task2,40,40,False
645,libero_goal_task2,41,39,False
645,libero_goal_task2,42,38,False
645,libero_goal_task2,43,37,False
645,libero_goal_task2,44,36,False
645,libero_goal_task2,45,35,False
645,libero_goal_task2,46,34,False
645,libero_goal_task2,47,33,False
645,libero_goal_task2,48,32,False
645,libero_goal_task2,49,31,False
645,libero_goal_task2,50,30,False
645,libero_goal_task2,51,29,False
645,libero_goal_task2,52,28,False
645,libero_goal_task2,53,27,False
645,libero_goal_task2,54,26,False
645,libero_goal_task2,55,25,False
645,libero_goal_task2,56,24,False
645,libero_goal_task2,57,23,False
645,libero_goal_task2,58,22,False
645,libero_goal_task2,59,21,False
645,libero_goal_task2,60,20,False
645,libero_goal_task2,61,19,False
645,libero_goal_task2,62,18,False
645,libero_goal_task2,63,17,False
645,libero_goal_task2,64,16,False
645,libero_goal_task2,65,15,False
645,libero_goal_task2,66,14,False
645,libero_goal_task2,67,13,False
645,libero_goal_task2,68,12,False
645,libero_goal_task2,69,11,False
645,libero_goal_task2,70,10,False
645,libero_goal_task2,71,9,False
645,libero_goal_task2,72,8,False
645,libero_goal_task2,73,7,False
645,libero_goal_task2,74,6,False
645,libero_goal_task2,75,5,False
645,libero_goal_task2,76,4,False
645,libero_goal_task2,77,3,False
645,libero_goal_task2,78,2,False
645,libero_goal_task2,79,1,False
645,libero_goal_task2,80,,True
645,libero_goal_task2,81,,True
645,libero_goal_task2,82,,True
645,libero_goal_task2,83,,True
645,libero_goal_task2,84,,True
645,libero_goal_task2,85,,True
645,libero_goal_task2,86,,True
645,libero_goal_task2,87,,True
645,libero_goal_task2,88,,True
645,libero_goal_task2,89,,True
648,libero_goal_task2,0,47,False
648,libero_goal_task2,1,46,False
648,libero_goal_task2,2,45,False
648,libero_goal_task2,3,44,False
648,libero_goal_task2,4,43,False
648,libero_goal_task2,5,42,False
648,libero_goal_task2,6,41,False
648,libero_goal_task2,7,40,False
648,libero_goal_task2,8,39,False
648,libero_goal_task2,9,38,False
648,libero_goal_task2,10,37,False
648,libero_goal_task2,11,36,False
648,libero_goal_task2,12,35,False
648,libero_goal_task2,13,34,False
648,libero_goal_task2,14,33,False
648,libero_goal_task2,15,32,False
648,libero_goal_task2,16,31,False
648,libero_goal_task2,17,30,False
648,libero_goal_task2,18,29,False
648,libero_goal_task2,19,28,False
648,libero_goal_task2,20,27,False
648,libero_goal_task2,21,26,False
648,libero_goal_task2,22,25,False
648,libero_goal_task2,23,24,False
648,libero_goal_task2,24,23,False
648,libero_goal_task2,25,22,False
648,libero_goal_task2,26,21,False
648,libero_goal_task2,27,20,False
648,libero_goal_task2,28,19,False
648,libero_goal_task2,29,18,False
648,libero_goal_task2,30,17,False
648,libero_goal_task2,31,16,False
648,libero_goal_task2,32,15,False
648,libero_goal_task2,33,14,False
648,libero_goal_task2,34,13,False
648,libero_goal_task2,35,12,False
648,libero_goal_task2,36,11,False
648,libero_goal_task2,37,10,False
648,libero_goal_task2,38,9,False
648,libero_goal_task2,39,8,False
648,libero_goal_task2,40,7,False
648,libero_goal_task2,41,6,False
648,libero_goal_task2,42,5,False
648,libero_goal_task2,43,4,False
648,libero_goal_task2,44,3,False
648,libero_goal_task2,45,2,False
648,libero_goal_task2,46,1,False
648,libero_goal_task2,47,73,False
648,libero_goal_task2,48,72,False
648,libero_goal_task2,49,71,False
648,libero_goal_task2,50,70,False
648,libero_goal_task2,51,69,False
648,libero_goal_task2,52,68,False
648,libero_goal_task2,53,67,False
648,libero_goal_task2,54,66,False
648,libero_goal_task2,55,65,False
648,libero_goal_task2,56,64,False
648,libero_goal_task2,57,63,False
648,libero_goal_task2,58,62,False
648,libero_goal_task2,59,61,False
648,libero_goal_task2,60,60,False
648,libero_goal_task2,61,59,False
648,libero_goal_task2,62,58,False
648,libero_goal_task2,63,57,False
648,libero_goal_task2,64,56,False
648,libero_goal_task2,65,55,False
648,libero_goal_task2,66,54,False
648,libero_goal_task2,67,53,False
648,libero_goal_task2,68,52,False
648,libero_goal_task2,69,51,False
648,libero_goal_task2,70,50,False
648,libero_goal_task2,71,49,False
648,libero_goal_task2,72,48,False
648,libero_goal_task2,73,47,False
648,libero_goal_task2,74,46,False
648,libero_goal_task2,75,45,False
648,libero_goal_task2,76,44,False
648,libero_goal_task2,77,43,False
648,libero_goal_task2,78,42,False
648,libero_goal_task2,79,41,False
648,libero_goal_task2,80,40,False
648,libero_goal_task2,81,39,False
648,libero_goal_task2,82,38,False
648,libero_goal_task2,83,37,False
648,libero_goal_task2,84,36,False
648,libero_goal_task2,85,35,False
648,libero_goal_task2,86,34,False
648,libero_goal_task2,87,33,False
648,libero_goal_task2,88,32,False
648,libero_goal_task2,89,31,False
648,libero_goal_task2,90,30,False
648,libero_goal_task2,91,29,False
648,libero_goal_task2,92,28,False
648,libero_goal_task2,93,27,False
648,libero_goal_task2,94,26,False
648,libero_goal_task2,95,25,False
648,libero_goal_task2,96,24,False
648,libero_goal_task2,97,23,False
648,libero_goal_task2,98,22,False
648,libero_goal_task2,99,21,False
648,libero_goal_task2,100,20,False
648,libero_goal_task2,101,19,False
648,libero_goal_task2,102,18,False
648,libero_goal_task2,103,17,False
648,libero_goal_task2,104,16,False
648,libero_goal_task2,105,15,False
648,libero_goal_task2,106,14,False
648,libero_goal_task2,107,13,False
648,libero_goal_task2,108,12,False
648,libero_goal_task2,109,11,False
648,libero_goal_task2,110,10,False
648,libero_goal_task2,111,9,False
648,libero_goal_task2,112,8,False
648,libero_goal_task2,113,7,False
648,libero_goal_task2,114,6,False
648,libero_goal_task2,115,5,False
648,libero_goal_task2,116,4,False
648,libero_goal_task2,117,3,False
648,libero_goal_task2,118,2,False
648,libero_goal_task2,119,1,False
648,libero_goal_task2,120,,True
648,libero_goal_task2,121,,True
648,libero_goal_task2,122,,True
648,libero_goal_task2,123,,True
648,libero_goal_task2,124,,True
648,libero_goal_task2,125,,True
648,libero_goal_task2,126,,True
648,libero_goal_task2,127,,True
648,libero_goal_task2,128,,True
656,libero_goal_task2,0,29,False
656,libero_goal_task2,1,28,False
656,libero_goal_task2,2,27,False
656,libero_goal_task2,3,26,False
656,libero_goal_task2,4,25,False
656,libero_goal_task2,5,24,False
656,libero_goal_task2,6,23,False
656,libero_goal_task2,7,22,False
656,libero_goal_task2,8,21,False
656,libero_goal_task2,9,20,False
656,libero_goal_task2,10,19,False
656,libero_goal_task2,11,18,False
656,libero_goal_task2,12,17,False
656,libero_goal_task2,13,16,False
656,libero_goal_task2,14,15,False
656,libero_goal_task2,15,14,False
656,libero_goal_task2,16,13,False
656,libero_goal_task2,17,12,False
656,libero_goal_task2,18,11,False
656,libero_goal_task2,19,10,False
656,libero_goal_task2,20,9,False
656,libero_goal_task2,21,8,False
656,libero_goal_task2,22,7,False
656,libero_goal_task2,23,6,False
656,libero_goal_task2,24,5,False
656,libero_goal_task2,25,4,False
656,libero_goal_task2,26,3,False
656,libero_goal_task2,27,2,False
656,libero_goal_task2,28,1,False
656,libero_goal_task2,29,56,False
656,libero_goal_task2,30,55,False
656,libero_goal_task2,31,54,False
656,libero_goal_task2,32,53,False
656,libero_goal_task2,33,52,False
656,libero_goal_task2,34,51,False
656,libero_goal_task2,35,50,False
656,libero_goal_task2,36,49,False
656,libero_goal_task2,37,48,False
656,libero_goal_task2,38,47,False
656,libero_goal_task2,39,46,False
656,libero_goal_task2,40,45,False
656,libero_goal_task2,41,44,False
656,libero_goal_task2,42,43,False
656,libero_goal_task2,43,42,False
656,libero_goal_task2,44,41,False
656,libero_goal_task2,45,40,False
656,libero_goal_task2,46,39,False
656,libero_goal_task2,47,38,False
656,libero_goal_task2,48,37,False
656,libero_goal_task2,49,36,False
656,libero_goal_task2,50,35,False
656,libero_goal_task2,51,34,False
656,libero_goal_task2,52,33,False
656,libero_goal_task2,53,32,False
656,libero_goal_task2,54,31,False
656,libero_goal_task2,55,30,False
656,libero_goal_task2,56,29,False
656,libero_goal_task2,57,28,False
656,libero_goal_task2,58,27,False
656,libero_goal_task2,59,26,False
656,libero_goal_task2,60,25,False
656,libero_goal_task2,61,24,False
656,libero_goal_task2,62,23,False
656,libero_goal_task2,63,22,False
656,libero_goal_task2,64,21,False
656,libero_goal_task2,65,20,False
656,libero_goal_task2,66,19,False
656,libero_goal_task2,67,18,False
656,libero_goal_task2,68,17,False
656,libero_goal_task2,69,16,False
656,libero_goal_task2,70,15,False
656,libero_goal_task2,71,14,False
656,libero_goal_task2,72,13,False
656,libero_goal_task2,73,12,False
656,libero_goal_task2,74,11,False
656,libero_goal_task2,75,10,False
656,libero_goal_task2,76,9,False
656,libero_goal_task2,77,8,False
656,libero_goal_task2,78,7,False
656,libero_goal_task2,79,6,False
656,libero_goal_task2,80,5,False
656,libero_goal_task2,81,4,False
656,libero_goal_task2,82,3,False
656,libero_goal_task2,83,2,False
656,libero_goal_task2,84,1,False
656,libero_goal_task2,85,,True
656,libero_goal_task2,86,,True
656,libero_goal_task2,87,,True
656,libero_goal_task2,88,,True
656,libero_goal_task2,89,,True
656,libero_goal_task2,90,,True
656,libero_goal_task2,91,,True
656,libero_goal_task2,92,,True
656,libero_goal_task2,93,,True
656,libero_goal_task2,94,,True
656,libero_goal_task2,95,,True
656,libero_goal_task2,96,,True
656,libero_goal_task2,97,,True
656,libero_goal_task2,98,,True
656,libero_goal_task2,99,,True
656,libero_goal_task2,100,,True
656,libero_goal_task2,101,,True
656,libero_goal_task2,102,,True
656,libero_goal_task2,103,,True
656,libero_goal_task2,104,,True
668,libero_goal_task2,0,30,False
668,libero_goal_task2,1,29,False
668,libero_goal_task2,2,28,False
668,libero_goal_task2,3,27,False
668,libero_goal_task2,4,26,False
668,libero_goal_task2,5,25,False
668,libero_goal_task2,6,24,False
668,libero_goal_task2,7,23,False
668,libero_goal_task2,8,22,False
668,libero_goal_task2,9,21,False
668,libero_goal_task2,10,20,False
668,libero_goal_task2,11,19,False
668,libero_goal_task2,12,18,False
668,libero_goal_task2,13,17,False
668,libero_goal_task2,14,16,False
668,libero_goal_task2,15,15,False
668,libero_goal_task2,16,14,False
668,libero_goal_task2,17,13,False
668,libero_goal_task2,18,12,False
668,libero_goal_task2,19,11,False
668,libero_goal_task2,20,10,False
668,libero_goal_task2,21,9,False
668,libero_goal_task2,22,8,False
668,libero_goal_task2,23,7,False
668,libero_goal_task2,24,6,False
668,libero_goal_task2,25,5,False
668,libero_goal_task2,26,4,False
668,libero_goal_task2,27,3,False
668,libero_goal_task2,28,2,False
668,libero_goal_task2,29,1,False
668,libero_goal_task2,30,59,False
668,libero_goal_task2,31,58,False
668,libero_goal_task2,32,57,False
668,libero_goal_task2,33,56,False
668,libero_goal_task2,34,55,False
668,libero_goal_task2,35,54,False
668,libero_goal_task2,36,53,False
668,libero_goal_task2,37,52,False
668,libero_goal_task2,38,51,False
668,libero_goal_task2,39,50,False
668,libero_goal_task2,40,49,False
668,libero_goal_task2,41,48,False
668,libero_goal_task2,42,47,False
668,libero_goal_task2,43,46,False
668,libero_goal_task2,44,45,False
668,libero_goal_task2,45,44,False
668,libero_goal_task2,46,43,False
668,libero_goal_task2,47,42,False
668,libero_goal_task2,48,41,False
668,libero_goal_task2,49,40,False
668,libero_goal_task2,50,39,False
668,libero_goal_task2,51,38,False
668,libero_goal_task2,52,37,False
668,libero_goal_task2,53,36,False
668,libero_goal_task2,54,35,False
668,libero_goal_task2,55,34,False
668,libero_goal_task2,56,33,False
668,libero_goal_task2,57,32,False
668,libero_goal_task2,58,31,False
668,libero_goal_task2,59,30,False
668,libero_goal_task2,60,29,False
668,libero_goal_task2,61,28,False
668,libero_goal_task2,62,27,False
668,libero_goal_task2,63,26,False
668,libero_goal_task2,64,25,False
668,libero_goal_task2,65,24,False
668,libero_goal_task2,66,23,False
668,libero_goal_task2,67,22,False
668,libero_goal_task2,68,21,False
668,libero_goal_task2,69,20,False
668,libero_goal_task2,70,19,False
668,libero_goal_task2,71,18,False
668,libero_goal_task2,72,17,False
668,libero_goal_task2,73,16,False
668,libero_goal_task2,74,15,False
668,libero_goal_task2,75,14,False
668,libero_goal_task2,76,13,False
668,libero_goal_task2,77,12,False
668,libero_goal_task2,78,11,False
668,libero_goal_task2,79,10,False
668,libero_goal_task2,80,9,False
668,libero_goal_task2,81,8,False
668,libero_goal_task2,82,7,False
668,libero_goal_task2,83,6,False
668,libero_goal_task2,84,5,False
668,libero_goal_task2,85,4,False
668,libero_goal_task2,86,3,False
668,libero_goal_task2,87,2,False
668,libero_goal_task2,88,1,False
668,libero_goal_task2,89,,True
668,libero_goal_task2,90,,True
668,libero_goal_task2,91,,True
668,libero_goal_task2,92,,True
668,libero_goal_task2,93,,True
668,libero_goal_task2,94,,True
668,libero_goal_task2,95,,True
668,libero_goal_task2,96,,True
668,libero_goal_task2,97,,True
668,libero_goal_task2,98,,True
668,libero_goal_task2,99,,True
668,libero_goal_task2,100,,True
668,libero_goal_task2,101,,True
668,libero_goal_task2,102,,True
668,libero_goal_task2,103,,True
668,libero_goal_task2,104,,True
668,libero_goal_task2,105,,True
668,libero_goal_task2,106,,True
682,libero_goal_task2,0,30,False
682,libero_goal_task2,1,29,False
682,libero_goal_task2,2,28,False
682,libero_goal_task2,3,27,False
682,libero_goal_task2,4,26,False
682,libero_goal_task2,5,25,False
682,libero_goal_task2,6,24,False
682,libero_goal_task2,7,23,False
682,libero_goal_task2,8,22,False
682,libero_goal_task2,9,21,False
682,libero_goal_task2,10,20,False
682,libero_goal_task2,11,19,False
682,libero_goal_task2,12,18,False
682,libero_goal_task2,13,17,False
682,libero_goal_task2,14,16,False
682,libero_goal_task2,15,15,False
682,libero_goal_task2,16,14,False
682,libero_goal_task2,17,13,False
682,libero_goal_task2,18,12,False
682,libero_goal_task2,19,11,False
682,libero_goal_task2,20,10,False
682,libero_goal_task2,21,9,False
682,libero_goal_task2,22,8,False
682,libero_goal_task2,23,7,False
682,libero_goal_task2,24,6,False
682,libero_goal_task2,25,5,False
682,libero_goal_task2,26,4,False
682,libero_goal_task2,27,3,False
682,libero_goal_task2,28,2,False
682,libero_goal_task2,29,1,False
682,libero_goal_task2,30,57,False
682,libero_goal_task2,31,56,False
682,libero_goal_task2,32,55,False
682,libero_goal_task2,33,54,False
682,libero_goal_task2,34,53,False
682,libero_goal_task2,35,52,False
682,libero_goal_task2,36,51,False
682,libero_goal_task2,37,50,False
682,libero_goal_task2,38,49,False
682,libero_goal_task2,39,48,False
682,libero_goal_task2,40,47,False
682,libero_goal_task2,41,46,False
682,libero_goal_task2,42,45,False
682,libero_goal_task2,43,44,False
682,libero_goal_task2,44,43,False
682,libero_goal_task2,45,42,False
682,libero_goal_task2,46,41,False
682,libero_goal_task2,47,40,False
682,libero_goal_task2,48,39,False
682,libero_goal_task2,49,38,False
682,libero_goal_task2,50,37,False
682,libero_goal_task2,51,36,False
682,libero_goal_task2,52,35,False
682,libero_goal_task2,53,34,False
682,libero_goal_task2,54,33,False
682,libero_goal_task2,55,32,False
682,libero_goal_task2,56,31,False
682,libero_goal_task2,57,30,False
682,libero_goal_task2,58,29,False
682,libero_goal_task2,59,28,False
682,libero_goal_task2,60,27,False
682,libero_goal_task2,61,26,False
682,libero_goal_task2,62,25,False
682,libero_goal_task2,63,24,False
682,libero_goal_task2,64,23,False
682,libero_goal_task2,65,22,False
682,libero_goal_task2,66,21,False
682,libero_goal_task2,67,20,False
682,libero_goal_task2,68,19,False
682,libero_goal_task2,69,18,False
682,libero_goal_task2,70,17,False
682,libero_goal_task2,71,16,False
682,libero_goal_task2,72,15,False
682,libero_goal_task2,73,14,False
682,libero_goal_task2,74,13,False
682,libero_goal_task2,75,12,False
682,libero_goal_task2,76,11,False
682,libero_goal_task2,77,10,False
682,libero_goal_task2,78,9,False
682,libero_goal_task2,79,8,False
682,libero_goal_task2,80,7,False
682,libero_goal_task2,81,6,False
682,libero_goal_task2,82,5,False
682,libero_goal_task2,83,4,False
682,libero_goal_task2,84,3,False
682,libero_goal_task2,85,2,False
682,libero_goal_task2,86,1,False
682,libero_goal_task2,87,,True
682,libero_goal_task2,88,,True
682,libero_goal_task2,89,,True
682,libero_goal_task2,90,,True
682,libero_goal_task2,91,,True
682,libero_goal_task2,92,,True
682,libero_goal_task2,93,,True
682,libero_goal_task2,94,,True
682,libero_goal_task2,95,,True
682,libero_goal_task2,96,,True
682,libero_goal_task2,97,,True
682,libero_goal_task2,98,,True
682,libero_goal_task2,99,,True
686,libero_goal_task2,0,38,False
686,libero_goal_task2,1,37,False
686,libero_goal_task2,2,36,False
686,libero_goal_task2,3,35,False
686,libero_goal_task2,4,34,False
686,libero_goal_task2,5,33,False
686,libero_goal_task2,6,32,False
686,libero_goal_task2,7,31,False
686,libero_goal_task2,8,30,False
686,libero_goal_task2,9,29,False
686,libero_goal_task2,10,28,False
686,libero_goal_task2,11,27,False
686,libero_goal_task2,12,26,False
686,libero_goal_task2,13,25,False
686,libero_goal_task2,14,24,False
686,libero_goal_task2,15,23,False
686,libero_goal_task2,16,22,False
686,libero_goal_task2,17,21,False
686,libero_goal_task2,18,20,False
686,libero_goal_task2,19,19,False
686,libero_goal_task2,20,18,False
686,libero_goal_task2,21,17,False
686,libero_goal_task2,22,16,False
686,libero_goal_task2,23,15,False
686,libero_goal_task2,24,14,False
686,libero_goal_task2,25,13,False
686,libero_goal_task2,26,12,False
686,libero_goal_task2,27,11,False
686,libero_goal_task2,28,10,False
686,libero_goal_task2,29,9,False
686,libero_goal_task2,30,8,False
686,libero_goal_task2,31,7,False
686,libero_goal_task2,32,6,False
686,libero_goal_task2,33,5,False
686,libero_goal_task2,34,4,False
686,libero_goal_task2,35,3,False
686,libero_goal_task2,36,2,False
686,libero_goal_task2,37,1,False
686,libero_goal_task2,38,61,False
686,libero_goal_task2,39,60,False
686,libero_goal_task2,40,59,False
686,libero_goal_task2,41,58,False
686,libero_goal_task2,42,57,False
686,libero_goal_task2,43,56,False
686,libero_goal_task2,44,55,False
686,libero_goal_task2,45,54,False
686,libero_goal_task2,46,53,False
686,libero_goal_task2,47,52,False
686,libero_goal_task2,48,51,False
686,libero_goal_task2,49,50,False
686,libero_goal_task2,50,49,False
686,libero_goal_task2,51,48,False
686,libero_goal_task2,52,47,False
686,libero_goal_task2,53,46,False
686,libero_goal_task2,54,45,False
686,libero_goal_task2,55,44,False
686,libero_goal_task2,56,43,False
686,libero_goal_task2,57,42,False
686,libero_goal_task2,58,41,False
686,libero_goal_task2,59,40,False
686,libero_goal_task2,60,39,False
686,libero_goal_task2,61,38,False
686,libero_goal_task2,62,37,False
686,libero_goal_task2,63,36,False
686,libero_goal_task2,64,35,False
686,libero_goal_task2,65,34,False
686,libero_goal_task2,66,33,False
686,libero_goal_task2,67,32,False
686,libero_goal_task2,68,31,False
686,libero_goal_task2,69,30,False
686,libero_goal_task2,70,29,False
686,libero_goal_task2,71,28,False
686,libero_goal_task2,72,27,False
686,libero_goal_task2,73,26,False
686,libero_goal_task2,74,25,False
686,libero_goal_task2,75,24,False
686,libero_goal_task2,76,23,False
686,libero_goal_task2,77,22,False
686,libero_goal_task2,78,21,False
686,libero_goal_task2,79,20,False
686,libero_goal_task2,80,19,False
686,libero_goal_task2,81,18,False
686,libero_goal_task2,82,17,False
686,libero_goal_task2,83,16,False
686,libero_goal_task2,84,15,False
686,libero_goal_task2,85,14,False
686,libero_goal_task2,86,13,False
686,libero_goal_task2,87,12,False
686,libero_goal_task2,88,11,False
686,libero_goal_task2,89,10,False
686,libero_goal_task2,90,9,False
686,libero_goal_task2,91,8,False
686,libero_goal_task2,92,7,False
686,libero_goal_task2,93,6,False
686,libero_goal_task2,94,5,False
686,libero_goal_task2,95,4,False
686,libero_goal_task2,96,3,False
686,libero_goal_task2,97,2,False
686,libero_goal_task2,98,1,False
686,libero_goal_task2,99,,True
686,libero_goal_task2,100,,True
686,libero_goal_task2,101,,True
686,libero_goal_task2,102,,True
686,libero_goal_task2,103,,True
686,libero_goal_task2,104,,True
686,libero_goal_task2,105,,True
697,libero_goal_task2,0,38,False
697,libero_goal_task2,1,37,False
697,libero_goal_task2,2,36,False
697,libero_goal_task2,3,35,False
697,libero_goal_task2,4,34,False
697,libero_goal_task2,5,33,False
697,libero_goal_task2,6,32,False
697,libero_goal_task2,7,31,False
697,libero_goal_task2,8,30,False
697,libero_goal_task2,9,29,False
697,libero_goal_task2,10,28,False
697,libero_goal_task2,11,27,False
697,libero_goal_task2,12,26,False
697,libero_goal_task2,13,25,False
697,libero_goal_task2,14,24,False
697,libero_goal_task2,15,23,False
697,libero_goal_task2,16,22,False
697,libero_goal_task2,17,21,False
697,libero_goal_task2,18,20,False
697,libero_goal_task2,19,19,False
697,libero_goal_task2,20,18,False
697,libero_goal_task2,21,17,False
697,libero_goal_task2,22,16,False
697,libero_goal_task2,23,15,False
697,libero_goal_task2,24,14,False
697,libero_goal_task2,25,13,False
697,libero_goal_task2,26,12,False
697,libero_goal_task2,27,11,False
697,libero_goal_task2,28,10,False
697,libero_goal_task2,29,9,False
697,libero_goal_task2,30,8,False
697,libero_goal_task2,31,7,False
697,libero_goal_task2,32,6,False
697,libero_goal_task2,33,5,False
697,libero_goal_task2,34,4,False
697,libero_goal_task2,35,3,False
697,libero_goal_task2,36,2,False
697,libero_goal_task2,37,1,False
697,libero_goal_task2,38,67,False
697,libero_goal_task2,39,66,False
697,libero_goal_task2,40,65,False
697,libero_goal_task2,41,64,False
697,libero_goal_task2,42,63,False
697,libero_goal_task2,43,62,False
697,libero_goal_task2,44,61,False
697,libero_goal_task2,45,60,False
697,libero_goal_task2,46,59,False
697,libero_goal_task2,47,58,False
697,libero_goal_task2,48,57,False
697,libero_goal_task2,49,56,False
697,libero_goal_task2,50,55,False
697,libero_goal_task2,51,54,False
697,libero_goal_task2,52,53,False
697,libero_goal_task2,53,52,False
697,libero_goal_task2,54,51,False
697,libero_goal_task2,55,50,False
697,libero_goal_task2,56,49,False
697,libero_goal_task2,57,48,False
697,libero_goal_task2,58,47,False
697,libero_goal_task2,59,46,False
697,libero_goal_task2,60,45,False
697,libero_goal_task2,61,44,False
697,libero_goal_task2,62,43,False
697,libero_goal_task2,63,42,False
697,libero_goal_task2,64,41,False
697,libero_goal_task2,65,40,False
697,libero_goal_task2,66,39,False
697,libero_goal_task2,67,38,False
697,libero_goal_task2,68,37,False
697,libero_goal_task2,69,36,False
697,libero_goal_task2,70,35,False
697,libero_goal_task2,71,34,False
697,libero_goal_task2,72,33,False
697,libero_goal_task2,73,32,False
697,libero_goal_task2,74,31,False
697,libero_goal_task2,75,30,False
697,libero_goal_task2,76,29,False
697,libero_goal_task2,77,28,False
697,libero_goal_task2,78,27,False
697,libero_goal_task2,79,26,False
697,libero_goal_task2,80,25,False
697,libero_goal_task2,81,24,False
697,libero_goal_task2,82,23,False
697,libero_goal_task2,83,22,False
697,libero_goal_task2,84,21,False
697,libero_goal_task2,85,20,False
697,libero_goal_task2,86,19,False
697,libero_goal_task2,87,18,False
697,libero_goal_task2,88,17,False
697,libero_goal_task2,89,16,False
697,libero_goal_task2,90,15,False
697,libero_goal_task2,91,14,False
697,libero_goal_task2,92,13,False
697,libero_goal_task2,93,12,False
697,libero_goal_task2,94,11,False
697,libero_goal_task2,95,10,False
697,libero_goal_task2,96,9,False
697,libero_goal_task2,97,8,False
697,libero_goal_task2,98,7,False
697,libero_goal_task2,99,6,False
697,libero_goal_task2,100,5,False
697,libero_goal_task2,101,4,False
697,libero_goal_task2,102,3,False
697,libero_goal_task2,103,2,False
697,libero_goal_task2,104,1,False
697,libero_goal_task2,105,,True
697,libero_goal_task2,106,,True
697,libero_goal_task2,107,,True
697,libero_goal_task2,108,,True
697,libero_goal_task2,109,,True
697,libero_goal_task2,110,,True
697,libero_goal_task2,111,,True
697,libero_goal_task2,112,,True
697,libero_goal_task2,113,,True
697,libero_goal_task2,114,,True
697,libero_goal_task2,115,,True
697,libero_goal_task2,116,,True
697,libero_goal_task2,117,,True
697,libero_goal_task2,118,,True
697,libero_goal_task2,119,,True
697,libero_goal_task2,120,,True
697,libero_goal_task2,121,,True
735,libero_goal_task2,0,48,False
735,libero_goal_task2,1,47,False
735,libero_goal_task2,2,46,False
735,libero_goal_task2,3,45,False
735,libero_goal_task2,4,44,False
735,libero_goal_task2,5,43,False
735,libero_goal_task2,6,42,False
735,libero_goal_task2,7,41,False
735,libero_goal_task2,8,40,False
735,libero_goal_task2,9,39,False
735,libero_goal_task2,10,38,False
735,libero_goal_task2,11,37,False
735,libero_goal_task2,12,36,False
735,libero_goal_task2,13,35,False
735,libero_goal_task2,14,34,False
735,libero_goal_task2,15,33,False
735,libero_goal_task2,16,32,False
735,libero_goal_task2,17,31,False
735,libero_goal_task2,18,30,False
735,libero_goal_task2,19,29,False
735,libero_goal_task2,20,28,False
735,libero_goal_task2,21,27,False
735,libero_goal_task2,22,26,False
735,libero_goal_task2,23,25,False
735,libero_goal_task2,24,24,False
735,libero_goal_task2,25,23,False
735,libero_goal_task2,26,22,False
735,libero_goal_task2,27,21,False
735,libero_goal_task2,28,20,False
735,libero_goal_task2,29,19,False
735,libero_goal_task2,30,18,False
735,libero_goal_task2,31,17,False
735,libero_goal_task2,32,16,False
735,libero_goal_task2,33,15,False
735,libero_goal_task2,34,14,False
735,libero_goal_task2,35,13,False
735,libero_goal_task2,36,12,False
735,libero_goal_task2,37,11,False
735,libero_goal_task2,38,10,False
735,libero_goal_task2,39,9,False
735,libero_goal_task2,40,8,False
735,libero_goal_task2,41,7,False
735,libero_goal_task2,42,6,False
735,libero_goal_task2,43,5,False
735,libero_goal_task2,44,4,False
735,libero_goal_task2,45,3,False
735,libero_goal_task2,46,2,False
735,libero_goal_task2,47,1,False
735,libero_goal_task2,48,61,False
735,libero_goal_task2,49,60,False
735,libero_goal_task2,50,59,False
735,libero_goal_task2,51,58,False
735,libero_goal_task2,52,57,False
735,libero_goal_task2,53,56,False
735,libero_goal_task2,54,55,False
735,libero_goal_task2,55,54,False
735,libero_goal_task2,56,53,False
735,libero_goal_task2,57,52,False
735,libero_goal_task2,58,51,False
735,libero_goal_task2,59,50,False
735,libero_goal_task2,60,49,False
735,libero_goal_task2,61,48,False
735,libero_goal_task2,62,47,False
735,libero_goal_task2,63,46,False
735,libero_goal_task2,64,45,False
735,libero_goal_task2,65,44,False
735,libero_goal_task2,66,43,False
735,libero_goal_task2,67,42,False
735,libero_goal_task2,68,41,False
735,libero_goal_task2,69,40,False
735,libero_goal_task2,70,39,False
735,libero_goal_task2,71,38,False
735,libero_goal_task2,72,37,False
735,libero_goal_task2,73,36,False
735,libero_goal_task2,74,35,False
735,libero_goal_task2,75,34,False
735,libero_goal_task2,76,33,False
735,libero_goal_task2,77,32,False
735,libero_goal_task2,78,31,False
735,libero_goal_task2,79,30,False
735,libero_goal_task2,80,29,False
735,libero_goal_task2,81,28,False
735,libero_goal_task2,82,27,False
735,libero_goal_task2,83,26,False
735,libero_goal_task2,84,25,False
735,libero_goal_task2,85,24,False
735,libero_goal_task2,86,23,False
735,libero_goal_task2,87,22,False
735,libero_goal_task2,88,21,False
735,libero_goal_task2,89,20,False
735,libero_goal_task2,90,19,False
735,libero_goal_task2,91,18,False
735,libero_goal_task2,92,17,False
735,libero_goal_task2,93,16,False
735,libero_goal_task2,94,15,False
735,libero_goal_task2,95,14,False
735,libero_goal_task2,96,13,False
735,libero_goal_task2,97,12,False
735,libero_goal_task2,98,11,False
735,libero_goal_task2,99,10,False
735,libero_goal_task2,100,9,False
735,libero_goal_task2,101,8,False
735,libero_goal_task2,102,7,False
735,libero_goal_task2,103,6,False
735,libero_goal_task2,104,5,False
735,libero_goal_task2,105,4,False
735,libero_goal_task2,106,3,False
735,libero_goal_task2,107,2,False
735,libero_goal_task2,108,1,False
735,libero_goal_task2,109,,True
735,libero_goal_task2,110,,True
735,libero_goal_task2,111,,True
735,libero_goal_task2,112,,True
735,libero_goal_task2,113,,True
735,libero_goal_task2,114,,True
735,libero_goal_task2,115,,True
766,libero_goal_task2,0,50,False
766,libero_goal_task2,1,49,False
766,libero_goal_task2,2,48,False
766,libero_goal_task2,3,47,False
766,libero_goal_task2,4,46,False
766,libero_goal_task2,5,45,False
766,libero_goal_task2,6,44,False
766,libero_goal_task2,7,43,False
766,libero_goal_task2,8,42,False
766,libero_goal_task2,9,41,False
766,libero_goal_task2,10,40,False
766,libero_goal_task2,11,39,False
766,libero_goal_task2,12,38,False
766,libero_goal_task2,13,37,False
766,libero_goal_task2,14,36,False
766,libero_goal_task2,15,35,False
766,libero_goal_task2,16,34,False
766,libero_goal_task2,17,33,False
766,libero_goal_task2,18,32,False
766,libero_goal_task2,19,31,False
766,libero_goal_task2,20,30,False
766,libero_goal_task2,21,29,False
766,libero_goal_task2,22,28,False
766,libero_goal_task2,23,27,False
766,libero_goal_task2,24,26,False
766,libero_goal_task2,25,25,False
766,libero_goal_task2,26,24,False
766,libero_goal_task2,27,23,False
766,libero_goal_task2,28,22,False
766,libero_goal_task2,29,21,False
766,libero_goal_task2,30,20,False
766,libero_goal_task2,31,19,False
766,libero_goal_task2,32,18,False
766,libero_goal_task2,33,17,False
766,libero_goal_task2,34,16,False
766,libero_goal_task2,35,15,False
766,libero_goal_task2,36,14,False
766,libero_goal_task2,37,13,False
766,libero_goal_task2,38,12,False
766,libero_goal_task2,39,11,False
766,libero_goal_task2,40,10,False
766,libero_goal_task2,41,9,False
766,libero_goal_task2,42,8,False
766,libero_goal_task2,43,7,False
766,libero_goal_task2,44,6,False
766,libero_goal_task2,45,5,False
766,libero_goal_task2,46,4,False
766,libero_goal_task2,47,3,False
766,libero_goal_task2,48,2,False
766,libero_goal_task2,49,1,False
766,libero_goal_task2,50,55,False
766,libero_goal_task2,51,54,False
766,libero_goal_task2,52,53,False
766,libero_goal_task2,53,52,False
766,libero_goal_task2,54,51,False
766,libero_goal_task2,55,50,False
766,libero_goal_task2,56,49,False
766,libero_goal_task2,57,48,False
766,libero_goal_task2,58,47,False
766,libero_goal_task2,59,46,False
766,libero_goal_task2,60,45,False
766,libero_goal_task2,61,44,False
766,libero_goal_task2,62,43,False
766,libero_goal_task2,63,42,False
766,libero_goal_task2,64,41,False
766,libero_goal_task2,65,40,False
766,libero_goal_task2,66,39,False
766,libero_goal_task2,67,38,False
766,libero_goal_task2,68,37,False
766,libero_goal_task2,69,36,False
766,libero_goal_task2,70,35,False
766,libero_goal_task2,71,34,False
766,libero_goal_task2,72,33,False
766,libero_goal_task2,73,32,False
766,libero_goal_task2,74,31,False
766,libero_goal_task2,75,30,False
766,libero_goal_task2,76,29,False
766,libero_goal_task2,77,28,False
766,libero_goal_task2,78,27,False
766,libero_goal_task2,79,26,False
766,libero_goal_task2,80,25,False
766,libero_goal_task2,81,24,False
766,libero_goal_task2,82,23,False
766,libero_goal_task2,83,22,False
766,libero_goal_task2,84,21,False
766,libero_goal_task2,85,20,False
766,libero_goal_task2,86,19,False
766,libero_goal_task2,87,18,False
766,libero_goal_task2,88,17,False
766,libero_goal_task2,89,16,False
766,libero_goal_task2,90,15,False
766,libero_goal_task2,91,14,False
766,libero_goal_task2,92,13,False
766,libero_goal_task2,93,12,False
766,libero_goal_task2,94,11,False
766,libero_goal_task2,95,10,False
766,libero_goal_task2,96,9,False
766,libero_goal_task2,97,8,False
766,libero_goal_task2,98,7,False
766,libero_goal_task2,99,6,False
766,libero_goal_task2,100,5,False
766,libero_goal_task2,101,4,False
766,libero_goal_task2,102,3,False
766,libero_goal_task2,103,2,False
766,libero_goal_task2,104,1,False
766,libero_goal_task2,105,,True
766,libero_goal_task2,106,,True
766,libero_goal_task2,107,,True
766,libero_goal_task2,108,,True
766,libero_goal_task2,109,,True
766,libero_goal_task2,110,,True
766,libero_goal_task2,111,,True
766,libero_goal_task2,112,,True
766,libero_goal_task2,113,,True
766,libero_goal_task2,114,,True
766,libero_goal_task2,115,,True
766,libero_goal_task2,116,,True
766,libero_goal_task2,117,,True
766,libero_goal_task2,118,,True
766,libero_goal_task2,119,,True
766,libero_goal_task2,120,,True
788,libero_goal_task2,0,27,False
788,libero_goal_task2,1,26,False
788,libero_goal_task2,2,25,False
788,libero_goal_task2,3,24,False
788,libero_goal_task2,4,23,False
788,libero_goal_task2,5,22,False
788,libero_goal_task2,6,21,False
788,libero_goal_task2,7,20,False
788,libero_goal_task2,8,19,False
788,libero_goal_task2,9,18,False
788,libero_goal_task2,10,17,False
788,libero_goal_task2,11,16,False
788,libero_goal_task2,12,15,False
788,libero_goal_task2,13,14,False
788,libero_goal_task2,14,13,False
788,libero_goal_task2,15,12,False
788,libero_goal_task2,16,11,False
788,libero_goal_task2,17,10,False
788,libero_goal_task2,18,9,False
788,libero_goal_task2,19,8,False
788,libero_goal_task2,20,7,False
788,libero_goal_task2,21,6,False
788,libero_goal_task2,22,5,False
788,libero_goal_task2,23,4,False
788,libero_goal_task2,24,3,False
788,libero_goal_task2,25,2,False
788,libero_goal_task2,26,1,False
788,libero_goal_task2,27,55,False
788,libero_goal_task2,28,54,False
788,libero_goal_task2,29,53,False
788,libero_goal_task2,30,52,False
788,libero_goal_task2,31,51,False
788,libero_goal_task2,32,50,False
788,libero_goal_task2,33,49,False
788,libero_goal_task2,34,48,False
788,libero_goal_task2,35,47,False
788,libero_goal_task2,36,46,False
788,libero_goal_task2,37,45,False
788,libero_goal_task2,38,44,False
788,libero_goal_task2,39,43,False
788,libero_goal_task2,40,42,False
788,libero_goal_task2,41,41,False
788,libero_goal_task2,42,40,False
788,libero_goal_task2,43,39,False
788,libero_goal_task2,44,38,False
788,libero_goal_task2,45,37,False
788,libero_goal_task2,46,36,False
788,libero_goal_task2,47,35,False
788,libero_goal_task2,48,34,False
788,libero_goal_task2,49,33,False
788,libero_goal_task2,50,32,False
788,libero_goal_task2,51,31,False
788,libero_goal_task2,52,30,False
788,libero_goal_task2,53,29,False
788,libero_goal_task2,54,28,False
788,libero_goal_task2,55,27,False
788,libero_goal_task2,56,26,False
788,libero_goal_task2,57,25,False
788,libero_goal_task2,58,24,False
788,libero_goal_task2,59,23,False
788,libero_goal_task2,60,22,False
788,libero_goal_task2,61,21,False
788,libero_goal_task2,62,20,False
788,libero_goal_task2,63,19,False
788,libero_goal_task2,64,18,False
788,libero_goal_task2,65,17,False
788,libero_goal_task2,66,16,False
788,libero_goal_task2,67,15,False
788,libero_goal_task2,68,14,False
788,libero_goal_task2,69,13,False
788,libero_goal_task2,70,12,False
788,libero_goal_task2,71,11,False
788,libero_goal_task2,72,10,False
788,libero_goal_task2,73,9,False
788,libero_goal_task2,74,8,False
788,libero_goal_task2,75,7,False
788,libero_goal_task2,76,6,False
788,libero_goal_task2,77,5,False
788,libero_goal_task2,78,4,False
788,libero_goal_task2,79,3,False
788,libero_goal_task2,80,2,False
788,libero_goal_task2,81,1,False
788,libero_goal_task2,82,,True
788,libero_goal_task2,83,,True
788,libero_goal_task2,84,,True
788,libero_goal_task2,85,,True
788,libero_goal_task2,86,,True
788,libero_goal_task2,87,,True
788,libero_goal_task2,88,,True
788,libero_goal_task2,89,,True
788,libero_goal_task2,90,,True
788,libero_goal_task2,91,,True
795,libero_goal_task2,0,47,False
795,libero_goal_task2,1,46,False
795,libero_goal_task2,2,45,False
795,libero_goal_task2,3,44,False
795,libero_goal_task2,4,43,False
795,libero_goal_task2,5,42,False
795,libero_goal_task2,6,41,False
795,libero_goal_task2,7,40,False
795,libero_goal_task2,8,39,False
795,libero_goal_task2,9,38,False
795,libero_goal_task2,10,37,False
795,libero_goal_task2,11,36,False
795,libero_goal_task2,12,35,False
795,libero_goal_task2,13,34,False
795,libero_goal_task2,14,33,False
795,libero_goal_task2,15,32,False
795,libero_goal_task2,16,31,False
795,libero_goal_task2,17,30,False
795,libero_goal_task2,18,29,False
795,libero_goal_task2,19,28,False
795,libero_goal_task2,20,27,False
795,libero_goal_task2,21,26,False
795,libero_goal_task2,22,25,False
795,libero_goal_task2,23,24,False
795,libero_goal_task2,24,23,False
795,libero_goal_task2,25,22,False
795,libero_goal_task2,26,21,False
795,libero_goal_task2,27,20,False
795,libero_goal_task2,28,19,False
795,libero_goal_task2,29,18,False
795,libero_goal_task2,30,17,False
795,libero_goal_task2,31,16,False
795,libero_goal_task2,32,15,False
795,libero_goal_task2,33,14,False
795,libero_goal_task2,34,13,False
795,libero_goal_task2,35,12,False
795,libero_goal_task2,36,11,False
795,libero_goal_task2,37,10,False
795,libero_goal_task2,38,9,False
795,libero_goal_task2,39,8,False
795,libero_goal_task2,40,7,False
795,libero_goal_task2,41,6,False
795,libero_goal_task2,42,5,False
795,libero_goal_task2,43,4,False
795,libero_goal_task2,44,3,False
795,libero_goal_task2,45,2,False
795,libero_goal_task2,46,1,False
795,libero_goal_task2,47,61,False
795,libero_goal_task2,48,60,False
795,libero_goal_task2,49,59,False
795,libero_goal_task2,50,58,False
795,libero_goal_task2,51,57,False
795,libero_goal_task2,52,56,False
795,libero_goal_task2,53,55,False
795,libero_goal_task2,54,54,False
795,libero_goal_task2,55,53,False
795,libero_goal_task2,56,52,False
795,libero_goal_task2,57,51,False
795,libero_goal_task2,58,50,False
795,libero_goal_task2,59,49,False
795,libero_goal_task2,60,48,False
795,libero_goal_task2,61,47,False
795,libero_goal_task2,62,46,False
795,libero_goal_task2,63,45,False
795,libero_goal_task2,64,44,False
795,libero_goal_task2,65,43,False
795,libero_goal_task2,66,42,False
795,libero_goal_task2,67,41,False
795,libero_goal_task2,68,40,False
795,libero_goal_task2,69,39,False
795,libero_goal_task2,70,38,False
795,libero_goal_task2,71,37,False
795,libero_goal_task2,72,36,False
795,libero_goal_task2,73,35,False
795,libero_goal_task2,74,34,False
795,libero_goal_task2,75,33,False
795,libero_goal_task2,76,32,False
795,libero_goal_task2,77,31,False
795,libero_goal_task2,78,30,False
795,libero_goal_task2,79,29,False
795,libero_goal_task2,80,28,False
795,libero_goal_task2,81,27,False
795,libero_goal_task2,82,26,False
795,libero_goal_task2,83,25,False
795,libero_goal_task2,84,24,False
795,libero_goal_task2,85,23,False
795,libero_goal_task2,86,22,False
795,libero_goal_task2,87,21,False
795,libero_goal_task2,88,20,False
795,libero_goal_task2,89,19,False
795,libero_goal_task2,90,18,False
795,libero_goal_task2,91,17,False
795,libero_goal_task2,92,16,False
795,libero_goal_task2,93,15,False
795,libero_goal_task2,94,14,False
795,libero_goal_task2,95,13,False
795,libero_goal_task2,96,12,False
795,libero_goal_task2,97,11,False
795,libero_goal_task2,98,10,False
795,libero_goal_task2,99,9,False
795,libero_goal_task2,100,8,False
795,libero_goal_task2,101,7,False
795,libero_goal_task2,102,6,False
795,libero_goal_task2,103,5,False
795,libero_goal_task2,104,4,False
795,libero_goal_task2,105,3,False
795,libero_goal_task2,106,2,False
795,libero_goal_task2,107,1,False
795,libero_goal_task2,108,,True
795,libero_goal_task2,109,,True
795,libero_goal_task2,110,,True
795,libero_goal_task2,111,,True
795,libero_goal_task2,112,,True
795,libero_goal_task2,113,,True
811,libero_object_task3,0,56,False
811,libero_object_task3,1,55,False
811,libero_object_task3,2,54,False
811,libero_object_task3,3,53,False
811,libero_object_task3,4,52,False
811,libero_object_task3,5,51,False
811,libero_object_task3,6,50,False
811,libero_object_task3,7,49,False
811,libero_object_task3,8,48,False
811,libero_object_task3,9,47,False
811,libero_object_task3,10,46,False
811,libero_object_task3,11,45,False
811,libero_object_task3,12,44,False
811,libero_object_task3,13,43,False
811,libero_object_task3,14,42,False
811,libero_object_task3,15,41,False
811,libero_object_task3,16,40,False
811,libero_object_task3,17,39,False
811,libero_object_task3,18,38,False
811,libero_object_task3,19,37,False
811,libero_object_task3,20,36,False
811,libero_object_task3,21,35,False
811,libero_object_task3,22,34,False
811,libero_object_task3,23,33,False
811,libero_object_task3,24,32,False
811,libero_object_task3,25,31,False
811,libero_object_task3,26,30,False
811,libero_object_task3,27,29,False
811,libero_object_task3,28,28,False
811,libero_object_task3,29,27,False
811,libero_object_task3,30,26,False
811,libero_object_task3,31,25,False
811,libero_object_task3,32,24,False
811,libero_object_task3,33,23,False
811,libero_object_task3,34,22,False
811,libero_object_task3,35,21,False
811,libero_object_task3,36,20,False
811,libero_object_task3,37,19,False
811,libero_object_task3,38,18,False
811,libero_object_task3,39,17,False
811,libero_object_task3,40,16,False
811,libero_object_task3,41,15,False
811,libero_object_task3,42,14,False
811,libero_object_task3,43,13,False
811,libero_object_task3,44,12,False
811,libero_object_task3,45,11,False
811,libero_object_task3,46,10,False
811,libero_object_task3,47,9,False
811,libero_object_task3,48,8,False
811,libero_object_task3,49,7,False
811,libero_object_task3,50,6,False
811,libero_object_task3,51,5,False
811,libero_object_task3,52,4,False
811,libero_object_task3,53,3,False
811,libero_object_task3,54,2,False
811,libero_object_task3,55,1,False
811,libero_object_task3,56,67,False
811,libero_object_task3,57,66,False
811,libero_object_task3,58,65,False
811,libero_object_task3,59,64,False
811,libero_object_task3,60,63,False
811,libero_object_task3,61,62,False
811,libero_object_task3,62,61,False
811,libero_object_task3,63,60,False
811,libero_object_task3,64,59,False
811,libero_object_task3,65,58,False
811,libero_object_task3,66,57,False
811,libero_object_task3,67,56,False
811,libero_object_task3,68,55,False
811,libero_object_task3,69,54,False
811,libero_object_task3,70,53,False
811,libero_object_task3,71,52,False
811,libero_object_task3,72,51,False
811,libero_object_task3,73,50,False
811,libero_object_task3,74,49,False
811,libero_object_task3,75,48,False
811,libero_object_task3,76,47,False
811,libero_object_task3,77,46,False
811,libero_object_task3,78,45,False
811,libero_object_task3,79,44,False
811,libero_object_task3,80,43,False
811,libero_object_task3,81,42,False
811,libero_object_task3,82,41,False
811,libero_object_task3,83,40,False
811,libero_object_task3,84,39,False
811,libero_object_task3,85,38,False
811,libero_object_task3,86,37,False
811,libero_object_task3,87,36,False
811,libero_object_task3,88,35,False
811,libero_object_task3,89,34,False
811,libero_object_task3,90,33,False
811,libero_object_task3,91,32,False
811,libero_object_task3,92,31,False
811,libero_object_task3,93,30,False
811,libero_object_task3,94,29,False
811,libero_object_task3,95,28,False
811,libero_object_task3,96,27,False
811,libero_object_task3,97,26,False
811,libero_object_task3,98,25,False
811,libero_object_task3,99,24,False
811,libero_object_task3,100,23,False
811,libero_object_task3,101,22,False
811,libero_object_task3,102,21,False
811,libero_object_task3,103,20,False
811,libero_object_task3,104,19,False
811,libero_object_task3,105,18,False
811,libero_object_task3,106,17,False
811,libero_object_task3,107,16,False
811,libero_object_task3,108,15,False
811,libero_object_task3,109,14,False
811,libero_object_task3,110,13,False
811,libero_object_task3,111,12,False
811,libero_object_task3,112,11,False
811,libero_object_task3,113,10,False
811,libero_object_task3,114,9,False
811,libero_object_task3,115,8,False
811,libero_object_task3,116,7,False
811,libero_object_task3,117,6,False
811,libero_object_task3,118,5,False
811,libero_object_task3,119,4,False
811,libero_object_task3,120,3,False
811,libero_object_task3,121,2,False
811,libero_object_task3,122,1,False
811,libero_object_task3,123,,True
811,libero_object_task3,124,,True
811,libero_object_task3,125,,True
811,libero_object_task3,126,,True
811,libero_object_task3,127,,True
811,libero_object_task3,128,,True
811,libero_object_task3,129,,True
811,libero_object_task3,130,,True
811,libero_object_task3,131,,True
812,libero_object_task3,0,54,False
812,libero_object_task3,1,53,False
812,libero_object_task3,2,52,False
812,libero_object_task3,3,51,False
812,libero_object_task3,4,50,False
812,libero_object_task3,5,49,False
812,libero_object_task3,6,48,False
812,libero_object_task3,7,47,False
812,libero_object_task3,8,46,False
812,libero_object_task3,9,45,False
812,libero_object_task3,10,44,False
812,libero_object_task3,11,43,False
812,libero_object_task3,12,42,False
812,libero_object_task3,13,41,False
812,libero_object_task3,14,40,False
812,libero_object_task3,15,39,False
812,libero_object_task3,16,38,False
812,libero_object_task3,17,37,False
812,libero_object_task3,18,36,False
812,libero_object_task3,19,35,False
812,libero_object_task3,20,34,False
812,libero_object_task3,21,33,False
812,libero_object_task3,22,32,False
812,libero_object_task3,23,31,False
812,libero_object_task3,24,30,False
812,libero_object_task3,25,29,False
812,libero_object_task3,26,28,False
812,libero_object_task3,27,27,False
812,libero_object_task3,28,26,False
812,libero_object_task3,29,25,False
812,libero_object_task3,30,24,False
812,libero_object_task3,31,23,False
812,libero_object_task3,32,22,False
812,libero_object_task3,33,21,False
812,libero_object_task3,34,20,False
812,libero_object_task3,35,19,False
812,libero_object_task3,36,18,False
812,libero_object_task3,37,17,False
812,libero_object_task3,38,16,False
812,libero_object_task3,39,15,False
812,libero_object_task3,40,14,False
812,libero_object_task3,41,13,False
812,libero_object_task3,42,12,False
812,libero_object_task3,43,11,False
812,libero_object_task3,44,10,False
812,libero_object_task3,45,9,False
812,libero_object_task3,46,8,False
812,libero_object_task3,47,7,False
812,libero_object_task3,48,6,False
812,libero_object_task3,49,5,False
812,libero_object_task3,50,4,False
812,libero_object_task3,51,3,False
812,libero_object_task3,52,2,False
812,libero_object_task3,53,1,False
812,libero_object_task3,54,63,False
812,libero_object_task3,55,62,False
812,libero_object_task3,56,61,False
812,libero_object_task3,57,60,False
812,libero_object_task3,58,59,False
812,libero_object_task3,59,58,False
812,libero_object_task3,60,57,False
812,libero_object_task3,61,56,False
812,libero_object_task3,62,55,False
812,libero_object_task3,63,54,False
812,libero_object_task3,64,53,False
812,libero_object_task3,65,52,False
812,libero_object_task3,66,51,False
812,libero_object_task3,67,50,False
812,libero_object_task3,68,49,False
812,libero_object_task3,69,48,False
812,libero_object_task3,70,47,False
812,libero_object_task3,71,46,False
812,libero_object_task3,72,45,False
812,libero_object_task3,73,44,False
812,libero_object_task3,74,43,False
812,libero_object_task3,75,42,False
812,libero_object_task3,76,41,False
812,libero_object_task3,77,40,False
812,libero_object_task3,78,39,False
812,libero_object_task3,79,38,False
812,libero_object_task3,80,37,False
812,libero_object_task3,81,36,False
812,libero_object_task3,82,35,False
812,libero_object_task3,83,34,False
812,libero_object_task3,84,33,False
812,libero_object_task3,85,32,False
812,libero_object_task3,86,31,False
812,libero_object_task3,87,30,False
812,libero_object_task3,88,29,False
812,libero_object_task3,89,28,False
812,libero_object_task3,90,27,False
812,libero_object_task3,91,26,False
812,libero_object_task3,92,25,False
812,libero_object_task3,93,24,False
812,libero_object_task3,94,23,False
812,libero_object_task3,95,22,False
812,libero_object_task3,96,21,False
812,libero_object_task3,97,20,False
812,libero_object_task3,98,19,False
812,libero_object_task3,99,18,False
812,libero_object_task3,100,17,False
812,libero_object_task3,101,16,False
812,libero_object_task3,102,15,False
812,libero_object_task3,103,14,False
812,libero_object_task3,104,13,False
812,libero_object_task3,105,12,False
812,libero_object_task3,106,11,False
812,libero_object_task3,107,10,False
812,libero_object_task3,108,9,False
812,libero_object_task3,109,8,False
812,libero_object_task3,110,7,False
812,libero_object_task3,111,6,False
812,libero_object_task3,112,5,False
812,libero_object_task3,113,4,False
812,libero_object_task3,114,3,False
812,libero_object_task3,115,2,False
812,libero_object_task3,116,1,False
812,libero_object_task3,117,,True
812,libero_object_task3,118,,True
812,libero_object_task3,119,,True
812,libero_object_task3,120,,True
812,libero_object_task3,121,,True
812,libero_object_task3,122,,True
812,libero_object_task3,123,,True
812,libero_object_task3,124,,True
812,libero_object_task3,125,,True
812,libero_object_task3,126,,True
812,libero_object_task3,127,,True
812,libero_object_task3,128,,True
812,libero_object_task3,129,,True
812,libero_object_task3,130,,True
812,libero_object_task3,131,,True
824,libero_object_task3,0,48,False
824,libero_object_task3,1,47,False
824,libero_object_task3,2,46,False
824,libero_object_task3,3,45,False
824,libero_object_task3,4,44,False
824,libero_object_task3,5,43,False
824,libero_object_task3,6,42,False
824,libero_object_task3,7,41,False
824,libero_object_task3,8,40,False
824,libero_object_task3,9,39,False
824,libero_object_task3,10,38,False
824,libero_object_task3,11,37,False
824,libero_object_task3,12,36,False
824,libero_object_task3,13,35,False
824,libero_object_task3,14,34,False
824,libero_object_task3,15,33,False
824,libero_object_task3,16,32,False
824,libero_object_task3,17,31,False
824,libero_object_task3,18,30,False
824,libero_object_task3,19,29,False
824,libero_object_task3,20,28,False
824,libero_object_task3,21,27,False
824,libero_object_task3,22,26,False
824,libero_object_task3,23,25,False
824,libero_object_task3,24,24,False
824,libero_object_task3,25,23,False
824,libero_object_task3,26,22,False
824,libero_object_task3,27,21,False
824,libero_object_task3,28,20,False
824,libero_object_task3,29,19,False
824,libero_object_task3,30,18,False
824,libero_object_task3,31,17,False
824,libero_object_task3,32,16,False
824,libero_object_task3,33,15,False
824,libero_object_task3,34,14,False
824,libero_object_task3,35,13,False
824,libero_object_task3,36,12,False
824,libero_object_task3,37,11,False
824,libero_object_task3,38,10,False
824,libero_object_task3,39,9,False
824,libero_object_task3,40,8,False
824,libero_object_task3,41,7,False
824,libero_object_task3,42,6,False
824,libero_object_task3,43,5,False
824,libero_object_task3,44,4,False
824,libero_object_task3,45,3,False
824,libero_object_task3,46,2,False
824,libero_object_task3,47,1,False
824,libero_object_task3,48,15,False
824,libero_object_task3,49,14,False
824,libero_object_task3,50,13,False
824,libero_object_task3,51,12,False
824,libero_object_task3,52,11,False
824,libero_object_task3,53,10,False
824,libero_object_task3,54,9,False
824,libero_object_task3,55,8,False
824,libero_object_task3,56,7,False
824,libero_object_task3,57,6,False
824,libero_object_task3,58,5,False
824,libero_object_task3,59,4,False
824,libero_object_task3,60,3,False
824,libero_object_task3,61,2,False
824,libero_object_task3,62,1,False
824,libero_object_task3,63,18,False
824,libero_object_task3,64,17,False
824,libero_object_task3,65,16,False
824,libero_object_task3,66,15,False
824,libero_object_task3,67,14,False
824,libero_object_task3,68,13,False
824,libero_object_task3,69,12,False
824,libero_object_task3,70,11,False
824,libero_object_task3,71,10,False
824,libero_object_task3,72,9,False
824,libero_object_task3,73,8,False
824,libero_object_task3,74,7,False
824,libero_object_task3,75,6,False
824,libero_object_task3,76,5,False
824,libero_object_task3,77,4,False
824,libero_object_task3,78,3,False
824,libero_object_task3,79,2,False
824,libero_object_task3,80,1,False
824,libero_object_task3,81,72,False
824,libero_object_task3,82,71,False
824,libero_object_task3,83,70,False
824,libero_object_task3,84,69,False
824,libero_object_task3,85,68,False
824,libero_object_task3,86,67,False
824,libero_object_task3,87,66,False
824,libero_object_task3,88,65,False
824,libero_object_task3,89,64,False
824,libero_object_task3,90,63,False
824,libero_object_task3,91,62,False
824,libero_object_task3,92,61,False
824,libero_object_task3,93,60,False
824,libero_object_task3,94,59,False
824,libero_object_task3,95,58,False
824,libero_object_task3,96,57,False
824,libero_object_task3,97,56,False
824,libero_object_task3,98,55,False
824,libero_object_task3,99,54,False
824,libero_object_task3,100,53,False
824,libero_object_task3,101,52,False
824,libero_object_task3,102,51,False
824,libero_object_task3,103,50,False
824,libero_object_task3,104,49,False
824,libero_object_task3,105,48,False
824,libero_object_task3,106,47,False
824,libero_object_task3,107,46,False
824,libero_object_task3,108,45,False
824,libero_object_task3,109,44,False
824,libero_object_task3,110,43,False
824,libero_object_task3,111,42,False
824,libero_object_task3,112,41,False
824,libero_object_task3,113,40,False
824,libero_object_task3,114,39,False
824,libero_object_task3,115,38,False
824,libero_object_task3,116,37,False
824,libero_object_task3,117,36,False
824,libero_object_task3,118,35,False
824,libero_object_task3,119,34,False
824,libero_object_task3,120,33,False
824,libero_object_task3,121,32,False
824,libero_object_task3,122,31,False
824,libero_object_task3,123,30,False
824,libero_object_task3,124,29,False
824,libero_object_task3,125,28,False
824,libero_object_task3,126,27,False
824,libero_object_task3,127,26,False
824,libero_object_task3,128,25,False
824,libero_object_task3,129,24,False
824,libero_object_task3,130,23,False
824,libero_object_task3,131,22,False
824,libero_object_task3,132,21,False
824,libero_object_task3,133,20,False
824,libero_object_task3,134,19,False
824,libero_object_task3,135,18,False
824,libero_object_task3,136,17,False
824,libero_object_task3,137,16,False
824,libero_object_task3,138,15,False
824,libero_object_task3,139,14,False
824,libero_object_task3,140,13,False
824,libero_object_task3,141,12,False
824,libero_object_task3,142,11,False
824,libero_object_task3,143,10,False
824,libero_object_task3,144,9,False
824,libero_object_task3,145,8,False
824,libero_object_task3,146,7,False
824,libero_object_task3,147,6,False
824,libero_object_task3,148,5,False
824,libero_object_task3,149,4,False
824,libero_object_task3,150,3,False
824,libero_object_task3,151,2,False
824,libero_object_task3,152,1,False
824,libero_object_task3,153,,True
824,libero_object_task3,154,,True
824,libero_object_task3,155,,True
824,libero_object_task3,156,,True
824,libero_object_task3,157,,True
824,libero_object_task3,158,,True
824,libero_object_task3,159,,True
824,libero_object_task3,160,,True
843,libero_object_task3,0,54,False
843,libero_object_task3,1,53,False
843,libero_object_task3,2,52,False
843,libero_object_task3,3,51,False
843,libero_object_task3,4,50,False
843,libero_object_task3,5,49,False
843,libero_object_task3,6,48,False
843,libero_object_task3,7,47,False
843,libero_object_task3,8,46,False
843,libero_object_task3,9,45,False
843,libero_object_task3,10,44,False
843,libero_object_task3,11,43,False
843,libero_object_task3,12,42,False
843,libero_object_task3,13,41,False
843,libero_object_task3,14,40,False
843,libero_object_task3,15,39,False
843,libero_object_task3,16,38,False
843,libero_object_task3,17,37,False
843,libero_object_task3,18,36,False
843,libero_object_task3,19,35,False
843,libero_object_task3,20,34,False
843,libero_object_task3,21,33,False
843,libero_object_task3,22,32,False
843,libero_object_task3,23,31,False
843,libero_object_task3,24,30,False
843,libero_object_task3,25,29,False
843,libero_object_task3,26,28,False
843,libero_object_task3,27,27,False
843,libero_object_task3,28,26,False
843,libero_object_task3,29,25,False
843,libero_object_task3,30,24,False
843,libero_object_task3,31,23,False
843,libero_object_task3,32,22,False
843,libero_object_task3,33,21,False
843,libero_object_task3,34,20,False
843,libero_object_task3,35,19,False
843,libero_object_task3,36,18,False
843,libero_object_task3,37,17,False
843,libero_object_task3,38,16,False
843,libero_object_task3,39,15,False
843,libero_object_task3,40,14,False
843,libero_object_task3,41,13,False
843,libero_object_task3,42,12,False
843,libero_object_task3,43,11,False
843,libero_object_task3,44,10,False
843,libero_object_task3,45,9,False
843,libero_object_task3,46,8,False
843,libero_object_task3,47,7,False
843,libero_object_task3,48,6,False
843,libero_object_task3,49,5,False
843,libero_object_task3,50,4,False
843,libero_object_task3,51,3,False
843,libero_object_task3,52,2,False
843,libero_object_task3,53,1,False
843,libero_object_task3,54,71,False
843,libero_object_task3,55,70,False
843,libero_object_task3,56,69,False
843,libero_object_task3,57,68,False
843,libero_object_task3,58,67,False
843,libero_object_task3,59,66,False
843,libero_object_task3,60,65,False
843,libero_object_task3,61,64,False
843,libero_object_task3,62,63,False
843,libero_object_task3,63,62,False
843,libero_object_task3,64,61,False
843,libero_object_task3,65,60,False
843,libero_object_task3,66,59,False
843,libero_object_task3,67,58,False
843,libero_object_task3,68,57,False
843,libero_object_task3,69,56,False
843,libero_object_task3,70,55,False
843,libero_object_task3,71,54,False
843,libero_object_task3,72,53,False
843,libero_object_task3,73,52,False
843,libero_object_task3,74,51,False
843,libero_object_task3,75,50,False
843,libero_object_task3,76,49,False
843,libero_object_task3,77,48,False
843,libero_object_task3,78,47,False
843,libero_object_task3,79,46,False
843,libero_object_task3,80,45,False
843,libero_object_task3,81,44,False
843,libero_object_task3,82,43,False
843,libero_object_task3,83,42,False
843,libero_object_task3,84,41,False
843,libero_object_task3,85,40,False
843,libero_object_task3,86,39,False
843,libero_object_task3,87,38,False
843,libero_object_task3,88,37,False
843,libero_object_task3,89,36,False
843,libero_object_task3,90,35,False
843,libero_object_task3,91,34,False
843,libero_object_task3,92,33,False
843,libero_object_task3,93,32,False
843,libero_object_task3,94,31,False
843,libero_object_task3,95,30,False
843,libero_object_task3,96,29,False
843,libero_object_task3,97,28,False
843,libero_object_task3,98,27,False
843,libero_object_task3,99,26,False
843,libero_object_task3,100,25,False
843,libero_object_task3,101,24,False
843,libero_object_task3,102,23,False
843,libero_object_task3,103,22,False
843,libero_object_task3,104,21,False
843,libero_object_task3,105,20,False
843,libero_object_task3,106,19,False
843,libero_object_task3,107,18,False
843,libero_object_task3,108,17,False
843,libero_object_task3,109,16,False
843,libero_object_task3,110,15,False
843,libero_object_task3,111,14,False
843,libero_object_task3,112,13,False
843,libero_object_task3,113,12,False
843,libero_object_task3,114,11,False
843,libero_object_task3,115,10,False
843,libero_object_task3,116,9,False
843,libero_object_task3,117,8,False
843,libero_object_task3,118,7,False
843,libero_object_task3,119,6,False
843,libero_object_task3,120,5,False
843,libero_object_task3,121,4,False
843,libero_object_task3,122,3,False
843,libero_object_task3,123,2,False
843,libero_object_task3,124,1,False
843,libero_object_task3,125,,True
843,libero_object_task3,126,,True
843,libero_object_task3,127,,True
843,libero_object_task3,128,,True
843,libero_object_task3,129,,True
843,libero_object_task3,130,,True
843,libero_object_task3,131,,True
843,libero_object_task3,132,,True
843,libero_object_task3,133,,True
843,libero_object_task3,134,,True
846,libero_object_task3,0,43,False
846,libero_object_task3,1,42,False
846,libero_object_task3,2,41,False
846,libero_object_task3,3,40,False
846,libero_object_task3,4,39,False
846,libero_object_task3,5,38,False
846,libero_object_task3,6,37,False
846,libero_object_task3,7,36,False
846,libero_object_task3,8,35,False
846,libero_object_task3,9,34,False
846,libero_object_task3,10,33,False
846,libero_object_task3,11,32,False
846,libero_object_task3,12,31,False
846,libero_object_task3,13,30,False
846,libero_object_task3,14,29,False
846,libero_object_task3,15,28,False
846,libero_object_task3,16,27,False
846,libero_object_task3,17,26,False
846,libero_object_task3,18,25,False
846,libero_object_task3,19,24,False
846,libero_object_task3,20,23,False
846,libero_object_task3,21,22,False
846,libero_object_task3,22,21,False
846,libero_object_task3,23,20,False
846,libero_object_task3,24,19,False
846,libero_object_task3,25,18,False
846,libero_object_task3,26,17,False
846,libero_object_task3,27,16,False
846,libero_object_task3,28,15,False
846,libero_object_task3,29,14,False
846,libero_object_task3,30,13,False
846,libero_object_task3,31,12,False
846,libero_object_task3,32,11,False
846,libero_object_task3,33,10,False
846,libero_object_task3,34,9,False
846,libero_object_task3,35,8,False
846,libero_object_task3,36,7,False
846,libero_object_task3,37,6,False
846,libero_object_task3,38,5,False
846,libero_object_task3,39,4,False
846,libero_object_task3,40,3,False
846,libero_object_task3,41,2,False
846,libero_object_task3,42,1,False
846,libero_object_task3,43,74,False
846,libero_object_task3,44,73,False
846,libero_object_task3,45,72,False
846,libero_object_task3,46,71,False
846,libero_object_task3,47,70,False
846,libero_object_task3,48,69,False
846,libero_object_task3,49,68,False
846,libero_object_task3,50,67,False
846,libero_object_task3,51,66,False
846,libero_object_task3,52,65,False
846,libero_object_task3,53,64,False
846,libero_object_task3,54,63,False
846,libero_object_task3,55,62,False
846,libero_object_task3,56,61,False
846,libero_object_task3,57,60,False
846,libero_object_task3,58,59,False
846,libero_object_task3,59,58,False
846,libero_object_task3,60,57,False
846,libero_object_task3,61,56,False
846,libero_object_task3,62,55,False
846,libero_object_task3,63,54,False
846,libero_object_task3,64,53,False
846,libero_object_task3,65,52,False
846,libero_object_task3,66,51,False
846,libero_object_task3,67,50,False
846,libero_object_task3,68,49,False
846,libero_object_task3,69,48,False
846,libero_object_task3,70,47,False
846,libero_object_task3,71,46,False
846,libero_object_task3,72,45,False
846,libero_object_task3,73,44,False
846,libero_object_task3,74,43,False
846,libero_object_task3,75,42,False
846,libero_object_task3,76,41,False
846,libero_object_task3,77,40,False
846,libero_object_task3,78,39,False
846,libero_object_task3,79,38,False
846,libero_object_task3,80,37,False
846,libero_object_task3,81,36,False
846,libero_object_task3,82,35,False
846,libero_object_task3,83,34,False
846,libero_object_task3,84,33,False
846,libero_object_task3,85,32,False
846,libero_object_task3,86,31,False
846,libero_object_task3,87,30,False
846,libero_object_task3,88,29,False
846,libero_object_task3,89,28,False
846,libero_object_task3,90,27,False
846,libero_object_task3,91,26,False
846,libero_object_task3,92,25,False
846,libero_object_task3,93,24,False
846,libero_object_task3,94,23,False
846,libero_object_task3,95,22,False
846,libero_object_task3,96,21,False
846,libero_object_task3,97,20,False
846,libero_object_task3,98,19,False
846,libero_object_task3,99,18,False
846,libero_object_task3,100,17,False
846,libero_object_task3,101,16,False
846,libero_object_task3,102,15,False
846,libero_object_task3,103,14,False
846,libero_object_task3,104,13,False
846,libero_object_task3,105,12,False
846,libero_object_task3,106,11,False
846,libero_object_task3,107,10,False
846,libero_object_task3,108,9,False
846,libero_object_task3,109,8,False
846,libero_object_task3,110,7,False
846,libero_object_task3,111,6,False
846,libero_object_task3,112,5,False
846,libero_object_task3,113,4,False
846,libero_object_task3,114,3,False
846,libero_object_task3,115,2,False
846,libero_object_task3,116,1,False
846,libero_object_task3,117,,True
846,libero_object_task3,118,,True
846,libero_object_task3,119,,True
846,libero_object_task3,120,,True
846,libero_object_task3,121,,True
846,libero_object_task3,122,,True
846,libero_object_task3,123,,True
846,libero_object_task3,124,,True
846,libero_object_task3,125,,True
846,libero_object_task3,126,,True
846,libero_object_task3,127,,True
846,libero_object_task3,128,,True
846,libero_object_task3,129,,True
846,libero_object_task3,130,,True
846,libero_object_task3,131,,True
846,libero_object_task3,132,,True
849,libero_object_task3,0,54,False
849,libero_object_task3,1,53,False
849,libero_object_task3,2,52,False
849,libero_object_task3,3,51,False
849,libero_object_task3,4,50,False
849,libero_object_task3,5,49,False
849,libero_object_task3,6,48,False
849,libero_object_task3,7,47,False
849,libero_object_task3,8,46,False
849,libero_object_task3,9,45,False
849,libero_object_task3,10,44,False
849,libero_object_task3,11,43,False
849,libero_object_task3,12,42,False
849,libero_object_task3,13,41,False
849,libero_object_task3,14,40,False
849,libero_object_task3,15,39,False
849,libero_object_task3,16,38,False
849,libero_object_task3,17,37,False
849,libero_object_task3,18,36,False
849,libero_object_task3,19,35,False
849,libero_object_task3,20,34,False
849,libero_object_task3,21,33,False
849,libero_object_task3,22,32,False
849,libero_object_task3,23,31,False
849,libero_object_task3,24,30,False
849,libero_object_task3,25,29,False
849,libero_object_task3,26,28,False
849,libero_object_task3,27,27,False
849,libero_object_task3,28,26,False
849,libero_object_task3,29,25,False
849,libero_object_task3,30,24,False
849,libero_object_task3,31,23,False
849,libero_object_task3,32,22,False
849,libero_object_task3,33,21,False
849,libero_object_task3,34,20,False
849,libero_object_task3,35,19,False
849,libero_object_task3,36,18,False
849,libero_object_task3,37,17,False
849,libero_object_task3,38,16,False
849,libero_object_task3,39,15,False
849,libero_object_task3,40,14,False
849,libero_object_task3,41,13,False
849,libero_object_task3,42,12,False
849,libero_object_task3,43,11,False
849,libero_object_task3,44,10,False
849,libero_object_task3,45,9,False
849,libero_object_task3,46,8,False
849,libero_object_task3,47,7,False
849,libero_object_task3,48,6,False
849,libero_object_task3,49,5,False
849,libero_object_task3,50,4,False
849,libero_object_task3,51,3,False
849,libero_object_task3,52,2,False
849,libero_object_task3,53,1,False
849,libero_object_task3,54,90,False
849,libero_object_task3,55,89,False
849,libero_object_task3,56,88,False
849,libero_object_task3,57,87,False
849,libero_object_task3,58,86,False
849,libero_object_task3,59,85,False
849,libero_object_task3,60,84,False
849,libero_object_task3,61,83,False
849,libero_object_task3,62,82,False
849,libero_object_task3,63,81,False
849,libero_object_task3,64,80,False
849,libero_object_task3,65,79,False
849,libero_object_task3,66,78,False
849,libero_object_task3,67,77,False
849,libero_object_task3,68,76,False
849,libero_object_task3,69,75,False
849,libero_object_task3,70,74,False
849,libero_object_task3,71,73,False
849,libero_object_task3,72,72,False
849,libero_object_task3,73,71,False
849,libero_object_task3,74,70,False
849,libero_object_task3,75,69,False
849,libero_object_task3,76,68,False
849,libero_object_task3,77,67,False
849,libero_object_task3,78,66,False
849,libero_object_task3,79,65,False
849,libero_object_task3,80,64,False
849,libero_object_task3,81,63,False
849,libero_object_task3,82,62,False
849,libero_object_task3,83,61,False
849,libero_object_task3,84,60,False
849,libero_object_task3,85,59,False
849,libero_object_task3,86,58,False
849,libero_object_task3,87,57,False
849,libero_object_task3,88,56,False
849,libero_object_task3,89,55,False
849,libero_object_task3,90,54,False
849,libero_object_task3,91,53,False
849,libero_object_task3,92,52,False
849,libero_object_task3,93,51,False
849,libero_object_task3,94,50,False
849,libero_object_task3,95,49,False
849,libero_object_task3,96,48,False
849,libero_object_task3,97,47,False
849,libero_object_task3,98,46,False
849,libero_object_task3,99,45,False
849,libero_object_task3,100,44,False
849,libero_object_task3,101,43,False
849,libero_object_task3,102,42,False
849,libero_object_task3,103,41,False
849,libero_object_task3,104,40,False
849,libero_object_task3,105,39,False
849,libero_object_task3,106,38,False
849,libero_object_task3,107,37,False
849,libero_object_task3,108,36,False
849,libero_object_task3,109,35,False
849,libero_object_task3,110,34,False
849,libero_object_task3,111,33,False
849,libero_object_task3,112,32,False
849,libero_object_task3,113,31,False
849,libero_object_task3,114,30,False
849,libero_object_task3,115,29,False
849,libero_object_task3,116,28,False
849,libero_object_task3,117,27,False
849,libero_object_task3,118,26,False
849,libero_object_task3,119,25,False
849,libero_object_task3,120,24,False
849,libero_object_task3,121,23,False
849,libero_object_task3,122,22,False
849,libero_object_task3,123,21,False
849,libero_object_task3,124,20,False
849,libero_object_task3,125,19,False
849,libero_object_task3,126,18,False
849,libero_object_task3,127,17,False
849,libero_object_task3,128,16,False
849,libero_object_task3,129,15,False
849,libero_object_task3,130,14,False
849,libero_object_task3,131,13,False
849,libero_object_task3,132,12,False
849,libero_object_task3,133,11,False
849,libero_object_task3,134,10,False
849,libero_object_task3,135,9,False
849,libero_object_task3,136,8,False
849,libero_object_task3,137,7,False
849,libero_object_task3,138,6,False
849,libero_object_task3,139,5,False
849,libero_object_task3,140,4,False
849,libero_object_task3,141,3,False
849,libero_object_task3,142,2,False
849,libero_object_task3,143,1,False
849,libero_object_task3,144,,True
849,libero_object_task3,145,,True
849,libero_object_task3,146,,True
849,libero_object_task3,147,,True
849,libero_object_task3,148,,True
849,libero_object_task3,149,,True
849,libero_object_task3,150,,True
849,libero_object_task3,151,,True
849,libero_object_task3,152,,True
849,libero_object_task3,153,,True
849,libero_object_task3,154,,True
849,libero_object_task3,155,,True
849,libero_object_task3,156,,True
849,libero_object_task3,157,,True
849,libero_object_task3,158,,True
849,libero_object_task3,159,,True
853,libero_object_task3,0,47,False
853,libero_object_task3,1,46,False
853,libero_object_task3,2,45,False
853,libero_object_task3,3,44,False
853,libero_object_task3,4,43,False
853,libero_object_task3,5,42,False
853,libero_object_task3,6,41,False
853,libero_object_task3,7,40,False
853,libero_object_task3,8,39,False
853,libero_object_task3,9,38,False
853,libero_object_task3,10,37,False
853,libero_object_task3,11,36,False
853,libero_object_task3,12,35,False
853,libero_object_task3,13,34,False
853,libero_object_task3,14,33,False
853,libero_object_task3,15,32,False
853,libero_object_task3,16,31,False
853,libero_object_task3,17,30,False
853,libero_object_task3,18,29,False
853,libero_object_task3,19,28,False
853,libero_object_task3,20,27,False
853,libero_object_task3,21,26,False
853,libero_object_task3,22,25,False
853,libero_object_task3,23,24,False
853,libero_object_task3,24,23,False
853,libero_object_task3,25,22,False
853,libero_object_task3,26,21,False
853,libero_object_task3,27,20,False
853,libero_object_task3,28,19,False
853,libero_object_task3,29,18,False
853,libero_object_task3,30,17,False
853,libero_object_task3,31,16,False
853,libero_object_task3,32,15,False
853,libero_object_task3,33,14,False
853,libero_object_task3,34,13,False
853,libero_object_task3,35,12,False
853,libero_object_task3,36,11,False
853,libero_object_task3,37,10,False
853,libero_object_task3,38,9,False
853,libero_object_task3,39,8,False
853,libero_object_task3,40,7,False
853,libero_object_task3,41,6,False
853,libero_object_task3,42,5,False
853,libero_object_task3,43,4,False
853,libero_object_task3,44,3,False
853,libero_object_task3,45,2,False
853,libero_object_task3,46,1,False
853,libero_object_task3,47,71,False
853,libero_object_task3,48,70,False
853,libero_object_task3,49,69,False
853,libero_object_task3,50,68,False
853,libero_object_task3,51,67,False
853,libero_object_task3,52,66,False
853,libero_object_task3,53,65,False
853,libero_object_task3,54,64,False
853,libero_object_task3,55,63,False
853,libero_object_task3,56,62,False
853,libero_object_task3,57,61,False
853,libero_object_task3,58,60,False
853,libero_object_task3,59,59,False
853,libero_object_task3,60,58,False
853,libero_object_task3,61,57,False
853,libero_object_task3,62,56,False
853,libero_object_task3,63,55,False
853,libero_object_task3,64,54,False
853,libero_object_task3,65,53,False
853,libero_object_task3,66,52,False
853,libero_object_task3,67,51,False
853,libero_object_task3,68,50,False
853,libero_object_task3,69,49,False
853,libero_object_task3,70,48,False
853,libero_object_task3,71,47,False
853,libero_object_task3,72,46,False
853,libero_object_task3,73,45,False
853,libero_object_task3,74,44,False
853,libero_object_task3,75,43,False
853,libero_object_task3,76,42,False
853,libero_object_task3,77,41,False
853,libero_object_task3,78,40,False
853,libero_object_task3,79,39,False
853,libero_object_task3,80,38,False
853,libero_object_task3,81,37,False
853,libero_object_task3,82,36,False
853,libero_object_task3,83,35,False
853,libero_object_task3,84,34,False
853,libero_object_task3,85,33,False
853,libero_object_task3,86,32,False
853,libero_object_task3,87,31,False
853,libero_object_task3,88,30,False
853,libero_object_task3,89,29,False
853,libero_object_task3,90,28,False
853,libero_object_task3,91,27,False
853,libero_object_task3,92,26,False
853,libero_object_task3,93,25,False
853,libero_object_task3,94,24,False
853,libero_object_task3,95,23,False
853,libero_object_task3,96,22,False
853,libero_object_task3,97,21,False
853,libero_object_task3,98,20,False
853,libero_object_task3,99,19,False
853,libero_object_task3,100,18,False
853,libero_object_task3,101,17,False
853,libero_object_task3,102,16,False
853,libero_object_task3,103,15,False
853,libero_object_task3,104,14,False
853,libero_object_task3,105,13,False
853,libero_object_task3,106,12,False
853,libero_object_task3,107,11,False
853,libero_object_task3,108,10,False
853,libero_object_task3,109,9,False
853,libero_object_task3,110,8,False
853,libero_object_task3,111,7,False
853,libero_object_task3,112,6,False
853,libero_object_task3,113,5,False
853,libero_object_task3,114,4,False
853,libero_object_task3,115,3,False
853,libero_object_task3,116,2,False
853,libero_object_task3,117,1,False
853,libero_object_task3,118,,True
853,libero_object_task3,119,,True
853,libero_object_task3,120,,True
853,libero_object_task3,121,,True
853,libero_object_task3,122,,True
853,libero_object_task3,123,,True
853,libero_object_task3,124,,True
858,libero_object_task3,0,47,False
858,libero_object_task3,1,46,False
858,libero_object_task3,2,45,False
858,libero_object_task3,3,44,False
858,libero_object_task3,4,43,False
858,libero_object_task3,5,42,False
858,libero_object_task3,6,41,False
858,libero_object_task3,7,40,False
858,libero_object_task3,8,39,False
858,libero_object_task3,9,38,False
858,libero_object_task3,10,37,False
858,libero_object_task3,11,36,False
858,libero_object_task3,12,35,False
858,libero_object_task3,13,34,False
858,libero_object_task3,14,33,False
858,libero_object_task3,15,32,False
858,libero_object_task3,16,31,False
858,libero_object_task3,17,30,False
858,libero_object_task3,18,29,False
858,libero_object_task3,19,28,False
858,libero_object_task3,20,27,False
858,libero_object_task3,21,26,False
858,libero_object_task3,22,25,False
858,libero_object_task3,23,24,False
858,libero_object_task3,24,23,False
858,libero_object_task3,25,22,False
858,libero_object_task3,26,21,False
858,libero_object_task3,27,20,False
858,libero_object_task3,28,19,False
858,libero_object_task3,29,18,False
858,libero_object_task3,30,17,False
858,libero_object_task3,31,16,False
858,libero_object_task3,32,15,False
858,libero_object_task3,33,14,False
858,libero_object_task3,34,13,False
858,libero_object_task3,35,12,False
858,libero_object_task3,36,11,False
858,libero_object_task3,37,10,False
858,libero_object_task3,38,9,False
858,libero_object_task3,39,8,False
858,libero_object_task3,40,7,False
858,libero_object_task3,41,6,False
858,libero_object_task3,42,5,False
858,libero_object_task3,43,4,False
858,libero_object_task3,44,3,False
858,libero_object_task3,45,2,False
858,libero_object_task3,46,1,False
858,libero_object_task3,47,68,False
858,libero_object_task3,48,67,False
858,libero_object_task3,49,66,False
858,libero_object_task3,50,65,False
858,libero_object_task3,51,64,False
858,libero_object_task3,52,63,False
858,libero_object_task3,53,62,False
858,libero_object_task3,54,61,False
858,libero_object_task3,55,60,False
858,libero_object_task3,56,59,False
858,libero_object_task3,57,58,False
858,libero_object_task3,58,57,False
858,libero_object_task3,59,56,False
858,libero_object_task3,60,55,False
858,libero_object_task3,61,54,False
858,libero_object_task3,62,53,False
858,libero_object_task3,63,52,False
858,libero_object_task3,64,51,False
858,libero_object_task3,65,50,False
858,libero_object_task3,66,49,False
858,libero_object_task3,67,48,False
858,libero_object_task3,68,47,False
858,libero_object_task3,69,46,False
858,libero_object_task3,70,45,False
858,libero_object_task3,71,44,False
858,libero_object_task3,72,43,False
858,libero_object_task3,73,42,False
858,libero_object_task3,74,41,False
858,libero_object_task3,75,40,False
858,libero_object_task3,76,39,False
858,libero_object_task3,77,38,False
858,libero_object_task3,78,37,False
858,libero_object_task3,79,36,False
858,libero_object_task3,80,35,False
858,libero_object_task3,81,34,False
858,libero_object_task3,82,33,False
858,libero_object_task3,83,32,False
858,libero_object_task3,84,31,False
858,libero_object_task3,85,30,False
858,libero_object_task3,86,29,False
858,libero_object_task3,87,28,False
858,libero_object_task3,88,27,False
858,libero_object_task3,89,26,False
858,libero_object_task3,90,25,False
858,libero_object_task3,91,24,False
858,libero_object_task3,92,23,False
858,libero_object_task3,93,22,False
858,libero_object_task3,94,21,False
858,libero_object_task3,95,20,False
858,libero_object_task3,96,19,False
858,libero_object_task3,97,18,False
858,libero_object_task3,98,17,False
858,libero_object_task3,99,16,False
858,libero_object_task3,100,15,False
858,libero_object_task3,101,14,False
858,libero_object_task3,102,13,False
858,libero_object_task3,103,12,False
858,libero_object_task3,104,11,False
858,libero_object_task3,105,10,False
858,libero_object_task3,106,9,False
858,libero_object_task3,107,8,False
858,libero_object_task3,108,7,False
858,libero_object_task3,109,6,False
858,libero_object_task3,110,5,False
858,libero_object_task3,111,4,False
858,libero_object_task3,112,3,False
858,libero_object_task3,113,2,False
858,libero_object_task3,114,1,False
858,libero_object_task3,115,,True
858,libero_object_task3,116,,True
858,libero_object_task3,117,,True
858,libero_object_task3,118,,True
858,libero_object_task3,119,,True
858,libero_object_task3,120,,True
858,libero_object_task3,121,,True
858,libero_object_task3,122,,True
858,libero_object_task3,123,,True
858,libero_object_task3,124,,True
858,libero_object_task3,125,,True
858,libero_object_task3,126,,True
858,libero_object_task3,127,,True
858,libero_object_task3,128,,True
858,libero_object_task3,129,,True
858,libero_object_task3,130,,True
858,libero_object_task3,131,,True
867,libero_object_task3,0,48,False
867,libero_object_task3,1,47,False
867,libero_object_task3,2,46,False
867,libero_object_task3,3,45,False
867,libero_object_task3,4,44,False
867,libero_object_task3,5,43,False
867,libero_object_task3,6,42,False
867,libero_object_task3,7,41,False
867,libero_object_task3,8,40,False
867,libero_object_task3,9,39,False
867,libero_object_task3,10,38,False
867,libero_object_task3,11,37,False
867,libero_object_task3,12,36,False
867,libero_object_task3,13,35,False
867,libero_object_task3,14,34,False
867,libero_object_task3,15,33,False
867,libero_object_task3,16,32,False
867,libero_object_task3,17,31,False
867,libero_object_task3,18,30,False
867,libero_object_task3,19,29,False
867,libero_object_task3,20,28,False
867,libero_object_task3,21,27,False
867,libero_object_task3,22,26,False
867,libero_object_task3,23,25,False
867,libero_object_task3,24,24,False
867,libero_object_task3,25,23,False
867,libero_object_task3,26,22,False
867,libero_object_task3,27,21,False
867,libero_object_task3,28,20,False
867,libero_object_task3,29,19,False
867,libero_object_task3,30,18,False
867,libero_object_task3,31,17,False
867,libero_object_task3,32,16,False
867,libero_object_task3,33,15,False
867,libero_object_task3,34,14,False
867,libero_object_task3,35,13,False
867,libero_object_task3,36,12,False
867,libero_object_task3,37,11,False
867,libero_object_task3,38,10,False
867,libero_object_task3,39,9,False
867,libero_object_task3,40,8,False
867,libero_object_task3,41,7,False
867,libero_object_task3,42,6,False
867,libero_object_task3,43,5,False
867,libero_object_task3,44,4,False
867,libero_object_task3,45,3,False
867,libero_object_task3,46,2,False
867,libero_object_task3,47,1,False
867,libero_object_task3,48,64,False
867,libero_object_task3,49,63,False
867,libero_object_task3,50,62,False
867,libero_object_task3,51,61,False
867,libero_object_task3,52,60,False
867,libero_object_task3,53,59,False
867,libero_object_task3,54,58,False
867,libero_object_task3,55,57,False
867,libero_object_task3,56,56,False
867,libero_object_task3,57,55,False
867,libero_object_task3,58,54,False
867,libero_object_task3,59,53,False
867,libero_object_task3,60,52,False
867,libero_object_task3,61,51,False
867,libero_object_task3,62,50,False
867,libero_object_task3,63,49,False
867,libero_object_task3,64,48,False
867,libero_object_task3,65,47,False
867,libero_object_task3,66,46,False
867,libero_object_task3,67,45,False
867,libero_object_task3,68,44,False
867,libero_object_task3,69,43,False
867,libero_object_task3,70,42,False
867,libero_object_task3,71,41,False
867,libero_object_task3,72,40,False
867,libero_object_task3,73,39,False
867,libero_object_task3,74,38,False
867,libero_object_task3,75,37,False
867,libero_object_task3,76,36,False
867,libero_object_task3,77,35,False
867,libero_object_task3,78,34,False
867,libero_object_task3,79,33,False
867,libero_object_task3,80,32,False
867,libero_object_task3,81,31,False
867,libero_object_task3,82,30,False
867,libero_object_task3,83,29,False
867,libero_object_task3,84,28,False
867,libero_object_task3,85,27,False
867,libero_object_task3,86,26,False
867,libero_object_task3,87,25,False
867,libero_object_task3,88,24,False
867,libero_object_task3,89,23,False
867,libero_object_task3,90,22,False
867,libero_object_task3,91,21,False
867,libero_object_task3,92,20,False
867,libero_object_task3,93,19,False
867,libero_object_task3,94,18,False
867,libero_object_task3,95,17,False
867,libero_object_task3,96,16,False
867,libero_object_task3,97,15,False
867,libero_object_task3,98,14,False
867,libero_object_task3,99,13,False
867,libero_object_task3,100,12,False
867,libero_object_task3,101,11,False
867,libero_object_task3,102,10,False
867,libero_object_task3,103,9,False
867,libero_object_task3,104,8,False
867,libero_object_task3,105,7,False
867,libero_object_task3,106,6,False
867,libero_object_task3,107,5,False
867,libero_object_task3,108,4,False
867,libero_object_task3,109,3,False
867,libero_object_task3,110,2,False
867,libero_object_task3,111,1,False
867,libero_object_task3,112,,True
867,libero_object_task3,113,,True
867,libero_object_task3,114,,True
867,libero_object_task3,115,,True
867,libero_object_task3,116,,True
867,libero_object_task3,117,,True
867,libero_object_task3,118,,True
867,libero_object_task3,119,,True
867,libero_object_task3,120,,True
867,libero_object_task3,121,,True
867,libero_object_task3,122,,True
867,libero_object_task3,123,,True
867,libero_object_task3,124,,True
867,libero_object_task3,125,,True
867,libero_object_task3,126,,True
867,libero_object_task3,127,,True
871,libero_object_task3,0,48,False
871,libero_object_task3,1,47,False
871,libero_object_task3,2,46,False
871,libero_object_task3,3,45,False
871,libero_object_task3,4,44,False
871,libero_object_task3,5,43,False
871,libero_object_task3,6,42,False
871,libero_object_task3,7,41,False
871,libero_object_task3,8,40,False
871,libero_object_task3,9,39,False
871,libero_object_task3,10,38,False
871,libero_object_task3,11,37,False
871,libero_object_task3,12,36,False
871,libero_object_task3,13,35,False
871,libero_object_task3,14,34,False
871,libero_object_task3,15,33,False
871,libero_object_task3,16,32,False
871,libero_object_task3,17,31,False
871,libero_object_task3,18,30,False
871,libero_object_task3,19,29,False
871,libero_object_task3,20,28,False
871,libero_object_task3,21,27,False
871,libero_object_task3,22,26,False
871,libero_object_task3,23,25,False
871,libero_object_task3,24,24,False
871,libero_object_task3,25,23,False
871,libero_object_task3,26,22,False
871,libero_object_task3,27,21,False
871,libero_object_task3,28,20,False
871,libero_object_task3,29,19,False
871,libero_object_task3,30,18,False
871,libero_object_task3,31,17,False
871,libero_object_task3,32,16,False
871,libero_object_task3,33,15,False
871,libero_object_task3,34,14,False
871,libero_object_task3,35,13,False
871,libero_object_task3,36,12,False
871,libero_object_task3,37,11,False
871,libero_object_task3,38,10,False
871,libero_object_task3,39,9,False
871,libero_object_task3,40,8,False
871,libero_object_task3,41,7,False
871,libero_object_task3,42,6,False
871,libero_object_task3,43,5,False
871,libero_object_task3,44,4,False
871,libero_object_task3,45,3,False
871,libero_object_task3,46,2,False
871,libero_object_task3,47,1,False
871,libero_object_task3,48,65,False
871,libero_object_task3,49,64,False
871,libero_object_task3,50,63,False
871,libero_object_task3,51,62,False
871,libero_object_task3,52,61,False
871,libero_object_task3,53,60,False
871,libero_object_task3,54,59,False
871,libero_object_task3,55,58,False
871,libero_object_task3,56,57,False
871,libero_object_task3,57,56,False
871,libero_object_task3,58,55,False
871,libero_object_task3,59,54,False
871,libero_object_task3,60,53,False
871,libero_object_task3,61,52,False
871,libero_object_task3,62,51,False
871,libero_object_task3,63,50,False
871,libero_object_task3,64,49,False
871,libero_object_task3,65,48,False
871,libero_object_task3,66,47,False
871,libero_object_task3,67,46,False
871,libero_object_task3,68,45,False
871,libero_object_task3,69,44,False
871,libero_object_task3,70,43,False
871,libero_object_task3,71,42,False
871,libero_object_task3,72,41,False
871,libero_object_task3,73,40,False
871,libero_object_task3,74,39,False
871,libero_object_task3,75,38,False
871,libero_object_task3,76,37,False
871,libero_object_task3,77,36,False
871,libero_object_task3,78,35,False
871,libero_object_task3,79,34,False
871,libero_object_task3,80,33,False
871,libero_object_task3,81,32,False
871,libero_object_task3,82,31,False
871,libero_object_task3,83,30,False
871,libero_object_task3,84,29,False
871,libero_object_task3,85,28,False
871,libero_object_task3,86,27,False
871,libero_object_task3,87,26,False
871,libero_object_task3,88,25,False
871,libero_object_task3,89,24,False
871,libero_object_task3,90,23,False
871,libero_object_task3,91,22,False
871,libero_object_task3,92,21,False
871,libero_object_task3,93,20,False
871,libero_object_task3,94,19,False
871,libero_object_task3,95,18,False
871,libero_object_task3,96,17,False
871,libero_object_task3,97,16,False
871,libero_object_task3,98,15,False
871,libero_object_task3,99,14,False
871,libero_object_task3,100,13,False
871,libero_object_task3,101,12,False
871,libero_object_task3,102,11,False
871,libero_object_task3,103,10,False
871,libero_object_task3,104,9,False
871,libero_object_task3,105,8,False
871,libero_object_task3,106,7,False
871,libero_object_task3,107,6,False
871,libero_object_task3,108,5,False
871,libero_object_task3,109,4,False
871,libero_object_task3,110,3,False
871,libero_object_task3,111,2,False
871,libero_object_task3,112,1,False
871,libero_object_task3,113,,True
871,libero_object_task3,114,,True
871,libero_object_task3,115,,True
871,libero_object_task3,116,,True
871,libero_object_task3,117,,True
871,libero_object_task3,118,,True
871,libero_object_task3,119,,True
871,libero_object_task3,120,,True
871,libero_object_task3,121,,True
871,libero_object_task3,122,,True
871,libero_object_task3,123,,True
871,libero_object_task3,124,,True
871,libero_object_task3,125,,True
871,libero_object_task3,126,,True
871,libero_object_task3,127,,True
871,libero_object_task3,128,,True
889,libero_object_task3,0,46,False
889,libero_object_task3,1,45,False
889,libero_object_task3,2,44,False
889,libero_object_task3,3,43,False
889,libero_object_task3,4,42,False
889,libero_object_task3,5,41,False
889,libero_object_task3,6,40,False
889,libero_object_task3,7,39,False
889,libero_object_task3,8,38,False
889,libero_object_task3,9,37,False
889,libero_object_task3,10,36,False
889,libero_object_task3,11,35,False
889,libero_object_task3,12,34,False
889,libero_object_task3,13,33,False
889,libero_object_task3,14,32,False
889,libero_object_task3,15,31,False
889,libero_object_task3,16,30,False
889,libero_object_task3,17,29,False
889,libero_object_task3,18,28,False
889,libero_object_task3,19,27,False
889,libero_object_task3,20,26,False
889,libero_object_task3,21,25,False
889,libero_object_task3,22,24,False
889,libero_object_task3,23,23,False
889,libero_object_task3,24,22,False
889,libero_object_task3,25,21,False
889,libero_object_task3,26,20,False
889,libero_object_task3,27,19,False
889,libero_object_task3,28,18,False
889,libero_object_task3,29,17,False
889,libero_object_task3,30,16,False
889,libero_object_task3,31,15,False
889,libero_object_task3,32,14,False
889,libero_object_task3,33,13,False
889,libero_object_task3,34,12,False
889,libero_object_task3,35,11,False
889,libero_object_task3,36,10,False
889,libero_object_task3,37,9,False
889,libero_object_task3,38,8,False
889,libero_object_task3,39,7,False
889,libero_object_task3,40,6,False
889,libero_object_task3,41,5,False
889,libero_object_task3,42,4,False
889,libero_object_task3,43,3,False
889,libero_object_task3,44,2,False
889,libero_object_task3,45,1,False
889,libero_object_task3,46,73,False
889,libero_object_task3,47,72,False
889,libero_object_task3,48,71,False
889,libero_object_task3,49,70,False
889,libero_object_task3,50,69,False
889,libero_object_task3,51,68,False
889,libero_object_task3,52,67,False
889,libero_object_task3,53,66,False
889,libero_object_task3,54,65,False
889,libero_object_task3,55,64,False
889,libero_object_task3,56,63,False
889,libero_object_task3,57,62,False
889,libero_object_task3,58,61,False
889,libero_object_task3,59,60,False
889,libero_object_task3,60,59,False
889,libero_object_task3,61,58,False
889,libero_object_task3,62,57,False
889,libero_object_task3,63,56,False
889,libero_object_task3,64,55,False
889,libero_object_task3,65,54,False
889,libero_object_task3,66,53,False
889,libero_object_task3,67,52,False
889,libero_object_task3,68,51,False
889,libero_object_task3,69,50,False
889,libero_object_task3,70,49,False
889,libero_object_task3,71,48,False
889,libero_object_task3,72,47,False
889,libero_object_task3,73,46,False
889,libero_object_task3,74,45,False
889,libero_object_task3,75,44,False
889,libero_object_task3,76,43,False
889,libero_object_task3,77,42,False
889,libero_object_task3,78,41,False
889,libero_object_task3,79,40,False
889,libero_object_task3,80,39,False
889,libero_object_task3,81,38,False
889,libero_object_task3,82,37,False
889,libero_object_task3,83,36,False
889,libero_object_task3,84,35,False
889,libero_object_task3,85,34,False
889,libero_object_task3,86,33,False
889,libero_object_task3,87,32,False
889,libero_object_task3,88,31,False
889,libero_object_task3,89,30,False
889,libero_object_task3,90,29,False
889,libero_object_task3,91,28,False
889,libero_object_task3,92,27,False
889,libero_object_task3,93,26,False
889,libero_object_task3,94,25,False
889,libero_object_task3,95,24,False
889,libero_object_task3,96,23,False
889,libero_object_task3,97,22,False
889,libero_object_task3,98,21,False
889,libero_object_task3,99,20,False
889,libero_object_task3,100,19,False
889,libero_object_task3,101,18,False
889,libero_object_task3,102,17,False
889,libero_object_task3,103,16,False
889,libero_object_task3,104,15,False
889,libero_object_task3,105,14,False
889,libero_object_task3,106,13,False
889,libero_object_task3,107,12,False
889,libero_object_task3,108,11,False
889,libero_object_task3,109,10,False
889,libero_object_task3,110,9,False
889,libero_object_task3,111,8,False
889,libero_object_task3,112,7,False
889,libero_object_task3,113,6,False
889,libero_object_task3,114,5,False
889,libero_object_task3,115,4,False
889,libero_object_task3,116,3,False
889,libero_object_task3,117,2,False
889,libero_object_task3,118,1,False
889,libero_object_task3,119,,True
889,libero_object_task3,120,,True
889,libero_object_task3,121,,True
889,libero_object_task3,122,,True
889,libero_object_task3,123,,True
889,libero_object_task3,124,,True
889,libero_object_task3,125,,True
889,libero_object_task3,126,,True
889,libero_object_task3,127,,True
889,libero_object_task3,128,,True
889,libero_object_task3,129,,True
889,libero_object_task3,130,,True
889,libero_object_task3,131,,True
889,libero_object_task3,132,,True
889,libero_object_task3,133,,True
889,libero_object_task3,134,,True
893,libero_object_task3,0,41,False
893,libero_object_task3,1,40,False
893,libero_object_task3,2,39,False
893,libero_object_task3,3,38,False
893,libero_object_task3,4,37,False
893,libero_object_task3,5,36,False
893,libero_object_task3,6,35,False
893,libero_object_task3,7,34,False
893,libero_object_task3,8,33,False
893,libero_object_task3,9,32,False
893,libero_object_task3,10,31,False
893,libero_object_task3,11,30,False
893,libero_object_task3,12,29,False
893,libero_object_task3,13,28,False
893,libero_object_task3,14,27,False
893,libero_object_task3,15,26,False
893,libero_object_task3,16,25,False
893,libero_object_task3,17,24,False
893,libero_object_task3,18,23,False
893,libero_object_task3,19,22,False
893,libero_object_task3,20,21,False
893,libero_object_task3,21,20,False
893,libero_object_task3,22,19,False
893,libero_object_task3,23,18,False
893,libero_object_task3,24,17,False
893,libero_object_task3,25,16,False
893,libero_object_task3,26,15,False
893,libero_object_task3,27,14,False
893,libero_object_task3,28,13,False
893,libero_object_task3,29,12,False
893,libero_object_task3,30,11,False
893,libero_object_task3,31,10,False
893,libero_object_task3,32,9,False
893,libero_object_task3,33,8,False
893,libero_object_task3,34,7,False
893,libero_object_task3,35,6,False
893,libero_object_task3,36,5,False
893,libero_object_task3,37,4,False
893,libero_object_task3,38,3,False
893,libero_object_task3,39,2,False
893,libero_object_task3,40,1,False
893,libero_object_task3,41,68,False
893,libero_object_task3,42,67,False
893,libero_object_task3,43,66,False
893,libero_object_task3,44,65,False
893,libero_object_task3,45,64,False
893,libero_object_task3,46,63,False
893,libero_object_task3,47,62,False
893,libero_object_task3,48,61,False
893,libero_object_task3,49,60,False
893,libero_object_task3,50,59,False
893,libero_object_task3,51,58,False
893,libero_object_task3,52,57,False
893,libero_object_task3,53,56,False
893,libero_object_task3,54,55,False
893,libero_object_task3,55,54,False
893,libero_object_task3,56,53,False
893,libero_object_task3,57,52,False
893,libero_object_task3,58,51,False
893,libero_object_task3,59,50,False
893,libero_object_task3,60,49,False
893,libero_object_task3,61,48,False
893,libero_object_task3,62,47,False
893,libero_object_task3,63,46,False
893,libero_object_task3,64,45,False
893,libero_object_task3,65,44,False
893,libero_object_task3,66,43,False
893,libero_object_task3,67,42,False
893,libero_object_task3,68,41,False
893,libero_object_task3,69,40,False
893,libero_object_task3,70,39,False
893,libero_object_task3,71,38,False
893,libero_object_task3,72,37,False
893,libero_object_task3,73,36,False
893,libero_object_task3,74,35,False
893,libero_object_task3,75,34,False
893,libero_object_task3,76,33,False
893,libero_object_task3,77,32,False
893,libero_object_task3,78,31,False
893,libero_object_task3,79,30,False
893,libero_object_task3,80,29,False
893,libero_object_task3,81,28,False
893,libero_object_task3,82,27,False
893,libero_object_task3,83,26,False
893,libero_object_task3,84,25,False
893,libero_object_task3,85,24,False
893,libero_object_task3,86,23,False
893,libero_object_task3,87,22,False
893,libero_object_task3,88,21,False
893,libero_object_task3,89,20,False
893,libero_object_task3,90,19,False
893,libero_object_task3,91,18,False
893,libero_object_task3,92,17,False
893,libero_object_task3,93,16,False
893,libero_object_task3,94,15,False
893,libero_object_task3,95,14,False
893,libero_object_task3,96,13,False
893,libero_object_task3,97,12,False
893,libero_object_task3,98,11,False
893,libero_object_task3,99,10,False
893,libero_object_task3,100,9,False
893,libero_object_task3,101,8,False
893,libero_object_task3,102,7,False
893,libero_object_task3,103,6,False
893,libero_object_task3,104,5,False
893,libero_object_task3,105,4,False
893,libero_object_task3,106,3,False
893,libero_object_task3,107,2,False
893,libero_object_task3,108,1,False
893,libero_object_task3,109,,True
893,libero_object_task3,110,,True
893,libero_object_task3,111,,True
893,libero_object_task3,112,,True
893,libero_object_task3,113,,True
893,libero_object_task3,114,,True
893,libero_object_task3,115,,True
893,libero_object_task3,116,,True
893,libero_object_task3,117,,True
893,libero_object_task3,118,,True
893,libero_object_task3,119,,True
893,libero_object_task3,120,,True
893,libero_object_task3,121,,True
893,libero_object_task3,122,,True
893,libero_object_task3,123,,True
893,libero_object_task3,124,,True
893,libero_object_task3,125,,True
896,libero_object_task3,0,50,False
896,libero_object_task3,1,49,False
896,libero_object_task3,2,48,False
896,libero_object_task3,3,47,False
896,libero_object_task3,4,46,False
896,libero_object_task3,5,45,False
896,libero_object_task3,6,44,False
896,libero_object_task3,7,43,False
896,libero_object_task3,8,42,False
896,libero_object_task3,9,41,False
896,libero_object_task3,10,40,False
896,libero_object_task3,11,39,False
896,libero_object_task3,12,38,False
896,libero_object_task3,13,37,False
896,libero_object_task3,14,36,False
896,libero_object_task3,15,35,False
896,libero_object_task3,16,34,False
896,libero_object_task3,17,33,False
896,libero_object_task3,18,32,False
896,libero_object_task3,19,31,False
896,libero_object_task3,20,30,False
896,libero_object_task3,21,29,False
896,libero_object_task3,22,28,False
896,libero_object_task3,23,27,False
896,libero_object_task3,24,26,False
896,libero_object_task3,25,25,False
896,libero_object_task3,26,24,False
896,libero_object_task3,27,23,False
896,libero_object_task3,28,22,False
896,libero_object_task3,29,21,False
896,libero_object_task3,30,20,False
896,libero_object_task3,31,19,False
896,libero_object_task3,32,18,False
896,libero_object_task3,33,17,False
896,libero_object_task3,34,16,False
896,libero_object_task3,35,15,False
896,libero_object_task3,36,14,False
896,libero_object_task3,37,13,False
896,libero_object_task3,38,12,False
896,libero_object_task3,39,11,False
896,libero_object_task3,40,10,False
896,libero_object_task3,41,9,False
896,libero_object_task3,42,8,False
896,libero_object_task3,43,7,False
896,libero_object_task3,44,6,False
896,libero_object_task3,45,5,False
896,libero_object_task3,46,4,False
896,libero_object_task3,47,3,False
896,libero_object_task3,48,2,False
896,libero_object_task3,49,1,False
896,libero_object_task3,50,16,False
896,libero_object_task3,51,15,False
896,libero_object_task3,52,14,False
896,libero_object_task3,53,13,False
896,libero_object_task3,54,12,False
896,libero_object_task3,55,11,False
896,libero_object_task3,56,10,False
896,libero_object_task3,57,9,False
896,libero_object_task3,58,8,False
896,libero_object_task3,59,7,False
896,libero_object_task3,60,6,False
896,libero_object_task3,61,5,False
896,libero_object_task3,62,4,False
896,libero_object_task3,63,3,False
896,libero_object_task3,64,2,False
896,libero_object_task3,65,1,False
896,libero_object_task3,66,19,False
896,libero_object_task3,67,18,False
896,libero_object_task3,68,17,False
896,libero_object_task3,69,16,False
896,libero_object_task3,70,15,False
896,libero_object_task3,71,14,False
896,libero_object_task3,72,13,False
896,libero_object_task3,73,12,False
896,libero_object_task3,74,11,False
896,libero_object_task3,75,10,False
896,libero_object_task3,76,9,False
896,libero_object_task3,77,8,False
896,libero_object_task3,78,7,False
896,libero_object_task3,79,6,False
896,libero_object_task3,80,5,False
896,libero_object_task3,81,4,False
896,libero_object_task3,82,3,False
896,libero_object_task3,83,2,False
896,libero_object_task3,84,1,False
896,libero_object_task3,85,66,False
896,libero_object_task3,86,65,False
896,libero_object_task3,87,64,False
896,libero_object_task3,88,63,False
896,libero_object_task3,89,62,False
896,libero_object_task3,90,61,False
896,libero_object_task3,91,60,False
896,libero_object_task3,92,59,False
896,libero_object_task3,93,58,False
896,libero_object_task3,94,57,False
896,libero_object_task3,95,56,False
896,libero_object_task3,96,55,False
896,libero_object_task3,97,54,False
896,libero_object_task3,98,53,False
896,libero_object_task3,99,52,False
896,libero_object_task3,100,51,False
896,libero_object_task3,101,50,False
896,libero_object_task3,102,49,False
896,libero_object_task3,103,48,False
896,libero_object_task3,104,47,False
896,libero_object_task3,105,46,False
896,libero_object_task3,106,45,False
896,libero_object_task3,107,44,False
896,libero_object_task3,108,43,False
896,libero_object_task3,109,42,False
896,libero_object_task3,110,41,False
896,libero_object_task3,111,40,False
896,libero_object_task3,112,39,False
896,libero_object_task3,113,38,False
896,libero_object_task3,114,37,False
896,libero_object_task3,115,36,False
896,libero_object_task3,116,35,False
896,libero_object_task3,117,34,False
896,libero_object_task3,118,33,False
896,libero_object_task3,119,32,False
896,libero_object_task3,120,31,False
896,libero_object_task3,121,30,False
896,libero_object_task3,122,29,False
896,libero_object_task3,123,28,False
896,libero_object_task3,124,27,False
896,libero_object_task3,125,26,False
896,libero_object_task3,126,25,False
896,libero_object_task3,127,24,False
896,libero_object_task3,128,23,False
896,libero_object_task3,129,22,False
896,libero_object_task3,130,21,False
896,libero_object_task3,131,20,False
896,libero_object_task3,132,19,False
896,libero_object_task3,133,18,False
896,libero_object_task3,134,17,False
896,libero_object_task3,135,16,False
896,libero_object_task3,136,15,False
896,libero_object_task3,137,14,False
896,libero_object_task3,138,13,False
896,libero_object_task3,139,12,False
896,libero_object_task3,140,11,False
896,libero_object_task3,141,10,False
896,libero_object_task3,142,9,False
896,libero_object_task3,143,8,False
896,libero_object_task3,144,7,False
896,libero_object_task3,145,6,False
896,libero_object_task3,146,5,False
896,libero_object_task3,147,4,False
896,libero_object_task3,148,3,False
896,libero_object_task3,149,2,False
896,libero_object_task3,150,1,False
896,libero_object_task3,151,,True
896,libero_object_task3,152,,True
896,libero_object_task3,153,,True
896,libero_object_task3,154,,True
896,libero_object_task3,155,,True
896,libero_object_task3,156,,True
896,libero_object_task3,157,,True
896,libero_object_task3,158,,True
896,libero_object_task3,159,,True
896,libero_object_task3,160,,True
896,libero_object_task3,161,,True
896,libero_object_task3,162,,True
896,libero_object_task3,163,,True
896,libero_object_task3,164,,True
896,libero_object_task3,165,,True
932,libero_object_task3,0,47,False
932,libero_object_task3,1,46,False
932,libero_object_task3,2,45,False
932,libero_object_task3,3,44,False
932,libero_object_task3,4,43,False
932,libero_object_task3,5,42,False
932,libero_object_task3,6,41,False
932,libero_object_task3,7,40,False
932,libero_object_task3,8,39,False
932,libero_object_task3,9,38,False
932,libero_object_task3,10,37,False
932,libero_object_task3,11,36,False
932,libero_object_task3,12,35,False
932,libero_object_task3,13,34,False
932,libero_object_task3,14,33,False
932,libero_object_task3,15,32,False
932,libero_object_task3,16,31,False
932,libero_object_task3,17,30,False
932,libero_object_task3,18,29,False
932,libero_object_task3,19,28,False
932,libero_object_task3,20,27,False
932,libero_object_task3,21,26,False
932,libero_object_task3,22,25,False
932,libero_object_task3,23,24,False
932,libero_object_task3,24,23,False
932,libero_object_task3,25,22,False
932,libero_object_task3,26,21,False
932,libero_object_task3,27,20,False
932,libero_object_task3,28,19,False
932,libero_object_task3,29,18,False
932,libero_object_task3,30,17,False
932,libero_object_task3,31,16,False
932,libero_object_task3,32,15,False
932,libero_object_task3,33,14,False
932,libero_object_task3,34,13,False
932,libero_object_task3,35,12,False
932,libero_object_task3,36,11,False
932,libero_object_task3,37,10,False
932,libero_object_task3,38,9,False
932,libero_object_task3,39,8,False
932,libero_object_task3,40,7,False
932,libero_object_task3,41,6,False
932,libero_object_task3,42,5,False
932,libero_object_task3,43,4,False
932,libero_object_task3,44,3,False
932,libero_object_task3,45,2,False
932,libero_object_task3,46,1,False
932,libero_object_task3,47,72,False
932,libero_object_task3,48,71,False
932,libero_object_task3,49,70,False
932,libero_object_task3,50,69,False
932,libero_object_task3,51,68,False
932,libero_object_task3,52,67,False
932,libero_object_task3,53,66,False
932,libero_object_task3,54,65,False
932,libero_object_task3,55,64,False
932,libero_object_task3,56,63,False
932,libero_object_task3,57,62,False
932,libero_object_task3,58,61,False
932,libero_object_task3,59,60,False
932,libero_object_task3,60,59,False
932,libero_object_task3,61,58,False
932,libero_object_task3,62,57,False
932,libero_object_task3,63,56,False
932,libero_object_task3,64,55,False
932,libero_object_task3,65,54,False
932,libero_object_task3,66,53,False
932,libero_object_task3,67,52,False
932,libero_object_task3,68,51,False
932,libero_object_task3,69,50,False
932,libero_object_task3,70,49,False
932,libero_object_task3,71,48,False
932,libero_object_task3,72,47,False
932,libero_object_task3,73,46,False
932,libero_object_task3,74,45,False
932,libero_object_task3,75,44,False
932,libero_object_task3,76,43,False
932,libero_object_task3,77,42,False
932,libero_object_task3,78,41,False
932,libero_object_task3,79,40,False
932,libero_object_task3,80,39,False
932,libero_object_task3,81,38,False
932,libero_object_task3,82,37,False
932,libero_object_task3,83,36,False
932,libero_object_task3,84,35,False
932,libero_object_task3,85,34,False
932,libero_object_task3,86,33,False
932,libero_object_task3,87,32,False
932,libero_object_task3,88,31,False
932,libero_object_task3,89,30,False
932,libero_object_task3,90,29,False
932,libero_object_task3,91,28,False
932,libero_object_task3,92,27,False
932,libero_object_task3,93,26,False
932,libero_object_task3,94,25,False
932,libero_object_task3,95,24,False
932,libero_object_task3,96,23,False
932,libero_object_task3,97,22,False
932,libero_object_task3,98,21,False
932,libero_object_task3,99,20,False
932,libero_object_task3,100,19,False
932,libero_object_task3,101,18,False
932,libero_object_task3,102,17,False
932,libero_object_task3,103,16,False
932,libero_object_task3,104,15,False
932,libero_object_task3,105,14,False
932,libero_object_task3,106,13,False
932,libero_object_task3,107,12,False
932,libero_object_task3,108,11,False
932,libero_object_task3,109,10,False
932,libero_object_task3,110,9,False
932,libero_object_task3,111,8,False
932,libero_object_task3,112,7,False
932,libero_object_task3,113,6,False
932,libero_object_task3,114,5,False
932,libero_object_task3,115,4,False
932,libero_object_task3,116,3,False
932,libero_object_task3,117,2,False
932,libero_object_task3,118,1,False
932,libero_object_task3,119,,True
932,libero_object_task3,120,,True
932,libero_object_task3,121,,True
932,libero_object_task3,122,,True
932,libero_object_task3,123,,True
932,libero_object_task3,124,,True
932,libero_object_task3,125,,True
932,libero_object_task3,126,,True
943,libero_object_task3,0,48,False
943,libero_object_task3,1,47,False
943,libero_object_task3,2,46,False
943,libero_object_task3,3,45,False
943,libero_object_task3,4,44,False
943,libero_object_task3,5,43,False
943,libero_object_task3,6,42,False
943,libero_object_task3,7,41,False
943,libero_object_task3,8,40,False
943,libero_object_task3,9,39,False
943,libero_object_task3,10,38,False
943,libero_object_task3,11,37,False
943,libero_object_task3,12,36,False
943,libero_object_task3,13,35,False
943,libero_object_task3,14,34,False
943,libero_object_task3,15,33,False
943,libero_object_task3,16,32,False
943,libero_object_task3,17,31,False
943,libero_object_task3,18,30,False
943,libero_object_task3,19,29,False
943,libero_object_task3,20,28,False
943,libero_object_task3,21,27,False
943,libero_object_task3,22,26,False
943,libero_object_task3,23,25,False
943,libero_object_task3,24,24,False
943,libero_object_task3,25,23,False
943,libero_object_task3,26,22,False
943,libero_object_task3,27,21,False
943,libero_object_task3,28,20,False
943,libero_object_task3,29,19,False
943,libero_object_task3,30,18,False
943,libero_object_task3,31,17,False
943,libero_object_task3,32,16,False
943,libero_object_task3,33,15,False
943,libero_object_task3,34,14,False
943,libero_object_task3,35,13,False
943,libero_object_task3,36,12,False
943,libero_object_task3,37,11,False
943,libero_object_task3,38,10,False
943,libero_object_task3,39,9,False
943,libero_object_task3,40,8,False
943,libero_object_task3,41,7,False
943,libero_object_task3,42,6,False
943,libero_object_task3,43,5,False
943,libero_object_task3,44,4,False
943,libero_object_task3,45,3,False
943,libero_object_task3,46,2,False
943,libero_object_task3,47,1,False
943,libero_object_task3,48,66,False
943,libero_object_task3,49,65,False
943,libero_object_task3,50,64,False
943,libero_object_task3,51,63,False
943,libero_object_task3,52,62,False
943,libero_object_task3,53,61,False
943,libero_object_task3,54,60,False
943,libero_object_task3,55,59,False
943,libero_object_task3,56,58,False
943,libero_object_task3,57,57,False
943,libero_object_task3,58,56,False
943,libero_object_task3,59,55,False
943,libero_object_task3,60,54,False
943,libero_object_task3,61,53,False
943,libero_object_task3,62,52,False
943,libero_object_task3,63,51,False
943,libero_object_task3,64,50,False
943,libero_object_task3,65,49,False
943,libero_object_task3,66,48,False
943,libero_object_task3,67,47,False
943,libero_object_task3,68,46,False
943,libero_object_task3,69,45,False
943,libero_object_task3,70,44,False
943,libero_object_task3,71,43,False
943,libero_object_task3,72,42,False
943,libero_object_task3,73,41,False
943,libero_object_task3,74,40,False
943,libero_object_task3,75,39,False
943,libero_object_task3,76,38,False
943,libero_object_task3,77,37,False
943,libero_object_task3,78,36,False
943,libero_object_task3,79,35,False
943,libero_object_task3,80,34,False
943,libero_object_task3,81,33,False
943,libero_object_task3,82,32,False
943,libero_object_task3,83,31,False
943,libero_object_task3,84,30,False
943,libero_object_task3,85,29,False
943,libero_object_task3,86,28,False
943,libero_object_task3,87,27,False
943,libero_object_task3,88,26,False
943,libero_object_task3,89,25,False
943,libero_object_task3,90,24,False
943,libero_object_task3,91,23,False
943,libero_object_task3,92,22,False
943,libero_object_task3,93,21,False
943,libero_object_task3,94,20,False
943,libero_object_task3,95,19,False
943,libero_object_task3,96,18,False
943,libero_object_task3,97,17,False
943,libero_object_task3,98,16,False
943,libero_object_task3,99,15,False
943,libero_object_task3,100,14,False
943,libero_object_task3,101,13,False
943,libero_object_task3,102,12,False
943,libero_object_task3,103,11,False
943,libero_object_task3,104,10,False
943,libero_object_task3,105,9,False
943,libero_object_task3,106,8,False
943,libero_object_task3,107,7,False
943,libero_object_task3,108,6,False
943,libero_object_task3,109,5,False
943,libero_object_task3,110,4,False
943,libero_object_task3,111,3,False
943,libero_object_task3,112,2,False
943,libero_object_task3,113,1,False
943,libero_object_task3,114,,True
943,libero_object_task3,115,,True
943,libero_object_task3,116,,True
943,libero_object_task3,117,,True
943,libero_object_task3,118,,True
943,libero_object_task3,119,,True
943,libero_object_task3,120,,True
943,libero_object_task3,121,,True
943,libero_object_task3,122,,True
943,libero_object_task3,123,,True
943,libero_object_task3,124,,True
943,libero_object_task3,125,,True
943,libero_object_task3,126,,True
943,libero_object_task3,127,,True
943,libero_object_task3,128,,True
943,libero_object_task3,129,,True
943,libero_object_task3,130,,True
950,libero_object_task3,0,78,False
950,libero_object_task3,1,77,False
950,libero_object_task3,2,76,False
950,libero_object_task3,3,75,False
950,libero_object_task3,4,74,False
950,libero_object_task3,5,73,False
950,libero_object_task3,6,72,False
950,libero_object_task3,7,71,False
950,libero_object_task3,8,70,False
950,libero_object_task3,9,69,False
950,libero_object_task3,10,68,False
950,libero_object_task3,11,67,False
950,libero_object_task3,12,66,False
950,libero_object_task3,13,65,False
950,libero_object_task3,14,64,False
950,libero_object_task3,15,63,False
950,libero_object_task3,16,62,False
950,libero_object_task3,17,61,False
950,libero_object_task3,18,60,False
950,libero_object_task3,19,59,False
950,libero_object_task3,20,58,False
950,libero_object_task3,21,57,False
950,libero_object_task3,22,56,False
950,libero_object_task3,23,55,False
950,libero_object_task3,24,54,False
950,libero_object_task3,25,53,False
950,libero_object_task3,26,52,False
950,libero_object_task3,27,51,False
950,libero_object_task3,28,50,False
950,libero_object_task3,29,49,False
950,libero_object_task3,30,48,False
950,libero_object_task3,31,47,False
950,libero_object_task3,32,46,False
950,libero_object_task3,33,45,False
950,libero_object_task3,34,44,False
950,libero_object_task3,35,43,False
950,libero_object_task3,36,42,False
950,libero_object_task3,37,41,False
950,libero_object_task3,38,40,False
950,libero_object_task3,39,39,False
950,libero_object_task3,40,38,False
950,libero_object_task3,41,37,False
950,libero_object_task3,42,36,False
950,libero_object_task3,43,35,False
950,libero_object_task3,44,34,False
950,libero_object_task3,45,33,False
950,libero_object_task3,46,32,False
950,libero_object_task3,47,31,False
950,libero_object_task3,48,30,False
950,libero_object_task3,49,29,False
950,libero_object_task3,50,28,False
950,libero_object_task3,51,27,False
950,libero_object_task3,52,26,False
950,libero_object_task3,53,25,False
950,libero_object_task3,54,24,False
950,libero_object_task3,55,23,False
950,libero_object_task3,56,22,False
950,libero_object_task3,57,21,False
950,libero_object_task3,58,20,False
950,libero_object_task3,59,19,False
950,libero_object_task3,60,18,False
950,libero_object_task3,61,17,False
950,libero_object_task3,62,16,False
950,libero_object_task3,63,15,False
950,libero_object_task3,64,14,False
950,libero_object_task3,65,13,False
950,libero_object_task3,66,12,False
950,libero_object_task3,67,11,False
950,libero_object_task3,68,10,False
950,libero_object_task3,69,9,False
950,libero_object_task3,70,8,False
950,libero_object_task3,71,7,False
950,libero_object_task3,72,6,False
950,libero_object_task3,73,5,False
950,libero_object_task3,74,4,False
950,libero_object_task3,75,3,False
950,libero_object_task3,76,2,False
950,libero_object_task3,77,1,False
950,libero_object_task3,78,72,False
950,libero_object_task3,79,71,False
950,libero_object_task3,80,70,False
950,libero_object_task3,81,69,False
950,libero_object_task3,82,68,False
950,libero_object_task3,83,67,False
950,libero_object_task3,84,66,False
950,libero_object_task3,85,65,False
950,libero_object_task3,86,64,False
950,libero_object_task3,87,63,False
950,libero_object_task3,88,62,False
950,libero_object_task3,89,61,False
950,libero_object_task3,90,60,False
950,libero_object_task3,91,59,False
950,libero_object_task3,92,58,False
950,libero_object_task3,93,57,False
950,libero_object_task3,94,56,False
950,libero_object_task3,95,55,False
950,libero_object_task3,96,54,False
950,libero_object_task3,97,53,False
950,libero_object_task3,98,52,False
950,libero_object_task3,99,51,False
950,libero_object_task3,100,50,False
950,libero_object_task3,101,49,False
950,libero_object_task3,102,48,False
950,libero_object_task3,103,47,False
950,libero_object_task3,104,46,False
950,libero_object_task3,105,45,False
950,libero_object_task3,106,44,False
950,libero_object_task3,107,43,False
950,libero_object_task3,108,42,False
950,libero_object_task3,109,41,False
950,libero_object_task3,110,40,False
950,libero_object_task3,111,39,False
950,libero_object_task3,112,38,False
950,libero_object_task3,113,37,False
950,libero_object_task3,114,36,False
950,libero_object_task3,115,35,False
950,libero_object_task3,116,34,False
950,libero_object_task3,117,33,False
950,libero_object_task3,118,32,False
950,libero_object_task3,119,31,False
950,libero_object_task3,120,30,False
950,libero_object_task3,121,29,False
950,libero_object_task3,122,28,False
950,libero_object_task3,123,27,False
950,libero_object_task3,124,26,False
950,libero_object_task3,125,25,False
950,libero_object_task3,126,24,False
950,libero_object_task3,127,23,False
950,libero_object_task3,128,22,False
950,libero_object_task3,129,21,False
950,libero_object_task3,130,20,False
950,libero_object_task3,131,19,False
950,libero_object_task3,132,18,False
950,libero_object_task3,133,17,False
950,libero_object_task3,134,16,False
950,libero_object_task3,135,15,False
950,libero_object_task3,136,14,False
950,libero_object_task3,137,13,False
950,libero_object_task3,138,12,False
950,libero_object_task3,139,11,False
950,libero_object_task3,140,10,False
950,libero_object_task3,141,9,False
950,libero_object_task3,142,8,False
950,libero_object_task3,143,7,False
950,libero_object_task3,144,6,False
950,libero_object_task3,145,5,False
950,libero_object_task3,146,4,False
950,libero_object_task3,147,3,False
950,libero_object_task3,148,2,False
950,libero_object_task3,149,1,False
950,libero_object_task3,150,,True
950,libero_object_task3,151,,True
950,libero_object_task3,152,,True
950,libero_object_task3,153,,True
950,libero_object_task3,154,,True
950,libero_object_task3,155,,True
950,libero_object_task3,156,,True
950,libero_object_task3,157,,True
950,libero_object_task3,158,,True
950,libero_object_task3,159,,True
950,libero_object_task3,160,,True
951,libero_object_task3,0,45,False
951,libero_object_task3,1,44,False
951,libero_object_task3,2,43,False
951,libero_object_task3,3,42,False
951,libero_object_task3,4,41,False
951,libero_object_task3,5,40,False
951,libero_object_task3,6,39,False
951,libero_object_task3,7,38,False
951,libero_object_task3,8,37,False
951,libero_object_task3,9,36,False
951,libero_object_task3,10,35,False
951,libero_object_task3,11,34,False
951,libero_object_task3,12,33,False
951,libero_object_task3,13,32,False
951,libero_object_task3,14,31,False
951,libero_object_task3,15,30,False
951,libero_object_task3,16,29,False
951,libero_object_task3,17,28,False
951,libero_object_task3,18,27,False
951,libero_object_task3,19,26,False
951,libero_object_task3,20,25,False
951,libero_object_task3,21,24,False
951,libero_object_task3,22,23,False
951,libero_object_task3,23,22,False
951,libero_object_task3,24,21,False
951,libero_object_task3,25,20,False
951,libero_object_task3,26,19,False
951,libero_object_task3,27,18,False
951,libero_object_task3,28,17,False
951,libero_object_task3,29,16,False
951,libero_object_task3,30,15,False
951,libero_object_task3,31,14,False
951,libero_object_task3,32,13,False
951,libero_object_task3,33,12,False
951,libero_object_task3,34,11,False
951,libero_object_task3,35,10,False
951,libero_object_task3,36,9,False
951,libero_object_task3,37,8,False
951,libero_object_task3,38,7,False
951,libero_object_task3,39,6,False
951,libero_object_task3,40,5,False
951,libero_object_task3,41,4,False
951,libero_object_task3,42,3,False
951,libero_object_task3,43,2,False
951,libero_object_task3,44,1,False
951,libero_object_task3,45,67,False
951,libero_object_task3,46,66,False
951,libero_object_task3,47,65,False
951,libero_object_task3,48,64,False
951,libero_object_task3,49,63,False
951,libero_object_task3,50,62,False
951,libero_object_task3,51,61,False
951,libero_object_task3,52,60,False
951,libero_object_task3,53,59,False
951,libero_object_task3,54,58,False
951,libero_object_task3,55,57,False
951,libero_object_task3,56,56,False
951,libero_object_task3,57,55,False
951,libero_object_task3,58,54,False
951,libero_object_task3,59,53,False
951,libero_object_task3,60,52,False
951,libero_object_task3,61,51,False
951,libero_object_task3,62,50,False
951,libero_object_task3,63,49,False
951,libero_object_task3,64,48,False
951,libero_object_task3,65,47,False
951,libero_object_task3,66,46,False
951,libero_object_task3,67,45,False
951,libero_object_task3,68,44,False
951,libero_object_task3,69,43,False
951,libero_object_task3,70,42,False
951,libero_object_task3,71,41,False
951,libero_object_task3,72,40,False
951,libero_object_task3,73,39,False
951,libero_object_task3,74,38,False
951,libero_object_task3,75,37,False
951,libero_object_task3,76,36,False
951,libero_object_task3,77,35,False
951,libero_object_task3,78,34,False
951,libero_object_task3,79,33,False
951,libero_object_task3,80,32,False
951,libero_object_task3,81,31,False
951,libero_object_task3,82,30,False
951,libero_object_task3,83,29,False
951,libero_object_task3,84,28,False
951,libero_object_task3,85,27,False
951,libero_object_task3,86,26,False
951,libero_object_task3,87,25,False
951,libero_object_task3,88,24,False
951,libero_object_task3,89,23,False
951,libero_object_task3,90,22,False
951,libero_object_task3,91,21,False
951,libero_object_task3,92,20,False
951,libero_object_task3,93,19,False
951,libero_object_task3,94,18,False
951,libero_object_task3,95,17,False
951,libero_object_task3,96,16,False
951,libero_object_task3,97,15,False
951,libero_object_task3,98,14,False
951,libero_object_task3,99,13,False
951,libero_object_task3,100,12,False
951,libero_object_task3,101,11,False
951,libero_object_task3,102,10,False
951,libero_object_task3,103,9,False
951,libero_object_task3,104,8,False
951,libero_object_task3,105,7,False
951,libero_object_task3,106,6,False
951,libero_object_task3,107,5,False
951,libero_object_task3,108,4,False
951,libero_object_task3,109,3,False
951,libero_object_task3,110,2,False
951,libero_object_task3,111,1,False
951,libero_object_task3,112,,True
951,libero_object_task3,113,,True
951,libero_object_task3,114,,True
951,libero_object_task3,115,,True
951,libero_object_task3,116,,True
951,libero_object_task3,117,,True
951,libero_object_task3,118,,True
951,libero_object_task3,119,,True
951,libero_object_task3,120,,True
951,libero_object_task3,121,,True
954,libero_object_task3,0,49,False
954,libero_object_task3,1,48,False
954,libero_object_task3,2,47,False
954,libero_object_task3,3,46,False
954,libero_object_task3,4,45,False
954,libero_object_task3,5,44,False
954,libero_object_task3,6,43,False
954,libero_object_task3,7,42,False
954,libero_object_task3,8,41,False
954,libero_object_task3,9,40,False
954,libero_object_task3,10,39,False
954,libero_object_task3,11,38,False
954,libero_object_task3,12,37,False
954,libero_object_task3,13,36,False
954,libero_object_task3,14,35,False
954,libero_object_task3,15,34,False
954,libero_object_task3,16,33,False
954,libero_object_task3,17,32,False
954,libero_object_task3,18,31,False
954,libero_object_task3,19,30,False
954,libero_object_task3,20,29,False
954,libero_object_task3,21,28,False
954,libero_object_task3,22,27,False
954,libero_object_task3,23,26,False
954,libero_object_task3,24,25,False
954,libero_object_task3,25,24,False
954,libero_object_task3,26,23,False
954,libero_object_task3,27,22,False
954,libero_object_task3,28,21,False
954,libero_object_task3,29,20,False
954,libero_object_task3,30,19,False
954,libero_object_task3,31,18,False
954,libero_object_task3,32,17,False
954,libero_object_task3,33,16,False
954,libero_object_task3,34,15,False
954,libero_object_task3,35,14,False
954,libero_object_task3,36,13,False
954,libero_object_task3,37,12,False
954,libero_object_task3,38,11,False
954,libero_object_task3,39,10,False
954,libero_object_task3,40,9,False
954,libero_object_task3,41,8,False
954,libero_object_task3,42,7,False
954,libero_object_task3,43,6,False
954,libero_object_task3,44,5,False
954,libero_object_task3,45,4,False
954,libero_object_task3,46,3,False
954,libero_object_task3,47,2,False
954,libero_object_task3,48,1,False
954,libero_object_task3,49,67,False
954,libero_object_task3,50,66,False
954,libero_object_task3,51,65,False
954,libero_object_task3,52,64,False
954,libero_object_task3,53,63,False
954,libero_object_task3,54,62,False
954,libero_object_task3,55,61,False
954,libero_object_task3,56,60,False
954,libero_object_task3,57,59,False
954,libero_object_task3,58,58,False
954,libero_object_task3,59,57,False
954,libero_object_task3,60,56,False
954,libero_object_task3,61,55,False
954,libero_object_task3,62,54,False
954,libero_object_task3,63,53,False
954,libero_object_task3,64,52,False
954,libero_object_task3,65,51,False
954,libero_object_task3,66,50,False
954,libero_object_task3,67,49,False
954,libero_object_task3,68,48,False
954,libero_object_task3,69,47,False
954,libero_object_task3,70,46,False
954,libero_object_task3,71,45,False
954,libero_object_task3,72,44,False
954,libero_object_task3,73,43,False
954,libero_object_task3,74,42,False
954,libero_object_task3,75,41,False
954,libero_object_task3,76,40,False
954,libero_object_task3,77,39,False
954,libero_object_task3,78,38,False
954,libero_object_task3,79,37,False
954,libero_object_task3,80,36,False
954,libero_object_task3,81,35,False
954,libero_object_task3,82,34,False
954,libero_object_task3,83,33,False
954,libero_object_task3,84,32,False
954,libero_object_task3,85,31,False
954,libero_object_task3,86,30,False
954,libero_object_task3,87,29,False
954,libero_object_task3,88,28,False
954,libero_object_task3,89,27,False
954,libero_object_task3,90,26,False
954,libero_object_task3,91,25,False
954,libero_object_task3,92,24,False
954,libero_object_task3,93,23,False
954,libero_object_task3,94,22,False
954,libero_object_task3,95,21,False
954,libero_object_task3,96,20,False
954,libero_object_task3,97,19,False
954,libero_object_task3,98,18,False
954,libero_object_task3,99,17,False
954,libero_object_task3,100,16,False
954,libero_object_task3,101,15,False
954,libero_object_task3,102,14,False
954,libero_object_task3,103,13,False
954,libero_object_task3,104,12,False
954,libero_object_task3,105,11,False
954,libero_object_task3,106,10,False
954,libero_object_task3,107,9,False
954,libero_object_task3,108,8,False
954,libero_object_task3,109,7,False
954,libero_object_task3,110,6,False
954,libero_object_task3,111,5,False
954,libero_object_task3,112,4,False
954,libero_object_task3,113,3,False
954,libero_object_task3,114,2,False
954,libero_object_task3,115,1,False
954,libero_object_task3,116,,True
954,libero_object_task3,117,,True
954,libero_object_task3,118,,True
954,libero_object_task3,119,,True
954,libero_object_task3,120,,True
954,libero_object_task3,121,,True
954,libero_object_task3,122,,True
954,libero_object_task3,123,,True
954,libero_object_task3,124,,True
954,libero_object_task3,125,,True
954,libero_object_task3,126,,True
954,libero_object_task3,127,,True
954,libero_object_task3,128,,True
954,libero_object_task3,129,,True
954,libero_object_task3,130,,True
954,libero_object_task3,131,,True
954,libero_object_task3,132,,True
954,libero_object_task3,133,,True
968,libero_object_task3,0,50,False
968,libero_object_task3,1,49,False
968,libero_object_task3,2,48,False
968,libero_object_task3,3,47,False
968,libero_object_task3,4,46,False
968,libero_object_task3,5,45,False
968,libero_object_task3,6,44,False
968,libero_object_task3,7,43,False
968,libero_object_task3,8,42,False
968,libero_object_task3,9,41,False
968,libero_object_task3,10,40,False
968,libero_object_task3,11,39,False
968,libero_object_task3,12,38,False
968,libero_object_task3,13,37,False
968,libero_object_task3,14,36,False
968,libero_object_task3,15,35,False
968,libero_object_task3,16,34,False
968,libero_object_task3,17,33,False
968,libero_object_task3,18,32,False
968,libero_object_task3,19,31,False
968,libero_object_task3,20,30,False
968,libero_object_task3,21,29,False
968,libero_object_task3,22,28,False
968,libero_object_task3,23,27,False
968,libero_object_task3,24,26,False
968,libero_object_task3,25,25,False
968,libero_object_task3,26,24,False
968,libero_object_task3,27,23,False
968,libero_object_task3,28,22,False
968,libero_object_task3,29,21,False
968,libero_object_task3,30,20,False
968,libero_object_task3,31,19,False
968,libero_object_task3,32,18,False
968,libero_object_task3,33,17,False
968,libero_object_task3,34,16,False
968,libero_object_task3,35,15,False
968,libero_object_task3,36,14,False
968,libero_object_task3,37,13,False
968,libero_object_task3,38,12,False
968,libero_object_task3,39,11,False
968,libero_object_task3,40,10,False
968,libero_object_task3,41,9,False
968,libero_object_task3,42,8,False
968,libero_object_task3,43,7,False
968,libero_object_task3,44,6,False
968,libero_object_task3,45,5,False
968,libero_object_task3,46,4,False
968,libero_object_task3,47,3,False
968,libero_object_task3,48,2,False
968,libero_object_task3,49,1,False
968,libero_object_task3,50,24,False
968,libero_object_task3,51,23,False
968,libero_object_task3,52,22,False
968,libero_object_task3,53,21,False
968,libero_object_task3,54,20,False
968,libero_object_task3,55,19,False
968,libero_object_task3,56,18,False
968,libero_object_task3,57,17,False
968,libero_object_task3,58,16,False
968,libero_object_task3,59,15,False
968,libero_object_task3,60,14,False
968,libero_object_task3,61,13,False
968,libero_object_task3,62,12,False
968,libero_object_task3,63,11,False
968,libero_object_task3,64,10,False
968,libero_object_task3,65,9,False
968,libero_object_task3,66,8,False
968,libero_object_task3,67,7,False
968,libero_object_task3,68,6,False
968,libero_object_task3,69,5,False
968,libero_object_task3,70,4,False
968,libero_object_task3,71,3,False
968,libero_object_task3,72,2,False
968,libero_object_task3,73,1,False
968,libero_object_task3,74,16,False
968,libero_object_task3,75,15,False
968,libero_object_task3,76,14,False
968,libero_object_task3,77,13,False
968,libero_object_task3,78,12,False
968,libero_object_task3,79,11,False
968,libero_object_task3,80,10,False
968,libero_object_task3,81,9,False
968,libero_object_task3,82,8,False
968,libero_object_task3,83,7,False
968,libero_object_task3,84,6,False
968,libero_object_task3,85,5,False
968,libero_object_task3,86,4,False
968,libero_object_task3,87,3,False
968,libero_object_task3,88,2,False
968,libero_object_task3,89,1,False
968,libero_object_task3,90,66,False
968,libero_object_task3,91,65,False
968,libero_object_task3,92,64,False
968,libero_object_task3,93,63,False
968,libero_object_task3,94,62,False
968,libero_object_task3,95,61,False
968,libero_object_task3,96,60,False
968,libero_object_task3,97,59,False
968,libero_object_task3,98,58,False
968,libero_object_task3,99,57,False
968,libero_object_task3,100,56,False
968,libero_object_task3,101,55,False
968,libero_object_task3,102,54,False
968,libero_object_task3,103,53,False
968,libero_object_task3,104,52,False
968,libero_object_task3,105,51,False
968,libero_object_task3,106,50,False
968,libero_object_task3,107,49,False
968,libero_object_task3,108,48,False
968,libero_object_task3,109,47,False
968,libero_object_task3,110,46,False
968,libero_object_task3,111,45,False
968,libero_object_task3,112,44,False
968,libero_object_task3,113,43,False
968,libero_object_task3,114,42,False
968,libero_object_task3,115,41,False
968,libero_object_task3,116,40,False
968,libero_object_task3,117,39,False
968,libero_object_task3,118,38,False
968,libero_object_task3,119,37,False
968,libero_object_task3,120,36,False
968,libero_object_task3,121,35,False
968,libero_object_task3,122,34,False
968,libero_object_task3,123,33,False
968,libero_object_task3,124,32,False
968,libero_object_task3,125,31,False
968,libero_object_task3,126,30,False
968,libero_object_task3,127,29,False
968,libero_object_task3,128,28,False
968,libero_object_task3,129,27,False
968,libero_object_task3,130,26,False
968,libero_object_task3,131,25,False
968,libero_object_task3,132,24,False
968,libero_object_task3,133,23,False
968,libero_object_task3,134,22,False
968,libero_object_task3,135,21,False
968,libero_object_task3,136,20,False
968,libero_object_task3,137,19,False
968,libero_object_task3,138,18,False
968,libero_object_task3,139,17,False
968,libero_object_task3,140,16,False
968,libero_object_task3,141,15,False
968,libero_object_task3,142,14,False
968,libero_object_task3,143,13,False
968,libero_object_task3,144,12,False
968,libero_object_task3,145,11,False
968,libero_object_task3,146,10,False
968,libero_object_task3,147,9,False
968,libero_object_task3,148,8,False
968,libero_object_task3,149,7,False
968,libero_object_task3,150,6,False
968,libero_object_task3,151,5,False
968,libero_object_task3,152,4,False
968,libero_object_task3,153,3,False
968,libero_object_task3,154,2,False
968,libero_object_task3,155,1,False
968,libero_object_task3,156,,True
968,libero_object_task3,157,,True
968,libero_object_task3,158,,True
968,libero_object_task3,159,,True
968,libero_object_task3,160,,True
968,libero_object_task3,161,,True
968,libero_object_task3,162,,True
968,libero_object_task3,163,,True
968,libero_object_task3,164,,True
968,libero_object_task3,165,,True
968,libero_object_task3,166,,True
968,libero_object_task3,167,,True
968,libero_object_task3,168,,True
968,libero_object_task3,169,,True
968,libero_object_task3,170,,True
968,libero_object_task3,171,,True
973,libero_object_task3,0,49,False
973,libero_object_task3,1,48,False
973,libero_object_task3,2,47,False
973,libero_object_task3,3,46,False
973,libero_object_task3,4,45,False
973,libero_object_task3,5,44,False
973,libero_object_task3,6,43,False
973,libero_object_task3,7,42,False
973,libero_object_task3,8,41,False
973,libero_object_task3,9,40,False
973,libero_object_task3,10,39,False
973,libero_object_task3,11,38,False
973,libero_object_task3,12,37,False
973,libero_object_task3,13,36,False
973,libero_object_task3,14,35,False
973,libero_object_task3,15,34,False
973,libero_object_task3,16,33,False
973,libero_object_task3,17,32,False
973,libero_object_task3,18,31,False
973,libero_object_task3,19,30,False
973,libero_object_task3,20,29,False
973,libero_object_task3,21,28,False
973,libero_object_task3,22,27,False
973,libero_object_task3,23,26,False
973,libero_object_task3,24,25,False
973,libero_object_task3,25,24,False
973,libero_object_task3,26,23,False
973,libero_object_task3,27,22,False
973,libero_object_task3,28,21,False
973,libero_object_task3,29,20,False
973,libero_object_task3,30,19,False
973,libero_object_task3,31,18,False
973,libero_object_task3,32,17,False
973,libero_object_task3,33,16,False
973,libero_object_task3,34,15,False
973,libero_object_task3,35,14,False
973,libero_object_task3,36,13,False
973,libero_object_task3,37,12,False
973,libero_object_task3,38,11,False
973,libero_object_task3,39,10,False
973,libero_object_task3,40,9,False
973,libero_object_task3,41,8,False
973,libero_object_task3,42,7,False
973,libero_object_task3,43,6,False
973,libero_object_task3,44,5,False
973,libero_object_task3,45,4,False
973,libero_object_task3,46,3,False
973,libero_object_task3,47,2,False
973,libero_object_task3,48,1,False
973,libero_object_task3,49,63,False
973,libero_object_task3,50,62,False
973,libero_object_task3,51,61,False
973,libero_object_task3,52,60,False
973,libero_object_task3,53,59,False
973,libero_object_task3,54,58,False
973,libero_object_task3,55,57,False
973,libero_object_task3,56,56,False
973,libero_object_task3,57,55,False
973,libero_object_task3,58,54,False
973,libero_object_task3,59,53,False
973,libero_object_task3,60,52,False
973,libero_object_task3,61,51,False
973,libero_object_task3,62,50,False
973,libero_object_task3,63,49,False
973,libero_object_task3,64,48,False
973,libero_object_task3,65,47,False
973,libero_object_task3,66,46,False
973,libero_object_task3,67,45,False
973,libero_object_task3,68,44,False
973,libero_object_task3,69,43,False
973,libero_object_task3,70,42,False
973,libero_object_task3,71,41,False
973,libero_object_task3,72,40,False
973,libero_object_task3,73,39,False
973,libero_object_task3,74,38,False
973,libero_object_task3,75,37,False
973,libero_object_task3,76,36,False
973,libero_object_task3,77,35,False
973,libero_object_task3,78,34,False
973,libero_object_task3,79,33,False
973,libero_object_task3,80,32,False
973,libero_object_task3,81,31,False
973,libero_object_task3,82,30,False
973,libero_object_task3,83,29,False
973,libero_object_task3,84,28,False
973,libero_object_task3,85,27,False
973,libero_object_task3,86,26,False
973,libero_object_task3,87,25,False
973,libero_object_task3,88,24,False
973,libero_object_task3,89,23,False
973,libero_object_task3,90,22,False
973,libero_object_task3,91,21,False
973,libero_object_task3,92,20,False
973,libero_object_task3,93,19,False
973,libero_object_task3,94,18,False
973,libero_object_task3,95,17,False
973,libero_object_task3,96,16,False
973,libero_object_task3,97,15,False
973,libero_object_task3,98,14,False
973,libero_object_task3,99,13,False
973,libero_object_task3,100,12,False
973,libero_object_task3,101,11,False
973,libero_object_task3,102,10,False
973,libero_object_task3,103,9,False
973,libero_object_task3,104,8,False
973,libero_object_task3,105,7,False
973,libero_object_task3,106,6,False
973,libero_object_task3,107,5,False
973,libero_object_task3,108,4,False
973,libero_object_task3,109,3,False
973,libero_object_task3,110,2,False
973,libero_object_task3,111,1,False
973,libero_object_task3,112,,True
973,libero_object_task3,113,,True
973,libero_object_task3,114,,True
973,libero_object_task3,115,,True
973,libero_object_task3,116,,True
973,libero_object_task3,117,,True
973,libero_object_task3,118,,True
973,libero_object_task3,119,,True
973,libero_object_task3,120,,True
973,libero_object_task3,121,,True
973,libero_object_task3,122,,True
973,libero_object_task3,123,,True
973,libero_object_task3,124,,True
973,libero_object_task3,125,,True
973,libero_object_task3,126,,True
973,libero_object_task3,127,,True
973,libero_object_task3,128,,True
980,libero_object_task3,0,46,False
980,libero_object_task3,1,45,False
980,libero_object_task3,2,44,False
980,libero_object_task3,3,43,False
980,libero_object_task3,4,42,False
980,libero_object_task3,5,41,False
980,libero_object_task3,6,40,False
980,libero_object_task3,7,39,False
980,libero_object_task3,8,38,False
980,libero_object_task3,9,37,False
980,libero_object_task3,10,36,False
980,libero_object_task3,11,35,False
980,libero_object_task3,12,34,False
980,libero_object_task3,13,33,False
980,libero_object_task3,14,32,False
980,libero_object_task3,15,31,False
980,libero_object_task3,16,30,False
980,libero_object_task3,17,29,False
980,libero_object_task3,18,28,False
980,libero_object_task3,19,27,False
980,libero_object_task3,20,26,False
980,libero_object_task3,21,25,False
980,libero_object_task3,22,24,False
980,libero_object_task3,23,23,False
980,libero_object_task3,24,22,False
980,libero_object_task3,25,21,False
980,libero_object_task3,26,20,False
980,libero_object_task3,27,19,False
980,libero_object_task3,28,18,False
980,libero_object_task3,29,17,False
980,libero_object_task3,30,16,False
980,libero_object_task3,31,15,False
980,libero_object_task3,32,14,False
980,libero_object_task3,33,13,False
980,libero_object_task3,34,12,False
980,libero_object_task3,35,11,False
980,libero_object_task3,36,10,False
980,libero_object_task3,37,9,False
980,libero_object_task3,38,8,False
980,libero_object_task3,39,7,False
980,libero_object_task3,40,6,False
980,libero_object_task3,41,5,False
980,libero_object_task3,42,4,False
980,libero_object_task3,43,3,False
980,libero_object_task3,44,2,False
980,libero_object_task3,45,1,False
980,libero_object_task3,46,69,False
980,libero_object_task3,47,68,False
980,libero_object_task3,48,67,False
980,libero_object_task3,49,66,False
980,libero_object_task3,50,65,False
980,libero_object_task3,51,64,False
980,libero_object_task3,52,63,False
980,libero_object_task3,53,62,False
980,libero_object_task3,54,61,False
980,libero_object_task3,55,60,False
980,libero_object_task3,56,59,False
980,libero_object_task3,57,58,False
980,libero_object_task3,58,57,False
980,libero_object_task3,59,56,False
980,libero_object_task3,60,55,False
980,libero_object_task3,61,54,False
980,libero_object_task3,62,53,False
980,libero_object_task3,63,52,False
980,libero_object_task3,64,51,False
980,libero_object_task3,65,50,False
980,libero_object_task3,66,49,False
980,libero_object_task3,67,48,False
980,libero_object_task3,68,47,False
980,libero_object_task3,69,46,False
980,libero_object_task3,70,45,False
980,libero_object_task3,71,44,False
980,libero_object_task3,72,43,False
980,libero_object_task3,73,42,False
980,libero_object_task3,74,41,False
980,libero_object_task3,75,40,False
980,libero_object_task3,76,39,False
980,libero_object_task3,77,38,False
980,libero_object_task3,78,37,False
980,libero_object_task3,79,36,False
980,libero_object_task3,80,35,False
980,libero_object_task3,81,34,False
980,libero_object_task3,82,33,False
980,libero_object_task3,83,32,False
980,libero_object_task3,84,31,False
980,libero_object_task3,85,30,False
980,libero_object_task3,86,29,False
980,libero_object_task3,87,28,False
980,libero_object_task3,88,27,False
980,libero_object_task3,89,26,False
980,libero_object_task3,90,25,False
980,libero_object_task3,91,24,False
980,libero_object_task3,92,23,False
980,libero_object_task3,93,22,False
980,libero_object_task3,94,21,False
980,libero_object_task3,95,20,False
980,libero_object_task3,96,19,False
980,libero_object_task3,97,18,False
980,libero_object_task3,98,17,False
980,libero_object_task3,99,16,False
980,libero_object_task3,100,15,False
980,libero_object_task3,101,14,False
980,libero_object_task3,102,13,False
980,libero_object_task3,103,12,False
980,libero_object_task3,104,11,False
980,libero_object_task3,105,10,False
980,libero_object_task3,106,9,False
980,libero_object_task3,107,8,False
980,libero_object_task3,108,7,False
980,libero_object_task3,109,6,False
980,libero_object_task3,110,5,False
980,libero_object_task3,111,4,False
980,libero_object_task3,112,3,False
980,libero_object_task3,113,2,False
980,libero_object_task3,114,1,False
980,libero_object_task3,115,,True
980,libero_object_task3,116,,True
980,libero_object_task3,117,,True
980,libero_object_task3,118,,True
980,libero_object_task3,119,,True
980,libero_object_task3,120,,True
980,libero_object_task3,121,,True
980,libero_object_task3,122,,True
980,libero_object_task3,123,,True
980,libero_object_task3,124,,True
980,libero_object_task3,125,,True
980,libero_object_task3,126,,True
980,libero_object_task3,127,,True
980,libero_object_task3,128,,True
980,libero_object_task3,129,,True
980,libero_object_task3,130,,True
980,libero_object_task3,131,,True
988,libero_object_task3,0,69,False
988,libero_object_task3,1,68,False
988,libero_object_task3,2,67,False
988,libero_object_task3,3,66,False
988,libero_object_task3,4,65,False
988,libero_object_task3,5,64,False
988,libero_object_task3,6,63,False
988,libero_object_task3,7,62,False
988,libero_object_task3,8,61,False
988,libero_object_task3,9,60,False
988,libero_object_task3,10,59,False
988,libero_object_task3,11,58,False
988,libero_object_task3,12,57,False
988,libero_object_task3,13,56,False
988,libero_object_task3,14,55,False
988,libero_object_task3,15,54,False
988,libero_object_task3,16,53,False
988,libero_object_task3,17,52,False
988,libero_object_task3,18,51,False
988,libero_object_task3,19,50,False
988,libero_object_task3,20,49,False
988,libero_object_task3,21,48,False
988,libero_object_task3,22,47,False
988,libero_object_task3,23,46,False
988,libero_object_task3,24,45,False
988,libero_object_task3,25,44,False
988,libero_object_task3,26,43,False
988,libero_object_task3,27,42,False
988,libero_object_task3,28,41,False
988,libero_object_task3,29,40,False
988,libero_object_task3,30,39,False
988,libero_object_task3,31,38,False
988,libero_object_task3,32,37,False
988,libero_object_task3,33,36,False
988,libero_object_task3,34,35,False
988,libero_object_task3,35,34,False
988,libero_object_task3,36,33,False
988,libero_object_task3,37,32,False
988,libero_object_task3,38,31,False
988,libero_object_task3,39,30,False
988,libero_object_task3,40,29,False
988,libero_object_task3,41,28,False
988,libero_object_task3,42,27,False
988,libero_object_task3,43,26,False
988,libero_object_task3,44,25,False
988,libero_object_task3,45,24,False
988,libero_object_task3,46,23,False
988,libero_object_task3,47,22,False
988,libero_object_task3,48,21,False
988,libero_object_task3,49,20,False
988,libero_object_task3,50,19,False
988,libero_object_task3,51,18,False
988,libero_object_task3,52,17,False
988,libero_object_task3,53,16,False
988,libero_object_task3,54,15,False
988,libero_object_task3,55,14,False
988,libero_object_task3,56,13,False
988,libero_object_task3,57,12,False
988,libero_object_task3,58,11,False
988,libero_object_task3,59,10,False
988,libero_object_task3,60,9,False
988,libero_object_task3,61,8,False
988,libero_object_task3,62,7,False
988,libero_object_task3,63,6,False
988,libero_object_task3,64,5,False
988,libero_object_task3,65,4,False
988,libero_object_task3,66,3,False
988,libero_object_task3,67,2,False
988,libero_object_task3,68,1,False
988,libero_object_task3,69,63,False
988,libero_object_task3,70,62,False
988,libero_object_task3,71,61,False
988,libero_object_task3,72,60,False
988,libero_object_task3,73,59,False
988,libero_object_task3,74,58,False
988,libero_object_task3,75,57,False
988,libero_object_task3,76,56,False
988,libero_object_task3,77,55,False
988,libero_object_task3,78,54,False
988,libero_object_task3,79,53,False
988,libero_object_task3,80,52,False
988,libero_object_task3,81,51,False
988,libero_object_task3,82,50,False
988,libero_object_task3,83,49,False
988,libero_object_task3,84,48,False
988,libero_object_task3,85,47,False
988,libero_object_task3,86,46,False
988,libero_object_task3,87,45,False
988,libero_object_task3,88,44,False
988,libero_object_task3,89,43,False
988,libero_object_task3,90,42,False
988,libero_object_task3,91,41,False
988,libero_object_task3,92,40,False
988,libero_object_task3,93,39,False
988,libero_object_task3,94,38,False
988,libero_object_task3,95,37,False
988,libero_object_task3,96,36,False
988,libero_object_task3,97,35,False
988,libero_object_task3,98,34,False
988,libero_object_task3,99,33,False
988,libero_object_task3,100,32,False
988,libero_object_task3,101,31,False
988,libero_object_task3,102,30,False
988,libero_object_task3,103,29,False
988,libero_object_task3,104,28,False
988,libero_object_task3,105,27,False
988,libero_object_task3,106,26,False
988,libero_object_task3,107,25,False
988,libero_object_task3,108,24,False
988,libero_object_task3,109,23,False
988,libero_object_task3,110,22,False
988,libero_object_task3,111,21,False
988,libero_object_task3,112,20,False
988,libero_object_task3,113,19,False
988,libero_object_task3,114,18,False
988,libero_object_task3,115,17,False
988,libero_object_task3,116,16,False
988,libero_object_task3,117,15,False
988,libero_object_task3,118,14,False
988,libero_object_task3,119,13,False
988,libero_object_task3,120,12,False
988,libero_object_task3,121,11,False
988,libero_object_task3,122,10,False
988,libero_object_task3,123,9,False
988,libero_object_task3,124,8,False
988,libero_object_task3,125,7,False
988,libero_object_task3,126,6,False
988,libero_object_task3,127,5,False
988,libero_object_task3,128,4,False
988,libero_object_task3,129,3,False
988,libero_object_task3,130,2,False
988,libero_object_task3,131,1,False
988,libero_object_task3,132,,True
988,libero_object_task3,133,,True
988,libero_object_task3,134,,True
988,libero_object_task3,135,,True
988,libero_object_task3,136,,True
988,libero_object_task3,137,,True
988,libero_object_task3,138,,True
988,libero_object_task3,139,,True
988,libero_object_task3,140,,True
988,libero_object_task3,141,,True
988,libero_object_task3,142,,True
988,libero_object_task3,143,,True
988,libero_object_task3,144,,True
988,libero_object_task3,145,,True
988,libero_object_task3,146,,True
988,libero_object_task3,147,,True
988,libero_object_task3,148,,True
988,libero_object_task3,149,,True
1005,libero_object_task3,0,43,False
1005,libero_object_task3,1,42,False
1005,libero_object_task3,2,41,False
1005,libero_object_task3,3,40,False
1005,libero_object_task3,4,39,False
1005,libero_object_task3,5,38,False
1005,libero_object_task3,6,37,False
1005,libero_object_task3,7,36,False
1005,libero_object_task3,8,35,False
1005,libero_object_task3,9,34,False
1005,libero_object_task3,10,33,False
1005,libero_object_task3,11,32,False
1005,libero_object_task3,12,31,False
1005,libero_object_task3,13,30,False
1005,libero_object_task3,14,29,False
1005,libero_object_task3,15,28,False
1005,libero_object_task3,16,27,False
1005,libero_object_task3,17,26,False
1005,libero_object_task3,18,25,False
1005,libero_object_task3,19,24,False
1005,libero_object_task3,20,23,False
1005,libero_object_task3,21,22,False
1005,libero_object_task3,22,21,False
1005,libero_object_task3,23,20,False
1005,libero_object_task3,24,19,False
1005,libero_object_task3,25,18,False
1005,libero_object_task3,26,17,False
1005,libero_object_task3,27,16,False
1005,libero_object_task3,28,15,False
1005,libero_object_task3,29,14,False
1005,libero_object_task3,30,13,False
1005,libero_object_task3,31,12,False
1005,libero_object_task3,32,11,False
1005,libero_object_task3,33,10,False
1005,libero_object_task3,34,9,False
1005,libero_object_task3,35,8,False
1005,libero_object_task3,36,7,False
1005,libero_object_task3,37,6,False
1005,libero_object_task3,38,5,False
1005,libero_object_task3,39,4,False
1005,libero_object_task3,40,3,False
1005,libero_object_task3,41,2,False
1005,libero_object_task3,42,1,False
1005,libero_object_task3,43,27,False
1005,libero_object_task3,44,26,False
1005,libero_object_task3,45,25,False
1005,libero_object_task3,46,24,False
1005,libero_object_task3,47,23,False
1005,libero_object_task3,48,22,False
1005,libero_object_task3,49,21,False
1005,libero_object_task3,50,20,False
1005,libero_object_task3,51,19,False
1005,libero_object_task3,52,18,False
1005,libero_object_task3,53,17,False
1005,libero_object_task3,54,16,False
1005,libero_object_task3,55,15,False
1005,libero_object_task3,56,14,False
1005,libero_object_task3,57,13,False
1005,libero_object_task3,58,12,False
1005,libero_object_task3,59,11,False
1005,libero_object_task3,60,10,False
1005,libero_object_task3,61,9,False
1005,libero_object_task3,62,8,False
1005,libero_object_task3,63,7,False
1005,libero_object_task3,64,6,False
1005,libero_object_task3,65,5,False
1005,libero_object_task3,66,4,False
1005,libero_object_task3,67,3,False
1005,libero_object_task3,68,2,False
1005,libero_object_task3,69,1,False
1005,libero_object_task3,70,17,False
1005,libero_object_task3,71,16,False
1005,libero_object_task3,72,15,False
1005,libero_object_task3,73,14,False
1005,libero_object_task3,74,13,False
1005,libero_object_task3,75,12,False
1005,libero_object_task3,76,11,False
1005,libero_object_task3,77,10,False
1005,libero_object_task3,78,9,False
1005,libero_object_task3,79,8,False
1005,libero_object_task3,80,7,False
1005,libero_object_task3,81,6,False
1005,libero_object_task3,82,5,False
1005,libero_object_task3,83,4,False
1005,libero_object_task3,84,3,False
1005,libero_object_task3,85,2,False
1005,libero_object_task3,86,1,False
1005,libero_object_task3,87,60,False
1005,libero_object_task3,88,59,False
1005,libero_object_task3,89,58,False
1005,libero_object_task3,90,57,False
1005,libero_object_task3,91,56,False
1005,libero_object_task3,92,55,False
1005,libero_object_task3,93,54,False
1005,libero_object_task3,94,53,False
1005,libero_object_task3,95,52,False
1005,libero_object_task3,96,51,False
1005,libero_object_task3,97,50,False
1005,libero_object_task3,98,49,False
1005,libero_object_task3,99,48,False
1005,libero_object_task3,100,47,False
1005,libero_object_task3,101,46,False
1005,libero_object_task3,102,45,False
1005,libero_object_task3,103,44,False
1005,libero_object_task3,104,43,False
1005,libero_object_task3,105,42,False
1005,libero_object_task3,106,41,False
1005,libero_object_task3,107,40,False
1005,libero_object_task3,108,39,False
1005,libero_object_task3,109,38,False
1005,libero_object_task3,110,37,False
1005,libero_object_task3,111,36,False
1005,libero_object_task3,112,35,False
1005,libero_object_task3,113,34,False
1005,libero_object_task3,114,33,False
1005,libero_object_task3,115,32,False
1005,libero_object_task3,116,31,False
1005,libero_object_task3,117,30,False
1005,libero_object_task3,118,29,False
1005,libero_object_task3,119,28,False
1005,libero_object_task3,120,27,False
1005,libero_object_task3,121,26,False
1005,libero_object_task3,122,25,False
1005,libero_object_task3,123,24,False
1005,libero_object_task3,124,23,False
1005,libero_object_task3,125,22,False
1005,libero_object_task3,126,21,False
1005,libero_object_task3,127,20,False
1005,libero_object_task3,128,19,False
1005,libero_object_task3,129,18,False
1005,libero_object_task3,130,17,False
1005,libero_object_task3,131,16,False
1005,libero_object_task3,132,15,False
1005,libero_object_task3,133,14,False
1005,libero_object_task3,134,13,False
1005,libero_object_task3,135,12,False
1005,libero_object_task3,136,11,False
1005,libero_object_task3,137,10,False
1005,libero_object_task3,138,9,False
1005,libero_object_task3,139,8,False
1005,libero_object_task3,140,7,False
1005,libero_object_task3,141,6,False
1005,libero_object_task3,142,5,False
1005,libero_object_task3,143,4,False
1005,libero_object_task3,144,3,False
1005,libero_object_task3,145,2,False
1005,libero_object_task3,146,1,False
1005,libero_object_task3,147,,True
1005,libero_object_task3,148,,True
1005,libero_object_task3,149,,True
1005,libero_object_task3,150,,True
1005,libero_object_task3,151,,True
1005,libero_object_task3,152,,True
1005,libero_object_task3,153,,True
1005,libero_object_task3,154,,True
1005,libero_object_task3,155,,True
1005,libero_object_task3,156,,True
1005,libero_object_task3,157,,True
1005,libero_object_task3,158,,True
1005,libero_object_task3,159,,True
1005,libero_object_task3,160,,True
1005,libero_object_task3,161,,True
1008,libero_object_task3,0,55,False
1008,libero_object_task3,1,54,False
1008,libero_object_task3,2,53,False
1008,libero_object_task3,3,52,False
1008,libero_object_task3,4,51,False
1008,libero_object_task3,5,50,False
1008,libero_object_task3,6,49,False
1008,libero_object_task3,7,48,False
1008,libero_object_task3,8,47,False
1008,libero_object_task3,9,46,False
1008,libero_object_task3,10,45,False
1008,libero_object_task3,11,44,False
1008,libero_object_task3,12,43,False
1008,libero_object_task3,13,42,False
1008,libero_object_task3,14,41,False
1008,libero_object_task3,15,40,False
1008,libero_object_task3,16,39,False
1008,libero_object_task3,17,38,False
1008,libero_object_task3,18,37,False
1008,libero_object_task3,19,36,False
1008,libero_object_task3,20,35,False
1008,libero_object_task3,21,34,False
1008,libero_object_task3,22,33,False
1008,libero_object_task3,23,32,False
1008,libero_object_task3,24,31,False
1008,libero_object_task3,25,30,False
1008,libero_object_task3,26,29,False
1008,libero_object_task3,27,28,False
1008,libero_object_task3,28,27,False
1008,libero_object_task3,29,26,False
1008,libero_object_task3,30,25,False
1008,libero_object_task3,31,24,False
1008,libero_object_task3,32,23,False
1008,libero_object_task3,33,22,False
1008,libero_object_task3,34,21,False
1008,libero_object_task3,35,20,False
1008,libero_object_task3,36,19,False
1008,libero_object_task3,37,18,False
1008,libero_object_task3,38,17,False
1008,libero_object_task3,39,16,False
1008,libero_object_task3,40,15,False
1008,libero_object_task3,41,14,False
1008,libero_object_task3,42,13,False
1008,libero_object_task3,43,12,False
1008,libero_object_task3,44,11,False
1008,libero_object_task3,45,10,False
1008,libero_object_task3,46,9,False
1008,libero_object_task3,47,8,False
1008,libero_object_task3,48,7,False
1008,libero_object_task3,49,6,False
1008,libero_object_task3,50,5,False
1008,libero_object_task3,51,4,False
1008,libero_object_task3,52,3,False
1008,libero_object_task3,53,2,False
1008,libero_object_task3,54,1,False
1008,libero_object_task3,55,69,False
1008,libero_object_task3,56,68,False
1008,libero_object_task3,57,67,False
1008,libero_object_task3,58,66,False
1008,libero_object_task3,59,65,False
1008,libero_object_task3,60,64,False
1008,libero_object_task3,61,63,False
1008,libero_object_task3,62,62,False
1008,libero_object_task3,63,61,False
1008,libero_object_task3,64,60,False
1008,libero_object_task3,65,59,False
1008,libero_object_task3,66,58,False
1008,libero_object_task3,67,57,False
1008,libero_object_task3,68,56,False
1008,libero_object_task3,69,55,False
1008,libero_object_task3,70,54,False
1008,libero_object_task3,71,53,False
1008,libero_object_task3,72,52,False
1008,libero_object_task3,73,51,False
1008,libero_object_task3,74,50,False
1008,libero_object_task3,75,49,False
1008,libero_object_task3,76,48,False
1008,libero_object_task3,77,47,False
1008,libero_object_task3,78,46,False
1008,libero_object_task3,79,45,False
1008,libero_object_task3,80,44,False
1008,libero_object_task3,81,43,False
1008,libero_object_task3,82,42,False
1008,libero_object_task3,83,41,False
1008,libero_object_task3,84,40,False
1008,libero_object_task3,85,39,False
1008,libero_object_task3,86,38,False
1008,libero_object_task3,87,37,False
1008,libero_object_task3,88,36,False
1008,libero_object_task3,89,35,False
1008,libero_object_task3,90,34,False
1008,libero_object_task3,91,33,False
1008,libero_object_task3,92,32,False
1008,libero_object_task3,93,31,False
1008,libero_object_task3,94,30,False
1008,libero_object_task3,95,29,False
1008,libero_object_task3,96,28,False
1008,libero_object_task3,97,27,False
1008,libero_object_task3,98,26,False
1008,libero_object_task3,99,25,False
1008,libero_object_task3,100,24,False
1008,libero_object_task3,101,23,False
1008,libero_object_task3,102,22,False
1008,libero_object_task3,103,21,False
1008,libero_object_task3,104,20,False
1008,libero_object_task3,105,19,False
1008,libero_object_task3,106,18,False
1008,libero_object_task3,107,17,False
1008,libero_object_task3,108,16,False
1008,libero_object_task3,109,15,False
1008,libero_object_task3,110,14,False
1008,libero_object_task3,111,13,False
1008,libero_object_task3,112,12,False
1008,libero_object_task3,113,11,False
1008,libero_object_task3,114,10,False
1008,libero_object_task3,115,9,False
1008,libero_object_task3,116,8,False
1008,libero_object_task3,117,7,False
1008,libero_object_task3,118,6,False
1008,libero_object_task3,119,5,False
1008,libero_object_task3,120,4,False
1008,libero_object_task3,121,3,False
1008,libero_object_task3,122,2,False
1008,libero_object_task3,123,1,False
1008,libero_object_task3,124,,True
1008,libero_object_task3,125,,True
1008,libero_object_task3,126,,True
1008,libero_object_task3,127,,True
1008,libero_object_task3,128,,True
1008,libero_object_task3,129,,True
1008,libero_object_task3,130,,True
1008,libero_object_task3,131,,True
1008,libero_object_task3,132,,True
1008,libero_object_task3,133,,True
1008,libero_object_task3,134,,True
1008,libero_object_task3,135,,True
1008,libero_object_task3,136,,True
1008,libero_object_task3,137,,True
1008,libero_object_task3,138,,True
1008,libero_object_task3,139,,True
1022,libero_object_task3,0,54,False
1022,libero_object_task3,1,53,False
1022,libero_object_task3,2,52,False
1022,libero_object_task3,3,51,False
1022,libero_object_task3,4,50,False
1022,libero_object_task3,5,49,False
1022,libero_object_task3,6,48,False
1022,libero_object_task3,7,47,False
1022,libero_object_task3,8,46,False
1022,libero_object_task3,9,45,False
1022,libero_object_task3,10,44,False
1022,libero_object_task3,11,43,False
1022,libero_object_task3,12,42,False
1022,libero_object_task3,13,41,False
1022,libero_object_task3,14,40,False
1022,libero_object_task3,15,39,False
1022,libero_object_task3,16,38,False
1022,libero_object_task3,17,37,False
1022,libero_object_task3,18,36,False
1022,libero_object_task3,19,35,False
1022,libero_object_task3,20,34,False
1022,libero_object_task3,21,33,False
1022,libero_object_task3,22,32,False
1022,libero_object_task3,23,31,False
1022,libero_object_task3,24,30,False
1022,libero_object_task3,25,29,False
1022,libero_object_task3,26,28,False
1022,libero_object_task3,27,27,False
1022,libero_object_task3,28,26,False
1022,libero_object_task3,29,25,False
1022,libero_object_task3,30,24,False
1022,libero_object_task3,31,23,False
1022,libero_object_task3,32,22,False
1022,libero_object_task3,33,21,False
1022,libero_object_task3,34,20,False
1022,libero_object_task3,35,19,False
1022,libero_object_task3,36,18,False
1022,libero_object_task3,37,17,False
1022,libero_object_task3,38,16,False
1022,libero_object_task3,39,15,False
1022,libero_object_task3,40,14,False
1022,libero_object_task3,41,13,False
1022,libero_object_task3,42,12,False
1022,libero_object_task3,43,11,False
1022,libero_object_task3,44,10,False
1022,libero_object_task3,45,9,False
1022,libero_object_task3,46,8,False
1022,libero_object_task3,47,7,False
1022,libero_object_task3,48,6,False
1022,libero_object_task3,49,5,False
1022,libero_object_task3,50,4,False
1022,libero_object_task3,51,3,False
1022,libero_object_task3,52,2,False
1022,libero_object_task3,53,1,False
1022,libero_object_task3,54,12,False
1022,libero_object_task3,55,11,False
1022,libero_object_task3,56,10,False
1022,libero_object_task3,57,9,False
1022,libero_object_task3,58,8,False
1022,libero_object_task3,59,7,False
1022,libero_object_task3,60,6,False
1022,libero_object_task3,61,5,False
1022,libero_object_task3,62,4,False
1022,libero_object_task3,63,3,False
1022,libero_object_task3,64,2,False
1022,libero_object_task3,65,1,False
1022,libero_object_task3,66,30,False
1022,libero_object_task3,67,29,False
1022,libero_object_task3,68,28,False
1022,libero_object_task3,69,27,False
1022,libero_object_task3,70,26,False
1022,libero_object_task3,71,25,False
1022,libero_object_task3,72,24,False
1022,libero_object_task3,73,23,False
1022,libero_object_task3,74,22,False
1022,libero_object_task3,75,21,False
1022,libero_object_task3,76,20,False
1022,libero_object_task3,77,19,False
1022,libero_object_task3,78,18,False
1022,libero_object_task3,79,17,False
1022,libero_object_task3,80,16,False
1022,libero_object_task3,81,15,False
1022,libero_object_task3,82,14,False
1022,libero_object_task3,83,13,False
1022,libero_object_task3,84,12,False
1022,libero_object_task3,85,11,False
1022,libero_object_task3,86,10,False
1022,libero_object_task3,87,9,False
1022,libero_object_task3,88,8,False
1022,libero_object_task3,89,7,False
1022,libero_object_task3,90,6,False
1022,libero_object_task3,91,5,False
1022,libero_object_task3,92,4,False
1022,libero_object_task3,93,3,False
1022,libero_object_task3,94,2,False
1022,libero_object_task3,95,1,False
1022,libero_object_task3,96,66,False
1022,libero_object_task3,97,65,False
1022,libero_object_task3,98,64,False
1022,libero_object_task3,99,63,False
1022,libero_object_task3,100,62,False
1022,libero_object_task3,101,61,False
1022,libero_object_task3,102,60,False
1022,libero_object_task3,103,59,False
1022,libero_object_task3,104,58,False
1022,libero_object_task3,105,57,False
1022,libero_object_task3,106,56,False
1022,libero_object_task3,107,55,False
1022,libero_object_task3,108,54,False
1022,libero_object_task3,109,53,False
1022,libero_object_task3,110,52,False
1022,libero_object_task3,111,51,False
1022,libero_object_task3,112,50,False
1022,libero_object_task3,113,49,False
1022,libero_object_task3,114,48,False
1022,libero_object_task3,115,47,False
1022,libero_object_task3,116,46,False
1022,libero_object_task3,117,45,False
1022,libero_object_task3,118,44,False
1022,libero_object_task3,119,43,False
1022,libero_object_task3,120,42,False
1022,libero_object_task3,121,41,False
1022,libero_object_task3,122,40,False
1022,libero_object_task3,123,39,False
1022,libero_object_task3,124,38,False
1022,libero_object_task3,125,37,False
1022,libero_object_task3,126,36,False
1022,libero_object_task3,127,35,False
1022,libero_object_task3,128,34,False
1022,libero_object_task3,129,33,False
1022,libero_object_task3,130,32,False
1022,libero_object_task3,131,31,False
1022,libero_object_task3,132,30,False
1022,libero_object_task3,133,29,False
1022,libero_object_task3,134,28,False
1022,libero_object_task3,135,27,False
1022,libero_object_task3,136,26,False
1022,libero_object_task3,137,25,False
1022,libero_object_task3,138,24,False
1022,libero_object_task3,139,23,False
1022,libero_object_task3,140,22,False
1022,libero_object_task3,141,21,False
1022,libero_object_task3,142,20,False
1022,libero_object_task3,143,19,False
1022,libero_object_task3,144,18,False
1022,libero_object_task3,145,17,False
1022,libero_object_task3,146,16,False
1022,libero_object_task3,147,15,False
1022,libero_object_task3,148,14,False
1022,libero_object_task3,149,13,False
1022,libero_object_task3,150,12,False
1022,libero_object_task3,151,11,False
1022,libero_object_task3,152,10,False
1022,libero_object_task3,153,9,False
1022,libero_object_task3,154,8,False
1022,libero_object_task3,155,7,False
1022,libero_object_task3,156,6,False
1022,libero_object_task3,157,5,False
1022,libero_object_task3,158,4,False
1022,libero_object_task3,159,3,False
1022,libero_object_task3,160,2,False
1022,libero_object_task3,161,1,False
1022,libero_object_task3,162,,True
1022,libero_object_task3,163,,True
1022,libero_object_task3,164,,True
1022,libero_object_task3,165,,True
1022,libero_object_task3,166,,True
1022,libero_object_task3,167,,True
1022,libero_object_task3,168,,True
1022,libero_object_task3,169,,True
1022,libero_object_task3,170,,True
1022,libero_object_task3,171,,True
1022,libero_object_task3,172,,True
1022,libero_object_task3,173,,True
1022,libero_object_task3,174,,True
1025,libero_object_task3,0,59,False
1025,libero_object_task3,1,58,False
1025,libero_object_task3,2,57,False
1025,libero_object_task3,3,56,False
1025,libero_object_task3,4,55,False
1025,libero_object_task3,5,54,False
1025,libero_object_task3,6,53,False
1025,libero_object_task3,7,52,False
1025,libero_object_task3,8,51,False
1025,libero_object_task3,9,50,False
1025,libero_object_task3,10,49,False
1025,libero_object_task3,11,48,False
1025,libero_object_task3,12,47,False
1025,libero_object_task3,13,46,False
1025,libero_object_task3,14,45,False
1025,libero_object_task3,15,44,False
1025,libero_object_task3,16,43,False
1025,libero_object_task3,17,42,False
1025,libero_object_task3,18,41,False
1025,libero_object_task3,19,40,False
1025,libero_object_task3,20,39,False
1025,libero_object_task3,21,38,False
1025,libero_object_task3,22,37,False
1025,libero_object_task3,23,36,False
1025,libero_object_task3,24,35,False
1025,libero_object_task3,25,34,False
1025,libero_object_task3,26,33,False
1025,libero_object_task3,27,32,False
1025,libero_object_task3,28,31,False
1025,libero_object_task3,29,30,False
1025,libero_object_task3,30,29,False
1025,libero_object_task3,31,28,False
1025,libero_object_task3,32,27,False
1025,libero_object_task3,33,26,False
1025,libero_object_task3,34,25,False
1025,libero_object_task3,35,24,False
1025,libero_object_task3,36,23,False
1025,libero_object_task3,37,22,False
1025,libero_object_task3,38,21,False
1025,libero_object_task3,39,20,False
1025,libero_object_task3,40,19,False
1025,libero_object_task3,41,18,False
1025,libero_object_task3,42,17,False
1025,libero_object_task3,43,16,False
1025,libero_object_task3,44,15,False
1025,libero_object_task3,45,14,False
1025,libero_object_task3,46,13,False
1025,libero_object_task3,47,12,False
1025,libero_object_task3,48,11,False
1025,libero_object_task3,49,10,False
1025,libero_object_task3,50,9,False
1025,libero_object_task3,51,8,False
1025,libero_object_task3,52,7,False
1025,libero_object_task3,53,6,False
1025,libero_object_task3,54,5,False
1025,libero_object_task3,55,4,False
1025,libero_object_task3,56,3,False
1025,libero_object_task3,57,2,False
1025,libero_object_task3,58,1,False
1025,libero_object_task3,59,73,False
1025,libero_object_task3,60,72,False
1025,libero_object_task3,61,71,False
1025,libero_object_task3,62,70,False
1025,libero_object_task3,63,69,False
1025,libero_object_task3,64,68,False
1025,libero_object_task3,65,67,False
1025,libero_object_task3,66,66,False
1025,libero_object_task3,67,65,False
1025,libero_object_task3,68,64,False
1025,libero_object_task3,69,63,False
1025,libero_object_task3,70,62,False
1025,libero_object_task3,71,61,False
1025,libero_object_task3,72,60,False
1025,libero_object_task3,73,59,False
1025,libero_object_task3,74,58,False
1025,libero_object_task3,75,57,False
1025,libero_object_task3,76,56,False
1025,libero_object_task3,77,55,False
1025,libero_object_task3,78,54,False
1025,libero_object_task3,79,53,False
1025,libero_object_task3,80,52,False
1025,libero_object_task3,81,51,False
1025,libero_object_task3,82,50,False
1025,libero_object_task3,83,49,False
1025,libero_object_task3,84,48,False
1025,libero_object_task3,85,47,False
1025,libero_object_task3,86,46,False
1025,libero_object_task3,87,45,False
1025,libero_object_task3,88,44,False
1025,libero_object_task3,89,43,False
1025,libero_object_task3,90,42,False
1025,libero_object_task3,91,41,False
1025,libero_object_task3,92,40,False
1025,libero_object_task3,93,39,False
1025,libero_object_task3,94,38,False
1025,libero_object_task3,95,37,False
1025,libero_object_task3,96,36,False
1025,libero_object_task3,97,35,False
1025,libero_object_task3,98,34,False
1025,libero_object_task3,99,33,False
1025,libero_object_task3,100,32,False
1025,libero_object_task3,101,31,False
1025,libero_object_task3,102,30,False
1025,libero_object_task3,103,29,False
1025,libero_object_task3,104,28,False
1025,libero_object_task3,105,27,False
1025,libero_object_task3,106,26,False
1025,libero_object_task3,107,25,False
1025,libero_object_task3,108,24,False
1025,libero_object_task3,109,23,False
1025,libero_object_task3,110,22,False
1025,libero_object_task3,111,21,False
1025,libero_object_task3,112,20,False
1025,libero_object_task3,113,19,False
1025,libero_object_task3,114,18,False
1025,libero_object_task3,115,17,False
1025,libero_object_task3,116,16,False
1025,libero_object_task3,117,15,False
1025,libero_object_task3,118,14,False
1025,libero_object_task3,119,13,False
1025,libero_object_task3,120,12,False
1025,libero_object_task3,121,11,False
1025,libero_object_task3,122,10,False
1025,libero_object_task3,123,9,False
1025,libero_object_task3,124,8,False
1025,libero_object_task3,125,7,False
1025,libero_object_task3,126,6,False
1025,libero_object_task3,127,5,False
1025,libero_object_task3,128,4,False
1025,libero_object_task3,129,3,False
1025,libero_object_task3,130,2,False
1025,libero_object_task3,131,1,False
1025,libero_object_task3,132,,True
1025,libero_object_task3,133,,True
1025,libero_object_task3,134,,True
1025,libero_object_task3,135,,True
1025,libero_object_task3,136,,True
1025,libero_object_task3,137,,True
1025,libero_object_task3,138,,True
1025,libero_object_task3,139,,True
1025,libero_object_task3,140,,True
1025,libero_object_task3,141,,True
1025,libero_object_task3,142,,True
1025,libero_object_task3,143,,True
1025,libero_object_task3,144,,True
1025,libero_object_task3,145,,True
1025,libero_object_task3,146,,True
1025,libero_object_task3,147,,True
1025,libero_object_task3,148,,True
1034,libero_object_task3,0,53,False
1034,libero_object_task3,1,52,False
1034,libero_object_task3,2,51,False
1034,libero_object_task3,3,50,False
1034,libero_object_task3,4,49,False
1034,libero_object_task3,5,48,False
1034,libero_object_task3,6,47,False
1034,libero_object_task3,7,46,False
1034,libero_object_task3,8,45,False
1034,libero_object_task3,9,44,False
1034,libero_object_task3,10,43,False
1034,libero_object_task3,11,42,False
1034,libero_object_task3,12,41,False
1034,libero_object_task3,13,40,False
1034,libero_object_task3,14,39,False
1034,libero_object_task3,15,38,False
1034,libero_object_task3,16,37,False
1034,libero_object_task3,17,36,False
1034,libero_object_task3,18,35,False
1034,libero_object_task3,19,34,False
1034,libero_object_task3,20,33,False
1034,libero_object_task3,21,32,False
1034,libero_object_task3,22,31,False
1034,libero_object_task3,23,30,False
1034,libero_object_task3,24,29,False
1034,libero_object_task3,25,28,False
1034,libero_object_task3,26,27,False
1034,libero_object_task3,27,26,False
1034,libero_object_task3,28,25,False
1034,libero_object_task3,29,24,False
1034,libero_object_task3,30,23,False
1034,libero_object_task3,31,22,False
1034,libero_object_task3,32,21,False
1034,libero_object_task3,33,20,False
1034,libero_object_task3,34,19,False
1034,libero_object_task3,35,18,False
1034,libero_object_task3,36,17,False
1034,libero_object_task3,37,16,False
1034,libero_object_task3,38,15,False
1034,libero_object_task3,39,14,False
1034,libero_object_task3,40,13,False
1034,libero_object_task3,41,12,False
1034,libero_object_task3,42,11,False
1034,libero_object_task3,43,10,False
1034,libero_object_task3,44,9,False
1034,libero_object_task3,45,8,False
1034,libero_object_task3,46,7,False
1034,libero_object_task3,47,6,False
1034,libero_object_task3,48,5,False
1034,libero_object_task3,49,4,False
1034,libero_object_task3,50,3,False
1034,libero_object_task3,51,2,False
1034,libero_object_task3,52,1,False
1034,libero_object_task3,53,68,False
1034,libero_object_task3,54,67,False
1034,libero_object_task3,55,66,False
1034,libero_object_task3,56,65,False
1034,libero_object_task3,57,64,False
1034,libero_object_task3,58,63,False
1034,libero_object_task3,59,62,False
1034,libero_object_task3,60,61,False
1034,libero_object_task3,61,60,False
1034,libero_object_task3,62,59,False
1034,libero_object_task3,63,58,False
1034,libero_object_task3,64,57,False
1034,libero_object_task3,65,56,False
1034,libero_object_task3,66,55,False
1034,libero_object_task3,67,54,False
1034,libero_object_task3,68,53,False
1034,libero_object_task3,69,52,False
1034,libero_object_task3,70,51,False
1034,libero_object_task3,71,50,False
1034,libero_object_task3,72,49,False
1034,libero_object_task3,73,48,False
1034,libero_object_task3,74,47,False
1034,libero_object_task3,75,46,False
1034,libero_object_task3,76,45,False
1034,libero_object_task3,77,44,False
1034,libero_object_task3,78,43,False
1034,libero_object_task3,79,42,False
1034,libero_object_task3,80,41,False
1034,libero_object_task3,81,40,False
1034,libero_object_task3,82,39,False
1034,libero_object_task3,83,38,False
1034,libero_object_task3,84,37,False
1034,libero_object_task3,85,36,False
1034,libero_object_task3,86,35,False
1034,libero_object_task3,87,34,False
1034,libero_object_task3,88,33,False
1034,libero_object_task3,89,32,False
1034,libero_object_task3,90,31,False
1034,libero_object_task3,91,30,False
1034,libero_object_task3,92,29,False
1034,libero_object_task3,93,28,False
1034,libero_object_task3,94,27,False
1034,libero_object_task3,95,26,False
1034,libero_object_task3,96,25,False
1034,libero_object_task3,97,24,False
1034,libero_object_task3,98,23,False
1034,libero_object_task3,99,22,False
1034,libero_object_task3,100,21,False
1034,libero_object_task3,101,20,False
1034,libero_object_task3,102,19,False
1034,libero_object_task3,103,18,False
1034,libero_object_task3,104,17,False
1034,libero_object_task3,105,16,False
1034,libero_object_task3,106,15,False
1034,libero_object_task3,107,14,False
1034,libero_object_task3,108,13,False
1034,libero_object_task3,109,12,False
1034,libero_object_task3,110,11,False
1034,libero_object_task3,111,10,False
1034,libero_object_task3,112,9,False
1034,libero_object_task3,113,8,False
1034,libero_object_task3,114,7,False
1034,libero_object_task3,115,6,False
1034,libero_object_task3,116,5,False
1034,libero_object_task3,117,4,False
1034,libero_object_task3,118,3,False
1034,libero_object_task3,119,2,False
1034,libero_object_task3,120,1,False
1034,libero_object_task3,121,,True
1034,libero_object_task3,122,,True
1034,libero_object_task3,123,,True
1034,libero_object_task3,124,,True
1034,libero_object_task3,125,,True
1034,libero_object_task3,126,,True
1034,libero_object_task3,127,,True
1034,libero_object_task3,128,,True
1034,libero_object_task3,129,,True
1034,libero_object_task3,130,,True
1034,libero_object_task3,131,,True
1067,libero_object_task3,0,49,False
1067,libero_object_task3,1,48,False
1067,libero_object_task3,2,47,False
1067,libero_object_task3,3,46,False
1067,libero_object_task3,4,45,False
1067,libero_object_task3,5,44,False
1067,libero_object_task3,6,43,False
1067,libero_object_task3,7,42,False
1067,libero_object_task3,8,41,False
1067,libero_object_task3,9,40,False
1067,libero_object_task3,10,39,False
1067,libero_object_task3,11,38,False
1067,libero_object_task3,12,37,False
1067,libero_object_task3,13,36,False
1067,libero_object_task3,14,35,False
1067,libero_object_task3,15,34,False
1067,libero_object_task3,16,33,False
1067,libero_object_task3,17,32,False
1067,libero_object_task3,18,31,False
1067,libero_object_task3,19,30,False
1067,libero_object_task3,20,29,False
1067,libero_object_task3,21,28,False
1067,libero_object_task3,22,27,False
1067,libero_object_task3,23,26,False
1067,libero_object_task3,24,25,False
1067,libero_object_task3,25,24,False
1067,libero_object_task3,26,23,False
1067,libero_object_task3,27,22,False
1067,libero_object_task3,28,21,False
1067,libero_object_task3,29,20,False
1067,libero_object_task3,30,19,False
1067,libero_object_task3,31,18,False
1067,libero_object_task3,32,17,False
1067,libero_object_task3,33,16,False
1067,libero_object_task3,34,15,False
1067,libero_object_task3,35,14,False
1067,libero_object_task3,36,13,False
1067,libero_object_task3,37,12,False
1067,libero_object_task3,38,11,False
1067,libero_object_task3,39,10,False
1067,libero_object_task3,40,9,False
1067,libero_object_task3,41,8,False
1067,libero_object_task3,42,7,False
1067,libero_object_task3,43,6,False
1067,libero_object_task3,44,5,False
1067,libero_object_task3,45,4,False
1067,libero_object_task3,46,3,False
1067,libero_object_task3,47,2,False
1067,libero_object_task3,48,1,False
1067,libero_object_task3,49,22,False
1067,libero_object_task3,50,21,False
1067,libero_object_task3,51,20,False
1067,libero_object_task3,52,19,False
1067,libero_object_task3,53,18,False
1067,libero_object_task3,54,17,False
1067,libero_object_task3,55,16,False
1067,libero_object_task3,56,15,False
1067,libero_object_task3,57,14,False
1067,libero_object_task3,58,13,False
1067,libero_object_task3,59,12,False
1067,libero_object_task3,60,11,False
1067,libero_object_task3,61,10,False
1067,libero_object_task3,62,9,False
1067,libero_object_task3,63,8,False
1067,libero_object_task3,64,7,False
1067,libero_object_task3,65,6,False
1067,libero_object_task3,66,5,False
1067,libero_object_task3,67,4,False
1067,libero_object_task3,68,3,False
1067,libero_object_task3,69,2,False
1067,libero_object_task3,70,1,False
1067,libero_object_task3,71,17,False
1067,libero_object_task3,72,16,False
1067,libero_object_task3,73,15,False
1067,libero_object_task3,74,14,False
1067,libero_object_task3,75,13,False
1067,libero_object_task3,76,12,False
1067,libero_object_task3,77,11,False
1067,libero_object_task3,78,10,False
1067,libero_object_task3,79,9,False
1067,libero_object_task3,80,8,False
1067,libero_object_task3,81,7,False
1067,libero_object_task3,82,6,False
1067,libero_object_task3,83,5,False
1067,libero_object_task3,84,4,False
1067,libero_object_task3,85,3,False
1067,libero_object_task3,86,2,False
1067,libero_object_task3,87,1,False
1067,libero_object_task3,88,64,False
1067,libero_object_task3,89,63,False
1067,libero_object_task3,90,62,False
1067,libero_object_task3,91,61,False
1067,libero_object_task3,92,60,False
1067,libero_object_task3,93,59,False
1067,libero_object_task3,94,58,False
1067,libero_object_task3,95,57,False
1067,libero_object_task3,96,56,False
1067,libero_object_task3,97,55,False
1067,libero_object_task3,98,54,False
1067,libero_object_task3,99,53,False
1067,libero_object_task3,100,52,False
1067,libero_object_task3,101,51,False
1067,libero_object_task3,102,50,False
1067,libero_object_task3,103,49,False
1067,libero_object_task3,104,48,False
1067,libero_object_task3,105,47,False
1067,libero_object_task3,106,46,False
1067,libero_object_task3,107,45,False
1067,libero_object_task3,108,44,False
1067,libero_object_task3,109,43,False
1067,libero_object_task3,110,42,False
1067,libero_object_task3,111,41,False
1067,libero_object_task3,112,40,False
1067,libero_object_task3,113,39,False
1067,libero_object_task3,114,38,False
1067,libero_object_task3,115,37,False
1067,libero_object_task3,116,36,False
1067,libero_object_task3,117,35,False
1067,libero_object_task3,118,34,False
1067,libero_object_task3,119,33,False
1067,libero_object_task3,120,32,False
1067,libero_object_task3,121,31,False
1067,libero_object_task3,122,30,False
1067,libero_object_task3,123,29,False
1067,libero_object_task3,124,28,False
1067,libero_object_task3,125,27,False
1067,libero_object_task3,126,26,False
1067,libero_object_task3,127,25,False
1067,libero_object_task3,128,24,False
1067,libero_object_task3,129,23,False
1067,libero_object_task3,130,22,False
1067,libero_object_task3,131,21,False
1067,libero_object_task3,132,20,False
1067,libero_object_task3,133,19,False
1067,libero_object_task3,134,18,False
1067,libero_object_task3,135,17,False
1067,libero_object_task3,136,16,False
1067,libero_object_task3,137,15,False
1067,libero_object_task3,138,14,False
1067,libero_object_task3,139,13,False
1067,libero_object_task3,140,12,False
1067,libero_object_task3,141,11,False
1067,libero_object_task3,142,10,False
1067,libero_object_task3,143,9,False
1067,libero_object_task3,144,8,False
1067,libero_object_task3,145,7,False
1067,libero_object_task3,146,6,False
1067,libero_object_task3,147,5,False
1067,libero_object_task3,148,4,False
1067,libero_object_task3,149,3,False
1067,libero_object_task3,150,2,False
1067,libero_object_task3,151,1,False
1067,libero_object_task3,152,,True
1067,libero_object_task3,153,,True
1067,libero_object_task3,154,,True
1067,libero_object_task3,155,,True
1067,libero_object_task3,156,,True
1067,libero_object_task3,157,,True
1067,libero_object_task3,158,,True
1067,libero_object_task3,159,,True
1067,libero_object_task3,160,,True
1067,libero_object_task3,161,,True
1077,libero_object_task3,0,54,False
1077,libero_object_task3,1,53,False
1077,libero_object_task3,2,52,False
1077,libero_object_task3,3,51,False
1077,libero_object_task3,4,50,False
1077,libero_object_task3,5,49,False
1077,libero_object_task3,6,48,False
1077,libero_object_task3,7,47,False
1077,libero_object_task3,8,46,False
1077,libero_object_task3,9,45,False
1077,libero_object_task3,10,44,False
1077,libero_object_task3,11,43,False
1077,libero_object_task3,12,42,False
1077,libero_object_task3,13,41,False
1077,libero_object_task3,14,40,False
1077,libero_object_task3,15,39,False
1077,libero_object_task3,16,38,False
1077,libero_object_task3,17,37,False
1077,libero_object_task3,18,36,False
1077,libero_object_task3,19,35,False
1077,libero_object_task3,20,34,False
1077,libero_object_task3,21,33,False
1077,libero_object_task3,22,32,False
1077,libero_object_task3,23,31,False
1077,libero_object_task3,24,30,False
1077,libero_object_task3,25,29,False
1077,libero_object_task3,26,28,False
1077,libero_object_task3,27,27,False
1077,libero_object_task3,28,26,False
1077,libero_object_task3,29,25,False
1077,libero_object_task3,30,24,False
1077,libero_object_task3,31,23,False
1077,libero_object_task3,32,22,False
1077,libero_object_task3,33,21,False
1077,libero_object_task3,34,20,False
1077,libero_object_task3,35,19,False
1077,libero_object_task3,36,18,False
1077,libero_object_task3,37,17,False
1077,libero_object_task3,38,16,False
1077,libero_object_task3,39,15,False
1077,libero_object_task3,40,14,False
1077,libero_object_task3,41,13,False
1077,libero_object_task3,42,12,False
1077,libero_object_task3,43,11,False
1077,libero_object_task3,44,10,False
1077,libero_object_task3,45,9,False
1077,libero_object_task3,46,8,False
1077,libero_object_task3,47,7,False
1077,libero_object_task3,48,6,False
1077,libero_object_task3,49,5,False
1077,libero_object_task3,50,4,False
1077,libero_object_task3,51,3,False
1077,libero_object_task3,52,2,False
1077,libero_object_task3,53,1,False
1077,libero_object_task3,54,71,False
1077,libero_object_task3,55,70,False
1077,libero_object_task3,56,69,False
1077,libero_object_task3,57,68,False
1077,libero_object_task3,58,67,False
1077,libero_object_task3,59,66,False
1077,libero_object_task3,60,65,False
1077,libero_object_task3,61,64,False
1077,libero_object_task3,62,63,False
1077,libero_object_task3,63,62,False
1077,libero_object_task3,64,61,False
1077,libero_object_task3,65,60,False
1077,libero_object_task3,66,59,False
1077,libero_object_task3,67,58,False
1077,libero_object_task3,68,57,False
1077,libero_object_task3,69,56,False
1077,libero_object_task3,70,55,False
1077,libero_object_task3,71,54,False
1077,libero_object_task3,72,53,False
1077,libero_object_task3,73,52,False
1077,libero_object_task3,74,51,False
1077,libero_object_task3,75,50,False
1077,libero_object_task3,76,49,False
1077,libero_object_task3,77,48,False
1077,libero_object_task3,78,47,False
1077,libero_object_task3,79,46,False
1077,libero_object_task3,80,45,False
1077,libero_object_task3,81,44,False
1077,libero_object_task3,82,43,False
1077,libero_object_task3,83,42,False
1077,libero_object_task3,84,41,False
1077,libero_object_task3,85,40,False
1077,libero_object_task3,86,39,False
1077,libero_object_task3,87,38,False
1077,libero_object_task3,88,37,False
1077,libero_object_task3,89,36,False
1077,libero_object_task3,90,35,False
1077,libero_object_task3,91,34,False
1077,libero_object_task3,92,33,False
1077,libero_object_task3,93,32,False
1077,libero_object_task3,94,31,False
1077,libero_object_task3,95,30,False
1077,libero_object_task3,96,29,False
1077,libero_object_task3,97,28,False
1077,libero_object_task3,98,27,False
1077,libero_object_task3,99,26,False
1077,libero_object_task3,100,25,False
1077,libero_object_task3,101,24,False
1077,libero_object_task3,102,23,False
1077,libero_object_task3,103,22,False
1077,libero_object_task3,104,21,False
1077,libero_object_task3,105,20,False
1077,libero_object_task3,106,19,False
1077,libero_object_task3,107,18,False
1077,libero_object_task3,108,17,False
1077,libero_object_task3,109,16,False
1077,libero_object_task3,110,15,False
1077,libero_object_task3,111,14,False
1077,libero_object_task3,112,13,False
1077,libero_object_task3,113,12,False
1077,libero_object_task3,114,11,False
1077,libero_object_task3,115,10,False
1077,libero_object_task3,116,9,False
1077,libero_object_task3,117,8,False
1077,libero_object_task3,118,7,False
1077,libero_object_task3,119,6,False
1077,libero_object_task3,120,5,False
1077,libero_object_task3,121,4,False
1077,libero_object_task3,122,3,False
1077,libero_object_task3,123,2,False
1077,libero_object_task3,124,1,False
1077,libero_object_task3,125,,True
1077,libero_object_task3,126,,True
1077,libero_object_task3,127,,True
1077,libero_object_task3,128,,True
1077,libero_object_task3,129,,True
1077,libero_object_task3,130,,True
1077,libero_object_task3,131,,True
1077,libero_object_task3,132,,True
1077,libero_object_task3,133,,True
1077,libero_object_task3,134,,True
1089,libero_object_task3,0,54,False
1089,libero_object_task3,1,53,False
1089,libero_object_task3,2,52,False
1089,libero_object_task3,3,51,False
1089,libero_object_task3,4,50,False
1089,libero_object_task3,5,49,False
1089,libero_object_task3,6,48,False
1089,libero_object_task3,7,47,False
1089,libero_object_task3,8,46,False
1089,libero_object_task3,9,45,False
1089,libero_object_task3,10,44,False
1089,libero_object_task3,11,43,False
1089,libero_object_task3,12,42,False
1089,libero_object_task3,13,41,False
1089,libero_object_task3,14,40,False
1089,libero_object_task3,15,39,False
1089,libero_object_task3,16,38,False
1089,libero_object_task3,17,37,False
1089,libero_object_task3,18,36,False
1089,libero_object_task3,19,35,False
1089,libero_object_task3,20,34,False
1089,libero_object_task3,21,33,False
1089,libero_object_task3,22,32,False
1089,libero_object_task3,23,31,False
1089,libero_object_task3,24,30,False
1089,libero_object_task3,25,29,False
1089,libero_object_task3,26,28,False
1089,libero_object_task3,27,27,False
1089,libero_object_task3,28,26,False
1089,libero_object_task3,29,25,False
1089,libero_object_task3,30,24,False
1089,libero_object_task3,31,23,False
1089,libero_object_task3,32,22,False
1089,libero_object_task3,33,21,False
1089,libero_object_task3,34,20,False
1089,libero_object_task3,35,19,False
1089,libero_object_task3,36,18,False
1089,libero_object_task3,37,17,False
1089,libero_object_task3,38,16,False
1089,libero_object_task3,39,15,False
1089,libero_object_task3,40,14,False
1089,libero_object_task3,41,13,False
1089,libero_object_task3,42,12,False
1089,libero_object_task3,43,11,False
1089,libero_object_task3,44,10,False
1089,libero_object_task3,45,9,False
1089,libero_object_task3,46,8,False
1089,libero_object_task3,47,7,False
1089,libero_object_task3,48,6,False
1089,libero_object_task3,49,5,False
1089,libero_object_task3,50,4,False
1089,libero_object_task3,51,3,False
1089,libero_object_task3,52,2,False
1089,libero_object_task3,53,1,False
1089,libero_object_task3,54,65,False
1089,libero_object_task3,55,64,False
1089,libero_object_task3,56,63,False
1089,libero_object_task3,57,62,False
1089,libero_object_task3,58,61,False
1089,libero_object_task3,59,60,False
1089,libero_object_task3,60,59,False
1089,libero_object_task3,61,58,False
1089,libero_object_task3,62,57,False
1089,libero_object_task3,63,56,False
1089,libero_object_task3,64,55,False
1089,libero_object_task3,65,54,False
1089,libero_object_task3,66,53,False
1089,libero_object_task3,67,52,False
1089,libero_object_task3,68,51,False
1089,libero_object_task3,69,50,False
1089,libero_object_task3,70,49,False
1089,libero_object_task3,71,48,False
1089,libero_object_task3,72,47,False
1089,libero_object_task3,73,46,False
1089,libero_object_task3,74,45,False
1089,libero_object_task3,75,44,False
1089,libero_object_task3,76,43,False
1089,libero_object_task3,77,42,False
1089,libero_object_task3,78,41,False
1089,libero_object_task3,79,40,False
1089,libero_object_task3,80,39,False
1089,libero_object_task3,81,38,False
1089,libero_object_task3,82,37,False
1089,libero_object_task3,83,36,False
1089,libero_object_task3,84,35,False
1089,libero_object_task3,85,34,False
1089,libero_object_task3,86,33,False
1089,libero_object_task3,87,32,False
1089,libero_object_task3,88,31,False
1089,libero_object_task3,89,30,False
1089,libero_object_task3,90,29,False
1089,libero_object_task3,91,28,False
1089,libero_object_task3,92,27,False
1089,libero_object_task3,93,26,False
1089,libero_object_task3,94,25,False
1089,libero_object_task3,95,24,False
1089,libero_object_task3,96,23,False
1089,libero_object_task3,97,22,False
1089,libero_object_task3,98,21,False
1089,libero_object_task3,99,20,False
1089,libero_object_task3,100,19,False
1089,libero_object_task3,101,18,False
1089,libero_object_task3,102,17,False
1089,libero_object_task3,103,16,False
1089,libero_object_task3,104,15,False
1089,libero_object_task3,105,14,False
1089,libero_object_task3,106,13,False
1089,libero_object_task3,107,12,False
1089,libero_object_task3,108,11,False
1089,libero_object_task3,109,10,False
1089,libero_object_task3,110,9,False
1089,libero_object_task3,111,8,False
1089,libero_object_task3,112,7,False
1089,libero_object_task3,113,6,False
1089,libero_object_task3,114,5,False
1089,libero_object_task3,115,4,False
1089,libero_object_task3,116,3,False
1089,libero_object_task3,117,2,False
1089,libero_object_task3,118,1,False
1089,libero_object_task3,119,,True
1089,libero_object_task3,120,,True
1089,libero_object_task3,121,,True
1089,libero_object_task3,122,,True
1089,libero_object_task3,123,,True
1089,libero_object_task3,124,,True
1089,libero_object_task3,125,,True
1089,libero_object_task3,126,,True
1089,libero_object_task3,127,,True
1089,libero_object_task3,128,,True
1089,libero_object_task3,129,,True
1089,libero_object_task3,130,,True
1089,libero_object_task3,131,,True
1089,libero_object_task3,132,,True
1089,libero_object_task3,133,,True
1089,libero_object_task3,134,,True
1089,libero_object_task3,135,,True
1125,libero_object_task3,0,49,False
1125,libero_object_task3,1,48,False
1125,libero_object_task3,2,47,False
1125,libero_object_task3,3,46,False
1125,libero_object_task3,4,45,False
1125,libero_object_task3,5,44,False
1125,libero_object_task3,6,43,False
1125,libero_object_task3,7,42,False
1125,libero_object_task3,8,41,False
1125,libero_object_task3,9,40,False
1125,libero_object_task3,10,39,False
1125,libero_object_task3,11,38,False
1125,libero_object_task3,12,37,False
1125,libero_object_task3,13,36,False
1125,libero_object_task3,14,35,False
1125,libero_object_task3,15,34,False
1125,libero_object_task3,16,33,False
1125,libero_object_task3,17,32,False
1125,libero_object_task3,18,31,False
1125,libero_object_task3,19,30,False
1125,libero_object_task3,20,29,False
1125,libero_object_task3,21,28,False
1125,libero_object_task3,22,27,False
1125,libero_object_task3,23,26,False
1125,libero_object_task3,24,25,False
1125,libero_object_task3,25,24,False
1125,libero_object_task3,26,23,False
1125,libero_object_task3,27,22,False
1125,libero_object_task3,28,21,False
1125,libero_object_task3,29,20,False
1125,libero_object_task3,30,19,False
1125,libero_object_task3,31,18,False
1125,libero_object_task3,32,17,False
1125,libero_object_task3,33,16,False
1125,libero_object_task3,34,15,False
1125,libero_object_task3,35,14,False
1125,libero_object_task3,36,13,False
1125,libero_object_task3,37,12,False
1125,libero_object_task3,38,11,False
1125,libero_object_task3,39,10,False
1125,libero_object_task3,40,9,False
1125,libero_object_task3,41,8,False
1125,libero_object_task3,42,7,False
1125,libero_object_task3,43,6,False
1125,libero_object_task3,44,5,False
1125,libero_object_task3,45,4,False
1125,libero_object_task3,46,3,False
1125,libero_object_task3,47,2,False
1125,libero_object_task3,48,1,False
1125,libero_object_task3,49,22,False
1125,libero_object_task3,50,21,False
1125,libero_object_task3,51,20,False
1125,libero_object_task3,52,19,False
1125,libero_object_task3,53,18,False
1125,libero_object_task3,54,17,False
1125,libero_object_task3,55,16,False
1125,libero_object_task3,56,15,False
1125,libero_object_task3,57,14,False
1125,libero_object_task3,58,13,False
1125,libero_object_task3,59,12,False
1125,libero_object_task3,60,11,False
1125,libero_object_task3,61,10,False
1125,libero_object_task3,62,9,False
1125,libero_object_task3,63,8,False
1125,libero_object_task3,64,7,False
1125,libero_object_task3,65,6,False
1125,libero_object_task3,66,5,False
1125,libero_object_task3,67,4,False
1125,libero_object_task3,68,3,False
1125,libero_object_task3,69,2,False
1125,libero_object_task3,70,1,False
1125,libero_object_task3,71,15,False
1125,libero_object_task3,72,14,False
1125,libero_object_task3,73,13,False
1125,libero_object_task3,74,12,False
1125,libero_object_task3,75,11,False
1125,libero_object_task3,76,10,False
1125,libero_object_task3,77,9,False
1125,libero_object_task3,78,8,False
1125,libero_object_task3,79,7,False
1125,libero_object_task3,80,6,False
1125,libero_object_task3,81,5,False
1125,libero_object_task3,82,4,False
1125,libero_object_task3,83,3,False
1125,libero_object_task3,84,2,False
1125,libero_object_task3,85,1,False
1125,libero_object_task3,86,70,False
1125,libero_object_task3,87,69,False
1125,libero_object_task3,88,68,False
1125,libero_object_task3,89,67,False
1125,libero_object_task3,90,66,False
1125,libero_object_task3,91,65,False
1125,libero_object_task3,92,64,False
1125,libero_object_task3,93,63,False
1125,libero_object_task3,94,62,False
1125,libero_object_task3,95,61,False
1125,libero_object_task3,96,60,False
1125,libero_object_task3,97,59,False
1125,libero_object_task3,98,58,False
1125,libero_object_task3,99,57,False
1125,libero_object_task3,100,56,False
1125,libero_object_task3,101,55,False
1125,libero_object_task3,102,54,False
1125,libero_object_task3,103,53,False
1125,libero_object_task3,104,52,False
1125,libero_object_task3,105,51,False
1125,libero_object_task3,106,50,False
1125,libero_object_task3,107,49,False
1125,libero_object_task3,108,48,False
1125,libero_object_task3,109,47,False
1125,libero_object_task3,110,46,False
1125,libero_object_task3,111,45,False
1125,libero_object_task3,112,44,False
1125,libero_object_task3,113,43,False
1125,libero_object_task3,114,42,False
1125,libero_object_task3,115,41,False
1125,libero_object_task3,116,40,False
1125,libero_object_task3,117,39,False
1125,libero_object_task3,118,38,False
1125,libero_object_task3,119,37,False
1125,libero_object_task3,120,36,False
1125,libero_object_task3,121,35,False
1125,libero_object_task3,122,34,False
1125,libero_object_task3,123,33,False
1125,libero_object_task3,124,32,False
1125,libero_object_task3,125,31,False
1125,libero_object_task3,126,30,False
1125,libero_object_task3,127,29,False
1125,libero_object_task3,128,28,False
1125,libero_object_task3,129,27,False
1125,libero_object_task3,130,26,False
1125,libero_object_task3,131,25,False
1125,libero_object_task3,132,24,False
1125,libero_object_task3,133,23,False
1125,libero_object_task3,134,22,False
1125,libero_object_task3,135,21,False
1125,libero_object_task3,136,20,False
1125,libero_object_task3,137,19,False
1125,libero_object_task3,138,18,False
1125,libero_object_task3,139,17,False
1125,libero_object_task3,140,16,False
1125,libero_object_task3,141,15,False
1125,libero_object_task3,142,14,False
1125,libero_object_task3,143,13,False
1125,libero_object_task3,144,12,False
1125,libero_object_task3,145,11,False
1125,libero_object_task3,146,10,False
1125,libero_object_task3,147,9,False
1125,libero_object_task3,148,8,False
1125,libero_object_task3,149,7,False
1125,libero_object_task3,150,6,False
1125,libero_object_task3,151,5,False
1125,libero_object_task3,152,4,False
1125,libero_object_task3,153,3,False
1125,libero_object_task3,154,2,False
1125,libero_object_task3,155,1,False
1125,libero_object_task3,156,,True
1125,libero_object_task3,157,,True
1125,libero_object_task3,158,,True
1125,libero_object_task3,159,,True
1125,libero_object_task3,160,,True
1125,libero_object_task3,161,,True
1125,libero_object_task3,162,,True
1125,libero_object_task3,163,,True
1125,libero_object_task3,164,,True
1125,libero_object_task3,165,,True
1125,libero_object_task3,166,,True
1125,libero_object_task3,167,,True
1125,libero_object_task3,168,,True
1125,libero_object_task3,169,,True
1129,libero_object_task3,0,54,False
1129,libero_object_task3,1,53,False
1129,libero_object_task3,2,52,False
1129,libero_object_task3,3,51,False
1129,libero_object_task3,4,50,False
1129,libero_object_task3,5,49,False
1129,libero_object_task3,6,48,False
1129,libero_object_task3,7,47,False
1129,libero_object_task3,8,46,False
1129,libero_object_task3,9,45,False
1129,libero_object_task3,10,44,False
1129,libero_object_task3,11,43,False
1129,libero_object_task3,12,42,False
1129,libero_object_task3,13,41,False
1129,libero_object_task3,14,40,False
1129,libero_object_task3,15,39,False
1129,libero_object_task3,16,38,False
1129,libero_object_task3,17,37,False
1129,libero_object_task3,18,36,False
1129,libero_object_task3,19,35,False
1129,libero_object_task3,20,34,False
1129,libero_object_task3,21,33,False
1129,libero_object_task3,22,32,False
1129,libero_object_task3,23,31,False
1129,libero_object_task3,24,30,False
1129,libero_object_task3,25,29,False
1129,libero_object_task3,26,28,False
1129,libero_object_task3,27,27,False
1129,libero_object_task3,28,26,False
1129,libero_object_task3,29,25,False
1129,libero_object_task3,30,24,False
1129,libero_object_task3,31,23,False
1129,libero_object_task3,32,22,False
1129,libero_object_task3,33,21,False
1129,libero_object_task3,34,20,False
1129,libero_object_task3,35,19,False
1129,libero_object_task3,36,18,False
1129,libero_object_task3,37,17,False
1129,libero_object_task3,38,16,False
1129,libero_object_task3,39,15,False
1129,libero_object_task3,40,14,False
1129,libero_object_task3,41,13,False
1129,libero_object_task3,42,12,False
1129,libero_object_task3,43,11,False
1129,libero_object_task3,44,10,False
1129,libero_object_task3,45,9,False
1129,libero_object_task3,46,8,False
1129,libero_object_task3,47,7,False
1129,libero_object_task3,48,6,False
1129,libero_object_task3,49,5,False
1129,libero_object_task3,50,4,False
1129,libero_object_task3,51,3,False
1129,libero_object_task3,52,2,False
1129,libero_object_task3,53,1,False
1129,libero_object_task3,54,68,False
1129,libero_object_task3,55,67,False
1129,libero_object_task3,56,66,False
1129,libero_object_task3,57,65,False
1129,libero_object_task3,58,64,False
1129,libero_object_task3,59,63,False
1129,libero_object_task3,60,62,False
1129,libero_object_task3,61,61,False
1129,libero_object_task3,62,60,False
1129,libero_object_task3,63,59,False
1129,libero_object_task3,64,58,False
1129,libero_object_task3,65,57,False
1129,libero_object_task3,66,56,False
1129,libero_object_task3,67,55,False
1129,libero_object_task3,68,54,False
1129,libero_object_task3,69,53,False
1129,libero_object_task3,70,52,False
1129,libero_object_task3,71,51,False
1129,libero_object_task3,72,50,False
1129,libero_object_task3,73,49,False
1129,libero_object_task3,74,48,False
1129,libero_object_task3,75,47,False
1129,libero_object_task3,76,46,False
1129,libero_object_task3,77,45,False
1129,libero_object_task3,78,44,False
1129,libero_object_task3,79,43,False
1129,libero_object_task3,80,42,False
1129,libero_object_task3,81,41,False
1129,libero_object_task3,82,40,False
1129,libero_object_task3,83,39,False
1129,libero_object_task3,84,38,False
1129,libero_object_task3,85,37,False
1129,libero_object_task3,86,36,False
1129,libero_object_task3,87,35,False
1129,libero_object_task3,88,34,False
1129,libero_object_task3,89,33,False
1129,libero_object_task3,90,32,False
1129,libero_object_task3,91,31,False
1129,libero_object_task3,92,30,False
1129,libero_object_task3,93,29,False
1129,libero_object_task3,94,28,False
1129,libero_object_task3,95,27,False
1129,libero_object_task3,96,26,False
1129,libero_object_task3,97,25,False
1129,libero_object_task3,98,24,False
1129,libero_object_task3,99,23,False
1129,libero_object_task3,100,22,False
1129,libero_object_task3,101,21,False
1129,libero_object_task3,102,20,False
1129,libero_object_task3,103,19,False
1129,libero_object_task3,104,18,False
1129,libero_object_task3,105,17,False
1129,libero_object_task3,106,16,False
1129,libero_object_task3,107,15,False
1129,libero_object_task3,108,14,False
1129,libero_object_task3,109,13,False
1129,libero_object_task3,110,12,False
1129,libero_object_task3,111,11,False
1129,libero_object_task3,112,10,False
1129,libero_object_task3,113,9,False
1129,libero_object_task3,114,8,False
1129,libero_object_task3,115,7,False
1129,libero_object_task3,116,6,False
1129,libero_object_task3,117,5,False
1129,libero_object_task3,118,4,False
1129,libero_object_task3,119,3,False
1129,libero_object_task3,120,2,False
1129,libero_object_task3,121,1,False
1129,libero_object_task3,122,,True
1129,libero_object_task3,123,,True
1129,libero_object_task3,124,,True
1129,libero_object_task3,125,,True
1129,libero_object_task3,126,,True
1129,libero_object_task3,127,,True
1129,libero_object_task3,128,,True
1129,libero_object_task3,129,,True
1129,libero_object_task3,130,,True
1129,libero_object_task3,131,,True
1129,libero_object_task3,132,,True
1129,libero_object_task3,133,,True
1129,libero_object_task3,134,,True
1129,libero_object_task3,135,,True
1129,libero_object_task3,136,,True
1129,libero_object_task3,137,,True
1129,libero_object_task3,138,,True
1129,libero_object_task3,139,,True
1130,libero_object_task3,0,79,False
1130,libero_object_task3,1,78,False
1130,libero_object_task3,2,77,False
1130,libero_object_task3,3,76,False
1130,libero_object_task3,4,75,False
1130,libero_object_task3,5,74,False
1130,libero_object_task3,6,73,False
1130,libero_object_task3,7,72,False
1130,libero_object_task3,8,71,False
1130,libero_object_task3,9,70,False
1130,libero_object_task3,10,69,False
1130,libero_object_task3,11,68,False
1130,libero_object_task3,12,67,False
1130,libero_object_task3,13,66,False
1130,libero_object_task3,14,65,False
1130,libero_object_task3,15,64,False
1130,libero_object_task3,16,63,False
1130,libero_object_task3,17,62,False
1130,libero_object_task3,18,61,False
1130,libero_object_task3,19,60,False
1130,libero_object_task3,20,59,False
1130,libero_object_task3,21,58,False
1130,libero_object_task3,22,57,False
1130,libero_object_task3,23,56,False
1130,libero_object_task3,24,55,False
1130,libero_object_task3,25,54,False
1130,libero_object_task3,26,53,False
1130,libero_object_task3,27,52,False
1130,libero_object_task3,28,51,False
1130,libero_object_task3,29,50,False
1130,libero_object_task3,30,49,False
1130,libero_object_task3,31,48,False
1130,libero_object_task3,32,47,False
1130,libero_object_task3,33,46,False
1130,libero_object_task3,34,45,False
1130,libero_object_task3,35,44,False
1130,libero_object_task3,36,43,False
1130,libero_object_task3,37,42,False
1130,libero_object_task3,38,41,False
1130,libero_object_task3,39,40,False
1130,libero_object_task3,40,39,False
1130,libero_object_task3,41,38,False
1130,libero_object_task3,42,37,False
1130,libero_object_task3,43,36,False
1130,libero_object_task3,44,35,False
1130,libero_object_task3,45,34,False
1130,libero_object_task3,46,33,False
1130,libero_object_task3,47,32,False
1130,libero_object_task3,48,31,False
1130,libero_object_task3,49,30,False
1130,libero_object_task3,50,29,False
1130,libero_object_task3,51,28,False
1130,libero_object_task3,52,27,False
1130,libero_object_task3,53,26,False
1130,libero_object_task3,54,25,False
1130,libero_object_task3,55,24,False
1130,libero_object_task3,56,23,False
1130,libero_object_task3,57,22,False
1130,libero_object_task3,58,21,False
1130,libero_object_task3,59,20,False
1130,libero_object_task3,60,19,False
1130,libero_object_task3,61,18,False
1130,libero_object_task3,62,17,False
1130,libero_object_task3,63,16,False
1130,libero_object_task3,64,15,False
1130,libero_object_task3,65,14,False
1130,libero_object_task3,66,13,False
1130,libero_object_task3,67,12,False
1130,libero_object_task3,68,11,False
1130,libero_object_task3,69,10,False
1130,libero_object_task3,70,9,False
1130,libero_object_task3,71,8,False
1130,libero_object_task3,72,7,False
1130,libero_object_task3,73,6,False
1130,libero_object_task3,74,5,False
1130,libero_object_task3,75,4,False
1130,libero_object_task3,76,3,False
1130,libero_object_task3,77,2,False
1130,libero_object_task3,78,1,False
1130,libero_object_task3,79,66,False
1130,libero_object_task3,80,65,False
1130,libero_object_task3,81,64,False
1130,libero_object_task3,82,63,False
1130,libero_object_task3,83,62,False
1130,libero_object_task3,84,61,False
1130,libero_object_task3,85,60,False
1130,libero_object_task3,86,59,False
1130,libero_object_task3,87,58,False
1130,libero_object_task3,88,57,False
1130,libero_object_task3,89,56,False
1130,libero_object_task3,90,55,False
1130,libero_object_task3,91,54,False
1130,libero_object_task3,92,53,False
1130,libero_object_task3,93,52,False
1130,libero_object_task3,94,51,False
1130,libero_object_task3,95,50,False
1130,libero_object_task3,96,49,False
1130,libero_object_task3,97,48,False
1130,libero_object_task3,98,47,False
1130,libero_object_task3,99,46,False
1130,libero_object_task3,100,45,False
1130,libero_object_task3,101,44,False
1130,libero_object_task3,102,43,False
1130,libero_object_task3,103,42,False
1130,libero_object_task3,104,41,False
1130,libero_object_task3,105,40,False
1130,libero_object_task3,106,39,False
1130,libero_object_task3,107,38,False
1130,libero_object_task3,108,37,False
1130,libero_object_task3,109,36,False
1130,libero_object_task3,110,35,False
1130,libero_object_task3,111,34,False
1130,libero_object_task3,112,33,False
1130,libero_object_task3,113,32,False
1130,libero_object_task3,114,31,False
1130,libero_object_task3,115,30,False
1130,libero_object_task3,116,29,False
1130,libero_object_task3,117,28,False
1130,libero_object_task3,118,27,False
1130,libero_object_task3,119,26,False
1130,libero_object_task3,120,25,False
1130,libero_object_task3,121,24,False
1130,libero_object_task3,122,23,False
1130,libero_object_task3,123,22,False
1130,libero_object_task3,124,21,False
1130,libero_object_task3,125,20,False
1130,libero_object_task3,126,19,False
1130,libero_object_task3,127,18,False
1130,libero_object_task3,128,17,False
1130,libero_object_task3,129,16,False
1130,libero_object_task3,130,15,False
1130,libero_object_task3,131,14,False
1130,libero_object_task3,132,13,False
1130,libero_object_task3,133,12,False
1130,libero_object_task3,134,11,False
1130,libero_object_task3,135,10,False
1130,libero_object_task3,136,9,False
1130,libero_object_task3,137,8,False
1130,libero_object_task3,138,7,False
1130,libero_object_task3,139,6,False
1130,libero_object_task3,140,5,False
1130,libero_object_task3,141,4,False
1130,libero_object_task3,142,3,False
1130,libero_object_task3,143,2,False
1130,libero_object_task3,144,1,False
1130,libero_object_task3,145,,True
1130,libero_object_task3,146,,True
1130,libero_object_task3,147,,True
1130,libero_object_task3,148,,True
1130,libero_object_task3,149,,True
1130,libero_object_task3,150,,True
1130,libero_object_task3,151,,True
1130,libero_object_task3,152,,True
1130,libero_object_task3,153,,True
1130,libero_object_task3,154,,True
1130,libero_object_task3,155,,True
1130,libero_object_task3,156,,True
1130,libero_object_task3,157,,True
1130,libero_object_task3,158,,True
1130,libero_object_task3,159,,True
1130,libero_object_task3,160,,True
1130,libero_object_task3,161,,True
1130,libero_object_task3,162,,True
1130,libero_object_task3,163,,True
1130,libero_object_task3,164,,True
1130,libero_object_task3,165,,True
1135,libero_object_task3,0,53,False
1135,libero_object_task3,1,52,False
1135,libero_object_task3,2,51,False
1135,libero_object_task3,3,50,False
1135,libero_object_task3,4,49,False
1135,libero_object_task3,5,48,False
1135,libero_object_task3,6,47,False
1135,libero_object_task3,7,46,False
1135,libero_object_task3,8,45,False
1135,libero_object_task3,9,44,False
1135,libero_object_task3,10,43,False
1135,libero_object_task3,11,42,False
1135,libero_object_task3,12,41,False
1135,libero_object_task3,13,40,False
1135,libero_object_task3,14,39,False
1135,libero_object_task3,15,38,False
1135,libero_object_task3,16,37,False
1135,libero_object_task3,17,36,False
1135,libero_object_task3,18,35,False
1135,libero_object_task3,19,34,False
1135,libero_object_task3,20,33,False
1135,libero_object_task3,21,32,False
1135,libero_object_task3,22,31,False
1135,libero_object_task3,23,30,False
1135,libero_object_task3,24,29,False
1135,libero_object_task3,25,28,False
1135,libero_object_task3,26,27,False
1135,libero_object_task3,27,26,False
1135,libero_object_task3,28,25,False
1135,libero_object_task3,29,24,False
1135,libero_object_task3,30,23,False
1135,libero_object_task3,31,22,False
1135,libero_object_task3,32,21,False
1135,libero_object_task3,33,20,False
1135,libero_object_task3,34,19,False
1135,libero_object_task3,35,18,False
1135,libero_object_task3,36,17,False
1135,libero_object_task3,37,16,False
1135,libero_object_task3,38,15,False
1135,libero_object_task3,39,14,False
1135,libero_object_task3,40,13,False
1135,libero_object_task3,41,12,False
1135,libero_object_task3,42,11,False
1135,libero_object_task3,43,10,False
1135,libero_object_task3,44,9,False
1135,libero_object_task3,45,8,False
1135,libero_object_task3,46,7,False
1135,libero_object_task3,47,6,False
1135,libero_object_task3,48,5,False
1135,libero_object_task3,49,4,False
1135,libero_object_task3,50,3,False
1135,libero_object_task3,51,2,False
1135,libero_object_task3,52,1,False
1135,libero_object_task3,53,19,False
1135,libero_object_task3,54,18,False
1135,libero_object_task3,55,17,False
1135,libero_object_task3,56,16,False
1135,libero_object_task3,57,15,False
1135,libero_object_task3,58,14,False
1135,libero_object_task3,59,13,False
1135,libero_object_task3,60,12,False
1135,libero_object_task3,61,11,False
1135,libero_object_task3,62,10,False
1135,libero_object_task3,63,9,False
1135,libero_object_task3,64,8,False
1135,libero_object_task3,65,7,False
1135,libero_object_task3,66,6,False
1135,libero_object_task3,67,5,False
1135,libero_object_task3,68,4,False
1135,libero_object_task3,69,3,False
1135,libero_object_task3,70,2,False
1135,libero_object_task3,71,1,False
1135,libero_object_task3,72,21,False
1135,libero_object_task3,73,20,False
1135,libero_object_task3,74,19,False
1135,libero_object_task3,75,18,False
1135,libero_object_task3,76,17,False
1135,libero_object_task3,77,16,False
1135,libero_object_task3,78,15,False
1135,libero_object_task3,79,14,False
1135,libero_object_task3,80,13,False
1135,libero_object_task3,81,12,False
1135,libero_object_task3,82,11,False
1135,libero_object_task3,83,10,False
1135,libero_object_task3,84,9,False
1135,libero_object_task3,85,8,False
1135,libero_object_task3,86,7,False
1135,libero_object_task3,87,6,False
1135,libero_object_task3,88,5,False
1135,libero_object_task3,89,4,False
1135,libero_object_task3,90,3,False
1135,libero_object_task3,91,2,False
1135,libero_object_task3,92,1,False
1135,libero_object_task3,93,69,False
1135,libero_object_task3,94,68,False
1135,libero_object_task3,95,67,False
1135,libero_object_task3,96,66,False
1135,libero_object_task3,97,65,False
1135,libero_object_task3,98,64,False
1135,libero_object_task3,99,63,False
1135,libero_object_task3,100,62,False
1135,libero_object_task3,101,61,False
1135,libero_object_task3,102,60,False
1135,libero_object_task3,103,59,False
1135,libero_object_task3,104,58,False
1135,libero_object_task3,105,57,False
1135,libero_object_task3,106,56,False
1135,libero_object_task3,107,55,False
1135,libero_object_task3,108,54,False
1135,libero_object_task3,109,53,False
1135,libero_object_task3,110,52,False
1135,libero_object_task3,111,51,False
1135,libero_object_task3,112,50,False
1135,libero_object_task3,113,49,False
1135,libero_object_task3,114,48,False
1135,libero_object_task3,115,47,False
1135,libero_object_task3,116,46,False
1135,libero_object_task3,117,45,False
1135,libero_object_task3,118,44,False
1135,libero_object_task3,119,43,False
1135,libero_object_task3,120,42,False
1135,libero_object_task3,121,41,False
1135,libero_object_task3,122,40,False
1135,libero_object_task3,123,39,False
1135,libero_object_task3,124,38,False
1135,libero_object_task3,125,37,False
1135,libero_object_task3,126,36,False
1135,libero_object_task3,127,35,False
1135,libero_object_task3,128,34,False
1135,libero_object_task3,129,33,False
1135,libero_object_task3,130,32,False
1135,libero_object_task3,131,31,False
1135,libero_object_task3,132,30,False
1135,libero_object_task3,133,29,False
1135,libero_object_task3,134,28,False
1135,libero_object_task3,135,27,False
1135,libero_object_task3,136,26,False
1135,libero_object_task3,137,25,False
1135,libero_object_task3,138,24,False
1135,libero_object_task3,139,23,False
1135,libero_object_task3,140,22,False
1135,libero_object_task3,141,21,False
1135,libero_object_task3,142,20,False
1135,libero_object_task3,143,19,False
1135,libero_object_task3,144,18,False
1135,libero_object_task3,145,17,False
1135,libero_object_task3,146,16,False
1135,libero_object_task3,147,15,False
1135,libero_object_task3,148,14,False
1135,libero_object_task3,149,13,False
1135,libero_object_task3,150,12,False
1135,libero_object_task3,151,11,False
1135,libero_object_task3,152,10,False
1135,libero_object_task3,153,9,False
1135,libero_object_task3,154,8,False
1135,libero_object_task3,155,7,False
1135,libero_object_task3,156,6,False
1135,libero_object_task3,157,5,False
1135,libero_object_task3,158,4,False
1135,libero_object_task3,159,3,False
1135,libero_object_task3,160,2,False
1135,libero_object_task3,161,1,False
1135,libero_object_task3,162,,True
1135,libero_object_task3,163,,True
1135,libero_object_task3,164,,True
1135,libero_object_task3,165,,True
1135,libero_object_task3,166,,True
1135,libero_object_task3,167,,True
1135,libero_object_task3,168,,True
1135,libero_object_task3,169,,True
1135,libero_object_task3,170,,True
1135,libero_object_task3,171,,True
1135,libero_object_task3,172,,True
1135,libero_object_task3,173,,True
1136,libero_object_task3,0,46,False
1136,libero_object_task3,1,45,False
1136,libero_object_task3,2,44,False
1136,libero_object_task3,3,43,False
1136,libero_object_task3,4,42,False
1136,libero_object_task3,5,41,False
1136,libero_object_task3,6,40,False
1136,libero_object_task3,7,39,False
1136,libero_object_task3,8,38,False
1136,libero_object_task3,9,37,False
1136,libero_object_task3,10,36,False
1136,libero_object_task3,11,35,False
1136,libero_object_task3,12,34,False
1136,libero_object_task3,13,33,False
1136,libero_object_task3,14,32,False
1136,libero_object_task3,15,31,False
1136,libero_object_task3,16,30,False
1136,libero_object_task3,17,29,False
1136,libero_object_task3,18,28,False
1136,libero_object_task3,19,27,False
1136,libero_object_task3,20,26,False
1136,libero_object_task3,21,25,False
1136,libero_object_task3,22,24,False
1136,libero_object_task3,23,23,False
1136,libero_object_task3,24,22,False
1136,libero_object_task3,25,21,False
1136,libero_object_task3,26,20,False
1136,libero_object_task3,27,19,False
1136,libero_object_task3,28,18,False
1136,libero_object_task3,29,17,False
1136,libero_object_task3,30,16,False
1136,libero_object_task3,31,15,False
1136,libero_object_task3,32,14,False
1136,libero_object_task3,33,13,False
1136,libero_object_task3,34,12,False
1136,libero_object_task3,35,11,False
1136,libero_object_task3,36,10,False
1136,libero_object_task3,37,9,False
1136,libero_object_task3,38,8,False
1136,libero_object_task3,39,7,False
1136,libero_object_task3,40,6,False
1136,libero_object_task3,41,5,False
1136,libero_object_task3,42,4,False
1136,libero_object_task3,43,3,False
1136,libero_object_task3,44,2,False
1136,libero_object_task3,45,1,False
1136,libero_object_task3,46,66,False
1136,libero_object_task3,47,65,False
1136,libero_object_task3,48,64,False
1136,libero_object_task3,49,63,False
1136,libero_object_task3,50,62,False
1136,libero_object_task3,51,61,False
1136,libero_object_task3,52,60,False
1136,libero_object_task3,53,59,False
1136,libero_object_task3,54,58,False
1136,libero_object_task3,55,57,False
1136,libero_object_task3,56,56,False
1136,libero_object_task3,57,55,False
1136,libero_object_task3,58,54,False
1136,libero_object_task3,59,53,False
1136,libero_object_task3,60,52,False
1136,libero_object_task3,61,51,False
1136,libero_object_task3,62,50,False
1136,libero_object_task3,63,49,False
1136,libero_object_task3,64,48,False
1136,libero_object_task3,65,47,False
1136,libero_object_task3,66,46,False
1136,libero_object_task3,67,45,False
1136,libero_object_task3,68,44,False
1136,libero_object_task3,69,43,False
1136,libero_object_task3,70,42,False
1136,libero_object_task3,71,41,False
1136,libero_object_task3,72,40,False
1136,libero_object_task3,73,39,False
1136,libero_object_task3,74,38,False
1136,libero_object_task3,75,37,False
1136,libero_object_task3,76,36,False
1136,libero_object_task3,77,35,False
1136,libero_object_task3,78,34,False
1136,libero_object_task3,79,33,False
1136,libero_object_task3,80,32,False
1136,libero_object_task3,81,31,False
1136,libero_object_task3,82,30,False
1136,libero_object_task3,83,29,False
1136,libero_object_task3,84,28,False
1136,libero_object_task3,85,27,False
1136,libero_object_task3,86,26,False
1136,libero_object_task3,87,25,False
1136,libero_object_task3,88,24,False
1136,libero_object_task3,89,23,False
1136,libero_object_task3,90,22,False
1136,libero_object_task3,91,21,False
1136,libero_object_task3,92,20,False
1136,libero_object_task3,93,19,False
1136,libero_object_task3,94,18,False
1136,libero_object_task3,95,17,False
1136,libero_object_task3,96,16,False
1136,libero_object_task3,97,15,False
1136,libero_object_task3,98,14,False
1136,libero_object_task3,99,13,False
1136,libero_object_task3,100,12,False
1136,libero_object_task3,101,11,False
1136,libero_object_task3,102,10,False
1136,libero_object_task3,103,9,False
1136,libero_object_task3,104,8,False
1136,libero_object_task3,105,7,False
1136,libero_object_task3,106,6,False
1136,libero_object_task3,107,5,False
1136,libero_object_task3,108,4,False
1136,libero_object_task3,109,3,False
1136,libero_object_task3,110,2,False
1136,libero_object_task3,111,1,False
1136,libero_object_task3,112,,True
1136,libero_object_task3,113,,True
1136,libero_object_task3,114,,True
1136,libero_object_task3,115,,True
1136,libero_object_task3,116,,True
1136,libero_object_task3,117,,True
1136,libero_object_task3,118,,True
1136,libero_object_task3,119,,True
1136,libero_object_task3,120,,True
1136,libero_object_task3,121,,True
1136,libero_object_task3,122,,True
1136,libero_object_task3,123,,True
1136,libero_object_task3,124,,True
1136,libero_object_task3,125,,True
1136,libero_object_task3,126,,True
1136,libero_object_task3,127,,True
1136,libero_object_task3,128,,True
1144,libero_object_task3,0,50,False
1144,libero_object_task3,1,49,False
1144,libero_object_task3,2,48,False
1144,libero_object_task3,3,47,False
1144,libero_object_task3,4,46,False
1144,libero_object_task3,5,45,False
1144,libero_object_task3,6,44,False
1144,libero_object_task3,7,43,False
1144,libero_object_task3,8,42,False
1144,libero_object_task3,9,41,False
1144,libero_object_task3,10,40,False
1144,libero_object_task3,11,39,False
1144,libero_object_task3,12,38,False
1144,libero_object_task3,13,37,False
1144,libero_object_task3,14,36,False
1144,libero_object_task3,15,35,False
1144,libero_object_task3,16,34,False
1144,libero_object_task3,17,33,False
1144,libero_object_task3,18,32,False
1144,libero_object_task3,19,31,False
1144,libero_object_task3,20,30,False
1144,libero_object_task3,21,29,False
1144,libero_object_task3,22,28,False
1144,libero_object_task3,23,27,False
1144,libero_object_task3,24,26,False
1144,libero_object_task3,25,25,False
1144,libero_object_task3,26,24,False
1144,libero_object_task3,27,23,False
1144,libero_object_task3,28,22,False
1144,libero_object_task3,29,21,False
1144,libero_object_task3,30,20,False
1144,libero_object_task3,31,19,False
1144,libero_object_task3,32,18,False
1144,libero_object_task3,33,17,False
1144,libero_object_task3,34,16,False
1144,libero_object_task3,35,15,False
1144,libero_object_task3,36,14,False
1144,libero_object_task3,37,13,False
1144,libero_object_task3,38,12,False
1144,libero_object_task3,39,11,False
1144,libero_object_task3,40,10,False
1144,libero_object_task3,41,9,False
1144,libero_object_task3,42,8,False
1144,libero_object_task3,43,7,False
1144,libero_object_task3,44,6,False
1144,libero_object_task3,45,5,False
1144,libero_object_task3,46,4,False
1144,libero_object_task3,47,3,False
1144,libero_object_task3,48,2,False
1144,libero_object_task3,49,1,False
1144,libero_object_task3,50,67,False
1144,libero_object_task3,51,66,False
1144,libero_object_task3,52,65,False
1144,libero_object_task3,53,64,False
1144,libero_object_task3,54,63,False
1144,libero_object_task3,55,62,False
1144,libero_object_task3,56,61,False
1144,libero_object_task3,57,60,False
1144,libero_object_task3,58,59,False
1144,libero_object_task3,59,58,False
1144,libero_object_task3,60,57,False
1144,libero_object_task3,61,56,False
1144,libero_object_task3,62,55,False
1144,libero_object_task3,63,54,False
1144,libero_object_task3,64,53,False
1144,libero_object_task3,65,52,False
1144,libero_object_task3,66,51,False
1144,libero_object_task3,67,50,False
1144,libero_object_task3,68,49,False
1144,libero_object_task3,69,48,False
1144,libero_object_task3,70,47,False
1144,libero_object_task3,71,46,False
1144,libero_object_task3,72,45,False
1144,libero_object_task3,73,44,False
1144,libero_object_task3,74,43,False
1144,libero_object_task3,75,42,False
1144,libero_object_task3,76,41,False
1144,libero_object_task3,77,40,False
1144,libero_object_task3,78,39,False
1144,libero_object_task3,79,38,False
1144,libero_object_task3,80,37,False
1144,libero_object_task3,81,36,False
1144,libero_object_task3,82,35,False
1144,libero_object_task3,83,34,False
1144,libero_object_task3,84,33,False
1144,libero_object_task3,85,32,False
1144,libero_object_task3,86,31,False
1144,libero_object_task3,87,30,False
1144,libero_object_task3,88,29,False
1144,libero_object_task3,89,28,False
1144,libero_object_task3,90,27,False
1144,libero_object_task3,91,26,False
1144,libero_object_task3,92,25,False
1144,libero_object_task3,93,24,False
1144,libero_object_task3,94,23,False
1144,libero_object_task3,95,22,False
1144,libero_object_task3,96,21,False
1144,libero_object_task3,97,20,False
1144,libero_object_task3,98,19,False
1144,libero_object_task3,99,18,False
1144,libero_object_task3,100,17,False
1144,libero_object_task3,101,16,False
1144,libero_object_task3,102,15,False
1144,libero_object_task3,103,14,False
1144,libero_object_task3,104,13,False
1144,libero_object_task3,105,12,False
1144,libero_object_task3,106,11,False
1144,libero_object_task3,107,10,False
1144,libero_object_task3,108,9,False
1144,libero_object_task3,109,8,False
1144,libero_object_task3,110,7,False
1144,libero_object_task3,111,6,False
1144,libero_object_task3,112,5,False
1144,libero_object_task3,113,4,False
1144,libero_object_task3,114,3,False
1144,libero_object_task3,115,2,False
1144,libero_object_task3,116,1,False
1144,libero_object_task3,117,,True
1144,libero_object_task3,118,,True
1144,libero_object_task3,119,,True
1144,libero_object_task3,120,,True
1144,libero_object_task3,121,,True
1144,libero_object_task3,122,,True
1144,libero_object_task3,123,,True
1144,libero_object_task3,124,,True
1144,libero_object_task3,125,,True
1144,libero_object_task3,126,,True
1144,libero_object_task3,127,,True
1144,libero_object_task3,128,,True
1144,libero_object_task3,129,,True
1144,libero_object_task3,130,,True
1144,libero_object_task3,131,,True
1144,libero_object_task3,132,,True
1144,libero_object_task3,133,,True
1181,libero_object_task3,0,59,False
1181,libero_object_task3,1,58,False
1181,libero_object_task3,2,57,False
1181,libero_object_task3,3,56,False
1181,libero_object_task3,4,55,False
1181,libero_object_task3,5,54,False
1181,libero_object_task3,6,53,False
1181,libero_object_task3,7,52,False
1181,libero_object_task3,8,51,False
1181,libero_object_task3,9,50,False
1181,libero_object_task3,10,49,False
1181,libero_object_task3,11,48,False
1181,libero_object_task3,12,47,False
1181,libero_object_task3,13,46,False
1181,libero_object_task3,14,45,False
1181,libero_object_task3,15,44,False
1181,libero_object_task3,16,43,False
1181,libero_object_task3,17,42,False
1181,libero_object_task3,18,41,False
1181,libero_object_task3,19,40,False
1181,libero_object_task3,20,39,False
1181,libero_object_task3,21,38,False
1181,libero_object_task3,22,37,False
1181,libero_object_task3,23,36,False
1181,libero_object_task3,24,35,False
1181,libero_object_task3,25,34,False
1181,libero_object_task3,26,33,False
1181,libero_object_task3,27,32,False
1181,libero_object_task3,28,31,False
1181,libero_object_task3,29,30,False
1181,libero_object_task3,30,29,False
1181,libero_object_task3,31,28,False
1181,libero_object_task3,32,27,False
1181,libero_object_task3,33,26,False
1181,libero_object_task3,34,25,False
1181,libero_object_task3,35,24,False
1181,libero_object_task3,36,23,False
1181,libero_object_task3,37,22,False
1181,libero_object_task3,38,21,False
1181,libero_object_task3,39,20,False
1181,libero_object_task3,40,19,False
1181,libero_object_task3,41,18,False
1181,libero_object_task3,42,17,False
1181,libero_object_task3,43,16,False
1181,libero_object_task3,44,15,False
1181,libero_object_task3,45,14,False
1181,libero_object_task3,46,13,False
1181,libero_object_task3,47,12,False
1181,libero_object_task3,48,11,False
1181,libero_object_task3,49,10,False
1181,libero_object_task3,50,9,False
1181,libero_object_task3,51,8,False
1181,libero_object_task3,52,7,False
1181,libero_object_task3,53,6,False
1181,libero_object_task3,54,5,False
1181,libero_object_task3,55,4,False
1181,libero_object_task3,56,3,False
1181,libero_object_task3,57,2,False
1181,libero_object_task3,58,1,False
1181,libero_object_task3,59,28,False
1181,libero_object_task3,60,27,False
1181,libero_object_task3,61,26,False
1181,libero_object_task3,62,25,False
1181,libero_object_task3,63,24,False
1181,libero_object_task3,64,23,False
1181,libero_object_task3,65,22,False
1181,libero_object_task3,66,21,False
1181,libero_object_task3,67,20,False
1181,libero_object_task3,68,19,False
1181,libero_object_task3,69,18,False
1181,libero_object_task3,70,17,False
1181,libero_object_task3,71,16,False
1181,libero_object_task3,72,15,False
1181,libero_object_task3,73,14,False
1181,libero_object_task3,74,13,False
1181,libero_object_task3,75,12,False
1181,libero_object_task3,76,11,False
1181,libero_object_task3,77,10,False
1181,libero_object_task3,78,9,False
1181,libero_object_task3,79,8,False
1181,libero_object_task3,80,7,False
1181,libero_object_task3,81,6,False
1181,libero_object_task3,82,5,False
1181,libero_object_task3,83,4,False
1181,libero_object_task3,84,3,False
1181,libero_object_task3,85,2,False
1181,libero_object_task3,86,1,False
1181,libero_object_task3,87,25,False
1181,libero_object_task3,88,24,False
1181,libero_object_task3,89,23,False
1181,libero_object_task3,90,22,False
1181,libero_object_task3,91,21,False
1181,libero_object_task3,92,20,False
1181,libero_object_task3,93,19,False
1181,libero_object_task3,94,18,False
1181,libero_object_task3,95,17,False
1181,libero_object_task3,96,16,False
1181,libero_object_task3,97,15,False
1181,libero_object_task3,98,14,False
1181,libero_object_task3,99,13,False
1181,libero_object_task3,100,12,False
1181,libero_object_task3,101,11,False
1181,libero_object_task3,102,10,False
1181,libero_object_task3,103,9,False
1181,libero_object_task3,104,8,False
1181,libero_object_task3,105,7,False
1181,libero_object_task3,106,6,False
1181,libero_object_task3,107,5,False
1181,libero_object_task3,108,4,False
1181,libero_object_task3,109,3,False
1181,libero_object_task3,110,2,False
1181,libero_object_task3,111,1,False
1181,libero_object_task3,112,91,False
1181,libero_object_task3,113,90,False
1181,libero_object_task3,114,89,False
1181,libero_object_task3,115,88,False
1181,libero_object_task3,116,87,False
1181,libero_object_task3,117,86,False
1181,libero_object_task3,118,85,False
1181,libero_object_task3,119,84,False
1181,libero_object_task3,120,83,False
1181,libero_object_task3,121,82,False
1181,libero_object_task3,122,81,False
1181,libero_object_task3,123,80,False
1181,libero_object_task3,124,79,False
1181,libero_object_task3,125,78,False
1181,libero_object_task3,126,77,False
1181,libero_object_task3,127,76,False
1181,libero_object_task3,128,75,False
1181,libero_object_task3,129,74,False
1181,libero_object_task3,130,73,False
1181,libero_object_task3,131,72,False
1181,libero_object_task3,132,71,False
1181,libero_object_task3,133,70,False
1181,libero_object_task3,134,69,False
1181,libero_object_task3,135,68,False
1181,libero_object_task3,136,67,False
1181,libero_object_task3,137,66,False
1181,libero_object_task3,138,65,False
1181,libero_object_task3,139,64,False
1181,libero_object_task3,140,63,False
1181,libero_object_task3,141,62,False
1181,libero_object_task3,142,61,False
1181,libero_object_task3,143,60,False
1181,libero_object_task3,144,59,False
1181,libero_object_task3,145,58,False
1181,libero_object_task3,146,57,False
1181,libero_object_task3,147,56,False
1181,libero_object_task3,148,55,False
1181,libero_object_task3,149,54,False
1181,libero_object_task3,150,53,False
1181,libero_object_task3,151,52,False
1181,libero_object_task3,152,51,False
1181,libero_object_task3,153,50,False
1181,libero_object_task3,154,49,False
1181,libero_object_task3,155,48,False
1181,libero_object_task3,156,47,False
1181,libero_object_task3,157,46,False
1181,libero_object_task3,158,45,False
1181,libero_object_task3,159,44,False
1181,libero_object_task3,160,43,False
1181,libero_object_task3,161,42,False
1181,libero_object_task3,162,41,False
1181,libero_object_task3,163,40,False
1181,libero_object_task3,164,39,False
1181,libero_object_task3,165,38,False
1181,libero_object_task3,166,37,False
1181,libero_object_task3,167,36,False
1181,libero_object_task3,168,35,False
1181,libero_object_task3,169,34,False
1181,libero_object_task3,170,33,False
1181,libero_object_task3,171,32,False
1181,libero_object_task3,172,31,False
1181,libero_object_task3,173,30,False
1181,libero_object_task3,174,29,False
1181,libero_object_task3,175,28,False
1181,libero_object_task3,176,27,False
1181,libero_object_task3,177,26,False
1181,libero_object_task3,178,25,False
1181,libero_object_task3,179,24,False
1181,libero_object_task3,180,23,False
1181,libero_object_task3,181,22,False
1181,libero_object_task3,182,21,False
1181,libero_object_task3,183,20,False
1181,libero_object_task3,184,19,False
1181,libero_object_task3,185,18,False
1181,libero_object_task3,186,17,False
1181,libero_object_task3,187,16,False
1181,libero_object_task3,188,15,False
1181,libero_object_task3,189,14,False
1181,libero_object_task3,190,13,False
1181,libero_object_task3,191,12,False
1181,libero_object_task3,192,11,False
1181,libero_object_task3,193,10,False
1181,libero_object_task3,194,9,False
1181,libero_object_task3,195,8,False
1181,libero_object_task3,196,7,False
1181,libero_object_task3,197,6,False
1181,libero_object_task3,198,5,False
1181,libero_object_task3,199,4,False
1181,libero_object_task3,200,3,False
1181,libero_object_task3,201,2,False
1181,libero_object_task3,202,1,False
1181,libero_object_task3,203,,True
1181,libero_object_task3,204,,True
1181,libero_object_task3,205,,True
1181,libero_object_task3,206,,True
1181,libero_object_task3,207,,True
1181,libero_object_task3,208,,True
1181,libero_object_task3,209,,True
1181,libero_object_task3,210,,True
1181,libero_object_task3,211,,True
1181,libero_object_task3,212,,True
1181,libero_object_task3,213,,True
1181,libero_object_task3,214,,True
1181,libero_object_task3,215,,True
1181,libero_object_task3,216,,True
1181,libero_object_task3,217,,True
1181,libero_object_task3,218,,True
1181,libero_object_task3,219,,True
1181,libero_object_task3,220,,True
1193,libero_object_task3,0,50,False
1193,libero_object_task3,1,49,False
1193,libero_object_task3,2,48,False
1193,libero_object_task3,3,47,False
1193,libero_object_task3,4,46,False
1193,libero_object_task3,5,45,False
1193,libero_object_task3,6,44,False
1193,libero_object_task3,7,43,False
1193,libero_object_task3,8,42,False
1193,libero_object_task3,9,41,False
1193,libero_object_task3,10,40,False
1193,libero_object_task3,11,39,False
1193,libero_object_task3,12,38,False
1193,libero_object_task3,13,37,False
1193,libero_object_task3,14,36,False
1193,libero_object_task3,15,35,False
1193,libero_object_task3,16,34,False
1193,libero_object_task3,17,33,False
1193,libero_object_task3,18,32,False
1193,libero_object_task3,19,31,False
1193,libero_object_task3,20,30,False
1193,libero_object_task3,21,29,False
1193,libero_object_task3,22,28,False
1193,libero_object_task3,23,27,False
1193,libero_object_task3,24,26,False
1193,libero_object_task3,25,25,False
1193,libero_object_task3,26,24,False
1193,libero_object_task3,27,23,False
1193,libero_object_task3,28,22,False
1193,libero_object_task3,29,21,False
1193,libero_object_task3,30,20,False
1193,libero_object_task3,31,19,False
1193,libero_object_task3,32,18,False
1193,libero_object_task3,33,17,False
1193,libero_object_task3,34,16,False
1193,libero_object_task3,35,15,False
1193,libero_object_task3,36,14,False
1193,libero_object_task3,37,13,False
1193,libero_object_task3,38,12,False
1193,libero_object_task3,39,11,False
1193,libero_object_task3,40,10,False
1193,libero_object_task3,41,9,False
1193,libero_object_task3,42,8,False
1193,libero_object_task3,43,7,False
1193,libero_object_task3,44,6,False
1193,libero_object_task3,45,5,False
1193,libero_object_task3,46,4,False
1193,libero_object_task3,47,3,False
1193,libero_object_task3,48,2,False
1193,libero_object_task3,49,1,False
1193,libero_object_task3,50,22,False
1193,libero_object_task3,51,21,False
1193,libero_object_task3,52,20,False
1193,libero_object_task3,53,19,False
1193,libero_object_task3,54,18,False
1193,libero_object_task3,55,17,False
1193,libero_object_task3,56,16,False
1193,libero_object_task3,57,15,False
1193,libero_object_task3,58,14,False
1193,libero_object_task3,59,13,False
1193,libero_object_task3,60,12,False
1193,libero_object_task3,61,11,False
1193,libero_object_task3,62,10,False
1193,libero_object_task3,63,9,False
1193,libero_object_task3,64,8,False
1193,libero_object_task3,65,7,False
1193,libero_object_task3,66,6,False
1193,libero_object_task3,67,5,False
1193,libero_object_task3,68,4,False
1193,libero_object_task3,69,3,False
1193,libero_object_task3,70,2,False
1193,libero_object_task3,71,1,False
1193,libero_object_task3,72,15,False
1193,libero_object_task3,73,14,False
1193,libero_object_task3,74,13,False
1193,libero_object_task3,75,12,False
1193,libero_object_task3,76,11,False
1193,libero_object_task3,77,10,False
1193,libero_object_task3,78,9,False
1193,libero_object_task3,79,8,False
1193,libero_object_task3,80,7,False
1193,libero_object_task3,81,6,False
1193,libero_object_task3,82,5,False
1193,libero_object_task3,83,4,False
1193,libero_object_task3,84,3,False
1193,libero_object_task3,85,2,False
1193,libero_object_task3,86,1,False
1193,libero_object_task3,87,71,False
1193,libero_object_task3,88,70,False
1193,libero_object_task3,89,69,False
1193,libero_object_task3,90,68,False
1193,libero_object_task3,91,67,False
1193,libero_object_task3,92,66,False
1193,libero_object_task3,93,65,False
1193,libero_object_task3,94,64,False
1193,libero_object_task3,95,63,False
1193,libero_object_task3,96,62,False
1193,libero_object_task3,97,61,False
1193,libero_object_task3,98,60,False
1193,libero_object_task3,99,59,False
1193,libero_object_task3,100,58,False
1193,libero_object_task3,101,57,False
1193,libero_object_task3,102,56,False
1193,libero_object_task3,103,55,False
1193,libero_object_task3,104,54,False
1193,libero_object_task3,105,53,False
1193,libero_object_task3,106,52,False
1193,libero_object_task3,107,51,False
1193,libero_object_task3,108,50,False
1193,libero_object_task3,109,49,False
1193,libero_object_task3,110,48,False
1193,libero_object_task3,111,47,False
1193,libero_object_task3,112,46,False
1193,libero_object_task3,113,45,False
1193,libero_object_task3,114,44,False
1193,libero_object_task3,115,43,False
1193,libero_object_task3,116,42,False
1193,libero_object_task3,117,41,False
1193,libero_object_task3,118,40,False
1193,libero_object_task3,119,39,False
1193,libero_object_task3,120,38,False
1193,libero_object_task3,121,37,False
1193,libero_object_task3,122,36,False
1193,libero_object_task3,123,35,False
1193,libero_object_task3,124,34,False
1193,libero_object_task3,125,33,False
1193,libero_object_task3,126,32,False
1193,libero_object_task3,127,31,False
1193,libero_object_task3,128,30,False
1193,libero_object_task3,129,29,False
1193,libero_object_task3,130,28,False
1193,libero_object_task3,131,27,False
1193,libero_object_task3,132,26,False
1193,libero_object_task3,133,25,False
1193,libero_object_task3,134,24,False
1193,libero_object_task3,135,23,False
1193,libero_object_task3,136,22,False
1193,libero_object_task3,137,21,False
1193,libero_object_task3,138,20,False
1193,libero_object_task3,139,19,False
1193,libero_object_task3,140,18,False
1193,libero_object_task3,141,17,False
1193,libero_object_task3,142,16,False
1193,libero_object_task3,143,15,False
1193,libero_object_task3,144,14,False
1193,libero_object_task3,145,13,False
1193,libero_object_task3,146,12,False
1193,libero_object_task3,147,11,False
1193,libero_object_task3,148,10,False
1193,libero_object_task3,149,9,False
1193,libero_object_task3,150,8,False
1193,libero_object_task3,151,7,False
1193,libero_object_task3,152,6,False
1193,libero_object_task3,153,5,False
1193,libero_object_task3,154,4,False
1193,libero_object_task3,155,3,False
1193,libero_object_task3,156,2,False
1193,libero_object_task3,157,1,False
1193,libero_object_task3,158,,True
1193,libero_object_task3,159,,True
1193,libero_object_task3,160,,True
1193,libero_object_task3,161,,True
1193,libero_object_task3,162,,True
1193,libero_object_task3,163,,True
1193,libero_object_task3,164,,True
1193,libero_object_task3,165,,True
1199,libero_object_task3,0,50,False
1199,libero_object_task3,1,49,False
1199,libero_object_task3,2,48,False
1199,libero_object_task3,3,47,False
1199,libero_object_task3,4,46,False
1199,libero_object_task3,5,45,False
1199,libero_object_task3,6,44,False
1199,libero_object_task3,7,43,False
1199,libero_object_task3,8,42,False
1199,libero_object_task3,9,41,False
1199,libero_object_task3,10,40,False
1199,libero_object_task3,11,39,False
1199,libero_object_task3,12,38,False
1199,libero_object_task3,13,37,False
1199,libero_object_task3,14,36,False
1199,libero_object_task3,15,35,False
1199,libero_object_task3,16,34,False
1199,libero_object_task3,17,33,False
1199,libero_object_task3,18,32,False
1199,libero_object_task3,19,31,False
1199,libero_object_task3,20,30,False
1199,libero_object_task3,21,29,False
1199,libero_object_task3,22,28,False
1199,libero_object_task3,23,27,False
1199,libero_object_task3,24,26,False
1199,libero_object_task3,25,25,False
1199,libero_object_task3,26,24,False
1199,libero_object_task3,27,23,False
1199,libero_object_task3,28,22,False
1199,libero_object_task3,29,21,False
1199,libero_object_task3,30,20,False
1199,libero_object_task3,31,19,False
1199,libero_object_task3,32,18,False
1199,libero_object_task3,33,17,False
1199,libero_object_task3,34,16,False
1199,libero_object_task3,35,15,False
1199,libero_object_task3,36,14,False
1199,libero_object_task3,37,13,False
1199,libero_object_task3,38,12,False
1199,libero_object_task3,39,11,False
1199,libero_object_task3,40,10,False
1199,libero_object_task3,41,9,False
1199,libero_object_task3,42,8,False
1199,libero_object_task3,43,7,False
1199,libero_object_task3,44,6,False
1199,libero_object_task3,45,5,False
1199,libero_object_task3,46,4,False
1199,libero_object_task3,47,3,False
1199,libero_object_task3,48,2,False
1199,libero_object_task3,49,1,False
1199,libero_object_task3,50,71,False
1199,libero_object_task3,51,70,False
1199,libero_object_task3,52,69,False
1199,libero_object_task3,53,68,False
1199,libero_object_task3,54,67,False
1199,libero_object_task3,55,66,False
1199,libero_object_task3,56,65,False
1199,libero_object_task3,57,64,False
1199,libero_object_task3,58,63,False
1199,libero_object_task3,59,62,False
1199,libero_object_task3,60,61,False
1199,libero_object_task3,61,60,False
1199,libero_object_task3,62,59,False
1199,libero_object_task3,63,58,False
1199,libero_object_task3,64,57,False
1199,libero_object_task3,65,56,False
1199,libero_object_task3,66,55,False
1199,libero_object_task3,67,54,False
1199,libero_object_task3,68,53,False
1199,libero_object_task3,69,52,False
1199,libero_object_task3,70,51,False
1199,libero_object_task3,71,50,False
1199,libero_object_task3,72,49,False
1199,libero_object_task3,73,48,False
1199,libero_object_task3,74,47,False
1199,libero_object_task3,75,46,False
1199,libero_object_task3,76,45,False
1199,libero_object_task3,77,44,False
1199,libero_object_task3,78,43,False
1199,libero_object_task3,79,42,False
1199,libero_object_task3,80,41,False
1199,libero_object_task3,81,40,False
1199,libero_object_task3,82,39,False
1199,libero_object_task3,83,38,False
1199,libero_object_task3,84,37,False
1199,libero_object_task3,85,36,False
1199,libero_object_task3,86,35,False
1199,libero_object_task3,87,34,False
1199,libero_object_task3,88,33,False
1199,libero_object_task3,89,32,False
1199,libero_object_task3,90,31,False
1199,libero_object_task3,91,30,False
1199,libero_object_task3,92,29,False
1199,libero_object_task3,93,28,False
1199,libero_object_task3,94,27,False
1199,libero_object_task3,95,26,False
1199,libero_object_task3,96,25,False
1199,libero_object_task3,97,24,False
1199,libero_object_task3,98,23,False
1199,libero_object_task3,99,22,False
1199,libero_object_task3,100,21,False
1199,libero_object_task3,101,20,False
1199,libero_object_task3,102,19,False
1199,libero_object_task3,103,18,False
1199,libero_object_task3,104,17,False
1199,libero_object_task3,105,16,False
1199,libero_object_task3,106,15,False
1199,libero_object_task3,107,14,False
1199,libero_object_task3,108,13,False
1199,libero_object_task3,109,12,False
1199,libero_object_task3,110,11,False
1199,libero_object_task3,111,10,False
1199,libero_object_task3,112,9,False
1199,libero_object_task3,113,8,False
1199,libero_object_task3,114,7,False
1199,libero_object_task3,115,6,False
1199,libero_object_task3,116,5,False
1199,libero_object_task3,117,4,False
1199,libero_object_task3,118,3,False
1199,libero_object_task3,119,2,False
1199,libero_object_task3,120,1,False
1199,libero_object_task3,121,,True
1199,libero_object_task3,122,,True
1199,libero_object_task3,123,,True
1199,libero_object_task3,124,,True
1199,libero_object_task3,125,,True
1199,libero_object_task3,126,,True
1199,libero_object_task3,127,,True
1199,libero_object_task3,128,,True
1199,libero_object_task3,129,,True
1199,libero_object_task3,130,,True
1199,libero_object_task3,131,,True
1199,libero_object_task3,132,,True
1199,libero_object_task3,133,,True
1199,libero_object_task3,134,,True
1199,libero_object_task3,135,,True
1199,libero_object_task3,136,,True
1199,libero_object_task3,137,,True
1199,libero_object_task3,138,,True
1226,libero_object_task3,0,49,False
1226,libero_object_task3,1,48,False
1226,libero_object_task3,2,47,False
1226,libero_object_task3,3,46,False
1226,libero_object_task3,4,45,False
1226,libero_object_task3,5,44,False
1226,libero_object_task3,6,43,False
1226,libero_object_task3,7,42,False
1226,libero_object_task3,8,41,False
1226,libero_object_task3,9,40,False
1226,libero_object_task3,10,39,False
1226,libero_object_task3,11,38,False
1226,libero_object_task3,12,37,False
1226,libero_object_task3,13,36,False
1226,libero_object_task3,14,35,False
1226,libero_object_task3,15,34,False
1226,libero_object_task3,16,33,False
1226,libero_object_task3,17,32,False
1226,libero_object_task3,18,31,False
1226,libero_object_task3,19,30,False
1226,libero_object_task3,20,29,False
1226,libero_object_task3,21,28,False
1226,libero_object_task3,22,27,False
1226,libero_object_task3,23,26,False
1226,libero_object_task3,24,25,False
1226,libero_object_task3,25,24,False
1226,libero_object_task3,26,23,False
1226,libero_object_task3,27,22,False
1226,libero_object_task3,28,21,False
1226,libero_object_task3,29,20,False
1226,libero_object_task3,30,19,False
1226,libero_object_task3,31,18,False
1226,libero_object_task3,32,17,False
1226,libero_object_task3,33,16,False
1226,libero_object_task3,34,15,False
1226,libero_object_task3,35,14,False
1226,libero_object_task3,36,13,False
1226,libero_object_task3,37,12,False
1226,libero_object_task3,38,11,False
1226,libero_object_task3,39,10,False
1226,libero_object_task3,40,9,False
1226,libero_object_task3,41,8,False
1226,libero_object_task3,42,7,False
1226,libero_object_task3,43,6,False
1226,libero_object_task3,44,5,False
1226,libero_object_task3,45,4,False
1226,libero_object_task3,46,3,False
1226,libero_object_task3,47,2,False
1226,libero_object_task3,48,1,False
1226,libero_object_task3,49,15,False
1226,libero_object_task3,50,14,False
1226,libero_object_task3,51,13,False
1226,libero_object_task3,52,12,False
1226,libero_object_task3,53,11,False
1226,libero_object_task3,54,10,False
1226,libero_object_task3,55,9,False
1226,libero_object_task3,56,8,False
1226,libero_object_task3,57,7,False
1226,libero_object_task3,58,6,False
1226,libero_object_task3,59,5,False
1226,libero_object_task3,60,4,False
1226,libero_object_task3,61,3,False
1226,libero_object_task3,62,2,False
1226,libero_object_task3,63,1,False
1226,libero_object_task3,64,26,False
1226,libero_object_task3,65,25,False
1226,libero_object_task3,66,24,False
1226,libero_object_task3,67,23,False
1226,libero_object_task3,68,22,False
1226,libero_object_task3,69,21,False
1226,libero_object_task3,70,20,False
1226,libero_object_task3,71,19,False
1226,libero_object_task3,72,18,False
1226,libero_object_task3,73,17,False
1226,libero_object_task3,74,16,False
1226,libero_object_task3,75,15,False
1226,libero_object_task3,76,14,False
1226,libero_object_task3,77,13,False
1226,libero_object_task3,78,12,False
1226,libero_object_task3,79,11,False
1226,libero_object_task3,80,10,False
1226,libero_object_task3,81,9,False
1226,libero_object_task3,82,8,False
1226,libero_object_task3,83,7,False
1226,libero_object_task3,84,6,False
1226,libero_object_task3,85,5,False
1226,libero_object_task3,86,4,False
1226,libero_object_task3,87,3,False
1226,libero_object_task3,88,2,False
1226,libero_object_task3,89,1,False
1226,libero_object_task3,90,69,False
1226,libero_object_task3,91,68,False
1226,libero_object_task3,92,67,False
1226,libero_object_task3,93,66,False
1226,libero_object_task3,94,65,False
1226,libero_object_task3,95,64,False
1226,libero_object_task3,96,63,False
1226,libero_object_task3,97,62,False
1226,libero_object_task3,98,61,False
1226,libero_object_task3,99,60,False
1226,libero_object_task3,100,59,False
1226,libero_object_task3,101,58,False
1226,libero_object_task3,102,57,False
1226,libero_object_task3,103,56,False
1226,libero_object_task3,104,55,False
1226,libero_object_task3,105,54,False
1226,libero_object_task3,106,53,False
1226,libero_object_task3,107,52,False
1226,libero_object_task3,108,51,False
1226,libero_object_task3,109,50,False
1226,libero_object_task3,110,49,False
1226,libero_object_task3,111,48,False
1226,libero_object_task3,112,47,False
1226,libero_object_task3,113,46,False
1226,libero_object_task3,114,45,False
1226,libero_object_task3,115,44,False
1226,libero_object_task3,116,43,False
1226,libero_object_task3,117,42,False
1226,libero_object_task3,118,41,False
1226,libero_object_task3,119,40,False
1226,libero_object_task3,120,39,False
1226,libero_object_task3,121,38,False
1226,libero_object_task3,122,37,False
1226,libero_object_task3,123,36,False
1226,libero_object_task3,124,35,False
1226,libero_object_task3,125,34,False
1226,libero_object_task3,126,33,False
1226,libero_object_task3,127,32,False
1226,libero_object_task3,128,31,False
1226,libero_object_task3,129,30,False
1226,libero_object_task3,130,29,False
1226,libero_object_task3,131,28,False
1226,libero_object_task3,132,27,False
1226,libero_object_task3,133,26,False
1226,libero_object_task3,134,25,False
1226,libero_object_task3,135,24,False
1226,libero_object_task3,136,23,False
1226,libero_object_task3,137,22,False
1226,libero_object_task3,138,21,False
1226,libero_object_task3,139,20,False
1226,libero_object_task3,140,19,False
1226,libero_object_task3,141,18,False
1226,libero_object_task3,142,17,False
1226,libero_object_task3,143,16,False
1226,libero_object_task3,144,15,False
1226,libero_object_task3,145,14,False
1226,libero_object_task3,146,13,False
1226,libero_object_task3,147,12,False
1226,libero_object_task3,148,11,False
1226,libero_object_task3,149,10,False
1226,libero_object_task3,150,9,False
1226,libero_object_task3,151,8,False
1226,libero_object_task3,152,7,False
1226,libero_object_task3,153,6,False
1226,libero_object_task3,154,5,False
1226,libero_object_task3,155,4,False
1226,libero_object_task3,156,3,False
1226,libero_object_task3,157,2,False
1226,libero_object_task3,158,1,False
1226,libero_object_task3,159,,True
1226,libero_object_task3,160,,True
1226,libero_object_task3,161,,True
1226,libero_object_task3,162,,True
1226,libero_object_task3,163,,True
1226,libero_object_task3,164,,True
1226,libero_object_task3,165,,True
1226,libero_object_task3,166,,True
1226,libero_object_task3,167,,True
1226,libero_object_task3,168,,True
1226,libero_object_task3,169,,True
1226,libero_object_task3,170,,True
1226,libero_object_task3,171,,True
1226,libero_object_task3,172,,True
1226,libero_object_task3,173,,True
1226,libero_object_task3,174,,True
1226,libero_object_task3,175,,True
1226,libero_object_task3,176,,True
1230,libero_object_task3,0,50,False
1230,libero_object_task3,1,49,False
1230,libero_object_task3,2,48,False
1230,libero_object_task3,3,47,False
1230,libero_object_task3,4,46,False
1230,libero_object_task3,5,45,False
1230,libero_object_task3,6,44,False
1230,libero_object_task3,7,43,False
1230,libero_object_task3,8,42,False
1230,libero_object_task3,9,41,False
1230,libero_object_task3,10,40,False
1230,libero_object_task3,11,39,False
1230,libero_object_task3,12,38,False
1230,libero_object_task3,13,37,False
1230,libero_object_task3,14,36,False
1230,libero_object_task3,15,35,False
1230,libero_object_task3,16,34,False
1230,libero_object_task3,17,33,False
1230,libero_object_task3,18,32,False
1230,libero_object_task3,19,31,False
1230,libero_object_task3,20,30,False
1230,libero_object_task3,21,29,False
1230,libero_object_task3,22,28,False
1230,libero_object_task3,23,27,False
1230,libero_object_task3,24,26,False
1230,libero_object_task3,25,25,False
1230,libero_object_task3,26,24,False
1230,libero_object_task3,27,23,False
1230,libero_object_task3,28,22,False
1230,libero_object_task3,29,21,False
1230,libero_object_task3,30,20,False
1230,libero_object_task3,31,19,False
1230,libero_object_task3,32,18,False
1230,libero_object_task3,33,17,False
1230,libero_object_task3,34,16,False
1230,libero_object_task3,35,15,False
1230,libero_object_task3,36,14,False
1230,libero_object_task3,37,13,False
1230,libero_object_task3,38,12,False
1230,libero_object_task3,39,11,False
1230,libero_object_task3,40,10,False
1230,libero_object_task3,41,9,False
1230,libero_object_task3,42,8,False
1230,libero_object_task3,43,7,False
1230,libero_object_task3,44,6,False
1230,libero_object_task3,45,5,False
1230,libero_object_task3,46,4,False
1230,libero_object_task3,47,3,False
1230,libero_object_task3,48,2,False
1230,libero_object_task3,49,1,False
1230,libero_object_task3,50,64,False
1230,libero_object_task3,51,63,False
1230,libero_object_task3,52,62,False
1230,libero_object_task3,53,61,False
1230,libero_object_task3,54,60,False
1230,libero_object_task3,55,59,False
1230,libero_object_task3,56,58,False
1230,libero_object_task3,57,57,False
1230,libero_object_task3,58,56,False
1230,libero_object_task3,59,55,False
1230,libero_object_task3,60,54,False
1230,libero_object_task3,61,53,False
1230,libero_object_task3,62,52,False
1230,libero_object_task3,63,51,False
1230,libero_object_task3,64,50,False
1230,libero_object_task3,65,49,False
1230,libero_object_task3,66,48,False
1230,libero_object_task3,67,47,False
1230,libero_object_task3,68,46,False
1230,libero_object_task3,69,45,False
1230,libero_object_task3,70,44,False
1230,libero_object_task3,71,43,False
1230,libero_object_task3,72,42,False
1230,libero_object_task3,73,41,False
1230,libero_object_task3,74,40,False
1230,libero_object_task3,75,39,False
1230,libero_object_task3,76,38,False
1230,libero_object_task3,77,37,False
1230,libero_object_task3,78,36,False
1230,libero_object_task3,79,35,False
1230,libero_object_task3,80,34,False
1230,libero_object_task3,81,33,False
1230,libero_object_task3,82,32,False
1230,libero_object_task3,83,31,False
1230,libero_object_task3,84,30,False
1230,libero_object_task3,85,29,False
1230,libero_object_task3,86,28,False
1230,libero_object_task3,87,27,False
1230,libero_object_task3,88,26,False
1230,libero_object_task3,89,25,False
1230,libero_object_task3,90,24,False
1230,libero_object_task3,91,23,False
1230,libero_object_task3,92,22,False
1230,libero_object_task3,93,21,False
1230,libero_object_task3,94,20,False
1230,libero_object_task3,95,19,False
1230,libero_object_task3,96,18,False
1230,libero_object_task3,97,17,False
1230,libero_object_task3,98,16,False
1230,libero_object_task3,99,15,False
1230,libero_object_task3,100,14,False
1230,libero_object_task3,101,13,False
1230,libero_object_task3,102,12,False
1230,libero_object_task3,103,11,False
1230,libero_object_task3,104,10,False
1230,libero_object_task3,105,9,False
1230,libero_object_task3,106,8,False
1230,libero_object_task3,107,7,False
1230,libero_object_task3,108,6,False
1230,libero_object_task3,109,5,False
1230,libero_object_task3,110,4,False
1230,libero_object_task3,111,3,False
1230,libero_object_task3,112,2,False
1230,libero_object_task3,113,1,False
1230,libero_object_task3,114,,True
1230,libero_object_task3,115,,True
1230,libero_object_task3,116,,True
1230,libero_object_task3,117,,True
1230,libero_object_task3,118,,True
1230,libero_object_task3,119,,True
1230,libero_object_task3,120,,True
1230,libero_object_task3,121,,True
1230,libero_object_task3,122,,True
1230,libero_object_task3,123,,True
1230,libero_object_task3,124,,True
1230,libero_object_task3,125,,True
1230,libero_object_task3,126,,True
1230,libero_object_task3,127,,True
1230,libero_object_task3,128,,True
1230,libero_object_task3,129,,True
1230,libero_object_task3,130,,True
1231,libero_object_task3,0,54,False
1231,libero_object_task3,1,53,False
1231,libero_object_task3,2,52,False
1231,libero_object_task3,3,51,False
1231,libero_object_task3,4,50,False
1231,libero_object_task3,5,49,False
1231,libero_object_task3,6,48,False
1231,libero_object_task3,7,47,False
1231,libero_object_task3,8,46,False
1231,libero_object_task3,9,45,False
1231,libero_object_task3,10,44,False
1231,libero_object_task3,11,43,False
1231,libero_object_task3,12,42,False
1231,libero_object_task3,13,41,False
1231,libero_object_task3,14,40,False
1231,libero_object_task3,15,39,False
1231,libero_object_task3,16,38,False
1231,libero_object_task3,17,37,False
1231,libero_object_task3,18,36,False
1231,libero_object_task3,19,35,False
1231,libero_object_task3,20,34,False
1231,libero_object_task3,21,33,False
1231,libero_object_task3,22,32,False
1231,libero_object_task3,23,31,False
1231,libero_object_task3,24,30,False
1231,libero_object_task3,25,29,False
1231,libero_object_task3,26,28,False
1231,libero_object_task3,27,27,False
1231,libero_object_task3,28,26,False
1231,libero_object_task3,29,25,False
1231,libero_object_task3,30,24,False
1231,libero_object_task3,31,23,False
1231,libero_object_task3,32,22,False
1231,libero_object_task3,33,21,False
1231,libero_object_task3,34,20,False
1231,libero_object_task3,35,19,False
1231,libero_object_task3,36,18,False
1231,libero_object_task3,37,17,False
1231,libero_object_task3,38,16,False
1231,libero_object_task3,39,15,False
1231,libero_object_task3,40,14,False
1231,libero_object_task3,41,13,False
1231,libero_object_task3,42,12,False
1231,libero_object_task3,43,11,False
1231,libero_object_task3,44,10,False
1231,libero_object_task3,45,9,False
1231,libero_object_task3,46,8,False
1231,libero_object_task3,47,7,False
1231,libero_object_task3,48,6,False
1231,libero_object_task3,49,5,False
1231,libero_object_task3,50,4,False
1231,libero_object_task3,51,3,False
1231,libero_object_task3,52,2,False
1231,libero_object_task3,53,1,False
1231,libero_object_task3,54,70,False
1231,libero_object_task3,55,69,False
1231,libero_object_task3,56,68,False
1231,libero_object_task3,57,67,False
1231,libero_object_task3,58,66,False
1231,libero_object_task3,59,65,False
1231,libero_object_task3,60,64,False
1231,libero_object_task3,61,63,False
1231,libero_object_task3,62,62,False
1231,libero_object_task3,63,61,False
1231,libero_object_task3,64,60,False
1231,libero_object_task3,65,59,False
1231,libero_object_task3,66,58,False
1231,libero_object_task3,67,57,False
1231,libero_object_task3,68,56,False
1231,libero_object_task3,69,55,False
1231,libero_object_task3,70,54,False
1231,libero_object_task3,71,53,False
1231,libero_object_task3,72,52,False
1231,libero_object_task3,73,51,False
1231,libero_object_task3,74,50,False
1231,libero_object_task3,75,49,False
1231,libero_object_task3,76,48,False
1231,libero_object_task3,77,47,False
1231,libero_object_task3,78,46,False
1231,libero_object_task3,79,45,False
1231,libero_object_task3,80,44,False
1231,libero_object_task3,81,43,False
1231,libero_object_task3,82,42,False
1231,libero_object_task3,83,41,False
1231,libero_object_task3,84,40,False
1231,libero_object_task3,85,39,False
1231,libero_object_task3,86,38,False
1231,libero_object_task3,87,37,False
1231,libero_object_task3,88,36,False
1231,libero_object_task3,89,35,False
1231,libero_object_task3,90,34,False
1231,libero_object_task3,91,33,False
1231,libero_object_task3,92,32,False
1231,libero_object_task3,93,31,False
1231,libero_object_task3,94,30,False
1231,libero_object_task3,95,29,False
1231,libero_object_task3,96,28,False
1231,libero_object_task3,97,27,False
1231,libero_object_task3,98,26,False
1231,libero_object_task3,99,25,False
1231,libero_object_task3,100,24,False
1231,libero_object_task3,101,23,False
1231,libero_object_task3,102,22,False
1231,libero_object_task3,103,21,False
1231,libero_object_task3,104,20,False
1231,libero_object_task3,105,19,False
1231,libero_object_task3,106,18,False
1231,libero_object_task3,107,17,False
1231,libero_object_task3,108,16,False
1231,libero_object_task3,109,15,False
1231,libero_object_task3,110,14,False
1231,libero_object_task3,111,13,False
1231,libero_object_task3,112,12,False
1231,libero_object_task3,113,11,False
1231,libero_object_task3,114,10,False
1231,libero_object_task3,115,9,False
1231,libero_object_task3,116,8,False
1231,libero_object_task3,117,7,False
1231,libero_object_task3,118,6,False
1231,libero_object_task3,119,5,False
1231,libero_object_task3,120,4,False
1231,libero_object_task3,121,3,False
1231,libero_object_task3,122,2,False
1231,libero_object_task3,123,1,False
1231,libero_object_task3,124,,True
1231,libero_object_task3,125,,True
1231,libero_object_task3,126,,True
1231,libero_object_task3,127,,True
1231,libero_object_task3,128,,True
1231,libero_object_task3,129,,True
1231,libero_object_task3,130,,True
1231,libero_object_task3,131,,True
1231,libero_object_task3,132,,True
1231,libero_object_task3,133,,True
1231,libero_object_task3,134,,True
1231,libero_object_task3,135,,True
1231,libero_object_task3,136,,True
1231,libero_object_task3,137,,True
1231,libero_object_task3,138,,True
1231,libero_object_task3,139,,True
1231,libero_object_task3,140,,True
1235,libero_object_task3,0,88,False
1235,libero_object_task3,1,87,False
1235,libero_object_task3,2,86,False
1235,libero_object_task3,3,85,False
1235,libero_object_task3,4,84,False
1235,libero_object_task3,5,83,False
1235,libero_object_task3,6,82,False
1235,libero_object_task3,7,81,False
1235,libero_object_task3,8,80,False
1235,libero_object_task3,9,79,False
1235,libero_object_task3,10,78,False
1235,libero_object_task3,11,77,False
1235,libero_object_task3,12,76,False
1235,libero_object_task3,13,75,False
1235,libero_object_task3,14,74,False
1235,libero_object_task3,15,73,False
1235,libero_object_task3,16,72,False
1235,libero_object_task3,17,71,False
1235,libero_object_task3,18,70,False
1235,libero_object_task3,19,69,False
1235,libero_object_task3,20,68,False
1235,libero_object_task3,21,67,False
1235,libero_object_task3,22,66,False
1235,libero_object_task3,23,65,False
1235,libero_object_task3,24,64,False
1235,libero_object_task3,25,63,False
1235,libero_object_task3,26,62,False
1235,libero_object_task3,27,61,False
1235,libero_object_task3,28,60,False
1235,libero_object_task3,29,59,False
1235,libero_object_task3,30,58,False
1235,libero_object_task3,31,57,False
1235,libero_object_task3,32,56,False
1235,libero_object_task3,33,55,False
1235,libero_object_task3,34,54,False
1235,libero_object_task3,35,53,False
1235,libero_object_task3,36,52,False
1235,libero_object_task3,37,51,False
1235,libero_object_task3,38,50,False
1235,libero_object_task3,39,49,False
1235,libero_object_task3,40,48,False
1235,libero_object_task3,41,47,False
1235,libero_object_task3,42,46,False
1235,libero_object_task3,43,45,False
1235,libero_object_task3,44,44,False
1235,libero_object_task3,45,43,False
1235,libero_object_task3,46,42,False
1235,libero_object_task3,47,41,False
1235,libero_object_task3,48,40,False
1235,libero_object_task3,49,39,False
1235,libero_object_task3,50,38,False
1235,libero_object_task3,51,37,False
1235,libero_object_task3,52,36,False
1235,libero_object_task3,53,35,False
1235,libero_object_task3,54,34,False
1235,libero_object_task3,55,33,False
1235,libero_object_task3,56,32,False
1235,libero_object_task3,57,31,False
1235,libero_object_task3,58,30,False
1235,libero_object_task3,59,29,False
1235,libero_object_task3,60,28,False
1235,libero_object_task3,61,27,False
1235,libero_object_task3,62,26,False
1235,libero_object_task3,63,25,False
1235,libero_object_task3,64,24,False
1235,libero_object_task3,65,23,False
1235,libero_object_task3,66,22,False
1235,libero_object_task3,67,21,False
1235,libero_object_task3,68,20,False
1235,libero_object_task3,69,19,False
1235,libero_object_task3,70,18,False
1235,libero_object_task3,71,17,False
1235,libero_object_task3,72,16,False
1235,libero_object_task3,73,15,False
1235,libero_object_task3,74,14,False
1235,libero_object_task3,75,13,False
1235,libero_object_task3,76,12,False
1235,libero_object_task3,77,11,False
1235,libero_object_task3,78,10,False
1235,libero_object_task3,79,9,False
1235,libero_object_task3,80,8,False
1235,libero_object_task3,81,7,False
1235,libero_object_task3,82,6,False
1235,libero_object_task3,83,5,False
1235,libero_object_task3,84,4,False
1235,libero_object_task3,85,3,False
1235,libero_object_task3,86,2,False
1235,libero_object_task3,87,1,False
1235,libero_object_task3,88,64,False
1235,libero_object_task3,89,63,False
1235,libero_object_task3,90,62,False
1235,libero_object_task3,91,61,False
1235,libero_object_task3,92,60,False
1235,libero_object_task3,93,59,False
1235,libero_object_task3,94,58,False
1235,libero_object_task3,95,57,False
1235,libero_object_task3,96,56,False
1235,libero_object_task3,97,55,False
1235,libero_object_task3,98,54,False
1235,libero_object_task3,99,53,False
1235,libero_object_task3,100,52,False
1235,libero_object_task3,101,51,False
1235,libero_object_task3,102,50,False
1235,libero_object_task3,103,49,False
1235,libero_object_task3,104,48,False
1235,libero_object_task3,105,47,False
1235,libero_object_task3,106,46,False
1235,libero_object_task3,107,45,False
1235,libero_object_task3,108,44,False
1235,libero_object_task3,109,43,False
1235,libero_object_task3,110,42,False
1235,libero_object_task3,111,41,False
1235,libero_object_task3,112,40,False
1235,libero_object_task3,113,39,False
1235,libero_object_task3,114,38,False
1235,libero_object_task3,115,37,False
1235,libero_object_task3,116,36,False
1235,libero_object_task3,117,35,False
1235,libero_object_task3,118,34,False
1235,libero_object_task3,119,33,False
1235,libero_object_task3,120,32,False
1235,libero_object_task3,121,31,False
1235,libero_object_task3,122,30,False
1235,libero_object_task3,123,29,False
1235,libero_object_task3,124,28,False
1235,libero_object_task3,125,27,False
1235,libero_object_task3,126,26,False
1235,libero_object_task3,127,25,False
1235,libero_object_task3,128,24,False
1235,libero_object_task3,129,23,False
1235,libero_object_task3,130,22,False
1235,libero_object_task3,131,21,False
1235,libero_object_task3,132,20,False
1235,libero_object_task3,133,19,False
1235,libero_object_task3,134,18,False
1235,libero_object_task3,135,17,False
1235,libero_object_task3,136,16,False
1235,libero_object_task3,137,15,False
1235,libero_object_task3,138,14,False
1235,libero_object_task3,139,13,False
1235,libero_object_task3,140,12,False
1235,libero_object_task3,141,11,False
1235,libero_object_task3,142,10,False
1235,libero_object_task3,143,9,False
1235,libero_object_task3,144,8,False
1235,libero_object_task3,145,7,False
1235,libero_object_task3,146,6,False
1235,libero_object_task3,147,5,False
1235,libero_object_task3,148,4,False
1235,libero_object_task3,149,3,False
1235,libero_object_task3,150,2,False
1235,libero_object_task3,151,1,False
1235,libero_object_task3,152,,True
1235,libero_object_task3,153,,True
1235,libero_object_task3,154,,True
1235,libero_object_task3,155,,True
1235,libero_object_task3,156,,True
1235,libero_object_task3,157,,True
1235,libero_object_task3,158,,True
1235,libero_object_task3,159,,True
1235,libero_object_task3,160,,True
1235,libero_object_task3,161,,True
1235,libero_object_task3,162,,True
1235,libero_object_task3,163,,True
1235,libero_object_task3,164,,True
1235,libero_object_task3,165,,True
1235,libero_object_task3,166,,True
1235,libero_object_task3,167,,True
1236,libero_object_task3,0,45,False
1236,libero_object_task3,1,44,False
1236,libero_object_task3,2,43,False
1236,libero_object_task3,3,42,False
1236,libero_object_task3,4,41,False
1236,libero_object_task3,5,40,False
1236,libero_object_task3,6,39,False
1236,libero_object_task3,7,38,False
1236,libero_object_task3,8,37,False
1236,libero_object_task3,9,36,False
1236,libero_object_task3,10,35,False
1236,libero_object_task3,11,34,False
1236,libero_object_task3,12,33,False
1236,libero_object_task3,13,32,False
1236,libero_object_task3,14,31,False
1236,libero_object_task3,15,30,False
1236,libero_object_task3,16,29,False
1236,libero_object_task3,17,28,False
1236,libero_object_task3,18,27,False
1236,libero_object_task3,19,26,False
1236,libero_object_task3,20,25,False
1236,libero_object_task3,21,24,False
1236,libero_object_task3,22,23,False
1236,libero_object_task3,23,22,False
1236,libero_object_task3,24,21,False
1236,libero_object_task3,25,20,False
1236,libero_object_task3,26,19,False
1236,libero_object_task3,27,18,False
1236,libero_object_task3,28,17,False
1236,libero_object_task3,29,16,False
1236,libero_object_task3,30,15,False
1236,libero_object_task3,31,14,False
1236,libero_object_task3,32,13,False
1236,libero_object_task3,33,12,False
1236,libero_object_task3,34,11,False
1236,libero_object_task3,35,10,False
1236,libero_object_task3,36,9,False
1236,libero_object_task3,37,8,False
1236,libero_object_task3,38,7,False
1236,libero_object_task3,39,6,False
1236,libero_object_task3,40,5,False
1236,libero_object_task3,41,4,False
1236,libero_object_task3,42,3,False
1236,libero_object_task3,43,2,False
1236,libero_object_task3,44,1,False
1236,libero_object_task3,45,72,False
1236,libero_object_task3,46,71,False
1236,libero_object_task3,47,70,False
1236,libero_object_task3,48,69,False
1236,libero_object_task3,49,68,False
1236,libero_object_task3,50,67,False
1236,libero_object_task3,51,66,False
1236,libero_object_task3,52,65,False
1236,libero_object_task3,53,64,False
1236,libero_object_task3,54,63,False
1236,libero_object_task3,55,62,False
1236,libero_object_task3,56,61,False
1236,libero_object_task3,57,60,False
1236,libero_object_task3,58,59,False
1236,libero_object_task3,59,58,False
1236,libero_object_task3,60,57,False
1236,libero_object_task3,61,56,False
1236,libero_object_task3,62,55,False
1236,libero_object_task3,63,54,False
1236,libero_object_task3,64,53,False
1236,libero_object_task3,65,52,False
1236,libero_object_task3,66,51,False
1236,libero_object_task3,67,50,False
1236,libero_object_task3,68,49,False
1236,libero_object_task3,69,48,False
1236,libero_object_task3,70,47,False
1236,libero_object_task3,71,46,False
1236,libero_object_task3,72,45,False
1236,libero_object_task3,73,44,False
1236,libero_object_task3,74,43,False
1236,libero_object_task3,75,42,False
1236,libero_object_task3,76,41,False
1236,libero_object_task3,77,40,False
1236,libero_object_task3,78,39,False
1236,libero_object_task3,79,38,False
1236,libero_object_task3,80,37,False
1236,libero_object_task3,81,36,False
1236,libero_object_task3,82,35,False
1236,libero_object_task3,83,34,False
1236,libero_object_task3,84,33,False
1236,libero_object_task3,85,32,False
1236,libero_object_task3,86,31,False
1236,libero_object_task3,87,30,False
1236,libero_object_task3,88,29,False
1236,libero_object_task3,89,28,False
1236,libero_object_task3,90,27,False
1236,libero_object_task3,91,26,False
1236,libero_object_task3,92,25,False
1236,libero_object_task3,93,24,False
1236,libero_object_task3,94,23,False
1236,libero_object_task3,95,22,False
1236,libero_object_task3,96,21,False
1236,libero_object_task3,97,20,False
1236,libero_object_task3,98,19,False
1236,libero_object_task3,99,18,False
1236,libero_object_task3,100,17,False
1236,libero_object_task3,101,16,False
1236,libero_object_task3,102,15,False
1236,libero_object_task3,103,14,False
1236,libero_object_task3,104,13,False
1236,libero_object_task3,105,12,False
1236,libero_object_task3,106,11,False
1236,libero_object_task3,107,10,False
1236,libero_object_task3,108,9,False
1236,libero_object_task3,109,8,False
1236,libero_object_task3,110,7,False
1236,libero_object_task3,111,6,False
1236,libero_object_task3,112,5,False
1236,libero_object_task3,113,4,False
1236,libero_object_task3,114,3,False
1236,libero_object_task3,115,2,False
1236,libero_object_task3,116,1,False
1236,libero_object_task3,117,,True
1236,libero_object_task3,118,,True
1236,libero_object_task3,119,,True
1236,libero_object_task3,120,,True
1236,libero_object_task3,121,,True
1236,libero_object_task3,122,,True
1236,libero_object_task3,123,,True
1236,libero_object_task3,124,,True
1236,libero_object_task3,125,,True
1236,libero_object_task3,126,,True
1236,libero_object_task3,127,,True
1236,libero_object_task3,128,,True
1236,libero_object_task3,129,,True
1236,libero_object_task3,130,,True
1236,libero_object_task3,131,,True
1236,libero_object_task3,132,,True
1236,libero_object_task3,133,,True
1236,libero_object_task3,134,,True
1251,libero_object_task3,0,52,False
1251,libero_object_task3,1,51,False
1251,libero_object_task3,2,50,False
1251,libero_object_task3,3,49,False
1251,libero_object_task3,4,48,False
1251,libero_object_task3,5,47,False
1251,libero_object_task3,6,46,False
1251,libero_object_task3,7,45,False
1251,libero_object_task3,8,44,False
1251,libero_object_task3,9,43,False
1251,libero_object_task3,10,42,False
1251,libero_object_task3,11,41,False
1251,libero_object_task3,12,40,False
1251,libero_object_task3,13,39,False
1251,libero_object_task3,14,38,False
1251,libero_object_task3,15,37,False
1251,libero_object_task3,16,36,False
1251,libero_object_task3,17,35,False
1251,libero_object_task3,18,34,False
1251,libero_object_task3,19,33,False
1251,libero_object_task3,20,32,False
1251,libero_object_task3,21,31,False
1251,libero_object_task3,22,30,False
1251,libero_object_task3,23,29,False
1251,libero_object_task3,24,28,False
1251,libero_object_task3,25,27,False
1251,libero_object_task3,26,26,False
1251,libero_object_task3,27,25,False
1251,libero_object_task3,28,24,False
1251,libero_object_task3,29,23,False
1251,libero_object_task3,30,22,False
1251,libero_object_task3,31,21,False
1251,libero_object_task3,32,20,False
1251,libero_object_task3,33,19,False
1251,libero_object_task3,34,18,False
1251,libero_object_task3,35,17,False
1251,libero_object_task3,36,16,False
1251,libero_object_task3,37,15,False
1251,libero_object_task3,38,14,False
1251,libero_object_task3,39,13,False
1251,libero_object_task3,40,12,False
1251,libero_object_task3,41,11,False
1251,libero_object_task3,42,10,False
1251,libero_object_task3,43,9,False
1251,libero_object_task3,44,8,False
1251,libero_object_task3,45,7,False
1251,libero_object_task3,46,6,False
1251,libero_object_task3,47,5,False
1251,libero_object_task3,48,4,False
1251,libero_object_task3,49,3,False
1251,libero_object_task3,50,2,False
1251,libero_object_task3,51,1,False
1251,libero_object_task3,52,72,False
1251,libero_object_task3,53,71,False
1251,libero_object_task3,54,70,False
1251,libero_object_task3,55,69,False
1251,libero_object_task3,56,68,False
1251,libero_object_task3,57,67,False
1251,libero_object_task3,58,66,False
1251,libero_object_task3,59,65,False
1251,libero_object_task3,60,64,False
1251,libero_object_task3,61,63,False
1251,libero_object_task3,62,62,False
1251,libero_object_task3,63,61,False
1251,libero_object_task3,64,60,False
1251,libero_object_task3,65,59,False
1251,libero_object_task3,66,58,False
1251,libero_object_task3,67,57,False
1251,libero_object_task3,68,56,False
1251,libero_object_task3,69,55,False
1251,libero_object_task3,70,54,False
1251,libero_object_task3,71,53,False
1251,libero_object_task3,72,52,False
1251,libero_object_task3,73,51,False
1251,libero_object_task3,74,50,False
1251,libero_object_task3,75,49,False
1251,libero_object_task3,76,48,False
1251,libero_object_task3,77,47,False
1251,libero_object_task3,78,46,False
1251,libero_object_task3,79,45,False
1251,libero_object_task3,80,44,False
1251,libero_object_task3,81,43,False
1251,libero_object_task3,82,42,False
1251,libero_object_task3,83,41,False
1251,libero_object_task3,84,40,False
1251,libero_object_task3,85,39,False
1251,libero_object_task3,86,38,False
1251,libero_object_task3,87,37,False
1251,libero_object_task3,88,36,False
1251,libero_object_task3,89,35,False
1251,libero_object_task3,90,34,False
1251,libero_object_task3,91,33,False
1251,libero_object_task3,92,32,False
1251,libero_object_task3,93,31,False
1251,libero_object_task3,94,30,False
1251,libero_object_task3,95,29,False
1251,libero_object_task3,96,28,False
1251,libero_object_task3,97,27,False
1251,libero_object_task3,98,26,False
1251,libero_object_task3,99,25,False
1251,libero_object_task3,100,24,False
1251,libero_object_task3,101,23,False
1251,libero_object_task3,102,22,False
1251,libero_object_task3,103,21,False
1251,libero_object_task3,104,20,False
1251,libero_object_task3,105,19,False
1251,libero_object_task3,106,18,False
1251,libero_object_task3,107,17,False
1251,libero_object_task3,108,16,False
1251,libero_object_task3,109,15,False
1251,libero_object_task3,110,14,False
1251,libero_object_task3,111,13,False
1251,libero_object_task3,112,12,False
1251,libero_object_task3,113,11,False
1251,libero_object_task3,114,10,False
1251,libero_object_task3,115,9,False
1251,libero_object_task3,116,8,False
1251,libero_object_task3,117,7,False
1251,libero_object_task3,118,6,False
1251,libero_object_task3,119,5,False
1251,libero_object_task3,120,4,False
1251,libero_object_task3,121,3,False
1251,libero_object_task3,122,2,False
1251,libero_object_task3,123,1,False
1251,libero_object_task3,124,,True
1251,libero_object_task3,125,,True
1251,libero_object_task3,126,,True
1251,libero_object_task3,127,,True
1251,libero_object_task3,128,,True
1251,libero_object_task3,129,,True
1251,libero_object_task3,130,,True
1251,libero_object_task3,131,,True
1251,libero_object_task3,132,,True
1251,libero_object_task3,133,,True
1251,libero_object_task3,134,,True
1251,libero_object_task3,135,,True
1251,libero_object_task3,136,,True
1251,libero_object_task3,137,,True
1251,libero_object_task3,138,,True
1251,libero_object_task3,139,,True
1251,libero_object_task3,140,,True
1258,libero_object_task3,0,58,False
1258,libero_object_task3,1,57,False
1258,libero_object_task3,2,56,False
1258,libero_object_task3,3,55,False
1258,libero_object_task3,4,54,False
1258,libero_object_task3,5,53,False
1258,libero_object_task3,6,52,False
1258,libero_object_task3,7,51,False
1258,libero_object_task3,8,50,False
1258,libero_object_task3,9,49,False
1258,libero_object_task3,10,48,False
1258,libero_object_task3,11,47,False
1258,libero_object_task3,12,46,False
1258,libero_object_task3,13,45,False
1258,libero_object_task3,14,44,False
1258,libero_object_task3,15,43,False
1258,libero_object_task3,16,42,False
1258,libero_object_task3,17,41,False
1258,libero_object_task3,18,40,False
1258,libero_object_task3,19,39,False
1258,libero_object_task3,20,38,False
1258,libero_object_task3,21,37,False
1258,libero_object_task3,22,36,False
1258,libero_object_task3,23,35,False
1258,libero_object_task3,24,34,False
1258,libero_object_task3,25,33,False
1258,libero_object_task3,26,32,False
1258,libero_object_task3,27,31,False
1258,libero_object_task3,28,30,False
1258,libero_object_task3,29,29,False
1258,libero_object_task3,30,28,False
1258,libero_object_task3,31,27,False
1258,libero_object_task3,32,26,False
1258,libero_object_task3,33,25,False
1258,libero_object_task3,34,24,False
1258,libero_object_task3,35,23,False
1258,libero_object_task3,36,22,False
1258,libero_object_task3,37,21,False
1258,libero_object_task3,38,20,False
1258,libero_object_task3,39,19,False
1258,libero_object_task3,40,18,False
1258,libero_object_task3,41,17,False
1258,libero_object_task3,42,16,False
1258,libero_object_task3,43,15,False
1258,libero_object_task3,44,14,False
1258,libero_object_task3,45,13,False
1258,libero_object_task3,46,12,False
1258,libero_object_task3,47,11,False
1258,libero_object_task3,48,10,False
1258,libero_object_task3,49,9,False
1258,libero_object_task3,50,8,False
1258,libero_object_task3,51,7,False
1258,libero_object_task3,52,6,False
1258,libero_object_task3,53,5,False
1258,libero_object_task3,54,4,False
1258,libero_object_task3,55,3,False
1258,libero_object_task3,56,2,False
1258,libero_object_task3,57,1,False
1258,libero_object_task3,58,73,False
1258,libero_object_task3,59,72,False
1258,libero_object_task3,60,71,False
1258,libero_object_task3,61,70,False
1258,libero_object_task3,62,69,False
1258,libero_object_task3,63,68,False
1258,libero_object_task3,64,67,False
1258,libero_object_task3,65,66,False
1258,libero_object_task3,66,65,False
1258,libero_object_task3,67,64,False
1258,libero_object_task3,68,63,False
1258,libero_object_task3,69,62,False
1258,libero_object_task3,70,61,False
1258,libero_object_task3,71,60,False
1258,libero_object_task3,72,59,False
1258,libero_object_task3,73,58,False
1258,libero_object_task3,74,57,False
1258,libero_object_task3,75,56,False
1258,libero_object_task3,76,55,False
1258,libero_object_task3,77,54,False
1258,libero_object_task3,78,53,False
1258,libero_object_task3,79,52,False
1258,libero_object_task3,80,51,False
1258,libero_object_task3,81,50,False
1258,libero_object_task3,82,49,False
1258,libero_object_task3,83,48,False
1258,libero_object_task3,84,47,False
1258,libero_object_task3,85,46,False
1258,libero_object_task3,86,45,False
1258,libero_object_task3,87,44,False
1258,libero_object_task3,88,43,False
1258,libero_object_task3,89,42,False
1258,libero_object_task3,90,41,False
1258,libero_object_task3,91,40,False
1258,libero_object_task3,92,39,False
1258,libero_object_task3,93,38,False
1258,libero_object_task3,94,37,False
1258,libero_object_task3,95,36,False
1258,libero_object_task3,96,35,False
1258,libero_object_task3,97,34,False
1258,libero_object_task3,98,33,False
1258,libero_object_task3,99,32,False
1258,libero_object_task3,100,31,False
1258,libero_object_task3,101,30,False
1258,libero_object_task3,102,29,False
1258,libero_object_task3,103,28,False
1258,libero_object_task3,104,27,False
1258,libero_object_task3,105,26,False
1258,libero_object_task3,106,25,False
1258,libero_object_task3,107,24,False
1258,libero_object_task3,108,23,False
1258,libero_object_task3,109,22,False
1258,libero_object_task3,110,21,False
1258,libero_object_task3,111,20,False
1258,libero_object_task3,112,19,False
1258,libero_object_task3,113,18,False
1258,libero_object_task3,114,17,False
1258,libero_object_task3,115,16,False
1258,libero_object_task3,116,15,False
1258,libero_object_task3,117,14,False
1258,libero_object_task3,118,13,False
1258,libero_object_task3,119,12,False
1258,libero_object_task3,120,11,False
1258,libero_object_task3,121,10,False
1258,libero_object_task3,122,9,False
1258,libero_object_task3,123,8,False
1258,libero_object_task3,124,7,False
1258,libero_object_task3,125,6,False
1258,libero_object_task3,126,5,False
1258,libero_object_task3,127,4,False
1258,libero_object_task3,128,3,False
1258,libero_object_task3,129,2,False
1258,libero_object_task3,130,1,False
1258,libero_object_task3,131,,True
1258,libero_object_task3,132,,True
1258,libero_object_task3,133,,True
1258,libero_object_task3,134,,True
1258,libero_object_task3,135,,True
1258,libero_object_task3,136,,True
1258,libero_object_task3,137,,True
1258,libero_object_task3,138,,True
1258,libero_object_task3,139,,True
1258,libero_object_task3,140,,True
1258,libero_object_task3,141,,True
1258,libero_object_task3,142,,True
1258,libero_object_task3,143,,True
1258,libero_object_task3,144,,True
1258,libero_object_task3,145,,True
1258,libero_object_task3,146,,True
1258,libero_object_task3,147,,True
1272,libero_spatial_task0,0,36,False
1272,libero_spatial_task0,1,35,False
1272,libero_spatial_task0,2,34,False
1272,libero_spatial_task0,3,33,False
1272,libero_spatial_task0,4,32,False
1272,libero_spatial_task0,5,31,False
1272,libero_spatial_task0,6,30,False
1272,libero_spatial_task0,7,29,False
1272,libero_spatial_task0,8,28,False
1272,libero_spatial_task0,9,27,False
1272,libero_spatial_task0,10,26,False
1272,libero_spatial_task0,11,25,False
1272,libero_spatial_task0,12,24,False
1272,libero_spatial_task0,13,23,False
1272,libero_spatial_task0,14,22,False
1272,libero_spatial_task0,15,21,False
1272,libero_spatial_task0,16,20,False
1272,libero_spatial_task0,17,19,False
1272,libero_spatial_task0,18,18,False
1272,libero_spatial_task0,19,17,False
1272,libero_spatial_task0,20,16,False
1272,libero_spatial_task0,21,15,False
1272,libero_spatial_task0,22,14,False
1272,libero_spatial_task0,23,13,False
1272,libero_spatial_task0,24,12,False
1272,libero_spatial_task0,25,11,False
1272,libero_spatial_task0,26,10,False
1272,libero_spatial_task0,27,9,False
1272,libero_spatial_task0,28,8,False
1272,libero_spatial_task0,29,7,False
1272,libero_spatial_task0,30,6,False
1272,libero_spatial_task0,31,5,False
1272,libero_spatial_task0,32,4,False
1272,libero_spatial_task0,33,3,False
1272,libero_spatial_task0,34,2,False
1272,libero_spatial_task0,35,1,False
1272,libero_spatial_task0,36,39,False
1272,libero_spatial_task0,37,38,False
1272,libero_spatial_task0,38,37,False
1272,libero_spatial_task0,39,36,False
1272,libero_spatial_task0,40,35,False
1272,libero_spatial_task0,41,34,False
1272,libero_spatial_task0,42,33,False
1272,libero_spatial_task0,43,32,False
1272,libero_spatial_task0,44,31,False
1272,libero_spatial_task0,45,30,False
1272,libero_spatial_task0,46,29,False
1272,libero_spatial_task0,47,28,False
1272,libero_spatial_task0,48,27,False
1272,libero_spatial_task0,49,26,False
1272,libero_spatial_task0,50,25,False
1272,libero_spatial_task0,51,24,False
1272,libero_spatial_task0,52,23,False
1272,libero_spatial_task0,53,22,False
1272,libero_spatial_task0,54,21,False
1272,libero_spatial_task0,55,20,False
1272,libero_spatial_task0,56,19,False
1272,libero_spatial_task0,57,18,False
1272,libero_spatial_task0,58,17,False
1272,libero_spatial_task0,59,16,False
1272,libero_spatial_task0,60,15,False
1272,libero_spatial_task0,61,14,False
1272,libero_spatial_task0,62,13,False
1272,libero_spatial_task0,63,12,False
1272,libero_spatial_task0,64,11,False
1272,libero_spatial_task0,65,10,False
1272,libero_spatial_task0,66,9,False
1272,libero_spatial_task0,67,8,False
1272,libero_spatial_task0,68,7,False
1272,libero_spatial_task0,69,6,False
1272,libero_spatial_task0,70,5,False
1272,libero_spatial_task0,71,4,False
1272,libero_spatial_task0,72,3,False
1272,libero_spatial_task0,73,2,False
1272,libero_spatial_task0,74,1,False
1272,libero_spatial_task0,75,,True
1272,libero_spatial_task0,76,,True
1272,libero_spatial_task0,77,,True
1272,libero_spatial_task0,78,,True
1272,libero_spatial_task0,79,,True
1272,libero_spatial_task0,80,,True
1272,libero_spatial_task0,81,,True
1272,libero_spatial_task0,82,,True
1272,libero_spatial_task0,83,,True
1273,libero_spatial_task0,0,31,False
1273,libero_spatial_task0,1,30,False
1273,libero_spatial_task0,2,29,False
1273,libero_spatial_task0,3,28,False
1273,libero_spatial_task0,4,27,False
1273,libero_spatial_task0,5,26,False
1273,libero_spatial_task0,6,25,False
1273,libero_spatial_task0,7,24,False
1273,libero_spatial_task0,8,23,False
1273,libero_spatial_task0,9,22,False
1273,libero_spatial_task0,10,21,False
1273,libero_spatial_task0,11,20,False
1273,libero_spatial_task0,12,19,False
1273,libero_spatial_task0,13,18,False
1273,libero_spatial_task0,14,17,False
1273,libero_spatial_task0,15,16,False
1273,libero_spatial_task0,16,15,False
1273,libero_spatial_task0,17,14,False
1273,libero_spatial_task0,18,13,False
1273,libero_spatial_task0,19,12,False
1273,libero_spatial_task0,20,11,False
1273,libero_spatial_task0,21,10,False
1273,libero_spatial_task0,22,9,False
1273,libero_spatial_task0,23,8,False
1273,libero_spatial_task0,24,7,False
1273,libero_spatial_task0,25,6,False
1273,libero_spatial_task0,26,5,False
1273,libero_spatial_task0,27,4,False
1273,libero_spatial_task0,28,3,False
1273,libero_spatial_task0,29,2,False
1273,libero_spatial_task0,30,1,False
1273,libero_spatial_task0,31,41,False
1273,libero_spatial_task0,32,40,False
1273,libero_spatial_task0,33,39,False
1273,libero_spatial_task0,34,38,False
1273,libero_spatial_task0,35,37,False
1273,libero_spatial_task0,36,36,False
1273,libero_spatial_task0,37,35,False
1273,libero_spatial_task0,38,34,False
1273,libero_spatial_task0,39,33,False
1273,libero_spatial_task0,40,32,False
1273,libero_spatial_task0,41,31,False
1273,libero_spatial_task0,42,30,False
1273,libero_spatial_task0,43,29,False
1273,libero_spatial_task0,44,28,False
1273,libero_spatial_task0,45,27,False
1273,libero_spatial_task0,46,26,False
1273,libero_spatial_task0,47,25,False
1273,libero_spatial_task0,48,24,False
1273,libero_spatial_task0,49,23,False
1273,libero_spatial_task0,50,22,False
1273,libero_spatial_task0,51,21,False
1273,libero_spatial_task0,52,20,False
1273,libero_spatial_task0,53,19,False
1273,libero_spatial_task0,54,18,False
1273,libero_spatial_task0,55,17,False
1273,libero_spatial_task0,56,16,False
1273,libero_spatial_task0,57,15,False
1273,libero_spatial_task0,58,14,False
1273,libero_spatial_task0,59,13,False
1273,libero_spatial_task0,60,12,False
1273,libero_spatial_task0,61,11,False
1273,libero_spatial_task0,62,10,False
1273,libero_spatial_task0,63,9,False
1273,libero_spatial_task0,64,8,False
1273,libero_spatial_task0,65,7,False
1273,libero_spatial_task0,66,6,False
1273,libero_spatial_task0,67,5,False
1273,libero_spatial_task0,68,4,False
1273,libero_spatial_task0,69,3,False
1273,libero_spatial_task0,70,2,False
1273,libero_spatial_task0,71,1,False
1273,libero_spatial_task0,72,,True
1273,libero_spatial_task0,73,,True
1273,libero_spatial_task0,74,,True
1273,libero_spatial_task0,75,,True
1273,libero_spatial_task0,76,,True
1273,libero_spatial_task0,77,,True
1273,libero_spatial_task0,78,,True
1273,libero_spatial_task0,79,,True
1273,libero_spatial_task0,80,,True
1273,libero_spatial_task0,81,,True
1273,libero_spatial_task0,82,,True
1273,libero_spatial_task0,83,,True
1273,libero_spatial_task0,84,,True
1275,libero_spatial_task0,0,39,False
1275,libero_spatial_task0,1,38,False
1275,libero_spatial_task0,2,37,False
1275,libero_spatial_task0,3,36,False
1275,libero_spatial_task0,4,35,False
1275,libero_spatial_task0,5,34,False
1275,libero_spatial_task0,6,33,False
1275,libero_spatial_task0,7,32,False
1275,libero_spatial_task0,8,31,False
1275,libero_spatial_task0,9,30,False
1275,libero_spatial_task0,10,29,False
1275,libero_spatial_task0,11,28,False
1275,libero_spatial_task0,12,27,False
1275,libero_spatial_task0,13,26,False
1275,libero_spatial_task0,14,25,False
1275,libero_spatial_task0,15,24,False
1275,libero_spatial_task0,16,23,False
1275,libero_spatial_task0,17,22,False
1275,libero_spatial_task0,18,21,False
1275,libero_spatial_task0,19,20,False
1275,libero_spatial_task0,20,19,False
1275,libero_spatial_task0,21,18,False
1275,libero_spatial_task0,22,17,False
1275,libero_spatial_task0,23,16,False
1275,libero_spatial_task0,24,15,False
1275,libero_spatial_task0,25,14,False
1275,libero_spatial_task0,26,13,False
1275,libero_spatial_task0,27,12,False
1275,libero_spatial_task0,28,11,False
1275,libero_spatial_task0,29,10,False
1275,libero_spatial_task0,30,9,False
1275,libero_spatial_task0,31,8,False
1275,libero_spatial_task0,32,7,False
1275,libero_spatial_task0,33,6,False
1275,libero_spatial_task0,34,5,False
1275,libero_spatial_task0,35,4,False
1275,libero_spatial_task0,36,3,False
1275,libero_spatial_task0,37,2,False
1275,libero_spatial_task0,38,1,False
1275,libero_spatial_task0,39,20,False
1275,libero_spatial_task0,40,19,False
1275,libero_spatial_task0,41,18,False
1275,libero_spatial_task0,42,17,False
1275,libero_spatial_task0,43,16,False
1275,libero_spatial_task0,44,15,False
1275,libero_spatial_task0,45,14,False
1275,libero_spatial_task0,46,13,False
1275,libero_spatial_task0,47,12,False
1275,libero_spatial_task0,48,11,False
1275,libero_spatial_task0,49,10,False
1275,libero_spatial_task0,50,9,False
1275,libero_spatial_task0,51,8,False
1275,libero_spatial_task0,52,7,False
1275,libero_spatial_task0,53,6,False
1275,libero_spatial_task0,54,5,False
1275,libero_spatial_task0,55,4,False
1275,libero_spatial_task0,56,3,False
1275,libero_spatial_task0,57,2,False
1275,libero_spatial_task0,58,1,False
1275,libero_spatial_task0,59,12,False
1275,libero_spatial_task0,60,11,False
1275,libero_spatial_task0,61,10,False
1275,libero_spatial_task0,62,9,False
1275,libero_spatial_task0,63,8,False
1275,libero_spatial_task0,64,7,False
1275,libero_spatial_task0,65,6,False
1275,libero_spatial_task0,66,5,False
1275,libero_spatial_task0,67,4,False
1275,libero_spatial_task0,68,3,False
1275,libero_spatial_task0,69,2,False
1275,libero_spatial_task0,70,1,False
1275,libero_spatial_task0,71,44,False
1275,libero_spatial_task0,72,43,False
1275,libero_spatial_task0,73,42,False
1275,libero_spatial_task0,74,41,False
1275,libero_spatial_task0,75,40,False
1275,libero_spatial_task0,76,39,False
1275,libero_spatial_task0,77,38,False
1275,libero_spatial_task0,78,37,False
1275,libero_spatial_task0,79,36,False
1275,libero_spatial_task0,80,35,False
1275,libero_spatial_task0,81,34,False
1275,libero_spatial_task0,82,33,False
1275,libero_spatial_task0,83,32,False
1275,libero_spatial_task0,84,31,False
1275,libero_spatial_task0,85,30,False
1275,libero_spatial_task0,86,29,False
1275,libero_spatial_task0,87,28,False
1275,libero_spatial_task0,88,27,False
1275,libero_spatial_task0,89,26,False
1275,libero_spatial_task0,90,25,False
1275,libero_spatial_task0,91,24,False
1275,libero_spatial_task0,92,23,False
1275,libero_spatial_task0,93,22,False
1275,libero_spatial_task0,94,21,False
1275,libero_spatial_task0,95,20,False
1275,libero_spatial_task0,96,19,False
1275,libero_spatial_task0,97,18,False
1275,libero_spatial_task0,98,17,False
1275,libero_spatial_task0,99,16,False
1275,libero_spatial_task0,100,15,False
1275,libero_spatial_task0,101,14,False
1275,libero_spatial_task0,102,13,False
1275,libero_spatial_task0,103,12,False
1275,libero_spatial_task0,104,11,False
1275,libero_spatial_task0,105,10,False
1275,libero_spatial_task0,106,9,False
1275,libero_spatial_task0,107,8,False
1275,libero_spatial_task0,108,7,False
1275,libero_spatial_task0,109,6,False
1275,libero_spatial_task0,110,5,False
1275,libero_spatial_task0,111,4,False
1275,libero_spatial_task0,112,3,False
1275,libero_spatial_task0,113,2,False
1275,libero_spatial_task0,114,1,False
1275,libero_spatial_task0,115,,True
1275,libero_spatial_task0,116,,True
1275,libero_spatial_task0,117,,True
1275,libero_spatial_task0,118,,True
1275,libero_spatial_task0,119,,True
1275,libero_spatial_task0,120,,True
1275,libero_spatial_task0,121,,True
1275,libero_spatial_task0,122,,True
1275,libero_spatial_task0,123,,True
1275,libero_spatial_task0,124,,True
1275,libero_spatial_task0,125,,True
1275,libero_spatial_task0,126,,True
1275,libero_spatial_task0,127,,True
1282,libero_spatial_task0,0,35,False
1282,libero_spatial_task0,1,34,False
1282,libero_spatial_task0,2,33,False
1282,libero_spatial_task0,3,32,False
1282,libero_spatial_task0,4,31,False
1282,libero_spatial_task0,5,30,False
1282,libero_spatial_task0,6,29,False
1282,libero_spatial_task0,7,28,False
1282,libero_spatial_task0,8,27,False
1282,libero_spatial_task0,9,26,False
1282,libero_spatial_task0,10,25,False
1282,libero_spatial_task0,11,24,False
1282,libero_spatial_task0,12,23,False
1282,libero_spatial_task0,13,22,False
1282,libero_spatial_task0,14,21,False
1282,libero_spatial_task0,15,20,False
1282,libero_spatial_task0,16,19,False
1282,libero_spatial_task0,17,18,False
1282,libero_spatial_task0,18,17,False
1282,libero_spatial_task0,19,16,False
1282,libero_spatial_task0,20,15,False
1282,libero_spatial_task0,21,14,False
1282,libero_spatial_task0,22,13,False
1282,libero_spatial_task0,23,12,False
1282,libero_spatial_task0,24,11,False
1282,libero_spatial_task0,25,10,False
1282,libero_spatial_task0,26,9,False
1282,libero_spatial_task0,27,8,False
1282,libero_spatial_task0,28,7,False
1282,libero_spatial_task0,29,6,False
1282,libero_spatial_task0,30,5,False
1282,libero_spatial_task0,31,4,False
1282,libero_spatial_task0,32,3,False
1282,libero_spatial_task0,33,2,False
1282,libero_spatial_task0,34,1,False
1282,libero_spatial_task0,35,38,False
1282,libero_spatial_task0,36,37,False
1282,libero_spatial_task0,37,36,False
1282,libero_spatial_task0,38,35,False
1282,libero_spatial_task0,39,34,False
1282,libero_spatial_task0,40,33,False
1282,libero_spatial_task0,41,32,False
1282,libero_spatial_task0,42,31,False
1282,libero_spatial_task0,43,30,False
1282,libero_spatial_task0,44,29,False
1282,libero_spatial_task0,45,28,False
1282,libero_spatial_task0,46,27,False
1282,libero_spatial_task0,47,26,False
1282,libero_spatial_task0,48,25,False
1282,libero_spatial_task0,49,24,False
1282,libero_spatial_task0,50,23,False
1282,libero_spatial_task0,51,22,False
1282,libero_spatial_task0,52,21,False
1282,libero_spatial_task0,53,20,False
1282,libero_spatial_task0,54,19,False
1282,libero_spatial_task0,55,18,False
1282,libero_spatial_task0,56,17,False
1282,libero_spatial_task0,57,16,False
1282,libero_spatial_task0,58,15,False
1282,libero_spatial_task0,59,14,False
1282,libero_spatial_task0,60,13,False
1282,libero_spatial_task0,61,12,False
1282,libero_spatial_task0,62,11,False
1282,libero_spatial_task0,63,10,False
1282,libero_spatial_task0,64,9,False
1282,libero_spatial_task0,65,8,False
1282,libero_spatial_task0,66,7,False
1282,libero_spatial_task0,67,6,False
1282,libero_spatial_task0,68,5,False
1282,libero_spatial_task0,69,4,False
1282,libero_spatial_task0,70,3,False
1282,libero_spatial_task0,71,2,False
1282,libero_spatial_task0,72,1,False
1282,libero_spatial_task0,73,,True
1282,libero_spatial_task0,74,,True
1282,libero_spatial_task0,75,,True
1282,libero_spatial_task0,76,,True
1282,libero_spatial_task0,77,,True
1282,libero_spatial_task0,78,,True
1282,libero_spatial_task0,79,,True
1282,libero_spatial_task0,80,,True
1282,libero_spatial_task0,81,,True
1282,libero_spatial_task0,82,,True
1282,libero_spatial_task0,83,,True
1300,libero_spatial_task0,0,36,False
1300,libero_spatial_task0,1,35,False
1300,libero_spatial_task0,2,34,False
1300,libero_spatial_task0,3,33,False
1300,libero_spatial_task0,4,32,False
1300,libero_spatial_task0,5,31,False
1300,libero_spatial_task0,6,30,False
1300,libero_spatial_task0,7,29,False
1300,libero_spatial_task0,8,28,False
1300,libero_spatial_task0,9,27,False
1300,libero_spatial_task0,10,26,False
1300,libero_spatial_task0,11,25,False
1300,libero_spatial_task0,12,24,False
1300,libero_spatial_task0,13,23,False
1300,libero_spatial_task0,14,22,False
1300,libero_spatial_task0,15,21,False
1300,libero_spatial_task0,16,20,False
1300,libero_spatial_task0,17,19,False
1300,libero_spatial_task0,18,18,False
1300,libero_spatial_task0,19,17,False
1300,libero_spatial_task0,20,16,False
1300,libero_spatial_task0,21,15,False
1300,libero_spatial_task0,22,14,False
1300,libero_spatial_task0,23,13,False
1300,libero_spatial_task0,24,12,False
1300,libero_spatial_task0,25,11,False
1300,libero_spatial_task0,26,10,False
1300,libero_spatial_task0,27,9,False
1300,libero_spatial_task0,28,8,False
1300,libero_spatial_task0,29,7,False
1300,libero_spatial_task0,30,6,False
1300,libero_spatial_task0,31,5,False
1300,libero_spatial_task0,32,4,False
1300,libero_spatial_task0,33,3,False
1300,libero_spatial_task0,34,2,False
1300,libero_spatial_task0,35,1,False
1300,libero_spatial_task0,36,52,False
1300,libero_spatial_task0,37,51,False
1300,libero_spatial_task0,38,50,False
1300,libero_spatial_task0,39,49,False
1300,libero_spatial_task0,40,48,False
1300,libero_spatial_task0,41,47,False
1300,libero_spatial_task0,42,46,False
1300,libero_spatial_task0,43,45,False
1300,libero_spatial_task0,44,44,False
1300,libero_spatial_task0,45,43,False
1300,libero_spatial_task0,46,42,False
1300,libero_spatial_task0,47,41,False
1300,libero_spatial_task0,48,40,False
1300,libero_spatial_task0,49,39,False
1300,libero_spatial_task0,50,38,False
1300,libero_spatial_task0,51,37,False
1300,libero_spatial_task0,52,36,False
1300,libero_spatial_task0,53,35,False
1300,libero_spatial_task0,54,34,False
1300,libero_spatial_task0,55,33,False
1300,libero_spatial_task0,56,32,False
1300,libero_spatial_task0,57,31,False
1300,libero_spatial_task0,58,30,False
1300,libero_spatial_task0,59,29,False
1300,libero_spatial_task0,60,28,False
1300,libero_spatial_task0,61,27,False
1300,libero_spatial_task0,62,26,False
1300,libero_spatial_task0,63,25,False
1300,libero_spatial_task0,64,24,False
1300,libero_spatial_task0,65,23,False
1300,libero_spatial_task0,66,22,False
1300,libero_spatial_task0,67,21,False
1300,libero_spatial_task0,68,20,False
1300,libero_spatial_task0,69,19,False
1300,libero_spatial_task0,70,18,False
1300,libero_spatial_task0,71,17,False
1300,libero_spatial_task0,72,16,False
1300,libero_spatial_task0,73,15,False
1300,libero_spatial_task0,74,14,False
1300,libero_spatial_task0,75,13,False
1300,libero_spatial_task0,76,12,False
1300,libero_spatial_task0,77,11,False
1300,libero_spatial_task0,78,10,False
1300,libero_spatial_task0,79,9,False
1300,libero_spatial_task0,80,8,False
1300,libero_spatial_task0,81,7,False
1300,libero_spatial_task0,82,6,False
1300,libero_spatial_task0,83,5,False
1300,libero_spatial_task0,84,4,False
1300,libero_spatial_task0,85,3,False
1300,libero_spatial_task0,86,2,False
1300,libero_spatial_task0,87,1,False
1300,libero_spatial_task0,88,,True
1300,libero_spatial_task0,89,,True
1300,libero_spatial_task0,90,,True
1300,libero_spatial_task0,91,,True
1300,libero_spatial_task0,92,,True
1300,libero_spatial_task0,93,,True
1300,libero_spatial_task0,94,,True
1300,libero_spatial_task0,95,,True
1300,libero_spatial_task0,96,,True
1300,libero_spatial_task0,97,,True
1300,libero_spatial_task0,98,,True
1300,libero_spatial_task0,99,,True
1300,libero_spatial_task0,100,,True
1300,libero_spatial_task0,101,,True
1327,libero_spatial_task0,0,33,False
1327,libero_spatial_task0,1,32,False
1327,libero_spatial_task0,2,31,False
1327,libero_spatial_task0,3,30,False
1327,libero_spatial_task0,4,29,False
1327,libero_spatial_task0,5,28,False
1327,libero_spatial_task0,6,27,False
1327,libero_spatial_task0,7,26,False
1327,libero_spatial_task0,8,25,False
1327,libero_spatial_task0,9,24,False
1327,libero_spatial_task0,10,23,False
1327,libero_spatial_task0,11,22,False
1327,libero_spatial_task0,12,21,False
1327,libero_spatial_task0,13,20,False
1327,libero_spatial_task0,14,19,False
1327,libero_spatial_task0,15,18,False
1327,libero_spatial_task0,16,17,False
1327,libero_spatial_task0,17,16,False
1327,libero_spatial_task0,18,15,False
1327,libero_spatial_task0,19,14,False
1327,libero_spatial_task0,20,13,False
1327,libero_spatial_task0,21,12,False
1327,libero_spatial_task0,22,11,False
1327,libero_spatial_task0,23,10,False
1327,libero_spatial_task0,24,9,False
1327,libero_spatial_task0,25,8,False
1327,libero_spatial_task0,26,7,False
1327,libero_spatial_task0,27,6,False
1327,libero_spatial_task0,28,5,False
1327,libero_spatial_task0,29,4,False
1327,libero_spatial_task0,30,3,False
1327,libero_spatial_task0,31,2,False
1327,libero_spatial_task0,32,1,False
1327,libero_spatial_task0,33,73,False
1327,libero_spatial_task0,34,72,False
1327,libero_spatial_task0,35,71,False
1327,libero_spatial_task0,36,70,False
1327,libero_spatial_task0,37,69,False
1327,libero_spatial_task0,38,68,False
1327,libero_spatial_task0,39,67,False
1327,libero_spatial_task0,40,66,False
1327,libero_spatial_task0,41,65,False
1327,libero_spatial_task0,42,64,False
1327,libero_spatial_task0,43,63,False
1327,libero_spatial_task0,44,62,False
1327,libero_spatial_task0,45,61,False
1327,libero_spatial_task0,46,60,False
1327,libero_spatial_task0,47,59,False
1327,libero_spatial_task0,48,58,False
1327,libero_spatial_task0,49,57,False
1327,libero_spatial_task0,50,56,False
1327,libero_spatial_task0,51,55,False
1327,libero_spatial_task0,52,54,False
1327,libero_spatial_task0,53,53,False
1327,libero_spatial_task0,54,52,False
1327,libero_spatial_task0,55,51,False
1327,libero_spatial_task0,56,50,False
1327,libero_spatial_task0,57,49,False
1327,libero_spatial_task0,58,48,False
1327,libero_spatial_task0,59,47,False
1327,libero_spatial_task0,60,46,False
1327,libero_spatial_task0,61,45,False
1327,libero_spatial_task0,62,44,False
1327,libero_spatial_task0,63,43,False
1327,libero_spatial_task0,64,42,False
1327,libero_spatial_task0,65,41,False
1327,libero_spatial_task0,66,40,False
1327,libero_spatial_task0,67,39,False
1327,libero_spatial_task0,68,38,False
1327,libero_spatial_task0,69,37,False
1327,libero_spatial_task0,70,36,False
1327,libero_spatial_task0,71,35,False
1327,libero_spatial_task0,72,34,False
1327,libero_spatial_task0,73,33,False
1327,libero_spatial_task0,74,32,False
1327,libero_spatial_task0,75,31,False
1327,libero_spatial_task0,76,30,False
1327,libero_spatial_task0,77,29,False
1327,libero_spatial_task0,78,28,False
1327,libero_spatial_task0,79,27,False
1327,libero_spatial_task0,80,26,False
1327,libero_spatial_task0,81,25,False
1327,libero_spatial_task0,82,24,False
1327,libero_spatial_task0,83,23,False
1327,libero_spatial_task0,84,22,False
1327,libero_spatial_task0,85,21,False
1327,libero_spatial_task0,86,20,False
1327,libero_spatial_task0,87,19,False
1327,libero_spatial_task0,88,18,False
1327,libero_spatial_task0,89,17,False
1327,libero_spatial_task0,90,16,False
1327,libero_spatial_task0,91,15,False
1327,libero_spatial_task0,92,14,False
1327,libero_spatial_task0,93,13,False
1327,libero_spatial_task0,94,12,False
1327,libero_spatial_task0,95,11,False
1327,libero_spatial_task0,96,10,False
1327,libero_spatial_task0,97,9,False
1327,libero_spatial_task0,98,8,False
1327,libero_spatial_task0,99,7,False
1327,libero_spatial_task0,100,6,False
1327,libero_spatial_task0,101,5,False
1327,libero_spatial_task0,102,4,False
1327,libero_spatial_task0,103,3,False
1327,libero_spatial_task0,104,2,False
1327,libero_spatial_task0,105,1,False
1327,libero_spatial_task0,106,,True
1327,libero_spatial_task0,107,,True
1327,libero_spatial_task0,108,,True
1327,libero_spatial_task0,109,,True
1327,libero_spatial_task0,110,,True
1327,libero_spatial_task0,111,,True
1327,libero_spatial_task0,112,,True
1327,libero_spatial_task0,113,,True
1327,libero_spatial_task0,114,,True
1327,libero_spatial_task0,115,,True
1327,libero_spatial_task0,116,,True
1327,libero_spatial_task0,117,,True
1327,libero_spatial_task0,118,,True
1327,libero_spatial_task0,119,,True
1327,libero_spatial_task0,120,,True
1327,libero_spatial_task0,121,,True
1327,libero_spatial_task0,122,,True
1327,libero_spatial_task0,123,,True
1330,libero_spatial_task0,0,41,False
1330,libero_spatial_task0,1,40,False
1330,libero_spatial_task0,2,39,False
1330,libero_spatial_task0,3,38,False
1330,libero_spatial_task0,4,37,False
1330,libero_spatial_task0,5,36,False
1330,libero_spatial_task0,6,35,False
1330,libero_spatial_task0,7,34,False
1330,libero_spatial_task0,8,33,False
1330,libero_spatial_task0,9,32,False
1330,libero_spatial_task0,10,31,False
1330,libero_spatial_task0,11,30,False
1330,libero_spatial_task0,12,29,False
1330,libero_spatial_task0,13,28,False
1330,libero_spatial_task0,14,27,False
1330,libero_spatial_task0,15,26,False
1330,libero_spatial_task0,16,25,False
1330,libero_spatial_task0,17,24,False
1330,libero_spatial_task0,18,23,False
1330,libero_spatial_task0,19,22,False
1330,libero_spatial_task0,20,21,False
1330,libero_spatial_task0,21,20,False
1330,libero_spatial_task0,22,19,False
1330,libero_spatial_task0,23,18,False
1330,libero_spatial_task0,24,17,False
1330,libero_spatial_task0,25,16,False
1330,libero_spatial_task0,26,15,False
1330,libero_spatial_task0,27,14,False
1330,libero_spatial_task0,28,13,False
1330,libero_spatial_task0,29,12,False
1330,libero_spatial_task0,30,11,False
1330,libero_spatial_task0,31,10,False
1330,libero_spatial_task0,32,9,False
1330,libero_spatial_task0,33,8,False
1330,libero_spatial_task0,34,7,False
1330,libero_spatial_task0,35,6,False
1330,libero_spatial_task0,36,5,False
1330,libero_spatial_task0,37,4,False
1330,libero_spatial_task0,38,3,False
1330,libero_spatial_task0,39,2,False
1330,libero_spatial_task0,40,1,False
1330,libero_spatial_task0,41,38,False
1330,libero_spatial_task0,42,37,False
1330,libero_spatial_task0,43,36,False
1330,libero_spatial_task0,44,35,False
1330,libero_spatial_task0,45,34,False
1330,libero_spatial_task0,46,33,False
1330,libero_spatial_task0,47,32,False
1330,libero_spatial_task0,48,31,False
1330,libero_spatial_task0,49,30,False
1330,libero_spatial_task0,50,29,False
1330,libero_spatial_task0,51,28,False
1330,libero_spatial_task0,52,27,False
1330,libero_spatial_task0,53,26,False
1330,libero_spatial_task0,54,25,False
1330,libero_spatial_task0,55,24,False
1330,libero_spatial_task0,56,23,False
1330,libero_spatial_task0,57,22,False
1330,libero_spatial_task0,58,21,False
1330,libero_spatial_task0,59,20,False
1330,libero_spatial_task0,60,19,False
1330,libero_spatial_task0,61,18,False
1330,libero_spatial_task0,62,17,False
1330,libero_spatial_task0,63,16,False
1330,libero_spatial_task0,64,15,False
1330,libero_spatial_task0,65,14,False
1330,libero_spatial_task0,66,13,False
1330,libero_spatial_task0,67,12,False
1330,libero_spatial_task0,68,11,False
1330,libero_spatial_task0,69,10,False
1330,libero_spatial_task0,70,9,False
1330,libero_spatial_task0,71,8,False
1330,libero_spatial_task0,72,7,False
1330,libero_spatial_task0,73,6,False
1330,libero_spatial_task0,74,5,False
1330,libero_spatial_task0,75,4,False
1330,libero_spatial_task0,76,3,False
1330,libero_spatial_task0,77,2,False
1330,libero_spatial_task0,78,1,False
1330,libero_spatial_task0,79,23,False
1330,libero_spatial_task0,80,22,False
1330,libero_spatial_task0,81,21,False
1330,libero_spatial_task0,82,20,False
1330,libero_spatial_task0,83,19,False
1330,libero_spatial_task0,84,18,False
1330,libero_spatial_task0,85,17,False
1330,libero_spatial_task0,86,16,False
1330,libero_spatial_task0,87,15,False
1330,libero_spatial_task0,88,14,False
1330,libero_spatial_task0,89,13,False
1330,libero_spatial_task0,90,12,False
1330,libero_spatial_task0,91,11,False
1330,libero_spatial_task0,92,10,False
1330,libero_spatial_task0,93,9,False
1330,libero_spatial_task0,94,8,False
1330,libero_spatial_task0,95,7,False
1330,libero_spatial_task0,96,6,False
1330,libero_spatial_task0,97,5,False
1330,libero_spatial_task0,98,4,False
1330,libero_spatial_task0,99,3,False
1330,libero_spatial_task0,100,2,False
1330,libero_spatial_task0,101,1,False
1330,libero_spatial_task0,102,55,False
1330,libero_spatial_task0,103,54,False
1330,libero_spatial_task0,104,53,False
1330,libero_spatial_task0,105,52,False
1330,libero_spatial_task0,106,51,False
1330,libero_spatial_task0,107,50,False
1330,libero_spatial_task0,108,49,False
1330,libero_spatial_task0,109,48,False
1330,libero_spatial_task0,110,47,False
1330,libero_spatial_task0,111,46,False
1330,libero_spatial_task0,112,45,False
1330,libero_spatial_task0,113,44,False
1330,libero_spatial_task0,114,43,False
1330,libero_spatial_task0,115,42,False
1330,libero_spatial_task0,116,41,False
1330,libero_spatial_task0,117,40,False
1330,libero_spatial_task0,118,39,False
1330,libero_spatial_task0,119,38,False
1330,libero_spatial_task0,120,37,False
1330,libero_spatial_task0,121,36,False
1330,libero_spatial_task0,122,35,False
1330,libero_spatial_task0,123,34,False
1330,libero_spatial_task0,124,33,False
1330,libero_spatial_task0,125,32,False
1330,libero_spatial_task0,126,31,False
1330,libero_spatial_task0,127,30,False
1330,libero_spatial_task0,128,29,False
1330,libero_spatial_task0,129,28,False
1330,libero_spatial_task0,130,27,False
1330,libero_spatial_task0,131,26,False
1330,libero_spatial_task0,132,25,False
1330,libero_spatial_task0,133,24,False
1330,libero_spatial_task0,134,23,False
1330,libero_spatial_task0,135,22,False
1330,libero_spatial_task0,136,21,False
1330,libero_spatial_task0,137,20,False
1330,libero_spatial_task0,138,19,False
1330,libero_spatial_task0,139,18,False
1330,libero_spatial_task0,140,17,False
1330,libero_spatial_task0,141,16,False
1330,libero_spatial_task0,142,15,False
1330,libero_spatial_task0,143,14,False
1330,libero_spatial_task0,144,13,False
1330,libero_spatial_task0,145,12,False
1330,libero_spatial_task0,146,11,False
1330,libero_spatial_task0,147,10,False
1330,libero_spatial_task0,148,9,False
1330,libero_spatial_task0,149,8,False
1330,libero_spatial_task0,150,7,False
1330,libero_spatial_task0,151,6,False
1330,libero_spatial_task0,152,5,False
1330,libero_spatial_task0,153,4,False
1330,libero_spatial_task0,154,3,False
1330,libero_spatial_task0,155,2,False
1330,libero_spatial_task0,156,1,False
1330,libero_spatial_task0,157,,True
1330,libero_spatial_task0,158,,True
1330,libero_spatial_task0,159,,True
1330,libero_spatial_task0,160,,True
1330,libero_spatial_task0,161,,True
1330,libero_spatial_task0,162,,True
1330,libero_spatial_task0,163,,True
1330,libero_spatial_task0,164,,True
1330,libero_spatial_task0,165,,True
1330,libero_spatial_task0,166,,True
1330,libero_spatial_task0,167,,True
1344,libero_spatial_task0,0,43,False
1344,libero_spatial_task0,1,42,False
1344,libero_spatial_task0,2,41,False
1344,libero_spatial_task0,3,40,False
1344,libero_spatial_task0,4,39,False
1344,libero_spatial_task0,5,38,False
1344,libero_spatial_task0,6,37,False
1344,libero_spatial_task0,7,36,False
1344,libero_spatial_task0,8,35,False
1344,libero_spatial_task0,9,34,False
1344,libero_spatial_task0,10,33,False
1344,libero_spatial_task0,11,32,False
1344,libero_spatial_task0,12,31,False
1344,libero_spatial_task0,13,30,False
1344,libero_spatial_task0,14,29,False
1344,libero_spatial_task0,15,28,False
1344,libero_spatial_task0,16,27,False
1344,libero_spatial_task0,17,26,False
1344,libero_spatial_task0,18,25,False
1344,libero_spatial_task0,19,24,False
1344,libero_spatial_task0,20,23,False
1344,libero_spatial_task0,21,22,False
1344,libero_spatial_task0,22,21,False
1344,libero_spatial_task0,23,20,False
1344,libero_spatial_task0,24,19,False
1344,libero_spatial_task0,25,18,False
1344,libero_spatial_task0,26,17,False
1344,libero_spatial_task0,27,16,False
1344,libero_spatial_task0,28,15,False
1344,libero_spatial_task0,29,14,False
1344,libero_spatial_task0,30,13,False
1344,libero_spatial_task0,31,12,False
1344,libero_spatial_task0,32,11,False
1344,libero_spatial_task0,33,10,False
1344,libero_spatial_task0,34,9,False
1344,libero_spatial_task0,35,8,False
1344,libero_spatial_task0,36,7,False
1344,libero_spatial_task0,37,6,False
1344,libero_spatial_task0,38,5,False
1344,libero_spatial_task0,39,4,False
1344,libero_spatial_task0,40,3,False
1344,libero_spatial_task0,41,2,False
1344,libero_spatial_task0,42,1,False
1344,libero_spatial_task0,43,4,False
1344,libero_spatial_task0,44,3,False
1344,libero_spatial_task0,45,2,False
1344,libero_spatial_task0,46,1,False
1344,libero_spatial_task0,47,21,False
1344,libero_spatial_task0,48,20,False
1344,libero_spatial_task0,49,19,False
1344,libero_spatial_task0,50,18,False
1344,libero_spatial_task0,51,17,False
1344,libero_spatial_task0,52,16,False
1344,libero_spatial_task0,53,15,False
1344,libero_spatial_task0,54,14,False
1344,libero_spatial_task0,55,13,False
1344,libero_spatial_task0,56,12,False
1344,libero_spatial_task0,57,11,False
1344,libero_spatial_task0,58,10,False
1344,libero_spatial_task0,59,9,False
1344,libero_spatial_task0,60,8,False
1344,libero_spatial_task0,61,7,False
1344,libero_spatial_task0,62,6,False
1344,libero_spatial_task0,63,5,False
1344,libero_spatial_task0,64,4,False
1344,libero_spatial_task0,65,3,False
1344,libero_spatial_task0,66,2,False
1344,libero_spatial_task0,67,1,False
1344,libero_spatial_task0,68,40,False
1344,libero_spatial_task0,69,39,False
1344,libero_spatial_task0,70,38,False
1344,libero_spatial_task0,71,37,False
1344,libero_spatial_task0,72,36,False
1344,libero_spatial_task0,73,35,False
1344,libero_spatial_task0,74,34,False
1344,libero_spatial_task0,75,33,False
1344,libero_spatial_task0,76,32,False
1344,libero_spatial_task0,77,31,False
1344,libero_spatial_task0,78,30,False
1344,libero_spatial_task0,79,29,False
1344,libero_spatial_task0,80,28,False
1344,libero_spatial_task0,81,27,False
1344,libero_spatial_task0,82,26,False
1344,libero_spatial_task0,83,25,False
1344,libero_spatial_task0,84,24,False
1344,libero_spatial_task0,85,23,False
1344,libero_spatial_task0,86,22,False
1344,libero_spatial_task0,87,21,False
1344,libero_spatial_task0,88,20,False
1344,libero_spatial_task0,89,19,False
1344,libero_spatial_task0,90,18,False
1344,libero_spatial_task0,91,17,False
1344,libero_spatial_task0,92,16,False
1344,libero_spatial_task0,93,15,False
1344,libero_spatial_task0,94,14,False
1344,libero_spatial_task0,95,13,False
1344,libero_spatial_task0,96,12,False
1344,libero_spatial_task0,97,11,False
1344,libero_spatial_task0,98,10,False
1344,libero_spatial_task0,99,9,False
1344,libero_spatial_task0,100,8,False
1344,libero_spatial_task0,101,7,False
1344,libero_spatial_task0,102,6,False
1344,libero_spatial_task0,103,5,False
1344,libero_spatial_task0,104,4,False
1344,libero_spatial_task0,105,3,False
1344,libero_spatial_task0,106,2,False
1344,libero_spatial_task0,107,1,False
1344,libero_spatial_task0,108,2,False
1344,libero_spatial_task0,109,1,False
1344,libero_spatial_task0,110,,True
1344,libero_spatial_task0,111,,True
1347,libero_spatial_task0,0,33,False
1347,libero_spatial_task0,1,32,False
1347,libero_spatial_task0,2,31,False
1347,libero_spatial_task0,3,30,False
1347,libero_spatial_task0,4,29,False
1347,libero_spatial_task0,5,28,False
1347,libero_spatial_task0,6,27,False
1347,libero_spatial_task0,7,26,False
1347,libero_spatial_task0,8,25,False
1347,libero_spatial_task0,9,24,False
1347,libero_spatial_task0,10,23,False
1347,libero_spatial_task0,11,22,False
1347,libero_spatial_task0,12,21,False
1347,libero_spatial_task0,13,20,False
1347,libero_spatial_task0,14,19,False
1347,libero_spatial_task0,15,18,False
1347,libero_spatial_task0,16,17,False
1347,libero_spatial_task0,17,16,False
1347,libero_spatial_task0,18,15,False
1347,libero_spatial_task0,19,14,False
1347,libero_spatial_task0,20,13,False
1347,libero_spatial_task0,21,12,False
1347,libero_spatial_task0,22,11,False
1347,libero_spatial_task0,23,10,False
1347,libero_spatial_task0,24,9,False
1347,libero_spatial_task0,25,8,False
1347,libero_spatial_task0,26,7,False
1347,libero_spatial_task0,27,6,False
1347,libero_spatial_task0,28,5,False
1347,libero_spatial_task0,29,4,False
1347,libero_spatial_task0,30,3,False
1347,libero_spatial_task0,31,2,False
1347,libero_spatial_task0,32,1,False
1347,libero_spatial_task0,33,45,False
1347,libero_spatial_task0,34,44,False
1347,libero_spatial_task0,35,43,False
1347,libero_spatial_task0,36,42,False
1347,libero_spatial_task0,37,41,False
1347,libero_spatial_task0,38,40,False
1347,libero_spatial_task0,39,39,False
1347,libero_spatial_task0,40,38,False
1347,libero_spatial_task0,41,37,False
1347,libero_spatial_task0,42,36,False
1347,libero_spatial_task0,43,35,False
1347,libero_spatial_task0,44,34,False
1347,libero_spatial_task0,45,33,False
1347,libero_spatial_task0,46,32,False
1347,libero_spatial_task0,47,31,False
1347,libero_spatial_task0,48,30,False
1347,libero_spatial_task0,49,29,False
1347,libero_spatial_task0,50,28,False
1347,libero_spatial_task0,51,27,False
1347,libero_spatial_task0,52,26,False
1347,libero_spatial_task0,53,25,False
1347,libero_spatial_task0,54,24,False
1347,libero_spatial_task0,55,23,False
1347,libero_spatial_task0,56,22,False
1347,libero_spatial_task0,57,21,False
1347,libero_spatial_task0,58,20,False
1347,libero_spatial_task0,59,19,False
1347,libero_spatial_task0,60,18,False
1347,libero_spatial_task0,61,17,False
1347,libero_spatial_task0,62,16,False
1347,libero_spatial_task0,63,15,False
1347,libero_spatial_task0,64,14,False
1347,libero_spatial_task0,65,13,False
1347,libero_spatial_task0,66,12,False
1347,libero_spatial_task0,67,11,False
1347,libero_spatial_task0,68,10,False
1347,libero_spatial_task0,69,9,False
1347,libero_spatial_task0,70,8,False
1347,libero_spatial_task0,71,7,False
1347,libero_spatial_task0,72,6,False
1347,libero_spatial_task0,73,5,False
1347,libero_spatial_task0,74,4,False
1347,libero_spatial_task0,75,3,False
1347,libero_spatial_task0,76,2,False
1347,libero_spatial_task0,77,1,False
1347,libero_spatial_task0,78,,True
1347,libero_spatial_task0,79,,True
1347,libero_spatial_task0,80,,True
1347,libero_spatial_task0,81,,True
1347,libero_spatial_task0,82,,True
1347,libero_spatial_task0,83,,True
1347,libero_spatial_task0,84,,True
1347,libero_spatial_task0,85,,True
1347,libero_spatial_task0,86,,True
1347,libero_spatial_task0,87,,True
1347,libero_spatial_task0,88,,True
1347,libero_spatial_task0,89,,True
1347,libero_spatial_task0,90,,True
1347,libero_spatial_task0,91,,True
1352,libero_spatial_task0,0,42,False
1352,libero_spatial_task0,1,41,False
1352,libero_spatial_task0,2,40,False
1352,libero_spatial_task0,3,39,False
1352,libero_spatial_task0,4,38,False
1352,libero_spatial_task0,5,37,False
1352,libero_spatial_task0,6,36,False
1352,libero_spatial_task0,7,35,False
1352,libero_spatial_task0,8,34,False
1352,libero_spatial_task0,9,33,False
1352,libero_spatial_task0,10,32,False
1352,libero_spatial_task0,11,31,False
1352,libero_spatial_task0,12,30,False
1352,libero_spatial_task0,13,29,False
1352,libero_spatial_task0,14,28,False
1352,libero_spatial_task0,15,27,False
1352,libero_spatial_task0,16,26,False
1352,libero_spatial_task0,17,25,False
1352,libero_spatial_task0,18,24,False
1352,libero_spatial_task0,19,23,False
1352,libero_spatial_task0,20,22,False
1352,libero_spatial_task0,21,21,False
1352,libero_spatial_task0,22,20,False
1352,libero_spatial_task0,23,19,False
1352,libero_spatial_task0,24,18,False
1352,libero_spatial_task0,25,17,False
1352,libero_spatial_task0,26,16,False
1352,libero_spatial_task0,27,15,False
1352,libero_spatial_task0,28,14,False
1352,libero_spatial_task0,29,13,False
1352,libero_spatial_task0,30,12,False
1352,libero_spatial_task0,31,11,False
1352,libero_spatial_task0,32,10,False
1352,libero_spatial_task0,33,9,False
1352,libero_spatial_task0,34,8,False
1352,libero_spatial_task0,35,7,False
1352,libero_spatial_task0,36,6,False
1352,libero_spatial_task0,37,5,False
1352,libero_spatial_task0,38,4,False
1352,libero_spatial_task0,39,3,False
1352,libero_spatial_task0,40,2,False
1352,libero_spatial_task0,41,1,False
1352,libero_spatial_task0,42,40,False
1352,libero_spatial_task0,43,39,False
1352,libero_spatial_task0,44,38,False
1352,libero_spatial_task0,45,37,False
1352,libero_spatial_task0,46,36,False
1352,libero_spatial_task0,47,35,False
1352,libero_spatial_task0,48,34,False
1352,libero_spatial_task0,49,33,False
1352,libero_spatial_task0,50,32,False
1352,libero_spatial_task0,51,31,False
1352,libero_spatial_task0,52,30,False
1352,libero_spatial_task0,53,29,False
1352,libero_spatial_task0,54,28,False
1352,libero_spatial_task0,55,27,False
1352,libero_spatial_task0,56,26,False
1352,libero_spatial_task0,57,25,False
1352,libero_spatial_task0,58,24,False
1352,libero_spatial_task0,59,23,False
1352,libero_spatial_task0,60,22,False
1352,libero_spatial_task0,61,21,False
1352,libero_spatial_task0,62,20,False
1352,libero_spatial_task0,63,19,False
1352,libero_spatial_task0,64,18,False
1352,libero_spatial_task0,65,17,False
1352,libero_spatial_task0,66,16,False
1352,libero_spatial_task0,67,15,False
1352,libero_spatial_task0,68,14,False
1352,libero_spatial_task0,69,13,False
1352,libero_spatial_task0,70,12,False
1352,libero_spatial_task0,71,11,False
1352,libero_spatial_task0,72,10,False
1352,libero_spatial_task0,73,9,False
1352,libero_spatial_task0,74,8,False
1352,libero_spatial_task0,75,7,False
1352,libero_spatial_task0,76,6,False
1352,libero_spatial_task0,77,5,False
1352,libero_spatial_task0,78,4,False
1352,libero_spatial_task0,79,3,False
1352,libero_spatial_task0,80,2,False
1352,libero_spatial_task0,81,1,False
1352,libero_spatial_task0,82,,True
1352,libero_spatial_task0,83,,True
1352,libero_spatial_task0,84,,True
1352,libero_spatial_task0,85,,True
1352,libero_spatial_task0,86,,True
1352,libero_spatial_task0,87,,True
1352,libero_spatial_task0,88,,True
1352,libero_spatial_task0,89,,True
1352,libero_spatial_task0,90,,True
1352,libero_spatial_task0,91,,True
1352,libero_spatial_task0,92,,True
1352,libero_spatial_task0,93,,True
1352,libero_spatial_task0,94,,True
1352,libero_spatial_task0,95,,True
1368,libero_spatial_task0,0,37,False
1368,libero_spatial_task0,1,36,False
1368,libero_spatial_task0,2,35,False
1368,libero_spatial_task0,3,34,False
1368,libero_spatial_task0,4,33,False
1368,libero_spatial_task0,5,32,False
1368,libero_spatial_task0,6,31,False
1368,libero_spatial_task0,7,30,False
1368,libero_spatial_task0,8,29,False
1368,libero_spatial_task0,9,28,False
1368,libero_spatial_task0,10,27,False
1368,libero_spatial_task0,11,26,False
1368,libero_spatial_task0,12,25,False
1368,libero_spatial_task0,13,24,False
1368,libero_spatial_task0,14,23,False
1368,libero_spatial_task0,15,22,False
1368,libero_spatial_task0,16,21,False
1368,libero_spatial_task0,17,20,False
1368,libero_spatial_task0,18,19,False
1368,libero_spatial_task0,19,18,False
1368,libero_spatial_task0,20,17,False
1368,libero_spatial_task0,21,16,False
1368,libero_spatial_task0,22,15,False
1368,libero_spatial_task0,23,14,False
1368,libero_spatial_task0,24,13,False
1368,libero_spatial_task0,25,12,False
1368,libero_spatial_task0,26,11,False
1368,libero_spatial_task0,27,10,False
1368,libero_spatial_task0,28,9,False
1368,libero_spatial_task0,29,8,False
1368,libero_spatial_task0,30,7,False
1368,libero_spatial_task0,31,6,False
1368,libero_spatial_task0,32,5,False
1368,libero_spatial_task0,33,4,False
1368,libero_spatial_task0,34,3,False
1368,libero_spatial_task0,35,2,False
1368,libero_spatial_task0,36,1,False
1368,libero_spatial_task0,37,40,False
1368,libero_spatial_task0,38,39,False
1368,libero_spatial_task0,39,38,False
1368,libero_spatial_task0,40,37,False
1368,libero_spatial_task0,41,36,False
1368,libero_spatial_task0,42,35,False
1368,libero_spatial_task0,43,34,False
1368,libero_spatial_task0,44,33,False
1368,libero_spatial_task0,45,32,False
1368,libero_spatial_task0,46,31,False
1368,libero_spatial_task0,47,30,False
1368,libero_spatial_task0,48,29,False
1368,libero_spatial_task0,49,28,False
1368,libero_spatial_task0,50,27,False
1368,libero_spatial_task0,51,26,False
1368,libero_spatial_task0,52,25,False
1368,libero_spatial_task0,53,24,False
1368,libero_spatial_task0,54,23,False
1368,libero_spatial_task0,55,22,False
1368,libero_spatial_task0,56,21,False
1368,libero_spatial_task0,57,20,False
1368,libero_spatial_task0,58,19,False
1368,libero_spatial_task0,59,18,False
1368,libero_spatial_task0,60,17,False
1368,libero_spatial_task0,61,16,False
1368,libero_spatial_task0,62,15,False
1368,libero_spatial_task0,63,14,False
1368,libero_spatial_task0,64,13,False
1368,libero_spatial_task0,65,12,False
1368,libero_spatial_task0,66,11,False
1368,libero_spatial_task0,67,10,False
1368,libero_spatial_task0,68,9,False
1368,libero_spatial_task0,69,8,False
1368,libero_spatial_task0,70,7,False
1368,libero_spatial_task0,71,6,False
1368,libero_spatial_task0,72,5,False
1368,libero_spatial_task0,73,4,False
1368,libero_spatial_task0,74,3,False
1368,libero_spatial_task0,75,2,False
1368,libero_spatial_task0,76,1,False
1368,libero_spatial_task0,77,,True
1368,libero_spatial_task0,78,,True
1368,libero_spatial_task0,79,,True
1368,libero_spatial_task0,80,,True
1368,libero_spatial_task0,81,,True
1368,libero_spatial_task0,82,,True
1368,libero_spatial_task0,83,,True
1368,libero_spatial_task0,84,,True
1368,libero_spatial_task0,85,,True
1368,libero_spatial_task0,86,,True
1368,libero_spatial_task0,87,,True
1379,libero_spatial_task0,0,29,False
1379,libero_spatial_task0,1,28,False
1379,libero_spatial_task0,2,27,False
1379,libero_spatial_task0,3,26,False
1379,libero_spatial_task0,4,25,False
1379,libero_spatial_task0,5,24,False
1379,libero_spatial_task0,6,23,False
1379,libero_spatial_task0,7,22,False
1379,libero_spatial_task0,8,21,False
1379,libero_spatial_task0,9,20,False
1379,libero_spatial_task0,10,19,False
1379,libero_spatial_task0,11,18,False
1379,libero_spatial_task0,12,17,False
1379,libero_spatial_task0,13,16,False
1379,libero_spatial_task0,14,15,False
1379,libero_spatial_task0,15,14,False
1379,libero_spatial_task0,16,13,False
1379,libero_spatial_task0,17,12,False
1379,libero_spatial_task0,18,11,False
1379,libero_spatial_task0,19,10,False
1379,libero_spatial_task0,20,9,False
1379,libero_spatial_task0,21,8,False
1379,libero_spatial_task0,22,7,False
1379,libero_spatial_task0,23,6,False
1379,libero_spatial_task0,24,5,False
1379,libero_spatial_task0,25,4,False
1379,libero_spatial_task0,26,3,False
1379,libero_spatial_task0,27,2,False
1379,libero_spatial_task0,28,1,False
1379,libero_spatial_task0,29,37,False
1379,libero_spatial_task0,30,36,False
1379,libero_spatial_task0,31,35,False
1379,libero_spatial_task0,32,34,False
1379,libero_spatial_task0,33,33,False
1379,libero_spatial_task0,34,32,False
1379,libero_spatial_task0,35,31,False
1379,libero_spatial_task0,36,30,False
1379,libero_spatial_task0,37,29,False
1379,libero_spatial_task0,38,28,False
1379,libero_spatial_task0,39,27,False
1379,libero_spatial_task0,40,26,False
1379,libero_spatial_task0,41,25,False
1379,libero_spatial_task0,42,24,False
1379,libero_spatial_task0,43,23,False
1379,libero_spatial_task0,44,22,False
1379,libero_spatial_task0,45,21,False
1379,libero_spatial_task0,46,20,False
1379,libero_spatial_task0,47,19,False
1379,libero_spatial_task0,48,18,False
1379,libero_spatial_task0,49,17,False
1379,libero_spatial_task0,50,16,False
1379,libero_spatial_task0,51,15,False
1379,libero_spatial_task0,52,14,False
1379,libero_spatial_task0,53,13,False
1379,libero_spatial_task0,54,12,False
1379,libero_spatial_task0,55,11,False
1379,libero_spatial_task0,56,10,False
1379,libero_spatial_task0,57,9,False
1379,libero_spatial_task0,58,8,False
1379,libero_spatial_task0,59,7,False
1379,libero_spatial_task0,60,6,False
1379,libero_spatial_task0,61,5,False
1379,libero_spatial_task0,62,4,False
1379,libero_spatial_task0,63,3,False
1379,libero_spatial_task0,64,2,False
1379,libero_spatial_task0,65,1,False
1379,libero_spatial_task0,66,,True
1379,libero_spatial_task0,67,,True
1379,libero_spatial_task0,68,,True
1379,libero_spatial_task0,69,,True
1379,libero_spatial_task0,70,,True
1379,libero_spatial_task0,71,,True
1379,libero_spatial_task0,72,,True
1379,libero_spatial_task0,73,,True
1379,libero_spatial_task0,74,,True
1382,libero_spatial_task0,0,38,False
1382,libero_spatial_task0,1,37,False
1382,libero_spatial_task0,2,36,False
1382,libero_spatial_task0,3,35,False
1382,libero_spatial_task0,4,34,False
1382,libero_spatial_task0,5,33,False
1382,libero_spatial_task0,6,32,False
1382,libero_spatial_task0,7,31,False
1382,libero_spatial_task0,8,30,False
1382,libero_spatial_task0,9,29,False
1382,libero_spatial_task0,10,28,False
1382,libero_spatial_task0,11,27,False
1382,libero_spatial_task0,12,26,False
1382,libero_spatial_task0,13,25,False
1382,libero_spatial_task0,14,24,False
1382,libero_spatial_task0,15,23,False
1382,libero_spatial_task0,16,22,False
1382,libero_spatial_task0,17,21,False
1382,libero_spatial_task0,18,20,False
1382,libero_spatial_task0,19,19,False
1382,libero_spatial_task0,20,18,False
1382,libero_spatial_task0,21,17,False
1382,libero_spatial_task0,22,16,False
1382,libero_spatial_task0,23,15,False
1382,libero_spatial_task0,24,14,False
1382,libero_spatial_task0,25,13,False
1382,libero_spatial_task0,26,12,False
1382,libero_spatial_task0,27,11,False
1382,libero_spatial_task0,28,10,False
1382,libero_spatial_task0,29,9,False
1382,libero_spatial_task0,30,8,False
1382,libero_spatial_task0,31,7,False
1382,libero_spatial_task0,32,6,False
1382,libero_spatial_task0,33,5,False
1382,libero_spatial_task0,34,4,False
1382,libero_spatial_task0,35,3,False
1382,libero_spatial_task0,36,2,False
1382,libero_spatial_task0,37,1,False
1382,libero_spatial_task0,38,68,False
1382,libero_spatial_task0,39,67,False
1382,libero_spatial_task0,40,66,False
1382,libero_spatial_task0,41,65,False
1382,libero_spatial_task0,42,64,False
1382,libero_spatial_task0,43,63,False
1382,libero_spatial_task0,44,62,False
1382,libero_spatial_task0,45,61,False
1382,libero_spatial_task0,46,60,False
1382,libero_spatial_task0,47,59,False
1382,libero_spatial_task0,48,58,False
1382,libero_spatial_task0,49,57,False
1382,libero_spatial_task0,50,56,False
1382,libero_spatial_task0,51,55,False
1382,libero_spatial_task0,52,54,False
1382,libero_spatial_task0,53,53,False
1382,libero_spatial_task0,54,52,False
1382,libero_spatial_task0,55,51,False
1382,libero_spatial_task0,56,50,False
1382,libero_spatial_task0,57,49,False
1382,libero_spatial_task0,58,48,False
1382,libero_spatial_task0,59,47,False
1382,libero_spatial_task0,60,46,False
1382,libero_spatial_task0,61,45,False
1382,libero_spatial_task0,62,44,False
1382,libero_spatial_task0,63,43,False
1382,libero_spatial_task0,64,42,False
1382,libero_spatial_task0,65,41,False
1382,libero_spatial_task0,66,40,False
1382,libero_spatial_task0,67,39,False
1382,libero_spatial_task0,68,38,False
1382,libero_spatial_task0,69,37,False
1382,libero_spatial_task0,70,36,False
1382,libero_spatial_task0,71,35,False
1382,libero_spatial_task0,72,34,False
1382,libero_spatial_task0,73,33,False
1382,libero_spatial_task0,74,32,False
1382,libero_spatial_task0,75,31,False
1382,libero_spatial_task0,76,30,False
1382,libero_spatial_task0,77,29,False
1382,libero_spatial_task0,78,28,False
1382,libero_spatial_task0,79,27,False
1382,libero_spatial_task0,80,26,False
1382,libero_spatial_task0,81,25,False
1382,libero_spatial_task0,82,24,False
1382,libero_spatial_task0,83,23,False
1382,libero_spatial_task0,84,22,False
1382,libero_spatial_task0,85,21,False
1382,libero_spatial_task0,86,20,False
1382,libero_spatial_task0,87,19,False
1382,libero_spatial_task0,88,18,False
1382,libero_spatial_task0,89,17,False
1382,libero_spatial_task0,90,16,False
1382,libero_spatial_task0,91,15,False
1382,libero_spatial_task0,92,14,False
1382,libero_spatial_task0,93,13,False
1382,libero_spatial_task0,94,12,False
1382,libero_spatial_task0,95,11,False
1382,libero_spatial_task0,96,10,False
1382,libero_spatial_task0,97,9,False
1382,libero_spatial_task0,98,8,False
1382,libero_spatial_task0,99,7,False
1382,libero_spatial_task0,100,6,False
1382,libero_spatial_task0,101,5,False
1382,libero_spatial_task0,102,4,False
1382,libero_spatial_task0,103,3,False
1382,libero_spatial_task0,104,2,False
1382,libero_spatial_task0,105,1,False
1382,libero_spatial_task0,106,,True
1382,libero_spatial_task0,107,,True
1382,libero_spatial_task0,108,,True
1382,libero_spatial_task0,109,,True
1382,libero_spatial_task0,110,,True
1382,libero_spatial_task0,111,,True
1382,libero_spatial_task0,112,,True
1382,libero_spatial_task0,113,,True
1382,libero_spatial_task0,114,,True
1382,libero_spatial_task0,115,,True
1382,libero_spatial_task0,116,,True
1382,libero_spatial_task0,117,,True
1382,libero_spatial_task0,118,,True
1382,libero_spatial_task0,119,,True
1382,libero_spatial_task0,120,,True
1395,libero_spatial_task0,0,38,False
1395,libero_spatial_task0,1,37,False
1395,libero_spatial_task0,2,36,False
1395,libero_spatial_task0,3,35,False
1395,libero_spatial_task0,4,34,False
1395,libero_spatial_task0,5,33,False
1395,libero_spatial_task0,6,32,False
1395,libero_spatial_task0,7,31,False
1395,libero_spatial_task0,8,30,False
1395,libero_spatial_task0,9,29,False
1395,libero_spatial_task0,10,28,False
1395,libero_spatial_task0,11,27,False
1395,libero_spatial_task0,12,26,False
1395,libero_spatial_task0,13,25,False
1395,libero_spatial_task0,14,24,False
1395,libero_spatial_task0,15,23,False
1395,libero_spatial_task0,16,22,False
1395,libero_spatial_task0,17,21,False
1395,libero_spatial_task0,18,20,False
1395,libero_spatial_task0,19,19,False
1395,libero_spatial_task0,20,18,False
1395,libero_spatial_task0,21,17,False
1395,libero_spatial_task0,22,16,False
1395,libero_spatial_task0,23,15,False
1395,libero_spatial_task0,24,14,False
1395,libero_spatial_task0,25,13,False
1395,libero_spatial_task0,26,12,False
1395,libero_spatial_task0,27,11,False
1395,libero_spatial_task0,28,10,False
1395,libero_spatial_task0,29,9,False
1395,libero_spatial_task0,30,8,False
1395,libero_spatial_task0,31,7,False
1395,libero_spatial_task0,32,6,False
1395,libero_spatial_task0,33,5,False
1395,libero_spatial_task0,34,4,False
1395,libero_spatial_task0,35,3,False
1395,libero_spatial_task0,36,2,False
1395,libero_spatial_task0,37,1,False
1395,libero_spatial_task0,38,40,False
1395,libero_spatial_task0,39,39,False
1395,libero_spatial_task0,40,38,False
1395,libero_spatial_task0,41,37,False
1395,libero_spatial_task0,42,36,False
1395,libero_spatial_task0,43,35,False
1395,libero_spatial_task0,44,34,False
1395,libero_spatial_task0,45,33,False
1395,libero_spatial_task0,46,32,False
1395,libero_spatial_task0,47,31,False
1395,libero_spatial_task0,48,30,False
1395,libero_spatial_task0,49,29,False
1395,libero_spatial_task0,50,28,False
1395,libero_spatial_task0,51,27,False
1395,libero_spatial_task0,52,26,False
1395,libero_spatial_task0,53,25,False
1395,libero_spatial_task0,54,24,False
1395,libero_spatial_task0,55,23,False
1395,libero_spatial_task0,56,22,False
1395,libero_spatial_task0,57,21,False
1395,libero_spatial_task0,58,20,False
1395,libero_spatial_task0,59,19,False
1395,libero_spatial_task0,60,18,False
1395,libero_spatial_task0,61,17,False
1395,libero_spatial_task0,62,16,False
1395,libero_spatial_task0,63,15,False
1395,libero_spatial_task0,64,14,False
1395,libero_spatial_task0,65,13,False
1395,libero_spatial_task0,66,12,False
1395,libero_spatial_task0,67,11,False
1395,libero_spatial_task0,68,10,False
1395,libero_spatial_task0,69,9,False
1395,libero_spatial_task0,70,8,False
1395,libero_spatial_task0,71,7,False
1395,libero_spatial_task0,72,6,False
1395,libero_spatial_task0,73,5,False
1395,libero_spatial_task0,74,4,False
1395,libero_spatial_task0,75,3,False
1395,libero_spatial_task0,76,2,False
1395,libero_spatial_task0,77,1,False
1395,libero_spatial_task0,78,,True
1395,libero_spatial_task0,79,,True
1395,libero_spatial_task0,80,,True
1395,libero_spatial_task0,81,,True
1395,libero_spatial_task0,82,,True
1395,libero_spatial_task0,83,,True
1395,libero_spatial_task0,84,,True
1395,libero_spatial_task0,85,,True
1395,libero_spatial_task0,86,,True
1397,libero_spatial_task0,0,43,False
1397,libero_spatial_task0,1,42,False
1397,libero_spatial_task0,2,41,False
1397,libero_spatial_task0,3,40,False
1397,libero_spatial_task0,4,39,False
1397,libero_spatial_task0,5,38,False
1397,libero_spatial_task0,6,37,False
1397,libero_spatial_task0,7,36,False
1397,libero_spatial_task0,8,35,False
1397,libero_spatial_task0,9,34,False
1397,libero_spatial_task0,10,33,False
1397,libero_spatial_task0,11,32,False
1397,libero_spatial_task0,12,31,False
1397,libero_spatial_task0,13,30,False
1397,libero_spatial_task0,14,29,False
1397,libero_spatial_task0,15,28,False
1397,libero_spatial_task0,16,27,False
1397,libero_spatial_task0,17,26,False
1397,libero_spatial_task0,18,25,False
1397,libero_spatial_task0,19,24,False
1397,libero_spatial_task0,20,23,False
1397,libero_spatial_task0,21,22,False
1397,libero_spatial_task0,22,21,False
1397,libero_spatial_task0,23,20,False
1397,libero_spatial_task0,24,19,False
1397,libero_spatial_task0,25,18,False
1397,libero_spatial_task0,26,17,False
1397,libero_spatial_task0,27,16,False
1397,libero_spatial_task0,28,15,False
1397,libero_spatial_task0,29,14,False
1397,libero_spatial_task0,30,13,False
1397,libero_spatial_task0,31,12,False
1397,libero_spatial_task0,32,11,False
1397,libero_spatial_task0,33,10,False
1397,libero_spatial_task0,34,9,False
1397,libero_spatial_task0,35,8,False
1397,libero_spatial_task0,36,7,False
1397,libero_spatial_task0,37,6,False
1397,libero_spatial_task0,38,5,False
1397,libero_spatial_task0,39,4,False
1397,libero_spatial_task0,40,3,False
1397,libero_spatial_task0,41,2,False
1397,libero_spatial_task0,42,1,False
1397,libero_spatial_task0,43,42,False
1397,libero_spatial_task0,44,41,False
1397,libero_spatial_task0,45,40,False
1397,libero_spatial_task0,46,39,False
1397,libero_spatial_task0,47,38,False
1397,libero_spatial_task0,48,37,False
1397,libero_spatial_task0,49,36,False
1397,libero_spatial_task0,50,35,False
1397,libero_spatial_task0,51,34,False
1397,libero_spatial_task0,52,33,False
1397,libero_spatial_task0,53,32,False
1397,libero_spatial_task0,54,31,False
1397,libero_spatial_task0,55,30,False
1397,libero_spatial_task0,56,29,False
1397,libero_spatial_task0,57,28,False
1397,libero_spatial_task0,58,27,False
1397,libero_spatial_task0,59,26,False
1397,libero_spatial_task0,60,25,False
1397,libero_spatial_task0,61,24,False
1397,libero_spatial_task0,62,23,False
1397,libero_spatial_task0,63,22,False
1397,libero_spatial_task0,64,21,False
1397,libero_spatial_task0,65,20,False
1397,libero_spatial_task0,66,19,False
1397,libero_spatial_task0,67,18,False
1397,libero_spatial_task0,68,17,False
1397,libero_spatial_task0,69,16,False
1397,libero_spatial_task0,70,15,False
1397,libero_spatial_task0,71,14,False
1397,libero_spatial_task0,72,13,False
1397,libero_spatial_task0,73,12,False
1397,libero_spatial_task0,74,11,False
1397,libero_spatial_task0,75,10,False
1397,libero_spatial_task0,76,9,False
1397,libero_spatial_task0,77,8,False
1397,libero_spatial_task0,78,7,False
1397,libero_spatial_task0,79,6,False
1397,libero_spatial_task0,80,5,False
1397,libero_spatial_task0,81,4,False
1397,libero_spatial_task0,82,3,False
1397,libero_spatial_task0,83,2,False
1397,libero_spatial_task0,84,1,False
1397,libero_spatial_task0,85,,True
1397,libero_spatial_task0,86,,True
1397,libero_spatial_task0,87,,True
1397,libero_spatial_task0,88,,True
1397,libero_spatial_task0,89,,True
1397,libero_spatial_task0,90,,True
1397,libero_spatial_task0,91,,True
1397,libero_spatial_task0,92,,True
1397,libero_spatial_task0,93,,True
1397,libero_spatial_task0,94,,True
1401,libero_spatial_task0,0,36,False
1401,libero_spatial_task0,1,35,False
1401,libero_spatial_task0,2,34,False
1401,libero_spatial_task0,3,33,False
1401,libero_spatial_task0,4,32,False
1401,libero_spatial_task0,5,31,False
1401,libero_spatial_task0,6,30,False
1401,libero_spatial_task0,7,29,False
1401,libero_spatial_task0,8,28,False
1401,libero_spatial_task0,9,27,False
1401,libero_spatial_task0,10,26,False
1401,libero_spatial_task0,11,25,False
1401,libero_spatial_task0,12,24,False
1401,libero_spatial_task0,13,23,False
1401,libero_spatial_task0,14,22,False
1401,libero_spatial_task0,15,21,False
1401,libero_spatial_task0,16,20,False
1401,libero_spatial_task0,17,19,False
1401,libero_spatial_task0,18,18,False
1401,libero_spatial_task0,19,17,False
1401,libero_spatial_task0,20,16,False
1401,libero_spatial_task0,21,15,False
1401,libero_spatial_task0,22,14,False
1401,libero_spatial_task0,23,13,False
1401,libero_spatial_task0,24,12,False
1401,libero_spatial_task0,25,11,False
1401,libero_spatial_task0,26,10,False
1401,libero_spatial_task0,27,9,False
1401,libero_spatial_task0,28,8,False
1401,libero_spatial_task0,29,7,False
1401,libero_spatial_task0,30,6,False
1401,libero_spatial_task0,31,5,False
1401,libero_spatial_task0,32,4,False
1401,libero_spatial_task0,33,3,False
1401,libero_spatial_task0,34,2,False
1401,libero_spatial_task0,35,1,False
1401,libero_spatial_task0,36,45,False
1401,libero_spatial_task0,37,44,False
1401,libero_spatial_task0,38,43,False
1401,libero_spatial_task0,39,42,False
1401,libero_spatial_task0,40,41,False
1401,libero_spatial_task0,41,40,False
1401,libero_spatial_task0,42,39,False
1401,libero_spatial_task0,43,38,False
1401,libero_spatial_task0,44,37,False
1401,libero_spatial_task0,45,36,False
1401,libero_spatial_task0,46,35,False
1401,libero_spatial_task0,47,34,False
1401,libero_spatial_task0,48,33,False
1401,libero_spatial_task0,49,32,False
1401,libero_spatial_task0,50,31,False
1401,libero_spatial_task0,51,30,False
1401,libero_spatial_task0,52,29,False
1401,libero_spatial_task0,53,28,False
1401,libero_spatial_task0,54,27,False
1401,libero_spatial_task0,55,26,False
1401,libero_spatial_task0,56,25,False
1401,libero_spatial_task0,57,24,False
1401,libero_spatial_task0,58,23,False
1401,libero_spatial_task0,59,22,False
1401,libero_spatial_task0,60,21,False
1401,libero_spatial_task0,61,20,False
1401,libero_spatial_task0,62,19,False
1401,libero_spatial_task0,63,18,False
1401,libero_spatial_task0,64,17,False
1401,libero_spatial_task0,65,16,False
1401,libero_spatial_task0,66,15,False
1401,libero_spatial_task0,67,14,False
1401,libero_spatial_task0,68,13,False
1401,libero_spatial_task0,69,12,False
1401,libero_spatial_task0,70,11,False
1401,libero_spatial_task0,71,10,False
1401,libero_spatial_task0,72,9,False
1401,libero_spatial_task0,73,8,False
1401,libero_spatial_task0,74,7,False
1401,libero_spatial_task0,75,6,False
1401,libero_spatial_task0,76,5,False
1401,libero_spatial_task0,77,4,False
1401,libero_spatial_task0,78,3,False
1401,libero_spatial_task0,79,2,False
1401,libero_spatial_task0,80,1,False
1401,libero_spatial_task0,81,,True
1401,libero_spatial_task0,82,,True
1401,libero_spatial_task0,83,,True
1401,libero_spatial_task0,84,,True
1401,libero_spatial_task0,85,,True
1401,libero_spatial_task0,86,,True
1401,libero_spatial_task0,87,,True
1401,libero_spatial_task0,88,,True
1410,libero_spatial_task0,0,36,False
1410,libero_spatial_task0,1,35,False
1410,libero_spatial_task0,2,34,False
1410,libero_spatial_task0,3,33,False
1410,libero_spatial_task0,4,32,False
1410,libero_spatial_task0,5,31,False
1410,libero_spatial_task0,6,30,False
1410,libero_spatial_task0,7,29,False
1410,libero_spatial_task0,8,28,False
1410,libero_spatial_task0,9,27,False
1410,libero_spatial_task0,10,26,False
1410,libero_spatial_task0,11,25,False
1410,libero_spatial_task0,12,24,False
1410,libero_spatial_task0,13,23,False
1410,libero_spatial_task0,14,22,False
1410,libero_spatial_task0,15,21,False
1410,libero_spatial_task0,16,20,False
1410,libero_spatial_task0,17,19,False
1410,libero_spatial_task0,18,18,False
1410,libero_spatial_task0,19,17,False
1410,libero_spatial_task0,20,16,False
1410,libero_spatial_task0,21,15,False
1410,libero_spatial_task0,22,14,False
1410,libero_spatial_task0,23,13,False
1410,libero_spatial_task0,24,12,False
1410,libero_spatial_task0,25,11,False
1410,libero_spatial_task0,26,10,False
1410,libero_spatial_task0,27,9,False
1410,libero_spatial_task0,28,8,False
1410,libero_spatial_task0,29,7,False
1410,libero_spatial_task0,30,6,False
1410,libero_spatial_task0,31,5,False
1410,libero_spatial_task0,32,4,False
1410,libero_spatial_task0,33,3,False
1410,libero_spatial_task0,34,2,False
1410,libero_spatial_task0,35,1,False
1410,libero_spatial_task0,36,42,False
1410,libero_spatial_task0,37,41,False
1410,libero_spatial_task0,38,40,False
1410,libero_spatial_task0,39,39,False
1410,libero_spatial_task0,40,38,False
1410,libero_spatial_task0,41,37,False
1410,libero_spatial_task0,42,36,False
1410,libero_spatial_task0,43,35,False
1410,libero_spatial_task0,44,34,False
1410,libero_spatial_task0,45,33,False
1410,libero_spatial_task0,46,32,False
1410,libero_spatial_task0,47,31,False
1410,libero_spatial_task0,48,30,False
1410,libero_spatial_task0,49,29,False
1410,libero_spatial_task0,50,28,False
1410,libero_spatial_task0,51,27,False
1410,libero_spatial_task0,52,26,False
1410,libero_spatial_task0,53,25,False
1410,libero_spatial_task0,54,24,False
1410,libero_spatial_task0,55,23,False
1410,libero_spatial_task0,56,22,False
1410,libero_spatial_task0,57,21,False
1410,libero_spatial_task0,58,20,False
1410,libero_spatial_task0,59,19,False
1410,libero_spatial_task0,60,18,False
1410,libero_spatial_task0,61,17,False
1410,libero_spatial_task0,62,16,False
1410,libero_spatial_task0,63,15,False
1410,libero_spatial_task0,64,14,False
1410,libero_spatial_task0,65,13,False
1410,libero_spatial_task0,66,12,False
1410,libero_spatial_task0,67,11,False
1410,libero_spatial_task0,68,10,False
1410,libero_spatial_task0,69,9,False
1410,libero_spatial_task0,70,8,False
1410,libero_spatial_task0,71,7,False
1410,libero_spatial_task0,72,6,False
1410,libero_spatial_task0,73,5,False
1410,libero_spatial_task0,74,4,False
1410,libero_spatial_task0,75,3,False
1410,libero_spatial_task0,76,2,False
1410,libero_spatial_task0,77,1,False
1410,libero_spatial_task0,78,,True
1410,libero_spatial_task0,79,,True
1410,libero_spatial_task0,80,,True
1410,libero_spatial_task0,81,,True
1410,libero_spatial_task0,82,,True
1410,libero_spatial_task0,83,,True
1410,libero_spatial_task0,84,,True
1410,libero_spatial_task0,85,,True
1410,libero_spatial_task0,86,,True
1410,libero_spatial_task0,87,,True
1410,libero_spatial_task0,88,,True
1425,libero_spatial_task0,0,39,False
1425,libero_spatial_task0,1,38,False
1425,libero_spatial_task0,2,37,False
1425,libero_spatial_task0,3,36,False
1425,libero_spatial_task0,4,35,False
1425,libero_spatial_task0,5,34,False
1425,libero_spatial_task0,6,33,False
1425,libero_spatial_task0,7,32,False
1425,libero_spatial_task0,8,31,False
1425,libero_spatial_task0,9,30,False
1425,libero_spatial_task0,10,29,False
1425,libero_spatial_task0,11,28,False
1425,libero_spatial_task0,12,27,False
1425,libero_spatial_task0,13,26,False
1425,libero_spatial_task0,14,25,False
1425,libero_spatial_task0,15,24,False
1425,libero_spatial_task0,16,23,False
1425,libero_spatial_task0,17,22,False
1425,libero_spatial_task0,18,21,False
1425,libero_spatial_task0,19,20,False
1425,libero_spatial_task0,20,19,False
1425,libero_spatial_task0,21,18,False
1425,libero_spatial_task0,22,17,False
1425,libero_spatial_task0,23,16,False
1425,libero_spatial_task0,24,15,False
1425,libero_spatial_task0,25,14,False
1425,libero_spatial_task0,26,13,False
1425,libero_spatial_task0,27,12,False
1425,libero_spatial_task0,28,11,False
1425,libero_spatial_task0,29,10,False
1425,libero_spatial_task0,30,9,False
1425,libero_spatial_task0,31,8,False
1425,libero_spatial_task0,32,7,False
1425,libero_spatial_task0,33,6,False
1425,libero_spatial_task0,34,5,False
1425,libero_spatial_task0,35,4,False
1425,libero_spatial_task0,36,3,False
1425,libero_spatial_task0,37,2,False
1425,libero_spatial_task0,38,1,False
1425,libero_spatial_task0,39,38,False
1425,libero_spatial_task0,40,37,False
1425,libero_spatial_task0,41,36,False
1425,libero_spatial_task0,42,35,False
1425,libero_spatial_task0,43,34,False
1425,libero_spatial_task0,44,33,False
1425,libero_spatial_task0,45,32,False
1425,libero_spatial_task0,46,31,False
1425,libero_spatial_task0,47,30,False
1425,libero_spatial_task0,48,29,False
1425,libero_spatial_task0,49,28,False
1425,libero_spatial_task0,50,27,False
1425,libero_spatial_task0,51,26,False
1425,libero_spatial_task0,52,25,False
1425,libero_spatial_task0,53,24,False
1425,libero_spatial_task0,54,23,False
1425,libero_spatial_task0,55,22,False
1425,libero_spatial_task0,56,21,False
1425,libero_spatial_task0,57,20,False
1425,libero_spatial_task0,58,19,False
1425,libero_spatial_task0,59,18,False
1425,libero_spatial_task0,60,17,False
1425,libero_spatial_task0,61,16,False
1425,libero_spatial_task0,62,15,False
1425,libero_spatial_task0,63,14,False
1425,libero_spatial_task0,64,13,False
1425,libero_spatial_task0,65,12,False
1425,libero_spatial_task0,66,11,False
1425,libero_spatial_task0,67,10,False
1425,libero_spatial_task0,68,9,False
1425,libero_spatial_task0,69,8,False
1425,libero_spatial_task0,70,7,False
1425,libero_spatial_task0,71,6,False
1425,libero_spatial_task0,72,5,False
1425,libero_spatial_task0,73,4,False
1425,libero_spatial_task0,74,3,False
1425,libero_spatial_task0,75,2,False
1425,libero_spatial_task0,76,1,False
1425,libero_spatial_task0,77,,True
1425,libero_spatial_task0,78,,True
1425,libero_spatial_task0,79,,True
1425,libero_spatial_task0,80,,True
1425,libero_spatial_task0,81,,True
1425,libero_spatial_task0,82,,True
1425,libero_spatial_task0,83,,True
1425,libero_spatial_task0,84,,True
1425,libero_spatial_task0,85,,True
1449,libero_spatial_task0,0,40,False
1449,libero_spatial_task0,1,39,False
1449,libero_spatial_task0,2,38,False
1449,libero_spatial_task0,3,37,False
1449,libero_spatial_task0,4,36,False
1449,libero_spatial_task0,5,35,False
1449,libero_spatial_task0,6,34,False
1449,libero_spatial_task0,7,33,False
1449,libero_spatial_task0,8,32,False
1449,libero_spatial_task0,9,31,False
1449,libero_spatial_task0,10,30,False
1449,libero_spatial_task0,11,29,False
1449,libero_spatial_task0,12,28,False
1449,libero_spatial_task0,13,27,False
1449,libero_spatial_task0,14,26,False
1449,libero_spatial_task0,15,25,False
1449,libero_spatial_task0,16,24,False
1449,libero_spatial_task0,17,23,False
1449,libero_spatial_task0,18,22,False
1449,libero_spatial_task0,19,21,False
1449,libero_spatial_task0,20,20,False
1449,libero_spatial_task0,21,19,False
1449,libero_spatial_task0,22,18,False
1449,libero_spatial_task0,23,17,False
1449,libero_spatial_task0,24,16,False
1449,libero_spatial_task0,25,15,False
1449,libero_spatial_task0,26,14,False
1449,libero_spatial_task0,27,13,False
1449,libero_spatial_task0,28,12,False
1449,libero_spatial_task0,29,11,False
1449,libero_spatial_task0,30,10,False
1449,libero_spatial_task0,31,9,False
1449,libero_spatial_task0,32,8,False
1449,libero_spatial_task0,33,7,False
1449,libero_spatial_task0,34,6,False
1449,libero_spatial_task0,35,5,False
1449,libero_spatial_task0,36,4,False
1449,libero_spatial_task0,37,3,False
1449,libero_spatial_task0,38,2,False
1449,libero_spatial_task0,39,1,False
1449,libero_spatial_task0,40,44,False
1449,libero_spatial_task0,41,43,False
1449,libero_spatial_task0,42,42,False
1449,libero_spatial_task0,43,41,False
1449,libero_spatial_task0,44,40,False
1449,libero_spatial_task0,45,39,False
1449,libero_spatial_task0,46,38,False
1449,libero_spatial_task0,47,37,False
1449,libero_spatial_task0,48,36,False
1449,libero_spatial_task0,49,35,False
1449,libero_spatial_task0,50,34,False
1449,libero_spatial_task0,51,33,False
1449,libero_spatial_task0,52,32,False
1449,libero_spatial_task0,53,31,False
1449,libero_spatial_task0,54,30,False
1449,libero_spatial_task0,55,29,False
1449,libero_spatial_task0,56,28,False
1449,libero_spatial_task0,57,27,False
1449,libero_spatial_task0,58,26,False
1449,libero_spatial_task0,59,25,False
1449,libero_spatial_task0,60,24,False
1449,libero_spatial_task0,61,23,False
1449,libero_spatial_task0,62,22,False
1449,libero_spatial_task0,63,21,False
1449,libero_spatial_task0,64,20,False
1449,libero_spatial_task0,65,19,False
1449,libero_spatial_task0,66,18,False
1449,libero_spatial_task0,67,17,False
1449,libero_spatial_task0,68,16,False
1449,libero_spatial_task0,69,15,False
1449,libero_spatial_task0,70,14,False
1449,libero_spatial_task0,71,13,False
1449,libero_spatial_task0,72,12,False
1449,libero_spatial_task0,73,11,False
1449,libero_spatial_task0,74,10,False
1449,libero_spatial_task0,75,9,False
1449,libero_spatial_task0,76,8,False
1449,libero_spatial_task0,77,7,False
1449,libero_spatial_task0,78,6,False
1449,libero_spatial_task0,79,5,False
1449,libero_spatial_task0,80,4,False
1449,libero_spatial_task0,81,3,False
1449,libero_spatial_task0,82,2,False
1449,libero_spatial_task0,83,1,False
1449,libero_spatial_task0,84,,True
1449,libero_spatial_task0,85,,True
1449,libero_spatial_task0,86,,True
1449,libero_spatial_task0,87,,True
1449,libero_spatial_task0,88,,True
1449,libero_spatial_task0,89,,True
1449,libero_spatial_task0,90,,True
1449,libero_spatial_task0,91,,True
1449,libero_spatial_task0,92,,True
1450,libero_spatial_task0,0,32,False
1450,libero_spatial_task0,1,31,False
1450,libero_spatial_task0,2,30,False
1450,libero_spatial_task0,3,29,False
1450,libero_spatial_task0,4,28,False
1450,libero_spatial_task0,5,27,False
1450,libero_spatial_task0,6,26,False
1450,libero_spatial_task0,7,25,False
1450,libero_spatial_task0,8,24,False
1450,libero_spatial_task0,9,23,False
1450,libero_spatial_task0,10,22,False
1450,libero_spatial_task0,11,21,False
1450,libero_spatial_task0,12,20,False
1450,libero_spatial_task0,13,19,False
1450,libero_spatial_task0,14,18,False
1450,libero_spatial_task0,15,17,False
1450,libero_spatial_task0,16,16,False
1450,libero_spatial_task0,17,15,False
1450,libero_spatial_task0,18,14,False
1450,libero_spatial_task0,19,13,False
1450,libero_spatial_task0,20,12,False
1450,libero_spatial_task0,21,11,False
1450,libero_spatial_task0,22,10,False
1450,libero_spatial_task0,23,9,False
1450,libero_spatial_task0,24,8,False
1450,libero_spatial_task0,25,7,False
1450,libero_spatial_task0,26,6,False
1450,libero_spatial_task0,27,5,False
1450,libero_spatial_task0,28,4,False
1450,libero_spatial_task0,29,3,False
1450,libero_spatial_task0,30,2,False
1450,libero_spatial_task0,31,1,False
1450,libero_spatial_task0,32,46,False
1450,libero_spatial_task0,33,45,False
1450,libero_spatial_task0,34,44,False
1450,libero_spatial_task0,35,43,False
1450,libero_spatial_task0,36,42,False
1450,libero_spatial_task0,37,41,False
1450,libero_spatial_task0,38,40,False
1450,libero_spatial_task0,39,39,False
1450,libero_spatial_task0,40,38,False
1450,libero_spatial_task0,41,37,False
1450,libero_spatial_task0,42,36,False
1450,libero_spatial_task0,43,35,False
1450,libero_spatial_task0,44,34,False
1450,libero_spatial_task0,45,33,False
1450,libero_spatial_task0,46,32,False
1450,libero_spatial_task0,47,31,False
1450,libero_spatial_task0,48,30,False
1450,libero_spatial_task0,49,29,False
1450,libero_spatial_task0,50,28,False
1450,libero_spatial_task0,51,27,False
1450,libero_spatial_task0,52,26,False
1450,libero_spatial_task0,53,25,False
1450,libero_spatial_task0,54,24,False
1450,libero_spatial_task0,55,23,False
1450,libero_spatial_task0,56,22,False
1450,libero_spatial_task0,57,21,False
1450,libero_spatial_task0,58,20,False
1450,libero_spatial_task0,59,19,False
1450,libero_spatial_task0,60,18,False
1450,libero_spatial_task0,61,17,False
1450,libero_spatial_task0,62,16,False
1450,libero_spatial_task0,63,15,False
1450,libero_spatial_task0,64,14,False
1450,libero_spatial_task0,65,13,False
1450,libero_spatial_task0,66,12,False
1450,libero_spatial_task0,67,11,False
1450,libero_spatial_task0,68,10,False
1450,libero_spatial_task0,69,9,False
1450,libero_spatial_task0,70,8,False
1450,libero_spatial_task0,71,7,False
1450,libero_spatial_task0,72,6,False
1450,libero_spatial_task0,73,5,False
1450,libero_spatial_task0,74,4,False
1450,libero_spatial_task0,75,3,False
1450,libero_spatial_task0,76,2,False
1450,libero_spatial_task0,77,1,False
1450,libero_spatial_task0,78,,True
1450,libero_spatial_task0,79,,True
1450,libero_spatial_task0,80,,True
1450,libero_spatial_task0,81,,True
1450,libero_spatial_task0,82,,True
1450,libero_spatial_task0,83,,True
1450,libero_spatial_task0,84,,True
1450,libero_spatial_task0,85,,True
1450,libero_spatial_task0,86,,True
1450,libero_spatial_task0,87,,True
1450,libero_spatial_task0,88,,True
1450,libero_spatial_task0,89,,True
1450,libero_spatial_task0,90,,True
1450,libero_spatial_task0,91,,True
1491,libero_spatial_task0,0,34,False
1491,libero_spatial_task0,1,33,False
1491,libero_spatial_task0,2,32,False
1491,libero_spatial_task0,3,31,False
1491,libero_spatial_task0,4,30,False
1491,libero_spatial_task0,5,29,False
1491,libero_spatial_task0,6,28,False
1491,libero_spatial_task0,7,27,False
1491,libero_spatial_task0,8,26,False
1491,libero_spatial_task0,9,25,False
1491,libero_spatial_task0,10,24,False
1491,libero_spatial_task0,11,23,False
1491,libero_spatial_task0,12,22,False
1491,libero_spatial_task0,13,21,False
1491,libero_spatial_task0,14,20,False
1491,libero_spatial_task0,15,19,False
1491,libero_spatial_task0,16,18,False
1491,libero_spatial_task0,17,17,False
1491,libero_spatial_task0,18,16,False
1491,libero_spatial_task0,19,15,False
1491,libero_spatial_task0,20,14,False
1491,libero_spatial_task0,21,13,False
1491,libero_spatial_task0,22,12,False
1491,libero_spatial_task0,23,11,False
1491,libero_spatial_task0,24,10,False
1491,libero_spatial_task0,25,9,False
1491,libero_spatial_task0,26,8,False
1491,libero_spatial_task0,27,7,False
1491,libero_spatial_task0,28,6,False
1491,libero_spatial_task0,29,5,False
1491,libero_spatial_task0,30,4,False
1491,libero_spatial_task0,31,3,False
1491,libero_spatial_task0,32,2,False
1491,libero_spatial_task0,33,1,False
1491,libero_spatial_task0,34,48,False
1491,libero_spatial_task0,35,47,False
1491,libero_spatial_task0,36,46,False
1491,libero_spatial_task0,37,45,False
1491,libero_spatial_task0,38,44,False
1491,libero_spatial_task0,39,43,False
1491,libero_spatial_task0,40,42,False
1491,libero_spatial_task0,41,41,False
1491,libero_spatial_task0,42,40,False
1491,libero_spatial_task0,43,39,False
1491,libero_spatial_task0,44,38,False
1491,libero_spatial_task0,45,37,False
1491,libero_spatial_task0,46,36,False
1491,libero_spatial_task0,47,35,False
1491,libero_spatial_task0,48,34,False
1491,libero_spatial_task0,49,33,False
1491,libero_spatial_task0,50,32,False
1491,libero_spatial_task0,51,31,False
1491,libero_spatial_task0,52,30,False
1491,libero_spatial_task0,53,29,False
1491,libero_spatial_task0,54,28,False
1491,libero_spatial_task0,55,27,False
1491,libero_spatial_task0,56,26,False
1491,libero_spatial_task0,57,25,False
1491,libero_spatial_task0,58,24,False
1491,libero_spatial_task0,59,23,False
1491,libero_spatial_task0,60,22,False
1491,libero_spatial_task0,61,21,False
1491,libero_spatial_task0,62,20,False
1491,libero_spatial_task0,63,19,False
1491,libero_spatial_task0,64,18,False
1491,libero_spatial_task0,65,17,False
1491,libero_spatial_task0,66,16,False
1491,libero_spatial_task0,67,15,False
1491,libero_spatial_task0,68,14,False
1491,libero_spatial_task0,69,13,False
1491,libero_spatial_task0,70,12,False
1491,libero_spatial_task0,71,11,False
1491,libero_spatial_task0,72,10,False
1491,libero_spatial_task0,73,9,False
1491,libero_spatial_task0,74,8,False
1491,libero_spatial_task0,75,7,False
1491,libero_spatial_task0,76,6,False
1491,libero_spatial_task0,77,5,False
1491,libero_spatial_task0,78,4,False
1491,libero_spatial_task0,79,3,False
1491,libero_spatial_task0,80,2,False
1491,libero_spatial_task0,81,1,False
1491,libero_spatial_task0,82,,True
1491,libero_spatial_task0,83,,True
1491,libero_spatial_task0,84,,True
1491,libero_spatial_task0,85,,True
1491,libero_spatial_task0,86,,True
1491,libero_spatial_task0,87,,True
1491,libero_spatial_task0,88,,True
1491,libero_spatial_task0,89,,True
1491,libero_spatial_task0,90,,True
1491,libero_spatial_task0,91,,True
1491,libero_spatial_task0,92,,True
1491,libero_spatial_task0,93,,True
1491,libero_spatial_task0,94,,True
1491,libero_spatial_task0,95,,True
1491,libero_spatial_task0,96,,True
1491,libero_spatial_task0,97,,True
1491,libero_spatial_task0,98,,True
1491,libero_spatial_task0,99,,True
1493,libero_spatial_task0,0,34,False
1493,libero_spatial_task0,1,33,False
1493,libero_spatial_task0,2,32,False
1493,libero_spatial_task0,3,31,False
1493,libero_spatial_task0,4,30,False
1493,libero_spatial_task0,5,29,False
1493,libero_spatial_task0,6,28,False
1493,libero_spatial_task0,7,27,False
1493,libero_spatial_task0,8,26,False
1493,libero_spatial_task0,9,25,False
1493,libero_spatial_task0,10,24,False
1493,libero_spatial_task0,11,23,False
1493,libero_spatial_task0,12,22,False
1493,libero_spatial_task0,13,21,False
1493,libero_spatial_task0,14,20,False
1493,libero_spatial_task0,15,19,False
1493,libero_spatial_task0,16,18,False
1493,libero_spatial_task0,17,17,False
1493,libero_spatial_task0,18,16,False
1493,libero_spatial_task0,19,15,False
1493,libero_spatial_task0,20,14,False
1493,libero_spatial_task0,21,13,False
1493,libero_spatial_task0,22,12,False
1493,libero_spatial_task0,23,11,False
1493,libero_spatial_task0,24,10,False
1493,libero_spatial_task0,25,9,False
1493,libero_spatial_task0,26,8,False
1493,libero_spatial_task0,27,7,False
1493,libero_spatial_task0,28,6,False
1493,libero_spatial_task0,29,5,False
1493,libero_spatial_task0,30,4,False
1493,libero_spatial_task0,31,3,False
1493,libero_spatial_task0,32,2,False
1493,libero_spatial_task0,33,1,False
1493,libero_spatial_task0,34,44,False
1493,libero_spatial_task0,35,43,False
1493,libero_spatial_task0,36,42,False
1493,libero_spatial_task0,37,41,False
1493,libero_spatial_task0,38,40,False
1493,libero_spatial_task0,39,39,False
1493,libero_spatial_task0,40,38,False
1493,libero_spatial_task0,41,37,False
1493,libero_spatial_task0,42,36,False
1493,libero_spatial_task0,43,35,False
1493,libero_spatial_task0,44,34,False
1493,libero_spatial_task0,45,33,False
1493,libero_spatial_task0,46,32,False
1493,libero_spatial_task0,47,31,False
1493,libero_spatial_task0,48,30,False
1493,libero_spatial_task0,49,29,False
1493,libero_spatial_task0,50,28,False
1493,libero_spatial_task0,51,27,False
1493,libero_spatial_task0,52,26,False
1493,libero_spatial_task0,53,25,False
1493,libero_spatial_task0,54,24,False
1493,libero_spatial_task0,55,23,False
1493,libero_spatial_task0,56,22,False
1493,libero_spatial_task0,57,21,False
1493,libero_spatial_task0,58,20,False
1493,libero_spatial_task0,59,19,False
1493,libero_spatial_task0,60,18,False
1493,libero_spatial_task0,61,17,False
1493,libero_spatial_task0,62,16,False
1493,libero_spatial_task0,63,15,False
1493,libero_spatial_task0,64,14,False
1493,libero_spatial_task0,65,13,False
1493,libero_spatial_task0,66,12,False
1493,libero_spatial_task0,67,11,False
1493,libero_spatial_task0,68,10,False
1493,libero_spatial_task0,69,9,False
1493,libero_spatial_task0,70,8,False
1493,libero_spatial_task0,71,7,False
1493,libero_spatial_task0,72,6,False
1493,libero_spatial_task0,73,5,False
1493,libero_spatial_task0,74,4,False
1493,libero_spatial_task0,75,3,False
1493,libero_spatial_task0,76,2,False
1493,libero_spatial_task0,77,1,False
1493,libero_spatial_task0,78,,True
1493,libero_spatial_task0,79,,True
1493,libero_spatial_task0,80,,True
1493,libero_spatial_task0,81,,True
1493,libero_spatial_task0,82,,True
1493,libero_spatial_task0,83,,True
1500,libero_spatial_task0,0,36,False
1500,libero_spatial_task0,1,35,False
1500,libero_spatial_task0,2,34,False
1500,libero_spatial_task0,3,33,False
1500,libero_spatial_task0,4,32,False
1500,libero_spatial_task0,5,31,False
1500,libero_spatial_task0,6,30,False
1500,libero_spatial_task0,7,29,False
1500,libero_spatial_task0,8,28,False
1500,libero_spatial_task0,9,27,False
1500,libero_spatial_task0,10,26,False
1500,libero_spatial_task0,11,25,False
1500,libero_spatial_task0,12,24,False
1500,libero_spatial_task0,13,23,False
1500,libero_spatial_task0,14,22,False
1500,libero_spatial_task0,15,21,False
1500,libero_spatial_task0,16,20,False
1500,libero_spatial_task0,17,19,False
1500,libero_spatial_task0,18,18,False
1500,libero_spatial_task0,19,17,False
1500,libero_spatial_task0,20,16,False
1500,libero_spatial_task0,21,15,False
1500,libero_spatial_task0,22,14,False
1500,libero_spatial_task0,23,13,False
1500,libero_spatial_task0,24,12,False
1500,libero_spatial_task0,25,11,False
1500,libero_spatial_task0,26,10,False
1500,libero_spatial_task0,27,9,False
1500,libero_spatial_task0,28,8,False
1500,libero_spatial_task0,29,7,False
1500,libero_spatial_task0,30,6,False
1500,libero_spatial_task0,31,5,False
1500,libero_spatial_task0,32,4,False
1500,libero_spatial_task0,33,3,False
1500,libero_spatial_task0,34,2,False
1500,libero_spatial_task0,35,1,False
1500,libero_spatial_task0,36,,True
1500,libero_spatial_task0,37,,True
1500,libero_spatial_task0,38,,True
1500,libero_spatial_task0,39,,True
1500,libero_spatial_task0,40,,True
1500,libero_spatial_task0,41,,True
1500,libero_spatial_task0,42,,True
1500,libero_spatial_task0,43,,True
1500,libero_spatial_task0,44,,True
1500,libero_spatial_task0,45,,True
1500,libero_spatial_task0,46,,True
1500,libero_spatial_task0,47,,True
1500,libero_spatial_task0,48,,True
1500,libero_spatial_task0,49,,True
1500,libero_spatial_task0,50,,True
1500,libero_spatial_task0,51,,True
1500,libero_spatial_task0,52,,True
1500,libero_spatial_task0,53,,True
1500,libero_spatial_task0,54,,True
1500,libero_spatial_task0,55,,True
1500,libero_spatial_task0,56,,True
1500,libero_spatial_task0,57,,True
1500,libero_spatial_task0,58,,True
1500,libero_spatial_task0,59,,True
1500,libero_spatial_task0,60,,True
1500,libero_spatial_task0,61,,True
1500,libero_spatial_task0,62,,True
1500,libero_spatial_task0,63,,True
1500,libero_spatial_task0,64,,True
1500,libero_spatial_task0,65,,True
1500,libero_spatial_task0,66,,True
1500,libero_spatial_task0,67,,True
1500,libero_spatial_task0,68,,True
1500,libero_spatial_task0,69,,True
1500,libero_spatial_task0,70,,True
1500,libero_spatial_task0,71,,True
1500,libero_spatial_task0,72,,True
1500,libero_spatial_task0,73,,True
1500,libero_spatial_task0,74,,True
1500,libero_spatial_task0,75,,True
1500,libero_spatial_task0,76,,True
1500,libero_spatial_task0,77,,True
1500,libero_spatial_task0,78,,True
1500,libero_spatial_task0,79,,True
1500,libero_spatial_task0,80,,True
1500,libero_spatial_task0,81,,True
1500,libero_spatial_task0,82,,True
1500,libero_spatial_task0,83,,True
1500,libero_spatial_task0,84,,True
1500,libero_spatial_task0,85,,True
1500,libero_spatial_task0,86,,True
1500,libero_spatial_task0,87,,True
1500,libero_spatial_task0,88,,True
1500,libero_spatial_task0,89,,True
1500,libero_spatial_task0,90,,True
1504,libero_spatial_task0,0,42,False
1504,libero_spatial_task0,1,41,False
1504,libero_spatial_task0,2,40,False
1504,libero_spatial_task0,3,39,False
1504,libero_spatial_task0,4,38,False
1504,libero_spatial_task0,5,37,False
1504,libero_spatial_task0,6,36,False
1504,libero_spatial_task0,7,35,False
1504,libero_spatial_task0,8,34,False
1504,libero_spatial_task0,9,33,False
1504,libero_spatial_task0,10,32,False
1504,libero_spatial_task0,11,31,False
1504,libero_spatial_task0,12,30,False
1504,libero_spatial_task0,13,29,False
1504,libero_spatial_task0,14,28,False
1504,libero_spatial_task0,15,27,False
1504,libero_spatial_task0,16,26,False
1504,libero_spatial_task0,17,25,False
1504,libero_spatial_task0,18,24,False
1504,libero_spatial_task0,19,23,False
1504,libero_spatial_task0,20,22,False
1504,libero_spatial_task0,21,21,False
1504,libero_spatial_task0,22,20,False
1504,libero_spatial_task0,23,19,False
1504,libero_spatial_task0,24,18,False
1504,libero_spatial_task0,25,17,False
1504,libero_spatial_task0,26,16,False
1504,libero_spatial_task0,27,15,False
1504,libero_spatial_task0,28,14,False
1504,libero_spatial_task0,29,13,False
1504,libero_spatial_task0,30,12,False
1504,libero_spatial_task0,31,11,False
1504,libero_spatial_task0,32,10,False
1504,libero_spatial_task0,33,9,False
1504,libero_spatial_task0,34,8,False
1504,libero_spatial_task0,35,7,False
1504,libero_spatial_task0,36,6,False
1504,libero_spatial_task0,37,5,False
1504,libero_spatial_task0,38,4,False
1504,libero_spatial_task0,39,3,False
1504,libero_spatial_task0,40,2,False
1504,libero_spatial_task0,41,1,False
1504,libero_spatial_task0,42,,True
1504,libero_spatial_task0,43,,True
1504,libero_spatial_task0,44,,True
1504,libero_spatial_task0,45,,True
1504,libero_spatial_task0,46,,True
1504,libero_spatial_task0,47,,True
1504,libero_spatial_task0,48,,True
1504,libero_spatial_task0,49,,True
1504,libero_spatial_task0,50,,True
1504,libero_spatial_task0,51,,True
1504,libero_spatial_task0,52,,True
1504,libero_spatial_task0,53,,True
1504,libero_spatial_task0,54,,True
1504,libero_spatial_task0,55,,True
1504,libero_spatial_task0,56,,True
1504,libero_spatial_task0,57,,True
1504,libero_spatial_task0,58,,True
1504,libero_spatial_task0,59,,True
1504,libero_spatial_task0,60,,True
1504,libero_spatial_task0,61,,True
1504,libero_spatial_task0,62,,True
1504,libero_spatial_task0,63,,True
1504,libero_spatial_task0,64,,True
1504,libero_spatial_task0,65,,True
1504,libero_spatial_task0,66,,True
1504,libero_spatial_task0,67,,True
1504,libero_spatial_task0,68,,True
1504,libero_spatial_task0,69,,True
1504,libero_spatial_task0,70,,True
1504,libero_spatial_task0,71,,True
1504,libero_spatial_task0,72,,True
1504,libero_spatial_task0,73,,True
1504,libero_spatial_task0,74,,True
1504,libero_spatial_task0,75,,True
1504,libero_spatial_task0,76,,True
1504,libero_spatial_task0,77,,True
1504,libero_spatial_task0,78,,True
1504,libero_spatial_task0,79,,True
1504,libero_spatial_task0,80,,True
1504,libero_spatial_task0,81,,True
1504,libero_spatial_task0,82,,True
1504,libero_spatial_task0,83,,True
1504,libero_spatial_task0,84,,True
1504,libero_spatial_task0,85,,True
1504,libero_spatial_task0,86,,True
1504,libero_spatial_task0,87,,True
1504,libero_spatial_task0,88,,True
1506,libero_spatial_task0,0,31,False
1506,libero_spatial_task0,1,30,False
1506,libero_spatial_task0,2,29,False
1506,libero_spatial_task0,3,28,False
1506,libero_spatial_task0,4,27,False
1506,libero_spatial_task0,5,26,False
1506,libero_spatial_task0,6,25,False
1506,libero_spatial_task0,7,24,False
1506,libero_spatial_task0,8,23,False
1506,libero_spatial_task0,9,22,False
1506,libero_spatial_task0,10,21,False
1506,libero_spatial_task0,11,20,False
1506,libero_spatial_task0,12,19,False
1506,libero_spatial_task0,13,18,False
1506,libero_spatial_task0,14,17,False
1506,libero_spatial_task0,15,16,False
1506,libero_spatial_task0,16,15,False
1506,libero_spatial_task0,17,14,False
1506,libero_spatial_task0,18,13,False
1506,libero_spatial_task0,19,12,False
1506,libero_spatial_task0,20,11,False
1506,libero_spatial_task0,21,10,False
1506,libero_spatial_task0,22,9,False
1506,libero_spatial_task0,23,8,False
1506,libero_spatial_task0,24,7,False
1506,libero_spatial_task0,25,6,False
1506,libero_spatial_task0,26,5,False
1506,libero_spatial_task0,27,4,False
1506,libero_spatial_task0,28,3,False
1506,libero_spatial_task0,29,2,False
1506,libero_spatial_task0,30,1,False
1506,libero_spatial_task0,31,41,False
1506,libero_spatial_task0,32,40,False
1506,libero_spatial_task0,33,39,False
1506,libero_spatial_task0,34,38,False
1506,libero_spatial_task0,35,37,False
1506,libero_spatial_task0,36,36,False
1506,libero_spatial_task0,37,35,False
1506,libero_spatial_task0,38,34,False
1506,libero_spatial_task0,39,33,False
1506,libero_spatial_task0,40,32,False
1506,libero_spatial_task0,41,31,False
1506,libero_spatial_task0,42,30,False
1506,libero_spatial_task0,43,29,False
1506,libero_spatial_task0,44,28,False
1506,libero_spatial_task0,45,27,False
1506,libero_spatial_task0,46,26,False
1506,libero_spatial_task0,47,25,False
1506,libero_spatial_task0,48,24,False
1506,libero_spatial_task0,49,23,False
1506,libero_spatial_task0,50,22,False
1506,libero_spatial_task0,51,21,False
1506,libero_spatial_task0,52,20,False
1506,libero_spatial_task0,53,19,False
1506,libero_spatial_task0,54,18,False
1506,libero_spatial_task0,55,17,False
1506,libero_spatial_task0,56,16,False
1506,libero_spatial_task0,57,15,False
1506,libero_spatial_task0,58,14,False
1506,libero_spatial_task0,59,13,False
1506,libero_spatial_task0,60,12,False
1506,libero_spatial_task0,61,11,False
1506,libero_spatial_task0,62,10,False
1506,libero_spatial_task0,63,9,False
1506,libero_spatial_task0,64,8,False
1506,libero_spatial_task0,65,7,False
1506,libero_spatial_task0,66,6,False
1506,libero_spatial_task0,67,5,False
1506,libero_spatial_task0,68,4,False
1506,libero_spatial_task0,69,3,False
1506,libero_spatial_task0,70,2,False
1506,libero_spatial_task0,71,1,False
1506,libero_spatial_task0,72,,True
1506,libero_spatial_task0,73,,True
1506,libero_spatial_task0,74,,True
1506,libero_spatial_task0,75,,True
1506,libero_spatial_task0,76,,True
1506,libero_spatial_task0,77,,True
1506,libero_spatial_task0,78,,True
1517,libero_spatial_task0,0,32,False
1517,libero_spatial_task0,1,31,False
1517,libero_spatial_task0,2,30,False
1517,libero_spatial_task0,3,29,False
1517,libero_spatial_task0,4,28,False
1517,libero_spatial_task0,5,27,False
1517,libero_spatial_task0,6,26,False
1517,libero_spatial_task0,7,25,False
1517,libero_spatial_task0,8,24,False
1517,libero_spatial_task0,9,23,False
1517,libero_spatial_task0,10,22,False
1517,libero_spatial_task0,11,21,False
1517,libero_spatial_task0,12,20,False
1517,libero_spatial_task0,13,19,False
1517,libero_spatial_task0,14,18,False
1517,libero_spatial_task0,15,17,False
1517,libero_spatial_task0,16,16,False
1517,libero_spatial_task0,17,15,False
1517,libero_spatial_task0,18,14,False
1517,libero_spatial_task0,19,13,False
1517,libero_spatial_task0,20,12,False
1517,libero_spatial_task0,21,11,False
1517,libero_spatial_task0,22,10,False
1517,libero_spatial_task0,23,9,False
1517,libero_spatial_task0,24,8,False
1517,libero_spatial_task0,25,7,False
1517,libero_spatial_task0,26,6,False
1517,libero_spatial_task0,27,5,False
1517,libero_spatial_task0,28,4,False
1517,libero_spatial_task0,29,3,False
1517,libero_spatial_task0,30,2,False
1517,libero_spatial_task0,31,1,False
1517,libero_spatial_task0,32,23,False
1517,libero_spatial_task0,33,22,False
1517,libero_spatial_task0,34,21,False
1517,libero_spatial_task0,35,20,False
1517,libero_spatial_task0,36,19,False
1517,libero_spatial_task0,37,18,False
1517,libero_spatial_task0,38,17,False
1517,libero_spatial_task0,39,16,False
1517,libero_spatial_task0,40,15,False
1517,libero_spatial_task0,41,14,False
1517,libero_spatial_task0,42,13,False
1517,libero_spatial_task0,43,12,False
1517,libero_spatial_task0,44,11,False
1517,libero_spatial_task0,45,10,False
1517,libero_spatial_task0,46,9,False
1517,libero_spatial_task0,47,8,False
1517,libero_spatial_task0,48,7,False
1517,libero_spatial_task0,49,6,False
1517,libero_spatial_task0,50,5,False
1517,libero_spatial_task0,51,4,False
1517,libero_spatial_task0,52,3,False
1517,libero_spatial_task0,53,2,False
1517,libero_spatial_task0,54,1,False
1517,libero_spatial_task0,55,12,False
1517,libero_spatial_task0,56,11,False
1517,libero_spatial_task0,57,10,False
1517,libero_spatial_task0,58,9,False
1517,libero_spatial_task0,59,8,False
1517,libero_spatial_task0,60,7,False
1517,libero_spatial_task0,61,6,False
1517,libero_spatial_task0,62,5,False
1517,libero_spatial_task0,63,4,False
1517,libero_spatial_task0,64,3,False
1517,libero_spatial_task0,65,2,False
1517,libero_spatial_task0,66,1,False
1517,libero_spatial_task0,67,45,False
1517,libero_spatial_task0,68,44,False
1517,libero_spatial_task0,69,43,False
1517,libero_spatial_task0,70,42,False
1517,libero_spatial_task0,71,41,False
1517,libero_spatial_task0,72,40,False
1517,libero_spatial_task0,73,39,False
1517,libero_spatial_task0,74,38,False
1517,libero_spatial_task0,75,37,False
1517,libero_spatial_task0,76,36,False
1517,libero_spatial_task0,77,35,False
1517,libero_spatial_task0,78,34,False
1517,libero_spatial_task0,79,33,False
1517,libero_spatial_task0,80,32,False
1517,libero_spatial_task0,81,31,False
1517,libero_spatial_task0,82,30,False
1517,libero_spatial_task0,83,29,False
1517,libero_spatial_task0,84,28,False
1517,libero_spatial_task0,85,27,False
1517,libero_spatial_task0,86,26,False
1517,libero_spatial_task0,87,25,False
1517,libero_spatial_task0,88,24,False
1517,libero_spatial_task0,89,23,False
1517,libero_spatial_task0,90,22,False
1517,libero_spatial_task0,91,21,False
1517,libero_spatial_task0,92,20,False
1517,libero_spatial_task0,93,19,False
1517,libero_spatial_task0,94,18,False
1517,libero_spatial_task0,95,17,False
1517,libero_spatial_task0,96,16,False
1517,libero_spatial_task0,97,15,False
1517,libero_spatial_task0,98,14,False
1517,libero_spatial_task0,99,13,False
1517,libero_spatial_task0,100,12,False
1517,libero_spatial_task0,101,11,False
1517,libero_spatial_task0,102,10,False
1517,libero_spatial_task0,103,9,False
1517,libero_spatial_task0,104,8,False
1517,libero_spatial_task0,105,7,False
1517,libero_spatial_task0,106,6,False
1517,libero_spatial_task0,107,5,False
1517,libero_spatial_task0,108,4,False
1517,libero_spatial_task0,109,3,False
1517,libero_spatial_task0,110,2,False
1517,libero_spatial_task0,111,1,False
1517,libero_spatial_task0,112,1,False
1517,libero_spatial_task0,113,1,False
1517,libero_spatial_task0,114,,True
1517,libero_spatial_task0,115,,True
1517,libero_spatial_task0,116,,True
1517,libero_spatial_task0,117,,True
1517,libero_spatial_task0,118,,True
1517,libero_spatial_task0,119,,True
1517,libero_spatial_task0,120,,True
1517,libero_spatial_task0,121,,True
1517,libero_spatial_task0,122,,True
1517,libero_spatial_task0,123,,True
1517,libero_spatial_task0,124,,True
1517,libero_spatial_task0,125,,True
1517,libero_spatial_task0,126,,True
1527,libero_spatial_task0,0,38,False
1527,libero_spatial_task0,1,37,False
1527,libero_spatial_task0,2,36,False
1527,libero_spatial_task0,3,35,False
1527,libero_spatial_task0,4,34,False
1527,libero_spatial_task0,5,33,False
1527,libero_spatial_task0,6,32,False
1527,libero_spatial_task0,7,31,False
1527,libero_spatial_task0,8,30,False
1527,libero_spatial_task0,9,29,False
1527,libero_spatial_task0,10,28,False
1527,libero_spatial_task0,11,27,False
1527,libero_spatial_task0,12,26,False
1527,libero_spatial_task0,13,25,False
1527,libero_spatial_task0,14,24,False
1527,libero_spatial_task0,15,23,False
1527,libero_spatial_task0,16,22,False
1527,libero_spatial_task0,17,21,False
1527,libero_spatial_task0,18,20,False
1527,libero_spatial_task0,19,19,False
1527,libero_spatial_task0,20,18,False
1527,libero_spatial_task0,21,17,False
1527,libero_spatial_task0,22,16,False
1527,libero_spatial_task0,23,15,False
1527,libero_spatial_task0,24,14,False
1527,libero_spatial_task0,25,13,False
1527,libero_spatial_task0,26,12,False
1527,libero_spatial_task0,27,11,False
1527,libero_spatial_task0,28,10,False
1527,libero_spatial_task0,29,9,False
1527,libero_spatial_task0,30,8,False
1527,libero_spatial_task0,31,7,False
1527,libero_spatial_task0,32,6,False
1527,libero_spatial_task0,33,5,False
1527,libero_spatial_task0,34,4,False
1527,libero_spatial_task0,35,3,False
1527,libero_spatial_task0,36,2,False
1527,libero_spatial_task0,37,1,False
1527,libero_spatial_task0,38,51,False
1527,libero_spatial_task0,39,50,False
1527,libero_spatial_task0,40,49,False
1527,libero_spatial_task0,41,48,False
1527,libero_spatial_task0,42,47,False
1527,libero_spatial_task0,43,46,False
1527,libero_spatial_task0,44,45,False
1527,libero_spatial_task0,45,44,False
1527,libero_spatial_task0,46,43,False
1527,libero_spatial_task0,47,42,False
1527,libero_spatial_task0,48,41,False
1527,libero_spatial_task0,49,40,False
1527,libero_spatial_task0,50,39,False
1527,libero_spatial_task0,51,38,False
1527,libero_spatial_task0,52,37,False
1527,libero_spatial_task0,53,36,False
1527,libero_spatial_task0,54,35,False
1527,libero_spatial_task0,55,34,False
1527,libero_spatial_task0,56,33,False
1527,libero_spatial_task0,57,32,False
1527,libero_spatial_task0,58,31,False
1527,libero_spatial_task0,59,30,False
1527,libero_spatial_task0,60,29,False
1527,libero_spatial_task0,61,28,False
1527,libero_spatial_task0,62,27,False
1527,libero_spatial_task0,63,26,False
1527,libero_spatial_task0,64,25,False
1527,libero_spatial_task0,65,24,False
1527,libero_spatial_task0,66,23,False
1527,libero_spatial_task0,67,22,False
1527,libero_spatial_task0,68,21,False
1527,libero_spatial_task0,69,20,False
1527,libero_spatial_task0,70,19,False
1527,libero_spatial_task0,71,18,False
1527,libero_spatial_task0,72,17,False
1527,libero_spatial_task0,73,16,False
1527,libero_spatial_task0,74,15,False
1527,libero_spatial_task0,75,14,False
1527,libero_spatial_task0,76,13,False
1527,libero_spatial_task0,77,12,False
1527,libero_spatial_task0,78,11,False
1527,libero_spatial_task0,79,10,False
1527,libero_spatial_task0,80,9,False
1527,libero_spatial_task0,81,8,False
1527,libero_spatial_task0,82,7,False
1527,libero_spatial_task0,83,6,False
1527,libero_spatial_task0,84,5,False
1527,libero_spatial_task0,85,4,False
1527,libero_spatial_task0,86,3,False
1527,libero_spatial_task0,87,2,False
1527,libero_spatial_task0,88,1,False
1527,libero_spatial_task0,89,,True
1527,libero_spatial_task0,90,,True
1527,libero_spatial_task0,91,,True
1527,libero_spatial_task0,92,,True
1527,libero_spatial_task0,93,,True
1527,libero_spatial_task0,94,,True
1527,libero_spatial_task0,95,,True
1527,libero_spatial_task0,96,,True
1527,libero_spatial_task0,97,,True
1527,libero_spatial_task0,98,,True
1527,libero_spatial_task0,99,,True
1527,libero_spatial_task0,100,,True
1527,libero_spatial_task0,101,,True
1527,libero_spatial_task0,102,,True
1527,libero_spatial_task0,103,,True
1527,libero_spatial_task0,104,,True
1527,libero_spatial_task0,105,,True
1527,libero_spatial_task0,106,,True
1527,libero_spatial_task0,107,,True
1527,libero_spatial_task0,108,,True
1527,libero_spatial_task0,109,,True
1527,libero_spatial_task0,110,,True
1527,libero_spatial_task0,111,,True
1527,libero_spatial_task0,112,,True
1527,libero_spatial_task0,113,,True
1527,libero_spatial_task0,114,,True
1527,libero_spatial_task0,115,,True
1527,libero_spatial_task0,116,,True
1527,libero_spatial_task0,117,,True
1527,libero_spatial_task0,118,,True
1527,libero_spatial_task0,119,,True
1527,libero_spatial_task0,120,,True
1527,libero_spatial_task0,121,,True
1527,libero_spatial_task0,122,,True
1527,libero_spatial_task0,123,,True
1527,libero_spatial_task0,124,,True
1527,libero_spatial_task0,125,,True
1527,libero_spatial_task0,126,,True
1527,libero_spatial_task0,127,,True
1527,libero_spatial_task0,128,,True
1527,libero_spatial_task0,129,,True
1527,libero_spatial_task0,130,,True
1527,libero_spatial_task0,131,,True
1527,libero_spatial_task0,132,,True
1527,libero_spatial_task0,133,,True
1532,libero_spatial_task0,0,35,False
1532,libero_spatial_task0,1,34,False
1532,libero_spatial_task0,2,33,False
1532,libero_spatial_task0,3,32,False
1532,libero_spatial_task0,4,31,False
1532,libero_spatial_task0,5,30,False
1532,libero_spatial_task0,6,29,False
1532,libero_spatial_task0,7,28,False
1532,libero_spatial_task0,8,27,False
1532,libero_spatial_task0,9,26,False
1532,libero_spatial_task0,10,25,False
1532,libero_spatial_task0,11,24,False
1532,libero_spatial_task0,12,23,False
1532,libero_spatial_task0,13,22,False
1532,libero_spatial_task0,14,21,False
1532,libero_spatial_task0,15,20,False
1532,libero_spatial_task0,16,19,False
1532,libero_spatial_task0,17,18,False
1532,libero_spatial_task0,18,17,False
1532,libero_spatial_task0,19,16,False
1532,libero_spatial_task0,20,15,False
1532,libero_spatial_task0,21,14,False
1532,libero_spatial_task0,22,13,False
1532,libero_spatial_task0,23,12,False
1532,libero_spatial_task0,24,11,False
1532,libero_spatial_task0,25,10,False
1532,libero_spatial_task0,26,9,False
1532,libero_spatial_task0,27,8,False
1532,libero_spatial_task0,28,7,False
1532,libero_spatial_task0,29,6,False
1532,libero_spatial_task0,30,5,False
1532,libero_spatial_task0,31,4,False
1532,libero_spatial_task0,32,3,False
1532,libero_spatial_task0,33,2,False
1532,libero_spatial_task0,34,1,False
1532,libero_spatial_task0,35,47,False
1532,libero_spatial_task0,36,46,False
1532,libero_spatial_task0,37,45,False
1532,libero_spatial_task0,38,44,False
1532,libero_spatial_task0,39,43,False
1532,libero_spatial_task0,40,42,False
1532,libero_spatial_task0,41,41,False
1532,libero_spatial_task0,42,40,False
1532,libero_spatial_task0,43,39,False
1532,libero_spatial_task0,44,38,False
1532,libero_spatial_task0,45,37,False
1532,libero_spatial_task0,46,36,False
1532,libero_spatial_task0,47,35,False
1532,libero_spatial_task0,48,34,False
1532,libero_spatial_task0,49,33,False
1532,libero_spatial_task0,50,32,False
1532,libero_spatial_task0,51,31,False
1532,libero_spatial_task0,52,30,False
1532,libero_spatial_task0,53,29,False
1532,libero_spatial_task0,54,28,False
1532,libero_spatial_task0,55,27,False
1532,libero_spatial_task0,56,26,False
1532,libero_spatial_task0,57,25,False
1532,libero_spatial_task0,58,24,False
1532,libero_spatial_task0,59,23,False
1532,libero_spatial_task0,60,22,False
1532,libero_spatial_task0,61,21,False
1532,libero_spatial_task0,62,20,False
1532,libero_spatial_task0,63,19,False
1532,libero_spatial_task0,64,18,False
1532,libero_spatial_task0,65,17,False
1532,libero_spatial_task0,66,16,False
1532,libero_spatial_task0,67,15,False
1532,libero_spatial_task0,68,14,False
1532,libero_spatial_task0,69,13,False
1532,libero_spatial_task0,70,12,False
1532,libero_spatial_task0,71,11,False
1532,libero_spatial_task0,72,10,False
1532,libero_spatial_task0,73,9,False
1532,libero_spatial_task0,74,8,False
1532,libero_spatial_task0,75,7,False
1532,libero_spatial_task0,76,6,False
1532,libero_spatial_task0,77,5,False
1532,libero_spatial_task0,78,4,False
1532,libero_spatial_task0,79,3,False
1532,libero_spatial_task0,80,2,False
1532,libero_spatial_task0,81,1,False
1532,libero_spatial_task0,82,,True
1532,libero_spatial_task0,83,,True
1532,libero_spatial_task0,84,,True
1532,libero_spatial_task0,85,,True
1532,libero_spatial_task0,86,,True
1532,libero_spatial_task0,87,,True
1532,libero_spatial_task0,88,,True
1532,libero_spatial_task0,89,,True
1532,libero_spatial_task0,90,,True
1532,libero_spatial_task0,91,,True
1532,libero_spatial_task0,92,,True
1532,libero_spatial_task0,93,,True
1532,libero_spatial_task0,94,,True
1532,libero_spatial_task0,95,,True
1560,libero_spatial_task0,0,41,False
1560,libero_spatial_task0,1,40,False
1560,libero_spatial_task0,2,39,False
1560,libero_spatial_task0,3,38,False
1560,libero_spatial_task0,4,37,False
1560,libero_spatial_task0,5,36,False
1560,libero_spatial_task0,6,35,False
1560,libero_spatial_task0,7,34,False
1560,libero_spatial_task0,8,33,False
1560,libero_spatial_task0,9,32,False
1560,libero_spatial_task0,10,31,False
1560,libero_spatial_task0,11,30,False
1560,libero_spatial_task0,12,29,False
1560,libero_spatial_task0,13,28,False
1560,libero_spatial_task0,14,27,False
1560,libero_spatial_task0,15,26,False
1560,libero_spatial_task0,16,25,False
1560,libero_spatial_task0,17,24,False
1560,libero_spatial_task0,18,23,False
1560,libero_spatial_task0,19,22,False
1560,libero_spatial_task0,20,21,False
1560,libero_spatial_task0,21,20,False
1560,libero_spatial_task0,22,19,False
1560,libero_spatial_task0,23,18,False
1560,libero_spatial_task0,24,17,False
1560,libero_spatial_task0,25,16,False
1560,libero_spatial_task0,26,15,False
1560,libero_spatial_task0,27,14,False
1560,libero_spatial_task0,28,13,False
1560,libero_spatial_task0,29,12,False
1560,libero_spatial_task0,30,11,False
1560,libero_spatial_task0,31,10,False
1560,libero_spatial_task0,32,9,False
1560,libero_spatial_task0,33,8,False
1560,libero_spatial_task0,34,7,False
1560,libero_spatial_task0,35,6,False
1560,libero_spatial_task0,36,5,False
1560,libero_spatial_task0,37,4,False
1560,libero_spatial_task0,38,3,False
1560,libero_spatial_task0,39,2,False
1560,libero_spatial_task0,40,1,False
1560,libero_spatial_task0,41,49,False
1560,libero_spatial_task0,42,48,False
1560,libero_spatial_task0,43,47,False
1560,libero_spatial_task0,44,46,False
1560,libero_spatial_task0,45,45,False
1560,libero_spatial_task0,46,44,False
1560,libero_spatial_task0,47,43,False
1560,libero_spatial_task0,48,42,False
1560,libero_spatial_task0,49,41,False
1560,libero_spatial_task0,50,40,False
1560,libero_spatial_task0,51,39,False
1560,libero_spatial_task0,52,38,False
1560,libero_spatial_task0,53,37,False
1560,libero_spatial_task0,54,36,False
1560,libero_spatial_task0,55,35,False
1560,libero_spatial_task0,56,34,False
1560,libero_spatial_task0,57,33,False
1560,libero_spatial_task0,58,32,False
1560,libero_spatial_task0,59,31,False
1560,libero_spatial_task0,60,30,False
1560,libero_spatial_task0,61,29,False
1560,libero_spatial_task0,62,28,False
1560,libero_spatial_task0,63,27,False
1560,libero_spatial_task0,64,26,False
1560,libero_spatial_task0,65,25,False
1560,libero_spatial_task0,66,24,False
1560,libero_spatial_task0,67,23,False
1560,libero_spatial_task0,68,22,False
1560,libero_spatial_task0,69,21,False
1560,libero_spatial_task0,70,20,False
1560,libero_spatial_task0,71,19,False
1560,libero_spatial_task0,72,18,False
1560,libero_spatial_task0,73,17,False
1560,libero_spatial_task0,74,16,False
1560,libero_spatial_task0,75,15,False
1560,libero_spatial_task0,76,14,False
1560,libero_spatial_task0,77,13,False
1560,libero_spatial_task0,78,12,False
1560,libero_spatial_task0,79,11,False
1560,libero_spatial_task0,80,10,False
1560,libero_spatial_task0,81,9,False
1560,libero_spatial_task0,82,8,False
1560,libero_spatial_task0,83,7,False
1560,libero_spatial_task0,84,6,False
1560,libero_spatial_task0,85,5,False
1560,libero_spatial_task0,86,4,False
1560,libero_spatial_task0,87,3,False
1560,libero_spatial_task0,88,2,False
1560,libero_spatial_task0,89,1,False
1560,libero_spatial_task0,90,,True
1560,libero_spatial_task0,91,,True
1560,libero_spatial_task0,92,,True
1560,libero_spatial_task0,93,,True
1560,libero_spatial_task0,94,,True
1560,libero_spatial_task0,95,,True
1560,libero_spatial_task0,96,,True
1560,libero_spatial_task0,97,,True
1560,libero_spatial_task0,98,,True
1560,libero_spatial_task0,99,,True
1560,libero_spatial_task0,100,,True
1560,libero_spatial_task0,101,,True
1560,libero_spatial_task0,102,,True
1560,libero_spatial_task0,103,,True
1560,libero_spatial_task0,104,,True
1563,libero_spatial_task0,0,37,False
1563,libero_spatial_task0,1,36,False
1563,libero_spatial_task0,2,35,False
1563,libero_spatial_task0,3,34,False
1563,libero_spatial_task0,4,33,False
1563,libero_spatial_task0,5,32,False
1563,libero_spatial_task0,6,31,False
1563,libero_spatial_task0,7,30,False
1563,libero_spatial_task0,8,29,False
1563,libero_spatial_task0,9,28,False
1563,libero_spatial_task0,10,27,False
1563,libero_spatial_task0,11,26,False
1563,libero_spatial_task0,12,25,False
1563,libero_spatial_task0,13,24,False
1563,libero_spatial_task0,14,23,False
1563,libero_spatial_task0,15,22,False
1563,libero_spatial_task0,16,21,False
1563,libero_spatial_task0,17,20,False
1563,libero_spatial_task0,18,19,False
1563,libero_spatial_task0,19,18,False
1563,libero_spatial_task0,20,17,False
1563,libero_spatial_task0,21,16,False
1563,libero_spatial_task0,22,15,False
1563,libero_spatial_task0,23,14,False
1563,libero_spatial_task0,24,13,False
1563,libero_spatial_task0,25,12,False
1563,libero_spatial_task0,26,11,False
1563,libero_spatial_task0,27,10,False
1563,libero_spatial_task0,28,9,False
1563,libero_spatial_task0,29,8,False
1563,libero_spatial_task0,30,7,False
1563,libero_spatial_task0,31,6,False
1563,libero_spatial_task0,32,5,False
1563,libero_spatial_task0,33,4,False
1563,libero_spatial_task0,34,3,False
1563,libero_spatial_task0,35,2,False
1563,libero_spatial_task0,36,1,False
1563,libero_spatial_task0,37,29,False
1563,libero_spatial_task0,38,28,False
1563,libero_spatial_task0,39,27,False
1563,libero_spatial_task0,40,26,False
1563,libero_spatial_task0,41,25,False
1563,libero_spatial_task0,42,24,False
1563,libero_spatial_task0,43,23,False
1563,libero_spatial_task0,44,22,False
1563,libero_spatial_task0,45,21,False
1563,libero_spatial_task0,46,20,False
1563,libero_spatial_task0,47,19,False
1563,libero_spatial_task0,48,18,False
1563,libero_spatial_task0,49,17,False
1563,libero_spatial_task0,50,16,False
1563,libero_spatial_task0,51,15,False
1563,libero_spatial_task0,52,14,False
1563,libero_spatial_task0,53,13,False
1563,libero_spatial_task0,54,12,False
1563,libero_spatial_task0,55,11,False
1563,libero_spatial_task0,56,10,False
1563,libero_spatial_task0,57,9,False
1563,libero_spatial_task0,58,8,False
1563,libero_spatial_task0,59,7,False
1563,libero_spatial_task0,60,6,False
1563,libero_spatial_task0,61,5,False
1563,libero_spatial_task0,62,4,False
1563,libero_spatial_task0,63,3,False
1563,libero_spatial_task0,64,2,False
1563,libero_spatial_task0,65,1,False
1563,libero_spatial_task0,66,33,False
1563,libero_spatial_task0,67,32,False
1563,libero_spatial_task0,68,31,False
1563,libero_spatial_task0,69,30,False
1563,libero_spatial_task0,70,29,False
1563,libero_spatial_task0,71,28,False
1563,libero_spatial_task0,72,27,False
1563,libero_spatial_task0,73,26,False
1563,libero_spatial_task0,74,25,False
1563,libero_spatial_task0,75,24,False
1563,libero_spatial_task0,76,23,False
1563,libero_spatial_task0,77,22,False
1563,libero_spatial_task0,78,21,False
1563,libero_spatial_task0,79,20,False
1563,libero_spatial_task0,80,19,False
1563,libero_spatial_task0,81,18,False
1563,libero_spatial_task0,82,17,False
1563,libero_spatial_task0,83,16,False
1563,libero_spatial_task0,84,15,False
1563,libero_spatial_task0,85,14,False
1563,libero_spatial_task0,86,13,False
1563,libero_spatial_task0,87,12,False
1563,libero_spatial_task0,88,11,False
1563,libero_spatial_task0,89,10,False
1563,libero_spatial_task0,90,9,False
1563,libero_spatial_task0,91,8,False
1563,libero_spatial_task0,92,7,False
1563,libero_spatial_task0,93,6,False
1563,libero_spatial_task0,94,5,False
1563,libero_spatial_task0,95,4,False
1563,libero_spatial_task0,96,3,False
1563,libero_spatial_task0,97,2,False
1563,libero_spatial_task0,98,1,False
1563,libero_spatial_task0,99,43,False
1563,libero_spatial_task0,100,42,False
1563,libero_spatial_task0,101,41,False
1563,libero_spatial_task0,102,40,False
1563,libero_spatial_task0,103,39,False
1563,libero_spatial_task0,104,38,False
1563,libero_spatial_task0,105,37,False
1563,libero_spatial_task0,106,36,False
1563,libero_spatial_task0,107,35,False
1563,libero_spatial_task0,108,34,False
1563,libero_spatial_task0,109,33,False
1563,libero_spatial_task0,110,32,False
1563,libero_spatial_task0,111,31,False
1563,libero_spatial_task0,112,30,False
1563,libero_spatial_task0,113,29,False
1563,libero_spatial_task0,114,28,False
1563,libero_spatial_task0,115,27,False
1563,libero_spatial_task0,116,26,False
1563,libero_spatial_task0,117,25,False
1563,libero_spatial_task0,118,24,False
1563,libero_spatial_task0,119,23,False
1563,libero_spatial_task0,120,22,False
1563,libero_spatial_task0,121,21,False
1563,libero_spatial_task0,122,20,False
1563,libero_spatial_task0,123,19,False
1563,libero_spatial_task0,124,18,False
1563,libero_spatial_task0,125,17,False
1563,libero_spatial_task0,126,16,False
1563,libero_spatial_task0,127,15,False
1563,libero_spatial_task0,128,14,False
1563,libero_spatial_task0,129,13,False
1563,libero_spatial_task0,130,12,False
1563,libero_spatial_task0,131,11,False
1563,libero_spatial_task0,132,10,False
1563,libero_spatial_task0,133,9,False
1563,libero_spatial_task0,134,8,False
1563,libero_spatial_task0,135,7,False
1563,libero_spatial_task0,136,6,False
1563,libero_spatial_task0,137,5,False
1563,libero_spatial_task0,138,4,False
1563,libero_spatial_task0,139,3,False
1563,libero_spatial_task0,140,2,False
1563,libero_spatial_task0,141,1,False
1563,libero_spatial_task0,142,,True
1563,libero_spatial_task0,143,,True
1563,libero_spatial_task0,144,,True
1563,libero_spatial_task0,145,,True
1563,libero_spatial_task0,146,,True
1563,libero_spatial_task0,147,,True
1563,libero_spatial_task0,148,,True
1563,libero_spatial_task0,149,,True
1563,libero_spatial_task0,150,,True
1567,libero_spatial_task0,0,39,False
1567,libero_spatial_task0,1,38,False
1567,libero_spatial_task0,2,37,False
1567,libero_spatial_task0,3,36,False
1567,libero_spatial_task0,4,35,False
1567,libero_spatial_task0,5,34,False
1567,libero_spatial_task0,6,33,False
1567,libero_spatial_task0,7,32,False
1567,libero_spatial_task0,8,31,False
1567,libero_spatial_task0,9,30,False
1567,libero_spatial_task0,10,29,False
1567,libero_spatial_task0,11,28,False
1567,libero_spatial_task0,12,27,False
1567,libero_spatial_task0,13,26,False
1567,libero_spatial_task0,14,25,False
1567,libero_spatial_task0,15,24,False
1567,libero_spatial_task0,16,23,False
1567,libero_spatial_task0,17,22,False
1567,libero_spatial_task0,18,21,False
1567,libero_spatial_task0,19,20,False
1567,libero_spatial_task0,20,19,False
1567,libero_spatial_task0,21,18,False
1567,libero_spatial_task0,22,17,False
1567,libero_spatial_task0,23,16,False
1567,libero_spatial_task0,24,15,False
1567,libero_spatial_task0,25,14,False
1567,libero_spatial_task0,26,13,False
1567,libero_spatial_task0,27,12,False
1567,libero_spatial_task0,28,11,False
1567,libero_spatial_task0,29,10,False
1567,libero_spatial_task0,30,9,False
1567,libero_spatial_task0,31,8,False
1567,libero_spatial_task0,32,7,False
1567,libero_spatial_task0,33,6,False
1567,libero_spatial_task0,34,5,False
1567,libero_spatial_task0,35,4,False
1567,libero_spatial_task0,36,3,False
1567,libero_spatial_task0,37,2,False
1567,libero_spatial_task0,38,1,False
1567,libero_spatial_task0,39,41,False
1567,libero_spatial_task0,40,40,False
1567,libero_spatial_task0,41,39,False
1567,libero_spatial_task0,42,38,False
1567,libero_spatial_task0,43,37,False
1567,libero_spatial_task0,44,36,False
1567,libero_spatial_task0,45,35,False
1567,libero_spatial_task0,46,34,False
1567,libero_spatial_task0,47,33,False
1567,libero_spatial_task0,48,32,False
1567,libero_spatial_task0,49,31,False
1567,libero_spatial_task0,50,30,False
1567,libero_spatial_task0,51,29,False
1567,libero_spatial_task0,52,28,False
1567,libero_spatial_task0,53,27,False
1567,libero_spatial_task0,54,26,False
1567,libero_spatial_task0,55,25,False
1567,libero_spatial_task0,56,24,False
1567,libero_spatial_task0,57,23,False
1567,libero_spatial_task0,58,22,False
1567,libero_spatial_task0,59,21,False
1567,libero_spatial_task0,60,20,False
1567,libero_spatial_task0,61,19,False
1567,libero_spatial_task0,62,18,False
1567,libero_spatial_task0,63,17,False
1567,libero_spatial_task0,64,16,False
1567,libero_spatial_task0,65,15,False
1567,libero_spatial_task0,66,14,False
1567,libero_spatial_task0,67,13,False
1567,libero_spatial_task0,68,12,False
1567,libero_spatial_task0,69,11,False
1567,libero_spatial_task0,70,10,False
1567,libero_spatial_task0,71,9,False
1567,libero_spatial_task0,72,8,False
1567,libero_spatial_task0,73,7,False
1567,libero_spatial_task0,74,6,False
1567,libero_spatial_task0,75,5,False
1567,libero_spatial_task0,76,4,False
1567,libero_spatial_task0,77,3,False
1567,libero_spatial_task0,78,2,False
1567,libero_spatial_task0,79,1,False
1567,libero_spatial_task0,80,,True
1567,libero_spatial_task0,81,,True
1567,libero_spatial_task0,82,,True
1567,libero_spatial_task0,83,,True
1567,libero_spatial_task0,84,,True
1567,libero_spatial_task0,85,,True
1567,libero_spatial_task0,86,,True
1567,libero_spatial_task0,87,,True
1567,libero_spatial_task0,88,,True
1567,libero_spatial_task0,89,,True
1567,libero_spatial_task0,90,,True
1567,libero_spatial_task0,91,,True
1568,libero_spatial_task0,0,40,False
1568,libero_spatial_task0,1,39,False
1568,libero_spatial_task0,2,38,False
1568,libero_spatial_task0,3,37,False
1568,libero_spatial_task0,4,36,False
1568,libero_spatial_task0,5,35,False
1568,libero_spatial_task0,6,34,False
1568,libero_spatial_task0,7,33,False
1568,libero_spatial_task0,8,32,False
1568,libero_spatial_task0,9,31,False
1568,libero_spatial_task0,10,30,False
1568,libero_spatial_task0,11,29,False
1568,libero_spatial_task0,12,28,False
1568,libero_spatial_task0,13,27,False
1568,libero_spatial_task0,14,26,False
1568,libero_spatial_task0,15,25,False
1568,libero_spatial_task0,16,24,False
1568,libero_spatial_task0,17,23,False
1568,libero_spatial_task0,18,22,False
1568,libero_spatial_task0,19,21,False
1568,libero_spatial_task0,20,20,False
1568,libero_spatial_task0,21,19,False
1568,libero_spatial_task0,22,18,False
1568,libero_spatial_task0,23,17,False
1568,libero_spatial_task0,24,16,False
1568,libero_spatial_task0,25,15,False
1568,libero_spatial_task0,26,14,False
1568,libero_spatial_task0,27,13,False
1568,libero_spatial_task0,28,12,False
1568,libero_spatial_task0,29,11,False
1568,libero_spatial_task0,30,10,False
1568,libero_spatial_task0,31,9,False
1568,libero_spatial_task0,32,8,False
1568,libero_spatial_task0,33,7,False
1568,libero_spatial_task0,34,6,False
1568,libero_spatial_task0,35,5,False
1568,libero_spatial_task0,36,4,False
1568,libero_spatial_task0,37,3,False
1568,libero_spatial_task0,38,2,False
1568,libero_spatial_task0,39,1,False
1568,libero_spatial_task0,40,39,False
1568,libero_spatial_task0,41,38,False
1568,libero_spatial_task0,42,37,False
1568,libero_spatial_task0,43,36,False
1568,libero_spatial_task0,44,35,False
1568,libero_spatial_task0,45,34,False
1568,libero_spatial_task0,46,33,False
1568,libero_spatial_task0,47,32,False
1568,libero_spatial_task0,48,31,False
1568,libero_spatial_task0,49,30,False
1568,libero_spatial_task0,50,29,False
1568,libero_spatial_task0,51,28,False
1568,libero_spatial_task0,52,27,False
1568,libero_spatial_task0,53,26,False
1568,libero_spatial_task0,54,25,False
1568,libero_spatial_task0,55,24,False
1568,libero_spatial_task0,56,23,False
1568,libero_spatial_task0,57,22,False
1568,libero_spatial_task0,58,21,False
1568,libero_spatial_task0,59,20,False
1568,libero_spatial_task0,60,19,False
1568,libero_spatial_task0,61,18,False
1568,libero_spatial_task0,62,17,False
1568,libero_spatial_task0,63,16,False
1568,libero_spatial_task0,64,15,False
1568,libero_spatial_task0,65,14,False
1568,libero_spatial_task0,66,13,False
1568,libero_spatial_task0,67,12,False
1568,libero_spatial_task0,68,11,False
1568,libero_spatial_task0,69,10,False
1568,libero_spatial_task0,70,9,False
1568,libero_spatial_task0,71,8,False
1568,libero_spatial_task0,72,7,False
1568,libero_spatial_task0,73,6,False
1568,libero_spatial_task0,74,5,False
1568,libero_spatial_task0,75,4,False
1568,libero_spatial_task0,76,3,False
1568,libero_spatial_task0,77,2,False
1568,libero_spatial_task0,78,1,False
1568,libero_spatial_task0,79,,True
1568,libero_spatial_task0,80,,True
1568,libero_spatial_task0,81,,True
1568,libero_spatial_task0,82,,True
1568,libero_spatial_task0,83,,True
1568,libero_spatial_task0,84,,True
1568,libero_spatial_task0,85,,True
1568,libero_spatial_task0,86,,True
1568,libero_spatial_task0,87,,True
1568,libero_spatial_task0,88,,True
1568,libero_spatial_task0,89,,True
1568,libero_spatial_task0,90,,True
1568,libero_spatial_task0,91,,True
1574,libero_spatial_task0,0,50,False
1574,libero_spatial_task0,1,49,False
1574,libero_spatial_task0,2,48,False
1574,libero_spatial_task0,3,47,False
1574,libero_spatial_task0,4,46,False
1574,libero_spatial_task0,5,45,False
1574,libero_spatial_task0,6,44,False
1574,libero_spatial_task0,7,43,False
1574,libero_spatial_task0,8,42,False
1574,libero_spatial_task0,9,41,False
1574,libero_spatial_task0,10,40,False
1574,libero_spatial_task0,11,39,False
1574,libero_spatial_task0,12,38,False
1574,libero_spatial_task0,13,37,False
1574,libero_spatial_task0,14,36,False
1574,libero_spatial_task0,15,35,False
1574,libero_spatial_task0,16,34,False
1574,libero_spatial_task0,17,33,False
1574,libero_spatial_task0,18,32,False
1574,libero_spatial_task0,19,31,False
1574,libero_spatial_task0,20,30,False
1574,libero_spatial_task0,21,29,False
1574,libero_spatial_task0,22,28,False
1574,libero_spatial_task0,23,27,False
1574,libero_spatial_task0,24,26,False
1574,libero_spatial_task0,25,25,False
1574,libero_spatial_task0,26,24,False
1574,libero_spatial_task0,27,23,False
1574,libero_spatial_task0,28,22,False
1574,libero_spatial_task0,29,21,False
1574,libero_spatial_task0,30,20,False
1574,libero_spatial_task0,31,19,False
1574,libero_spatial_task0,32,18,False
1574,libero_spatial_task0,33,17,False
1574,libero_spatial_task0,34,16,False
1574,libero_spatial_task0,35,15,False
1574,libero_spatial_task0,36,14,False
1574,libero_spatial_task0,37,13,False
1574,libero_spatial_task0,38,12,False
1574,libero_spatial_task0,39,11,False
1574,libero_spatial_task0,40,10,False
1574,libero_spatial_task0,41,9,False
1574,libero_spatial_task0,42,8,False
1574,libero_spatial_task0,43,7,False
1574,libero_spatial_task0,44,6,False
1574,libero_spatial_task0,45,5,False
1574,libero_spatial_task0,46,4,False
1574,libero_spatial_task0,47,3,False
1574,libero_spatial_task0,48,2,False
1574,libero_spatial_task0,49,1,False
1574,libero_spatial_task0,50,42,False
1574,libero_spatial_task0,51,41,False
1574,libero_spatial_task0,52,40,False
1574,libero_spatial_task0,53,39,False
1574,libero_spatial_task0,54,38,False
1574,libero_spatial_task0,55,37,False
1574,libero_spatial_task0,56,36,False
1574,libero_spatial_task0,57,35,False
1574,libero_spatial_task0,58,34,False
1574,libero_spatial_task0,59,33,False
1574,libero_spatial_task0,60,32,False
1574,libero_spatial_task0,61,31,False
1574,libero_spatial_task0,62,30,False
1574,libero_spatial_task0,63,29,False
1574,libero_spatial_task0,64,28,False
1574,libero_spatial_task0,65,27,False
1574,libero_spatial_task0,66,26,False
1574,libero_spatial_task0,67,25,False
1574,libero_spatial_task0,68,24,False
1574,libero_spatial_task0,69,23,False
1574,libero_spatial_task0,70,22,False
1574,libero_spatial_task0,71,21,False
1574,libero_spatial_task0,72,20,False
1574,libero_spatial_task0,73,19,False
1574,libero_spatial_task0,74,18,False
1574,libero_spatial_task0,75,17,False
1574,libero_spatial_task0,76,16,False
1574,libero_spatial_task0,77,15,False
1574,libero_spatial_task0,78,14,False
1574,libero_spatial_task0,79,13,False
1574,libero_spatial_task0,80,12,False
1574,libero_spatial_task0,81,11,False
1574,libero_spatial_task0,82,10,False
1574,libero_spatial_task0,83,9,False
1574,libero_spatial_task0,84,8,False
1574,libero_spatial_task0,85,7,False
1574,libero_spatial_task0,86,6,False
1574,libero_spatial_task0,87,5,False
1574,libero_spatial_task0,88,4,False
1574,libero_spatial_task0,89,3,False
1574,libero_spatial_task0,90,2,False
1574,libero_spatial_task0,91,1,False
1574,libero_spatial_task0,92,,True
1574,libero_spatial_task0,93,,True
1574,libero_spatial_task0,94,,True
1574,libero_spatial_task0,95,,True
1574,libero_spatial_task0,96,,True
1574,libero_spatial_task0,97,,True
1574,libero_spatial_task0,98,,True
1574,libero_spatial_task0,99,,True
1574,libero_spatial_task0,100,,True
1574,libero_spatial_task0,101,,True
1574,libero_spatial_task0,102,,True
1574,libero_spatial_task0,103,,True
1574,libero_spatial_task0,104,,True
1579,libero_spatial_task0,0,38,False
1579,libero_spatial_task0,1,37,False
1579,libero_spatial_task0,2,36,False
1579,libero_spatial_task0,3,35,False
1579,libero_spatial_task0,4,34,False
1579,libero_spatial_task0,5,33,False
1579,libero_spatial_task0,6,32,False
1579,libero_spatial_task0,7,31,False
1579,libero_spatial_task0,8,30,False
1579,libero_spatial_task0,9,29,False
1579,libero_spatial_task0,10,28,False
1579,libero_spatial_task0,11,27,False
1579,libero_spatial_task0,12,26,False
1579,libero_spatial_task0,13,25,False
1579,libero_spatial_task0,14,24,False
1579,libero_spatial_task0,15,23,False
1579,libero_spatial_task0,16,22,False
1579,libero_spatial_task0,17,21,False
1579,libero_spatial_task0,18,20,False
1579,libero_spatial_task0,19,19,False
1579,libero_spatial_task0,20,18,False
1579,libero_spatial_task0,21,17,False
1579,libero_spatial_task0,22,16,False
1579,libero_spatial_task0,23,15,False
1579,libero_spatial_task0,24,14,False
1579,libero_spatial_task0,25,13,False
1579,libero_spatial_task0,26,12,False
1579,libero_spatial_task0,27,11,False
1579,libero_spatial_task0,28,10,False
1579,libero_spatial_task0,29,9,False
1579,libero_spatial_task0,30,8,False
1579,libero_spatial_task0,31,7,False
1579,libero_spatial_task0,32,6,False
1579,libero_spatial_task0,33,5,False
1579,libero_spatial_task0,34,4,False
1579,libero_spatial_task0,35,3,False
1579,libero_spatial_task0,36,2,False
1579,libero_spatial_task0,37,1,False
1579,libero_spatial_task0,38,59,False
1579,libero_spatial_task0,39,58,False
1579,libero_spatial_task0,40,57,False
1579,libero_spatial_task0,41,56,False
1579,libero_spatial_task0,42,55,False
1579,libero_spatial_task0,43,54,False
1579,libero_spatial_task0,44,53,False
1579,libero_spatial_task0,45,52,False
1579,libero_spatial_task0,46,51,False
1579,libero_spatial_task0,47,50,False
1579,libero_spatial_task0,48,49,False
1579,libero_spatial_task0,49,48,False
1579,libero_spatial_task0,50,47,False
1579,libero_spatial_task0,51,46,False
1579,libero_spatial_task0,52,45,False
1579,libero_spatial_task0,53,44,False
1579,libero_spatial_task0,54,43,False
1579,libero_spatial_task0,55,42,False
1579,libero_spatial_task0,56,41,False
1579,libero_spatial_task0,57,40,False
1579,libero_spatial_task0,58,39,False
1579,libero_spatial_task0,59,38,False
1579,libero_spatial_task0,60,37,False
1579,libero_spatial_task0,61,36,False
1579,libero_spatial_task0,62,35,False
1579,libero_spatial_task0,63,34,False
1579,libero_spatial_task0,64,33,False
1579,libero_spatial_task0,65,32,False
1579,libero_spatial_task0,66,31,False
1579,libero_spatial_task0,67,30,False
1579,libero_spatial_task0,68,29,False
1579,libero_spatial_task0,69,28,False
1579,libero_spatial_task0,70,27,False
1579,libero_spatial_task0,71,26,False
1579,libero_spatial_task0,72,25,False
1579,libero_spatial_task0,73,24,False
1579,libero_spatial_task0,74,23,False
1579,libero_spatial_task0,75,22,False
1579,libero_spatial_task0,76,21,False
1579,libero_spatial_task0,77,20,False
1579,libero_spatial_task0,78,19,False
1579,libero_spatial_task0,79,18,False
1579,libero_spatial_task0,80,17,False
1579,libero_spatial_task0,81,16,False
1579,libero_spatial_task0,82,15,False
1579,libero_spatial_task0,83,14,False
1579,libero_spatial_task0,84,13,False
1579,libero_spatial_task0,85,12,False
1579,libero_spatial_task0,86,11,False
1579,libero_spatial_task0,87,10,False
1579,libero_spatial_task0,88,9,False
1579,libero_spatial_task0,89,8,False
1579,libero_spatial_task0,90,7,False
1579,libero_spatial_task0,91,6,False
1579,libero_spatial_task0,92,5,False
1579,libero_spatial_task0,93,4,False
1579,libero_spatial_task0,94,3,False
1579,libero_spatial_task0,95,2,False
1579,libero_spatial_task0,96,1,False
1579,libero_spatial_task0,97,,True
1579,libero_spatial_task0,98,,True
1579,libero_spatial_task0,99,,True
1579,libero_spatial_task0,100,,True
1579,libero_spatial_task0,101,,True
1579,libero_spatial_task0,102,,True
1579,libero_spatial_task0,103,,True
1579,libero_spatial_task0,104,,True
1579,libero_spatial_task0,105,,True
1579,libero_spatial_task0,106,,True
1579,libero_spatial_task0,107,,True
1583,libero_spatial_task0,0,40,False
1583,libero_spatial_task0,1,39,False
1583,libero_spatial_task0,2,38,False
1583,libero_spatial_task0,3,37,False
1583,libero_spatial_task0,4,36,False
1583,libero_spatial_task0,5,35,False
1583,libero_spatial_task0,6,34,False
1583,libero_spatial_task0,7,33,False
1583,libero_spatial_task0,8,32,False
1583,libero_spatial_task0,9,31,False
1583,libero_spatial_task0,10,30,False
1583,libero_spatial_task0,11,29,False
1583,libero_spatial_task0,12,28,False
1583,libero_spatial_task0,13,27,False
1583,libero_spatial_task0,14,26,False
1583,libero_spatial_task0,15,25,False
1583,libero_spatial_task0,16,24,False
1583,libero_spatial_task0,17,23,False
1583,libero_spatial_task0,18,22,False
1583,libero_spatial_task0,19,21,False
1583,libero_spatial_task0,20,20,False
1583,libero_spatial_task0,21,19,False
1583,libero_spatial_task0,22,18,False
1583,libero_spatial_task0,23,17,False
1583,libero_spatial_task0,24,16,False
1583,libero_spatial_task0,25,15,False
1583,libero_spatial_task0,26,14,False
1583,libero_spatial_task0,27,13,False
1583,libero_spatial_task0,28,12,False
1583,libero_spatial_task0,29,11,False
1583,libero_spatial_task0,30,10,False
1583,libero_spatial_task0,31,9,False
1583,libero_spatial_task0,32,8,False
1583,libero_spatial_task0,33,7,False
1583,libero_spatial_task0,34,6,False
1583,libero_spatial_task0,35,5,False
1583,libero_spatial_task0,36,4,False
1583,libero_spatial_task0,37,3,False
1583,libero_spatial_task0,38,2,False
1583,libero_spatial_task0,39,1,False
1583,libero_spatial_task0,40,44,False
1583,libero_spatial_task0,41,43,False
1583,libero_spatial_task0,42,42,False
1583,libero_spatial_task0,43,41,False
1583,libero_spatial_task0,44,40,False
1583,libero_spatial_task0,45,39,False
1583,libero_spatial_task0,46,38,False
1583,libero_spatial_task0,47,37,False
1583,libero_spatial_task0,48,36,False
1583,libero_spatial_task0,49,35,False
1583,libero_spatial_task0,50,34,False
1583,libero_spatial_task0,51,33,False
1583,libero_spatial_task0,52,32,False
1583,libero_spatial_task0,53,31,False
1583,libero_spatial_task0,54,30,False
1583,libero_spatial_task0,55,29,False
1583,libero_spatial_task0,56,28,False
1583,libero_spatial_task0,57,27,False
1583,libero_spatial_task0,58,26,False
1583,libero_spatial_task0,59,25,False
1583,libero_spatial_task0,60,24,False
1583,libero_spatial_task0,61,23,False
1583,libero_spatial_task0,62,22,False
1583,libero_spatial_task0,63,21,False
1583,libero_spatial_task0,64,20,False
1583,libero_spatial_task0,65,19,False
1583,libero_spatial_task0,66,18,False
1583,libero_spatial_task0,67,17,False
1583,libero_spatial_task0,68,16,False
1583,libero_spatial_task0,69,15,False
1583,libero_spatial_task0,70,14,False
1583,libero_spatial_task0,71,13,False
1583,libero_spatial_task0,72,12,False
1583,libero_spatial_task0,73,11,False
1583,libero_spatial_task0,74,10,False
1583,libero_spatial_task0,75,9,False
1583,libero_spatial_task0,76,8,False
1583,libero_spatial_task0,77,7,False
1583,libero_spatial_task0,78,6,False
1583,libero_spatial_task0,79,5,False
1583,libero_spatial_task0,80,4,False
1583,libero_spatial_task0,81,3,False
1583,libero_spatial_task0,82,2,False
1583,libero_spatial_task0,83,1,False
1583,libero_spatial_task0,84,,True
1583,libero_spatial_task0,85,,True
1583,libero_spatial_task0,86,,True
1583,libero_spatial_task0,87,,True
1583,libero_spatial_task0,88,,True
1583,libero_spatial_task0,89,,True
1583,libero_spatial_task0,90,,True
1583,libero_spatial_task0,91,,True
1583,libero_spatial_task0,92,,True
1583,libero_spatial_task0,93,,True
1583,libero_spatial_task0,94,,True
1583,libero_spatial_task0,95,,True
1583,libero_spatial_task0,96,,True
1589,libero_spatial_task0,0,43,False
1589,libero_spatial_task0,1,42,False
1589,libero_spatial_task0,2,41,False
1589,libero_spatial_task0,3,40,False
1589,libero_spatial_task0,4,39,False
1589,libero_spatial_task0,5,38,False
1589,libero_spatial_task0,6,37,False
1589,libero_spatial_task0,7,36,False
1589,libero_spatial_task0,8,35,False
1589,libero_spatial_task0,9,34,False
1589,libero_spatial_task0,10,33,False
1589,libero_spatial_task0,11,32,False
1589,libero_spatial_task0,12,31,False
1589,libero_spatial_task0,13,30,False
1589,libero_spatial_task0,14,29,False
1589,libero_spatial_task0,15,28,False
1589,libero_spatial_task0,16,27,False
1589,libero_spatial_task0,17,26,False
1589,libero_spatial_task0,18,25,False
1589,libero_spatial_task0,19,24,False
1589,libero_spatial_task0,20,23,False
1589,libero_spatial_task0,21,22,False
1589,libero_spatial_task0,22,21,False
1589,libero_spatial_task0,23,20,False
1589,libero_spatial_task0,24,19,False
1589,libero_spatial_task0,25,18,False
1589,libero_spatial_task0,26,17,False
1589,libero_spatial_task0,27,16,False
1589,libero_spatial_task0,28,15,False
1589,libero_spatial_task0,29,14,False
1589,libero_spatial_task0,30,13,False
1589,libero_spatial_task0,31,12,False
1589,libero_spatial_task0,32,11,False
1589,libero_spatial_task0,33,10,False
1589,libero_spatial_task0,34,9,False
1589,libero_spatial_task0,35,8,False
1589,libero_spatial_task0,36,7,False
1589,libero_spatial_task0,37,6,False
1589,libero_spatial_task0,38,5,False
1589,libero_spatial_task0,39,4,False
1589,libero_spatial_task0,40,3,False
1589,libero_spatial_task0,41,2,False
1589,libero_spatial_task0,42,1,False
1589,libero_spatial_task0,43,41,False
1589,libero_spatial_task0,44,40,False
1589,libero_spatial_task0,45,39,False
1589,libero_spatial_task0,46,38,False
1589,libero_spatial_task0,47,37,False
1589,libero_spatial_task0,48,36,False
1589,libero_spatial_task0,49,35,False
1589,libero_spatial_task0,50,34,False
1589,libero_spatial_task0,51,33,False
1589,libero_spatial_task0,52,32,False
1589,libero_spatial_task0,53,31,False
1589,libero_spatial_task0,54,30,False
1589,libero_spatial_task0,55,29,False
1589,libero_spatial_task0,56,28,False
1589,libero_spatial_task0,57,27,False
1589,libero_spatial_task0,58,26,False
1589,libero_spatial_task0,59,25,False
1589,libero_spatial_task0,60,24,False
1589,libero_spatial_task0,61,23,False
1589,libero_spatial_task0,62,22,False
1589,libero_spatial_task0,63,21,False
1589,libero_spatial_task0,64,20,False
1589,libero_spatial_task0,65,19,False
1589,libero_spatial_task0,66,18,False
1589,libero_spatial_task0,67,17,False
1589,libero_spatial_task0,68,16,False
1589,libero_spatial_task0,69,15,False
1589,libero_spatial_task0,70,14,False
1589,libero_spatial_task0,71,13,False
1589,libero_spatial_task0,72,12,False
1589,libero_spatial_task0,73,11,False
1589,libero_spatial_task0,74,10,False
1589,libero_spatial_task0,75,9,False
1589,libero_spatial_task0,76,8,False
1589,libero_spatial_task0,77,7,False
1589,libero_spatial_task0,78,6,False
1589,libero_spatial_task0,79,5,False
1589,libero_spatial_task0,80,4,False
1589,libero_spatial_task0,81,3,False
1589,libero_spatial_task0,82,2,False
1589,libero_spatial_task0,83,1,False
1589,libero_spatial_task0,84,,True
1589,libero_spatial_task0,85,,True
1589,libero_spatial_task0,86,,True
1589,libero_spatial_task0,87,,True
1589,libero_spatial_task0,88,,True
1589,libero_spatial_task0,89,,True
1589,libero_spatial_task0,90,,True
1589,libero_spatial_task0,91,,True
1589,libero_spatial_task0,92,,True
1597,libero_spatial_task0,0,43,False
1597,libero_spatial_task0,1,42,False
1597,libero_spatial_task0,2,41,False
1597,libero_spatial_task0,3,40,False
1597,libero_spatial_task0,4,39,False
1597,libero_spatial_task0,5,38,False
1597,libero_spatial_task0,6,37,False
1597,libero_spatial_task0,7,36,False
1597,libero_spatial_task0,8,35,False
1597,libero_spatial_task0,9,34,False
1597,libero_spatial_task0,10,33,False
1597,libero_spatial_task0,11,32,False
1597,libero_spatial_task0,12,31,False
1597,libero_spatial_task0,13,30,False
1597,libero_spatial_task0,14,29,False
1597,libero_spatial_task0,15,28,False
1597,libero_spatial_task0,16,27,False
1597,libero_spatial_task0,17,26,False
1597,libero_spatial_task0,18,25,False
1597,libero_spatial_task0,19,24,False
1597,libero_spatial_task0,20,23,False
1597,libero_spatial_task0,21,22,False
1597,libero_spatial_task0,22,21,False
1597,libero_spatial_task0,23,20,False
1597,libero_spatial_task0,24,19,False
1597,libero_spatial_task0,25,18,False
1597,libero_spatial_task0,26,17,False
1597,libero_spatial_task0,27,16,False
1597,libero_spatial_task0,28,15,False
1597,libero_spatial_task0,29,14,False
1597,libero_spatial_task0,30,13,False
1597,libero_spatial_task0,31,12,False
1597,libero_spatial_task0,32,11,False
1597,libero_spatial_task0,33,10,False
1597,libero_spatial_task0,34,9,False
1597,libero_spatial_task0,35,8,False
1597,libero_spatial_task0,36,7,False
1597,libero_spatial_task0,37,6,False
1597,libero_spatial_task0,38,5,False
1597,libero_spatial_task0,39,4,False
1597,libero_spatial_task0,40,3,False
1597,libero_spatial_task0,41,2,False
1597,libero_spatial_task0,42,1,False
1597,libero_spatial_task0,43,37,False
1597,libero_spatial_task0,44,36,False
1597,libero_spatial_task0,45,35,False
1597,libero_spatial_task0,46,34,False
1597,libero_spatial_task0,47,33,False
1597,libero_spatial_task0,48,32,False
1597,libero_spatial_task0,49,31,False
1597,libero_spatial_task0,50,30,False
1597,libero_spatial_task0,51,29,False
1597,libero_spatial_task0,52,28,False
1597,libero_spatial_task0,53,27,False
1597,libero_spatial_task0,54,26,False
1597,libero_spatial_task0,55,25,False
1597,libero_spatial_task0,56,24,False
1597,libero_spatial_task0,57,23,False
1597,libero_spatial_task0,58,22,False
1597,libero_spatial_task0,59,21,False
1597,libero_spatial_task0,60,20,False
1597,libero_spatial_task0,61,19,False
1597,libero_spatial_task0,62,18,False
1597,libero_spatial_task0,63,17,False
1597,libero_spatial_task0,64,16,False
1597,libero_spatial_task0,65,15,False
1597,libero_spatial_task0,66,14,False
1597,libero_spatial_task0,67,13,False
1597,libero_spatial_task0,68,12,False
1597,libero_spatial_task0,69,11,False
1597,libero_spatial_task0,70,10,False
1597,libero_spatial_task0,71,9,False
1597,libero_spatial_task0,72,8,False
1597,libero_spatial_task0,73,7,False
1597,libero_spatial_task0,74,6,False
1597,libero_spatial_task0,75,5,False
1597,libero_spatial_task0,76,4,False
1597,libero_spatial_task0,77,3,False
1597,libero_spatial_task0,78,2,False
1597,libero_spatial_task0,79,1,False
1597,libero_spatial_task0,80,,True
1597,libero_spatial_task0,81,,True
1597,libero_spatial_task0,82,,True
1597,libero_spatial_task0,83,,True
1597,libero_spatial_task0,84,,True
1597,libero_spatial_task0,85,,True
1597,libero_spatial_task0,86,,True
1597,libero_spatial_task0,87,,True
1597,libero_spatial_task0,88,,True
1597,libero_spatial_task0,89,,True
1597,libero_spatial_task0,90,,True
1597,libero_spatial_task0,91,,True
1597,libero_spatial_task0,92,,True
1597,libero_spatial_task0,93,,True
1597,libero_spatial_task0,94,,True
1597,libero_spatial_task0,95,,True
1602,libero_spatial_task0,0,40,False
1602,libero_spatial_task0,1,39,False
1602,libero_spatial_task0,2,38,False
1602,libero_spatial_task0,3,37,False
1602,libero_spatial_task0,4,36,False
1602,libero_spatial_task0,5,35,False
1602,libero_spatial_task0,6,34,False
1602,libero_spatial_task0,7,33,False
1602,libero_spatial_task0,8,32,False
1602,libero_spatial_task0,9,31,False
1602,libero_spatial_task0,10,30,False
1602,libero_spatial_task0,11,29,False
1602,libero_spatial_task0,12,28,False
1602,libero_spatial_task0,13,27,False
1602,libero_spatial_task0,14,26,False
1602,libero_spatial_task0,15,25,False
1602,libero_spatial_task0,16,24,False
1602,libero_spatial_task0,17,23,False
1602,libero_spatial_task0,18,22,False
1602,libero_spatial_task0,19,21,False
1602,libero_spatial_task0,20,20,False
1602,libero_spatial_task0,21,19,False
1602,libero_spatial_task0,22,18,False
1602,libero_spatial_task0,23,17,False
1602,libero_spatial_task0,24,16,False
1602,libero_spatial_task0,25,15,False
1602,libero_spatial_task0,26,14,False
1602,libero_spatial_task0,27,13,False
1602,libero_spatial_task0,28,12,False
1602,libero_spatial_task0,29,11,False
1602,libero_spatial_task0,30,10,False
1602,libero_spatial_task0,31,9,False
1602,libero_spatial_task0,32,8,False
1602,libero_spatial_task0,33,7,False
1602,libero_spatial_task0,34,6,False
1602,libero_spatial_task0,35,5,False
1602,libero_spatial_task0,36,4,False
1602,libero_spatial_task0,37,3,False
1602,libero_spatial_task0,38,2,False
1602,libero_spatial_task0,39,1,False
1602,libero_spatial_task0,40,45,False
1602,libero_spatial_task0,41,44,False
1602,libero_spatial_task0,42,43,False
1602,libero_spatial_task0,43,42,False
1602,libero_spatial_task0,44,41,False
1602,libero_spatial_task0,45,40,False
1602,libero_spatial_task0,46,39,False
1602,libero_spatial_task0,47,38,False
1602,libero_spatial_task0,48,37,False
1602,libero_spatial_task0,49,36,False
1602,libero_spatial_task0,50,35,False
1602,libero_spatial_task0,51,34,False
1602,libero_spatial_task0,52,33,False
1602,libero_spatial_task0,53,32,False
1602,libero_spatial_task0,54,31,False
1602,libero_spatial_task0,55,30,False
1602,libero_spatial_task0,56,29,False
1602,libero_spatial_task0,57,28,False
1602,libero_spatial_task0,58,27,False
1602,libero_spatial_task0,59,26,False
1602,libero_spatial_task0,60,25,False
1602,libero_spatial_task0,61,24,False
1602,libero_spatial_task0,62,23,False
1602,libero_spatial_task0,63,22,False
1602,libero_spatial_task0,64,21,False
1602,libero_spatial_task0,65,20,False
1602,libero_spatial_task0,66,19,False
1602,libero_spatial_task0,67,18,False
1602,libero_spatial_task0,68,17,False
1602,libero_spatial_task0,69,16,False
1602,libero_spatial_task0,70,15,False
1602,libero_spatial_task0,71,14,False
1602,libero_spatial_task0,72,13,False
1602,libero_spatial_task0,73,12,False
1602,libero_spatial_task0,74,11,False
1602,libero_spatial_task0,75,10,False
1602,libero_spatial_task0,76,9,False
1602,libero_spatial_task0,77,8,False
1602,libero_spatial_task0,78,7,False
1602,libero_spatial_task0,79,6,False
1602,libero_spatial_task0,80,5,False
1602,libero_spatial_task0,81,4,False
1602,libero_spatial_task0,82,3,False
1602,libero_spatial_task0,83,2,False
1602,libero_spatial_task0,84,1,False
1602,libero_spatial_task0,85,,True
1602,libero_spatial_task0,86,,True
1602,libero_spatial_task0,87,,True
1602,libero_spatial_task0,88,,True
1602,libero_spatial_task0,89,,True
1602,libero_spatial_task0,90,,True
1602,libero_spatial_task0,91,,True
1602,libero_spatial_task0,92,,True
1602,libero_spatial_task0,93,,True
1602,libero_spatial_task0,94,,True
1615,libero_spatial_task0,0,35,False
1615,libero_spatial_task0,1,34,False
1615,libero_spatial_task0,2,33,False
1615,libero_spatial_task0,3,32,False
1615,libero_spatial_task0,4,31,False
1615,libero_spatial_task0,5,30,False
1615,libero_spatial_task0,6,29,False
1615,libero_spatial_task0,7,28,False
1615,libero_spatial_task0,8,27,False
1615,libero_spatial_task0,9,26,False
1615,libero_spatial_task0,10,25,False
1615,libero_spatial_task0,11,24,False
1615,libero_spatial_task0,12,23,False
1615,libero_spatial_task0,13,22,False
1615,libero_spatial_task0,14,21,False
1615,libero_spatial_task0,15,20,False
1615,libero_spatial_task0,16,19,False
1615,libero_spatial_task0,17,18,False
1615,libero_spatial_task0,18,17,False
1615,libero_spatial_task0,19,16,False
1615,libero_spatial_task0,20,15,False
1615,libero_spatial_task0,21,14,False
1615,libero_spatial_task0,22,13,False
1615,libero_spatial_task0,23,12,False
1615,libero_spatial_task0,24,11,False
1615,libero_spatial_task0,25,10,False
1615,libero_spatial_task0,26,9,False
1615,libero_spatial_task0,27,8,False
1615,libero_spatial_task0,28,7,False
1615,libero_spatial_task0,29,6,False
1615,libero_spatial_task0,30,5,False
1615,libero_spatial_task0,31,4,False
1615,libero_spatial_task0,32,3,False
1615,libero_spatial_task0,33,2,False
1615,libero_spatial_task0,34,1,False
1615,libero_spatial_task0,35,46,False
1615,libero_spatial_task0,36,45,False
1615,libero_spatial_task0,37,44,False
1615,libero_spatial_task0,38,43,False
1615,libero_spatial_task0,39,42,False
1615,libero_spatial_task0,40,41,False
1615,libero_spatial_task0,41,40,False
1615,libero_spatial_task0,42,39,False
1615,libero_spatial_task0,43,38,False
1615,libero_spatial_task0,44,37,False
1615,libero_spatial_task0,45,36,False
1615,libero_spatial_task0,46,35,False
1615,libero_spatial_task0,47,34,False
1615,libero_spatial_task0,48,33,False
1615,libero_spatial_task0,49,32,False
1615,libero_spatial_task0,50,31,False
1615,libero_spatial_task0,51,30,False
1615,libero_spatial_task0,52,29,False
1615,libero_spatial_task0,53,28,False
1615,libero_spatial_task0,54,27,False
1615,libero_spatial_task0,55,26,False
1615,libero_spatial_task0,56,25,False
1615,libero_spatial_task0,57,24,False
1615,libero_spatial_task0,58,23,False
1615,libero_spatial_task0,59,22,False
1615,libero_spatial_task0,60,21,False
1615,libero_spatial_task0,61,20,False
1615,libero_spatial_task0,62,19,False
1615,libero_spatial_task0,63,18,False
1615,libero_spatial_task0,64,17,False
1615,libero_spatial_task0,65,16,False
1615,libero_spatial_task0,66,15,False
1615,libero_spatial_task0,67,14,False
1615,libero_spatial_task0,68,13,False
1615,libero_spatial_task0,69,12,False
1615,libero_spatial_task0,70,11,False
1615,libero_spatial_task0,71,10,False
1615,libero_spatial_task0,72,9,False
1615,libero_spatial_task0,73,8,False
1615,libero_spatial_task0,74,7,False
1615,libero_spatial_task0,75,6,False
1615,libero_spatial_task0,76,5,False
1615,libero_spatial_task0,77,4,False
1615,libero_spatial_task0,78,3,False
1615,libero_spatial_task0,79,2,False
1615,libero_spatial_task0,80,1,False
1615,libero_spatial_task0,81,,True
1615,libero_spatial_task0,82,,True
1615,libero_spatial_task0,83,,True
1615,libero_spatial_task0,84,,True
1615,libero_spatial_task0,85,,True
1615,libero_spatial_task0,86,,True
1615,libero_spatial_task0,87,,True
1615,libero_spatial_task0,88,,True
1615,libero_spatial_task0,89,,True
1617,libero_spatial_task0,0,37,False
1617,libero_spatial_task0,1,36,False
1617,libero_spatial_task0,2,35,False
1617,libero_spatial_task0,3,34,False
1617,libero_spatial_task0,4,33,False
1617,libero_spatial_task0,5,32,False
1617,libero_spatial_task0,6,31,False
1617,libero_spatial_task0,7,30,False
1617,libero_spatial_task0,8,29,False
1617,libero_spatial_task0,9,28,False
1617,libero_spatial_task0,10,27,False
1617,libero_spatial_task0,11,26,False
1617,libero_spatial_task0,12,25,False
1617,libero_spatial_task0,13,24,False
1617,libero_spatial_task0,14,23,False
1617,libero_spatial_task0,15,22,False
1617,libero_spatial_task0,16,21,False
1617,libero_spatial_task0,17,20,False
1617,libero_spatial_task0,18,19,False
1617,libero_spatial_task0,19,18,False
1617,libero_spatial_task0,20,17,False
1617,libero_spatial_task0,21,16,False
1617,libero_spatial_task0,22,15,False
1617,libero_spatial_task0,23,14,False
1617,libero_spatial_task0,24,13,False
1617,libero_spatial_task0,25,12,False
1617,libero_spatial_task0,26,11,False
1617,libero_spatial_task0,27,10,False
1617,libero_spatial_task0,28,9,False
1617,libero_spatial_task0,29,8,False
1617,libero_spatial_task0,30,7,False
1617,libero_spatial_task0,31,6,False
1617,libero_spatial_task0,32,5,False
1617,libero_spatial_task0,33,4,False
1617,libero_spatial_task0,34,3,False
1617,libero_spatial_task0,35,2,False
1617,libero_spatial_task0,36,1,False
1617,libero_spatial_task0,37,41,False
1617,libero_spatial_task0,38,40,False
1617,libero_spatial_task0,39,39,False
1617,libero_spatial_task0,40,38,False
1617,libero_spatial_task0,41,37,False
1617,libero_spatial_task0,42,36,False
1617,libero_spatial_task0,43,35,False
1617,libero_spatial_task0,44,34,False
1617,libero_spatial_task0,45,33,False
1617,libero_spatial_task0,46,32,False
1617,libero_spatial_task0,47,31,False
1617,libero_spatial_task0,48,30,False
1617,libero_spatial_task0,49,29,False
1617,libero_spatial_task0,50,28,False
1617,libero_spatial_task0,51,27,False
1617,libero_spatial_task0,52,26,False
1617,libero_spatial_task0,53,25,False
1617,libero_spatial_task0,54,24,False
1617,libero_spatial_task0,55,23,False
1617,libero_spatial_task0,56,22,False
1617,libero_spatial_task0,57,21,False
1617,libero_spatial_task0,58,20,False
1617,libero_spatial_task0,59,19,False
1617,libero_spatial_task0,60,18,False
1617,libero_spatial_task0,61,17,False
1617,libero_spatial_task0,62,16,False
1617,libero_spatial_task0,63,15,False
1617,libero_spatial_task0,64,14,False
1617,libero_spatial_task0,65,13,False
1617,libero_spatial_task0,66,12,False
1617,libero_spatial_task0,67,11,False
1617,libero_spatial_task0,68,10,False
1617,libero_spatial_task0,69,9,False
1617,libero_spatial_task0,70,8,False
1617,libero_spatial_task0,71,7,False
1617,libero_spatial_task0,72,6,False
1617,libero_spatial_task0,73,5,False
1617,libero_spatial_task0,74,4,False
1617,libero_spatial_task0,75,3,False
1617,libero_spatial_task0,76,2,False
1617,libero_spatial_task0,77,1,False
1617,libero_spatial_task0,78,,True
1617,libero_spatial_task0,79,,True
1617,libero_spatial_task0,80,,True
1617,libero_spatial_task0,81,,True
1617,libero_spatial_task0,82,,True
1617,libero_spatial_task0,83,,True
1617,libero_spatial_task0,84,,True
1617,libero_spatial_task0,85,,True
1617,libero_spatial_task0,86,,True
1617,libero_spatial_task0,87,,True
1617,libero_spatial_task0,88,,True
1617,libero_spatial_task0,89,,True
1617,libero_spatial_task0,90,,True
1617,libero_spatial_task0,91,,True
1642,libero_spatial_task0,0,39,False
1642,libero_spatial_task0,1,38,False
1642,libero_spatial_task0,2,37,False
1642,libero_spatial_task0,3,36,False
1642,libero_spatial_task0,4,35,False
1642,libero_spatial_task0,5,34,False
1642,libero_spatial_task0,6,33,False
1642,libero_spatial_task0,7,32,False
1642,libero_spatial_task0,8,31,False
1642,libero_spatial_task0,9,30,False
1642,libero_spatial_task0,10,29,False
1642,libero_spatial_task0,11,28,False
1642,libero_spatial_task0,12,27,False
1642,libero_spatial_task0,13,26,False
1642,libero_spatial_task0,14,25,False
1642,libero_spatial_task0,15,24,False
1642,libero_spatial_task0,16,23,False
1642,libero_spatial_task0,17,22,False
1642,libero_spatial_task0,18,21,False
1642,libero_spatial_task0,19,20,False
1642,libero_spatial_task0,20,19,False
1642,libero_spatial_task0,21,18,False
1642,libero_spatial_task0,22,17,False
1642,libero_spatial_task0,23,16,False
1642,libero_spatial_task0,24,15,False
1642,libero_spatial_task0,25,14,False
1642,libero_spatial_task0,26,13,False
1642,libero_spatial_task0,27,12,False
1642,libero_spatial_task0,28,11,False
1642,libero_spatial_task0,29,10,False
1642,libero_spatial_task0,30,9,False
1642,libero_spatial_task0,31,8,False
1642,libero_spatial_task0,32,7,False
1642,libero_spatial_task0,33,6,False
1642,libero_spatial_task0,34,5,False
1642,libero_spatial_task0,35,4,False
1642,libero_spatial_task0,36,3,False
1642,libero_spatial_task0,37,2,False
1642,libero_spatial_task0,38,1,False
1642,libero_spatial_task0,39,44,False
1642,libero_spatial_task0,40,43,False
1642,libero_spatial_task0,41,42,False
1642,libero_spatial_task0,42,41,False
1642,libero_spatial_task0,43,40,False
1642,libero_spatial_task0,44,39,False
1642,libero_spatial_task0,45,38,False
1642,libero_spatial_task0,46,37,False
1642,libero_spatial_task0,47,36,False
1642,libero_spatial_task0,48,35,False
1642,libero_spatial_task0,49,34,False
1642,libero_spatial_task0,50,33,False
1642,libero_spatial_task0,51,32,False
1642,libero_spatial_task0,52,31,False
1642,libero_spatial_task0,53,30,False
1642,libero_spatial_task0,54,29,False
1642,libero_spatial_task0,55,28,False
1642,libero_spatial_task0,56,27,False
1642,libero_spatial_task0,57,26,False
1642,libero_spatial_task0,58,25,False
1642,libero_spatial_task0,59,24,False
1642,libero_spatial_task0,60,23,False
1642,libero_spatial_task0,61,22,False
1642,libero_spatial_task0,62,21,False
1642,libero_spatial_task0,63,20,False
1642,libero_spatial_task0,64,19,False
1642,libero_spatial_task0,65,18,False
1642,libero_spatial_task0,66,17,False
1642,libero_spatial_task0,67,16,False
1642,libero_spatial_task0,68,15,False
1642,libero_spatial_task0,69,14,False
1642,libero_spatial_task0,70,13,False
1642,libero_spatial_task0,71,12,False
1642,libero_spatial_task0,72,11,False
1642,libero_spatial_task0,73,10,False
1642,libero_spatial_task0,74,9,False
1642,libero_spatial_task0,75,8,False
1642,libero_spatial_task0,76,7,False
1642,libero_spatial_task0,77,6,False
1642,libero_spatial_task0,78,5,False
1642,libero_spatial_task0,79,4,False
1642,libero_spatial_task0,80,3,False
1642,libero_spatial_task0,81,2,False
1642,libero_spatial_task0,82,1,False
1642,libero_spatial_task0,83,,True
1642,libero_spatial_task0,84,,True
1642,libero_spatial_task0,85,,True
1642,libero_spatial_task0,86,,True
1642,libero_spatial_task0,87,,True
1642,libero_spatial_task0,88,,True
1642,libero_spatial_task0,89,,True
1660,libero_spatial_task0,0,31,False
1660,libero_spatial_task0,1,30,False
1660,libero_spatial_task0,2,29,False
1660,libero_spatial_task0,3,28,False
1660,libero_spatial_task0,4,27,False
1660,libero_spatial_task0,5,26,False
1660,libero_spatial_task0,6,25,False
1660,libero_spatial_task0,7,24,False
1660,libero_spatial_task0,8,23,False
1660,libero_spatial_task0,9,22,False
1660,libero_spatial_task0,10,21,False
1660,libero_spatial_task0,11,20,False
1660,libero_spatial_task0,12,19,False
1660,libero_spatial_task0,13,18,False
1660,libero_spatial_task0,14,17,False
1660,libero_spatial_task0,15,16,False
1660,libero_spatial_task0,16,15,False
1660,libero_spatial_task0,17,14,False
1660,libero_spatial_task0,18,13,False
1660,libero_spatial_task0,19,12,False
1660,libero_spatial_task0,20,11,False
1660,libero_spatial_task0,21,10,False
1660,libero_spatial_task0,22,9,False
1660,libero_spatial_task0,23,8,False
1660,libero_spatial_task0,24,7,False
1660,libero_spatial_task0,25,6,False
1660,libero_spatial_task0,26,5,False
1660,libero_spatial_task0,27,4,False
1660,libero_spatial_task0,28,3,False
1660,libero_spatial_task0,29,2,False
1660,libero_spatial_task0,30,1,False
1660,libero_spatial_task0,31,46,False
1660,libero_spatial_task0,32,45,False
1660,libero_spatial_task0,33,44,False
1660,libero_spatial_task0,34,43,False
1660,libero_spatial_task0,35,42,False
1660,libero_spatial_task0,36,41,False
1660,libero_spatial_task0,37,40,False
1660,libero_spatial_task0,38,39,False
1660,libero_spatial_task0,39,38,False
1660,libero_spatial_task0,40,37,False
1660,libero_spatial_task0,41,36,False
1660,libero_spatial_task0,42,35,False
1660,libero_spatial_task0,43,34,False
1660,libero_spatial_task0,44,33,False
1660,libero_spatial_task0,45,32,False
1660,libero_spatial_task0,46,31,False
1660,libero_spatial_task0,47,30,False
1660,libero_spatial_task0,48,29,False
1660,libero_spatial_task0,49,28,False
1660,libero_spatial_task0,50,27,False
1660,libero_spatial_task0,51,26,False
1660,libero_spatial_task0,52,25,False
1660,libero_spatial_task0,53,24,False
1660,libero_spatial_task0,54,23,False
1660,libero_spatial_task0,55,22,False
1660,libero_spatial_task0,56,21,False
1660,libero_spatial_task0,57,20,False
1660,libero_spatial_task0,58,19,False
1660,libero_spatial_task0,59,18,False
1660,libero_spatial_task0,60,17,False
1660,libero_spatial_task0,61,16,False
1660,libero_spatial_task0,62,15,False
1660,libero_spatial_task0,63,14,False
1660,libero_spatial_task0,64,13,False
1660,libero_spatial_task0,65,12,False
1660,libero_spatial_task0,66,11,False
1660,libero_spatial_task0,67,10,False
1660,libero_spatial_task0,68,9,False
1660,libero_spatial_task0,69,8,False
1660,libero_spatial_task0,70,7,False
1660,libero_spatial_task0,71,6,False
1660,libero_spatial_task0,72,5,False
1660,libero_spatial_task0,73,4,False
1660,libero_spatial_task0,74,3,False
1660,libero_spatial_task0,75,2,False
1660,libero_spatial_task0,76,1,False
1660,libero_spatial_task0,77,,True
1660,libero_spatial_task0,78,,True
1660,libero_spatial_task0,79,,True
1660,libero_spatial_task0,80,,True
1660,libero_spatial_task0,81,,True
1660,libero_spatial_task0,82,,True
1660,libero_spatial_task0,83,,True
1660,libero_spatial_task0,84,,True
1660,libero_spatial_task0,85,,True
1660,libero_spatial_task0,86,,True
1660,libero_spatial_task0,87,,True
1660,libero_spatial_task0,88,,True
1660,libero_spatial_task0,89,,True
1660,libero_spatial_task0,90,,True
1660,libero_spatial_task0,91,,True
1669,libero_spatial_task0,0,36,False
1669,libero_spatial_task0,1,35,False
1669,libero_spatial_task0,2,34,False
1669,libero_spatial_task0,3,33,False
1669,libero_spatial_task0,4,32,False
1669,libero_spatial_task0,5,31,False
1669,libero_spatial_task0,6,30,False
1669,libero_spatial_task0,7,29,False
1669,libero_spatial_task0,8,28,False
1669,libero_spatial_task0,9,27,False
1669,libero_spatial_task0,10,26,False
1669,libero_spatial_task0,11,25,False
1669,libero_spatial_task0,12,24,False
1669,libero_spatial_task0,13,23,False
1669,libero_spatial_task0,14,22,False
1669,libero_spatial_task0,15,21,False
1669,libero_spatial_task0,16,20,False
1669,libero_spatial_task0,17,19,False
1669,libero_spatial_task0,18,18,False
1669,libero_spatial_task0,19,17,False
1669,libero_spatial_task0,20,16,False
1669,libero_spatial_task0,21,15,False
1669,libero_spatial_task0,22,14,False
1669,libero_spatial_task0,23,13,False
1669,libero_spatial_task0,24,12,False
1669,libero_spatial_task0,25,11,False
1669,libero_spatial_task0,26,10,False
1669,libero_spatial_task0,27,9,False
1669,libero_spatial_task0,28,8,False
1669,libero_spatial_task0,29,7,False
1669,libero_spatial_task0,30,6,False
1669,libero_spatial_task0,31,5,False
1669,libero_spatial_task0,32,4,False
1669,libero_spatial_task0,33,3,False
1669,libero_spatial_task0,34,2,False
1669,libero_spatial_task0,35,1,False
1669,libero_spatial_task0,36,49,False
1669,libero_spatial_task0,37,48,False
1669,libero_spatial_task0,38,47,False
1669,libero_spatial_task0,39,46,False
1669,libero_spatial_task0,40,45,False
1669,libero_spatial_task0,41,44,False
1669,libero_spatial_task0,42,43,False
1669,libero_spatial_task0,43,42,False
1669,libero_spatial_task0,44,41,False
1669,libero_spatial_task0,45,40,False
1669,libero_spatial_task0,46,39,False
1669,libero_spatial_task0,47,38,False
1669,libero_spatial_task0,48,37,False
1669,libero_spatial_task0,49,36,False
1669,libero_spatial_task0,50,35,False
1669,libero_spatial_task0,51,34,False
1669,libero_spatial_task0,52,33,False
1669,libero_spatial_task0,53,32,False
1669,libero_spatial_task0,54,31,False
1669,libero_spatial_task0,55,30,False
1669,libero_spatial_task0,56,29,False
1669,libero_spatial_task0,57,28,False
1669,libero_spatial_task0,58,27,False
1669,libero_spatial_task0,59,26,False
1669,libero_spatial_task0,60,25,False
1669,libero_spatial_task0,61,24,False
1669,libero_spatial_task0,62,23,False
1669,libero_spatial_task0,63,22,False
1669,libero_spatial_task0,64,21,False
1669,libero_spatial_task0,65,20,False
1669,libero_spatial_task0,66,19,False
1669,libero_spatial_task0,67,18,False
1669,libero_spatial_task0,68,17,False
1669,libero_spatial_task0,69,16,False
1669,libero_spatial_task0,70,15,False
1669,libero_spatial_task0,71,14,False
1669,libero_spatial_task0,72,13,False
1669,libero_spatial_task0,73,12,False
1669,libero_spatial_task0,74,11,False
1669,libero_spatial_task0,75,10,False
1669,libero_spatial_task0,76,9,False
1669,libero_spatial_task0,77,8,False
1669,libero_spatial_task0,78,7,False
1669,libero_spatial_task0,79,6,False
1669,libero_spatial_task0,80,5,False
1669,libero_spatial_task0,81,4,False
1669,libero_spatial_task0,82,3,False
1669,libero_spatial_task0,83,2,False
1669,libero_spatial_task0,84,1,False
1669,libero_spatial_task0,85,,True
1669,libero_spatial_task0,86,,True
1669,libero_spatial_task0,87,,True
1669,libero_spatial_task0,88,,True
1669,libero_spatial_task0,89,,True
1669,libero_spatial_task0,90,,True
1669,libero_spatial_task0,91,,True
1669,libero_spatial_task0,92,,True
1669,libero_spatial_task0,93,,True
1669,libero_spatial_task0,94,,True
1669,libero_spatial_task0,95,,True
1669,libero_spatial_task0,96,,True
1669,libero_spatial_task0,97,,True
1672,libero_spatial_task0,0,43,False
1672,libero_spatial_task0,1,42,False
1672,libero_spatial_task0,2,41,False
1672,libero_spatial_task0,3,40,False
1672,libero_spatial_task0,4,39,False
1672,libero_spatial_task0,5,38,False
1672,libero_spatial_task0,6,37,False
1672,libero_spatial_task0,7,36,False
1672,libero_spatial_task0,8,35,False
1672,libero_spatial_task0,9,34,False
1672,libero_spatial_task0,10,33,False
1672,libero_spatial_task0,11,32,False
1672,libero_spatial_task0,12,31,False
1672,libero_spatial_task0,13,30,False
1672,libero_spatial_task0,14,29,False
1672,libero_spatial_task0,15,28,False
1672,libero_spatial_task0,16,27,False
1672,libero_spatial_task0,17,26,False
1672,libero_spatial_task0,18,25,False
1672,libero_spatial_task0,19,24,False
1672,libero_spatial_task0,20,23,False
1672,libero_spatial_task0,21,22,False
1672,libero_spatial_task0,22,21,False
1672,libero_spatial_task0,23,20,False
1672,libero_spatial_task0,24,19,False
1672,libero_spatial_task0,25,18,False
1672,libero_spatial_task0,26,17,False
1672,libero_spatial_task0,27,16,False
1672,libero_spatial_task0,28,15,False
1672,libero_spatial_task0,29,14,False
1672,libero_spatial_task0,30,13,False
1672,libero_spatial_task0,31,12,False
1672,libero_spatial_task0,32,11,False
1672,libero_spatial_task0,33,10,False
1672,libero_spatial_task0,34,9,False
1672,libero_spatial_task0,35,8,False
1672,libero_spatial_task0,36,7,False
1672,libero_spatial_task0,37,6,False
1672,libero_spatial_task0,38,5,False
1672,libero_spatial_task0,39,4,False
1672,libero_spatial_task0,40,3,False
1672,libero_spatial_task0,41,2,False
1672,libero_spatial_task0,42,1,False
1672,libero_spatial_task0,43,54,False
1672,libero_spatial_task0,44,53,False
1672,libero_spatial_task0,45,52,False
1672,libero_spatial_task0,46,51,False
1672,libero_spatial_task0,47,50,False
1672,libero_spatial_task0,48,49,False
1672,libero_spatial_task0,49,48,False
1672,libero_spatial_task0,50,47,False
1672,libero_spatial_task0,51,46,False
1672,libero_spatial_task0,52,45,False
1672,libero_spatial_task0,53,44,False
1672,libero_spatial_task0,54,43,False
1672,libero_spatial_task0,55,42,False
1672,libero_spatial_task0,56,41,False
1672,libero_spatial_task0,57,40,False
1672,libero_spatial_task0,58,39,False
1672,libero_spatial_task0,59,38,False
1672,libero_spatial_task0,60,37,False
1672,libero_spatial_task0,61,36,False
1672,libero_spatial_task0,62,35,False
1672,libero_spatial_task0,63,34,False
1672,libero_spatial_task0,64,33,False
1672,libero_spatial_task0,65,32,False
1672,libero_spatial_task0,66,31,False
1672,libero_spatial_task0,67,30,False
1672,libero_spatial_task0,68,29,False
1672,libero_spatial_task0,69,28,False
1672,libero_spatial_task0,70,27,False
1672,libero_spatial_task0,71,26,False
1672,libero_spatial_task0,72,25,False
1672,libero_spatial_task0,73,24,False
1672,libero_spatial_task0,74,23,False
1672,libero_spatial_task0,75,22,False
1672,libero_spatial_task0,76,21,False
1672,libero_spatial_task0,77,20,False
1672,libero_spatial_task0,78,19,False
1672,libero_spatial_task0,79,18,False
1672,libero_spatial_task0,80,17,False
1672,libero_spatial_task0,81,16,False
1672,libero_spatial_task0,82,15,False
1672,libero_spatial_task0,83,14,False
1672,libero_spatial_task0,84,13,False
1672,libero_spatial_task0,85,12,False
1672,libero_spatial_task0,86,11,False
1672,libero_spatial_task0,87,10,False
1672,libero_spatial_task0,88,9,False
1672,libero_spatial_task0,89,8,False
1672,libero_spatial_task0,90,7,False
1672,libero_spatial_task0,91,6,False
1672,libero_spatial_task0,92,5,False
1672,libero_spatial_task0,93,4,False
1672,libero_spatial_task0,94,3,False
1672,libero_spatial_task0,95,2,False
1672,libero_spatial_task0,96,1,False
1672,libero_spatial_task0,97,,True
1672,libero_spatial_task0,98,,True
1672,libero_spatial_task0,99,,True
1672,libero_spatial_task0,100,,True
1672,libero_spatial_task0,101,,True
1672,libero_spatial_task0,102,,True
1672,libero_spatial_task0,103,,True
1672,libero_spatial_task0,104,,True
1672,libero_spatial_task0,105,,True
1672,libero_spatial_task0,106,,True
1672,libero_spatial_task0,107,,True
1672,libero_spatial_task0,108,,True
1672,libero_spatial_task0,109,,True
1672,libero_spatial_task0,110,,True
1672,libero_spatial_task0,111,,True
1672,libero_spatial_task0,112,,True
1679,libero_spatial_task0,0,35,False
1679,libero_spatial_task0,1,34,False
1679,libero_spatial_task0,2,33,False
1679,libero_spatial_task0,3,32,False
1679,libero_spatial_task0,4,31,False
1679,libero_spatial_task0,5,30,False
1679,libero_spatial_task0,6,29,False
1679,libero_spatial_task0,7,28,False
1679,libero_spatial_task0,8,27,False
1679,libero_spatial_task0,9,26,False
1679,libero_spatial_task0,10,25,False
1679,libero_spatial_task0,11,24,False
1679,libero_spatial_task0,12,23,False
1679,libero_spatial_task0,13,22,False
1679,libero_spatial_task0,14,21,False
1679,libero_spatial_task0,15,20,False
1679,libero_spatial_task0,16,19,False
1679,libero_spatial_task0,17,18,False
1679,libero_spatial_task0,18,17,False
1679,libero_spatial_task0,19,16,False
1679,libero_spatial_task0,20,15,False
1679,libero_spatial_task0,21,14,False
1679,libero_spatial_task0,22,13,False
1679,libero_spatial_task0,23,12,False
1679,libero_spatial_task0,24,11,False
1679,libero_spatial_task0,25,10,False
1679,libero_spatial_task0,26,9,False
1679,libero_spatial_task0,27,8,False
1679,libero_spatial_task0,28,7,False
1679,libero_spatial_task0,29,6,False
1679,libero_spatial_task0,30,5,False
1679,libero_spatial_task0,31,4,False
1679,libero_spatial_task0,32,3,False
1679,libero_spatial_task0,33,2,False
1679,libero_spatial_task0,34,1,False
1679,libero_spatial_task0,35,38,False
1679,libero_spatial_task0,36,37,False
1679,libero_spatial_task0,37,36,False
1679,libero_spatial_task0,38,35,False
1679,libero_spatial_task0,39,34,False
1679,libero_spatial_task0,40,33,False
1679,libero_spatial_task0,41,32,False
1679,libero_spatial_task0,42,31,False
1679,libero_spatial_task0,43,30,False
1679,libero_spatial_task0,44,29,False
1679,libero_spatial_task0,45,28,False
1679,libero_spatial_task0,46,27,False
1679,libero_spatial_task0,47,26,False
1679,libero_spatial_task0,48,25,False
1679,libero_spatial_task0,49,24,False
1679,libero_spatial_task0,50,23,False
1679,libero_spatial_task0,51,22,False
1679,libero_spatial_task0,52,21,False
1679,libero_spatial_task0,53,20,False
1679,libero_spatial_task0,54,19,False
1679,libero_spatial_task0,55,18,False
1679,libero_spatial_task0,56,17,False
1679,libero_spatial_task0,57,16,False
1679,libero_spatial_task0,58,15,False
1679,libero_spatial_task0,59,14,False
1679,libero_spatial_task0,60,13,False
1679,libero_spatial_task0,61,12,False
1679,libero_spatial_task0,62,11,False
1679,libero_spatial_task0,63,10,False
1679,libero_spatial_task0,64,9,False
1679,libero_spatial_task0,65,8,False
1679,libero_spatial_task0,66,7,False
1679,libero_spatial_task0,67,6,False
1679,libero_spatial_task0,68,5,False
1679,libero_spatial_task0,69,4,False
1679,libero_spatial_task0,70,3,False
1679,libero_spatial_task0,71,2,False
1679,libero_spatial_task0,72,1,False
1679,libero_spatial_task0,73,,True
1679,libero_spatial_task0,74,,True
1679,libero_spatial_task0,75,,True
1679,libero_spatial_task0,76,,True
1679,libero_spatial_task0,77,,True
1679,libero_spatial_task0,78,,True
1679,libero_spatial_task0,79,,True
1679,libero_spatial_task0,80,,True
1679,libero_spatial_task0,81,,True
1679,libero_spatial_task0,82,,True
1679,libero_spatial_task0,83,,True
1679,libero_spatial_task0,84,,True
1679,libero_spatial_task0,85,,True
1679,libero_spatial_task0,86,,True
1679,libero_spatial_task0,87,,True
