task,episode,timestep,phase,state_id,perturbation_type,perturbation_magnitude,perturbation_dx,perturbation_dy,perturbation_dz,branch_success,branch_valid,branch_error,original_suffix_success,expert_success,criticality,action_magnitude,action_velocity,action_acceleration,gripper_transition,eef_object_distance,object_goal_distance
PickCube-v1,0,0,0.0,4adc8ca4eba39a48c3a140983806f4bf2903d4bac16ecb64fb547c8f36e8b7e3,zero,0.0,0.0,0.0,0.0,1,1,,1,1,0.33333333333333337,3.3746204376220703,3.3746204376220703,3.3746204376220703,1.0,0.16342215240001678,0.2760058343410492
PickCube-v1,0,0,0.0,4adc8ca4eba39a48c3a140983806f4bf2903d4bac16ecb64fb547c8f36e8b7e3,object_pos_x+,0.003,0.003,0.0,0.0,1,1,,1,1,0.33333333333333337,3.3746204376220703,3.3746204376220703,3.3746204376220703,1.0,0.16342215240001678,0.2760058343410492
PickCube-v1,0,0,0.0,4adc8ca4eba39a48c3a140983806f4bf2903d4bac16ecb64fb547c8f36e8b7e3,object_pos_x-,0.003,-0.003,0.0,0.0,1,1,,1,1,0.33333333333333337,3.3746204376220703,3.3746204376220703,3.3746204376220703,1.0,0.16342215240001678,0.2760058343410492
PickCube-v1,0,0,0.0,4adc8ca4eba39a48c3a140983806f4bf2903d4bac16ecb64fb547c8f36e8b7e3,object_pos_y+,0.003,0.0,0.003,0.0,1,1,,1,1,0.33333333333333337,3.3746204376220703,3.3746204376220703,3.3746204376220703,1.0,0.16342215240001678,0.2760058343410492
PickCube-v1,0,0,0.0,4adc8ca4eba39a48c3a140983806f4bf2903d4bac16ecb64fb547c8f36e8b7e3,object_pos_y-,0.003,0.0,-0.003,0.0,1,1,,1,1,0.33333333333333337,3.3746204376220703,3.3746204376220703,3.3746204376220703,1.0,0.16342215240001678,0.2760058343410492
PickCube-v1,0,0,0.0,4adc8ca4eba39a48c3a140983806f4bf2903d4bac16ecb64fb547c8f36e8b7e3,eef_joint_1+,0.02,0.0,0.02,0.0,0,1,,1,1,0.33333333333333337,3.3746204376220703,3.3746204376220703,3.3746204376220703,1.0,0.16342215240001678,0.2760058343410492
PickCube-v1,0,0,0.0,4adc8ca4eba39a48c3a140983806f4bf2903d4bac16ecb64fb547c8f36e8b7e3,eef_joint_1-,0.02,0.0,-0.02,0.0,0,1,,1,1,0.33333333333333337,3.3746204376220703,3.3746204376220703,3.3746204376220703,1.0,0.16342215240001678,0.2760058343410492
PickCube-v1,0,5,0.1388888888888889,2b9a5b622494dcf40034226c27ab92f1d50aca45d68e0d18131acb035a8e7c11,zero,0.0,0.0,0.0,0.0,1,1,,1,1,0.33333333333333337,3.3746204376220703,0.0,0.0,0.0,0.0719805508852005,0.27600565552711487
PickCube-v1,0,5,0.1388888888888889,2b9a5b622494dcf40034226c27ab92f1d50aca45d68e0d18131acb035a8e7c11,object_pos_x+,0.003,0.003,0.0,0.0,1,1,,1,1,0.33333333333333337,3.3746204376220703,0.0,0.0,0.0,0.0719805508852005,0.27600565552711487
PickCube-v1,0,5,0.1388888888888889,2b9a5b622494dcf40034226c27ab92f1d50aca45d68e0d18131acb035a8e7c11,object_pos_x-,0.003,-0.003,0.0,0.0,1,1,,1,1,0.33333333333333337,3.3746204376220703,0.0,0.0,0.0,0.0719805508852005,0.27600565552711487
PickCube-v1,0,5,0.1388888888888889,2b9a5b622494dcf40034226c27ab92f1d50aca45d68e0d18131acb035a8e7c11,object_pos_y+,0.003,0.0,0.003,0.0,1,1,,1,1,0.33333333333333337,3.3746204376220703,0.0,0.0,0.0,0.0719805508852005,0.27600565552711487
PickCube-v1,0,5,0.1388888888888889,2b9a5b622494dcf40034226c27ab92f1d50aca45d68e0d18131acb035a8e7c11,object_pos_y-,0.003,0.0,-0.003,0.0,1,1,,1,1,0.33333333333333337,3.3746204376220703,0.0,0.0,0.0,0.0719805508852005,0.27600565552711487
PickCube-v1,0,5,0.1388888888888889,2b9a5b622494dcf40034226c27ab92f1d50aca45d68e0d18131acb035a8e7c11,eef_joint_1+,0.02,0.0,0.02,0.0,0,1,,1,1,0.33333333333333337,3.3746204376220703,0.0,0.0,0.0,0.0719805508852005,0.27600565552711487
PickCube-v1,0,5,0.1388888888888889,2b9a5b622494dcf40034226c27ab92f1d50aca45d68e0d18131acb035a8e7c11,eef_joint_1-,0.02,0.0,-0.02,0.0,0,1,,1,1,0.33333333333333337,3.3746204376220703,0.0,0.0,0.0,0.0719805508852005,0.27600565552711487
PickCube-v1,0,10,0.2777777777777778,49c20ac1738560ea9ade65ffa3f8e741bce77f9966241b4be29b8b8897aad6d4,zero,0.0,0.0,0.0,0.0,1,1,,1,1,0.33333333333333337,3.3734793663024902,0.0,0.0,0.0,0.031353820115327835,0.27600565552711487
PickCube-v1,0,10,0.2777777777777778,49c20ac1738560ea9ade65ffa3f8e741bce77f9966241b4be29b8b8897aad6d4,object_pos_x+,0.003,0.003,0.0,0.0,1,1,,1,1,0.33333333333333337,3.3734793663024902,0.0,0.0,0.0,0.031353820115327835,0.27600565552711487
PickCube-v1,0,10,0.2777777777777778,49c20ac1738560ea9ade65ffa3f8e741bce77f9966241b4be29b8b8897aad6d4,object_pos_x-,0.003,-0.003,0.0,0.0,1,1,,1,1,0.33333333333333337,3.3734793663024902,0.0,0.0,0.0,0.031353820115327835,0.27600565552711487
PickCube-v1,0,10,0.2777777777777778,49c20ac1738560ea9ade65ffa3f8e741bce77f9966241b4be29b8b8897aad6d4,object_pos_y+,0.003,0.0,0.003,0.0,1,1,,1,1,0.33333333333333337,3.3734793663024902,0.0,0.0,0.0,0.031353820115327835,0.27600565552711487
PickCube-v1,0,10,0.2777777777777778,49c20ac1738560ea9ade65ffa3f8e741bce77f9966241b4be29b8b8897aad6d4,object_pos_y-,0.003,0.0,-0.003,0.0,1,1,,1,1,0.33333333333333337,3.3734793663024902,0.0,0.0,0.0,0.031353820115327835,0.27600565552711487
PickCube-v1,0,10,0.2777777777777778,49c20ac1738560ea9ade65ffa3f8e741bce77f9966241b4be29b8b8897aad6d4,eef_joint_1+,0.02,0.0,0.02,0.0,0,1,,1,1,0.33333333333333337,3.3734793663024902,0.0,0.0,0.0,0.031353820115327835,0.27600565552711487
PickCube-v1,0,10,0.2777777777777778,49c20ac1738560ea9ade65ffa3f8e741bce77f9966241b4be29b8b8897aad6d4,eef_joint_1-,0.02,0.0,-0.02,0.0,0,1,,1,1,0.33333333333333337,3.3734793663024902,0.0,0.0,0.0,0.031353820115327835,0.27600565552711487
PickCube-v1,0,15,0.4166666666666667,d73f667873ae923002c438258306b6929d1e6dd4536d3182b01255fb60986cfc,zero,0.0,0.0,0.0,0.0,1,1,,1,1,0.33333333333333337,3.3734793663024902,0.0,0.0,0.0,0.0015925690531730652,0.2760056257247925
PickCube-v1,0,15,0.4166666666666667,d73f667873ae923002c438258306b6929d1e6dd4536d3182b01255fb60986cfc,object_pos_x+,0.003,0.003,0.0,0.0,1,1,,1,1,0.33333333333333337,3.3734793663024902,0.0,0.0,0.0,0.0015925690531730652,0.2760056257247925
PickCube-v1,0,15,0.4166666666666667,d73f667873ae923002c438258306b6929d1e6dd4536d3182b01255fb60986cfc,object_pos_x-,0.003,-0.003,0.0,0.0,1,1,,1,1,0.33333333333333337,3.3734793663024902,0.0,0.0,0.0,0.0015925690531730652,0.2760056257247925
PickCube-v1,0,15,0.4166666666666667,d73f667873ae923002c438258306b6929d1e6dd4536d3182b01255fb60986cfc,object_pos_y+,0.003,0.0,0.003,0.0,1,1,,1,1,0.33333333333333337,3.3734793663024902,0.0,0.0,0.0,0.0015925690531730652,0.2760056257247925
PickCube-v1,0,15,0.4166666666666667,d73f667873ae923002c438258306b6929d1e6dd4536d3182b01255fb60986cfc,object_pos_y-,0.003,0.0,-0.003,0.0,1,1,,1,1,0.33333333333333337,3.3734793663024902,0.0,0.0,0.0,0.0015925690531730652,0.2760056257247925
PickCube-v1,0,15,0.4166666666666667,d73f667873ae923002c438258306b6929d1e6dd4536d3182b01255fb60986cfc,eef_joint_1+,0.02,0.0,0.02,0.0,0,1,,1,1,0.33333333333333337,3.3734793663024902,0.0,0.0,0.0,0.0015925690531730652,0.2760056257247925
PickCube-v1,0,15,0.4166666666666667,d73f667873ae923002c438258306b6929d1e6dd4536d3182b01255fb60986cfc,eef_joint_1-,0.02,0.0,-0.02,0.0,0,1,,1,1,0.33333333333333337,3.3734793663024902,0.0,0.0,0.0,0.0015925690531730652,0.2760056257247925
PickCube-v1,0,20,0.5555555555555556,c004a6fe2cff8cc13e92e889eda089fc87ca1fa1bcce216d62a1943c7d942f4b,zero,0.0,0.0,0.0,0.0,1,1,,1,1,0.33333333333333337,3.3734793663024902,0.0,0.0,0.0,0.0008287452510558069,0.27570590376853943
PickCube-v1,0,20,0.5555555555555556,c004a6fe2cff8cc13e92e889eda089fc87ca1fa1bcce216d62a1943c7d942f4b,object_pos_x+,0.003,0.003,0.0,0.0,1,1,,1,1,0.33333333333333337,3.3734793663024902,0.0,0.0,0.0,0.0008287452510558069,0.27570590376853943
PickCube-v1,0,20,0.5555555555555556,c004a6fe2cff8cc13e92e889eda089fc87ca1fa1bcce216d62a1943c7d942f4b,object_pos_x-,0.003,-0.003,0.0,0.0,1,1,,1,1,0.33333333333333337,3.3734793663024902,0.0,0.0,0.0,0.0008287452510558069,0.27570590376853943
PickCube-v1,0,20,0.5555555555555556,c004a6fe2cff8cc13e92e889eda089fc87ca1fa1bcce216d62a1943c7d942f4b,object_pos_y+,0.003,0.0,0.003,0.0,1,1,,1,1,0.33333333333333337,3.3734793663024902,0.0,0.0,0.0,0.0008287452510558069,0.27570590376853943
PickCube-v1,0,20,0.5555555555555556,c004a6fe2cff8cc13e92e889eda089fc87ca1fa1bcce216d62a1943c7d942f4b,object_pos_y-,0.003,0.0,-0.003,0.0,1,1,,1,1,0.33333333333333337,3.3734793663024902,0.0,0.0,0.0,0.0008287452510558069,0.27570590376853943
PickCube-v1,0,20,0.5555555555555556,c004a6fe2cff8cc13e92e889eda089fc87ca1fa1bcce216d62a1943c7d942f4b,eef_joint_1+,0.02,0.0,0.02,0.0,0,1,,1,1,0.33333333333333337,3.3734793663024902,0.0,0.0,0.0,0.0008287452510558069,0.27570590376853943
PickCube-v1,0,20,0.5555555555555556,c004a6fe2cff8cc13e92e889eda089fc87ca1fa1bcce216d62a1943c7d942f4b,eef_joint_1-,0.02,0.0,-0.02,0.0,0,1,,1,1,0.33333333333333337,3.3734793663024902,0.0,0.0,0.0,0.0008287452510558069,0.27570590376853943
PickCube-v1,0,25,0.6944444444444444,731b99324ecc881d2097b4f01a95b3f68a8bfcd7361db37d8ead9d7e24c98e28,zero,0.0,0.0,0.0,0.0,1,1,,1,1,0.33333333333333337,3.3793435096740723,0.0,0.18000003695487976,0.0,0.0008133534574881196,0.25052082538604736
PickCube-v1,0,25,0.6944444444444444,731b99324ecc881d2097b4f01a95b3f68a8bfcd7361db37d8ead9d7e24c98e28,object_pos_x+,0.003,0.003,0.0,0.0,1,1,,1,1,0.33333333333333337,3.3793435096740723,0.0,0.18000003695487976,0.0,0.0008133534574881196,0.25052082538604736
PickCube-v1,0,25,0.6944444444444444,731b99324ecc881d2097b4f01a95b3f68a8bfcd7361db37d8ead9d7e24c98e28,object_pos_x-,0.003,-0.003,0.0,0.0,1,1,,1,1,0.33333333333333337,3.3793435096740723,0.0,0.18000003695487976,0.0,0.0008133534574881196,0.25052082538604736
PickCube-v1,0,25,0.6944444444444444,731b99324ecc881d2097b4f01a95b3f68a8bfcd7361db37d8ead9d7e24c98e28,object_pos_y+,0.003,0.0,0.003,0.0,1,1,,1,1,0.33333333333333337,3.3793435096740723,0.0,0.18000003695487976,0.0,0.0008133534574881196,0.25052082538604736
PickCube-v1,0,25,0.6944444444444444,731b99324ecc881d2097b4f01a95b3f68a8bfcd7361db37d8ead9d7e24c98e28,object_pos_y-,0.003,0.0,-0.003,0.0,1,1,,1,1,0.33333333333333337,3.3793435096740723,0.0,0.18000003695487976,0.0,0.0008133534574881196,0.25052082538604736
PickCube-v1,0,25,0.6944444444444444,731b99324ecc881d2097b4f01a95b3f68a8bfcd7361db37d8ead9d7e24c98e28,eef_joint_1+,0.02,0.0,0.02,0.0,0,1,,1,1,0.33333333333333337,3.3793435096740723,0.0,0.18000003695487976,0.0,0.0008133534574881196,0.25052082538604736
PickCube-v1,0,25,0.6944444444444444,731b99324ecc881d2097b4f01a95b3f68a8bfcd7361db37d8ead9d7e24c98e28,eef_joint_1-,0.02,0.0,-0.02,0.0,0,1,,1,1,0.33333333333333337,3.3793435096740723,0.0,0.18000003695487976,0.0,0.0008133534574881196,0.25052082538604736
PickCube-v1,0,30,0.8333333333333334,63f9a6f8a50e9a2dcca7645a31922517dffe8802a3c28818c11c949c2bfdd3ad,zero,0.0,0.0,0.0,0.0,1,1,,1,1,0.33333333333333337,3.3793435096740723,0.0,0.0,0.0,0.0008278681780211627,0.1074334979057312
PickCube-v1,0,30,0.8333333333333334,63f9a6f8a50e9a2dcca7645a31922517dffe8802a3c28818c11c949c2bfdd3ad,object_pos_x+,0.003,0.003,0.0,0.0,1,1,,1,1,0.33333333333333337,3.3793435096740723,0.0,0.0,0.0,0.0008278681780211627,0.1074334979057312
PickCube-v1,0,30,0.8333333333333334,63f9a6f8a50e9a2dcca7645a31922517dffe8802a3c28818c11c949c2bfdd3ad,object_pos_x-,0.003,-0.003,0.0,0.0,1,1,,1,1,0.33333333333333337,3.3793435096740723,0.0,0.0,0.0,0.0008278681780211627,0.1074334979057312
PickCube-v1,0,30,0.8333333333333334,63f9a6f8a50e9a2dcca7645a31922517dffe8802a3c28818c11c949c2bfdd3ad,object_pos_y+,0.003,0.0,0.003,0.0,1,1,,1,1,0.33333333333333337,3.3793435096740723,0.0,0.0,0.0,0.0008278681780211627,0.1074334979057312
PickCube-v1,0,30,0.8333333333333334,63f9a6f8a50e9a2dcca7645a31922517dffe8802a3c28818c11c949c2bfdd3ad,object_pos_y-,0.003,0.0,-0.003,0.0,1,1,,1,1,0.33333333333333337,3.3793435096740723,0.0,0.0,0.0,0.0008278681780211627,0.1074334979057312
PickCube-v1,0,30,0.8333333333333334,63f9a6f8a50e9a2dcca7645a31922517dffe8802a3c28818c11c949c2bfdd3ad,eef_joint_1+,0.02,0.0,0.02,0.0,0,1,,1,1,0.33333333333333337,3.3793435096740723,0.0,0.0,0.0,0.0008278681780211627,0.1074334979057312
PickCube-v1,0,30,0.8333333333333334,63f9a6f8a50e9a2dcca7645a31922517dffe8802a3c28818c11c949c2bfdd3ad,eef_joint_1-,0.02,0.0,-0.02,0.0,0,1,,1,1,0.33333333333333337,3.3793435096740723,0.0,0.0,0.0,0.0008278681780211627,0.1074334979057312
PickCube-v1,0,35,0.9722222222222222,a6eb70b01299bef13206bf26b70697e931a5bae8313fd266ab1ac5f21f50e6c4,zero,0.0,0.0,0.0,0.0,1,1,,1,1,0.33333333333333337,3.390456438064575,0.0,0.0,0.0,0.0008335344027727842,0.023734210059046745
PickCube-v1,0,35,0.9722222222222222,a6eb70b01299bef13206bf26b70697e931a5bae8313fd266ab1ac5f21f50e6c4,object_pos_x+,0.003,0.003,0.0,0.0,1,1,,1,1,0.33333333333333337,3.390456438064575,0.0,0.0,0.0,0.0008335344027727842,0.023734210059046745
PickCube-v1,0,35,0.9722222222222222,a6eb70b01299bef13206bf26b70697e931a5bae8313fd266ab1ac5f21f50e6c4,object_pos_x-,0.003,-0.003,0.0,0.0,1,1,,1,1,0.33333333333333337,3.390456438064575,0.0,0.0,0.0,0.0008335344027727842,0.023734210059046745
PickCube-v1,0,35,0.9722222222222222,a6eb70b01299bef13206bf26b70697e931a5bae8313fd266ab1ac5f21f50e6c4,object_pos_y+,0.003,0.0,0.003,0.0,1,1,,1,1,0.33333333333333337,3.390456438064575,0.0,0.0,0.0,0.0008335344027727842,0.023734210059046745
PickCube-v1,0,35,0.9722222222222222,a6eb70b01299bef13206bf26b70697e931a5bae8313fd266ab1ac5f21f50e6c4,object_pos_y-,0.003,0.0,-0.003,0.0,1,1,,1,1,0.33333333333333337,3.390456438064575,0.0,0.0,0.0,0.0008335344027727842,0.023734210059046745
PickCube-v1,0,35,0.9722222222222222,a6eb70b01299bef13206bf26b70697e931a5bae8313fd266ab1ac5f21f50e6c4,eef_joint_1+,0.02,0.0,0.02,0.0,0,1,,1,1,0.33333333333333337,3.390456438064575,0.0,0.0,0.0,0.0008335344027727842,0.023734210059046745
PickCube-v1,0,35,0.9722222222222222,a6eb70b01299bef13206bf26b70697e931a5bae8313fd266ab1ac5f21f50e6c4,eef_joint_1-,0.02,0.0,-0.02,0.0,0,1,,1,1,0.33333333333333337,3.390456438064575,0.0,0.0,0.0,0.0008335344027727842,0.023734210059046745
PickCube-v1,1,0,0.0,59920738b6b90ef0c67294a19fa6c479c98fcf44589e03d4fb1dda220c4ede40,zero,0.0,0.0,0.0,0.0,1,1,,1,1,0.0,3.3701274394989014,3.3701274394989014,3.3701274394989014,1.0,0.17049364745616913,0.2276918739080429
PickCube-v1,1,0,0.0,59920738b6b90ef0c67294a19fa6c479c98fcf44589e03d4fb1dda220c4ede40,object_pos_x+,0.003,0.003,0.0,0.0,1,1,,1,1,0.0,3.3701274394989014,3.3701274394989014,3.3701274394989014,1.0,0.17049364745616913,0.2276918739080429
PickCube-v1,1,0,0.0,59920738b6b90ef0c67294a19fa6c479c98fcf44589e03d4fb1dda220c4ede40,object_pos_x-,0.003,-0.003,0.0,0.0,1,1,,1,1,0.0,3.3701274394989014,3.3701274394989014,3.3701274394989014,1.0,0.17049364745616913,0.2276918739080429
PickCube-v1,1,0,0.0,59920738b6b90ef0c67294a19fa6c479c98fcf44589e03d4fb1dda220c4ede40,object_pos_y+,0.003,0.0,0.003,0.0,1,1,,1,1,0.0,3.3701274394989014,3.3701274394989014,3.3701274394989014,1.0,0.17049364745616913,0.2276918739080429
PickCube-v1,1,0,0.0,59920738b6b90ef0c67294a19fa6c479c98fcf44589e03d4fb1dda220c4ede40,object_pos_y-,0.003,0.0,-0.003,0.0,1,1,,1,1,0.0,3.3701274394989014,3.3701274394989014,3.3701274394989014,1.0,0.17049364745616913,0.2276918739080429
PickCube-v1,1,0,0.0,59920738b6b90ef0c67294a19fa6c479c98fcf44589e03d4fb1dda220c4ede40,eef_joint_1+,0.02,0.0,0.02,0.0,1,1,,1,1,0.0,3.3701274394989014,3.3701274394989014,3.3701274394989014,1.0,0.17049364745616913,0.2276918739080429
PickCube-v1,1,0,0.0,59920738b6b90ef0c67294a19fa6c479c98fcf44589e03d4fb1dda220c4ede40,eef_joint_1-,0.02,0.0,-0.02,0.0,1,1,,1,1,0.0,3.3701274394989014,3.3701274394989014,3.3701274394989014,1.0,0.17049364745616913,0.2276918739080429
PickCube-v1,1,5,0.14285714285714285,34d908b3f1c5e66d33a58d5d03dc54c0cb784e386be149cafb3fc26d98dc926a,zero,0.0,0.0,0.0,0.0,1,1,,1,1,0.0,3.3701274394989014,0.0,0.0,0.0,0.07222028821706772,0.22769199311733246
PickCube-v1,1,5,0.14285714285714285,34d908b3f1c5e66d33a58d5d03dc54c0cb784e386be149cafb3fc26d98dc926a,object_pos_x+,0.003,0.003,0.0,0.0,1,1,,1,1,0.0,3.3701274394989014,0.0,0.0,0.0,0.07222028821706772,0.22769199311733246
PickCube-v1,1,5,0.14285714285714285,34d908b3f1c5e66d33a58d5d03dc54c0cb784e386be149cafb3fc26d98dc926a,object_pos_x-,0.003,-0.003,0.0,0.0,1,1,,1,1,0.0,3.3701274394989014,0.0,0.0,0.0,0.07222028821706772,0.22769199311733246
PickCube-v1,1,5,0.14285714285714285,34d908b3f1c5e66d33a58d5d03dc54c0cb784e386be149cafb3fc26d98dc926a,object_pos_y+,0.003,0.0,0.003,0.0,1,1,,1,1,0.0,3.3701274394989014,0.0,0.0,0.0,0.07222028821706772,0.22769199311733246
PickCube-v1,1,5,0.14285714285714285,34d908b3f1c5e66d33a58d5d03dc54c0cb784e386be149cafb3fc26d98dc926a,object_pos_y-,0.003,0.0,-0.003,0.0,1,1,,1,1,0.0,3.3701274394989014,0.0,0.0,0.0,0.07222028821706772,0.22769199311733246
PickCube-v1,1,5,0.14285714285714285,34d908b3f1c5e66d33a58d5d03dc54c0cb784e386be149cafb3fc26d98dc926a,eef_joint_1+,0.02,0.0,0.02,0.0,1,1,,1,1,0.0,3.3701274394989014,0.0,0.0,0.0,0.07222028821706772,0.22769199311733246
PickCube-v1,1,5,0.14285714285714285,34d908b3f1c5e66d33a58d5d03dc54c0cb784e386be149cafb3fc26d98dc926a,eef_joint_1-,0.02,0.0,-0.02,0.0,1,1,,1,1,0.0,3.3701274394989014,0.0,0.0,0.0,0.07222028821706772,0.22769199311733246
PickCube-v1,1,10,0.2857142857142857,679c0219820fde1dea7e2bbe21250b405dca64d38613797dc6ecf0698533b040,zero,0.0,0.0,0.0,0.0,1,1,,1,1,0.0,3.3689849376678467,0.0,0.0,0.0,0.03255961090326309,0.22769206762313843
PickCube-v1,1,10,0.2857142857142857,679c0219820fde1dea7e2bbe21250b405dca64d38613797dc6ecf0698533b040,object_pos_x+,0.003,0.003,0.0,0.0,1,1,,1,1,0.0,3.3689849376678467,0.0,0.0,0.0,0.03255961090326309,0.22769206762313843
PickCube-v1,1,10,0.2857142857142857,679c0219820fde1dea7e2bbe21250b405dca64d38613797dc6ecf0698533b040,object_pos_x-,0.003,-0.003,0.0,0.0,1,1,,1,1,0.0,3.3689849376678467,0.0,0.0,0.0,0.03255961090326309,0.22769206762313843
PickCube-v1,1,10,0.2857142857142857,679c0219820fde1dea7e2bbe21250b405dca64d38613797dc6ecf0698533b040,object_pos_y+,0.003,0.0,0.003,0.0,1,1,,1,1,0.0,3.3689849376678467,0.0,0.0,0.0,0.03255961090326309,0.22769206762313843
PickCube-v1,1,10,0.2857142857142857,679c0219820fde1dea7e2bbe21250b405dca64d38613797dc6ecf0698533b040,object_pos_y-,0.003,0.0,-0.003,0.0,1,1,,1,1,0.0,3.3689849376678467,0.0,0.0,0.0,0.03255961090326309,0.22769206762313843
PickCube-v1,1,10,0.2857142857142857,679c0219820fde1dea7e2bbe21250b405dca64d38613797dc6ecf0698533b040,eef_joint_1+,0.02,0.0,0.02,0.0,1,1,,1,1,0.0,3.3689849376678467,0.0,0.0,0.0,0.03255961090326309,0.22769206762313843
PickCube-v1,1,10,0.2857142857142857,679c0219820fde1dea7e2bbe21250b405dca64d38613797dc6ecf0698533b040,eef_joint_1-,0.02,0.0,-0.02,0.0,1,1,,1,1,0.0,3.3689849376678467,0.0,0.0,0.0,0.03255961090326309,0.22769206762313843
PickCube-v1,1,15,0.42857142857142855,a66fa710a85a7d2177ce7aad9e8146a8569c4806a9860de5df416ae057479457,zero,0.0,0.0,0.0,0.0,1,1,,1,1,0.0,3.3689849376678467,0.0,0.0,0.0,0.0019696932286024094,0.22769203782081604
PickCube-v1,1,15,0.42857142857142855,a66fa710a85a7d2177ce7aad9e8146a8569c4806a9860de5df416ae057479457,object_pos_x+,0.003,0.003,0.0,0.0,1,1,,1,1,0.0,3.3689849376678467,0.0,0.0,0.0,0.0019696932286024094,0.22769203782081604
PickCube-v1,1,15,0.42857142857142855,a66fa710a85a7d2177ce7aad9e8146a8569c4806a9860de5df416ae057479457,object_pos_x-,0.003,-0.003,0.0,0.0,1,1,,1,1,0.0,3.3689849376678467,0.0,0.0,0.0,0.0019696932286024094,0.22769203782081604
PickCube-v1,1,15,0.42857142857142855,a66fa710a85a7d2177ce7aad9e8146a8569c4806a9860de5df416ae057479457,object_pos_y+,0.003,0.0,0.003,0.0,1,1,,1,1,0.0,3.3689849376678467,0.0,0.0,0.0,0.0019696932286024094,0.22769203782081604
PickCube-v1,1,15,0.42857142857142855,a66fa710a85a7d2177ce7aad9e8146a8569c4806a9860de5df416ae057479457,object_pos_y-,0.003,0.0,-0.003,0.0,1,1,,1,1,0.0,3.3689849376678467,0.0,0.0,0.0,0.0019696932286024094,0.22769203782081604
PickCube-v1,1,15,0.42857142857142855,a66fa710a85a7d2177ce7aad9e8146a8569c4806a9860de5df416ae057479457,eef_joint_1+,0.02,0.0,0.02,0.0,1,1,,1,1,0.0,3.3689849376678467,0.0,0.0,0.0,0.0019696932286024094,0.22769203782081604
PickCube-v1,1,15,0.42857142857142855,a66fa710a85a7d2177ce7aad9e8146a8569c4806a9860de5df416ae057479457,eef_joint_1-,0.02,0.0,-0.02,0.0,1,1,,1,1,0.0,3.3689849376678467,0.0,0.0,0.0,0.0019696932286024094,0.22769203782081604
PickCube-v1,1,20,0.5714285714285714,9bdbae3a35a4a0ff1770bfea360766e65340afe4317a13d5dc0a46fff8fd9fb4,zero,0.0,0.0,0.0,0.0,1,1,,1,1,0.0,3.3689849376678467,0.0,0.0,0.0,0.0006849084165878594,0.22716180980205536
PickCube-v1,1,20,0.5714285714285714,9bdbae3a35a4a0ff1770bfea360766e65340afe4317a13d5dc0a46fff8fd9fb4,object_pos_x+,0.003,0.003,0.0,0.0,1,1,,1,1,0.0,3.3689849376678467,0.0,0.0,0.0,0.0006849084165878594,0.22716180980205536
PickCube-v1,1,20,0.5714285714285714,9bdbae3a35a4a0ff1770bfea360766e65340afe4317a13d5dc0a46fff8fd9fb4,object_pos_x-,0.003,-0.003,0.0,0.0,1,1,,1,1,0.0,3.3689849376678467,0.0,0.0,0.0,0.0006849084165878594,0.22716180980205536
PickCube-v1,1,20,0.5714285714285714,9bdbae3a35a4a0ff1770bfea360766e65340afe4317a13d5dc0a46fff8fd9fb4,object_pos_y+,0.003,0.0,0.003,0.0,1,1,,1,1,0.0,3.3689849376678467,0.0,0.0,0.0,0.0006849084165878594,0.22716180980205536
PickCube-v1,1,20,0.5714285714285714,9bdbae3a35a4a0ff1770bfea360766e65340afe4317a13d5dc0a46fff8fd9fb4,object_pos_y-,0.003,0.0,-0.003,0.0,1,1,,1,1,0.0,3.3689849376678467,0.0,0.0,0.0,0.0006849084165878594,0.22716180980205536
PickCube-v1,1,20,0.5714285714285714,9bdbae3a35a4a0ff1770bfea360766e65340afe4317a13d5dc0a46fff8fd9fb4,eef_joint_1+,0.02,0.0,0.02,0.0,1,1,,1,1,0.0,3.3689849376678467,0.0,0.0,0.0,0.0006849084165878594,0.22716180980205536
PickCube-v1,1,20,0.5714285714285714,9bdbae3a35a4a0ff1770bfea360766e65340afe4317a13d5dc0a46fff8fd9fb4,eef_joint_1-,0.02,0.0,-0.02,0.0,1,1,,1,1,0.0,3.3689849376678467,0.0,0.0,0.0,0.0006849084165878594,0.22716180980205536
PickCube-v1,1,25,0.7142857142857143,ca99484a1232a8790117a9892f11265e8d0b63825a28e8c6308a72c36cbe9549,zero,0.0,0.0,0.0,0.0,1,1,,1,1,0.0,3.374856948852539,0.0,0.18000003695487976,0.0,0.0008400832884944975,0.20204097032546997
PickCube-v1,1,25,0.7142857142857143,ca99484a1232a8790117a9892f11265e8d0b63825a28e8c6308a72c36cbe9549,object_pos_x+,0.003,0.003,0.0,0.0,1,1,,1,1,0.0,3.374856948852539,0.0,0.18000003695487976,0.0,0.0008400832884944975,0.20204097032546997
PickCube-v1,1,25,0.7142857142857143,ca99484a1232a8790117a9892f11265e8d0b63825a28e8c6308a72c36cbe9549,object_pos_x-,0.003,-0.003,0.0,0.0,1,1,,1,1,0.0,3.374856948852539,0.0,0.18000003695487976,0.0,0.0008400832884944975,0.20204097032546997
PickCube-v1,1,25,0.7142857142857143,ca99484a1232a8790117a9892f11265e8d0b63825a28e8c6308a72c36cbe9549,object_pos_y+,0.003,0.0,0.003,0.0,1,1,,1,1,0.0,3.374856948852539,0.0,0.18000003695487976,0.0,0.0008400832884944975,0.20204097032546997
PickCube-v1,1,25,0.7142857142857143,ca99484a1232a8790117a9892f11265e8d0b63825a28e8c6308a72c36cbe9549,object_pos_y-,0.003,0.0,-0.003,0.0,1,1,,1,1,0.0,3.374856948852539,0.0,0.18000003695487976,0.0,0.0008400832884944975,0.20204097032546997
PickCube-v1,1,25,0.7142857142857143,ca99484a1232a8790117a9892f11265e8d0b63825a28e8c6308a72c36cbe9549,eef_joint_1+,0.02,0.0,0.02,0.0,1,1,,1,1,0.0,3.374856948852539,0.0,0.18000003695487976,0.0,0.0008400832884944975,0.20204097032546997
PickCube-v1,1,25,0.7142857142857143,ca99484a1232a8790117a9892f11265e8d0b63825a28e8c6308a72c36cbe9549,eef_joint_1-,0.02,0.0,-0.02,0.0,1,1,,1,1,0.0,3.374856948852539,0.0,0.18000003695487976,0.0,0.0008400832884944975,0.20204097032546997
PickCube-v1,1,30,0.8571428571428571,01db8e095833e626fb4c231ae2e32359da2ba3ef6e0a19ef1316eb088c5981cf,zero,0.0,0.0,0.0,0.0,1,1,,1,1,0.0,3.374856948852539,0.0,0.0,0.0,0.0008645071648061275,0.050283901393413544
PickCube-v1,1,30,0.8571428571428571,01db8e095833e626fb4c231ae2e32359da2ba3ef6e0a19ef1316eb088c5981cf,object_pos_x+,0.003,0.003,0.0,0.0,1,1,,1,1,0.0,3.374856948852539,0.0,0.0,0.0,0.0008645071648061275,0.050283901393413544
PickCube-v1,1,30,0.8571428571428571,01db8e095833e626fb4c231ae2e32359da2ba3ef6e0a19ef1316eb088c5981cf,object_pos_x-,0.003,-0.003,0.0,0.0,1,1,,1,1,0.0,3.374856948852539,0.0,0.0,0.0,0.0008645071648061275,0.050283901393413544
PickCube-v1,1,30,0.8571428571428571,01db8e095833e626fb4c231ae2e32359da2ba3ef6e0a19ef1316eb088c5981cf,object_pos_y+,0.003,0.0,0.003,0.0,1,1,,1,1,0.0,3.374856948852539,0.0,0.0,0.0,0.0008645071648061275,0.050283901393413544
PickCube-v1,1,30,0.8571428571428571,01db8e095833e626fb4c231ae2e32359da2ba3ef6e0a19ef1316eb088c5981cf,object_pos_y-,0.003,0.0,-0.003,0.0,1,1,,1,1,0.0,3.374856948852539,0.0,0.0,0.0,0.0008645071648061275,0.050283901393413544
PickCube-v1,1,30,0.8571428571428571,01db8e095833e626fb4c231ae2e32359da2ba3ef6e0a19ef1316eb088c5981cf,eef_joint_1+,0.02,0.0,0.02,0.0,1,1,,1,1,0.0,3.374856948852539,0.0,0.0,0.0,0.0008645071648061275,0.050283901393413544
PickCube-v1,1,30,0.8571428571428571,01db8e095833e626fb4c231ae2e32359da2ba3ef6e0a19ef1316eb088c5981cf,eef_joint_1-,0.02,0.0,-0.02,0.0,1,1,,1,1,0.0,3.374856948852539,0.0,0.0,0.0,0.0008645071648061275,0.050283901393413544
PickCube-v1,1,35,1.0,dcf81c42416fe779737fb3c3c81a8f870dfefbf673e438b3f5f7ffa6450396ab,zero,0.0,0.0,0.0,0.0,1,1,,1,1,0.0,3.379368782043457,0.0,0.0,0.0,0.0008638329454697669,0.011228892020881176
PickCube-v1,1,35,1.0,dcf81c42416fe779737fb3c3c81a8f870dfefbf673e438b3f5f7ffa6450396ab,object_pos_x+,0.003,0.003,0.0,0.0,1,1,,1,1,0.0,3.379368782043457,0.0,0.0,0.0,0.0008638329454697669,0.011228892020881176
PickCube-v1,1,35,1.0,dcf81c42416fe779737fb3c3c81a8f870dfefbf673e438b3f5f7ffa6450396ab,object_pos_x-,0.003,-0.003,0.0,0.0,1,1,,1,1,0.0,3.379368782043457,0.0,0.0,0.0,0.0008638329454697669,0.011228892020881176
PickCube-v1,1,35,1.0,dcf81c42416fe779737fb3c3c81a8f870dfefbf673e438b3f5f7ffa6450396ab,object_pos_y+,0.003,0.0,0.003,0.0,1,1,,1,1,0.0,3.379368782043457,0.0,0.0,0.0,0.0008638329454697669,0.011228892020881176
PickCube-v1,1,35,1.0,dcf81c42416fe779737fb3c3c81a8f870dfefbf673e438b3f5f7ffa6450396ab,object_pos_y-,0.003,0.0,-0.003,0.0,1,1,,1,1,0.0,3.379368782043457,0.0,0.0,0.0,0.0008638329454697669,0.011228892020881176
PickCube-v1,1,35,1.0,dcf81c42416fe779737fb3c3c81a8f870dfefbf673e438b3f5f7ffa6450396ab,eef_joint_1+,0.02,0.0,0.02,0.0,1,1,,1,1,0.0,3.379368782043457,0.0,0.0,0.0,0.0008638329454697669,0.011228892020881176
PickCube-v1,1,35,1.0,dcf81c42416fe779737fb3c3c81a8f870dfefbf673e438b3f5f7ffa6450396ab,eef_joint_1-,0.02,0.0,-0.02,0.0,1,1,,1,1,0.0,3.379368782043457,0.0,0.0,0.0,0.0008638329454697669,0.011228892020881176
PickCube-v1,2,0,0.0,21deafa62139ffbd056b9d7aafa6d760e99a721c74497d7f22dc6135e35afd2c,zero,0.0,0.0,0.0,0.0,1,1,,1,1,0.0,3.3671298027038574,3.3671298027038574,3.3671298027038574,1.0,0.16414763033390045,0.031266406178474426
PickCube-v1,2,0,0.0,21deafa62139ffbd056b9d7aafa6d760e99a721c74497d7f22dc6135e35afd2c,object_pos_x+,0.003,0.003,0.0,0.0,1,1,,1,1,0.0,3.3671298027038574,3.3671298027038574,3.3671298027038574,1.0,0.16414763033390045,0.031266406178474426
PickCube-v1,2,0,0.0,21deafa62139ffbd056b9d7aafa6d760e99a721c74497d7f22dc6135e35afd2c,object_pos_x-,0.003,-0.003,0.0,0.0,1,1,,1,1,0.0,3.3671298027038574,3.3671298027038574,3.3671298027038574,1.0,0.16414763033390045,0.031266406178474426
PickCube-v1,2,0,0.0,21deafa62139ffbd056b9d7aafa6d760e99a721c74497d7f22dc6135e35afd2c,object_pos_y+,0.003,0.0,0.003,0.0,1,1,,1,1,0.0,3.3671298027038574,3.3671298027038574,3.3671298027038574,1.0,0.16414763033390045,0.031266406178474426
PickCube-v1,2,0,0.0,21deafa62139ffbd056b9d7aafa6d760e99a721c74497d7f22dc6135e35afd2c,object_pos_y-,0.003,0.0,-0.003,0.0,1,1,,1,1,0.0,3.3671298027038574,3.3671298027038574,3.3671298027038574,1.0,0.16414763033390045,0.031266406178474426
PickCube-v1,2,0,0.0,21deafa62139ffbd056b9d7aafa6d760e99a721c74497d7f22dc6135e35afd2c,eef_joint_1+,0.02,0.0,0.02,0.0,1,1,,1,1,0.0,3.3671298027038574,3.3671298027038574,3.3671298027038574,1.0,0.16414763033390045,0.031266406178474426
PickCube-v1,2,0,0.0,21deafa62139ffbd056b9d7aafa6d760e99a721c74497d7f22dc6135e35afd2c,eef_joint_1-,0.02,0.0,-0.02,0.0,1,1,,1,1,0.0,3.3671298027038574,3.3671298027038574,3.3671298027038574,1.0,0.16414763033390045,0.031266406178474426
PickCube-v1,2,5,0.13513513513513514,1ed6eeb5c5141e6745b1b996c92eb4e2ae557625c1af4b76a388d988fe7104eb,zero,0.0,0.0,0.0,0.0,1,1,,1,1,0.0,3.3671298027038574,0.0,0.0,0.0,0.0722273588180542,0.0312664732336998
PickCube-v1,2,5,0.13513513513513514,1ed6eeb5c5141e6745b1b996c92eb4e2ae557625c1af4b76a388d988fe7104eb,object_pos_x+,0.003,0.003,0.0,0.0,1,1,,1,1,0.0,3.3671298027038574,0.0,0.0,0.0,0.0722273588180542,0.0312664732336998
PickCube-v1,2,5,0.13513513513513514,1ed6eeb5c5141e6745b1b996c92eb4e2ae557625c1af4b76a388d988fe7104eb,object_pos_x-,0.003,-0.003,0.0,0.0,1,1,,1,1,0.0,3.3671298027038574,0.0,0.0,0.0,0.0722273588180542,0.0312664732336998
PickCube-v1,2,5,0.13513513513513514,1ed6eeb5c5141e6745b1b996c92eb4e2ae557625c1af4b76a388d988fe7104eb,object_pos_y+,0.003,0.0,0.003,0.0,1,1,,1,1,0.0,3.3671298027038574,0.0,0.0,0.0,0.0722273588180542,0.0312664732336998
PickCube-v1,2,5,0.13513513513513514,1ed6eeb5c5141e6745b1b996c92eb4e2ae557625c1af4b76a388d988fe7104eb,object_pos_y-,0.003,0.0,-0.003,0.0,1,1,,1,1,0.0,3.3671298027038574,0.0,0.0,0.0,0.0722273588180542,0.0312664732336998
PickCube-v1,2,5,0.13513513513513514,1ed6eeb5c5141e6745b1b996c92eb4e2ae557625c1af4b76a388d988fe7104eb,eef_joint_1+,0.02,0.0,0.02,0.0,1,1,,1,1,0.0,3.3671298027038574,0.0,0.0,0.0,0.0722273588180542,0.0312664732336998
PickCube-v1,2,5,0.13513513513513514,1ed6eeb5c5141e6745b1b996c92eb4e2ae557625c1af4b76a388d988fe7104eb,eef_joint_1-,0.02,0.0,-0.02,0.0,1,1,,1,1,0.0,3.3671298027038574,0.0,0.0,0.0,0.0722273588180542,0.0312664732336998
PickCube-v1,2,10,0.2702702702702703,133b4481042adbee4c4b73b60d2a41caf8db596b3b178bc377c038ba473cb779,zero,0.0,0.0,0.0,0.0,1,1,,1,1,0.0,3.3659861087799072,0.0,0.0,0.0,0.03185412287712097,0.03126645088195801
PickCube-v1,2,10,0.2702702702702703,133b4481042adbee4c4b73b60d2a41caf8db596b3b178bc377c038ba473cb779,object_pos_x+,0.003,0.003,0.0,0.0,1,1,,1,1,0.0,3.3659861087799072,0.0,0.0,0.0,0.03185412287712097,0.03126645088195801
PickCube-v1,2,10,0.2702702702702703,133b4481042adbee4c4b73b60d2a41caf8db596b3b178bc377c038ba473cb779,object_pos_x-,0.003,-0.003,0.0,0.0,1,1,,1,1,0.0,3.3659861087799072,0.0,0.0,0.0,0.03185412287712097,0.03126645088195801
PickCube-v1,2,10,0.2702702702702703,133b4481042adbee4c4b73b60d2a41caf8db596b3b178bc377c038ba473cb779,object_pos_y+,0.003,0.0,0.003,0.0,1,1,,1,1,0.0,3.3659861087799072,0.0,0.0,0.0,0.03185412287712097,0.03126645088195801
PickCube-v1,2,10,0.2702702702702703,133b4481042adbee4c4b73b60d2a41caf8db596b3b178bc377c038ba473cb779,object_pos_y-,0.003,0.0,-0.003,0.0,1,1,,1,1,0.0,3.3659861087799072,0.0,0.0,0.0,0.03185412287712097,0.03126645088195801
PickCube-v1,2,10,0.2702702702702703,133b4481042adbee4c4b73b60d2a41caf8db596b3b178bc377c038ba473cb779,eef_joint_1+,0.02,0.0,0.02,0.0,1,1,,1,1,0.0,3.3659861087799072,0.0,0.0,0.0,0.03185412287712097,0.03126645088195801
PickCube-v1,2,10,0.2702702702702703,133b4481042adbee4c4b73b60d2a41caf8db596b3b178bc377c038ba473cb779,eef_joint_1-,0.02,0.0,-0.02,0.0,1,1,,1,1,0.0,3.3659861087799072,0.0,0.0,0.0,0.03185412287712097,0.03126645088195801
PickCube-v1,2,15,0.40540540540540543,efb4da018a24370cdad52ae700302b9693fdef1d6d107a62ee0d1ff75fb8a259,zero,0.0,0.0,0.0,0.0,1,1,,1,1,0.0,3.3659861087799072,0.0,0.0,0.0,0.0017285175854340196,0.03126644715666771
PickCube-v1,2,15,0.40540540540540543,efb4da018a24370cdad52ae700302b9693fdef1d6d107a62ee0d1ff75fb8a259,object_pos_x+,0.003,0.003,0.0,0.0,1,1,,1,1,0.0,3.3659861087799072,0.0,0.0,0.0,0.0017285175854340196,0.03126644715666771
PickCube-v1,2,15,0.40540540540540543,efb4da018a24370cdad52ae700302b9693fdef1d6d107a62ee0d1ff75fb8a259,object_pos_x-,0.003,-0.003,0.0,0.0,1,1,,1,1,0.0,3.3659861087799072,0.0,0.0,0.0,0.0017285175854340196,0.03126644715666771
PickCube-v1,2,15,0.40540540540540543,efb4da018a24370cdad52ae700302b9693fdef1d6d107a62ee0d1ff75fb8a259,object_pos_y+,0.003,0.0,0.003,0.0,1,1,,1,1,0.0,3.3659861087799072,0.0,0.0,0.0,0.0017285175854340196,0.03126644715666771
PickCube-v1,2,15,0.40540540540540543,efb4da018a24370cdad52ae700302b9693fdef1d6d107a62ee0d1ff75fb8a259,object_pos_y-,0.003,0.0,-0.003,0.0,1,1,,1,1,0.0,3.3659861087799072,0.0,0.0,0.0,0.0017285175854340196,0.03126644715666771
PickCube-v1,2,15,0.40540540540540543,efb4da018a24370cdad52ae700302b9693fdef1d6d107a62ee0d1ff75fb8a259,eef_joint_1+,0.02,0.0,0.02,0.0,1,1,,1,1,0.0,3.3659861087799072,0.0,0.0,0.0,0.0017285175854340196,0.03126644715666771
PickCube-v1,2,15,0.40540540540540543,efb4da018a24370cdad52ae700302b9693fdef1d6d107a62ee0d1ff75fb8a259,eef_joint_1-,0.02,0.0,-0.02,0.0,1,1,,1,1,0.0,3.3659861087799072,0.0,0.0,0.0,0.0017285175854340196,0.03126644715666771
PickCube-v1,2,20,0.5405405405405406,d232fa093e162c82bc532d17470ef2fbff32e1e2fcc8145b52e4fa1e742b433c,zero,0.0,0.0,0.0,0.0,1,1,,1,1,0.0,3.3659861087799072,0.0,0.0,0.0,0.0006109150126576424,0.03064175508916378
PickCube-v1,2,20,0.5405405405405406,d232fa093e162c82bc532d17470ef2fbff32e1e2fcc8145b52e4fa1e742b433c,object_pos_x+,0.003,0.003,0.0,0.0,1,1,,1,1,0.0,3.3659861087799072,0.0,0.0,0.0,0.0006109150126576424,0.03064175508916378
PickCube-v1,2,20,0.5405405405405406,d232fa093e162c82bc532d17470ef2fbff32e1e2fcc8145b52e4fa1e742b433c,object_pos_x-,0.003,-0.003,0.0,0.0,1,1,,1,1,0.0,3.3659861087799072,0.0,0.0,0.0,0.0006109150126576424,0.03064175508916378
PickCube-v1,2,20,0.5405405405405406,d232fa093e162c82bc532d17470ef2fbff32e1e2fcc8145b52e4fa1e742b433c,object_pos_y+,0.003,0.0,0.003,0.0,1,1,,1,1,0.0,3.3659861087799072,0.0,0.0,0.0,0.0006109150126576424,0.03064175508916378
PickCube-v1,2,20,0.5405405405405406,d232fa093e162c82bc532d17470ef2fbff32e1e2fcc8145b52e4fa1e742b433c,object_pos_y-,0.003,0.0,-0.003,0.0,1,1,,1,1,0.0,3.3659861087799072,0.0,0.0,0.0,0.0006109150126576424,0.03064175508916378
PickCube-v1,2,20,0.5405405405405406,d232fa093e162c82bc532d17470ef2fbff32e1e2fcc8145b52e4fa1e742b433c,eef_joint_1+,0.02,0.0,0.02,0.0,1,1,,1,1,0.0,3.3659861087799072,0.0,0.0,0.0,0.0006109150126576424,0.03064175508916378
PickCube-v1,2,20,0.5405405405405406,d232fa093e162c82bc532d17470ef2fbff32e1e2fcc8145b52e4fa1e742b433c,eef_joint_1-,0.02,0.0,-0.02,0.0,1,1,,1,1,0.0,3.3659861087799072,0.0,0.0,0.0,0.0006109150126576424,0.03064175508916378
PickCube-v1,2,25,0.6756756756756757,4637503931be178b0d623f3538efe8ba13f375c9d152c7e66a60ac62e0507a95,zero,0.0,0.0,0.0,0.0,1,1,,1,1,0.0,3.37186336517334,0.0,0.18000003695487976,0.0,0.0005830065929330885,0.02101150155067444
PickCube-v1,2,25,0.6756756756756757,4637503931be178b0d623f3538efe8ba13f375c9d152c7e66a60ac62e0507a95,object_pos_x+,0.003,0.003,0.0,0.0,1,1,,1,1,0.0,3.37186336517334,0.0,0.18000003695487976,0.0,0.0005830065929330885,0.02101150155067444
PickCube-v1,2,25,0.6756756756756757,4637503931be178b0d623f3538efe8ba13f375c9d152c7e66a60ac62e0507a95,object_pos_x-,0.003,-0.003,0.0,0.0,1,1,,1,1,0.0,3.37186336517334,0.0,0.18000003695487976,0.0,0.0005830065929330885,0.02101150155067444
PickCube-v1,2,25,0.6756756756756757,4637503931be178b0d623f3538efe8ba13f375c9d152c7e66a60ac62e0507a95,object_pos_y+,0.003,0.0,0.003,0.0,1,1,,1,1,0.0,3.37186336517334,0.0,0.18000003695487976,0.0,0.0005830065929330885,0.02101150155067444
PickCube-v1,2,25,0.6756756756756757,4637503931be178b0d623f3538efe8ba13f375c9d152c7e66a60ac62e0507a95,object_pos_y-,0.003,0.0,-0.003,0.0,1,1,,1,1,0.0,3.37186336517334,0.0,0.18000003695487976,0.0,0.0005830065929330885,0.02101150155067444
PickCube-v1,2,25,0.6756756756756757,4637503931be178b0d623f3538efe8ba13f375c9d152c7e66a60ac62e0507a95,eef_joint_1+,0.02,0.0,0.02,0.0,1,1,,1,1,0.0,3.37186336517334,0.0,0.18000003695487976,0.0,0.0005830065929330885,0.02101150155067444
PickCube-v1,2,25,0.6756756756756757,4637503931be178b0d623f3538efe8ba13f375c9d152c7e66a60ac62e0507a95,eef_joint_1-,0.02,0.0,-0.02,0.0,1,1,,1,1,0.0,3.37186336517334,0.0,0.18000003695487976,0.0,0.0005830065929330885,0.02101150155067444
PickCube-v1,2,30,0.8108108108108109,76369c74f14f770026980e1af3c9d1f81f9b0d6cfcf31d257ceb07f5a9b950a7,zero,0.0,0.0,0.0,0.0,1,1,,1,1,0.0,3.37186336517334,0.0,0.0,0.0,0.0006026191986165941,0.152732715010643
PickCube-v1,2,30,0.8108108108108109,76369c74f14f770026980e1af3c9d1f81f9b0d6cfcf31d257ceb07f5a9b950a7,object_pos_x+,0.003,0.003,0.0,0.0,1,1,,1,1,0.0,3.37186336517334,0.0,0.0,0.0,0.0006026191986165941,0.152732715010643
PickCube-v1,2,30,0.8108108108108109,76369c74f14f770026980e1af3c9d1f81f9b0d6cfcf31d257ceb07f5a9b950a7,object_pos_x-,0.003,-0.003,0.0,0.0,1,1,,1,1,0.0,3.37186336517334,0.0,0.0,0.0,0.0006026191986165941,0.152732715010643
PickCube-v1,2,30,0.8108108108108109,76369c74f14f770026980e1af3c9d1f81f9b0d6cfcf31d257ceb07f5a9b950a7,object_pos_y+,0.003,0.0,0.003,0.0,1,1,,1,1,0.0,3.37186336517334,0.0,0.0,0.0,0.0006026191986165941,0.152732715010643
PickCube-v1,2,30,0.8108108108108109,76369c74f14f770026980e1af3c9d1f81f9b0d6cfcf31d257ceb07f5a9b950a7,object_pos_y-,0.003,0.0,-0.003,0.0,1,1,,1,1,0.0,3.37186336517334,0.0,0.0,0.0,0.0006026191986165941,0.152732715010643
PickCube-v1,2,30,0.8108108108108109,76369c74f14f770026980e1af3c9d1f81f9b0d6cfcf31d257ceb07f5a9b950a7,eef_joint_1+,0.02,0.0,0.02,0.0,1,1,,1,1,0.0,3.37186336517334,0.0,0.0,0.0,0.0006026191986165941,0.152732715010643
PickCube-v1,2,30,0.8108108108108109,76369c74f14f770026980e1af3c9d1f81f9b0d6cfcf31d257ceb07f5a9b950a7,eef_joint_1-,0.02,0.0,-0.02,0.0,1,1,,1,1,0.0,3.37186336517334,0.0,0.0,0.0,0.0006026191986165941,0.152732715010643
PickCube-v1,2,35,0.9459459459459459,d81126830f4e3b9d90950bbff570159cdceee884ace7480127961768d9260f5c,zero,0.0,0.0,0.0,0.0,1,1,,1,1,0.0,3.366379737854004,0.0,0.0,0.0,0.0006048762588761747,0.037204544991254807
PickCube-v1,2,35,0.9459459459459459,d81126830f4e3b9d90950bbff570159cdceee884ace7480127961768d9260f5c,object_pos_x+,0.003,0.003,0.0,0.0,1,1,,1,1,0.0,3.366379737854004,0.0,0.0,0.0,0.0006048762588761747,0.037204544991254807
PickCube-v1,2,35,0.9459459459459459,d81126830f4e3b9d90950bbff570159cdceee884ace7480127961768d9260f5c,object_pos_x-,0.003,-0.003,0.0,0.0,1,1,,1,1,0.0,3.366379737854004,0.0,0.0,0.0,0.0006048762588761747,0.037204544991254807
PickCube-v1,2,35,0.9459459459459459,d81126830f4e3b9d90950bbff570159cdceee884ace7480127961768d9260f5c,object_pos_y+,0.003,0.0,0.003,0.0,1,1,,1,1,0.0,3.366379737854004,0.0,0.0,0.0,0.0006048762588761747,0.037204544991254807
PickCube-v1,2,35,0.9459459459459459,d81126830f4e3b9d90950bbff570159cdceee884ace7480127961768d9260f5c,object_pos_y-,0.003,0.0,-0.003,0.0,1,1,,1,1,0.0,3.366379737854004,0.0,0.0,0.0,0.0006048762588761747,0.037204544991254807
PickCube-v1,2,35,0.9459459459459459,d81126830f4e3b9d90950bbff570159cdceee884ace7480127961768d9260f5c,eef_joint_1+,0.02,0.0,0.02,0.0,1,1,,1,1,0.0,3.366379737854004,0.0,0.0,0.0,0.0006048762588761747,0.037204544991254807
PickCube-v1,2,35,0.9459459459459459,d81126830f4e3b9d90950bbff570159cdceee884ace7480127961768d9260f5c,eef_joint_1-,0.02,0.0,-0.02,0.0,1,1,,1,1,0.0,3.366379737854004,0.0,0.0,0.0,0.0006048762588761747,0.037204544991254807
PickCube-v1,3,0,0.0,abfec3db42a3a632f5a5e03d2c547ea0b602f4f567378fe6ee00983e0818861d,zero,0.0,0.0,0.0,0.0,1,1,,1,1,0.33333333333333337,3.343926191329956,3.343926191329956,3.343926191329956,1.0,0.1818988025188446,0.26011693477630615
PickCube-v1,3,0,0.0,abfec3db42a3a632f5a5e03d2c547ea0b602f4f567378fe6ee00983e0818861d,object_pos_x+,0.003,0.003,0.0,0.0,1,1,,1,1,0.33333333333333337,3.343926191329956,3.343926191329956,3.343926191329956,1.0,0.1818988025188446,0.26011693477630615
PickCube-v1,3,0,0.0,abfec3db42a3a632f5a5e03d2c547ea0b602f4f567378fe6ee00983e0818861d,object_pos_x-,0.003,-0.003,0.0,0.0,1,1,,1,1,0.33333333333333337,3.343926191329956,3.343926191329956,3.343926191329956,1.0,0.1818988025188446,0.26011693477630615
PickCube-v1,3,0,0.0,abfec3db42a3a632f5a5e03d2c547ea0b602f4f567378fe6ee00983e0818861d,object_pos_y+,0.003,0.0,0.003,0.0,1,1,,1,1,0.33333333333333337,3.343926191329956,3.343926191329956,3.343926191329956,1.0,0.1818988025188446,0.26011693477630615
PickCube-v1,3,0,0.0,abfec3db42a3a632f5a5e03d2c547ea0b602f4f567378fe6ee00983e0818861d,object_pos_y-,0.003,0.0,-0.003,0.0,1,1,,1,1,0.33333333333333337,3.343926191329956,3.343926191329956,3.343926191329956,1.0,0.1818988025188446,0.26011693477630615
PickCube-v1,3,0,0.0,abfec3db42a3a632f5a5e03d2c547ea0b602f4f567378fe6ee00983e0818861d,eef_joint_1+,0.02,0.0,0.02,0.0,0,1,,1,1,0.33333333333333337,3.343926191329956,3.343926191329956,3.343926191329956,1.0,0.1818988025188446,0.26011693477630615
PickCube-v1,3,0,0.0,abfec3db42a3a632f5a5e03d2c547ea0b602f4f567378fe6ee00983e0818861d,eef_joint_1-,0.02,0.0,-0.02,0.0,0,1,,1,1,0.33333333333333337,3.343926191329956,3.343926191329956,3.343926191329956,1.0,0.1818988025188446,0.26011693477630615
PickCube-v1,3,5,0.1388888888888889,4fa1792ec472e1f057e463d20897744dbda49a271ec08eec32a517be375f59cc,zero,0.0,0.0,0.0,0.0,1,1,,1,1,0.33333333333333337,3.343926191329956,0.0,0.0,0.0,0.07172738760709763,0.2601165771484375
PickCube-v1,3,5,0.1388888888888889,4fa1792ec472e1f057e463d20897744dbda49a271ec08eec32a517be375f59cc,object_pos_x+,0.003,0.003,0.0,0.0,1,1,,1,1,0.33333333333333337,3.343926191329956,0.0,0.0,0.0,0.07172738760709763,0.2601165771484375
PickCube-v1,3,5,0.1388888888888889,4fa1792ec472e1f057e463d20897744dbda49a271ec08eec32a517be375f59cc,object_pos_x-,0.003,-0.003,0.0,0.0,1,1,,1,1,0.33333333333333337,3.343926191329956,0.0,0.0,0.0,0.07172738760709763,0.2601165771484375
PickCube-v1,3,5,0.1388888888888889,4fa1792ec472e1f057e463d20897744dbda49a271ec08eec32a517be375f59cc,object_pos_y+,0.003,0.0,0.003,0.0,1,1,,1,1,0.33333333333333337,3.343926191329956,0.0,0.0,0.0,0.07172738760709763,0.2601165771484375
PickCube-v1,3,5,0.1388888888888889,4fa1792ec472e1f057e463d20897744dbda49a271ec08eec32a517be375f59cc,object_pos_y-,0.003,0.0,-0.003,0.0,1,1,,1,1,0.33333333333333337,3.343926191329956,0.0,0.0,0.0,0.07172738760709763,0.2601165771484375
PickCube-v1,3,5,0.1388888888888889,4fa1792ec472e1f057e463d20897744dbda49a271ec08eec32a517be375f59cc,eef_joint_1+,0.02,0.0,0.02,0.0,0,1,,1,1,0.33333333333333337,3.343926191329956,0.0,0.0,0.0,0.07172738760709763,0.2601165771484375
PickCube-v1,3,5,0.1388888888888889,4fa1792ec472e1f057e463d20897744dbda49a271ec08eec32a517be375f59cc,eef_joint_1-,0.02,0.0,-0.02,0.0,0,1,,1,1,0.33333333333333337,3.343926191329956,0.0,0.0,0.0,0.07172738760709763,0.2601165771484375
PickCube-v1,3,10,0.2777777777777778,8d74cbd703c473aa0efafb13b9ae13b577c5c7c2bda7c11246f283051e264e55,zero,0.0,0.0,0.0,0.0,1,1,,1,1,0.33333333333333337,3.3427746295928955,0.0,0.0,0.0,0.029896238818764687,0.260116308927536
PickCube-v1,3,10,0.2777777777777778,8d74cbd703c473aa0efafb13b9ae13b577c5c7c2bda7c11246f283051e264e55,object_pos_x+,0.003,0.003,0.0,0.0,1,1,,1,1,0.33333333333333337,3.3427746295928955,0.0,0.0,0.0,0.029896238818764687,0.260116308927536
PickCube-v1,3,10,0.2777777777777778,8d74cbd703c473aa0efafb13b9ae13b577c5c7c2bda7c11246f283051e264e55,object_pos_x-,0.003,-0.003,0.0,0.0,1,1,,1,1,0.33333333333333337,3.3427746295928955,0.0,0.0,0.0,0.029896238818764687,0.260116308927536
PickCube-v1,3,10,0.2777777777777778,8d74cbd703c473aa0efafb13b9ae13b577c5c7c2bda7c11246f283051e264e55,object_pos_y+,0.003,0.0,0.003,0.0,1,1,,1,1,0.33333333333333337,3.3427746295928955,0.0,0.0,0.0,0.029896238818764687,0.260116308927536
PickCube-v1,3,10,0.2777777777777778,8d74cbd703c473aa0efafb13b9ae13b577c5c7c2bda7c11246f283051e264e55,object_pos_y-,0.003,0.0,-0.003,0.0,1,1,,1,1,0.33333333333333337,3.3427746295928955,0.0,0.0,0.0,0.029896238818764687,0.260116308927536
PickCube-v1,3,10,0.2777777777777778,8d74cbd703c473aa0efafb13b9ae13b577c5c7c2bda7c11246f283051e264e55,eef_joint_1+,0.02,0.0,0.02,0.0,0,1,,1,1,0.33333333333333337,3.3427746295928955,0.0,0.0,0.0,0.029896238818764687,0.260116308927536
PickCube-v1,3,10,0.2777777777777778,8d74cbd703c473aa0efafb13b9ae13b577c5c7c2bda7c11246f283051e264e55,eef_joint_1-,0.02,0.0,-0.02,0.0,0,1,,1,1,0.33333333333333337,3.3427746295928955,0.0,0.0,0.0,0.029896238818764687,0.260116308927536
PickCube-v1,3,15,0.4166666666666667,29c50188dd8c4f50f55633f291ac620810fdd5481403207f5e2c80d2ef3cff7e,zero,0.0,0.0,0.0,0.0,1,1,,1,1,0.33333333333333337,3.3427746295928955,0.0,0.0,0.0,0.0013475213199853897,0.260116308927536
PickCube-v1,3,15,0.4166666666666667,29c50188dd8c4f50f55633f291ac620810fdd5481403207f5e2c80d2ef3cff7e,object_pos_x+,0.003,0.003,0.0,0.0,1,1,,1,1,0.33333333333333337,3.3427746295928955,0.0,0.0,0.0,0.0013475213199853897,0.260116308927536
PickCube-v1,3,15,0.4166666666666667,29c50188dd8c4f50f55633f291ac620810fdd5481403207f5e2c80d2ef3cff7e,object_pos_x-,0.003,-0.003,0.0,0.0,1,1,,1,1,0.33333333333333337,3.3427746295928955,0.0,0.0,0.0,0.0013475213199853897,0.260116308927536
PickCube-v1,3,15,0.4166666666666667,29c50188dd8c4f50f55633f291ac620810fdd5481403207f5e2c80d2ef3cff7e,object_pos_y+,0.003,0.0,0.003,0.0,1,1,,1,1,0.33333333333333337,3.3427746295928955,0.0,0.0,0.0,0.0013475213199853897,0.260116308927536
PickCube-v1,3,15,0.4166666666666667,29c50188dd8c4f50f55633f291ac620810fdd5481403207f5e2c80d2ef3cff7e,object_pos_y-,0.003,0.0,-0.003,0.0,1,1,,1,1,0.33333333333333337,3.3427746295928955,0.0,0.0,0.0,0.0013475213199853897,0.260116308927536
PickCube-v1,3,15,0.4166666666666667,29c50188dd8c4f50f55633f291ac620810fdd5481403207f5e2c80d2ef3cff7e,eef_joint_1+,0.02,0.0,0.02,0.0,0,1,,1,1,0.33333333333333337,3.3427746295928955,0.0,0.0,0.0,0.0013475213199853897,0.260116308927536
PickCube-v1,3,15,0.4166666666666667,29c50188dd8c4f50f55633f291ac620810fdd5481403207f5e2c80d2ef3cff7e,eef_joint_1-,0.02,0.0,-0.02,0.0,0,1,,1,1,0.33333333333333337,3.3427746295928955,0.0,0.0,0.0,0.0013475213199853897,0.260116308927536
PickCube-v1,3,20,0.5555555555555556,7e1b1ea3f6e425ccaa492eeb90b6958589ada72398628252f1d0b5f22a6d78a7,zero,0.0,0.0,0.0,0.0,1,1,,1,1,0.33333333333333337,3.3427746295928955,0.0,0.0,0.0,0.00017784246301744133,0.25968316197395325
PickCube-v1,3,20,0.5555555555555556,7e1b1ea3f6e425ccaa492eeb90b6958589ada72398628252f1d0b5f22a6d78a7,object_pos_x+,0.003,0.003,0.0,0.0,1,1,,1,1,0.33333333333333337,3.3427746295928955,0.0,0.0,0.0,0.00017784246301744133,0.25968316197395325
PickCube-v1,3,20,0.5555555555555556,7e1b1ea3f6e425ccaa492eeb90b6958589ada72398628252f1d0b5f22a6d78a7,object_pos_x-,0.003,-0.003,0.0,0.0,1,1,,1,1,0.33333333333333337,3.3427746295928955,0.0,0.0,0.0,0.00017784246301744133,0.25968316197395325
PickCube-v1,3,20,0.5555555555555556,7e1b1ea3f6e425ccaa492eeb90b6958589ada72398628252f1d0b5f22a6d78a7,object_pos_y+,0.003,0.0,0.003,0.0,1,1,,1,1,0.33333333333333337,3.3427746295928955,0.0,0.0,0.0,0.00017784246301744133,0.25968316197395325
PickCube-v1,3,20,0.5555555555555556,7e1b1ea3f6e425ccaa492eeb90b6958589ada72398628252f1d0b5f22a6d78a7,object_pos_y-,0.003,0.0,-0.003,0.0,1,1,,1,1,0.33333333333333337,3.3427746295928955,0.0,0.0,0.0,0.00017784246301744133,0.25968316197395325
PickCube-v1,3,20,0.5555555555555556,7e1b1ea3f6e425ccaa492eeb90b6958589ada72398628252f1d0b5f22a6d78a7,eef_joint_1+,0.02,0.0,0.02,0.0,0,1,,1,1,0.33333333333333337,3.3427746295928955,0.0,0.0,0.0,0.00017784246301744133,0.25968316197395325
PickCube-v1,3,20,0.5555555555555556,7e1b1ea3f6e425ccaa492eeb90b6958589ada72398628252f1d0b5f22a6d78a7,eef_joint_1-,0.02,0.0,-0.02,0.0,0,1,,1,1,0.33333333333333337,3.3427746295928955,0.0,0.0,0.0,0.00017784246301744133,0.25968316197395325
PickCube-v1,3,25,0.6944444444444444,f6904d9ae3711d7363016365f3d048668f01e98a0640979d52c012a20311484d,zero,0.0,0.0,0.0,0.0,1,1,,1,1,0.33333333333333337,3.3486924171447754,0.0,0.18000003695487976,0.0,0.00046348292380571365,0.23462358117103577
PickCube-v1,3,25,0.6944444444444444,f6904d9ae3711d7363016365f3d048668f01e98a0640979d52c012a20311484d,object_pos_x+,0.003,0.003,0.0,0.0,1,1,,1,1,0.33333333333333337,3.3486924171447754,0.0,0.18000003695487976,0.0,0.00046348292380571365,0.23462358117103577
PickCube-v1,3,25,0.6944444444444444,f6904d9ae3711d7363016365f3d048668f01e98a0640979d52c012a20311484d,object_pos_x-,0.003,-0.003,0.0,0.0,1,1,,1,1,0.33333333333333337,3.3486924171447754,0.0,0.18000003695487976,0.0,0.00046348292380571365,0.23462358117103577
PickCube-v1,3,25,0.6944444444444444,f6904d9ae3711d7363016365f3d048668f01e98a0640979d52c012a20311484d,object_pos_y+,0.003,0.0,0.003,0.0,1,1,,1,1,0.33333333333333337,3.3486924171447754,0.0,0.18000003695487976,0.0,0.00046348292380571365,0.23462358117103577
PickCube-v1,3,25,0.6944444444444444,f6904d9ae3711d7363016365f3d048668f01e98a0640979d52c012a20311484d,object_pos_y-,0.003,0.0,-0.003,0.0,1,1,,1,1,0.33333333333333337,3.3486924171447754,0.0,0.18000003695487976,0.0,0.00046348292380571365,0.23462358117103577
PickCube-v1,3,25,0.6944444444444444,f6904d9ae3711d7363016365f3d048668f01e98a0640979d52c012a20311484d,eef_joint_1+,0.02,0.0,0.02,0.0,0,1,,1,1,0.33333333333333337,3.3486924171447754,0.0,0.18000003695487976,0.0,0.00046348292380571365,0.23462358117103577
PickCube-v1,3,25,0.6944444444444444,f6904d9ae3711d7363016365f3d048668f01e98a0640979d52c012a20311484d,eef_joint_1-,0.02,0.0,-0.02,0.0,0,1,,1,1,0.33333333333333337,3.3486924171447754,0.0,0.18000003695487976,0.0,0.00046348292380571365,0.23462358117103577
PickCube-v1,3,30,0.8333333333333334,b03afdd6e9f71dc3462dd260c268276a94826860b8b4eaa5e7f9952b23dbc2b0,zero,0.0,0.0,0.0,0.0,1,1,,1,1,0.33333333333333337,3.3486924171447754,0.0,0.0,0.0,0.0004737066337838769,0.14155100286006927
PickCube-v1,3,30,0.8333333333333334,b03afdd6e9f71dc3462dd260c268276a94826860b8b4eaa5e7f9952b23dbc2b0,object_pos_x+,0.003,0.003,0.0,0.0,1,1,,1,1,0.33333333333333337,3.3486924171447754,0.0,0.0,0.0,0.0004737066337838769,0.14155100286006927
PickCube-v1,3,30,0.8333333333333334,b03afdd6e9f71dc3462dd260c268276a94826860b8b4eaa5e7f9952b23dbc2b0,object_pos_x-,0.003,-0.003,0.0,0.0,1,1,,1,1,0.33333333333333337,3.3486924171447754,0.0,0.0,0.0,0.0004737066337838769,0.14155100286006927
PickCube-v1,3,30,0.8333333333333334,b03afdd6e9f71dc3462dd260c268276a94826860b8b4eaa5e7f9952b23dbc2b0,object_pos_y+,0.003,0.0,0.003,0.0,1,1,,1,1,0.33333333333333337,3.3486924171447754,0.0,0.0,0.0,0.0004737066337838769,0.14155100286006927
PickCube-v1,3,30,0.8333333333333334,b03afdd6e9f71dc3462dd260c268276a94826860b8b4eaa5e7f9952b23dbc2b0,object_pos_y-,0.003,0.0,-0.003,0.0,1,1,,1,1,0.33333333333333337,3.3486924171447754,0.0,0.0,0.0,0.0004737066337838769,0.14155100286006927
PickCube-v1,3,30,0.8333333333333334,b03afdd6e9f71dc3462dd260c268276a94826860b8b4eaa5e7f9952b23dbc2b0,eef_joint_1+,0.02,0.0,0.02,0.0,0,1,,1,1,0.33333333333333337,3.3486924171447754,0.0,0.0,0.0,0.0004737066337838769,0.14155100286006927
PickCube-v1,3,30,0.8333333333333334,b03afdd6e9f71dc3462dd260c268276a94826860b8b4eaa5e7f9952b23dbc2b0,eef_joint_1-,0.02,0.0,-0.02,0.0,0,1,,1,1,0.33333333333333337,3.3486924171447754,0.0,0.0,0.0,0.0004737066337838769,0.14155100286006927
PickCube-v1,3,35,0.9722222222222222,c4e5da85d8b02fdc49971ddf2546de2a85ff5f9fea5fec632718d69b6760caf2,zero,0.0,0.0,0.0,0.0,1,1,,1,1,0.33333333333333337,3.3527939319610596,0.0,0.0,0.0,0.00047504829126410186,0.03264041617512703
PickCube-v1,3,35,0.9722222222222222,c4e5da85d8b02fdc49971ddf2546de2a85ff5f9fea5fec632718d69b6760caf2,object_pos_x+,0.003,0.003,0.0,0.0,1,1,,1,1,0.33333333333333337,3.3527939319610596,0.0,0.0,0.0,0.00047504829126410186,0.03264041617512703
PickCube-v1,3,35,0.9722222222222222,c4e5da85d8b02fdc49971ddf2546de2a85ff5f9fea5fec632718d69b6760caf2,object_pos_x-,0.003,-0.003,0.0,0.0,1,1,,1,1,0.33333333333333337,3.3527939319610596,0.0,0.0,0.0,0.00047504829126410186,0.03264041617512703
PickCube-v1,3,35,0.9722222222222222,c4e5da85d8b02fdc49971ddf2546de2a85ff5f9fea5fec632718d69b6760caf2,object_pos_y+,0.003,0.0,0.003,0.0,1,1,,1,1,0.33333333333333337,3.3527939319610596,0.0,0.0,0.0,0.00047504829126410186,0.03264041617512703
PickCube-v1,3,35,0.9722222222222222,c4e5da85d8b02fdc49971ddf2546de2a85ff5f9fea5fec632718d69b6760caf2,object_pos_y-,0.003,0.0,-0.003,0.0,1,1,,1,1,0.33333333333333337,3.3527939319610596,0.0,0.0,0.0,0.00047504829126410186,0.03264041617512703
PickCube-v1,3,35,0.9722222222222222,c4e5da85d8b02fdc49971ddf2546de2a85ff5f9fea5fec632718d69b6760caf2,eef_joint_1+,0.02,0.0,0.02,0.0,0,1,,1,1,0.33333333333333337,3.3527939319610596,0.0,0.0,0.0,0.00047504829126410186,0.03264041617512703
PickCube-v1,3,35,0.9722222222222222,c4e5da85d8b02fdc49971ddf2546de2a85ff5f9fea5fec632718d69b6760caf2,eef_joint_1-,0.02,0.0,-0.02,0.0,0,1,,1,1,0.33333333333333337,3.3527939319610596,0.0,0.0,0.0,0.00047504829126410186,0.03264041617512703
PickCube-v1,4,0,0.0,79982e0900eca610f89f61fd102d532c629e503a56a7a36ba3137fd4ff5e1013,zero,0.0,0.0,0.0,0.0,1,1,,1,1,0.16666666666666663,3.357517957687378,3.357517957687378,3.357517957687378,1.0,0.14950326085090637,0.30563271045684814
PickCube-v1,4,0,0.0,79982e0900eca610f89f61fd102d532c629e503a56a7a36ba3137fd4ff5e1013,object_pos_x+,0.003,0.003,0.0,0.0,1,1,,1,1,0.16666666666666663,3.357517957687378,3.357517957687378,3.357517957687378,1.0,0.14950326085090637,0.30563271045684814
PickCube-v1,4,0,0.0,79982e0900eca610f89f61fd102d532c629e503a56a7a36ba3137fd4ff5e1013,object_pos_x-,0.003,-0.003,0.0,0.0,1,1,,1,1,0.16666666666666663,3.357517957687378,3.357517957687378,3.357517957687378,1.0,0.14950326085090637,0.30563271045684814
PickCube-v1,4,0,0.0,79982e0900eca610f89f61fd102d532c629e503a56a7a36ba3137fd4ff5e1013,object_pos_y+,0.003,0.0,0.003,0.0,1,1,,1,1,0.16666666666666663,3.357517957687378,3.357517957687378,3.357517957687378,1.0,0.14950326085090637,0.30563271045684814
PickCube-v1,4,0,0.0,79982e0900eca610f89f61fd102d532c629e503a56a7a36ba3137fd4ff5e1013,object_pos_y-,0.003,0.0,-0.003,0.0,1,1,,1,1,0.16666666666666663,3.357517957687378,3.357517957687378,3.357517957687378,1.0,0.14950326085090637,0.30563271045684814
PickCube-v1,4,0,0.0,79982e0900eca610f89f61fd102d532c629e503a56a7a36ba3137fd4ff5e1013,eef_joint_1+,0.02,0.0,0.02,0.0,0,1,,1,1,0.16666666666666663,3.357517957687378,3.357517957687378,3.357517957687378,1.0,0.14950326085090637,0.30563271045684814
PickCube-v1,4,0,0.0,79982e0900eca610f89f61fd102d532c629e503a56a7a36ba3137fd4ff5e1013,eef_joint_1-,0.02,0.0,-0.02,0.0,1,1,,1,1,0.16666666666666663,3.357517957687378,3.357517957687378,3.357517957687378,1.0,0.14950326085090637,0.30563271045684814
PickCube-v1,4,5,0.13513513513513514,9073a202450d0e06322ad3b90c86751cc2704d5b23da0ca355d24dc9ae13bb7e,zero,0.0,0.0,0.0,0.0,1,1,,1,1,0.16666666666666663,3.357517957687378,0.0,0.0,0.0,0.07185542583465576,0.3056327998638153
PickCube-v1,4,5,0.13513513513513514,9073a202450d0e06322ad3b90c86751cc2704d5b23da0ca355d24dc9ae13bb7e,object_pos_x+,0.003,0.003,0.0,0.0,1,1,,1,1,0.16666666666666663,3.357517957687378,0.0,0.0,0.0,0.07185542583465576,0.3056327998638153
PickCube-v1,4,5,0.13513513513513514,9073a202450d0e06322ad3b90c86751cc2704d5b23da0ca355d24dc9ae13bb7e,object_pos_x-,0.003,-0.003,0.0,0.0,1,1,,1,1,0.16666666666666663,3.357517957687378,0.0,0.0,0.0,0.07185542583465576,0.3056327998638153
PickCube-v1,4,5,0.13513513513513514,9073a202450d0e06322ad3b90c86751cc2704d5b23da0ca355d24dc9ae13bb7e,object_pos_y+,0.003,0.0,0.003,0.0,1,1,,1,1,0.16666666666666663,3.357517957687378,0.0,0.0,0.0,0.07185542583465576,0.3056327998638153
PickCube-v1,4,5,0.13513513513513514,9073a202450d0e06322ad3b90c86751cc2704d5b23da0ca355d24dc9ae13bb7e,object_pos_y-,0.003,0.0,-0.003,0.0,1,1,,1,1,0.16666666666666663,3.357517957687378,0.0,0.0,0.0,0.07185542583465576,0.3056327998638153
PickCube-v1,4,5,0.13513513513513514,9073a202450d0e06322ad3b90c86751cc2704d5b23da0ca355d24dc9ae13bb7e,eef_joint_1+,0.02,0.0,0.02,0.0,0,1,,1,1,0.16666666666666663,3.357517957687378,0.0,0.0,0.0,0.07185542583465576,0.3056327998638153
PickCube-v1,4,5,0.13513513513513514,9073a202450d0e06322ad3b90c86751cc2704d5b23da0ca355d24dc9ae13bb7e,eef_joint_1-,0.02,0.0,-0.02,0.0,1,1,,1,1,0.16666666666666663,3.357517957687378,0.0,0.0,0.0,0.07185542583465576,0.3056327998638153
PickCube-v1,4,10,0.2702702702702703,1bcc542a7b7d33ca059cd536d1c8bec370852ebc53b912f62d0c75e943409735,zero,0.0,0.0,0.0,0.0,1,1,,1,1,0.16666666666666663,3.3563709259033203,0.0,0.0,0.0,0.03160804882645607,0.3056327998638153
PickCube-v1,4,10,0.2702702702702703,1bcc542a7b7d33ca059cd536d1c8bec370852ebc53b912f62d0c75e943409735,object_pos_x+,0.003,0.003,0.0,0.0,1,1,,1,1,0.16666666666666663,3.3563709259033203,0.0,0.0,0.0,0.03160804882645607,0.3056327998638153
PickCube-v1,4,10,0.2702702702702703,1bcc542a7b7d33ca059cd536d1c8bec370852ebc53b912f62d0c75e943409735,object_pos_x-,0.003,-0.003,0.0,0.0,1,1,,1,1,0.16666666666666663,3.3563709259033203,0.0,0.0,0.0,0.03160804882645607,0.3056327998638153
PickCube-v1,4,10,0.2702702702702703,1bcc542a7b7d33ca059cd536d1c8bec370852ebc53b912f62d0c75e943409735,object_pos_y+,0.003,0.0,0.003,0.0,1,1,,1,1,0.16666666666666663,3.3563709259033203,0.0,0.0,0.0,0.03160804882645607,0.3056327998638153
PickCube-v1,4,10,0.2702702702702703,1bcc542a7b7d33ca059cd536d1c8bec370852ebc53b912f62d0c75e943409735,object_pos_y-,0.003,0.0,-0.003,0.0,1,1,,1,1,0.16666666666666663,3.3563709259033203,0.0,0.0,0.0,0.03160804882645607,0.3056327998638153
PickCube-v1,4,10,0.2702702702702703,1bcc542a7b7d33ca059cd536d1c8bec370852ebc53b912f62d0c75e943409735,eef_joint_1+,0.02,0.0,0.02,0.0,0,1,,1,1,0.16666666666666663,3.3563709259033203,0.0,0.0,0.0,0.03160804882645607,0.3056327998638153
PickCube-v1,4,10,0.2702702702702703,1bcc542a7b7d33ca059cd536d1c8bec370852ebc53b912f62d0c75e943409735,eef_joint_1-,0.02,0.0,-0.02,0.0,1,1,,1,1,0.16666666666666663,3.3563709259033203,0.0,0.0,0.0,0.03160804882645607,0.3056327998638153
PickCube-v1,4,15,0.40540540540540543,c1b549a58ff43253f689b8c2d5dcc87f4c74e8dc4ef8f241a089a162aea728ec,zero,0.0,0.0,0.0,0.0,1,1,,1,1,0.16666666666666663,3.3563709259033203,0.0,0.0,0.0,0.001660084817558527,0.3056327998638153
PickCube-v1,4,15,0.40540540540540543,c1b549a58ff43253f689b8c2d5dcc87f4c74e8dc4ef8f241a089a162aea728ec,object_pos_x+,0.003,0.003,0.0,0.0,1,1,,1,1,0.16666666666666663,3.3563709259033203,0.0,0.0,0.0,0.001660084817558527,0.3056327998638153
PickCube-v1,4,15,0.40540540540540543,c1b549a58ff43253f689b8c2d5dcc87f4c74e8dc4ef8f241a089a162aea728ec,object_pos_x-,0.003,-0.003,0.0,0.0,1,1,,1,1,0.16666666666666663,3.3563709259033203,0.0,0.0,0.0,0.001660084817558527,0.3056327998638153
PickCube-v1,4,15,0.40540540540540543,c1b549a58ff43253f689b8c2d5dcc87f4c74e8dc4ef8f241a089a162aea728ec,object_pos_y+,0.003,0.0,0.003,0.0,1,1,,1,1,0.16666666666666663,3.3563709259033203,0.0,0.0,0.0,0.001660084817558527,0.3056327998638153
PickCube-v1,4,15,0.40540540540540543,c1b549a58ff43253f689b8c2d5dcc87f4c74e8dc4ef8f241a089a162aea728ec,object_pos_y-,0.003,0.0,-0.003,0.0,1,1,,1,1,0.16666666666666663,3.3563709259033203,0.0,0.0,0.0,0.001660084817558527,0.3056327998638153
PickCube-v1,4,15,0.40540540540540543,c1b549a58ff43253f689b8c2d5dcc87f4c74e8dc4ef8f241a089a162aea728ec,eef_joint_1+,0.02,0.0,0.02,0.0,0,1,,1,1,0.16666666666666663,3.3563709259033203,0.0,0.0,0.0,0.001660084817558527,0.3056327998638153
PickCube-v1,4,15,0.40540540540540543,c1b549a58ff43253f689b8c2d5dcc87f4c74e8dc4ef8f241a089a162aea728ec,eef_joint_1-,0.02,0.0,-0.02,0.0,1,1,,1,1,0.16666666666666663,3.3563709259033203,0.0,0.0,0.0,0.001660084817558527,0.3056327998638153
PickCube-v1,4,20,0.5405405405405406,a5bd9a50980bba0ae6c8854b326a67c377959f15990069f233f88c35d568bb16,zero,0.0,0.0,0.0,0.0,1,1,,1,1,0.16666666666666663,3.3563709259033203,0.0,0.0,0.0,0.0008010577294044197,0.3056534230709076
PickCube-v1,4,20,0.5405405405405406,a5bd9a50980bba0ae6c8854b326a67c377959f15990069f233f88c35d568bb16,object_pos_x+,0.003,0.003,0.0,0.0,1,1,,1,1,0.16666666666666663,3.3563709259033203,0.0,0.0,0.0,0.0008010577294044197,0.3056534230709076
PickCube-v1,4,20,0.5405405405405406,a5bd9a50980bba0ae6c8854b326a67c377959f15990069f233f88c35d568bb16,object_pos_x-,0.003,-0.003,0.0,0.0,1,1,,1,1,0.16666666666666663,3.3563709259033203,0.0,0.0,0.0,0.0008010577294044197,0.3056534230709076
PickCube-v1,4,20,0.5405405405405406,a5bd9a50980bba0ae6c8854b326a67c377959f15990069f233f88c35d568bb16,object_pos_y+,0.003,0.0,0.003,0.0,1,1,,1,1,0.16666666666666663,3.3563709259033203,0.0,0.0,0.0,0.0008010577294044197,0.3056534230709076
PickCube-v1,4,20,0.5405405405405406,a5bd9a50980bba0ae6c8854b326a67c377959f15990069f233f88c35d568bb16,object_pos_y-,0.003,0.0,-0.003,0.0,1,1,,1,1,0.16666666666666663,3.3563709259033203,0.0,0.0,0.0,0.0008010577294044197,0.3056534230709076
PickCube-v1,4,20,0.5405405405405406,a5bd9a50980bba0ae6c8854b326a67c377959f15990069f233f88c35d568bb16,eef_joint_1+,0.02,0.0,0.02,0.0,0,1,,1,1,0.16666666666666663,3.3563709259033203,0.0,0.0,0.0,0.0008010577294044197,0.3056534230709076
PickCube-v1,4,20,0.5405405405405406,a5bd9a50980bba0ae6c8854b326a67c377959f15990069f233f88c35d568bb16,eef_joint_1-,0.02,0.0,-0.02,0.0,1,1,,1,1,0.16666666666666663,3.3563709259033203,0.0,0.0,0.0,0.0008010577294044197,0.3056534230709076
PickCube-v1,4,25,0.6756756756756757,f4e2fc37e6b9e96945e043d7d78f141762222ba04a19ebe5dd84c1e7f89c25b1,zero,0.0,0.0,0.0,0.0,1,1,,1,1,0.16666666666666663,3.362265110015869,0.0,0.18000003695487976,0.0,0.0007876215968281031,0.2756442129611969
PickCube-v1,4,25,0.6756756756756757,f4e2fc37e6b9e96945e043d7d78f141762222ba04a19ebe5dd84c1e7f89c25b1,object_pos_x+,0.003,0.003,0.0,0.0,1,1,,1,1,0.16666666666666663,3.362265110015869,0.0,0.18000003695487976,0.0,0.0007876215968281031,0.2756442129611969
PickCube-v1,4,25,0.6756756756756757,f4e2fc37e6b9e96945e043d7d78f141762222ba04a19ebe5dd84c1e7f89c25b1,object_pos_x-,0.003,-0.003,0.0,0.0,1,1,,1,1,0.16666666666666663,3.362265110015869,0.0,0.18000003695487976,0.0,0.0007876215968281031,0.2756442129611969
PickCube-v1,4,25,0.6756756756756757,f4e2fc37e6b9e96945e043d7d78f141762222ba04a19ebe5dd84c1e7f89c25b1,object_pos_y+,0.003,0.0,0.003,0.0,1,1,,1,1,0.16666666666666663,3.362265110015869,0.0,0.18000003695487976,0.0,0.0007876215968281031,0.2756442129611969
PickCube-v1,4,25,0.6756756756756757,f4e2fc37e6b9e96945e043d7d78f141762222ba04a19ebe5dd84c1e7f89c25b1,object_pos_y-,0.003,0.0,-0.003,0.0,1,1,,1,1,0.16666666666666663,3.362265110015869,0.0,0.18000003695487976,0.0,0.0007876215968281031,0.2756442129611969
PickCube-v1,4,25,0.6756756756756757,f4e2fc37e6b9e96945e043d7d78f141762222ba04a19ebe5dd84c1e7f89c25b1,eef_joint_1+,0.02,0.0,0.02,0.0,0,1,,1,1,0.16666666666666663,3.362265110015869,0.0,0.18000003695487976,0.0,0.0007876215968281031,0.2756442129611969
PickCube-v1,4,25,0.6756756756756757,f4e2fc37e6b9e96945e043d7d78f141762222ba04a19ebe5dd84c1e7f89c25b1,eef_joint_1-,0.02,0.0,-0.02,0.0,1,1,,1,1,0.16666666666666663,3.362265110015869,0.0,0.18000003695487976,0.0,0.0007876215968281031,0.2756442129611969
PickCube-v1,4,30,0.8108108108108109,55dce4ea02d871d8b2f06829d35b2f566828bcef6c25399504ac04cf159adbc2,zero,0.0,0.0,0.0,0.0,1,1,,1,1,0.16666666666666663,3.362265110015869,0.0,0.0,0.0,0.0008065411238931119,0.1684715747833252
PickCube-v1,4,30,0.8108108108108109,55dce4ea02d871d8b2f06829d35b2f566828bcef6c25399504ac04cf159adbc2,object_pos_x+,0.003,0.003,0.0,0.0,1,1,,1,1,0.16666666666666663,3.362265110015869,0.0,0.0,0.0,0.0008065411238931119,0.1684715747833252
PickCube-v1,4,30,0.8108108108108109,55dce4ea02d871d8b2f06829d35b2f566828bcef6c25399504ac04cf159adbc2,object_pos_x-,0.003,-0.003,0.0,0.0,1,1,,1,1,0.16666666666666663,3.362265110015869,0.0,0.0,0.0,0.0008065411238931119,0.1684715747833252
PickCube-v1,4,30,0.8108108108108109,55dce4ea02d871d8b2f06829d35b2f566828bcef6c25399504ac04cf159adbc2,object_pos_y+,0.003,0.0,0.003,0.0,1,1,,1,1,0.16666666666666663,3.362265110015869,0.0,0.0,0.0,0.0008065411238931119,0.1684715747833252
PickCube-v1,4,30,0.8108108108108109,55dce4ea02d871d8b2f06829d35b2f566828bcef6c25399504ac04cf159adbc2,object_pos_y-,0.003,0.0,-0.003,0.0,1,1,,1,1,0.16666666666666663,3.362265110015869,0.0,0.0,0.0,0.0008065411238931119,0.1684715747833252
PickCube-v1,4,30,0.8108108108108109,55dce4ea02d871d8b2f06829d35b2f566828bcef6c25399504ac04cf159adbc2,eef_joint_1+,0.02,0.0,0.02,0.0,0,1,,1,1,0.16666666666666663,3.362265110015869,0.0,0.0,0.0,0.0008065411238931119,0.1684715747833252
PickCube-v1,4,30,0.8108108108108109,55dce4ea02d871d8b2f06829d35b2f566828bcef6c25399504ac04cf159adbc2,eef_joint_1-,0.02,0.0,-0.02,0.0,1,1,,1,1,0.16666666666666663,3.362265110015869,0.0,0.0,0.0,0.0008065411238931119,0.1684715747833252
PickCube-v1,4,35,0.9459459459459459,008fa96ac5184ab70ca43de3656f92d7429390766362a6214845daf3b6ac62d1,zero,0.0,0.0,0.0,0.0,1,1,,1,1,0.16666666666666663,3.352771282196045,0.0,0.0,0.0,0.0008128214976750314,0.03549310192465782
PickCube-v1,4,35,0.9459459459459459,008fa96ac5184ab70ca43de3656f92d7429390766362a6214845daf3b6ac62d1,object_pos_x+,0.003,0.003,0.0,0.0,1,1,,1,1,0.16666666666666663,3.352771282196045,0.0,0.0,0.0,0.0008128214976750314,0.03549310192465782
PickCube-v1,4,35,0.9459459459459459,008fa96ac5184ab70ca43de3656f92d7429390766362a6214845daf3b6ac62d1,object_pos_x-,0.003,-0.003,0.0,0.0,1,1,,1,1,0.16666666666666663,3.352771282196045,0.0,0.0,0.0,0.0008128214976750314,0.03549310192465782
PickCube-v1,4,35,0.9459459459459459,008fa96ac5184ab70ca43de3656f92d7429390766362a6214845daf3b6ac62d1,object_pos_y+,0.003,0.0,0.003,0.0,1,1,,1,1,0.16666666666666663,3.352771282196045,0.0,0.0,0.0,0.0008128214976750314,0.03549310192465782
PickCube-v1,4,35,0.9459459459459459,008fa96ac5184ab70ca43de3656f92d7429390766362a6214845daf3b6ac62d1,object_pos_y-,0.003,0.0,-0.003,0.0,1,1,,1,1,0.16666666666666663,3.352771282196045,0.0,0.0,0.0,0.0008128214976750314,0.03549310192465782
PickCube-v1,4,35,0.9459459459459459,008fa96ac5184ab70ca43de3656f92d7429390766362a6214845daf3b6ac62d1,eef_joint_1+,0.02,0.0,0.02,0.0,0,1,,1,1,0.16666666666666663,3.352771282196045,0.0,0.0,0.0,0.0008128214976750314,0.03549310192465782
PickCube-v1,4,35,0.9459459459459459,008fa96ac5184ab70ca43de3656f92d7429390766362a6214845daf3b6ac62d1,eef_joint_1-,0.02,0.0,-0.02,0.0,1,1,,1,1,0.16666666666666663,3.352771282196045,0.0,0.0,0.0,0.0008128214976750314,0.03549310192465782
PickCube-v1,5,0,0.0,4650c63ad33fc2ac9735a3b1b9c8efffd78628556ae46831123c9bacf29c82a2,zero,0.0,0.0,0.0,0.0,1,1,,1,1,0.0,3.405750274658203,3.405750274658203,3.405750274658203,1.0,0.20040163397789001,0.2635056972503662
PickCube-v1,5,0,0.0,4650c63ad33fc2ac9735a3b1b9c8efffd78628556ae46831123c9bacf29c82a2,object_pos_x+,0.003,0.003,0.0,0.0,1,1,,1,1,0.0,3.405750274658203,3.405750274658203,3.405750274658203,1.0,0.20040163397789001,0.2635056972503662
PickCube-v1,5,0,0.0,4650c63ad33fc2ac9735a3b1b9c8efffd78628556ae46831123c9bacf29c82a2,object_pos_x-,0.003,-0.003,0.0,0.0,1,1,,1,1,0.0,3.405750274658203,3.405750274658203,3.405750274658203,1.0,0.20040163397789001,0.2635056972503662
PickCube-v1,5,0,0.0,4650c63ad33fc2ac9735a3b1b9c8efffd78628556ae46831123c9bacf29c82a2,object_pos_y+,0.003,0.0,0.003,0.0,1,1,,1,1,0.0,3.405750274658203,3.405750274658203,3.405750274658203,1.0,0.20040163397789001,0.2635056972503662
PickCube-v1,5,0,0.0,4650c63ad33fc2ac9735a3b1b9c8efffd78628556ae46831123c9bacf29c82a2,object_pos_y-,0.003,0.0,-0.003,0.0,1,1,,1,1,0.0,3.405750274658203,3.405750274658203,3.405750274658203,1.0,0.20040163397789001,0.2635056972503662
PickCube-v1,5,0,0.0,4650c63ad33fc2ac9735a3b1b9c8efffd78628556ae46831123c9bacf29c82a2,eef_joint_1+,0.02,0.0,0.02,0.0,1,1,,1,1,0.0,3.405750274658203,3.405750274658203,3.405750274658203,1.0,0.20040163397789001,0.2635056972503662
PickCube-v1,5,0,0.0,4650c63ad33fc2ac9735a3b1b9c8efffd78628556ae46831123c9bacf29c82a2,eef_joint_1-,0.02,0.0,-0.02,0.0,1,1,,1,1,0.0,3.405750274658203,3.405750274658203,3.405750274658203,1.0,0.20040163397789001,0.2635056972503662
PickCube-v1,5,5,0.13157894736842105,418bfff976c69297661d2c689fec0c97295cf4bf869bae58a4e3beb0aec8aaad,zero,0.0,0.0,0.0,0.0,1,1,,1,1,0.0,3.405750274658203,0.0,0.0,0.0,0.07234125584363937,0.26350563764572144
PickCube-v1,5,5,0.13157894736842105,418bfff976c69297661d2c689fec0c97295cf4bf869bae58a4e3beb0aec8aaad,object_pos_x+,0.003,0.003,0.0,0.0,1,1,,1,1,0.0,3.405750274658203,0.0,0.0,0.0,0.07234125584363937,0.26350563764572144
PickCube-v1,5,5,0.13157894736842105,418bfff976c69297661d2c689fec0c97295cf4bf869bae58a4e3beb0aec8aaad,object_pos_x-,0.003,-0.003,0.0,0.0,1,1,,1,1,0.0,3.405750274658203,0.0,0.0,0.0,0.07234125584363937,0.26350563764572144
PickCube-v1,5,5,0.13157894736842105,418bfff976c69297661d2c689fec0c97295cf4bf869bae58a4e3beb0aec8aaad,object_pos_y+,0.003,0.0,0.003,0.0,1,1,,1,1,0.0,3.405750274658203,0.0,0.0,0.0,0.07234125584363937,0.26350563764572144
PickCube-v1,5,5,0.13157894736842105,418bfff976c69297661d2c689fec0c97295cf4bf869bae58a4e3beb0aec8aaad,object_pos_y-,0.003,0.0,-0.003,0.0,1,1,,1,1,0.0,3.405750274658203,0.0,0.0,0.0,0.07234125584363937,0.26350563764572144
PickCube-v1,5,5,0.13157894736842105,418bfff976c69297661d2c689fec0c97295cf4bf869bae58a4e3beb0aec8aaad,eef_joint_1+,0.02,0.0,0.02,0.0,1,1,,1,1,0.0,3.405750274658203,0.0,0.0,0.0,0.07234125584363937,0.26350563764572144
PickCube-v1,5,5,0.13157894736842105,418bfff976c69297661d2c689fec0c97295cf4bf869bae58a4e3beb0aec8aaad,eef_joint_1-,0.02,0.0,-0.02,0.0,1,1,,1,1,0.0,3.405750274658203,0.0,0.0,0.0,0.07234125584363937,0.26350563764572144
PickCube-v1,5,10,0.2631578947368421,9b842959f202c7e8353e79343aff14d8081864eb54bd5198b466b2b3dbca272d,zero,0.0,0.0,0.0,0.0,1,1,,1,1,0.0,3.4046196937561035,0.0,0.0,0.0,0.032960306853055954,0.2635056674480438
PickCube-v1,5,10,0.2631578947368421,9b842959f202c7e8353e79343aff14d8081864eb54bd5198b466b2b3dbca272d,object_pos_x+,0.003,0.003,0.0,0.0,1,1,,1,1,0.0,3.4046196937561035,0.0,0.0,0.0,0.032960306853055954,0.2635056674480438
PickCube-v1,5,10,0.2631578947368421,9b842959f202c7e8353e79343aff14d8081864eb54bd5198b466b2b3dbca272d,object_pos_x-,0.003,-0.003,0.0,0.0,1,1,,1,1,0.0,3.4046196937561035,0.0,0.0,0.0,0.032960306853055954,0.2635056674480438
PickCube-v1,5,10,0.2631578947368421,9b842959f202c7e8353e79343aff14d8081864eb54bd5198b466b2b3dbca272d,object_pos_y+,0.003,0.0,0.003,0.0,1,1,,1,1,0.0,3.4046196937561035,0.0,0.0,0.0,0.032960306853055954,0.2635056674480438
PickCube-v1,5,10,0.2631578947368421,9b842959f202c7e8353e79343aff14d8081864eb54bd5198b466b2b3dbca272d,object_pos_y-,0.003,0.0,-0.003,0.0,1,1,,1,1,0.0,3.4046196937561035,0.0,0.0,0.0,0.032960306853055954,0.2635056674480438
PickCube-v1,5,10,0.2631578947368421,9b842959f202c7e8353e79343aff14d8081864eb54bd5198b466b2b3dbca272d,eef_joint_1+,0.02,0.0,0.02,0.0,1,1,,1,1,0.0,3.4046196937561035,0.0,0.0,0.0,0.032960306853055954,0.2635056674480438
PickCube-v1,5,10,0.2631578947368421,9b842959f202c7e8353e79343aff14d8081864eb54bd5198b466b2b3dbca272d,eef_joint_1-,0.02,0.0,-0.02,0.0,1,1,,1,1,0.0,3.4046196937561035,0.0,0.0,0.0,0.032960306853055954,0.2635056674480438
PickCube-v1,5,15,0.39473684210526316,cb69128b954f415584ce3842acf8a6d6f660331101eccbd3a6c5154a359b718d,zero,0.0,0.0,0.0,0.0,1,1,,1,1,0.0,3.4046196937561035,0.0,0.0,0.0,0.002119571901857853,0.26350581645965576
PickCube-v1,5,15,0.39473684210526316,cb69128b954f415584ce3842acf8a6d6f660331101eccbd3a6c5154a359b718d,object_pos_x+,0.003,0.003,0.0,0.0,1,1,,1,1,0.0,3.4046196937561035,0.0,0.0,0.0,0.002119571901857853,0.26350581645965576
PickCube-v1,5,15,0.39473684210526316,cb69128b954f415584ce3842acf8a6d6f660331101eccbd3a6c5154a359b718d,object_pos_x-,0.003,-0.003,0.0,0.0,1,1,,1,1,0.0,3.4046196937561035,0.0,0.0,0.0,0.002119571901857853,0.26350581645965576
PickCube-v1,5,15,0.39473684210526316,cb69128b954f415584ce3842acf8a6d6f660331101eccbd3a6c5154a359b718d,object_pos_y+,0.003,0.0,0.003,0.0,1,1,,1,1,0.0,3.4046196937561035,0.0,0.0,0.0,0.002119571901857853,0.26350581645965576
PickCube-v1,5,15,0.39473684210526316,cb69128b954f415584ce3842acf8a6d6f660331101eccbd3a6c5154a359b718d,object_pos_y-,0.003,0.0,-0.003,0.0,1,1,,1,1,0.0,3.4046196937561035,0.0,0.0,0.0,0.002119571901857853,0.26350581645965576
PickCube-v1,5,15,0.39473684210526316,cb69128b954f415584ce3842acf8a6d6f660331101eccbd3a6c5154a359b718d,eef_joint_1+,0.02,0.0,0.02,0.0,1,1,,1,1,0.0,3.4046196937561035,0.0,0.0,0.0,0.002119571901857853,0.26350581645965576
PickCube-v1,5,15,0.39473684210526316,cb69128b954f415584ce3842acf8a6d6f660331101eccbd3a6c5154a359b718d,eef_joint_1-,0.02,0.0,-0.02,0.0,1,1,,1,1,0.0,3.4046196937561035,0.0,0.0,0.0,0.002119571901857853,0.26350581645965576
PickCube-v1,5,20,0.5263157894736842,cff0cce83aa77cff2263924498812afb9f5502c0b1dd00fed0eec8b09a572f5f,zero,0.0,0.0,0.0,0.0,1,1,,1,1,0.33333333333333337,3.4046196937561035,0.0,0.0,0.0,0.0010428555542603135,0.2634606957435608
PickCube-v1,5,20,0.5263157894736842,cff0cce83aa77cff2263924498812afb9f5502c0b1dd00fed0eec8b09a572f5f,object_pos_x+,0.003,0.003,0.0,0.0,1,1,,1,1,0.33333333333333337,3.4046196937561035,0.0,0.0,0.0,0.0010428555542603135,0.2634606957435608
PickCube-v1,5,20,0.5263157894736842,cff0cce83aa77cff2263924498812afb9f5502c0b1dd00fed0eec8b09a572f5f,object_pos_x-,0.003,-0.003,0.0,0.0,1,1,,1,1,0.33333333333333337,3.4046196937561035,0.0,0.0,0.0,0.0010428555542603135,0.2634606957435608
PickCube-v1,5,20,0.5263157894736842,cff0cce83aa77cff2263924498812afb9f5502c0b1dd00fed0eec8b09a572f5f,object_pos_y+,0.003,0.0,0.003,0.0,1,1,,1,1,0.33333333333333337,3.4046196937561035,0.0,0.0,0.0,0.0010428555542603135,0.2634606957435608
PickCube-v1,5,20,0.5263157894736842,cff0cce83aa77cff2263924498812afb9f5502c0b1dd00fed0eec8b09a572f5f,object_pos_y-,0.003,0.0,-0.003,0.0,1,1,,1,1,0.33333333333333337,3.4046196937561035,0.0,0.0,0.0,0.0010428555542603135,0.2634606957435608
PickCube-v1,5,20,0.5263157894736842,cff0cce83aa77cff2263924498812afb9f5502c0b1dd00fed0eec8b09a572f5f,eef_joint_1+,0.02,0.0,0.02,0.0,0,1,,1,1,0.33333333333333337,3.4046196937561035,0.0,0.0,0.0,0.0010428555542603135,0.2634606957435608
PickCube-v1,5,20,0.5263157894736842,cff0cce83aa77cff2263924498812afb9f5502c0b1dd00fed0eec8b09a572f5f,eef_joint_1-,0.02,0.0,-0.02,0.0,0,1,,1,1,0.33333333333333337,3.4046196937561035,0.0,0.0,0.0,0.0010428555542603135,0.2634606957435608
PickCube-v1,5,25,0.6578947368421053,f749db948d6762b2cabd1aca12ef67829f7f66918a0e949b784497a3bc53a60b,zero,0.0,0.0,0.0,0.0,1,1,,1,1,0.33333333333333337,3.410430431365967,0.0,0.18000003695487976,0.0,0.0010243307333439589,0.23293536901474
PickCube-v1,5,25,0.6578947368421053,f749db948d6762b2cabd1aca12ef67829f7f66918a0e949b784497a3bc53a60b,object_pos_x+,0.003,0.003,0.0,0.0,1,1,,1,1,0.33333333333333337,3.410430431365967,0.0,0.18000003695487976,0.0,0.0010243307333439589,0.23293536901474
PickCube-v1,5,25,0.6578947368421053,f749db948d6762b2cabd1aca12ef67829f7f66918a0e949b784497a3bc53a60b,object_pos_x-,0.003,-0.003,0.0,0.0,1,1,,1,1,0.33333333333333337,3.410430431365967,0.0,0.18000003695487976,0.0,0.0010243307333439589,0.23293536901474
PickCube-v1,5,25,0.6578947368421053,f749db948d6762b2cabd1aca12ef67829f7f66918a0e949b784497a3bc53a60b,object_pos_y+,0.003,0.0,0.003,0.0,1,1,,1,1,0.33333333333333337,3.410430431365967,0.0,0.18000003695487976,0.0,0.0010243307333439589,0.23293536901474
PickCube-v1,5,25,0.6578947368421053,f749db948d6762b2cabd1aca12ef67829f7f66918a0e949b784497a3bc53a60b,object_pos_y-,0.003,0.0,-0.003,0.0,1,1,,1,1,0.33333333333333337,3.410430431365967,0.0,0.18000003695487976,0.0,0.0010243307333439589,0.23293536901474
PickCube-v1,5,25,0.6578947368421053,f749db948d6762b2cabd1aca12ef67829f7f66918a0e949b784497a3bc53a60b,eef_joint_1+,0.02,0.0,0.02,0.0,0,1,,1,1,0.33333333333333337,3.410430431365967,0.0,0.18000003695487976,0.0,0.0010243307333439589,0.23293536901474
PickCube-v1,5,25,0.6578947368421053,f749db948d6762b2cabd1aca12ef67829f7f66918a0e949b784497a3bc53a60b,eef_joint_1-,0.02,0.0,-0.02,0.0,0,1,,1,1,0.33333333333333337,3.410430431365967,0.0,0.18000003695487976,0.0,0.0010243307333439589,0.23293536901474
PickCube-v1,5,30,0.7894736842105263,56bfa49260fa3a342669c1f90fc1ec8e4676336567355eeab9b4d86ca556e796,zero,0.0,0.0,0.0,0.0,1,1,,1,1,0.33333333333333337,3.410430431365967,0.0,0.0,0.0,0.0010415399447083473,0.15399248898029327
PickCube-v1,5,30,0.7894736842105263,56bfa49260fa3a342669c1f90fc1ec8e4676336567355eeab9b4d86ca556e796,object_pos_x+,0.003,0.003,0.0,0.0,1,1,,1,1,0.33333333333333337,3.410430431365967,0.0,0.0,0.0,0.0010415399447083473,0.15399248898029327
PickCube-v1,5,30,0.7894736842105263,56bfa49260fa3a342669c1f90fc1ec8e4676336567355eeab9b4d86ca556e796,object_pos_x-,0.003,-0.003,0.0,0.0,1,1,,1,1,0.33333333333333337,3.410430431365967,0.0,0.0,0.0,0.0010415399447083473,0.15399248898029327
PickCube-v1,5,30,0.7894736842105263,56bfa49260fa3a342669c1f90fc1ec8e4676336567355eeab9b4d86ca556e796,object_pos_y+,0.003,0.0,0.003,0.0,1,1,,1,1,0.33333333333333337,3.410430431365967,0.0,0.0,0.0,0.0010415399447083473,0.15399248898029327
PickCube-v1,5,30,0.7894736842105263,56bfa49260fa3a342669c1f90fc1ec8e4676336567355eeab9b4d86ca556e796,object_pos_y-,0.003,0.0,-0.003,0.0,1,1,,1,1,0.33333333333333337,3.410430431365967,0.0,0.0,0.0,0.0010415399447083473,0.15399248898029327
PickCube-v1,5,30,0.7894736842105263,56bfa49260fa3a342669c1f90fc1ec8e4676336567355eeab9b4d86ca556e796,eef_joint_1+,0.02,0.0,0.02,0.0,0,1,,1,1,0.33333333333333337,3.410430431365967,0.0,0.0,0.0,0.0010415399447083473,0.15399248898029327
PickCube-v1,5,30,0.7894736842105263,56bfa49260fa3a342669c1f90fc1ec8e4676336567355eeab9b4d86ca556e796,eef_joint_1-,0.02,0.0,-0.02,0.0,0,1,,1,1,0.33333333333333337,3.410430431365967,0.0,0.0,0.0,0.0010415399447083473,0.15399248898029327
PickCube-v1,5,35,0.9210526315789473,26471be28b66d7cdc8d489ffeeff3bf3f175f97dec6925ce4b63c5bfdce20b8c,zero,0.0,0.0,0.0,0.0,1,1,,1,1,0.16666666666666663,3.3873560428619385,0.0,0.0,0.0,0.0010398559970781207,0.03662075102329254
PickCube-v1,5,35,0.9210526315789473,26471be28b66d7cdc8d489ffeeff3bf3f175f97dec6925ce4b63c5bfdce20b8c,object_pos_x+,0.003,0.003,0.0,0.0,1,1,,1,1,0.16666666666666663,3.3873560428619385,0.0,0.0,0.0,0.0010398559970781207,0.03662075102329254
PickCube-v1,5,35,0.9210526315789473,26471be28b66d7cdc8d489ffeeff3bf3f175f97dec6925ce4b63c5bfdce20b8c,object_pos_x-,0.003,-0.003,0.0,0.0,1,1,,1,1,0.16666666666666663,3.3873560428619385,0.0,0.0,0.0,0.0010398559970781207,0.03662075102329254
PickCube-v1,5,35,0.9210526315789473,26471be28b66d7cdc8d489ffeeff3bf3f175f97dec6925ce4b63c5bfdce20b8c,object_pos_y+,0.003,0.0,0.003,0.0,1,1,,1,1,0.16666666666666663,3.3873560428619385,0.0,0.0,0.0,0.0010398559970781207,0.03662075102329254
PickCube-v1,5,35,0.9210526315789473,26471be28b66d7cdc8d489ffeeff3bf3f175f97dec6925ce4b63c5bfdce20b8c,object_pos_y-,0.003,0.0,-0.003,0.0,1,1,,1,1,0.16666666666666663,3.3873560428619385,0.0,0.0,0.0,0.0010398559970781207,0.03662075102329254
PickCube-v1,5,35,0.9210526315789473,26471be28b66d7cdc8d489ffeeff3bf3f175f97dec6925ce4b63c5bfdce20b8c,eef_joint_1+,0.02,0.0,0.02,0.0,1,1,,1,1,0.16666666666666663,3.3873560428619385,0.0,0.0,0.0,0.0010398559970781207,0.03662075102329254
PickCube-v1,5,35,0.9210526315789473,26471be28b66d7cdc8d489ffeeff3bf3f175f97dec6925ce4b63c5bfdce20b8c,eef_joint_1-,0.02,0.0,-0.02,0.0,0,1,,1,1,0.16666666666666663,3.3873560428619385,0.0,0.0,0.0,0.0010398559970781207,0.03662075102329254
PickCube-v1,6,0,0.0,e43d7573220b9a762456ed8d4d02e0286f25460bdf199d766874dd12fa5ffa3d,zero,0.0,0.0,0.0,0.0,1,1,,1,1,0.0,3.3590638637542725,3.3590638637542725,3.3590638637542725,1.0,0.1375885307788849,0.22702892124652863
PickCube-v1,6,0,0.0,e43d7573220b9a762456ed8d4d02e0286f25460bdf199d766874dd12fa5ffa3d,object_pos_x+,0.003,0.003,0.0,0.0,1,1,,1,1,0.0,3.3590638637542725,3.3590638637542725,3.3590638637542725,1.0,0.1375885307788849,0.22702892124652863
PickCube-v1,6,0,0.0,e43d7573220b9a762456ed8d4d02e0286f25460bdf199d766874dd12fa5ffa3d,object_pos_x-,0.003,-0.003,0.0,0.0,1,1,,1,1,0.0,3.3590638637542725,3.3590638637542725,3.3590638637542725,1.0,0.1375885307788849,0.22702892124652863
PickCube-v1,6,0,0.0,e43d7573220b9a762456ed8d4d02e0286f25460bdf199d766874dd12fa5ffa3d,object_pos_y+,0.003,0.0,0.003,0.0,1,1,,1,1,0.0,3.3590638637542725,3.3590638637542725,3.3590638637542725,1.0,0.1375885307788849,0.22702892124652863
PickCube-v1,6,0,0.0,e43d7573220b9a762456ed8d4d02e0286f25460bdf199d766874dd12fa5ffa3d,object_pos_y-,0.003,0.0,-0.003,0.0,1,1,,1,1,0.0,3.3590638637542725,3.3590638637542725,3.3590638637542725,1.0,0.1375885307788849,0.22702892124652863
PickCube-v1,6,0,0.0,e43d7573220b9a762456ed8d4d02e0286f25460bdf199d766874dd12fa5ffa3d,eef_joint_1+,0.02,0.0,0.02,0.0,1,1,,1,1,0.0,3.3590638637542725,3.3590638637542725,3.3590638637542725,1.0,0.1375885307788849,0.22702892124652863
PickCube-v1,6,0,0.0,e43d7573220b9a762456ed8d4d02e0286f25460bdf199d766874dd12fa5ffa3d,eef_joint_1-,0.02,0.0,-0.02,0.0,1,1,,1,1,0.0,3.3590638637542725,3.3590638637542725,3.3590638637542725,1.0,0.1375885307788849,0.22702892124652863
PickCube-v1,6,5,0.14285714285714285,906b6c2887302397d8b268671060efe926b7baa822247482a59ac9a11aa63ae2,zero,0.0,0.0,0.0,0.0,1,1,,1,1,0.0,3.3590638637542725,0.0,0.0,0.0,0.07162829488515854,0.22702914476394653
PickCube-v1,6,5,0.14285714285714285,906b6c2887302397d8b268671060efe926b7baa822247482a59ac9a11aa63ae2,object_pos_x+,0.003,0.003,0.0,0.0,1,1,,1,1,0.0,3.3590638637542725,0.0,0.0,0.0,0.07162829488515854,0.22702914476394653
PickCube-v1,6,5,0.14285714285714285,906b6c2887302397d8b268671060efe926b7baa822247482a59ac9a11aa63ae2,object_pos_x-,0.003,-0.003,0.0,0.0,1,1,,1,1,0.0,3.3590638637542725,0.0,0.0,0.0,0.07162829488515854,0.22702914476394653
PickCube-v1,6,5,0.14285714285714285,906b6c2887302397d8b268671060efe926b7baa822247482a59ac9a11aa63ae2,object_pos_y+,0.003,0.0,0.003,0.0,1,1,,1,1,0.0,3.3590638637542725,0.0,0.0,0.0,0.07162829488515854,0.22702914476394653
PickCube-v1,6,5,0.14285714285714285,906b6c2887302397d8b268671060efe926b7baa822247482a59ac9a11aa63ae2,object_pos_y-,0.003,0.0,-0.003,0.0,1,1,,1,1,0.0,3.3590638637542725,0.0,0.0,0.0,0.07162829488515854,0.22702914476394653
PickCube-v1,6,5,0.14285714285714285,906b6c2887302397d8b268671060efe926b7baa822247482a59ac9a11aa63ae2,eef_joint_1+,0.02,0.0,0.02,0.0,1,1,,1,1,0.0,3.3590638637542725,0.0,0.0,0.0,0.07162829488515854,0.22702914476394653
PickCube-v1,6,5,0.14285714285714285,906b6c2887302397d8b268671060efe926b7baa822247482a59ac9a11aa63ae2,eef_joint_1-,0.02,0.0,-0.02,0.0,1,1,,1,1,0.0,3.3590638637542725,0.0,0.0,0.0,0.07162829488515854,0.22702914476394653
PickCube-v1,6,10,0.2857142857142857,1333769e2730b81f5cbadf70d89da0e3baf33e35c46a6c8337703a4fad941641,zero,0.0,0.0,0.0,0.0,1,1,,1,1,0.0,3.357917547225952,0.0,0.0,0.0,0.03168291598558426,0.22702918946743011
PickCube-v1,6,10,0.2857142857142857,1333769e2730b81f5cbadf70d89da0e3baf33e35c46a6c8337703a4fad941641,object_pos_x+,0.003,0.003,0.0,0.0,1,1,,1,1,0.0,3.357917547225952,0.0,0.0,0.0,0.03168291598558426,0.22702918946743011
PickCube-v1,6,10,0.2857142857142857,1333769e2730b81f5cbadf70d89da0e3baf33e35c46a6c8337703a4fad941641,object_pos_x-,0.003,-0.003,0.0,0.0,1,1,,1,1,0.0,3.357917547225952,0.0,0.0,0.0,0.03168291598558426,0.22702918946743011
PickCube-v1,6,10,0.2857142857142857,1333769e2730b81f5cbadf70d89da0e3baf33e35c46a6c8337703a4fad941641,object_pos_y+,0.003,0.0,0.003,0.0,1,1,,1,1,0.0,3.357917547225952,0.0,0.0,0.0,0.03168291598558426,0.22702918946743011
PickCube-v1,6,10,0.2857142857142857,1333769e2730b81f5cbadf70d89da0e3baf33e35c46a6c8337703a4fad941641,object_pos_y-,0.003,0.0,-0.003,0.0,1,1,,1,1,0.0,3.357917547225952,0.0,0.0,0.0,0.03168291598558426,0.22702918946743011
PickCube-v1,6,10,0.2857142857142857,1333769e2730b81f5cbadf70d89da0e3baf33e35c46a6c8337703a4fad941641,eef_joint_1+,0.02,0.0,0.02,0.0,1,1,,1,1,0.0,3.357917547225952,0.0,0.0,0.0,0.03168291598558426,0.22702918946743011
PickCube-v1,6,10,0.2857142857142857,1333769e2730b81f5cbadf70d89da0e3baf33e35c46a6c8337703a4fad941641,eef_joint_1-,0.02,0.0,-0.02,0.0,1,1,,1,1,0.0,3.357917547225952,0.0,0.0,0.0,0.03168291598558426,0.22702918946743011
PickCube-v1,6,15,0.42857142857142855,bbcf817814baca2f405e5a183b19e7cf62f40f209c989a816389984b266a06b7,zero,0.0,0.0,0.0,0.0,1,1,,1,1,0.0,3.357917547225952,0.0,0.0,0.0,0.001672790851444006,0.22702918946743011
PickCube-v1,6,15,0.42857142857142855,bbcf817814baca2f405e5a183b19e7cf62f40f209c989a816389984b266a06b7,object_pos_x+,0.003,0.003,0.0,0.0,1,1,,1,1,0.0,3.357917547225952,0.0,0.0,0.0,0.001672790851444006,0.22702918946743011
PickCube-v1,6,15,0.42857142857142855,bbcf817814baca2f405e5a183b19e7cf62f40f209c989a816389984b266a06b7,object_pos_x-,0.003,-0.003,0.0,0.0,1,1,,1,1,0.0,3.357917547225952,0.0,0.0,0.0,0.001672790851444006,0.22702918946743011
PickCube-v1,6,15,0.42857142857142855,bbcf817814baca2f405e5a183b19e7cf62f40f209c989a816389984b266a06b7,object_pos_y+,0.003,0.0,0.003,0.0,1,1,,1,1,0.0,3.357917547225952,0.0,0.0,0.0,0.001672790851444006,0.22702918946743011
PickCube-v1,6,15,0.42857142857142855,bbcf817814baca2f405e5a183b19e7cf62f40f209c989a816389984b266a06b7,object_pos_y-,0.003,0.0,-0.003,0.0,1,1,,1,1,0.0,3.357917547225952,0.0,0.0,0.0,0.001672790851444006,0.22702918946743011
PickCube-v1,6,15,0.42857142857142855,bbcf817814baca2f405e5a183b19e7cf62f40f209c989a816389984b266a06b7,eef_joint_1+,0.02,0.0,0.02,0.0,1,1,,1,1,0.0,3.357917547225952,0.0,0.0,0.0,0.001672790851444006,0.22702918946743011
PickCube-v1,6,15,0.42857142857142855,bbcf817814baca2f405e5a183b19e7cf62f40f209c989a816389984b266a06b7,eef_joint_1-,0.02,0.0,-0.02,0.0,1,1,,1,1,0.0,3.357917547225952,0.0,0.0,0.0,0.001672790851444006,0.22702918946743011
PickCube-v1,6,20,0.5714285714285714,4cd6f2d05203a9575a8149b05e1e589d26c3bdd4f69aa12ef03b42cd7b0feaf4,zero,0.0,0.0,0.0,0.0,1,1,,1,1,0.0,3.357917547225952,0.0,0.0,0.0,0.0007066160906106234,0.22675922513008118
PickCube-v1,6,20,0.5714285714285714,4cd6f2d05203a9575a8149b05e1e589d26c3bdd4f69aa12ef03b42cd7b0feaf4,object_pos_x+,0.003,0.003,0.0,0.0,1,1,,1,1,0.0,3.357917547225952,0.0,0.0,0.0,0.0007066160906106234,0.22675922513008118
PickCube-v1,6,20,0.5714285714285714,4cd6f2d05203a9575a8149b05e1e589d26c3bdd4f69aa12ef03b42cd7b0feaf4,object_pos_x-,0.003,-0.003,0.0,0.0,1,1,,1,1,0.0,3.357917547225952,0.0,0.0,0.0,0.0007066160906106234,0.22675922513008118
PickCube-v1,6,20,0.5714285714285714,4cd6f2d05203a9575a8149b05e1e589d26c3bdd4f69aa12ef03b42cd7b0feaf4,object_pos_y+,0.003,0.0,0.003,0.0,1,1,,1,1,0.0,3.357917547225952,0.0,0.0,0.0,0.0007066160906106234,0.22675922513008118
PickCube-v1,6,20,0.5714285714285714,4cd6f2d05203a9575a8149b05e1e589d26c3bdd4f69aa12ef03b42cd7b0feaf4,object_pos_y-,0.003,0.0,-0.003,0.0,1,1,,1,1,0.0,3.357917547225952,0.0,0.0,0.0,0.0007066160906106234,0.22675922513008118
PickCube-v1,6,20,0.5714285714285714,4cd6f2d05203a9575a8149b05e1e589d26c3bdd4f69aa12ef03b42cd7b0feaf4,eef_joint_1+,0.02,0.0,0.02,0.0,1,1,,1,1,0.0,3.357917547225952,0.0,0.0,0.0,0.0007066160906106234,0.22675922513008118
PickCube-v1,6,20,0.5714285714285714,4cd6f2d05203a9575a8149b05e1e589d26c3bdd4f69aa12ef03b42cd7b0feaf4,eef_joint_1-,0.02,0.0,-0.02,0.0,1,1,,1,1,0.0,3.357917547225952,0.0,0.0,0.0,0.0007066160906106234,0.22675922513008118
PickCube-v1,6,25,0.7142857142857143,9b8b948ba6394df32dcae899a2c4338852314e2fb27a08af8e4119efc7a1dee7,zero,0.0,0.0,0.0,0.0,1,1,,1,1,0.0,3.3638088703155518,0.0,0.18000003695487976,0.0,0.0006903133471496403,0.19824564456939697
PickCube-v1,6,25,0.7142857142857143,9b8b948ba6394df32dcae899a2c4338852314e2fb27a08af8e4119efc7a1dee7,object_pos_x+,0.003,0.003,0.0,0.0,1,1,,1,1,0.0,3.3638088703155518,0.0,0.18000003695487976,0.0,0.0006903133471496403,0.19824564456939697
PickCube-v1,6,25,0.7142857142857143,9b8b948ba6394df32dcae899a2c4338852314e2fb27a08af8e4119efc7a1dee7,object_pos_x-,0.003,-0.003,0.0,0.0,1,1,,1,1,0.0,3.3638088703155518,0.0,0.18000003695487976,0.0,0.0006903133471496403,0.19824564456939697
PickCube-v1,6,25,0.7142857142857143,9b8b948ba6394df32dcae899a2c4338852314e2fb27a08af8e4119efc7a1dee7,object_pos_y+,0.003,0.0,0.003,0.0,1,1,,1,1,0.0,3.3638088703155518,0.0,0.18000003695487976,0.0,0.0006903133471496403,0.19824564456939697
PickCube-v1,6,25,0.7142857142857143,9b8b948ba6394df32dcae899a2c4338852314e2fb27a08af8e4119efc7a1dee7,object_pos_y-,0.003,0.0,-0.003,0.0,1,1,,1,1,0.0,3.3638088703155518,0.0,0.18000003695487976,0.0,0.0006903133471496403,0.19824564456939697
PickCube-v1,6,25,0.7142857142857143,9b8b948ba6394df32dcae899a2c4338852314e2fb27a08af8e4119efc7a1dee7,eef_joint_1+,0.02,0.0,0.02,0.0,1,1,,1,1,0.0,3.3638088703155518,0.0,0.18000003695487976,0.0,0.0006903133471496403,0.19824564456939697
PickCube-v1,6,25,0.7142857142857143,9b8b948ba6394df32dcae899a2c4338852314e2fb27a08af8e4119efc7a1dee7,eef_joint_1-,0.02,0.0,-0.02,0.0,1,1,,1,1,0.0,3.3638088703155518,0.0,0.18000003695487976,0.0,0.0006903133471496403,0.19824564456939697
PickCube-v1,6,30,0.8571428571428571,ac4c08666ddc749705f1e6e9dd685639d06f4901076672c9417297d2da5a8818,zero,0.0,0.0,0.0,0.0,1,1,,1,1,0.0,3.3638088703155518,0.0,0.0,0.0,0.0007107678102329373,0.05864189565181732
PickCube-v1,6,30,0.8571428571428571,ac4c08666ddc749705f1e6e9dd685639d06f4901076672c9417297d2da5a8818,object_pos_x+,0.003,0.003,0.0,0.0,1,1,,1,1,0.0,3.3638088703155518,0.0,0.0,0.0,0.0007107678102329373,0.05864189565181732
PickCube-v1,6,30,0.8571428571428571,ac4c08666ddc749705f1e6e9dd685639d06f4901076672c9417297d2da5a8818,object_pos_x-,0.003,-0.003,0.0,0.0,1,1,,1,1,0.0,3.3638088703155518,0.0,0.0,0.0,0.0007107678102329373,0.05864189565181732
PickCube-v1,6,30,0.8571428571428571,ac4c08666ddc749705f1e6e9dd685639d06f4901076672c9417297d2da5a8818,object_pos_y+,0.003,0.0,0.003,0.0,1,1,,1,1,0.0,3.3638088703155518,0.0,0.0,0.0,0.0007107678102329373,0.05864189565181732
PickCube-v1,6,30,0.8571428571428571,ac4c08666ddc749705f1e6e9dd685639d06f4901076672c9417297d2da5a8818,object_pos_y-,0.003,0.0,-0.003,0.0,1,1,,1,1,0.0,3.3638088703155518,0.0,0.0,0.0,0.0007107678102329373,0.05864189565181732
PickCube-v1,6,30,0.8571428571428571,ac4c08666ddc749705f1e6e9dd685639d06f4901076672c9417297d2da5a8818,eef_joint_1+,0.02,0.0,0.02,0.0,1,1,,1,1,0.0,3.3638088703155518,0.0,0.0,0.0,0.0007107678102329373,0.05864189565181732
PickCube-v1,6,30,0.8571428571428571,ac4c08666ddc749705f1e6e9dd685639d06f4901076672c9417297d2da5a8818,eef_joint_1-,0.02,0.0,-0.02,0.0,1,1,,1,1,0.0,3.3638088703155518,0.0,0.0,0.0,0.0007107678102329373,0.05864189565181732
PickCube-v1,6,35,1.0,01e6d04842ef72ae695f6ecadfc3eb86840c5ccc550b4d7e9d382af9714a81f8,zero,0.0,0.0,0.0,0.0,1,1,,1,1,0.0,3.362391233444214,0.0,0.0,0.0,0.0007157478830777109,0.01233435608446598
PickCube-v1,6,35,1.0,01e6d04842ef72ae695f6ecadfc3eb86840c5ccc550b4d7e9d382af9714a81f8,object_pos_x+,0.003,0.003,0.0,0.0,1,1,,1,1,0.0,3.362391233444214,0.0,0.0,0.0,0.0007157478830777109,0.01233435608446598
PickCube-v1,6,35,1.0,01e6d04842ef72ae695f6ecadfc3eb86840c5ccc550b4d7e9d382af9714a81f8,object_pos_x-,0.003,-0.003,0.0,0.0,1,1,,1,1,0.0,3.362391233444214,0.0,0.0,0.0,0.0007157478830777109,0.01233435608446598
PickCube-v1,6,35,1.0,01e6d04842ef72ae695f6ecadfc3eb86840c5ccc550b4d7e9d382af9714a81f8,object_pos_y+,0.003,0.0,0.003,0.0,1,1,,1,1,0.0,3.362391233444214,0.0,0.0,0.0,0.0007157478830777109,0.01233435608446598
PickCube-v1,6,35,1.0,01e6d04842ef72ae695f6ecadfc3eb86840c5ccc550b4d7e9d382af9714a81f8,object_pos_y-,0.003,0.0,-0.003,0.0,1,1,,1,1,0.0,3.362391233444214,0.0,0.0,0.0,0.0007157478830777109,0.01233435608446598
PickCube-v1,6,35,1.0,01e6d04842ef72ae695f6ecadfc3eb86840c5ccc550b4d7e9d382af9714a81f8,eef_joint_1+,0.02,0.0,0.02,0.0,1,1,,1,1,0.0,3.362391233444214,0.0,0.0,0.0,0.0007157478830777109,0.01233435608446598
PickCube-v1,6,35,1.0,01e6d04842ef72ae695f6ecadfc3eb86840c5ccc550b4d7e9d382af9714a81f8,eef_joint_1-,0.02,0.0,-0.02,0.0,1,1,,1,1,0.0,3.362391233444214,0.0,0.0,0.0,0.0007157478830777109,0.01233435608446598
PickCube-v1,7,0,0.0,e23ba4ce2ec95a2056a60b15b64f6ac8fb68bfcad9729ad80cb5677021a24e0e,zero,0.0,0.0,0.0,0.0,1,1,,1,1,0.0,3.358560800552368,3.358560800552368,3.358560800552368,1.0,0.17810292541980743,0.1902015656232834
PickCube-v1,7,0,0.0,e23ba4ce2ec95a2056a60b15b64f6ac8fb68bfcad9729ad80cb5677021a24e0e,object_pos_x+,0.003,0.003,0.0,0.0,1,1,,1,1,0.0,3.358560800552368,3.358560800552368,3.358560800552368,1.0,0.17810292541980743,0.1902015656232834
PickCube-v1,7,0,0.0,e23ba4ce2ec95a2056a60b15b64f6ac8fb68bfcad9729ad80cb5677021a24e0e,object_pos_x-,0.003,-0.003,0.0,0.0,1,1,,1,1,0.0,3.358560800552368,3.358560800552368,3.358560800552368,1.0,0.17810292541980743,0.1902015656232834
PickCube-v1,7,0,0.0,e23ba4ce2ec95a2056a60b15b64f6ac8fb68bfcad9729ad80cb5677021a24e0e,object_pos_y+,0.003,0.0,0.003,0.0,1,1,,1,1,0.0,3.358560800552368,3.358560800552368,3.358560800552368,1.0,0.17810292541980743,0.1902015656232834
PickCube-v1,7,0,0.0,e23ba4ce2ec95a2056a60b15b64f6ac8fb68bfcad9729ad80cb5677021a24e0e,object_pos_y-,0.003,0.0,-0.003,0.0,1,1,,1,1,0.0,3.358560800552368,3.358560800552368,3.358560800552368,1.0,0.17810292541980743,0.1902015656232834
PickCube-v1,7,0,0.0,e23ba4ce2ec95a2056a60b15b64f6ac8fb68bfcad9729ad80cb5677021a24e0e,eef_joint_1+,0.02,0.0,0.02,0.0,1,1,,1,1,0.0,3.358560800552368,3.358560800552368,3.358560800552368,1.0,0.17810292541980743,0.1902015656232834
PickCube-v1,7,0,0.0,e23ba4ce2ec95a2056a60b15b64f6ac8fb68bfcad9729ad80cb5677021a24e0e,eef_joint_1-,0.02,0.0,-0.02,0.0,1,1,,1,1,0.0,3.358560800552368,3.358560800552368,3.358560800552368,1.0,0.17810292541980743,0.1902015656232834
PickCube-v1,7,5,0.14705882352941177,b8d1efd9a53a6b178646dc9ad89e72a0bb2f6ca65e7e1fdb11b75cd41f66f049,zero,0.0,0.0,0.0,0.0,1,1,,1,1,0.0,3.358560800552368,0.0,0.0,0.0,0.0723194032907486,0.1902017593383789
PickCube-v1,7,5,0.14705882352941177,b8d1efd9a53a6b178646dc9ad89e72a0bb2f6ca65e7e1fdb11b75cd41f66f049,object_pos_x+,0.003,0.003,0.0,0.0,1,1,,1,1,0.0,3.358560800552368,0.0,0.0,0.0,0.0723194032907486,0.1902017593383789
PickCube-v1,7,5,0.14705882352941177,b8d1efd9a53a6b178646dc9ad89e72a0bb2f6ca65e7e1fdb11b75cd41f66f049,object_pos_x-,0.003,-0.003,0.0,0.0,1,1,,1,1,0.0,3.358560800552368,0.0,0.0,0.0,0.0723194032907486,0.1902017593383789
PickCube-v1,7,5,0.14705882352941177,b8d1efd9a53a6b178646dc9ad89e72a0bb2f6ca65e7e1fdb11b75cd41f66f049,object_pos_y+,0.003,0.0,0.003,0.0,1,1,,1,1,0.0,3.358560800552368,0.0,0.0,0.0,0.0723194032907486,0.1902017593383789
PickCube-v1,7,5,0.14705882352941177,b8d1efd9a53a6b178646dc9ad89e72a0bb2f6ca65e7e1fdb11b75cd41f66f049,object_pos_y-,0.003,0.0,-0.003,0.0,1,1,,1,1,0.0,3.358560800552368,0.0,0.0,0.0,0.0723194032907486,0.1902017593383789
PickCube-v1,7,5,0.14705882352941177,b8d1efd9a53a6b178646dc9ad89e72a0bb2f6ca65e7e1fdb11b75cd41f66f049,eef_joint_1+,0.02,0.0,0.02,0.0,1,1,,1,1,0.0,3.358560800552368,0.0,0.0,0.0,0.0723194032907486,0.1902017593383789
PickCube-v1,7,5,0.14705882352941177,b8d1efd9a53a6b178646dc9ad89e72a0bb2f6ca65e7e1fdb11b75cd41f66f049,eef_joint_1-,0.02,0.0,-0.02,0.0,1,1,,1,1,0.0,3.358560800552368,0.0,0.0,0.0,0.0723194032907486,0.1902017593383789
PickCube-v1,7,10,0.29411764705882354,2396efd285dc80492c5f79ae1986329c48394a206db4c6989514b29e322b2dba,zero,0.0,0.0,0.0,0.0,1,1,,1,1,0.0,3.3574142456054688,0.0,0.0,0.0,0.031556665897369385,0.1902018040418625
PickCube-v1,7,10,0.29411764705882354,2396efd285dc80492c5f79ae1986329c48394a206db4c6989514b29e322b2dba,object_pos_x+,0.003,0.003,0.0,0.0,1,1,,1,1,0.0,3.3574142456054688,0.0,0.0,0.0,0.031556665897369385,0.1902018040418625
PickCube-v1,7,10,0.29411764705882354,2396efd285dc80492c5f79ae1986329c48394a206db4c6989514b29e322b2dba,object_pos_x-,0.003,-0.003,0.0,0.0,1,1,,1,1,0.0,3.3574142456054688,0.0,0.0,0.0,0.031556665897369385,0.1902018040418625
PickCube-v1,7,10,0.29411764705882354,2396efd285dc80492c5f79ae1986329c48394a206db4c6989514b29e322b2dba,object_pos_y+,0.003,0.0,0.003,0.0,1,1,,1,1,0.0,3.3574142456054688,0.0,0.0,0.0,0.031556665897369385,0.1902018040418625
PickCube-v1,7,10,0.29411764705882354,2396efd285dc80492c5f79ae1986329c48394a206db4c6989514b29e322b2dba,object_pos_y-,0.003,0.0,-0.003,0.0,1,1,,1,1,0.0,3.3574142456054688,0.0,0.0,0.0,0.031556665897369385,0.1902018040418625
PickCube-v1,7,10,0.29411764705882354,2396efd285dc80492c5f79ae1986329c48394a206db4c6989514b29e322b2dba,eef_joint_1+,0.02,0.0,0.02,0.0,1,1,,1,1,0.0,3.3574142456054688,0.0,0.0,0.0,0.031556665897369385,0.1902018040418625
PickCube-v1,7,10,0.29411764705882354,2396efd285dc80492c5f79ae1986329c48394a206db4c6989514b29e322b2dba,eef_joint_1-,0.02,0.0,-0.02,0.0,1,1,,1,1,0.0,3.3574142456054688,0.0,0.0,0.0,0.031556665897369385,0.1902018040418625
PickCube-v1,7,15,0.4411764705882353,d330b6e543012dabb925147d6dd71e67a4bd40ce25f9f3f7bf8645c4eb97b529,zero,0.0,0.0,0.0,0.0,1,1,,1,1,0.0,3.3574142456054688,0.0,0.0,0.0,0.001647590077482164,0.19020181894302368
PickCube-v1,7,15,0.4411764705882353,d330b6e543012dabb925147d6dd71e67a4bd40ce25f9f3f7bf8645c4eb97b529,object_pos_x+,0.003,0.003,0.0,0.0,1,1,,1,1,0.0,3.3574142456054688,0.0,0.0,0.0,0.001647590077482164,0.19020181894302368
PickCube-v1,7,15,0.4411764705882353,d330b6e543012dabb925147d6dd71e67a4bd40ce25f9f3f7bf8645c4eb97b529,object_pos_x-,0.003,-0.003,0.0,0.0,1,1,,1,1,0.0,3.3574142456054688,0.0,0.0,0.0,0.001647590077482164,0.19020181894302368
PickCube-v1,7,15,0.4411764705882353,d330b6e543012dabb925147d6dd71e67a4bd40ce25f9f3f7bf8645c4eb97b529,object_pos_y+,0.003,0.0,0.003,0.0,1,1,,1,1,0.0,3.3574142456054688,0.0,0.0,0.0,0.001647590077482164,0.19020181894302368
PickCube-v1,7,15,0.4411764705882353,d330b6e543012dabb925147d6dd71e67a4bd40ce25f9f3f7bf8645c4eb97b529,object_pos_y-,0.003,0.0,-0.003,0.0,1,1,,1,1,0.0,3.3574142456054688,0.0,0.0,0.0,0.001647590077482164,0.19020181894302368
PickCube-v1,7,15,0.4411764705882353,d330b6e543012dabb925147d6dd71e67a4bd40ce25f9f3f7bf8645c4eb97b529,eef_joint_1+,0.02,0.0,0.02,0.0,1,1,,1,1,0.0,3.3574142456054688,0.0,0.0,0.0,0.001647590077482164,0.19020181894302368
PickCube-v1,7,15,0.4411764705882353,d330b6e543012dabb925147d6dd71e67a4bd40ce25f9f3f7bf8645c4eb97b529,eef_joint_1-,0.02,0.0,-0.02,0.0,1,1,,1,1,0.0,3.3574142456054688,0.0,0.0,0.0,0.001647590077482164,0.19020181894302368
PickCube-v1,7,20,0.5882352941176471,58634c2ca1f18912dc01750339303db9da1f9cc6073ad2b193e0a7e582ab533a,zero,0.0,0.0,0.0,0.0,1,1,,1,1,0.0,3.3574142456054688,0.0,0.0,0.0,0.0007037403993308544,0.18992558121681213
PickCube-v1,7,20,0.5882352941176471,58634c2ca1f18912dc01750339303db9da1f9cc6073ad2b193e0a7e582ab533a,object_pos_x+,0.003,0.003,0.0,0.0,1,1,,1,1,0.0,3.3574142456054688,0.0,0.0,0.0,0.0007037403993308544,0.18992558121681213
PickCube-v1,7,20,0.5882352941176471,58634c2ca1f18912dc01750339303db9da1f9cc6073ad2b193e0a7e582ab533a,object_pos_x-,0.003,-0.003,0.0,0.0,1,1,,1,1,0.0,3.3574142456054688,0.0,0.0,0.0,0.0007037403993308544,0.18992558121681213
PickCube-v1,7,20,0.5882352941176471,58634c2ca1f18912dc01750339303db9da1f9cc6073ad2b193e0a7e582ab533a,object_pos_y+,0.003,0.0,0.003,0.0,1,1,,1,1,0.0,3.3574142456054688,0.0,0.0,0.0,0.0007037403993308544,0.18992558121681213
PickCube-v1,7,20,0.5882352941176471,58634c2ca1f18912dc01750339303db9da1f9cc6073ad2b193e0a7e582ab533a,object_pos_y-,0.003,0.0,-0.003,0.0,1,1,,1,1,0.0,3.3574142456054688,0.0,0.0,0.0,0.0007037403993308544,0.18992558121681213
PickCube-v1,7,20,0.5882352941176471,58634c2ca1f18912dc01750339303db9da1f9cc6073ad2b193e0a7e582ab533a,eef_joint_1+,0.02,0.0,0.02,0.0,1,1,,1,1,0.0,3.3574142456054688,0.0,0.0,0.0,0.0007037403993308544,0.18992558121681213
PickCube-v1,7,20,0.5882352941176471,58634c2ca1f18912dc01750339303db9da1f9cc6073ad2b193e0a7e582ab533a,eef_joint_1-,0.02,0.0,-0.02,0.0,1,1,,1,1,0.0,3.3574142456054688,0.0,0.0,0.0,0.0007037403993308544,0.18992558121681213
PickCube-v1,7,25,0.7352941176470589,95bcbdabd457121fe3aa790821b80e76723fb516757463eb1072b52b13ca4515,zero,0.0,0.0,0.0,0.0,1,1,,1,1,0.0,3.3633065223693848,0.0,0.18000003695487976,0.0,0.0006931724492460489,0.16105866432189941
PickCube-v1,7,25,0.7352941176470589,95bcbdabd457121fe3aa790821b80e76723fb516757463eb1072b52b13ca4515,object_pos_x+,0.003,0.003,0.0,0.0,1,1,,1,1,0.0,3.3633065223693848,0.0,0.18000003695487976,0.0,0.0006931724492460489,0.16105866432189941
PickCube-v1,7,25,0.7352941176470589,95bcbdabd457121fe3aa790821b80e76723fb516757463eb1072b52b13ca4515,object_pos_x-,0.003,-0.003,0.0,0.0,1,1,,1,1,0.0,3.3633065223693848,0.0,0.18000003695487976,0.0,0.0006931724492460489,0.16105866432189941
PickCube-v1,7,25,0.7352941176470589,95bcbdabd457121fe3aa790821b80e76723fb516757463eb1072b52b13ca4515,object_pos_y+,0.003,0.0,0.003,0.0,1,1,,1,1,0.0,3.3633065223693848,0.0,0.18000003695487976,0.0,0.0006931724492460489,0.16105866432189941
PickCube-v1,7,25,0.7352941176470589,95bcbdabd457121fe3aa790821b80e76723fb516757463eb1072b52b13ca4515,object_pos_y-,0.003,0.0,-0.003,0.0,1,1,,1,1,0.0,3.3633065223693848,0.0,0.18000003695487976,0.0,0.0006931724492460489,0.16105866432189941
PickCube-v1,7,25,0.7352941176470589,95bcbdabd457121fe3aa790821b80e76723fb516757463eb1072b52b13ca4515,eef_joint_1+,0.02,0.0,0.02,0.0,1,1,,1,1,0.0,3.3633065223693848,0.0,0.18000003695487976,0.0,0.0006931724492460489,0.16105866432189941
PickCube-v1,7,25,0.7352941176470589,95bcbdabd457121fe3aa790821b80e76723fb516757463eb1072b52b13ca4515,eef_joint_1-,0.02,0.0,-0.02,0.0,1,1,,1,1,0.0,3.3633065223693848,0.0,0.18000003695487976,0.0,0.0006931724492460489,0.16105866432189941
PickCube-v1,7,30,0.8823529411764706,28bc5d491beed239c3e98662fb5ae16b4d8194c77be4512d40672481429ba36f,zero,0.0,0.0,0.0,0.0,1,1,,1,1,0.0,3.3633065223693848,0.0,0.0,0.0,0.0007132907048799098,0.029375579208135605
PickCube-v1,7,30,0.8823529411764706,28bc5d491beed239c3e98662fb5ae16b4d8194c77be4512d40672481429ba36f,object_pos_x+,0.003,0.003,0.0,0.0,1,1,,1,1,0.0,3.3633065223693848,0.0,0.0,0.0,0.0007132907048799098,0.029375579208135605
PickCube-v1,7,30,0.8823529411764706,28bc5d491beed239c3e98662fb5ae16b4d8194c77be4512d40672481429ba36f,object_pos_x-,0.003,-0.003,0.0,0.0,1,1,,1,1,0.0,3.3633065223693848,0.0,0.0,0.0,0.0007132907048799098,0.029375579208135605
PickCube-v1,7,30,0.8823529411764706,28bc5d491beed239c3e98662fb5ae16b4d8194c77be4512d40672481429ba36f,object_pos_y+,0.003,0.0,0.003,0.0,1,1,,1,1,0.0,3.3633065223693848,0.0,0.0,0.0,0.0007132907048799098,0.029375579208135605
PickCube-v1,7,30,0.8823529411764706,28bc5d491beed239c3e98662fb5ae16b4d8194c77be4512d40672481429ba36f,object_pos_y-,0.003,0.0,-0.003,0.0,1,1,,1,1,0.0,3.3633065223693848,0.0,0.0,0.0,0.0007132907048799098,0.029375579208135605
PickCube-v1,7,30,0.8823529411764706,28bc5d491beed239c3e98662fb5ae16b4d8194c77be4512d40672481429ba36f,eef_joint_1+,0.02,0.0,0.02,0.0,1,1,,1,1,0.0,3.3633065223693848,0.0,0.0,0.0,0.0007132907048799098,0.029375579208135605
PickCube-v1,7,30,0.8823529411764706,28bc5d491beed239c3e98662fb5ae16b4d8194c77be4512d40672481429ba36f,eef_joint_1-,0.02,0.0,-0.02,0.0,1,1,,1,1,0.0,3.3633065223693848,0.0,0.0,0.0,0.0007132907048799098,0.029375579208135605
PickCube-v1,8,0,0.0,97abf2c1a9ef373b7dd28529aa7b6400cb1e49bbfab061fc555ed60606410ec1,zero,0.0,0.0,0.0,0.0,1,1,,1,1,0.0,3.3604602813720703,3.3604602813720703,3.3604602813720703,1.0,0.16327382624149323,0.014820819720625877
PickCube-v1,8,0,0.0,97abf2c1a9ef373b7dd28529aa7b6400cb1e49bbfab061fc555ed60606410ec1,object_pos_x+,0.003,0.003,0.0,0.0,1,1,,1,1,0.0,3.3604602813720703,3.3604602813720703,3.3604602813720703,1.0,0.16327382624149323,0.014820819720625877
PickCube-v1,8,0,0.0,97abf2c1a9ef373b7dd28529aa7b6400cb1e49bbfab061fc555ed60606410ec1,object_pos_x-,0.003,-0.003,0.0,0.0,1,1,,1,1,0.0,3.3604602813720703,3.3604602813720703,3.3604602813720703,1.0,0.16327382624149323,0.014820819720625877
PickCube-v1,8,0,0.0,97abf2c1a9ef373b7dd28529aa7b6400cb1e49bbfab061fc555ed60606410ec1,object_pos_y+,0.003,0.0,0.003,0.0,1,1,,1,1,0.0,3.3604602813720703,3.3604602813720703,3.3604602813720703,1.0,0.16327382624149323,0.014820819720625877
PickCube-v1,8,0,0.0,97abf2c1a9ef373b7dd28529aa7b6400cb1e49bbfab061fc555ed60606410ec1,object_pos_y-,0.003,0.0,-0.003,0.0,1,1,,1,1,0.0,3.3604602813720703,3.3604602813720703,3.3604602813720703,1.0,0.16327382624149323,0.014820819720625877
PickCube-v1,8,0,0.0,97abf2c1a9ef373b7dd28529aa7b6400cb1e49bbfab061fc555ed60606410ec1,eef_joint_1+,0.02,0.0,0.02,0.0,1,1,,1,1,0.0,3.3604602813720703,3.3604602813720703,3.3604602813720703,1.0,0.16327382624149323,0.014820819720625877
PickCube-v1,8,0,0.0,97abf2c1a9ef373b7dd28529aa7b6400cb1e49bbfab061fc555ed60606410ec1,eef_joint_1-,0.02,0.0,-0.02,0.0,1,1,,1,1,0.0,3.3604602813720703,3.3604602813720703,3.3604602813720703,1.0,0.16327382624149323,0.014820819720625877
PickCube-v1,9,0,0.0,bd9831a5be9b036cdcf8dfc06663d9f3ef91a7f9547f5e7a45088f9dcaa6371e,zero,0.0,0.0,0.0,0.0,1,1,,1,1,0.33333333333333337,3.4003639221191406,3.4003639221191406,3.4003639221191406,1.0,0.15785764157772064,0.2913956940174103
PickCube-v1,9,0,0.0,bd9831a5be9b036cdcf8dfc06663d9f3ef91a7f9547f5e7a45088f9dcaa6371e,object_pos_x+,0.003,0.003,0.0,0.0,1,1,,1,1,0.33333333333333337,3.4003639221191406,3.4003639221191406,3.4003639221191406,1.0,0.15785764157772064,0.2913956940174103
PickCube-v1,9,0,0.0,bd9831a5be9b036cdcf8dfc06663d9f3ef91a7f9547f5e7a45088f9dcaa6371e,object_pos_x-,0.003,-0.003,0.0,0.0,0,1,,1,1,0.33333333333333337,3.4003639221191406,3.4003639221191406,3.4003639221191406,1.0,0.15785764157772064,0.2913956940174103
PickCube-v1,9,0,0.0,bd9831a5be9b036cdcf8dfc06663d9f3ef91a7f9547f5e7a45088f9dcaa6371e,object_pos_y+,0.003,0.0,0.003,0.0,1,1,,1,1,0.33333333333333337,3.4003639221191406,3.4003639221191406,3.4003639221191406,1.0,0.15785764157772064,0.2913956940174103
PickCube-v1,9,0,0.0,bd9831a5be9b036cdcf8dfc06663d9f3ef91a7f9547f5e7a45088f9dcaa6371e,object_pos_y-,0.003,0.0,-0.003,0.0,1,1,,1,1,0.33333333333333337,3.4003639221191406,3.4003639221191406,3.4003639221191406,1.0,0.15785764157772064,0.2913956940174103
PickCube-v1,9,0,0.0,bd9831a5be9b036cdcf8dfc06663d9f3ef91a7f9547f5e7a45088f9dcaa6371e,eef_joint_1+,0.02,0.0,0.02,0.0,0,1,,1,1,0.33333333333333337,3.4003639221191406,3.4003639221191406,3.4003639221191406,1.0,0.15785764157772064,0.2913956940174103
PickCube-v1,9,0,0.0,bd9831a5be9b036cdcf8dfc06663d9f3ef91a7f9547f5e7a45088f9dcaa6371e,eef_joint_1-,0.02,0.0,-0.02,0.0,1,1,,1,1,0.33333333333333337,3.4003639221191406,3.4003639221191406,3.4003639221191406,1.0,0.15785764157772064,0.2913956940174103
PickCube-v1,9,5,0.13513513513513514,1d0325f82ee0a88f687194c98c1fcc28407398092258b4abe170b68505b89dfd,zero,0.0,0.0,0.0,0.0,1,1,,1,1,0.33333333333333337,3.4003639221191406,0.0,0.0,0.0,0.07200819998979568,0.2913956344127655
PickCube-v1,9,5,0.13513513513513514,1d0325f82ee0a88f687194c98c1fcc28407398092258b4abe170b68505b89dfd,object_pos_x+,0.003,0.003,0.0,0.0,1,1,,1,1,0.33333333333333337,3.4003639221191406,0.0,0.0,0.0,0.07200819998979568,0.2913956344127655
PickCube-v1,9,5,0.13513513513513514,1d0325f82ee0a88f687194c98c1fcc28407398092258b4abe170b68505b89dfd,object_pos_x-,0.003,-0.003,0.0,0.0,0,1,,1,1,0.33333333333333337,3.4003639221191406,0.0,0.0,0.0,0.07200819998979568,0.2913956344127655
PickCube-v1,9,5,0.13513513513513514,1d0325f82ee0a88f687194c98c1fcc28407398092258b4abe170b68505b89dfd,object_pos_y+,0.003,0.0,0.003,0.0,1,1,,1,1,0.33333333333333337,3.4003639221191406,0.0,0.0,0.0,0.07200819998979568,0.2913956344127655
PickCube-v1,9,5,0.13513513513513514,1d0325f82ee0a88f687194c98c1fcc28407398092258b4abe170b68505b89dfd,object_pos_y-,0.003,0.0,-0.003,0.0,1,1,,1,1,0.33333333333333337,3.4003639221191406,0.0,0.0,0.0,0.07200819998979568,0.2913956344127655
PickCube-v1,9,5,0.13513513513513514,1d0325f82ee0a88f687194c98c1fcc28407398092258b4abe170b68505b89dfd,eef_joint_1+,0.02,0.0,0.02,0.0,0,1,,1,1,0.33333333333333337,3.4003639221191406,0.0,0.0,0.0,0.07200819998979568,0.2913956344127655
PickCube-v1,9,5,0.13513513513513514,1d0325f82ee0a88f687194c98c1fcc28407398092258b4abe170b68505b89dfd,eef_joint_1-,0.02,0.0,-0.02,0.0,1,1,,1,1,0.33333333333333337,3.4003639221191406,0.0,0.0,0.0,0.07200819998979568,0.2913956344127655
PickCube-v1,9,10,0.2702702702702703,2d48e5fc8a438ea0bd88adee6f1d7af273a3451ca959b3b6f0f525e8c1bbd0a6,zero,0.0,0.0,0.0,0.0,1,1,,1,1,0.33333333333333337,3.3992316722869873,0.0,0.0,0.0,0.032056376338005066,0.2913955748081207
PickCube-v1,9,10,0.2702702702702703,2d48e5fc8a438ea0bd88adee6f1d7af273a3451ca959b3b6f0f525e8c1bbd0a6,object_pos_x+,0.003,0.003,0.0,0.0,1,1,,1,1,0.33333333333333337,3.3992316722869873,0.0,0.0,0.0,0.032056376338005066,0.2913955748081207
PickCube-v1,9,10,0.2702702702702703,2d48e5fc8a438ea0bd88adee6f1d7af273a3451ca959b3b6f0f525e8c1bbd0a6,object_pos_x-,0.003,-0.003,0.0,0.0,0,1,,1,1,0.33333333333333337,3.3992316722869873,0.0,0.0,0.0,0.032056376338005066,0.2913955748081207
PickCube-v1,9,10,0.2702702702702703,2d48e5fc8a438ea0bd88adee6f1d7af273a3451ca959b3b6f0f525e8c1bbd0a6,object_pos_y+,0.003,0.0,0.003,0.0,1,1,,1,1,0.33333333333333337,3.3992316722869873,0.0,0.0,0.0,0.032056376338005066,0.2913955748081207
PickCube-v1,9,10,0.2702702702702703,2d48e5fc8a438ea0bd88adee6f1d7af273a3451ca959b3b6f0f525e8c1bbd0a6,object_pos_y-,0.003,0.0,-0.003,0.0,1,1,,1,1,0.33333333333333337,3.3992316722869873,0.0,0.0,0.0,0.032056376338005066,0.2913955748081207
PickCube-v1,9,10,0.2702702702702703,2d48e5fc8a438ea0bd88adee6f1d7af273a3451ca959b3b6f0f525e8c1bbd0a6,eef_joint_1+,0.02,0.0,0.02,0.0,0,1,,1,1,0.33333333333333337,3.3992316722869873,0.0,0.0,0.0,0.032056376338005066,0.2913955748081207
PickCube-v1,9,10,0.2702702702702703,2d48e5fc8a438ea0bd88adee6f1d7af273a3451ca959b3b6f0f525e8c1bbd0a6,eef_joint_1-,0.02,0.0,-0.02,0.0,1,1,,1,1,0.33333333333333337,3.3992316722869873,0.0,0.0,0.0,0.032056376338005066,0.2913955748081207
PickCube-v1,9,15,0.40540540540540543,ae9d6fd422ab7bab8e11e1078ea2749ef3a259e4302b89434db40264cba83fb8,zero,0.0,0.0,0.0,0.0,1,1,,1,1,0.33333333333333337,3.3992316722869873,0.0,0.0,0.0,0.0017924541607499123,0.2913955748081207
PickCube-v1,9,15,0.40540540540540543,ae9d6fd422ab7bab8e11e1078ea2749ef3a259e4302b89434db40264cba83fb8,object_pos_x+,0.003,0.003,0.0,0.0,1,1,,1,1,0.33333333333333337,3.3992316722869873,0.0,0.0,0.0,0.0017924541607499123,0.2913955748081207
PickCube-v1,9,15,0.40540540540540543,ae9d6fd422ab7bab8e11e1078ea2749ef3a259e4302b89434db40264cba83fb8,object_pos_x-,0.003,-0.003,0.0,0.0,0,1,,1,1,0.33333333333333337,3.3992316722869873,0.0,0.0,0.0,0.0017924541607499123,0.2913955748081207
PickCube-v1,9,15,0.40540540540540543,ae9d6fd422ab7bab8e11e1078ea2749ef3a259e4302b89434db40264cba83fb8,object_pos_y+,0.003,0.0,0.003,0.0,1,1,,1,1,0.33333333333333337,3.3992316722869873,0.0,0.0,0.0,0.0017924541607499123,0.2913955748081207
PickCube-v1,9,15,0.40540540540540543,ae9d6fd422ab7bab8e11e1078ea2749ef3a259e4302b89434db40264cba83fb8,object_pos_y-,0.003,0.0,-0.003,0.0,1,1,,1,1,0.33333333333333337,3.3992316722869873,0.0,0.0,0.0,0.0017924541607499123,0.2913955748081207
PickCube-v1,9,15,0.40540540540540543,ae9d6fd422ab7bab8e11e1078ea2749ef3a259e4302b89434db40264cba83fb8,eef_joint_1+,0.02,0.0,0.02,0.0,0,1,,1,1,0.33333333333333337,3.3992316722869873,0.0,0.0,0.0,0.0017924541607499123,0.2913955748081207
PickCube-v1,9,15,0.40540540540540543,ae9d6fd422ab7bab8e11e1078ea2749ef3a259e4302b89434db40264cba83fb8,eef_joint_1-,0.02,0.0,-0.02,0.0,1,1,,1,1,0.33333333333333337,3.3992316722869873,0.0,0.0,0.0,0.0017924541607499123,0.2913955748081207
PickCube-v1,9,20,0.5405405405405406,5682f8f450ec5577041f29e4c81701689de0cf03c3f455eb6c2b4efc55a617ab,zero,0.0,0.0,0.0,0.0,1,1,,1,1,0.33333333333333337,3.3992316722869873,0.0,0.0,0.0,0.0009246318368241191,0.291113942861557
PickCube-v1,9,20,0.5405405405405406,5682f8f450ec5577041f29e4c81701689de0cf03c3f455eb6c2b4efc55a617ab,object_pos_x+,0.003,0.003,0.0,0.0,1,1,,1,1,0.33333333333333337,3.3992316722869873,0.0,0.0,0.0,0.0009246318368241191,0.291113942861557
PickCube-v1,9,20,0.5405405405405406,5682f8f450ec5577041f29e4c81701689de0cf03c3f455eb6c2b4efc55a617ab,object_pos_x-,0.003,-0.003,0.0,0.0,1,1,,1,1,0.33333333333333337,3.3992316722869873,0.0,0.0,0.0,0.0009246318368241191,0.291113942861557
PickCube-v1,9,20,0.5405405405405406,5682f8f450ec5577041f29e4c81701689de0cf03c3f455eb6c2b4efc55a617ab,object_pos_y+,0.003,0.0,0.003,0.0,1,1,,1,1,0.33333333333333337,3.3992316722869873,0.0,0.0,0.0,0.0009246318368241191,0.291113942861557
PickCube-v1,9,20,0.5405405405405406,5682f8f450ec5577041f29e4c81701689de0cf03c3f455eb6c2b4efc55a617ab,object_pos_y-,0.003,0.0,-0.003,0.0,1,1,,1,1,0.33333333333333337,3.3992316722869873,0.0,0.0,0.0,0.0009246318368241191,0.291113942861557
PickCube-v1,9,20,0.5405405405405406,5682f8f450ec5577041f29e4c81701689de0cf03c3f455eb6c2b4efc55a617ab,eef_joint_1+,0.02,0.0,0.02,0.0,0,1,,1,1,0.33333333333333337,3.3992316722869873,0.0,0.0,0.0,0.0009246318368241191,0.291113942861557
PickCube-v1,9,20,0.5405405405405406,5682f8f450ec5577041f29e4c81701689de0cf03c3f455eb6c2b4efc55a617ab,eef_joint_1-,0.02,0.0,-0.02,0.0,0,1,,1,1,0.33333333333333337,3.3992316722869873,0.0,0.0,0.0,0.0009246318368241191,0.291113942861557
PickCube-v1,9,25,0.6756756756756757,e9b2fb43a879c9a15cff92473361d0605faa8cd0dfb0cf0bdc589192a400c3b4,zero,0.0,0.0,0.0,0.0,1,1,,1,1,0.33333333333333337,3.4050514698028564,0.0,0.18000003695487976,0.0,0.002699651988223195,0.26839324831962585
PickCube-v1,9,25,0.6756756756756757,e9b2fb43a879c9a15cff92473361d0605faa8cd0dfb0cf0bdc589192a400c3b4,object_pos_x+,0.003,0.003,0.0,0.0,1,1,,1,1,0.33333333333333337,3.4050514698028564,0.0,0.18000003695487976,0.0,0.002699651988223195,0.26839324831962585
PickCube-v1,9,25,0.6756756756756757,e9b2fb43a879c9a15cff92473361d0605faa8cd0dfb0cf0bdc589192a400c3b4,object_pos_x-,0.003,-0.003,0.0,0.0,1,1,,1,1,0.33333333333333337,3.4050514698028564,0.0,0.18000003695487976,0.0,0.002699651988223195,0.26839324831962585
PickCube-v1,9,25,0.6756756756756757,e9b2fb43a879c9a15cff92473361d0605faa8cd0dfb0cf0bdc589192a400c3b4,object_pos_y+,0.003,0.0,0.003,0.0,1,1,,1,1,0.33333333333333337,3.4050514698028564,0.0,0.18000003695487976,0.0,0.002699651988223195,0.26839324831962585
PickCube-v1,9,25,0.6756756756756757,e9b2fb43a879c9a15cff92473361d0605faa8cd0dfb0cf0bdc589192a400c3b4,object_pos_y-,0.003,0.0,-0.003,0.0,1,1,,1,1,0.33333333333333337,3.4050514698028564,0.0,0.18000003695487976,0.0,0.002699651988223195,0.26839324831962585
PickCube-v1,9,25,0.6756756756756757,e9b2fb43a879c9a15cff92473361d0605faa8cd0dfb0cf0bdc589192a400c3b4,eef_joint_1+,0.02,0.0,0.02,0.0,0,1,,1,1,0.33333333333333337,3.4050514698028564,0.0,0.18000003695487976,0.0,0.002699651988223195,0.26839324831962585
PickCube-v1,9,25,0.6756756756756757,e9b2fb43a879c9a15cff92473361d0605faa8cd0dfb0cf0bdc589192a400c3b4,eef_joint_1-,0.02,0.0,-0.02,0.0,0,1,,1,1,0.33333333333333337,3.4050514698028564,0.0,0.18000003695487976,0.0,0.002699651988223195,0.26839324831962585
PickCube-v1,9,30,0.8108108108108109,2bdd44c0b8908b6a0a8d55feaf40b599a5ac6347137c8eb59969c2ea325378b3,zero,0.0,0.0,0.0,0.0,1,1,,1,1,0.33333333333333337,3.4050514698028564,0.0,0.0,0.0,0.0027082390151917934,0.11589723080396652
PickCube-v1,9,30,0.8108108108108109,2bdd44c0b8908b6a0a8d55feaf40b599a5ac6347137c8eb59969c2ea325378b3,object_pos_x+,0.003,0.003,0.0,0.0,1,1,,1,1,0.33333333333333337,3.4050514698028564,0.0,0.0,0.0,0.0027082390151917934,0.11589723080396652
PickCube-v1,9,30,0.8108108108108109,2bdd44c0b8908b6a0a8d55feaf40b599a5ac6347137c8eb59969c2ea325378b3,object_pos_x-,0.003,-0.003,0.0,0.0,1,1,,1,1,0.33333333333333337,3.4050514698028564,0.0,0.0,0.0,0.0027082390151917934,0.11589723080396652
PickCube-v1,9,30,0.8108108108108109,2bdd44c0b8908b6a0a8d55feaf40b599a5ac6347137c8eb59969c2ea325378b3,object_pos_y+,0.003,0.0,0.003,0.0,1,1,,1,1,0.33333333333333337,3.4050514698028564,0.0,0.0,0.0,0.0027082390151917934,0.11589723080396652
PickCube-v1,9,30,0.8108108108108109,2bdd44c0b8908b6a0a8d55feaf40b599a5ac6347137c8eb59969c2ea325378b3,object_pos_y-,0.003,0.0,-0.003,0.0,1,1,,1,1,0.33333333333333337,3.4050514698028564,0.0,0.0,0.0,0.0027082390151917934,0.11589723080396652
PickCube-v1,9,30,0.8108108108108109,2bdd44c0b8908b6a0a8d55feaf40b599a5ac6347137c8eb59969c2ea325378b3,eef_joint_1+,0.02,0.0,0.02,0.0,0,1,,1,1,0.33333333333333337,3.4050514698028564,0.0,0.0,0.0,0.0027082390151917934,0.11589723080396652
PickCube-v1,9,30,0.8108108108108109,2bdd44c0b8908b6a0a8d55feaf40b599a5ac6347137c8eb59969c2ea325378b3,eef_joint_1-,0.02,0.0,-0.02,0.0,0,1,,1,1,0.33333333333333337,3.4050514698028564,0.0,0.0,0.0,0.0027082390151917934,0.11589723080396652
PickCube-v1,9,35,0.9459459459459459,a595979bc20ed605ead2ddd3c262e889f47ddae1cefd1020b8d8f3d5eee52cb3,zero,0.0,0.0,0.0,0.0,1,1,,1,1,0.33333333333333337,3.4238765239715576,0.0,0.0,0.0,0.0027088194619864225,0.02574257366359234
PickCube-v1,9,35,0.9459459459459459,a595979bc20ed605ead2ddd3c262e889f47ddae1cefd1020b8d8f3d5eee52cb3,object_pos_x+,0.003,0.003,0.0,0.0,1,1,,1,1,0.33333333333333337,3.4238765239715576,0.0,0.0,0.0,0.0027088194619864225,0.02574257366359234
PickCube-v1,9,35,0.9459459459459459,a595979bc20ed605ead2ddd3c262e889f47ddae1cefd1020b8d8f3d5eee52cb3,object_pos_x-,0.003,-0.003,0.0,0.0,1,1,,1,1,0.33333333333333337,3.4238765239715576,0.0,0.0,0.0,0.0027088194619864225,0.02574257366359234
PickCube-v1,9,35,0.9459459459459459,a595979bc20ed605ead2ddd3c262e889f47ddae1cefd1020b8d8f3d5eee52cb3,object_pos_y+,0.003,0.0,0.003,0.0,1,1,,1,1,0.33333333333333337,3.4238765239715576,0.0,0.0,0.0,0.0027088194619864225,0.02574257366359234
PickCube-v1,9,35,0.9459459459459459,a595979bc20ed605ead2ddd3c262e889f47ddae1cefd1020b8d8f3d5eee52cb3,object_pos_y-,0.003,0.0,-0.003,0.0,1,1,,1,1,0.33333333333333337,3.4238765239715576,0.0,0.0,0.0,0.0027088194619864225,0.02574257366359234
PickCube-v1,9,35,0.9459459459459459,a595979bc20ed605ead2ddd3c262e889f47ddae1cefd1020b8d8f3d5eee52cb3,eef_joint_1+,0.02,0.0,0.02,0.0,0,1,,1,1,0.33333333333333337,3.4238765239715576,0.0,0.0,0.0,0.0027088194619864225,0.02574257366359234
PickCube-v1,9,35,0.9459459459459459,a595979bc20ed605ead2ddd3c262e889f47ddae1cefd1020b8d8f3d5eee52cb3,eef_joint_1-,0.02,0.0,-0.02,0.0,0,1,,1,1,0.33333333333333337,3.4238765239715576,0.0,0.0,0.0,0.0027088194619864225,0.02574257366359234
