cell_id,policy,suite,task_id,state_id,eligible_targets,source_age,metric,value,units
act-libero_object-task03-state10,ACT,libero_object,3,10,127,0,translation,0.0,controller_native_action
act-libero_object-task03-state10,ACT,libero_object,3,10,127,0,rotation,0.0,controller_native_action
act-libero_object-task03-state10,ACT,libero_object,3,10,127,0,gripper,0.0,controller_native_action
act-libero_object-task03-state10,ACT,libero_object,3,10,127,0,arm_original,0.0,controller_native_action
act-libero_object-task03-state10,ACT,libero_object,3,10,127,1,translation,0.025650190639391907,controller_native_action
act-libero_object-task03-state10,ACT,libero_object,3,10,127,1,rotation,0.004209288018028149,controller_native_action
act-libero_object-task03-state10,ACT,libero_object,3,10,127,1,gripper,0.06552139377727796,controller_native_action
act-libero_object-task03-state10,ACT,libero_object,3,10,127,1,arm_original,0.018380021564947408,controller_native_action
act-libero_object-task03-state10,ACT,libero_object,3,10,127,2,translation,0.038639653559873366,controller_native_action
act-libero_object-task03-state10,ACT,libero_object,3,10,127,2,rotation,0.0056372530011099126,controller_native_action
act-libero_object-task03-state10,ACT,libero_object,3,10,127,2,gripper,0.06617108492356832,controller_native_action
act-libero_object-task03-state10,ACT,libero_object,3,10,127,2,arm_original,0.02761160488477225,controller_native_action
act-libero_object-task03-state10,ACT,libero_object,3,10,127,3,translation,0.04401635977121144,controller_native_action
act-libero_object-task03-state10,ACT,libero_object,3,10,127,3,rotation,0.006322527032087761,controller_native_action
act-libero_object-task03-state10,ACT,libero_object,3,10,127,3,gripper,0.13633981169659817,controller_native_action
act-libero_object-task03-state10,ACT,libero_object,3,10,127,3,arm_original,0.03144371380403563,controller_native_action
act-libero_object-task03-state10,ACT,libero_object,3,10,127,4,translation,0.05042847227453962,controller_native_action
act-libero_object-task03-state10,ACT,libero_object,3,10,127,4,rotation,0.00698978808240458,controller_native_action
act-libero_object-task03-state10,ACT,libero_object,3,10,127,4,gripper,0.13632892082952125,controller_native_action
act-libero_object-task03-state10,ACT,libero_object,3,10,127,4,arm_original,0.03599922189006963,controller_native_action
act-libero_object-task03-state10,ACT,libero_object,3,10,127,5,translation,0.057705532651071256,controller_native_action
act-libero_object-task03-state10,ACT,libero_object,3,10,127,5,rotation,0.007815055448447527,controller_native_action
act-libero_object-task03-state10,ACT,libero_object,3,10,127,5,gripper,0.18242965614582016,controller_native_action
act-libero_object-task03-state10,ACT,libero_object,3,10,127,5,arm_original,0.04117647137751219,controller_native_action
act-libero_object-task03-state10,ACT,libero_object,3,10,127,6,translation,0.06380855944496974,controller_native_action
act-libero_object-task03-state10,ACT,libero_object,3,10,127,6,rotation,0.008827990888814355,controller_native_action
act-libero_object-task03-state10,ACT,libero_object,3,10,127,6,gripper,0.16967716476414496,controller_native_action
act-libero_object-task03-state10,ACT,libero_object,3,10,127,6,arm_original,0.04554923534800132,controller_native_action
act-libero_object-task03-state10,ACT,libero_object,3,10,127,7,translation,0.07104431255746717,controller_native_action
act-libero_object-task03-state10,ACT,libero_object,3,10,127,7,rotation,0.009874461668299986,controller_native_action
act-libero_object-task03-state10,ACT,libero_object,3,10,127,7,gripper,0.1917546073067647,controller_native_action
act-libero_object-task03-state10,ACT,libero_object,3,10,127,7,arm_original,0.050718829540920066,controller_native_action
act-libero_object-task03-state10,ACT,libero_object,3,10,127,8,translation,0.07576998952815585,controller_native_action
act-libero_object-task03-state10,ACT,libero_object,3,10,127,8,rotation,0.010806439671396243,controller_native_action
act-libero_object-task03-state10,ACT,libero_object,3,10,127,8,gripper,0.2302622942356958,controller_native_action
act-libero_object-task03-state10,ACT,libero_object,3,10,127,8,arm_original,0.05411963807837398,controller_native_action
act-libero_object-task03-state10,ACT,libero_object,3,10,127,9,translation,0.0798317666073055,controller_native_action
act-libero_object-task03-state10,ACT,libero_object,3,10,127,9,rotation,0.011897565071180494,controller_native_action
act-libero_object-task03-state10,ACT,libero_object,3,10,127,9,gripper,0.23681902478018096,controller_native_action
act-libero_object-task03-state10,ACT,libero_object,3,10,127,9,arm_original,0.05707303660340087,controller_native_action
act-libero_object-task03-state10,ACT,libero_object,3,10,127,10,translation,0.08186046363246323,controller_native_action
act-libero_object-task03-state10,ACT,libero_object,3,10,127,10,rotation,0.012857262038073764,controller_native_action
act-libero_object-task03-state10,ACT,libero_object,3,10,127,10,gripper,0.24802515877030523,controller_native_action
act-libero_object-task03-state10,ACT,libero_object,3,10,127,10,arm_original,0.05859370569113003,controller_native_action
act-libero_object-task03-state10,ACT,libero_object,3,10,127,11,translation,0.08425512347681907,controller_native_action
act-libero_object-task03-state10,ACT,libero_object,3,10,127,11,rotation,0.013325948413085096,controller_native_action
act-libero_object-task03-state10,ACT,libero_object,3,10,127,11,gripper,0.2022245062751842,controller_native_action
act-libero_object-task03-state10,ACT,libero_object,3,10,127,11,arm_original,0.06031793569578717,controller_native_action
act-libero_object-task03-state10,ACT,libero_object,3,10,127,12,translation,0.08464565127462471,controller_native_action
act-libero_object-task03-state10,ACT,libero_object,3,10,127,12,rotation,0.014405113888731867,controller_native_action
act-libero_object-task03-state10,ACT,libero_object,3,10,127,12,gripper,0.1452047146311165,controller_native_action
act-libero_object-task03-state10,ACT,libero_object,3,10,127,12,arm_original,0.06071405762199028,controller_native_action
act-libero_object-task03-state10,ACT,libero_object,3,10,127,13,translation,0.0860757323825778,controller_native_action
act-libero_object-task03-state10,ACT,libero_object,3,10,127,13,rotation,0.014649890064103391,controller_native_action
act-libero_object-task03-state10,ACT,libero_object,3,10,127,13,gripper,0.13758569616475458,controller_native_action
act-libero_object-task03-state10,ACT,libero_object,3,10,127,13,arm_original,0.06173998292876128,controller_native_action
act-libero_object-task03-state10,ACT,libero_object,3,10,127,14,translation,0.09178686771342569,controller_native_action
act-libero_object-task03-state10,ACT,libero_object,3,10,127,14,rotation,0.014807339697147209,controller_native_action
act-libero_object-task03-state10,ACT,libero_object,3,10,127,14,gripper,0.08862619363409574,controller_native_action
act-libero_object-task03-state10,ACT,libero_object,3,10,127,14,arm_original,0.06574224818770888,controller_native_action
act-libero_object-task03-state10,ACT,libero_object,3,10,127,15,translation,0.0929567551233961,controller_native_action
act-libero_object-task03-state10,ACT,libero_object,3,10,127,15,rotation,0.014560828037312045,controller_native_action
act-libero_object-task03-state10,ACT,libero_object,3,10,127,15,gripper,0.18376419469341448,controller_native_action
act-libero_object-task03-state10,ACT,libero_object,3,10,127,15,arm_original,0.0665318571670865,controller_native_action
act-libero_object-task03-state11,ACT,libero_object,3,11,113,0,translation,0.0,controller_native_action
act-libero_object-task03-state11,ACT,libero_object,3,11,113,0,rotation,0.0,controller_native_action
act-libero_object-task03-state11,ACT,libero_object,3,11,113,0,gripper,0.0,controller_native_action
act-libero_object-task03-state11,ACT,libero_object,3,11,113,0,arm_original,0.0,controller_native_action
act-libero_object-task03-state11,ACT,libero_object,3,11,113,1,translation,0.0274794786640859,controller_native_action
act-libero_object-task03-state11,ACT,libero_object,3,11,113,1,rotation,0.003460920368990515,controller_native_action
act-libero_object-task03-state11,ACT,libero_object,3,11,113,1,gripper,0.3992708509362334,controller_native_action
act-libero_object-task03-state11,ACT,libero_object,3,11,113,1,arm_original,0.019584428986447956,controller_native_action
act-libero_object-task03-state11,ACT,libero_object,3,11,113,2,translation,0.04326790129054966,controller_native_action
act-libero_object-task03-state11,ACT,libero_object,3,11,113,2,rotation,0.004879772469888633,controller_native_action
act-libero_object-task03-state11,ACT,libero_object,3,11,113,2,gripper,0.4253727457014132,controller_native_action
act-libero_object-task03-state11,ACT,libero_object,3,11,113,2,arm_original,0.030788987166246888,controller_native_action
act-libero_object-task03-state11,ACT,libero_object,3,11,113,3,translation,0.05849258228444724,controller_native_action
act-libero_object-task03-state11,ACT,libero_object,3,11,113,3,rotation,0.0072150738817626636,controller_native_action
act-libero_object-task03-state11,ACT,libero_object,3,11,113,3,gripper,0.44898981638580465,controller_native_action
act-libero_object-task03-state11,ACT,libero_object,3,11,113,3,arm_original,0.041673969533883644,controller_native_action
act-libero_object-task03-state11,ACT,libero_object,3,11,113,4,translation,0.06986041812312944,controller_native_action
act-libero_object-task03-state11,ACT,libero_object,3,11,113,4,rotation,0.008859863707312768,controller_native_action
act-libero_object-task03-state11,ACT,libero_object,3,11,113,4,gripper,0.4691009922353592,controller_native_action
act-libero_object-task03-state11,ACT,libero_object,3,11,113,4,arm_original,0.04979445353275118,controller_native_action
act-libero_object-task03-state11,ACT,libero_object,3,11,113,5,translation,0.07633974870106097,controller_native_action
act-libero_object-task03-state11,ACT,libero_object,3,11,113,5,rotation,0.009950935089029386,controller_native_action
act-libero_object-task03-state11,ACT,libero_object,3,11,113,5,gripper,0.4333271226327672,controller_native_action
act-libero_object-task03-state11,ACT,libero_object,3,11,113,5,arm_original,0.0544370202201003,controller_native_action
act-libero_object-task03-state11,ACT,libero_object,3,11,113,6,translation,0.07928418188497434,controller_native_action
act-libero_object-task03-state11,ACT,libero_object,3,11,113,6,rotation,0.010434869390139637,controller_native_action
act-libero_object-task03-state11,ACT,libero_object,3,11,113,6,gripper,0.41010246514592164,controller_native_action
act-libero_object-task03-state11,ACT,libero_object,3,11,113,6,arm_original,0.056545857480274214,controller_native_action
act-libero_object-task03-state11,ACT,libero_object,3,11,113,7,translation,0.08473456298586582,controller_native_action
act-libero_object-task03-state11,ACT,libero_object,3,11,113,7,rotation,0.010541551431973648,controller_native_action
act-libero_object-task03-state11,ACT,libero_object,3,11,113,7,gripper,0.40307882225545616,controller_native_action
act-libero_object-task03-state11,ACT,libero_object,3,11,113,7,arm_original,0.060378267907412714,controller_native_action
act-libero_object-task03-state11,ACT,libero_object,3,11,113,8,translation,0.08617977274996932,controller_native_action
act-libero_object-task03-state11,ACT,libero_object,3,11,113,8,rotation,0.010576974212218052,controller_native_action
act-libero_object-task03-state11,ACT,libero_object,3,11,113,8,gripper,0.4267962955517745,controller_native_action
act-libero_object-task03-state11,ACT,libero_object,3,11,113,8,arm_original,0.061395543872182934,controller_native_action
act-libero_object-task03-state11,ACT,libero_object,3,11,113,9,translation,0.08749942383470614,controller_native_action
act-libero_object-task03-state11,ACT,libero_object,3,11,113,9,rotation,0.01082311694017718,controller_native_action
act-libero_object-task03-state11,ACT,libero_object,3,11,113,9,gripper,0.41665437721679405,controller_native_action
act-libero_object-task03-state11,ACT,libero_object,3,11,113,9,arm_original,0.062342958831396074,controller_native_action
act-libero_object-task03-state11,ACT,libero_object,3,11,113,10,translation,0.08399774262634588,controller_native_action
act-libero_object-task03-state11,ACT,libero_object,3,11,113,10,rotation,0.010465658223750474,controller_native_action
act-libero_object-task03-state11,ACT,libero_object,3,11,113,10,gripper,0.45457881093313535,controller_native_action
act-libero_object-task03-state11,ACT,libero_object,3,11,113,10,arm_original,0.059854618737313,controller_native_action
act-libero_object-task03-state11,ACT,libero_object,3,11,113,11,translation,0.08435539399843746,controller_native_action
act-libero_object-task03-state11,ACT,libero_object,3,11,113,11,rotation,0.010585772795482633,controller_native_action
act-libero_object-task03-state11,ACT,libero_object,3,11,113,11,gripper,0.4796770336010064,controller_native_action
act-libero_object-task03-state11,ACT,libero_object,3,11,113,11,arm_original,0.06011610051520807,controller_native_action
act-libero_object-task03-state11,ACT,libero_object,3,11,113,12,translation,0.08544198605430973,controller_native_action
act-libero_object-task03-state11,ACT,libero_object,3,11,113,12,rotation,0.010822510133586616,controller_native_action
act-libero_object-task03-state11,ACT,libero_object,3,11,113,12,gripper,0.49647116179363016,controller_native_action
act-libero_object-task03-state11,ACT,libero_object,3,11,113,12,arm_original,0.06089934197713651,controller_native_action
act-libero_object-task03-state11,ACT,libero_object,3,11,113,13,translation,0.0884459037552242,controller_native_action
act-libero_object-task03-state11,ACT,libero_object,3,11,113,13,rotation,0.01107195962877191,controller_native_action
act-libero_object-task03-state11,ACT,libero_object,3,11,113,13,gripper,0.5158150845329608,controller_native_action
act-libero_object-task03-state11,ACT,libero_object,3,11,113,13,arm_original,0.06302882745656758,controller_native_action
act-libero_object-task03-state11,ACT,libero_object,3,11,113,14,translation,0.09288518454313222,controller_native_action
act-libero_object-task03-state11,ACT,libero_object,3,11,113,14,rotation,0.011377242069064656,controller_native_action
act-libero_object-task03-state11,ACT,libero_object,3,11,113,14,gripper,0.5349394237529821,controller_native_action
act-libero_object-task03-state11,ACT,libero_object,3,11,113,14,arm_original,0.06617060958125527,controller_native_action
act-libero_object-task03-state11,ACT,libero_object,3,11,113,15,translation,0.10102123292289591,controller_native_action
act-libero_object-task03-state11,ACT,libero_object,3,11,113,15,rotation,0.011770215107968133,controller_native_action
act-libero_object-task03-state11,ACT,libero_object,3,11,113,15,gripper,0.5361850001560609,controller_native_action
act-libero_object-task03-state11,ACT,libero_object,3,11,113,15,arm_original,0.07191601860833868,controller_native_action
act-libero_object-task03-state12,ACT,libero_object,3,12,149,0,translation,0.0,controller_native_action
act-libero_object-task03-state12,ACT,libero_object,3,12,149,0,rotation,0.0,controller_native_action
act-libero_object-task03-state12,ACT,libero_object,3,12,149,0,gripper,0.0,controller_native_action
act-libero_object-task03-state12,ACT,libero_object,3,12,149,0,arm_original,0.0,controller_native_action
act-libero_object-task03-state12,ACT,libero_object,3,12,149,1,translation,0.03778707187936266,controller_native_action
act-libero_object-task03-state12,ACT,libero_object,3,12,149,1,rotation,0.005941623843986108,controller_native_action
act-libero_object-task03-state12,ACT,libero_object,3,12,149,1,gripper,0.11464086252313004,controller_native_action
act-libero_object-task03-state12,ACT,libero_object,3,12,149,1,arm_original,0.027047788219367815,controller_native_action
act-libero_object-task03-state12,ACT,libero_object,3,12,149,2,translation,0.05567989847417251,controller_native_action
act-libero_object-task03-state12,ACT,libero_object,3,12,149,2,rotation,0.009740890695943732,controller_native_action
act-libero_object-task03-state12,ACT,libero_object,3,12,149,2,gripper,0.2251354226116549,controller_native_action
act-libero_object-task03-state12,ACT,libero_object,3,12,149,2,arm_original,0.0399695887247072,controller_native_action
act-libero_object-task03-state12,ACT,libero_object,3,12,149,3,translation,0.06866469499976009,controller_native_action
act-libero_object-task03-state12,ACT,libero_object,3,12,149,3,rotation,0.012303577582703123,controller_native_action
act-libero_object-task03-state12,ACT,libero_object,3,12,149,3,gripper,0.2907075435860236,controller_native_action
act-libero_object-task03-state12,ACT,libero_object,3,12,149,3,arm_original,0.04932655654281816,controller_native_action
act-libero_object-task03-state12,ACT,libero_object,3,12,149,4,translation,0.07814581759044328,controller_native_action
act-libero_object-task03-state12,ACT,libero_object,3,12,149,4,rotation,0.014094351600006848,controller_native_action
act-libero_object-task03-state12,ACT,libero_object,3,12,149,4,gripper,0.3642604570287605,controller_native_action
act-libero_object-task03-state12,ACT,libero_object,3,12,149,4,arm_original,0.056148996223901675,controller_native_action
act-libero_object-task03-state12,ACT,libero_object,3,12,149,5,translation,0.08329761759245238,controller_native_action
act-libero_object-task03-state12,ACT,libero_object,3,12,149,5,rotation,0.014346396672551531,controller_native_action
act-libero_object-task03-state12,ACT,libero_object,3,12,149,5,gripper,0.37269964676912015,controller_native_action
act-libero_object-task03-state12,ACT,libero_object,3,12,149,5,arm_original,0.05976751707267348,controller_native_action
act-libero_object-task03-state12,ACT,libero_object,3,12,149,6,translation,0.08768986057322216,controller_native_action
act-libero_object-task03-state12,ACT,libero_object,3,12,149,6,rotation,0.015187036125229088,controller_native_action
act-libero_object-task03-state12,ACT,libero_object,3,12,149,6,gripper,0.3967760766148776,controller_native_action
act-libero_object-task03-state12,ACT,libero_object,3,12,149,6,arm_original,0.06292915744557588,controller_native_action
act-libero_object-task03-state12,ACT,libero_object,3,12,149,7,translation,0.09003042387091749,controller_native_action
act-libero_object-task03-state12,ACT,libero_object,3,12,149,7,rotation,0.016098647541485062,controller_native_action
act-libero_object-task03-state12,ACT,libero_object,3,12,149,7,gripper,0.373975803679736,controller_native_action
act-libero_object-task03-state12,ACT,libero_object,3,12,149,7,arm_original,0.06467087317735098,controller_native_action
act-libero_object-task03-state12,ACT,libero_object,3,12,149,8,translation,0.0926574680996792,controller_native_action
act-libero_object-task03-state12,ACT,libero_object,3,12,149,8,rotation,0.016583141759078324,controller_native_action
act-libero_object-task03-state12,ACT,libero_object,3,12,149,8,gripper,0.3516009152874731,controller_native_action
act-libero_object-task03-state12,ACT,libero_object,3,12,149,8,arm_original,0.06655977383241606,controller_native_action
act-libero_object-task03-state12,ACT,libero_object,3,12,149,9,translation,0.09291901484591358,controller_native_action
act-libero_object-task03-state12,ACT,libero_object,3,12,149,9,rotation,0.017255764950592695,controller_native_action
act-libero_object-task03-state12,ACT,libero_object,3,12,149,9,gripper,0.3331260073635596,controller_native_action
act-libero_object-task03-state12,ACT,libero_object,3,12,149,9,arm_original,0.06682703324241325,controller_native_action
act-libero_object-task03-state12,ACT,libero_object,3,12,149,10,translation,0.09785682704146619,controller_native_action
act-libero_object-task03-state12,ACT,libero_object,3,12,149,10,rotation,0.01833985898807622,controller_native_action
act-libero_object-task03-state12,ACT,libero_object,3,12,149,10,gripper,0.32742536281471696,controller_native_action
act-libero_object-task03-state12,ACT,libero_object,3,12,149,10,arm_original,0.07039996103097623,controller_native_action
act-libero_object-task03-state12,ACT,libero_object,3,12,149,11,translation,0.09695048736204576,controller_native_action
act-libero_object-task03-state12,ACT,libero_object,3,12,149,11,rotation,0.019026388554166402,controller_native_action
act-libero_object-task03-state12,ACT,libero_object,3,12,149,11,gripper,0.3600818972284414,controller_native_action
act-libero_object-task03-state12,ACT,libero_object,3,12,149,11,arm_original,0.06986200849228537,controller_native_action
act-libero_object-task03-state12,ACT,libero_object,3,12,149,12,translation,0.10180702058842,controller_native_action
act-libero_object-task03-state12,ACT,libero_object,3,12,149,12,rotation,0.01984058901572993,controller_native_action
act-libero_object-task03-state12,ACT,libero_object,3,12,149,12,gripper,0.32982625456571857,controller_native_action
act-libero_object-task03-state12,ACT,libero_object,3,12,149,12,arm_original,0.07334275156272119,controller_native_action
act-libero_object-task03-state12,ACT,libero_object,3,12,149,13,translation,0.10557830054683344,controller_native_action
act-libero_object-task03-state12,ACT,libero_object,3,12,149,13,rotation,0.020380383796585473,controller_native_action
act-libero_object-task03-state12,ACT,libero_object,3,12,149,13,gripper,0.2795826506453776,controller_native_action
act-libero_object-task03-state12,ACT,libero_object,3,12,149,13,arm_original,0.07603334002282687,controller_native_action
act-libero_object-task03-state12,ACT,libero_object,3,12,149,14,translation,0.11183428972265984,controller_native_action
act-libero_object-task03-state12,ACT,libero_object,3,12,149,14,rotation,0.020819656526144568,controller_native_action
act-libero_object-task03-state12,ACT,libero_object,3,12,149,14,gripper,0.22704433438834548,controller_native_action
act-libero_object-task03-state12,ACT,libero_object,3,12,149,14,arm_original,0.08043744916280741,controller_native_action
act-libero_object-task03-state12,ACT,libero_object,3,12,149,15,translation,0.11518646859611033,controller_native_action
act-libero_object-task03-state12,ACT,libero_object,3,12,149,15,rotation,0.021018189355646175,controller_native_action
act-libero_object-task03-state12,ACT,libero_object,3,12,149,15,gripper,0.17511412694996295,controller_native_action
act-libero_object-task03-state12,ACT,libero_object,3,12,149,15,arm_original,0.08279398176024785,controller_native_action
act-libero_object-task03-state13,ACT,libero_object,3,13,265,0,translation,0.0,controller_native_action
act-libero_object-task03-state13,ACT,libero_object,3,13,265,0,rotation,0.0,controller_native_action
act-libero_object-task03-state13,ACT,libero_object,3,13,265,0,gripper,0.0,controller_native_action
act-libero_object-task03-state13,ACT,libero_object,3,13,265,0,arm_original,0.0,controller_native_action
act-libero_object-task03-state13,ACT,libero_object,3,13,265,1,translation,0.052752048822105865,controller_native_action
act-libero_object-task03-state13,ACT,libero_object,3,13,265,1,rotation,0.006525522607774715,controller_native_action
act-libero_object-task03-state13,ACT,libero_object,3,13,265,1,gripper,0.2496627024805641,controller_native_action
act-libero_object-task03-state13,ACT,libero_object,3,13,265,1,arm_original,0.037585642872208655,controller_native_action
act-libero_object-task03-state13,ACT,libero_object,3,13,265,2,translation,0.09246334883347812,controller_native_action
act-libero_object-task03-state13,ACT,libero_object,3,13,265,2,rotation,0.010978376401765206,controller_native_action
act-libero_object-task03-state13,ACT,libero_object,3,13,265,2,gripper,0.4602869510941384,controller_native_action
act-libero_object-task03-state13,ACT,libero_object,3,13,265,2,arm_original,0.06584070027695747,controller_native_action
act-libero_object-task03-state13,ACT,libero_object,3,13,265,3,translation,0.1255865034623752,controller_native_action
act-libero_object-task03-state13,ACT,libero_object,3,13,265,3,rotation,0.015373714978902213,controller_native_action
act-libero_object-task03-state13,ACT,libero_object,3,13,265,3,gripper,0.5895708041707173,controller_native_action
act-libero_object-task03-state13,ACT,libero_object,3,13,265,3,arm_original,0.0894659738787817,controller_native_action
act-libero_object-task03-state13,ACT,libero_object,3,13,265,4,translation,0.15575685023391153,controller_native_action
act-libero_object-task03-state13,ACT,libero_object,3,13,265,4,rotation,0.017923355226862767,controller_native_action
act-libero_object-task03-state13,ACT,libero_object,3,13,265,4,gripper,0.7252775376884603,controller_native_action
act-libero_object-task03-state13,ACT,libero_object,3,13,265,4,arm_original,0.1108635265932341,controller_native_action
act-libero_object-task03-state13,ACT,libero_object,3,13,265,5,translation,0.17989689252424695,controller_native_action
act-libero_object-task03-state13,ACT,libero_object,3,13,265,5,rotation,0.021159372631397607,controller_native_action
act-libero_object-task03-state13,ACT,libero_object,3,13,265,5,gripper,0.8013444226367336,controller_native_action
act-libero_object-task03-state13,ACT,libero_object,3,13,265,5,arm_original,0.12808319755150324,controller_native_action
act-libero_object-task03-state13,ACT,libero_object,3,13,265,6,translation,0.20640378692190184,controller_native_action
act-libero_object-task03-state13,ACT,libero_object,3,13,265,6,rotation,0.023271691464964245,controller_native_action
act-libero_object-task03-state13,ACT,libero_object,3,13,265,6,gripper,0.9910724532260293,controller_native_action
act-libero_object-task03-state13,ACT,libero_object,3,13,265,6,arm_original,0.1468742572395557,controller_native_action
act-libero_object-task03-state13,ACT,libero_object,3,13,265,7,translation,0.2177816938929315,controller_native_action
act-libero_object-task03-state13,ACT,libero_object,3,13,265,7,rotation,0.02548464171761857,controller_native_action
act-libero_object-task03-state13,ACT,libero_object,3,13,265,7,gripper,0.9947329879657161,controller_native_action
act-libero_object-task03-state13,ACT,libero_object,3,13,265,7,arm_original,0.155045691907821,controller_native_action
act-libero_object-task03-state13,ACT,libero_object,3,13,265,8,translation,0.2486537927814921,controller_native_action
act-libero_object-task03-state13,ACT,libero_object,3,13,265,8,rotation,0.028251731121239358,controller_native_action
act-libero_object-task03-state13,ACT,libero_object,3,13,265,8,gripper,0.9686013300463959,controller_native_action
act-libero_object-task03-state13,ACT,libero_object,3,13,265,8,arm_original,0.17695602416415218,controller_native_action
act-libero_object-task03-state13,ACT,libero_object,3,13,265,9,translation,0.25828202237799264,controller_native_action
act-libero_object-task03-state13,ACT,libero_object,3,13,265,9,rotation,0.02954540604882476,controller_native_action
act-libero_object-task03-state13,ACT,libero_object,3,13,265,9,gripper,0.9566984572792986,controller_native_action
act-libero_object-task03-state13,ACT,libero_object,3,13,265,9,arm_original,0.1838240110843192,controller_native_action
act-libero_object-task03-state13,ACT,libero_object,3,13,265,10,translation,0.2824204221544853,controller_native_action
act-libero_object-task03-state13,ACT,libero_object,3,13,265,10,rotation,0.03152513410066134,controller_native_action
act-libero_object-task03-state13,ACT,libero_object,3,13,265,10,gripper,0.9162978565835658,controller_native_action
act-libero_object-task03-state13,ACT,libero_object,3,13,265,10,arm_original,0.20094169419259708,controller_native_action
act-libero_object-task03-state13,ACT,libero_object,3,13,265,11,translation,0.2906486738254662,controller_native_action
act-libero_object-task03-state13,ACT,libero_object,3,13,265,11,rotation,0.031833579535034316,controller_native_action
act-libero_object-task03-state13,ACT,libero_object,3,13,265,11,gripper,0.8974763516930955,controller_native_action
act-libero_object-task03-state13,ACT,libero_object,3,13,265,11,arm_original,0.2067486739770241,controller_native_action
act-libero_object-task03-state13,ACT,libero_object,3,13,265,12,translation,0.3106379323764035,controller_native_action
act-libero_object-task03-state13,ACT,libero_object,3,13,265,12,rotation,0.03357580872606044,controller_native_action
act-libero_object-task03-state13,ACT,libero_object,3,13,265,12,gripper,0.903493310347351,controller_native_action
act-libero_object-task03-state13,ACT,libero_object,3,13,265,12,arm_original,0.22093354200154403,controller_native_action
act-libero_object-task03-state13,ACT,libero_object,3,13,265,13,translation,0.32212970710468547,controller_native_action
act-libero_object-task03-state13,ACT,libero_object,3,13,265,13,rotation,0.0341322118690406,controller_native_action
act-libero_object-task03-state13,ACT,libero_object,3,13,265,13,gripper,0.8981733892354018,controller_native_action
act-libero_object-task03-state13,ACT,libero_object,3,13,265,13,arm_original,0.2290551855846354,controller_native_action
act-libero_object-task03-state13,ACT,libero_object,3,13,265,14,translation,0.3320647817439192,controller_native_action
act-libero_object-task03-state13,ACT,libero_object,3,13,265,14,rotation,0.03575124549060553,controller_native_action
act-libero_object-task03-state13,ACT,libero_object,3,13,265,14,gripper,0.9115686545610049,controller_native_action
act-libero_object-task03-state13,ACT,libero_object,3,13,265,14,arm_original,0.23616220149376807,controller_native_action
act-libero_object-task03-state13,ACT,libero_object,3,13,265,15,translation,0.34132082252532037,controller_native_action
act-libero_object-task03-state13,ACT,libero_object,3,13,265,15,rotation,0.036481560719492594,controller_native_action
act-libero_object-task03-state13,ACT,libero_object,3,13,265,15,gripper,0.880226166107075,controller_native_action
act-libero_object-task03-state13,ACT,libero_object,3,13,265,15,arm_original,0.2427249556204422,controller_native_action
act-libero_object-task03-state14,ACT,libero_object,3,14,149,0,translation,0.0,controller_native_action
act-libero_object-task03-state14,ACT,libero_object,3,14,149,0,rotation,0.0,controller_native_action
act-libero_object-task03-state14,ACT,libero_object,3,14,149,0,gripper,0.0,controller_native_action
act-libero_object-task03-state14,ACT,libero_object,3,14,149,0,arm_original,0.0,controller_native_action
act-libero_object-task03-state14,ACT,libero_object,3,14,149,1,translation,0.03462042510895471,controller_native_action
act-libero_object-task03-state14,ACT,libero_object,3,14,149,1,rotation,0.00413380553752928,controller_native_action
act-libero_object-task03-state14,ACT,libero_object,3,14,149,1,gripper,0.3895769189884183,controller_native_action
act-libero_object-task03-state14,ACT,libero_object,3,14,149,1,arm_original,0.02465423070131017,controller_native_action
act-libero_object-task03-state14,ACT,libero_object,3,14,149,2,translation,0.05052805312984107,controller_native_action
act-libero_object-task03-state14,ACT,libero_object,3,14,149,2,rotation,0.006121637693222195,controller_native_action
act-libero_object-task03-state14,ACT,libero_object,3,14,149,2,gripper,0.4907577107057345,controller_native_action
act-libero_object-task03-state14,ACT,libero_object,3,14,149,2,arm_original,0.03598998889371266,controller_native_action
act-libero_object-task03-state14,ACT,libero_object,3,14,149,3,translation,0.06465238108665174,controller_native_action
act-libero_object-task03-state14,ACT,libero_object,3,14,149,3,rotation,0.007616827372524004,controller_native_action
act-libero_object-task03-state14,ACT,libero_object,3,14,149,3,gripper,0.5374570197215323,controller_native_action
act-libero_object-task03-state14,ACT,libero_object,3,14,149,3,arm_original,0.04603230626091024,controller_native_action
act-libero_object-task03-state14,ACT,libero_object,3,14,149,4,translation,0.07433735139499367,controller_native_action
act-libero_object-task03-state14,ACT,libero_object,3,14,149,4,rotation,0.008505818901794564,controller_native_action
act-libero_object-task03-state14,ACT,libero_object,3,14,149,4,gripper,0.5657618358296038,controller_native_action
act-libero_object-task03-state14,ACT,libero_object,3,14,149,4,arm_original,0.05290742276662554,controller_native_action
act-libero_object-task03-state14,ACT,libero_object,3,14,149,5,translation,0.07862289076761009,controller_native_action
act-libero_object-task03-state14,ACT,libero_object,3,14,149,5,rotation,0.009139459690781776,controller_native_action
act-libero_object-task03-state14,ACT,libero_object,3,14,149,5,gripper,0.5602824407081656,controller_native_action
act-libero_object-task03-state14,ACT,libero_object,3,14,149,5,arm_original,0.05596913737094299,controller_native_action
act-libero_object-task03-state14,ACT,libero_object,3,14,149,6,translation,0.08316052569756771,controller_native_action
act-libero_object-task03-state14,ACT,libero_object,3,14,149,6,rotation,0.009852769372858733,controller_native_action
act-libero_object-task03-state14,ACT,libero_object,3,14,149,6,gripper,0.5833889849296445,controller_native_action
act-libero_object-task03-state14,ACT,libero_object,3,14,149,6,arm_original,0.05921465231938191,controller_native_action
act-libero_object-task03-state14,ACT,libero_object,3,14,149,7,translation,0.08649607568100363,controller_native_action
act-libero_object-task03-state14,ACT,libero_object,3,14,149,7,rotation,0.01073796674347078,controller_native_action
act-libero_object-task03-state14,ACT,libero_object,3,14,149,7,gripper,0.5967909963254046,controller_native_action
act-libero_object-task03-state14,ACT,libero_object,3,14,149,7,arm_original,0.061631465332238344,controller_native_action
act-libero_object-task03-state14,ACT,libero_object,3,14,149,8,translation,0.09438540588277643,controller_native_action
act-libero_object-task03-state14,ACT,libero_object,3,14,149,8,rotation,0.011929933033008544,controller_native_action
act-libero_object-task03-state14,ACT,libero_object,3,14,149,8,gripper,0.6114249728563633,controller_native_action
act-libero_object-task03-state14,ACT,libero_object,3,14,149,8,arm_original,0.0672715695737379,controller_native_action
act-libero_object-task03-state14,ACT,libero_object,3,14,149,9,translation,0.09841319073457112,controller_native_action
act-libero_object-task03-state14,ACT,libero_object,3,14,149,9,rotation,0.012489144420129083,controller_native_action
act-libero_object-task03-state14,ACT,libero_object,3,14,149,9,gripper,0.5944797700333364,controller_native_action
act-libero_object-task03-state14,ACT,libero_object,3,14,149,9,arm_original,0.07014675630029488,controller_native_action
act-libero_object-task03-state14,ACT,libero_object,3,14,149,10,translation,0.10194696057153793,controller_native_action
act-libero_object-task03-state14,ACT,libero_object,3,14,149,10,rotation,0.012763369368165025,controller_native_action
act-libero_object-task03-state14,ACT,libero_object,3,14,149,10,gripper,0.5809711704140149,controller_native_action
act-libero_object-task03-state14,ACT,libero_object,3,14,149,10,arm_original,0.07265014235155676,controller_native_action
act-libero_object-task03-state14,ACT,libero_object,3,14,149,11,translation,0.10370307215328971,controller_native_action
act-libero_object-task03-state14,ACT,libero_object,3,14,149,11,rotation,0.012971278019675916,controller_native_action
act-libero_object-task03-state14,ACT,libero_object,3,14,149,11,gripper,0.5843599913996702,controller_native_action
act-libero_object-task03-state14,ACT,libero_object,3,14,149,11,arm_original,0.07390054542252764,controller_native_action
act-libero_object-task03-state14,ACT,libero_object,3,14,149,12,translation,0.1052853532045152,controller_native_action
act-libero_object-task03-state14,ACT,libero_object,3,14,149,12,rotation,0.0126680252075028,controller_native_action
act-libero_object-task03-state14,ACT,libero_object,3,14,149,12,gripper,0.5768128401471612,controller_native_action
act-libero_object-task03-state14,ACT,libero_object,3,14,149,12,arm_original,0.07498494669617844,controller_native_action
act-libero_object-task03-state14,ACT,libero_object,3,14,149,13,translation,0.1085989009733682,controller_native_action
act-libero_object-task03-state14,ACT,libero_object,3,14,149,13,rotation,0.012365804417964145,controller_native_action
act-libero_object-task03-state14,ACT,libero_object,3,14,149,13,gripper,0.5612550990941562,controller_native_action
act-libero_object-task03-state14,ACT,libero_object,3,14,149,13,arm_original,0.07728723831114286,controller_native_action
act-libero_object-task03-state14,ACT,libero_object,3,14,149,14,translation,0.11426923308350219,controller_native_action
act-libero_object-task03-state14,ACT,libero_object,3,14,149,14,rotation,0.01258835918476534,controller_native_action
act-libero_object-task03-state14,ACT,libero_object,3,14,149,14,gripper,0.5934305716304137,controller_native_action
act-libero_object-task03-state14,ACT,libero_object,3,14,149,14,arm_original,0.08128937327983411,controller_native_action
act-libero_object-task03-state14,ACT,libero_object,3,14,149,15,translation,0.11971937039389793,controller_native_action
act-libero_object-task03-state14,ACT,libero_object,3,14,149,15,rotation,0.01282587161823243,controller_native_action
act-libero_object-task03-state14,ACT,libero_object,3,14,149,15,gripper,0.5844549558485236,controller_native_action
act-libero_object-task03-state14,ACT,libero_object,3,14,149,15,arm_original,0.08513880029187253,controller_native_action
act-libero_object-task03-state15,ACT,libero_object,3,15,122,0,translation,0.0,controller_native_action
act-libero_object-task03-state15,ACT,libero_object,3,15,122,0,rotation,0.0,controller_native_action
act-libero_object-task03-state15,ACT,libero_object,3,15,122,0,gripper,0.0,controller_native_action
act-libero_object-task03-state15,ACT,libero_object,3,15,122,0,arm_original,0.0,controller_native_action
act-libero_object-task03-state15,ACT,libero_object,3,15,122,1,translation,0.02789851971350935,controller_native_action
act-libero_object-task03-state15,ACT,libero_object,3,15,122,1,rotation,0.004309410488910706,controller_native_action
act-libero_object-task03-state15,ACT,libero_object,3,15,122,1,gripper,0.0841015454303302,controller_native_action
act-libero_object-task03-state15,ACT,libero_object,3,15,122,1,arm_original,0.019961192611752977,controller_native_action
act-libero_object-task03-state15,ACT,libero_object,3,15,122,2,translation,0.042401375731023164,controller_native_action
act-libero_object-task03-state15,ACT,libero_object,3,15,122,2,rotation,0.006875620954878083,controller_native_action
act-libero_object-task03-state15,ACT,libero_object,3,15,122,2,gripper,0.2046367244816578,controller_native_action
act-libero_object-task03-state15,ACT,libero_object,3,15,122,2,arm_original,0.030373926543983066,controller_native_action
act-libero_object-task03-state15,ACT,libero_object,3,15,122,3,translation,0.05538900962871923,controller_native_action
act-libero_object-task03-state15,ACT,libero_object,3,15,122,3,rotation,0.008886468934954803,controller_native_action
act-libero_object-task03-state15,ACT,libero_object,3,15,122,3,gripper,0.23320371080339827,controller_native_action
act-libero_object-task03-state15,ACT,libero_object,3,15,122,3,arm_original,0.03966681054598585,controller_native_action
act-libero_object-task03-state15,ACT,libero_object,3,15,122,4,translation,0.06642845660542501,controller_native_action
act-libero_object-task03-state15,ACT,libero_object,3,15,122,4,rotation,0.010211161816753784,controller_native_action
act-libero_object-task03-state15,ACT,libero_object,3,15,122,4,gripper,0.45143878434182716,controller_native_action
act-libero_object-task03-state15,ACT,libero_object,3,15,122,4,arm_original,0.04752371867092665,controller_native_action
act-libero_object-task03-state15,ACT,libero_object,3,15,122,5,translation,0.07981875713790924,controller_native_action
act-libero_object-task03-state15,ACT,libero_object,3,15,122,5,rotation,0.011778469254478119,controller_native_action
act-libero_object-task03-state15,ACT,libero_object,3,15,122,5,gripper,0.6227346087622431,controller_native_action
act-libero_object-task03-state15,ACT,libero_object,3,15,122,5,arm_original,0.057051583365491376,controller_native_action
act-libero_object-task03-state15,ACT,libero_object,3,15,122,6,translation,0.09045952068771167,controller_native_action
act-libero_object-task03-state15,ACT,libero_object,3,15,122,6,rotation,0.013077568646080541,controller_native_action
act-libero_object-task03-state15,ACT,libero_object,3,15,122,6,gripper,0.7017843353073012,controller_native_action
act-libero_object-task03-state15,ACT,libero_object,3,15,122,6,arm_original,0.06462951216256968,controller_native_action
act-libero_object-task03-state15,ACT,libero_object,3,15,122,7,translation,0.09820512375069586,controller_native_action
act-libero_object-task03-state15,ACT,libero_object,3,15,122,7,rotation,0.013844313775701955,controller_native_action
act-libero_object-task03-state15,ACT,libero_object,3,15,122,7,gripper,0.6885141695531588,controller_native_action
act-libero_object-task03-state15,ACT,libero_object,3,15,122,7,arm_original,0.07012813755836375,controller_native_action
act-libero_object-task03-state15,ACT,libero_object,3,15,122,8,translation,0.10367783054860134,controller_native_action
act-libero_object-task03-state15,ACT,libero_object,3,15,122,8,rotation,0.014891544853817208,controller_native_action
act-libero_object-task03-state15,ACT,libero_object,3,15,122,8,gripper,0.6726904555083915,controller_native_action
act-libero_object-task03-state15,ACT,libero_object,3,15,122,8,arm_original,0.07406365726656275,controller_native_action
act-libero_object-task03-state15,ACT,libero_object,3,15,122,9,translation,0.10742922221204396,controller_native_action
act-libero_object-task03-state15,ACT,libero_object,3,15,122,9,rotation,0.01623849942045311,controller_native_action
act-libero_object-task03-state15,ACT,libero_object,3,15,122,9,gripper,0.675897692931782,controller_native_action
act-libero_object-task03-state15,ACT,libero_object,3,15,122,9,arm_original,0.07682683986899622,controller_native_action
act-libero_object-task03-state15,ACT,libero_object,3,15,122,10,translation,0.10846760687388292,controller_native_action
act-libero_object-task03-state15,ACT,libero_object,3,15,122,10,rotation,0.017968349654210368,controller_native_action
act-libero_object-task03-state15,ACT,libero_object,3,15,122,10,gripper,0.6568627589014822,controller_native_action
act-libero_object-task03-state15,ACT,libero_object,3,15,122,10,arm_original,0.0777434348682999,controller_native_action
act-libero_object-task03-state15,ACT,libero_object,3,15,122,11,translation,0.10922454695318051,controller_native_action
act-libero_object-task03-state15,ACT,libero_object,3,15,122,11,rotation,0.01905003196105437,controller_native_action
act-libero_object-task03-state15,ACT,libero_object,3,15,122,11,gripper,0.6475947100026579,controller_native_action
act-libero_object-task03-state15,ACT,libero_object,3,15,122,11,arm_original,0.07839931560557377,controller_native_action
act-libero_object-task03-state15,ACT,libero_object,3,15,122,12,translation,0.11519192243797234,controller_native_action
act-libero_object-task03-state15,ACT,libero_object,3,15,122,12,rotation,0.02021817983786316,controller_native_action
act-libero_object-task03-state15,ACT,libero_object,3,15,122,12,gripper,0.631232695041912,controller_native_action
act-libero_object-task03-state15,ACT,libero_object,3,15,122,12,arm_original,0.08269810696416216,controller_native_action
act-libero_object-task03-state15,ACT,libero_object,3,15,122,13,translation,0.11852718056236577,controller_native_action
act-libero_object-task03-state15,ACT,libero_object,3,15,122,13,rotation,0.020757105725602,controller_native_action
act-libero_object-task03-state15,ACT,libero_object,3,15,122,13,gripper,0.6272613535402488,controller_native_action
act-libero_object-task03-state15,ACT,libero_object,3,15,122,13,arm_original,0.0850868672891636,controller_native_action
act-libero_object-task03-state15,ACT,libero_object,3,15,122,14,translation,0.1280767965023602,controller_native_action
act-libero_object-task03-state15,ACT,libero_object,3,15,122,14,rotation,0.021231298913942653,controller_native_action
act-libero_object-task03-state15,ACT,libero_object,3,15,122,14,gripper,0.6279809441975632,controller_native_action
act-libero_object-task03-state15,ACT,libero_object,3,15,122,14,arm_original,0.09179987433509963,controller_native_action
act-libero_object-task03-state15,ACT,libero_object,3,15,122,15,translation,0.14077091543994857,controller_native_action
act-libero_object-task03-state15,ACT,libero_object,3,15,122,15,rotation,0.0214341330998445,controller_native_action
act-libero_object-task03-state15,ACT,libero_object,3,15,122,15,gripper,0.6560660328486043,controller_native_action
act-libero_object-task03-state15,ACT,libero_object,3,15,122,15,arm_original,0.1006873196970279,controller_native_action
act-libero_object-task03-state16,ACT,libero_object,3,16,105,0,translation,0.0,controller_native_action
act-libero_object-task03-state16,ACT,libero_object,3,16,105,0,rotation,0.0,controller_native_action
act-libero_object-task03-state16,ACT,libero_object,3,16,105,0,gripper,0.0,controller_native_action
act-libero_object-task03-state16,ACT,libero_object,3,16,105,0,arm_original,0.0,controller_native_action
act-libero_object-task03-state16,ACT,libero_object,3,16,105,1,translation,0.04219897608371099,controller_native_action
act-libero_object-task03-state16,ACT,libero_object,3,16,105,1,rotation,0.005856681285474514,controller_native_action
act-libero_object-task03-state16,ACT,libero_object,3,16,105,1,gripper,0.42230075957342766,controller_native_action
act-libero_object-task03-state16,ACT,libero_object,3,16,105,1,arm_original,0.030125191270705978,controller_native_action
act-libero_object-task03-state16,ACT,libero_object,3,16,105,2,translation,0.06782149363659865,controller_native_action
act-libero_object-task03-state16,ACT,libero_object,3,16,105,2,rotation,0.010165392078475992,controller_native_action
act-libero_object-task03-state16,ACT,libero_object,3,16,105,2,gripper,0.5775343811220479,controller_native_action
act-libero_object-task03-state16,ACT,libero_object,3,16,105,2,arm_original,0.0484927324204789,controller_native_action
act-libero_object-task03-state16,ACT,libero_object,3,16,105,3,translation,0.08813871101796107,controller_native_action
act-libero_object-task03-state16,ACT,libero_object,3,16,105,3,rotation,0.013449488005955145,controller_native_action
act-libero_object-task03-state16,ACT,libero_object,3,16,105,3,gripper,0.5910619405954298,controller_native_action
act-libero_object-task03-state16,ACT,libero_object,3,16,105,3,arm_original,0.06304490902336995,controller_native_action
act-libero_object-task03-state16,ACT,libero_object,3,16,105,4,translation,0.09664700594449752,controller_native_action
act-libero_object-task03-state16,ACT,libero_object,3,16,105,4,rotation,0.014518538411593333,controller_native_action
act-libero_object-task03-state16,ACT,libero_object,3,16,105,4,gripper,0.5541617265221921,controller_native_action
act-libero_object-task03-state16,ACT,libero_object,3,16,105,4,arm_original,0.06910655437671831,controller_native_action
act-libero_object-task03-state16,ACT,libero_object,3,16,105,5,translation,0.10162590275149436,controller_native_action
act-libero_object-task03-state16,ACT,libero_object,3,16,105,5,rotation,0.015043096287971269,controller_native_action
act-libero_object-task03-state16,ACT,libero_object,3,16,105,5,gripper,0.5701627874204626,controller_native_action
act-libero_object-task03-state16,ACT,libero_object,3,16,105,5,arm_original,0.07264337153514203,controller_native_action
act-libero_object-task03-state16,ACT,libero_object,3,16,105,6,translation,0.1044529077150678,controller_native_action
act-libero_object-task03-state16,ACT,libero_object,3,16,105,6,rotation,0.015309247805093618,controller_native_action
act-libero_object-task03-state16,ACT,libero_object,3,16,105,6,gripper,0.5674058550287525,controller_native_action
act-libero_object-task03-state16,ACT,libero_object,3,16,105,6,arm_original,0.07464845275854762,controller_native_action
act-libero_object-task03-state16,ACT,libero_object,3,16,105,7,translation,0.10736019737674134,controller_native_action
act-libero_object-task03-state16,ACT,libero_object,3,16,105,7,rotation,0.01570342193888275,controller_native_action
act-libero_object-task03-state16,ACT,libero_object,3,16,105,7,gripper,0.5686199402357264,controller_native_action
act-libero_object-task03-state16,ACT,libero_object,3,16,105,7,arm_original,0.07672290870842763,controller_native_action
act-libero_object-task03-state16,ACT,libero_object,3,16,105,8,translation,0.10951374625706276,controller_native_action
act-libero_object-task03-state16,ACT,libero_object,3,16,105,8,rotation,0.016229920891682757,controller_native_action
act-libero_object-task03-state16,ACT,libero_object,3,16,105,8,gripper,0.6013109410198074,controller_native_action
act-libero_object-task03-state16,ACT,libero_object,3,16,105,8,arm_original,0.07828368588475701,controller_native_action
act-libero_object-task03-state16,ACT,libero_object,3,16,105,9,translation,0.11027834559649112,controller_native_action
act-libero_object-task03-state16,ACT,libero_object,3,16,105,9,rotation,0.01651661213860203,controller_native_action
act-libero_object-task03-state16,ACT,libero_object,3,16,105,9,gripper,0.6102763909536238,controller_native_action
act-libero_object-task03-state16,ACT,libero_object,3,16,105,9,arm_original,0.0788483100137097,controller_native_action
act-libero_object-task03-state16,ACT,libero_object,3,16,105,10,translation,0.1147437433100152,controller_native_action
act-libero_object-task03-state16,ACT,libero_object,3,16,105,10,rotation,0.017674504415546355,controller_native_action
act-libero_object-task03-state16,ACT,libero_object,3,16,105,10,gripper,0.6372737681888623,controller_native_action
act-libero_object-task03-state16,ACT,libero_object,3,16,105,10,arm_original,0.08209298001391419,controller_native_action
act-libero_object-task03-state16,ACT,libero_object,3,16,105,11,translation,0.1178443650456833,controller_native_action
act-libero_object-task03-state16,ACT,libero_object,3,16,105,11,rotation,0.01808505319068788,controller_native_action
act-libero_object-task03-state16,ACT,libero_object,3,16,105,11,gripper,0.6552815307473184,controller_native_action
act-libero_object-task03-state16,ACT,libero_object,3,16,105,11,arm_original,0.08430410287148032,controller_native_action
act-libero_object-task03-state16,ACT,libero_object,3,16,105,12,translation,0.12201471845240708,controller_native_action
act-libero_object-task03-state16,ACT,libero_object,3,16,105,12,rotation,0.0188568755858883,controller_native_action
act-libero_object-task03-state16,ACT,libero_object,3,16,105,12,gripper,0.6562687484257841,controller_native_action
act-libero_object-task03-state16,ACT,libero_object,3,16,105,12,arm_original,0.08730169894074755,controller_native_action
act-libero_object-task03-state16,ACT,libero_object,3,16,105,13,translation,0.12550038419349072,controller_native_action
act-libero_object-task03-state16,ACT,libero_object,3,16,105,13,rotation,0.019400991788906526,controller_native_action
act-libero_object-task03-state16,ACT,libero_object,3,16,105,13,gripper,0.6579390354156349,controller_native_action
act-libero_object-task03-state16,ACT,libero_object,3,16,105,13,arm_original,0.08979628309431018,controller_native_action
act-libero_object-task03-state16,ACT,libero_object,3,16,105,14,translation,0.1291033515497731,controller_native_action
act-libero_object-task03-state16,ACT,libero_object,3,16,105,14,rotation,0.020284796846649758,controller_native_action
act-libero_object-task03-state16,ACT,libero_object,3,16,105,14,gripper,0.6528003158540765,controller_native_action
act-libero_object-task03-state16,ACT,libero_object,3,16,105,14,arm_original,0.09240981648205494,controller_native_action
act-libero_object-task03-state16,ACT,libero_object,3,16,105,15,translation,0.13011919223417115,controller_native_action
act-libero_object-task03-state16,ACT,libero_object,3,16,105,15,rotation,0.020698316921301772,controller_native_action
act-libero_object-task03-state16,ACT,libero_object,3,16,105,15,gripper,0.651047620342564,controller_native_action
act-libero_object-task03-state16,ACT,libero_object,3,16,105,15,arm_original,0.0931649733297011,controller_native_action
act-libero_object-task03-state17,ACT,libero_object,3,17,265,0,translation,0.0,controller_native_action
act-libero_object-task03-state17,ACT,libero_object,3,17,265,0,rotation,0.0,controller_native_action
act-libero_object-task03-state17,ACT,libero_object,3,17,265,0,gripper,0.0,controller_native_action
act-libero_object-task03-state17,ACT,libero_object,3,17,265,0,arm_original,0.0,controller_native_action
act-libero_object-task03-state17,ACT,libero_object,3,17,265,1,translation,0.0424754389901153,controller_native_action
act-libero_object-task03-state17,ACT,libero_object,3,17,265,1,rotation,0.007098459007612255,controller_native_action
act-libero_object-task03-state17,ACT,libero_object,3,17,265,1,gripper,0.19875886243398963,controller_native_action
act-libero_object-task03-state17,ACT,libero_object,3,17,265,1,arm_original,0.030451198972173153,controller_native_action
act-libero_object-task03-state17,ACT,libero_object,3,17,265,2,translation,0.07467319204957826,controller_native_action
act-libero_object-task03-state17,ACT,libero_object,3,17,265,2,rotation,0.011686328932358936,controller_native_action
act-libero_object-task03-state17,ACT,libero_object,3,17,265,2,gripper,0.3029909305174134,controller_native_action
act-libero_object-task03-state17,ACT,libero_object,3,17,265,2,arm_original,0.05344462505616671,controller_native_action
act-libero_object-task03-state17,ACT,libero_object,3,17,265,3,translation,0.09932893859960502,controller_native_action
act-libero_object-task03-state17,ACT,libero_object,3,17,265,3,rotation,0.015982375531721837,controller_native_action
act-libero_object-task03-state17,ACT,libero_object,3,17,265,3,gripper,0.37108703627133643,controller_native_action
act-libero_object-task03-state17,ACT,libero_object,3,17,265,3,arm_original,0.07113956132476881,controller_native_action
act-libero_object-task03-state17,ACT,libero_object,3,17,265,4,translation,0.12262635205378172,controller_native_action
act-libero_object-task03-state17,ACT,libero_object,3,17,265,4,rotation,0.01880250150045076,controller_native_action
act-libero_object-task03-state17,ACT,libero_object,3,17,265,4,gripper,0.44922854335258855,controller_native_action
act-libero_object-task03-state17,ACT,libero_object,3,17,265,4,arm_original,0.08772330443129828,controller_native_action
act-libero_object-task03-state17,ACT,libero_object,3,17,265,5,translation,0.15027817728899767,controller_native_action
act-libero_object-task03-state17,ACT,libero_object,3,17,265,5,rotation,0.02441822314721466,controller_native_action
act-libero_object-task03-state17,ACT,libero_object,3,17,265,5,gripper,0.5190137699434604,controller_native_action
act-libero_object-task03-state17,ACT,libero_object,3,17,265,5,arm_original,0.10765635185851923,controller_native_action
act-libero_object-task03-state17,ACT,libero_object,3,17,265,6,translation,0.17070867279558227,controller_native_action
act-libero_object-task03-state17,ACT,libero_object,3,17,265,6,rotation,0.02773021963932525,controller_native_action
act-libero_object-task03-state17,ACT,libero_object,3,17,265,6,gripper,0.6130960440984409,controller_native_action
act-libero_object-task03-state17,ACT,libero_object,3,17,265,6,arm_original,0.12229148794759673,controller_native_action
act-libero_object-task03-state17,ACT,libero_object,3,17,265,7,translation,0.2001486411448247,controller_native_action
act-libero_object-task03-state17,ACT,libero_object,3,17,265,7,rotation,0.033292364782812625,controller_native_action
act-libero_object-task03-state17,ACT,libero_object,3,17,265,7,gripper,0.7086119731812359,controller_native_action
act-libero_object-task03-state17,ACT,libero_object,3,17,265,7,arm_original,0.14347100770704807,controller_native_action
act-libero_object-task03-state17,ACT,libero_object,3,17,265,8,translation,0.21563101282006675,controller_native_action
act-libero_object-task03-state17,ACT,libero_object,3,17,265,8,rotation,0.03641638983043542,controller_native_action
act-libero_object-task03-state17,ACT,libero_object,3,17,265,8,gripper,0.7928245455342373,controller_native_action
act-libero_object-task03-state17,ACT,libero_object,3,17,265,8,arm_original,0.15463325505545375,controller_native_action
act-libero_object-task03-state17,ACT,libero_object,3,17,265,9,translation,0.23889238954864953,controller_native_action
act-libero_object-task03-state17,ACT,libero_object,3,17,265,9,rotation,0.040201737136062066,controller_native_action
act-libero_object-task03-state17,ACT,libero_object,3,17,265,9,gripper,0.8641359043248382,controller_native_action
act-libero_object-task03-state17,ACT,libero_object,3,17,265,9,arm_original,0.17129762615550273,controller_native_action
act-libero_object-task03-state17,ACT,libero_object,3,17,265,10,translation,0.26715327675304723,controller_native_action
act-libero_object-task03-state17,ACT,libero_object,3,17,265,10,rotation,0.044987403079564996,controller_native_action
act-libero_object-task03-state17,ACT,libero_object,3,17,265,10,gripper,0.9383082955720824,controller_native_action
act-libero_object-task03-state17,ACT,libero_object,3,17,265,10,arm_original,0.19156557586859585,controller_native_action
act-libero_object-task03-state17,ACT,libero_object,3,17,265,11,translation,0.2881941139089701,controller_native_action
act-libero_object-task03-state17,ACT,libero_object,3,17,265,11,rotation,0.04708680055919863,controller_native_action
act-libero_object-task03-state17,ACT,libero_object,3,17,265,11,gripper,1.0199032949776492,controller_native_action
act-libero_object-task03-state17,ACT,libero_object,3,17,265,11,arm_original,0.2064860940580239,controller_native_action
act-libero_object-task03-state17,ACT,libero_object,3,17,265,12,translation,0.30434033313454656,controller_native_action
act-libero_object-task03-state17,ACT,libero_object,3,17,265,12,rotation,0.05044702817856764,controller_native_action
act-libero_object-task03-state17,ACT,libero_object,3,17,265,12,gripper,1.07747259013471,controller_native_action
act-libero_object-task03-state17,ACT,libero_object,3,17,265,12,arm_original,0.21813750368115978,controller_native_action
act-libero_object-task03-state17,ACT,libero_object,3,17,265,13,translation,0.3178012615578655,controller_native_action
act-libero_object-task03-state17,ACT,libero_object,3,17,265,13,rotation,0.054009132108561224,controller_native_action
act-libero_object-task03-state17,ACT,libero_object,3,17,265,13,gripper,1.1056773308717396,controller_native_action
act-libero_object-task03-state17,ACT,libero_object,3,17,265,13,arm_original,0.22794147077582314,controller_native_action
act-libero_object-task03-state17,ACT,libero_object,3,17,265,14,translation,0.3293430313548833,controller_native_action
act-libero_object-task03-state17,ACT,libero_object,3,17,265,14,rotation,0.05371729514929565,controller_native_action
act-libero_object-task03-state17,ACT,libero_object,3,17,265,14,gripper,1.071079310956314,controller_native_action
act-libero_object-task03-state17,ACT,libero_object,3,17,265,14,arm_original,0.2359580260344837,controller_native_action
act-libero_object-task03-state17,ACT,libero_object,3,17,265,15,translation,0.3445739079357638,controller_native_action
act-libero_object-task03-state17,ACT,libero_object,3,17,265,15,rotation,0.05611574224389786,controller_native_action
act-libero_object-task03-state17,ACT,libero_object,3,17,265,15,gripper,0.9755712524558614,controller_native_action
act-libero_object-task03-state17,ACT,libero_object,3,17,265,15,arm_original,0.24686044089495973,controller_native_action
act-libero_object-task03-state18,ACT,libero_object,3,18,104,0,translation,0.0,controller_native_action
act-libero_object-task03-state18,ACT,libero_object,3,18,104,0,rotation,0.0,controller_native_action
act-libero_object-task03-state18,ACT,libero_object,3,18,104,0,gripper,0.0,controller_native_action
act-libero_object-task03-state18,ACT,libero_object,3,18,104,0,arm_original,0.0,controller_native_action
act-libero_object-task03-state18,ACT,libero_object,3,18,104,1,translation,0.03407328104506019,controller_native_action
act-libero_object-task03-state18,ACT,libero_object,3,18,104,1,rotation,0.006007291507344052,controller_native_action
act-libero_object-task03-state18,ACT,libero_object,3,18,104,1,gripper,0.40596445388029845,controller_native_action
act-libero_object-task03-state18,ACT,libero_object,3,18,104,1,arm_original,0.024465036607676127,controller_native_action
act-libero_object-task03-state18,ACT,libero_object,3,18,104,2,translation,0.05087612755155282,controller_native_action
act-libero_object-task03-state18,ACT,libero_object,3,18,104,2,rotation,0.007711134818860465,controller_native_action
act-libero_object-task03-state18,ACT,libero_object,3,18,104,2,gripper,0.4141624902034012,controller_native_action
act-libero_object-task03-state18,ACT,libero_object,3,18,104,2,arm_original,0.03638572491263926,controller_native_action
act-libero_object-task03-state18,ACT,libero_object,3,18,104,3,translation,0.06658655530249494,controller_native_action
act-libero_object-task03-state18,ACT,libero_object,3,18,104,3,rotation,0.007966507725510158,controller_native_action
act-libero_object-task03-state18,ACT,libero_object,3,18,104,3,gripper,0.42096344839021077,controller_native_action
act-libero_object-task03-state18,ACT,libero_object,3,18,104,3,arm_original,0.04741958768479978,controller_native_action
act-libero_object-task03-state18,ACT,libero_object,3,18,104,4,translation,0.07365131271953135,controller_native_action
act-libero_object-task03-state18,ACT,libero_object,3,18,104,4,rotation,0.007562591259249734,controller_native_action
act-libero_object-task03-state18,ACT,libero_object,3,18,104,4,gripper,0.40047292963087244,controller_native_action
act-libero_object-task03-state18,ACT,libero_object,3,18,104,4,arm_original,0.05235316920619363,controller_native_action
act-libero_object-task03-state18,ACT,libero_object,3,18,104,5,translation,0.0783940129813673,controller_native_action
act-libero_object-task03-state18,ACT,libero_object,3,18,104,5,rotation,0.007364198682868702,controller_native_action
act-libero_object-task03-state18,ACT,libero_object,3,18,104,5,gripper,0.39408145792726434,controller_native_action
act-libero_object-task03-state18,ACT,libero_object,3,18,104,5,arm_original,0.055676982198946234,controller_native_action
act-libero_object-task03-state18,ACT,libero_object,3,18,104,6,translation,0.07716370193075088,controller_native_action
act-libero_object-task03-state18,ACT,libero_object,3,18,104,6,rotation,0.0073214277654703955,controller_native_action
act-libero_object-task03-state18,ACT,libero_object,3,18,104,6,gripper,0.37552246273424306,controller_native_action
act-libero_object-task03-state18,ACT,libero_object,3,18,104,6,arm_original,0.0548080295220635,controller_native_action
act-libero_object-task03-state18,ACT,libero_object,3,18,104,7,translation,0.07823655471452969,controller_native_action
act-libero_object-task03-state18,ACT,libero_object,3,18,104,7,rotation,0.007854355940143517,controller_native_action
act-libero_object-task03-state18,ACT,libero_object,3,18,104,7,gripper,0.4052104399606329,controller_native_action
act-libero_object-task03-state18,ACT,libero_object,3,18,104,7,arm_original,0.055599682556800915,controller_native_action
act-libero_object-task03-state18,ACT,libero_object,3,18,104,8,translation,0.0804391703347306,controller_native_action
act-libero_object-task03-state18,ACT,libero_object,3,18,104,8,rotation,0.008159133717142199,controller_native_action
act-libero_object-task03-state18,ACT,libero_object,3,18,104,8,gripper,0.4001509937132042,controller_native_action
act-libero_object-task03-state18,ACT,libero_object,3,18,104,8,arm_original,0.05717093486708963,controller_native_action
act-libero_object-task03-state18,ACT,libero_object,3,18,104,9,translation,0.07973016782620566,controller_native_action
act-libero_object-task03-state18,ACT,libero_object,3,18,104,9,rotation,0.008033502936740362,controller_native_action
act-libero_object-task03-state18,ACT,libero_object,3,18,104,9,gripper,0.3996205889894826,controller_native_action
act-libero_object-task03-state18,ACT,libero_object,3,18,104,9,arm_original,0.05666320159958108,controller_native_action
act-libero_object-task03-state18,ACT,libero_object,3,18,104,10,translation,0.08124282748180181,controller_native_action
act-libero_object-task03-state18,ACT,libero_object,3,18,104,10,rotation,0.008056851963908611,controller_native_action
act-libero_object-task03-state18,ACT,libero_object,3,18,104,10,gripper,0.40271484269589053,controller_native_action
act-libero_object-task03-state18,ACT,libero_object,3,18,104,10,arm_original,0.057729151564898946,controller_native_action
act-libero_object-task03-state18,ACT,libero_object,3,18,104,11,translation,0.08155763349017749,controller_native_action
act-libero_object-task03-state18,ACT,libero_object,3,18,104,11,rotation,0.007956302294323042,controller_native_action
act-libero_object-task03-state18,ACT,libero_object,3,18,104,11,gripper,0.3986448942028959,controller_native_action
act-libero_object-task03-state18,ACT,libero_object,3,18,104,11,arm_original,0.057943724106743304,controller_native_action
act-libero_object-task03-state18,ACT,libero_object,3,18,104,12,translation,0.08143910296102949,controller_native_action
act-libero_object-task03-state18,ACT,libero_object,3,18,104,12,rotation,0.00815720473017148,controller_native_action
act-libero_object-task03-state18,ACT,libero_object,3,18,104,12,gripper,0.4004321467264135,controller_native_action
act-libero_object-task03-state18,ACT,libero_object,3,18,104,12,arm_original,0.05787429256633335,controller_native_action
act-libero_object-task03-state18,ACT,libero_object,3,18,104,13,translation,0.081211637070657,controller_native_action
act-libero_object-task03-state18,ACT,libero_object,3,18,104,13,rotation,0.008199577361143198,controller_native_action
act-libero_object-task03-state18,ACT,libero_object,3,18,104,13,gripper,0.40205226578744346,controller_native_action
act-libero_object-task03-state18,ACT,libero_object,3,18,104,13,arm_original,0.05771725506552387,controller_native_action
act-libero_object-task03-state18,ACT,libero_object,3,18,104,14,translation,0.08301346825576134,controller_native_action
act-libero_object-task03-state18,ACT,libero_object,3,18,104,14,rotation,0.008719717142648478,controller_native_action
act-libero_object-task03-state18,ACT,libero_object,3,18,104,14,gripper,0.40534684962637074,controller_native_action
act-libero_object-task03-state18,ACT,libero_object,3,18,104,14,arm_original,0.05902232365341986,controller_native_action
act-libero_object-task03-state18,ACT,libero_object,3,18,104,15,translation,0.0859091676409364,controller_native_action
act-libero_object-task03-state18,ACT,libero_object,3,18,104,15,rotation,0.00909506388012189,controller_native_action
act-libero_object-task03-state18,ACT,libero_object,3,18,104,15,gripper,0.42999981056915104,controller_native_action
act-libero_object-task03-state18,ACT,libero_object,3,18,104,15,arm_original,0.06108643577645536,controller_native_action
act-libero_object-task03-state19,ACT,libero_object,3,19,109,0,translation,0.0,controller_native_action
act-libero_object-task03-state19,ACT,libero_object,3,19,109,0,rotation,0.0,controller_native_action
act-libero_object-task03-state19,ACT,libero_object,3,19,109,0,gripper,0.0,controller_native_action
act-libero_object-task03-state19,ACT,libero_object,3,19,109,0,arm_original,0.0,controller_native_action
act-libero_object-task03-state19,ACT,libero_object,3,19,109,1,translation,0.026862478519623634,controller_native_action
act-libero_object-task03-state19,ACT,libero_object,3,19,109,1,rotation,0.0033198913251740185,controller_native_action
act-libero_object-task03-state19,ACT,libero_object,3,19,109,1,gripper,0.18405687332680823,controller_native_action
act-libero_object-task03-state19,ACT,libero_object,3,19,109,1,arm_original,0.019139153986373156,controller_native_action
act-libero_object-task03-state19,ACT,libero_object,3,19,109,2,translation,0.04614079722841073,controller_native_action
act-libero_object-task03-state19,ACT,libero_object,3,19,109,2,rotation,0.005058185394517407,controller_native_action
act-libero_object-task03-state19,ACT,libero_object,3,19,109,2,gripper,0.1455049355558333,controller_native_action
act-libero_object-task03-state19,ACT,libero_object,3,19,109,2,arm_original,0.032821931755753084,controller_native_action
act-libero_object-task03-state19,ACT,libero_object,3,19,109,3,translation,0.06035971489027899,controller_native_action
act-libero_object-task03-state19,ACT,libero_object,3,19,109,3,rotation,0.006946660912381993,controller_native_action
act-libero_object-task03-state19,ACT,libero_object,3,19,109,3,gripper,0.22898819468752307,controller_native_action
act-libero_object-task03-state19,ACT,libero_object,3,19,109,3,arm_original,0.04296249107923901,controller_native_action
act-libero_object-task03-state19,ACT,libero_object,3,19,109,4,translation,0.06955334111584861,controller_native_action
act-libero_object-task03-state19,ACT,libero_object,3,19,109,4,rotation,0.008342377313600864,controller_native_action
act-libero_object-task03-state19,ACT,libero_object,3,19,109,4,gripper,0.2017583120733855,controller_native_action
act-libero_object-task03-state19,ACT,libero_object,3,19,109,4,arm_original,0.04953414236473707,controller_native_action
act-libero_object-task03-state19,ACT,libero_object,3,19,109,5,translation,0.07412759318726551,controller_native_action
act-libero_object-task03-state19,ACT,libero_object,3,19,109,5,rotation,0.009152161557044068,controller_native_action
act-libero_object-task03-state19,ACT,libero_object,3,19,109,5,gripper,0.15654621068313584,controller_native_action
act-libero_object-task03-state19,ACT,libero_object,3,19,109,5,arm_original,0.05281411805996086,controller_native_action
act-libero_object-task03-state19,ACT,libero_object,3,19,109,6,translation,0.07668697182084998,controller_native_action
act-libero_object-task03-state19,ACT,libero_object,3,19,109,6,rotation,0.009278306020821412,controller_native_action
act-libero_object-task03-state19,ACT,libero_object,3,19,109,6,gripper,0.18597275742881922,controller_native_action
act-libero_object-task03-state19,ACT,libero_object,3,19,109,6,arm_original,0.05462132646534616,controller_native_action
act-libero_object-task03-state19,ACT,libero_object,3,19,109,7,translation,0.0763391823427888,controller_native_action
act-libero_object-task03-state19,ACT,libero_object,3,19,109,7,rotation,0.009288207957750615,controller_native_action
act-libero_object-task03-state19,ACT,libero_object,3,19,109,7,gripper,0.15713692730748355,controller_native_action
act-libero_object-task03-state19,ACT,libero_object,3,19,109,7,arm_original,0.054378035859306194,controller_native_action
act-libero_object-task03-state19,ACT,libero_object,3,19,109,8,translation,0.07433857540947675,controller_native_action
act-libero_object-task03-state19,ACT,libero_object,3,19,109,8,rotation,0.008785189620741854,controller_native_action
act-libero_object-task03-state19,ACT,libero_object,3,19,109,8,gripper,0.156698245295874,controller_native_action
act-libero_object-task03-state19,ACT,libero_object,3,19,109,8,arm_original,0.05293110309913658,controller_native_action
act-libero_object-task03-state19,ACT,libero_object,3,19,109,9,translation,0.07294415271028634,controller_native_action
act-libero_object-task03-state19,ACT,libero_object,3,19,109,9,rotation,0.00847416600925412,controller_native_action
act-libero_object-task03-state19,ACT,libero_object,3,19,109,9,gripper,0.20321391981120557,controller_native_action
act-libero_object-task03-state19,ACT,libero_object,3,19,109,9,arm_original,0.05192620198018517,controller_native_action
act-libero_object-task03-state19,ACT,libero_object,3,19,109,10,translation,0.07327289606668778,controller_native_action
act-libero_object-task03-state19,ACT,libero_object,3,19,109,10,rotation,0.008347311147568643,controller_native_action
act-libero_object-task03-state19,ACT,libero_object,3,19,109,10,gripper,0.20521394254355477,controller_native_action
act-libero_object-task03-state19,ACT,libero_object,3,19,109,10,arm_original,0.052146883422664644,controller_native_action
act-libero_object-task03-state19,ACT,libero_object,3,19,109,11,translation,0.07213741663121331,controller_native_action
act-libero_object-task03-state19,ACT,libero_object,3,19,109,11,rotation,0.008329774851289655,controller_native_action
act-libero_object-task03-state19,ACT,libero_object,3,19,109,11,gripper,0.18372680005595304,controller_native_action
act-libero_object-task03-state19,ACT,libero_object,3,19,109,11,arm_original,0.05134779463277089,controller_native_action
act-libero_object-task03-state19,ACT,libero_object,3,19,109,12,translation,0.07104425946372483,controller_native_action
act-libero_object-task03-state19,ACT,libero_object,3,19,109,12,rotation,0.00840728905355677,controller_native_action
act-libero_object-task03-state19,ACT,libero_object,3,19,109,12,gripper,0.19610647352888824,controller_native_action
act-libero_object-task03-state19,ACT,libero_object,3,19,109,12,arm_original,0.05058640781859842,controller_native_action
act-libero_object-task03-state19,ACT,libero_object,3,19,109,13,translation,0.07357343234064279,controller_native_action
act-libero_object-task03-state19,ACT,libero_object,3,19,109,13,rotation,0.008659020707858053,controller_native_action
act-libero_object-task03-state19,ACT,libero_object,3,19,109,13,gripper,0.17534116211525044,controller_native_action
act-libero_object-task03-state19,ACT,libero_object,3,19,109,13,arm_original,0.05238333984198725,controller_native_action
act-libero_object-task03-state19,ACT,libero_object,3,19,109,14,translation,0.0766170604841045,controller_native_action
act-libero_object-task03-state19,ACT,libero_object,3,19,109,14,rotation,0.009441312735189477,controller_native_action
act-libero_object-task03-state19,ACT,libero_object,3,19,109,14,gripper,0.1509542003904649,controller_native_action
act-libero_object-task03-state19,ACT,libero_object,3,19,109,14,arm_original,0.0545862269413658,controller_native_action
act-libero_object-task03-state19,ACT,libero_object,3,19,109,15,translation,0.0805427156956405,controller_native_action
act-libero_object-task03-state19,ACT,libero_object,3,19,109,15,rotation,0.010256362608827754,controller_native_action
act-libero_object-task03-state19,ACT,libero_object,3,19,109,15,gripper,0.20114361499007966,controller_native_action
act-libero_object-task03-state19,ACT,libero_object,3,19,109,15,arm_original,0.05741220264713998,controller_native_action
act-libero_spatial-task00-state10,ACT,libero_spatial,0,10,60,0,translation,0.0,controller_native_action
act-libero_spatial-task00-state10,ACT,libero_spatial,0,10,60,0,rotation,0.0,controller_native_action
act-libero_spatial-task00-state10,ACT,libero_spatial,0,10,60,0,gripper,0.0,controller_native_action
act-libero_spatial-task00-state10,ACT,libero_spatial,0,10,60,0,arm_original,0.0,controller_native_action
act-libero_spatial-task00-state10,ACT,libero_spatial,0,10,60,1,translation,0.02476014506918114,controller_native_action
act-libero_spatial-task00-state10,ACT,libero_spatial,0,10,60,1,rotation,0.0033871316217652485,controller_native_action
act-libero_spatial-task00-state10,ACT,libero_spatial,0,10,60,1,gripper,0.04367426016608435,controller_native_action
act-libero_spatial-task00-state10,ACT,libero_spatial,0,10,60,1,arm_original,0.01767112679585059,controller_native_action
act-libero_spatial-task00-state10,ACT,libero_spatial,0,10,60,2,translation,0.027539699067246667,controller_native_action
act-libero_spatial-task00-state10,ACT,libero_spatial,0,10,60,2,rotation,0.005096521477403339,controller_native_action
act-libero_spatial-task00-state10,ACT,libero_spatial,0,10,60,2,gripper,0.05193118217469856,controller_native_action
act-libero_spatial-task00-state10,ACT,libero_spatial,0,10,60,2,arm_original,0.019804160622002392,controller_native_action
act-libero_spatial-task00-state10,ACT,libero_spatial,0,10,60,3,translation,0.036819705642110546,controller_native_action
act-libero_spatial-task00-state10,ACT,libero_spatial,0,10,60,3,rotation,0.006260449115662163,controller_native_action
act-libero_spatial-task00-state10,ACT,libero_spatial,0,10,60,3,gripper,0.045495942723997825,controller_native_action
act-libero_spatial-task00-state10,ACT,libero_spatial,0,10,60,3,arm_original,0.02640912670556774,controller_native_action
act-libero_spatial-task00-state10,ACT,libero_spatial,0,10,60,4,translation,0.036700681796825764,controller_native_action
act-libero_spatial-task00-state10,ACT,libero_spatial,0,10,60,4,rotation,0.007129091937875156,controller_native_action
act-libero_spatial-task00-state10,ACT,libero_spatial,0,10,60,4,gripper,0.1601746190571371,controller_native_action
act-libero_spatial-task00-state10,ACT,libero_spatial,0,10,60,4,arm_original,0.02643637641783131,controller_native_action
act-libero_spatial-task00-state10,ACT,libero_spatial,0,10,60,5,translation,0.03962433003452439,controller_native_action
act-libero_spatial-task00-state10,ACT,libero_spatial,0,10,60,5,rotation,0.007883129473337941,controller_native_action
act-libero_spatial-task00-state10,ACT,libero_spatial,0,10,60,5,gripper,0.19242240885735115,controller_native_action
act-libero_spatial-task00-state10,ACT,libero_spatial,0,10,60,5,arm_original,0.028567737580864894,controller_native_action
act-libero_spatial-task00-state10,ACT,libero_spatial,0,10,60,6,translation,0.042178477425708745,controller_native_action
act-libero_spatial-task00-state10,ACT,libero_spatial,0,10,60,6,rotation,0.008484318569559291,controller_native_action
act-libero_spatial-task00-state10,ACT,libero_spatial,0,10,60,6,gripper,0.1383522833726696,controller_native_action
act-libero_spatial-task00-state10,ACT,libero_spatial,0,10,60,6,arm_original,0.030422094105606787,controller_native_action
act-libero_spatial-task00-state10,ACT,libero_spatial,0,10,60,7,translation,0.046193230061034686,controller_native_action
act-libero_spatial-task00-state10,ACT,libero_spatial,0,10,60,7,rotation,0.008953051899568626,controller_native_action
act-libero_spatial-task00-state10,ACT,libero_spatial,0,10,60,7,gripper,0.1469597503786319,controller_native_action
act-libero_spatial-task00-state10,ACT,libero_spatial,0,10,60,7,arm_original,0.03327139643739084,controller_native_action
act-libero_spatial-task00-state10,ACT,libero_spatial,0,10,60,8,translation,0.048941540043083306,controller_native_action
act-libero_spatial-task00-state10,ACT,libero_spatial,0,10,60,8,rotation,0.009527534059937042,controller_native_action
act-libero_spatial-task00-state10,ACT,libero_spatial,0,10,60,8,gripper,0.1162914701919754,controller_native_action
act-libero_spatial-task00-state10,ACT,libero_spatial,0,10,60,8,arm_original,0.035256547243398544,controller_native_action
act-libero_spatial-task00-state10,ACT,libero_spatial,0,10,60,9,translation,0.053424839462545795,controller_native_action
act-libero_spatial-task00-state10,ACT,libero_spatial,0,10,60,9,rotation,0.00993771267220355,controller_native_action
act-libero_spatial-task00-state10,ACT,libero_spatial,0,10,60,9,gripper,0.15560257973790056,controller_native_action
act-libero_spatial-task00-state10,ACT,libero_spatial,0,10,60,9,arm_original,0.038425067369843774,controller_native_action
act-libero_spatial-task00-state10,ACT,libero_spatial,0,10,60,10,translation,0.05654320595422624,controller_native_action
act-libero_spatial-task00-state10,ACT,libero_spatial,0,10,60,10,rotation,0.010716751282822703,controller_native_action
act-libero_spatial-task00-state10,ACT,libero_spatial,0,10,60,10,gripper,0.10774365802103932,controller_native_action
act-libero_spatial-task00-state10,ACT,libero_spatial,0,10,60,10,arm_original,0.040693874831723306,controller_native_action
act-libero_spatial-task00-state10,ACT,libero_spatial,0,10,60,11,translation,0.062081140225599185,controller_native_action
act-libero_spatial-task00-state10,ACT,libero_spatial,0,10,60,11,rotation,0.011169526226862923,controller_native_action
act-libero_spatial-task00-state10,ACT,libero_spatial,0,10,60,11,gripper,0.17244808263177464,controller_native_action
act-libero_spatial-task00-state10,ACT,libero_spatial,0,10,60,11,arm_original,0.04460283784605576,controller_native_action
act-libero_spatial-task00-state10,ACT,libero_spatial,0,10,60,12,translation,0.07148290354101712,controller_native_action
act-libero_spatial-task00-state10,ACT,libero_spatial,0,10,60,12,rotation,0.012245505317166656,controller_native_action
act-libero_spatial-task00-state10,ACT,libero_spatial,0,10,60,12,gripper,0.18026159459125823,controller_native_action
act-libero_spatial-task00-state10,ACT,libero_spatial,0,10,60,12,arm_original,0.0512823453984269,controller_native_action
act-libero_spatial-task00-state10,ACT,libero_spatial,0,10,60,13,translation,0.07601186383866285,controller_native_action
act-libero_spatial-task00-state10,ACT,libero_spatial,0,10,60,13,rotation,0.012923918192021683,controller_native_action
act-libero_spatial-task00-state10,ACT,libero_spatial,0,10,60,13,gripper,0.16516225255644734,controller_native_action
act-libero_spatial-task00-state10,ACT,libero_spatial,0,10,60,13,arm_original,0.05451986383723591,controller_native_action
act-libero_spatial-task00-state10,ACT,libero_spatial,0,10,60,14,translation,0.08760487412142129,controller_native_action
act-libero_spatial-task00-state10,ACT,libero_spatial,0,10,60,14,rotation,0.01391325783969349,controller_native_action
act-libero_spatial-task00-state10,ACT,libero_spatial,0,10,60,14,gripper,0.22334868097358804,controller_native_action
act-libero_spatial-task00-state10,ACT,libero_spatial,0,10,60,14,arm_original,0.06272237524816746,controller_native_action
act-libero_spatial-task00-state10,ACT,libero_spatial,0,10,60,15,translation,0.0940538518319111,controller_native_action
act-libero_spatial-task00-state10,ACT,libero_spatial,0,10,60,15,rotation,0.014412848038001294,controller_native_action
act-libero_spatial-task00-state10,ACT,libero_spatial,0,10,60,15,gripper,0.18050108837294546,controller_native_action
act-libero_spatial-task00-state10,ACT,libero_spatial,0,10,60,15,arm_original,0.06728245400171431,controller_native_action
act-libero_spatial-task00-state11,ACT,libero_spatial,0,11,265,0,translation,0.0,controller_native_action
act-libero_spatial-task00-state11,ACT,libero_spatial,0,11,265,0,rotation,0.0,controller_native_action
act-libero_spatial-task00-state11,ACT,libero_spatial,0,11,265,0,gripper,0.0,controller_native_action
act-libero_spatial-task00-state11,ACT,libero_spatial,0,11,265,0,arm_original,0.0,controller_native_action
act-libero_spatial-task00-state11,ACT,libero_spatial,0,11,265,1,translation,0.05111264033876391,controller_native_action
act-libero_spatial-task00-state11,ACT,libero_spatial,0,11,265,1,rotation,0.009729149359400968,controller_native_action
act-libero_spatial-task00-state11,ACT,libero_spatial,0,11,265,1,gripper,0.13696509968370266,controller_native_action
act-libero_spatial-task00-state11,ACT,libero_spatial,0,11,265,1,arm_original,0.03679102030154483,controller_native_action
act-libero_spatial-task00-state11,ACT,libero_spatial,0,11,265,2,translation,0.08890432961577344,controller_native_action
act-libero_spatial-task00-state11,ACT,libero_spatial,0,11,265,2,rotation,0.017637983245715055,controller_native_action
act-libero_spatial-task00-state11,ACT,libero_spatial,0,11,265,2,gripper,0.20417345047153732,controller_native_action
act-libero_spatial-task00-state11,ACT,libero_spatial,0,11,265,2,arm_original,0.06409008611870566,controller_native_action
act-libero_spatial-task00-state11,ACT,libero_spatial,0,11,265,3,translation,0.12164943179976084,controller_native_action
act-libero_spatial-task00-state11,ACT,libero_spatial,0,11,265,3,rotation,0.025622169551432823,controller_native_action
act-libero_spatial-task00-state11,ACT,libero_spatial,0,11,265,3,gripper,0.2829644863989218,controller_native_action
act-libero_spatial-task00-state11,ACT,libero_spatial,0,11,265,3,arm_original,0.08790642703957156,controller_native_action
act-libero_spatial-task00-state11,ACT,libero_spatial,0,11,265,4,translation,0.14496730673959565,controller_native_action
act-libero_spatial-task00-state11,ACT,libero_spatial,0,11,265,4,rotation,0.033452544055043,controller_native_action
act-libero_spatial-task00-state11,ACT,libero_spatial,0,11,265,4,gripper,0.34776625151469487,controller_native_action
act-libero_spatial-task00-state11,ACT,libero_spatial,0,11,265,4,arm_original,0.10520121845084923,controller_native_action
act-libero_spatial-task00-state11,ACT,libero_spatial,0,11,265,5,translation,0.17595920526344058,controller_native_action
act-libero_spatial-task00-state11,ACT,libero_spatial,0,11,265,5,rotation,0.043308583905557564,controller_native_action
act-libero_spatial-task00-state11,ACT,libero_spatial,0,11,265,5,gripper,0.39821981090952513,controller_native_action
act-libero_spatial-task00-state11,ACT,libero_spatial,0,11,265,5,arm_original,0.12813523199504173,controller_native_action
act-libero_spatial-task00-state11,ACT,libero_spatial,0,11,265,6,translation,0.20068768572559328,controller_native_action
act-libero_spatial-task00-state11,ACT,libero_spatial,0,11,265,6,rotation,0.05131675117453678,controller_native_action
act-libero_spatial-task00-state11,ACT,libero_spatial,0,11,265,6,gripper,0.47972834113121954,controller_native_action
act-libero_spatial-task00-state11,ACT,libero_spatial,0,11,265,6,arm_original,0.1464734722620513,controller_native_action
act-libero_spatial-task00-state11,ACT,libero_spatial,0,11,265,7,translation,0.2070562579742501,controller_native_action
act-libero_spatial-task00-state11,ACT,libero_spatial,0,11,265,7,rotation,0.0555020454652591,controller_native_action
act-libero_spatial-task00-state11,ACT,libero_spatial,0,11,265,7,gripper,0.5166696419766015,controller_native_action
act-libero_spatial-task00-state11,ACT,libero_spatial,0,11,265,7,arm_original,0.15157963421437406,controller_native_action
act-libero_spatial-task00-state11,ACT,libero_spatial,0,11,265,8,translation,0.22062101428399591,controller_native_action
act-libero_spatial-task00-state11,ACT,libero_spatial,0,11,265,8,rotation,0.06110338679307411,controller_native_action
act-libero_spatial-task00-state11,ACT,libero_spatial,0,11,265,8,gripper,0.5471240025992298,controller_native_action
act-libero_spatial-task00-state11,ACT,libero_spatial,0,11,265,8,arm_original,0.16187534682786497,controller_native_action
act-libero_spatial-task00-state11,ACT,libero_spatial,0,11,265,9,translation,0.24813096995806302,controller_native_action
act-libero_spatial-task00-state11,ACT,libero_spatial,0,11,265,9,rotation,0.0660080254260645,controller_native_action
act-libero_spatial-task00-state11,ACT,libero_spatial,0,11,265,9,gripper,0.6246027063340983,controller_native_action
act-libero_spatial-task00-state11,ACT,libero_spatial,0,11,265,9,arm_original,0.18155720541054982,controller_native_action
act-libero_spatial-task00-state11,ACT,libero_spatial,0,11,265,10,translation,0.2561193242078472,controller_native_action
act-libero_spatial-task00-state11,ACT,libero_spatial,0,11,265,10,rotation,0.07067094798455582,controller_native_action
act-libero_spatial-task00-state11,ACT,libero_spatial,0,11,265,10,gripper,0.640599835341441,controller_native_action
act-libero_spatial-task00-state11,ACT,libero_spatial,0,11,265,10,arm_original,0.18787161989204243,controller_native_action
act-libero_spatial-task00-state11,ACT,libero_spatial,0,11,265,11,translation,0.2683030793066478,controller_native_action
act-libero_spatial-task00-state11,ACT,libero_spatial,0,11,265,11,rotation,0.07376480134276073,controller_native_action
act-libero_spatial-task00-state11,ACT,libero_spatial,0,11,265,11,gripper,0.669543696916751,controller_native_action
act-libero_spatial-task00-state11,ACT,libero_spatial,0,11,265,11,arm_original,0.19675846650470505,controller_native_action
act-libero_spatial-task00-state11,ACT,libero_spatial,0,11,265,12,translation,0.2881283481937722,controller_native_action
act-libero_spatial-task00-state11,ACT,libero_spatial,0,11,265,12,rotation,0.07840716744615166,controller_native_action
act-libero_spatial-task00-state11,ACT,libero_spatial,0,11,265,12,gripper,0.6306544013607224,controller_native_action
act-libero_spatial-task00-state11,ACT,libero_spatial,0,11,265,12,arm_original,0.2111464289773811,controller_native_action
act-libero_spatial-task00-state11,ACT,libero_spatial,0,11,265,13,translation,0.29942211160581295,controller_native_action
act-libero_spatial-task00-state11,ACT,libero_spatial,0,11,265,13,rotation,0.0805063930172484,controller_native_action
act-libero_spatial-task00-state11,ACT,libero_spatial,0,11,265,13,gripper,0.6253146616912281,controller_native_action
act-libero_spatial-task00-state11,ACT,libero_spatial,0,11,265,13,arm_original,0.21924287928588648,controller_native_action
act-libero_spatial-task00-state11,ACT,libero_spatial,0,11,265,14,translation,0.3064619256121888,controller_native_action
act-libero_spatial-task00-state11,ACT,libero_spatial,0,11,265,14,rotation,0.08153167662185457,controller_native_action
act-libero_spatial-task00-state11,ACT,libero_spatial,0,11,265,14,gripper,0.6142642870043841,controller_native_action
act-libero_spatial-task00-state11,ACT,libero_spatial,0,11,265,14,arm_original,0.2242390757012495,controller_native_action
act-libero_spatial-task00-state11,ACT,libero_spatial,0,11,265,15,translation,0.3006250982414293,controller_native_action
act-libero_spatial-task00-state11,ACT,libero_spatial,0,11,265,15,rotation,0.07790144490351726,controller_native_action
act-libero_spatial-task00-state11,ACT,libero_spatial,0,11,265,15,gripper,0.5945454751960958,controller_native_action
act-libero_spatial-task00-state11,ACT,libero_spatial,0,11,265,15,arm_original,0.21959517846565388,controller_native_action
act-libero_spatial-task00-state12,ACT,libero_spatial,0,12,57,0,translation,0.0,controller_native_action
act-libero_spatial-task00-state12,ACT,libero_spatial,0,12,57,0,rotation,0.0,controller_native_action
act-libero_spatial-task00-state12,ACT,libero_spatial,0,12,57,0,gripper,0.0,controller_native_action
act-libero_spatial-task00-state12,ACT,libero_spatial,0,12,57,0,arm_original,0.0,controller_native_action
act-libero_spatial-task00-state12,ACT,libero_spatial,0,12,57,1,translation,0.01804025905561695,controller_native_action
act-libero_spatial-task00-state12,ACT,libero_spatial,0,12,57,1,rotation,0.0027693297290900566,controller_native_action
act-libero_spatial-task00-state12,ACT,libero_spatial,0,12,57,1,gripper,0.0367378888976854,controller_native_action
act-libero_spatial-task00-state12,ACT,libero_spatial,0,12,57,1,arm_original,0.012905815238530873,controller_native_action
act-libero_spatial-task00-state12,ACT,libero_spatial,0,12,57,2,translation,0.03426678180737034,controller_native_action
act-libero_spatial-task00-state12,ACT,libero_spatial,0,12,57,2,rotation,0.004798817063010951,controller_native_action
act-libero_spatial-task00-state12,ACT,libero_spatial,0,12,57,2,gripper,0.09451027727730821,controller_native_action
act-libero_spatial-task00-state12,ACT,libero_spatial,0,12,57,2,arm_original,0.024466722100009348,controller_native_action
act-libero_spatial-task00-state12,ACT,libero_spatial,0,12,57,3,translation,0.043916287542866514,controller_native_action
act-libero_spatial-task00-state12,ACT,libero_spatial,0,12,57,3,rotation,0.006591626052811445,controller_native_action
act-libero_spatial-task00-state12,ACT,libero_spatial,0,12,57,3,gripper,0.07110326660406618,controller_native_action
act-libero_spatial-task00-state12,ACT,libero_spatial,0,12,57,3,arm_original,0.031401352244511974,controller_native_action
act-libero_spatial-task00-state12,ACT,libero_spatial,0,12,57,4,translation,0.049334077365848605,controller_native_action
act-libero_spatial-task00-state12,ACT,libero_spatial,0,12,57,4,rotation,0.007746281404495003,controller_native_action
act-libero_spatial-task00-state12,ACT,libero_spatial,0,12,57,4,gripper,0.07726819067754846,controller_native_action
act-libero_spatial-task00-state12,ACT,libero_spatial,0,12,57,4,arm_original,0.035311868154610286,controller_native_action
act-libero_spatial-task00-state12,ACT,libero_spatial,0,12,57,5,translation,0.055725165821653246,controller_native_action
act-libero_spatial-task00-state12,ACT,libero_spatial,0,12,57,5,rotation,0.008698256739130281,controller_native_action
act-libero_spatial-task00-state12,ACT,libero_spatial,0,12,57,5,gripper,0.1054511401210879,controller_native_action
act-libero_spatial-task00-state12,ACT,libero_spatial,0,12,57,5,arm_original,0.039880783443599604,controller_native_action
act-libero_spatial-task00-state12,ACT,libero_spatial,0,12,57,6,translation,0.05998022891184679,controller_native_action
act-libero_spatial-task00-state12,ACT,libero_spatial,0,12,57,6,rotation,0.009327261253094417,controller_native_action
act-libero_spatial-task00-state12,ACT,libero_spatial,0,12,57,6,gripper,0.1059285902409382,controller_native_action
act-libero_spatial-task00-state12,ACT,libero_spatial,0,12,57,6,arm_original,0.042922171792682026,controller_native_action
act-libero_spatial-task00-state12,ACT,libero_spatial,0,12,57,7,translation,0.06537084114485539,controller_native_action
act-libero_spatial-task00-state12,ACT,libero_spatial,0,12,57,7,rotation,0.010134697673169315,controller_native_action
act-libero_spatial-task00-state12,ACT,libero_spatial,0,12,57,7,gripper,0.09997737055673121,controller_native_action
act-libero_spatial-task00-state12,ACT,libero_spatial,0,12,57,7,arm_original,0.046776377419122904,controller_native_action
act-libero_spatial-task00-state12,ACT,libero_spatial,0,12,57,8,translation,0.062078667376317585,controller_native_action
act-libero_spatial-task00-state12,ACT,libero_spatial,0,12,57,8,rotation,0.00964342140243412,controller_native_action
act-libero_spatial-task00-state12,ACT,libero_spatial,0,12,57,8,gripper,0.10878961063295937,controller_native_action
act-libero_spatial-task00-state12,ACT,libero_spatial,0,12,57,8,arm_original,0.04442272233645977,controller_native_action
act-libero_spatial-task00-state12,ACT,libero_spatial,0,12,57,9,translation,0.06445809303474115,controller_native_action
act-libero_spatial-task00-state12,ACT,libero_spatial,0,12,57,9,rotation,0.009921184835045282,controller_native_action
act-libero_spatial-task00-state12,ACT,libero_spatial,0,12,57,9,gripper,0.14637784137342794,controller_native_action
act-libero_spatial-task00-state12,ACT,libero_spatial,0,12,57,9,arm_original,0.04611548365899722,controller_native_action
act-libero_spatial-task00-state12,ACT,libero_spatial,0,12,57,10,translation,0.06851861576917603,controller_native_action
act-libero_spatial-task00-state12,ACT,libero_spatial,0,12,57,10,rotation,0.01023293277036537,controller_native_action
act-libero_spatial-task00-state12,ACT,libero_spatial,0,12,57,10,gripper,0.16124096779394426,controller_native_action
act-libero_spatial-task00-state12,ACT,libero_spatial,0,12,57,10,arm_original,0.04898731274527516,controller_native_action
act-libero_spatial-task00-state12,ACT,libero_spatial,0,12,57,11,translation,0.07559079240407422,controller_native_action
act-libero_spatial-task00-state12,ACT,libero_spatial,0,12,57,11,rotation,0.010943433266670412,controller_native_action
act-libero_spatial-task00-state12,ACT,libero_spatial,0,12,57,11,gripper,0.16979081498311469,controller_native_action
act-libero_spatial-task00-state12,ACT,libero_spatial,0,12,57,11,arm_original,0.05400799305629637,controller_native_action
act-libero_spatial-task00-state12,ACT,libero_spatial,0,12,57,12,translation,0.08231177303057134,controller_native_action
act-libero_spatial-task00-state12,ACT,libero_spatial,0,12,57,12,rotation,0.011881948966457164,controller_native_action
act-libero_spatial-task00-state12,ACT,libero_spatial,0,12,57,12,gripper,0.13790940849631755,controller_native_action
act-libero_spatial-task00-state12,ACT,libero_spatial,0,12,57,12,arm_original,0.05880649917601704,controller_native_action
act-libero_spatial-task00-state12,ACT,libero_spatial,0,12,57,13,translation,0.08370882847635075,controller_native_action
act-libero_spatial-task00-state12,ACT,libero_spatial,0,12,57,13,rotation,0.012100748933633465,controller_native_action
act-libero_spatial-task00-state12,ACT,libero_spatial,0,12,57,13,gripper,0.10840448085882338,controller_native_action
act-libero_spatial-task00-state12,ACT,libero_spatial,0,12,57,13,arm_original,0.05980633783152895,controller_native_action
act-libero_spatial-task00-state12,ACT,libero_spatial,0,12,57,14,translation,0.08802908040530863,controller_native_action
act-libero_spatial-task00-state12,ACT,libero_spatial,0,12,57,14,rotation,0.012844765689861233,controller_native_action
act-libero_spatial-task00-state12,ACT,libero_spatial,0,12,57,14,gripper,0.08734689399002449,controller_native_action
act-libero_spatial-task00-state12,ACT,libero_spatial,0,12,57,14,arm_original,0.06290511506480108,controller_native_action
act-libero_spatial-task00-state12,ACT,libero_spatial,0,12,57,15,translation,0.09547731261187382,controller_native_action
act-libero_spatial-task00-state12,ACT,libero_spatial,0,12,57,15,rotation,0.014181604242522577,controller_native_action
act-libero_spatial-task00-state12,ACT,libero_spatial,0,12,57,15,gripper,0.07703290525550711,controller_native_action
act-libero_spatial-task00-state12,ACT,libero_spatial,0,12,57,15,arm_original,0.06825333370054906,controller_native_action
act-libero_spatial-task00-state13,ACT,libero_spatial,0,13,63,0,translation,0.0,controller_native_action
act-libero_spatial-task00-state13,ACT,libero_spatial,0,13,63,0,rotation,0.0,controller_native_action
act-libero_spatial-task00-state13,ACT,libero_spatial,0,13,63,0,gripper,0.0,controller_native_action
act-libero_spatial-task00-state13,ACT,libero_spatial,0,13,63,0,arm_original,0.0,controller_native_action
act-libero_spatial-task00-state13,ACT,libero_spatial,0,13,63,1,translation,0.018047358923086922,controller_native_action
act-libero_spatial-task00-state13,ACT,libero_spatial,0,13,63,1,rotation,0.002993133259770183,controller_native_action
act-libero_spatial-task00-state13,ACT,libero_spatial,0,13,63,1,gripper,0.042292927623828094,controller_native_action
act-libero_spatial-task00-state13,ACT,libero_spatial,0,13,63,1,arm_original,0.012935725932653868,controller_native_action
act-libero_spatial-task00-state13,ACT,libero_spatial,0,13,63,2,translation,0.028549015262516332,controller_native_action
act-libero_spatial-task00-state13,ACT,libero_spatial,0,13,63,2,rotation,0.004603708600970505,controller_native_action
act-libero_spatial-task00-state13,ACT,libero_spatial,0,13,63,2,gripper,0.0324835032175203,controller_native_action
act-libero_spatial-task00-state13,ACT,libero_spatial,0,13,63,2,arm_original,0.020447987741365168,controller_native_action
act-libero_spatial-task00-state13,ACT,libero_spatial,0,13,63,3,translation,0.040778941702692306,controller_native_action
act-libero_spatial-task00-state13,ACT,libero_spatial,0,13,63,3,rotation,0.006314156077015398,controller_native_action
act-libero_spatial-task00-state13,ACT,libero_spatial,0,13,63,3,gripper,0.05244426419029312,controller_native_action
act-libero_spatial-task00-state13,ACT,libero_spatial,0,13,63,3,arm_original,0.02917867931689582,controller_native_action
act-libero_spatial-task00-state13,ACT,libero_spatial,0,13,63,4,translation,0.044789896898570936,controller_native_action
act-libero_spatial-task00-state13,ACT,libero_spatial,0,13,63,4,rotation,0.007424157702706075,controller_native_action
act-libero_spatial-task00-state13,ACT,libero_spatial,0,13,63,4,gripper,0.05015406588993416,controller_native_action
act-libero_spatial-task00-state13,ACT,libero_spatial,0,13,63,4,arm_original,0.03210337195513319,controller_native_action
act-libero_spatial-task00-state13,ACT,libero_spatial,0,13,63,5,translation,0.04697300179940461,controller_native_action
act-libero_spatial-task00-state13,ACT,libero_spatial,0,13,63,5,rotation,0.008712119639992145,controller_native_action
act-libero_spatial-task00-state13,ACT,libero_spatial,0,13,63,5,gripper,0.05243718345327092,controller_native_action
act-libero_spatial-task00-state13,ACT,libero_spatial,0,13,63,5,arm_original,0.03378138486406682,controller_native_action
act-libero_spatial-task00-state13,ACT,libero_spatial,0,13,63,6,translation,0.04956352722907687,controller_native_action
act-libero_spatial-task00-state13,ACT,libero_spatial,0,13,63,6,rotation,0.010072042380274747,controller_native_action
act-libero_spatial-task00-state13,ACT,libero_spatial,0,13,63,6,gripper,0.05462415953793753,controller_native_action
act-libero_spatial-task00-state13,ACT,libero_spatial,0,13,63,6,arm_original,0.03576303447064787,controller_native_action
act-libero_spatial-task00-state13,ACT,libero_spatial,0,13,63,7,translation,0.05070716216758962,controller_native_action
act-libero_spatial-task00-state13,ACT,libero_spatial,0,13,63,7,rotation,0.01132324312448726,controller_native_action
act-libero_spatial-task00-state13,ACT,libero_spatial,0,13,63,7,gripper,0.0903649953724817,controller_native_action
act-libero_spatial-task00-state13,ACT,libero_spatial,0,13,63,7,arm_original,0.036738482072252804,controller_native_action
act-libero_spatial-task00-state13,ACT,libero_spatial,0,13,63,8,translation,0.047724787344138916,controller_native_action
act-libero_spatial-task00-state13,ACT,libero_spatial,0,13,63,8,rotation,0.01149785579005039,controller_native_action
act-libero_spatial-task00-state13,ACT,libero_spatial,0,13,63,8,gripper,0.13026640805468745,controller_native_action
act-libero_spatial-task00-state13,ACT,libero_spatial,0,13,63,8,arm_original,0.034712072934442256,controller_native_action
act-libero_spatial-task00-state13,ACT,libero_spatial,0,13,63,9,translation,0.04799659889015775,controller_native_action
act-libero_spatial-task00-state13,ACT,libero_spatial,0,13,63,9,rotation,0.011453020657350545,controller_native_action
act-libero_spatial-task00-state13,ACT,libero_spatial,0,13,63,9,gripper,0.1483867458929514,controller_native_action
act-libero_spatial-task00-state13,ACT,libero_spatial,0,13,63,9,arm_original,0.03489158342065025,controller_native_action
act-libero_spatial-task00-state13,ACT,libero_spatial,0,13,63,10,translation,0.05285519481230109,controller_native_action
act-libero_spatial-task00-state13,ACT,libero_spatial,0,13,63,10,rotation,0.011193782750364586,controller_native_action
act-libero_spatial-task00-state13,ACT,libero_spatial,0,13,63,10,gripper,0.16405579111699495,controller_native_action
act-libero_spatial-task00-state13,ACT,libero_spatial,0,13,63,10,arm_original,0.03820322231768323,controller_native_action
act-libero_spatial-task00-state13,ACT,libero_spatial,0,13,63,11,translation,0.06050916354879325,controller_native_action
act-libero_spatial-task00-state13,ACT,libero_spatial,0,13,63,11,rotation,0.011012402573865175,controller_native_action
act-libero_spatial-task00-state13,ACT,libero_spatial,0,13,63,11,gripper,0.23744560991593938,controller_native_action
act-libero_spatial-task00-state13,ACT,libero_spatial,0,13,63,11,arm_original,0.04348926237488676,controller_native_action
act-libero_spatial-task00-state13,ACT,libero_spatial,0,13,63,12,translation,0.06617732154321002,controller_native_action
act-libero_spatial-task00-state13,ACT,libero_spatial,0,13,63,12,rotation,0.01072009338197518,controller_native_action
act-libero_spatial-task00-state13,ACT,libero_spatial,0,13,63,12,gripper,0.2613393220592221,controller_native_action
act-libero_spatial-task00-state13,ACT,libero_spatial,0,13,63,12,arm_original,0.047404421147988283,controller_native_action
act-libero_spatial-task00-state13,ACT,libero_spatial,0,13,63,13,translation,0.07757168568637018,controller_native_action
act-libero_spatial-task00-state13,ACT,libero_spatial,0,13,63,13,rotation,0.01120736159740254,controller_native_action
act-libero_spatial-task00-state13,ACT,libero_spatial,0,13,63,13,gripper,0.3035334741286291,controller_native_action
act-libero_spatial-task00-state13,ACT,libero_spatial,0,13,63,13,arm_original,0.055420985980943825,controller_native_action
act-libero_spatial-task00-state13,ACT,libero_spatial,0,13,63,14,translation,0.07596915315141377,controller_native_action
act-libero_spatial-task00-state13,ACT,libero_spatial,0,13,63,14,rotation,0.010836122706078782,controller_native_action
act-libero_spatial-task00-state13,ACT,libero_spatial,0,13,63,14,gripper,0.27602573407745484,controller_native_action
act-libero_spatial-task00-state13,ACT,libero_spatial,0,13,63,14,arm_original,0.054262020722804616,controller_native_action
act-libero_spatial-task00-state13,ACT,libero_spatial,0,13,63,15,translation,0.086191757583616,controller_native_action
act-libero_spatial-task00-state13,ACT,libero_spatial,0,13,63,15,rotation,0.011593591275589624,controller_native_action
act-libero_spatial-task00-state13,ACT,libero_spatial,0,13,63,15,gripper,0.30540778856277845,controller_native_action
act-libero_spatial-task00-state13,ACT,libero_spatial,0,13,63,15,arm_original,0.06149565201710708,controller_native_action
act-libero_spatial-task00-state14,ACT,libero_spatial,0,14,67,0,translation,0.0,controller_native_action
act-libero_spatial-task00-state14,ACT,libero_spatial,0,14,67,0,rotation,0.0,controller_native_action
act-libero_spatial-task00-state14,ACT,libero_spatial,0,14,67,0,gripper,0.0,controller_native_action
act-libero_spatial-task00-state14,ACT,libero_spatial,0,14,67,0,arm_original,0.0,controller_native_action
act-libero_spatial-task00-state14,ACT,libero_spatial,0,14,67,1,translation,0.025856430716831285,controller_native_action
act-libero_spatial-task00-state14,ACT,libero_spatial,0,14,67,1,rotation,0.0039532368967816,controller_native_action
act-libero_spatial-task00-state14,ACT,libero_spatial,0,14,67,1,gripper,0.07169783895440947,controller_native_action
act-libero_spatial-task00-state14,ACT,libero_spatial,0,14,67,1,arm_original,0.0184957169552355,controller_native_action
act-libero_spatial-task00-state14,ACT,libero_spatial,0,14,67,2,translation,0.04910974852990622,controller_native_action
act-libero_spatial-task00-state14,ACT,libero_spatial,0,14,67,2,rotation,0.007711231581624716,controller_native_action
act-libero_spatial-task00-state14,ACT,libero_spatial,0,14,67,2,gripper,0.04045197438870741,controller_native_action
act-libero_spatial-task00-state14,ACT,libero_spatial,0,14,67,2,arm_original,0.035151319272369225,controller_native_action
act-libero_spatial-task00-state14,ACT,libero_spatial,0,14,67,3,translation,0.07260388774691,controller_native_action
act-libero_spatial-task00-state14,ACT,libero_spatial,0,14,67,3,rotation,0.010635438901732866,controller_native_action
act-libero_spatial-task00-state14,ACT,libero_spatial,0,14,67,3,gripper,0.13783181623811872,controller_native_action
act-libero_spatial-task00-state14,ACT,libero_spatial,0,14,67,3,arm_original,0.0518865930496424,controller_native_action
act-libero_spatial-task00-state14,ACT,libero_spatial,0,14,67,4,translation,0.1004642622641666,controller_native_action
act-libero_spatial-task00-state14,ACT,libero_spatial,0,14,67,4,rotation,0.014551330618372826,controller_native_action
act-libero_spatial-task00-state14,ACT,libero_spatial,0,14,67,4,gripper,0.10102404638264965,controller_native_action
act-libero_spatial-task00-state14,ACT,libero_spatial,0,14,67,4,arm_original,0.07178025221134447,controller_native_action
act-libero_spatial-task00-state14,ACT,libero_spatial,0,14,67,5,translation,0.1185458075395794,controller_native_action
act-libero_spatial-task00-state14,ACT,libero_spatial,0,14,67,5,rotation,0.016930976721011706,controller_native_action
act-libero_spatial-task00-state14,ACT,libero_spatial,0,14,67,5,gripper,0.0708051474290718,controller_native_action
act-libero_spatial-task00-state14,ACT,libero_spatial,0,14,67,5,arm_original,0.08467516299936612,controller_native_action
act-libero_spatial-task00-state14,ACT,libero_spatial,0,14,67,6,translation,0.14262886312590434,controller_native_action
act-libero_spatial-task00-state14,ACT,libero_spatial,0,14,67,6,rotation,0.020243379948535766,controller_native_action
act-libero_spatial-task00-state14,ACT,libero_spatial,0,14,67,6,gripper,0.0848599286768283,controller_native_action
act-libero_spatial-task00-state14,ACT,libero_spatial,0,14,67,6,arm_original,0.10186458419963422,controller_native_action
act-libero_spatial-task00-state14,ACT,libero_spatial,0,14,67,7,translation,0.14443099254516384,controller_native_action
act-libero_spatial-task00-state14,ACT,libero_spatial,0,14,67,7,rotation,0.021036356456884304,controller_native_action
act-libero_spatial-task00-state14,ACT,libero_spatial,0,14,67,7,gripper,0.08864965528372429,controller_native_action
act-libero_spatial-task00-state14,ACT,libero_spatial,0,14,67,7,arm_original,0.10320571665504356,controller_native_action
act-libero_spatial-task00-state14,ACT,libero_spatial,0,14,67,8,translation,0.15348588138605435,controller_native_action
act-libero_spatial-task00-state14,ACT,libero_spatial,0,14,67,8,rotation,0.02316346768074163,controller_native_action
act-libero_spatial-task00-state14,ACT,libero_spatial,0,14,67,8,gripper,0.049234100140962314,controller_native_action
act-libero_spatial-task00-state14,ACT,libero_spatial,0,14,67,8,arm_original,0.10975987887167767,controller_native_action
act-libero_spatial-task00-state14,ACT,libero_spatial,0,14,67,9,translation,0.1624092925118783,controller_native_action
act-libero_spatial-task00-state14,ACT,libero_spatial,0,14,67,9,rotation,0.024649393179416494,controller_native_action
act-libero_spatial-task00-state14,ACT,libero_spatial,0,14,67,9,gripper,0.06276584786477125,controller_native_action
act-libero_spatial-task00-state14,ACT,libero_spatial,0,14,67,9,arm_original,0.11615586700275261,controller_native_action
act-libero_spatial-task00-state14,ACT,libero_spatial,0,14,67,10,translation,0.16665545485259683,controller_native_action
act-libero_spatial-task00-state14,ACT,libero_spatial,0,14,67,10,rotation,0.025362154255629876,controller_native_action
act-libero_spatial-task00-state14,ACT,libero_spatial,0,14,67,10,gripper,0.05994053871928898,controller_native_action
act-libero_spatial-task00-state14,ACT,libero_spatial,0,14,67,10,arm_original,0.11919999895262648,controller_native_action
act-libero_spatial-task00-state14,ACT,libero_spatial,0,14,67,11,translation,0.17577099927473383,controller_native_action
act-libero_spatial-task00-state14,ACT,libero_spatial,0,14,67,11,rotation,0.026503282834340995,controller_native_action
act-libero_spatial-task00-state14,ACT,libero_spatial,0,14,67,11,gripper,0.038008525494033975,controller_native_action
act-libero_spatial-task00-state14,ACT,libero_spatial,0,14,67,11,arm_original,0.12569381087992273,controller_native_action
act-libero_spatial-task00-state14,ACT,libero_spatial,0,14,67,12,translation,0.1795458124261638,controller_native_action
act-libero_spatial-task00-state14,ACT,libero_spatial,0,14,67,12,rotation,0.027650685468912965,controller_native_action
act-libero_spatial-task00-state14,ACT,libero_spatial,0,14,67,12,gripper,0.060237305818240154,controller_native_action
act-libero_spatial-task00-state14,ACT,libero_spatial,0,14,67,12,arm_original,0.12845477641308622,controller_native_action
act-libero_spatial-task00-state14,ACT,libero_spatial,0,14,67,13,translation,0.1845852682028058,controller_native_action
act-libero_spatial-task00-state14,ACT,libero_spatial,0,14,67,13,rotation,0.028191335475986113,controller_native_action
act-libero_spatial-task00-state14,ACT,libero_spatial,0,14,67,13,gripper,0.07798722118314011,controller_native_action
act-libero_spatial-task00-state14,ACT,libero_spatial,0,14,67,13,arm_original,0.13203498141292205,controller_native_action
act-libero_spatial-task00-state14,ACT,libero_spatial,0,14,67,14,translation,0.18642055893965298,controller_native_action
act-libero_spatial-task00-state14,ACT,libero_spatial,0,14,67,14,rotation,0.028176621185946923,controller_native_action
act-libero_spatial-task00-state14,ACT,libero_spatial,0,14,67,14,gripper,0.0936514959305779,controller_native_action
act-libero_spatial-task00-state14,ACT,libero_spatial,0,14,67,14,arm_original,0.1333164408031301,controller_native_action
act-libero_spatial-task00-state14,ACT,libero_spatial,0,14,67,15,translation,0.189798656853059,controller_native_action
act-libero_spatial-task00-state14,ACT,libero_spatial,0,14,67,15,rotation,0.028414745481733377,controller_native_action
act-libero_spatial-task00-state14,ACT,libero_spatial,0,14,67,15,gripper,0.10497725927266745,controller_native_action
act-libero_spatial-task00-state14,ACT,libero_spatial,0,14,67,15,arm_original,0.13570358857454162,controller_native_action
act-libero_spatial-task00-state15,ACT,libero_spatial,0,15,62,0,translation,0.0,controller_native_action
act-libero_spatial-task00-state15,ACT,libero_spatial,0,15,62,0,rotation,0.0,controller_native_action
act-libero_spatial-task00-state15,ACT,libero_spatial,0,15,62,0,gripper,0.0,controller_native_action
act-libero_spatial-task00-state15,ACT,libero_spatial,0,15,62,0,arm_original,0.0,controller_native_action
act-libero_spatial-task00-state15,ACT,libero_spatial,0,15,62,1,translation,0.031642080428006286,controller_native_action
act-libero_spatial-task00-state15,ACT,libero_spatial,0,15,62,1,rotation,0.005619991623321049,controller_native_action
act-libero_spatial-task00-state15,ACT,libero_spatial,0,15,62,1,gripper,0.024677023298152474,controller_native_action
act-libero_spatial-task00-state15,ACT,libero_spatial,0,15,62,1,arm_original,0.022724497350421386,controller_native_action
act-libero_spatial-task00-state15,ACT,libero_spatial,0,15,62,2,translation,0.05233474548031394,controller_native_action
act-libero_spatial-task00-state15,ACT,libero_spatial,0,15,62,2,rotation,0.009304649327206305,controller_native_action
act-libero_spatial-task00-state15,ACT,libero_spatial,0,15,62,2,gripper,0.047840970066373764,controller_native_action
act-libero_spatial-task00-state15,ACT,libero_spatial,0,15,62,2,arm_original,0.037586580607921236,controller_native_action
act-libero_spatial-task00-state15,ACT,libero_spatial,0,15,62,3,translation,0.0726032018145401,controller_native_action
act-libero_spatial-task00-state15,ACT,libero_spatial,0,15,62,3,rotation,0.011871146066229375,controller_native_action
act-libero_spatial-task00-state15,ACT,libero_spatial,0,15,62,3,gripper,0.10940341112798484,controller_native_action
act-libero_spatial-task00-state15,ACT,libero_spatial,0,15,62,3,arm_original,0.05201994339985671,controller_native_action
act-libero_spatial-task00-state15,ACT,libero_spatial,0,15,62,4,translation,0.08652657205495615,controller_native_action
act-libero_spatial-task00-state15,ACT,libero_spatial,0,15,62,4,rotation,0.014338587177602842,controller_native_action
act-libero_spatial-task00-state15,ACT,libero_spatial,0,15,62,4,gripper,0.08308156546541724,controller_native_action
act-libero_spatial-task00-state15,ACT,libero_spatial,0,15,62,4,arm_original,0.06201791174262172,controller_native_action
act-libero_spatial-task00-state15,ACT,libero_spatial,0,15,62,5,translation,0.09916399434454744,controller_native_action
act-libero_spatial-task00-state15,ACT,libero_spatial,0,15,62,5,rotation,0.015525999007655876,controller_native_action
act-libero_spatial-task00-state15,ACT,libero_spatial,0,15,62,5,gripper,0.0860957927270966,controller_native_action
act-libero_spatial-task00-state15,ACT,libero_spatial,0,15,62,5,arm_original,0.07097377832534763,controller_native_action
act-libero_spatial-task00-state15,ACT,libero_spatial,0,15,62,6,translation,0.10977712928160836,controller_native_action
act-libero_spatial-task00-state15,ACT,libero_spatial,0,15,62,6,rotation,0.01777661526346097,controller_native_action
act-libero_spatial-task00-state15,ACT,libero_spatial,0,15,62,6,gripper,0.08298664793030866,controller_native_action
act-libero_spatial-task00-state15,ACT,libero_spatial,0,15,62,6,arm_original,0.07863531701321,controller_native_action
act-libero_spatial-task00-state15,ACT,libero_spatial,0,15,62,7,translation,0.12020586758334989,controller_native_action
act-libero_spatial-task00-state15,ACT,libero_spatial,0,15,62,7,rotation,0.01909818728098575,controller_native_action
act-libero_spatial-task00-state15,ACT,libero_spatial,0,15,62,7,gripper,0.0880738709883902,controller_native_action
act-libero_spatial-task00-state15,ACT,libero_spatial,0,15,62,7,arm_original,0.08606448558751005,controller_native_action
act-libero_spatial-task00-state15,ACT,libero_spatial,0,15,62,8,translation,0.12726585797678075,controller_native_action
act-libero_spatial-task00-state15,ACT,libero_spatial,0,15,62,8,rotation,0.019988372755239035,controller_native_action
act-libero_spatial-task00-state15,ACT,libero_spatial,0,15,62,8,gripper,0.06134970085121562,controller_native_action
act-libero_spatial-task00-state15,ACT,libero_spatial,0,15,62,8,arm_original,0.09109372550282624,controller_native_action
act-libero_spatial-task00-state15,ACT,libero_spatial,0,15,62,9,translation,0.1408361114043001,controller_native_action
act-libero_spatial-task00-state15,ACT,libero_spatial,0,15,62,9,rotation,0.02110326924580749,controller_native_action
act-libero_spatial-task00-state15,ACT,libero_spatial,0,15,62,9,gripper,0.06253603418490736,controller_native_action
act-libero_spatial-task00-state15,ACT,libero_spatial,0,15,62,9,arm_original,0.10069795988088705,controller_native_action
act-libero_spatial-task00-state15,ACT,libero_spatial,0,15,62,10,translation,0.14832498695864763,controller_native_action
act-libero_spatial-task00-state15,ACT,libero_spatial,0,15,62,10,rotation,0.021407942812206444,controller_native_action
act-libero_spatial-task00-state15,ACT,libero_spatial,0,15,62,10,gripper,0.05907803191609781,controller_native_action
act-libero_spatial-task00-state15,ACT,libero_spatial,0,15,62,10,arm_original,0.10596839569355972,controller_native_action
act-libero_spatial-task00-state15,ACT,libero_spatial,0,15,62,11,translation,0.1598393950953718,controller_native_action
act-libero_spatial-task00-state15,ACT,libero_spatial,0,15,62,11,rotation,0.022240316283118605,controller_native_action
act-libero_spatial-task00-state15,ACT,libero_spatial,0,15,62,11,gripper,0.038308320810921385,controller_native_action
act-libero_spatial-task00-state15,ACT,libero_spatial,0,15,62,11,arm_original,0.1141123654404454,controller_native_action
act-libero_spatial-task00-state15,ACT,libero_spatial,0,15,62,12,translation,0.1683541192203566,controller_native_action
act-libero_spatial-task00-state15,ACT,libero_spatial,0,15,62,12,rotation,0.02319505882689783,controller_native_action
act-libero_spatial-task00-state15,ACT,libero_spatial,0,15,62,12,gripper,0.053163986899250865,controller_native_action
act-libero_spatial-task00-state15,ACT,libero_spatial,0,15,62,12,arm_original,0.12016888160510876,controller_native_action
act-libero_spatial-task00-state15,ACT,libero_spatial,0,15,62,13,translation,0.17260640219768303,controller_native_action
act-libero_spatial-task00-state15,ACT,libero_spatial,0,15,62,13,rotation,0.02337914297300114,controller_native_action
act-libero_spatial-task00-state15,ACT,libero_spatial,0,15,62,13,gripper,0.06351556653766871,controller_native_action
act-libero_spatial-task00-state15,ACT,libero_spatial,0,15,62,13,arm_original,0.12316564944370718,controller_native_action
act-libero_spatial-task00-state15,ACT,libero_spatial,0,15,62,14,translation,0.18415572150125953,controller_native_action
act-libero_spatial-task00-state15,ACT,libero_spatial,0,15,62,14,rotation,0.023910207234083793,controller_native_action
act-libero_spatial-task00-state15,ACT,libero_spatial,0,15,62,14,gripper,0.06593619631310375,controller_native_action
act-libero_spatial-task00-state15,ACT,libero_spatial,0,15,62,14,arm_original,0.1313107531233187,controller_native_action
act-libero_spatial-task00-state15,ACT,libero_spatial,0,15,62,15,translation,0.1851526546081979,controller_native_action
act-libero_spatial-task00-state15,ACT,libero_spatial,0,15,62,15,rotation,0.02324927965908459,controller_native_action
act-libero_spatial-task00-state15,ACT,libero_spatial,0,15,62,15,gripper,0.13378353160521578,controller_native_action
act-libero_spatial-task00-state15,ACT,libero_spatial,0,15,62,15,arm_original,0.13195081377757575,controller_native_action
act-libero_spatial-task00-state16,ACT,libero_spatial,0,16,265,0,translation,0.0,controller_native_action
act-libero_spatial-task00-state16,ACT,libero_spatial,0,16,265,0,rotation,0.0,controller_native_action
act-libero_spatial-task00-state16,ACT,libero_spatial,0,16,265,0,gripper,0.0,controller_native_action
act-libero_spatial-task00-state16,ACT,libero_spatial,0,16,265,0,arm_original,0.0,controller_native_action
act-libero_spatial-task00-state16,ACT,libero_spatial,0,16,265,1,translation,0.09882920838450199,controller_native_action
act-libero_spatial-task00-state16,ACT,libero_spatial,0,16,265,1,rotation,0.014567619656604358,controller_native_action
act-libero_spatial-task00-state16,ACT,libero_spatial,0,16,265,1,gripper,0.17315620213853591,controller_native_action
act-libero_spatial-task00-state16,ACT,libero_spatial,0,16,265,1,arm_original,0.0706379075722335,controller_native_action
act-libero_spatial-task00-state16,ACT,libero_spatial,0,16,265,2,translation,0.19373238602822163,controller_native_action
act-libero_spatial-task00-state16,ACT,libero_spatial,0,16,265,2,rotation,0.027357349300735377,controller_native_action
act-libero_spatial-task00-state16,ACT,libero_spatial,0,16,265,2,gripper,0.3640857465014979,controller_native_action
act-libero_spatial-task00-state16,ACT,libero_spatial,0,16,265,2,arm_original,0.13834858502520062,controller_native_action
act-libero_spatial-task00-state16,ACT,libero_spatial,0,16,265,3,translation,0.26627677097464486,controller_native_action
act-libero_spatial-task00-state16,ACT,libero_spatial,0,16,265,3,rotation,0.03623679149387414,controller_native_action
act-libero_spatial-task00-state16,ACT,libero_spatial,0,16,265,3,gripper,0.5812820501565443,controller_native_action
act-libero_spatial-task00-state16,ACT,libero_spatial,0,16,265,3,arm_original,0.19002160905861995,controller_native_action
act-libero_spatial-task00-state16,ACT,libero_spatial,0,16,265,4,translation,0.3367511330922065,controller_native_action
act-libero_spatial-task00-state16,ACT,libero_spatial,0,16,265,4,rotation,0.045255809952912875,controller_native_action
act-libero_spatial-task00-state16,ACT,libero_spatial,0,16,265,4,gripper,0.774626644439762,controller_native_action
act-libero_spatial-task00-state16,ACT,libero_spatial,0,16,265,4,arm_original,0.24025966575080712,controller_native_action
act-libero_spatial-task00-state16,ACT,libero_spatial,0,16,265,5,translation,0.40416057729005184,controller_native_action
act-libero_spatial-task00-state16,ACT,libero_spatial,0,16,265,5,rotation,0.05194435619229932,controller_native_action
act-libero_spatial-task00-state16,ACT,libero_spatial,0,16,265,5,gripper,0.8250252900777053,controller_native_action
act-libero_spatial-task00-state16,ACT,libero_spatial,0,16,265,5,arm_original,0.28813537475955675,controller_native_action
act-libero_spatial-task00-state16,ACT,libero_spatial,0,16,265,6,translation,0.4572919548096139,controller_native_action
act-libero_spatial-task00-state16,ACT,libero_spatial,0,16,265,6,rotation,0.05760007962316593,controller_native_action
act-libero_spatial-task00-state16,ACT,libero_spatial,0,16,265,6,gripper,0.8459873430803201,controller_native_action
act-libero_spatial-task00-state16,ACT,libero_spatial,0,16,265,6,arm_original,0.32590926736301395,controller_native_action
act-libero_spatial-task00-state16,ACT,libero_spatial,0,16,265,7,translation,0.5014344113976537,controller_native_action
act-libero_spatial-task00-state16,ACT,libero_spatial,0,16,265,7,rotation,0.06155141000606675,controller_native_action
act-libero_spatial-task00-state16,ACT,libero_spatial,0,16,265,7,gripper,0.8429658024311459,controller_native_action
act-libero_spatial-task00-state16,ACT,libero_spatial,0,16,265,7,arm_original,0.35722894969994123,controller_native_action
act-libero_spatial-task00-state16,ACT,libero_spatial,0,16,265,8,translation,0.538659361417311,controller_native_action
act-libero_spatial-task00-state16,ACT,libero_spatial,0,16,265,8,rotation,0.06431473160480045,controller_native_action
act-libero_spatial-task00-state16,ACT,libero_spatial,0,16,265,8,gripper,0.8226642121444271,controller_native_action
act-libero_spatial-task00-state16,ACT,libero_spatial,0,16,265,8,arm_original,0.3835950288676215,controller_native_action
act-libero_spatial-task00-state16,ACT,libero_spatial,0,16,265,9,translation,0.5773762810281717,controller_native_action
act-libero_spatial-task00-state16,ACT,libero_spatial,0,16,265,9,rotation,0.0680497669616691,controller_native_action
act-libero_spatial-task00-state16,ACT,libero_spatial,0,16,265,9,gripper,0.8025830675120641,controller_native_action
act-libero_spatial-task00-state16,ACT,libero_spatial,0,16,265,9,arm_original,0.4110925325747598,controller_native_action
act-libero_spatial-task00-state16,ACT,libero_spatial,0,16,265,10,translation,0.6002887608757945,controller_native_action
act-libero_spatial-task00-state16,ACT,libero_spatial,0,16,265,10,rotation,0.06924144762199748,controller_native_action
act-libero_spatial-task00-state16,ACT,libero_spatial,0,16,265,10,gripper,0.7916168828561432,controller_native_action
act-libero_spatial-task00-state16,ACT,libero_spatial,0,16,265,10,arm_original,0.4272826783890184,controller_native_action
act-libero_spatial-task00-state16,ACT,libero_spatial,0,16,265,11,translation,0.6132077649126714,controller_native_action
act-libero_spatial-task00-state16,ACT,libero_spatial,0,16,265,11,rotation,0.0715568944455298,controller_native_action
act-libero_spatial-task00-state16,ACT,libero_spatial,0,16,265,11,gripper,0.7865164323080438,controller_native_action
act-libero_spatial-task00-state16,ACT,libero_spatial,0,16,265,11,arm_original,0.4365456173711304,controller_native_action
act-libero_spatial-task00-state16,ACT,libero_spatial,0,16,265,12,translation,0.6175466139499469,controller_native_action
act-libero_spatial-task00-state16,ACT,libero_spatial,0,16,265,12,rotation,0.0723159439616361,controller_native_action
act-libero_spatial-task00-state16,ACT,libero_spatial,0,16,265,12,gripper,0.7818391625937767,controller_native_action
act-libero_spatial-task00-state16,ACT,libero_spatial,0,16,265,12,arm_original,0.4396552149992692,controller_native_action
act-libero_spatial-task00-state16,ACT,libero_spatial,0,16,265,13,translation,0.6152218163562138,controller_native_action
act-libero_spatial-task00-state16,ACT,libero_spatial,0,16,265,13,rotation,0.07188700808033231,controller_native_action
act-libero_spatial-task00-state16,ACT,libero_spatial,0,16,265,13,gripper,0.7856336002612013,controller_native_action
act-libero_spatial-task00-state16,ACT,libero_spatial,0,16,265,13,arm_original,0.4379872288385705,controller_native_action
act-libero_spatial-task00-state16,ACT,libero_spatial,0,16,265,14,translation,0.6101455183896431,controller_native_action
act-libero_spatial-task00-state16,ACT,libero_spatial,0,16,265,14,rotation,0.07070944942229195,controller_native_action
act-libero_spatial-task00-state16,ACT,libero_spatial,0,16,265,14,gripper,0.7864325978324239,controller_native_action
act-libero_spatial-task00-state16,ACT,libero_spatial,0,16,265,14,arm_original,0.4343255575306213,controller_native_action
act-libero_spatial-task00-state16,ACT,libero_spatial,0,16,265,15,translation,0.6045080373229657,controller_native_action
act-libero_spatial-task00-state16,ACT,libero_spatial,0,16,265,15,rotation,0.06861582848250973,controller_native_action
act-libero_spatial-task00-state16,ACT,libero_spatial,0,16,265,15,gripper,0.7834323576883552,controller_native_action
act-libero_spatial-task00-state16,ACT,libero_spatial,0,16,265,15,arm_original,0.430196524338822,controller_native_action
act-libero_spatial-task00-state17,ACT,libero_spatial,0,17,60,0,translation,0.0,controller_native_action
act-libero_spatial-task00-state17,ACT,libero_spatial,0,17,60,0,rotation,0.0,controller_native_action
act-libero_spatial-task00-state17,ACT,libero_spatial,0,17,60,0,gripper,0.0,controller_native_action
act-libero_spatial-task00-state17,ACT,libero_spatial,0,17,60,0,arm_original,0.0,controller_native_action
act-libero_spatial-task00-state17,ACT,libero_spatial,0,17,60,1,translation,0.02565247038061738,controller_native_action
act-libero_spatial-task00-state17,ACT,libero_spatial,0,17,60,1,rotation,0.004092109142754629,controller_native_action
act-libero_spatial-task00-state17,ACT,libero_spatial,0,17,60,1,gripper,0.05678662754299307,controller_native_action
act-libero_spatial-task00-state17,ACT,libero_spatial,0,17,60,1,arm_original,0.01836837763473775,controller_native_action
act-libero_spatial-task00-state17,ACT,libero_spatial,0,17,60,2,translation,0.03767135909366591,controller_native_action
act-libero_spatial-task00-state17,ACT,libero_spatial,0,17,60,2,rotation,0.0061800802360844585,controller_native_action
act-libero_spatial-task00-state17,ACT,libero_spatial,0,17,60,2,gripper,0.0204716407748758,controller_native_action
act-libero_spatial-task00-state17,ACT,libero_spatial,0,17,60,2,arm_original,0.026993746384008713,controller_native_action
act-libero_spatial-task00-state17,ACT,libero_spatial,0,17,60,3,translation,0.05575334821624816,controller_native_action
act-libero_spatial-task00-state17,ACT,libero_spatial,0,17,60,3,rotation,0.008663971034788102,controller_native_action
act-libero_spatial-task00-state17,ACT,libero_spatial,0,17,60,3,gripper,0.08175065028518037,controller_native_action
act-libero_spatial-task00-state17,ACT,libero_spatial,0,17,60,3,arm_original,0.039896743171679246,controller_native_action
act-libero_spatial-task00-state17,ACT,libero_spatial,0,17,60,4,translation,0.06650580820205636,controller_native_action
act-libero_spatial-task00-state17,ACT,libero_spatial,0,17,60,4,rotation,0.010323292364371612,controller_native_action
act-libero_spatial-task00-state17,ACT,libero_spatial,0,17,60,4,gripper,0.018948502543941596,controller_native_action
act-libero_spatial-task00-state17,ACT,libero_spatial,0,17,60,4,arm_original,0.047589877546853385,controller_native_action
act-libero_spatial-task00-state17,ACT,libero_spatial,0,17,60,5,translation,0.07995260814611233,controller_native_action
act-libero_spatial-task00-state17,ACT,libero_spatial,0,17,60,5,rotation,0.011978152025220276,controller_native_action
act-libero_spatial-task00-state17,ACT,libero_spatial,0,17,60,5,gripper,0.03196658756721182,controller_native_action
act-libero_spatial-task00-state17,ACT,libero_spatial,0,17,60,5,arm_original,0.05716596747762201,controller_native_action
act-libero_spatial-task00-state17,ACT,libero_spatial,0,17,60,6,translation,0.08749701914528939,controller_native_action
act-libero_spatial-task00-state17,ACT,libero_spatial,0,17,60,6,rotation,0.013241313738598322,controller_native_action
act-libero_spatial-task00-state17,ACT,libero_spatial,0,17,60,6,gripper,0.022389961226386243,controller_native_action
act-libero_spatial-task00-state17,ACT,libero_spatial,0,17,60,6,arm_original,0.06257419895146533,controller_native_action
act-libero_spatial-task00-state17,ACT,libero_spatial,0,17,60,7,translation,0.09857797599472942,controller_native_action
act-libero_spatial-task00-state17,ACT,libero_spatial,0,17,60,7,rotation,0.014517962014576427,controller_native_action
act-libero_spatial-task00-state17,ACT,libero_spatial,0,17,60,7,gripper,0.043850671540373344,controller_native_action
act-libero_spatial-task00-state17,ACT,libero_spatial,0,17,60,7,arm_original,0.07045703858477921,controller_native_action
act-libero_spatial-task00-state17,ACT,libero_spatial,0,17,60,8,translation,0.09785403602914813,controller_native_action
act-libero_spatial-task00-state17,ACT,libero_spatial,0,17,60,8,rotation,0.014272105210169918,controller_native_action
act-libero_spatial-task00-state17,ACT,libero_spatial,0,17,60,8,gripper,0.044657588278123356,controller_native_action
act-libero_spatial-task00-state17,ACT,libero_spatial,0,17,60,8,arm_original,0.06992533644654125,controller_native_action
act-libero_spatial-task00-state17,ACT,libero_spatial,0,17,60,9,translation,0.10406118923650681,controller_native_action
act-libero_spatial-task00-state17,ACT,libero_spatial,0,17,60,9,rotation,0.015215996527255016,controller_native_action
act-libero_spatial-task00-state17,ACT,libero_spatial,0,17,60,9,gripper,0.046936833085835544,controller_native_action
act-libero_spatial-task00-state17,ACT,libero_spatial,0,17,60,9,arm_original,0.07436483596308648,controller_native_action
act-libero_spatial-task00-state17,ACT,libero_spatial,0,17,60,10,translation,0.10170090796352353,controller_native_action
act-libero_spatial-task00-state17,ACT,libero_spatial,0,17,60,10,rotation,0.01490641600071393,controller_native_action
act-libero_spatial-task00-state17,ACT,libero_spatial,0,17,60,10,gripper,0.03985375228674771,controller_native_action
act-libero_spatial-task00-state17,ACT,libero_spatial,0,17,60,10,arm_original,0.07268175809166776,controller_native_action
act-libero_spatial-task00-state17,ACT,libero_spatial,0,17,60,11,translation,0.10708648312764395,controller_native_action
act-libero_spatial-task00-state17,ACT,libero_spatial,0,17,60,11,rotation,0.01589777723956563,controller_native_action
act-libero_spatial-task00-state17,ACT,libero_spatial,0,17,60,11,gripper,0.0453026392341372,controller_native_action
act-libero_spatial-task00-state17,ACT,libero_spatial,0,17,60,11,arm_original,0.07655146696767484,controller_native_action
act-libero_spatial-task00-state17,ACT,libero_spatial,0,17,60,12,translation,0.10920580438677602,controller_native_action
act-libero_spatial-task00-state17,ACT,libero_spatial,0,17,60,12,rotation,0.01590967088917453,controller_native_action
act-libero_spatial-task00-state17,ACT,libero_spatial,0,17,60,12,gripper,0.10946363781690768,controller_native_action
act-libero_spatial-task00-state17,ACT,libero_spatial,0,17,60,12,arm_original,0.0780353296256402,controller_native_action
act-libero_spatial-task00-state17,ACT,libero_spatial,0,17,60,13,translation,0.11594303730454932,controller_native_action
act-libero_spatial-task00-state17,ACT,libero_spatial,0,17,60,13,rotation,0.017286381247695912,controller_native_action
act-libero_spatial-task00-state17,ACT,libero_spatial,0,17,60,13,gripper,0.1278708057369442,controller_native_action
act-libero_spatial-task00-state17,ACT,libero_spatial,0,17,60,13,arm_original,0.0828903096750302,controller_native_action
act-libero_spatial-task00-state17,ACT,libero_spatial,0,17,60,14,translation,0.12412420764272393,controller_native_action
act-libero_spatial-task00-state17,ACT,libero_spatial,0,17,60,14,rotation,0.018306888916904865,controller_native_action
act-libero_spatial-task00-state17,ACT,libero_spatial,0,17,60,14,gripper,0.17312651969607393,controller_native_action
act-libero_spatial-task00-state17,ACT,libero_spatial,0,17,60,14,arm_original,0.08871854683421596,controller_native_action
act-libero_spatial-task00-state17,ACT,libero_spatial,0,17,60,15,translation,0.13413610022149108,controller_native_action
act-libero_spatial-task00-state17,ACT,libero_spatial,0,17,60,15,rotation,0.01972430095253036,controller_native_action
act-libero_spatial-task00-state17,ACT,libero_spatial,0,17,60,15,gripper,0.20962649685157525,controller_native_action
act-libero_spatial-task00-state17,ACT,libero_spatial,0,17,60,15,arm_original,0.09586850742213496,controller_native_action
act-libero_spatial-task00-state18,ACT,libero_spatial,0,18,265,0,translation,0.0,controller_native_action
act-libero_spatial-task00-state18,ACT,libero_spatial,0,18,265,0,rotation,0.0,controller_native_action
act-libero_spatial-task00-state18,ACT,libero_spatial,0,18,265,0,gripper,0.0,controller_native_action
act-libero_spatial-task00-state18,ACT,libero_spatial,0,18,265,0,arm_original,0.0,controller_native_action
act-libero_spatial-task00-state18,ACT,libero_spatial,0,18,265,1,translation,0.12796195377379263,controller_native_action
act-libero_spatial-task00-state18,ACT,libero_spatial,0,18,265,1,rotation,0.019802963071373334,controller_native_action
act-libero_spatial-task00-state18,ACT,libero_spatial,0,18,265,1,gripper,0.26175956408614326,controller_native_action
act-libero_spatial-task00-state18,ACT,libero_spatial,0,18,265,1,arm_original,0.0915598682830322,controller_native_action
act-libero_spatial-task00-state18,ACT,libero_spatial,0,18,265,2,translation,0.2457832570610545,controller_native_action
act-libero_spatial-task00-state18,ACT,libero_spatial,0,18,265,2,rotation,0.039262868415392636,controller_native_action
act-libero_spatial-task00-state18,ACT,libero_spatial,0,18,265,2,gripper,0.4985354285494552,controller_native_action
act-libero_spatial-task00-state18,ACT,libero_spatial,0,18,265,2,arm_original,0.1759985543800642,controller_native_action
act-libero_spatial-task00-state18,ACT,libero_spatial,0,18,265,3,translation,0.3359384340575727,controller_native_action
act-libero_spatial-task00-state18,ACT,libero_spatial,0,18,265,3,rotation,0.05461092848215275,controller_native_action
act-libero_spatial-task00-state18,ACT,libero_spatial,0,18,265,3,gripper,0.6251595047859541,controller_native_action
act-libero_spatial-task00-state18,ACT,libero_spatial,0,18,265,3,arm_original,0.24066261133248026,controller_native_action
act-libero_spatial-task00-state18,ACT,libero_spatial,0,18,265,4,translation,0.41522923554785546,controller_native_action
act-libero_spatial-task00-state18,ACT,libero_spatial,0,18,265,4,rotation,0.07058050958345088,controller_native_action
act-libero_spatial-task00-state18,ACT,libero_spatial,0,18,265,4,gripper,0.669428585388076,controller_native_action
act-libero_spatial-task00-state18,ACT,libero_spatial,0,18,265,4,arm_original,0.29782287217968667,controller_native_action
act-libero_spatial-task00-state18,ACT,libero_spatial,0,18,265,5,translation,0.46581269333378256,controller_native_action
act-libero_spatial-task00-state18,ACT,libero_spatial,0,18,265,5,rotation,0.08329875401685627,controller_native_action
act-libero_spatial-task00-state18,ACT,libero_spatial,0,18,265,5,gripper,0.6541270368795213,controller_native_action
act-libero_spatial-task00-state18,ACT,libero_spatial,0,18,265,5,arm_original,0.3346043541943479,controller_native_action
act-libero_spatial-task00-state18,ACT,libero_spatial,0,18,265,6,translation,0.498078267569784,controller_native_action
act-libero_spatial-task00-state18,ACT,libero_spatial,0,18,265,6,rotation,0.09382499781997038,controller_native_action
act-libero_spatial-task00-state18,ACT,libero_spatial,0,18,265,6,gripper,0.6281880369750302,controller_native_action
act-libero_spatial-task00-state18,ACT,libero_spatial,0,18,265,6,arm_original,0.35838881877176,controller_native_action
act-libero_spatial-task00-state18,ACT,libero_spatial,0,18,265,7,translation,0.5196305247592716,controller_native_action
act-libero_spatial-task00-state18,ACT,libero_spatial,0,18,265,7,rotation,0.10256222358628697,controller_native_action
act-libero_spatial-task00-state18,ACT,libero_spatial,0,18,265,7,gripper,0.6456084763209621,controller_native_action
act-libero_spatial-task00-state18,ACT,libero_spatial,0,18,265,7,arm_original,0.3745229578868027,controller_native_action
act-libero_spatial-task00-state18,ACT,libero_spatial,0,18,265,8,translation,0.5241714927445046,controller_native_action
act-libero_spatial-task00-state18,ACT,libero_spatial,0,18,265,8,rotation,0.10782790873005657,controller_native_action
act-libero_spatial-task00-state18,ACT,libero_spatial,0,18,265,8,gripper,0.6767092008968004,controller_native_action
act-libero_spatial-task00-state18,ACT,libero_spatial,0,18,265,8,arm_original,0.3784062708961755,controller_native_action
act-libero_spatial-task00-state18,ACT,libero_spatial,0,18,265,9,translation,0.5252354589243876,controller_native_action
act-libero_spatial-task00-state18,ACT,libero_spatial,0,18,265,9,rotation,0.11209218668602157,controller_native_action
act-libero_spatial-task00-state18,ACT,libero_spatial,0,18,265,9,gripper,0.72350391049573,controller_native_action
act-libero_spatial-task00-state18,ACT,libero_spatial,0,18,265,9,arm_original,0.3797610733260887,controller_native_action
act-libero_spatial-task00-state18,ACT,libero_spatial,0,18,265,10,translation,0.5231014774418868,controller_native_action
act-libero_spatial-task00-state18,ACT,libero_spatial,0,18,265,10,rotation,0.11313360621937978,controller_native_action
act-libero_spatial-task00-state18,ACT,libero_spatial,0,18,265,10,gripper,0.789554879790072,controller_native_action
act-libero_spatial-task00-state18,ACT,libero_spatial,0,18,265,10,arm_original,0.3784404633215683,controller_native_action
act-libero_spatial-task00-state18,ACT,libero_spatial,0,18,265,11,translation,0.5069189027761795,controller_native_action
act-libero_spatial-task00-state18,ACT,libero_spatial,0,18,265,11,rotation,0.11247308927638927,controller_native_action
act-libero_spatial-task00-state18,ACT,libero_spatial,0,18,265,11,gripper,0.8490450098515633,controller_native_action
act-libero_spatial-task00-state18,ACT,libero_spatial,0,18,265,11,arm_original,0.36716274988292347,controller_native_action
act-libero_spatial-task00-state18,ACT,libero_spatial,0,18,265,12,translation,0.5085713422157252,controller_native_action
act-libero_spatial-task00-state18,ACT,libero_spatial,0,18,265,12,rotation,0.11225275238895861,controller_native_action
act-libero_spatial-task00-state18,ACT,libero_spatial,0,18,265,12,gripper,0.899146604142528,controller_native_action
act-libero_spatial-task00-state18,ACT,libero_spatial,0,18,265,12,arm_original,0.368269935334125,controller_native_action
act-libero_spatial-task00-state18,ACT,libero_spatial,0,18,265,13,translation,0.4910054810337804,controller_native_action
act-libero_spatial-task00-state18,ACT,libero_spatial,0,18,265,13,rotation,0.10942663935554868,controller_native_action
act-libero_spatial-task00-state18,ACT,libero_spatial,0,18,265,13,gripper,0.929992789428219,controller_native_action
act-libero_spatial-task00-state18,ACT,libero_spatial,0,18,265,13,arm_original,0.35571095836779004,controller_native_action
act-libero_spatial-task00-state18,ACT,libero_spatial,0,18,265,14,translation,0.48597327572272264,controller_native_action
act-libero_spatial-task00-state18,ACT,libero_spatial,0,18,265,14,rotation,0.10766389658269147,controller_native_action
act-libero_spatial-task00-state18,ACT,libero_spatial,0,18,265,14,gripper,0.9759712583996795,controller_native_action
act-libero_spatial-task00-state18,ACT,libero_spatial,0,18,265,14,arm_original,0.3519670008282324,controller_native_action
act-libero_spatial-task00-state18,ACT,libero_spatial,0,18,265,15,translation,0.47441664550223506,controller_native_action
act-libero_spatial-task00-state18,ACT,libero_spatial,0,18,265,15,rotation,0.10468286868548524,controller_native_action
act-libero_spatial-task00-state18,ACT,libero_spatial,0,18,265,15,gripper,1.012846374384508,controller_native_action
act-libero_spatial-task00-state18,ACT,libero_spatial,0,18,265,15,arm_original,0.3435328634394503,controller_native_action
act-libero_spatial-task00-state19,ACT,libero_spatial,0,19,62,0,translation,0.0,controller_native_action
act-libero_spatial-task00-state19,ACT,libero_spatial,0,19,62,0,rotation,0.0,controller_native_action
act-libero_spatial-task00-state19,ACT,libero_spatial,0,19,62,0,gripper,0.0,controller_native_action
act-libero_spatial-task00-state19,ACT,libero_spatial,0,19,62,0,arm_original,0.0,controller_native_action
act-libero_spatial-task00-state19,ACT,libero_spatial,0,19,62,1,translation,0.024296717402846838,controller_native_action
act-libero_spatial-task00-state19,ACT,libero_spatial,0,19,62,1,rotation,0.004165945877218752,controller_native_action
act-libero_spatial-task00-state19,ACT,libero_spatial,0,19,62,1,gripper,0.02533066541720307,controller_native_action
act-libero_spatial-task00-state19,ACT,libero_spatial,0,19,62,1,arm_original,0.01743108690824695,controller_native_action
act-libero_spatial-task00-state19,ACT,libero_spatial,0,19,62,2,translation,0.034770292184743354,controller_native_action
act-libero_spatial-task00-state19,ACT,libero_spatial,0,19,62,2,rotation,0.006302099682886435,controller_native_action
act-libero_spatial-task00-state19,ACT,libero_spatial,0,19,62,2,gripper,0.04054585891008275,controller_native_action
act-libero_spatial-task00-state19,ACT,libero_spatial,0,19,62,2,arm_original,0.02498689335457153,controller_native_action
act-libero_spatial-task00-state19,ACT,libero_spatial,0,19,62,3,translation,0.054054496455887134,controller_native_action
act-libero_spatial-task00-state19,ACT,libero_spatial,0,19,62,3,rotation,0.008292366974331371,controller_native_action
act-libero_spatial-task00-state19,ACT,libero_spatial,0,19,62,3,gripper,0.04716409261367404,controller_native_action
act-libero_spatial-task00-state19,ACT,libero_spatial,0,19,62,3,arm_original,0.03866944489604484,controller_native_action
act-libero_spatial-task00-state19,ACT,libero_spatial,0,19,62,4,translation,0.06576570160384869,controller_native_action
act-libero_spatial-task00-state19,ACT,libero_spatial,0,19,62,4,rotation,0.009706214431584606,controller_native_action
act-libero_spatial-task00-state19,ACT,libero_spatial,0,19,62,4,gripper,0.02439154937472136,controller_native_action
act-libero_spatial-task00-state19,ACT,libero_spatial,0,19,62,4,arm_original,0.047007117046455674,controller_native_action
act-libero_spatial-task00-state19,ACT,libero_spatial,0,19,62,5,translation,0.0752623837323504,controller_native_action
act-libero_spatial-task00-state19,ACT,libero_spatial,0,19,62,5,rotation,0.010911553112683924,controller_native_action
act-libero_spatial-task00-state19,ACT,libero_spatial,0,19,62,5,gripper,0.06840466385993675,controller_native_action
act-libero_spatial-task00-state19,ACT,libero_spatial,0,19,62,5,arm_original,0.05377494024360457,controller_native_action
act-libero_spatial-task00-state19,ACT,libero_spatial,0,19,62,6,translation,0.08705139190946648,controller_native_action
act-libero_spatial-task00-state19,ACT,libero_spatial,0,19,62,6,rotation,0.012730828101756174,controller_native_action
act-libero_spatial-task00-state19,ACT,libero_spatial,0,19,62,6,gripper,0.07992100324095165,controller_native_action
act-libero_spatial-task00-state19,ACT,libero_spatial,0,19,62,6,arm_original,0.062209399681768314,controller_native_action
act-libero_spatial-task00-state19,ACT,libero_spatial,0,19,62,7,translation,0.09753148447940896,controller_native_action
act-libero_spatial-task00-state19,ACT,libero_spatial,0,19,62,7,rotation,0.014277974432256056,controller_native_action
act-libero_spatial-task00-state19,ACT,libero_spatial,0,19,62,7,gripper,0.10827374397552411,controller_native_action
act-libero_spatial-task00-state19,ACT,libero_spatial,0,19,62,7,arm_original,0.06970025472925241,controller_native_action
act-libero_spatial-task00-state19,ACT,libero_spatial,0,19,62,8,translation,0.10685978405781575,controller_native_action
act-libero_spatial-task00-state19,ACT,libero_spatial,0,19,62,8,rotation,0.015433352589392728,controller_native_action
act-libero_spatial-task00-state19,ACT,libero_spatial,0,19,62,8,gripper,0.09029148026583964,controller_native_action
act-libero_spatial-task00-state19,ACT,libero_spatial,0,19,62,8,arm_original,0.0763452743168545,controller_native_action
act-libero_spatial-task00-state19,ACT,libero_spatial,0,19,62,9,translation,0.11456450957423128,controller_native_action
act-libero_spatial-task00-state19,ACT,libero_spatial,0,19,62,9,rotation,0.01632165175293986,controller_native_action
act-libero_spatial-task00-state19,ACT,libero_spatial,0,19,62,9,gripper,0.0892264093104759,controller_native_action
act-libero_spatial-task00-state19,ACT,libero_spatial,0,19,62,9,arm_original,0.08182732786156582,controller_native_action
act-libero_spatial-task00-state19,ACT,libero_spatial,0,19,62,10,translation,0.12182200684563788,controller_native_action
act-libero_spatial-task00-state19,ACT,libero_spatial,0,19,62,10,rotation,0.017015661070220633,controller_native_action
act-libero_spatial-task00-state19,ACT,libero_spatial,0,19,62,10,gripper,0.08227630732747365,controller_native_action
act-libero_spatial-task00-state19,ACT,libero_spatial,0,19,62,10,arm_original,0.08697739382608351,controller_native_action
act-libero_spatial-task00-state19,ACT,libero_spatial,0,19,62,11,translation,0.12508694118042565,controller_native_action
act-libero_spatial-task00-state19,ACT,libero_spatial,0,19,62,11,rotation,0.01749283596136923,controller_native_action
act-libero_spatial-task00-state19,ACT,libero_spatial,0,19,62,11,gripper,0.11825171176984689,controller_native_action
act-libero_spatial-task00-state19,ACT,libero_spatial,0,19,62,11,arm_original,0.08931053175255044,controller_native_action
act-libero_spatial-task00-state19,ACT,libero_spatial,0,19,62,12,translation,0.13229818590603343,controller_native_action
act-libero_spatial-task00-state19,ACT,libero_spatial,0,19,62,12,rotation,0.01834058742122647,controller_native_action
act-libero_spatial-task00-state19,ACT,libero_spatial,0,19,62,12,gripper,0.12913105261484398,controller_native_action
act-libero_spatial-task00-state19,ACT,libero_spatial,0,19,62,12,arm_original,0.09444359994457811,controller_native_action
act-libero_spatial-task00-state19,ACT,libero_spatial,0,19,62,13,translation,0.13188484277754384,controller_native_action
act-libero_spatial-task00-state19,ACT,libero_spatial,0,19,62,13,rotation,0.01821638134919499,controller_native_action
act-libero_spatial-task00-state19,ACT,libero_spatial,0,19,62,13,gripper,0.12863817297421734,controller_native_action
act-libero_spatial-task00-state19,ACT,libero_spatial,0,19,62,13,arm_original,0.09414204242504184,controller_native_action
act-libero_spatial-task00-state19,ACT,libero_spatial,0,19,62,14,translation,0.1409623337420881,controller_native_action
act-libero_spatial-task00-state19,ACT,libero_spatial,0,19,62,14,rotation,0.018623959153499178,controller_native_action
act-libero_spatial-task00-state19,ACT,libero_spatial,0,19,62,14,gripper,0.09722553391317072,controller_native_action
act-libero_spatial-task00-state19,ACT,libero_spatial,0,19,62,14,arm_original,0.1005416117549521,controller_native_action
act-libero_spatial-task00-state19,ACT,libero_spatial,0,19,62,15,translation,0.1409438071048472,controller_native_action
act-libero_spatial-task00-state19,ACT,libero_spatial,0,19,62,15,rotation,0.018588108158663956,controller_native_action
act-libero_spatial-task00-state19,ACT,libero_spatial,0,19,62,15,gripper,0.03901729961357367,controller_native_action
act-libero_spatial-task00-state19,ACT,libero_spatial,0,19,62,15,arm_original,0.10052530658029989,controller_native_action
act-libero_goal-task02-state10,ACT,libero_goal,2,10,68,0,translation,0.0,controller_native_action
act-libero_goal-task02-state10,ACT,libero_goal,2,10,68,0,rotation,0.0,controller_native_action
act-libero_goal-task02-state10,ACT,libero_goal,2,10,68,0,gripper,0.0,controller_native_action
act-libero_goal-task02-state10,ACT,libero_goal,2,10,68,0,arm_original,0.0,controller_native_action
act-libero_goal-task02-state10,ACT,libero_goal,2,10,68,1,translation,0.02550286177806944,controller_native_action
act-libero_goal-task02-state10,ACT,libero_goal,2,10,68,1,rotation,0.0029806351483532756,controller_native_action
act-libero_goal-task02-state10,ACT,libero_goal,2,10,68,1,gripper,0.03961590860739192,controller_native_action
act-libero_goal-task02-state10,ACT,libero_goal,2,10,68,1,arm_original,0.018155992740124596,controller_native_action
act-libero_goal-task02-state10,ACT,libero_goal,2,10,68,2,translation,0.045117329240104566,controller_native_action
act-libero_goal-task02-state10,ACT,libero_goal,2,10,68,2,rotation,0.004650547879707714,controller_native_action
act-libero_goal-task02-state10,ACT,libero_goal,2,10,68,2,gripper,0.08281093247381341,controller_native_action
act-libero_goal-task02-state10,ACT,libero_goal,2,10,68,2,arm_original,0.032071802204907726,controller_native_action
act-libero_goal-task02-state10,ACT,libero_goal,2,10,68,3,translation,0.057914980390472076,controller_native_action
act-libero_goal-task02-state10,ACT,libero_goal,2,10,68,3,rotation,0.006091402603867433,controller_native_action
act-libero_goal-task02-state10,ACT,libero_goal,2,10,68,3,gripper,0.13667414633676978,controller_native_action
act-libero_goal-task02-state10,ACT,libero_goal,2,10,68,3,arm_original,0.04117796825555607,controller_native_action
act-libero_goal-task02-state10,ACT,libero_goal,2,10,68,4,translation,0.07131529785954688,controller_native_action
act-libero_goal-task02-state10,ACT,libero_goal,2,10,68,4,rotation,0.007482978221615988,controller_native_action
act-libero_goal-task02-state10,ACT,libero_goal,2,10,68,4,gripper,0.2115255103370899,controller_native_action
act-libero_goal-task02-state10,ACT,libero_goal,2,10,68,4,arm_original,0.050704371960714936,controller_native_action
act-libero_goal-task02-state10,ACT,libero_goal,2,10,68,5,translation,0.07742153880508536,controller_native_action
act-libero_goal-task02-state10,ACT,libero_goal,2,10,68,5,rotation,0.008191228902890941,controller_native_action
act-libero_goal-task02-state10,ACT,libero_goal,2,10,68,5,gripper,0.20095915979640894,controller_native_action
act-libero_goal-task02-state10,ACT,libero_goal,2,10,68,5,arm_original,0.0550508442346114,controller_native_action
act-libero_goal-task02-state10,ACT,libero_goal,2,10,68,6,translation,0.08629516878215816,controller_native_action
act-libero_goal-task02-state10,ACT,libero_goal,2,10,68,6,rotation,0.008914481811270027,controller_native_action
act-libero_goal-task02-state10,ACT,libero_goal,2,10,68,6,gripper,0.10870044521744372,controller_native_action
act-libero_goal-task02-state10,ACT,libero_goal,2,10,68,6,arm_original,0.061344617290780404,controller_native_action
act-libero_goal-task02-state10,ACT,libero_goal,2,10,68,7,translation,0.08633421512416703,controller_native_action
act-libero_goal-task02-state10,ACT,libero_goal,2,10,68,7,rotation,0.00882350033307242,controller_native_action
act-libero_goal-task02-state10,ACT,libero_goal,2,10,68,7,gripper,0.09571811581014728,controller_native_action
act-libero_goal-task02-state10,ACT,libero_goal,2,10,68,7,arm_original,0.06136550683907727,controller_native_action
act-libero_goal-task02-state10,ACT,libero_goal,2,10,68,8,translation,0.09216799808201709,controller_native_action
act-libero_goal-task02-state10,ACT,libero_goal,2,10,68,8,rotation,0.009257095096035773,controller_native_action
act-libero_goal-task02-state10,ACT,libero_goal,2,10,68,8,gripper,0.07397444686496274,controller_native_action
act-libero_goal-task02-state10,ACT,libero_goal,2,10,68,8,arm_original,0.0655005102272637,controller_native_action
act-libero_goal-task02-state10,ACT,libero_goal,2,10,68,9,translation,0.09499489561238927,controller_native_action
act-libero_goal-task02-state10,ACT,libero_goal,2,10,68,9,rotation,0.009815425974092136,controller_native_action
act-libero_goal-task02-state10,ACT,libero_goal,2,10,68,9,gripper,0.08433022595311794,controller_native_action
act-libero_goal-task02-state10,ACT,libero_goal,2,10,68,9,arm_original,0.06752915214728236,controller_native_action
act-libero_goal-task02-state10,ACT,libero_goal,2,10,68,10,translation,0.09673572582308561,controller_native_action
act-libero_goal-task02-state10,ACT,libero_goal,2,10,68,10,rotation,0.010237409283577093,controller_native_action
act-libero_goal-task02-state10,ACT,libero_goal,2,10,68,10,gripper,0.09824478126891534,controller_native_action
act-libero_goal-task02-state10,ACT,libero_goal,2,10,68,10,arm_original,0.0687844648134979,controller_native_action
act-libero_goal-task02-state10,ACT,libero_goal,2,10,68,11,translation,0.09469446343554042,controller_native_action
act-libero_goal-task02-state10,ACT,libero_goal,2,10,68,11,rotation,0.010458682518491478,controller_native_action
act-libero_goal-task02-state10,ACT,libero_goal,2,10,68,11,gripper,0.14264095713843267,controller_native_action
act-libero_goal-task02-state10,ACT,libero_goal,2,10,68,11,arm_original,0.0673662580427602,controller_native_action
act-libero_goal-task02-state10,ACT,libero_goal,2,10,68,12,translation,0.09839173700114268,controller_native_action
act-libero_goal-task02-state10,ACT,libero_goal,2,10,68,12,rotation,0.010625508907027367,controller_native_action
act-libero_goal-task02-state10,ACT,libero_goal,2,10,68,12,gripper,0.17190764842426512,controller_native_action
act-libero_goal-task02-state10,ACT,libero_goal,2,10,68,12,arm_original,0.06997797992810076,controller_native_action
act-libero_goal-task02-state10,ACT,libero_goal,2,10,68,13,translation,0.10747746197144578,controller_native_action
act-libero_goal-task02-state10,ACT,libero_goal,2,10,68,13,rotation,0.01190777819383577,controller_native_action
act-libero_goal-task02-state10,ACT,libero_goal,2,10,68,13,gripper,0.13306481572247308,controller_native_action
act-libero_goal-task02-state10,ACT,libero_goal,2,10,68,13,arm_original,0.07646306302175307,controller_native_action
act-libero_goal-task02-state10,ACT,libero_goal,2,10,68,14,translation,0.11478868448926205,controller_native_action
act-libero_goal-task02-state10,ACT,libero_goal,2,10,68,14,rotation,0.01334413104559283,controller_native_action
act-libero_goal-task02-state10,ACT,libero_goal,2,10,68,14,gripper,0.23714430469766182,controller_native_action
act-libero_goal-task02-state10,ACT,libero_goal,2,10,68,14,arm_original,0.08171446603918214,controller_native_action
act-libero_goal-task02-state10,ACT,libero_goal,2,10,68,15,translation,0.12300056952211208,controller_native_action
act-libero_goal-task02-state10,ACT,libero_goal,2,10,68,15,rotation,0.014978696346098616,controller_native_action
act-libero_goal-task02-state10,ACT,libero_goal,2,10,68,15,gripper,0.25710143677054853,controller_native_action
act-libero_goal-task02-state10,ACT,libero_goal,2,10,68,15,arm_original,0.08761706867669265,controller_native_action
act-libero_goal-task02-state11,ACT,libero_goal,2,11,65,0,translation,0.0,controller_native_action
act-libero_goal-task02-state11,ACT,libero_goal,2,11,65,0,rotation,0.0,controller_native_action
act-libero_goal-task02-state11,ACT,libero_goal,2,11,65,0,gripper,0.0,controller_native_action
act-libero_goal-task02-state11,ACT,libero_goal,2,11,65,0,arm_original,0.0,controller_native_action
act-libero_goal-task02-state11,ACT,libero_goal,2,11,65,1,translation,0.029446653372204156,controller_native_action
act-libero_goal-task02-state11,ACT,libero_goal,2,11,65,1,rotation,0.0035297550610542613,controller_native_action
act-libero_goal-task02-state11,ACT,libero_goal,2,11,65,1,gripper,0.1174473290528086,controller_native_action
act-libero_goal-task02-state11,ACT,libero_goal,2,11,65,1,arm_original,0.020970986691304972,controller_native_action
act-libero_goal-task02-state11,ACT,libero_goal,2,11,65,2,translation,0.04036596688488,controller_native_action
act-libero_goal-task02-state11,ACT,libero_goal,2,11,65,2,rotation,0.005073481634836879,controller_native_action
act-libero_goal-task02-state11,ACT,libero_goal,2,11,65,2,gripper,0.12003803752849361,controller_native_action
act-libero_goal-task02-state11,ACT,libero_goal,2,11,65,2,arm_original,0.02876761632852343,controller_native_action
act-libero_goal-task02-state11,ACT,libero_goal,2,11,65,3,translation,0.04881037947310206,controller_native_action
act-libero_goal-task02-state11,ACT,libero_goal,2,11,65,3,rotation,0.0065103961563182594,controller_native_action
act-libero_goal-task02-state11,ACT,libero_goal,2,11,65,3,gripper,0.10583228518846981,controller_native_action
act-libero_goal-task02-state11,ACT,libero_goal,2,11,65,3,arm_original,0.03481981047062452,controller_native_action
act-libero_goal-task02-state11,ACT,libero_goal,2,11,65,4,translation,0.05976652103881133,controller_native_action
act-libero_goal-task02-state11,ACT,libero_goal,2,11,65,4,rotation,0.008184534309749216,controller_native_action
act-libero_goal-task02-state11,ACT,libero_goal,2,11,65,4,gripper,0.04255724609729727,controller_native_action
act-libero_goal-task02-state11,ACT,libero_goal,2,11,65,4,arm_original,0.042655736067674054,controller_native_action
act-libero_goal-task02-state11,ACT,libero_goal,2,11,65,5,translation,0.06421664781896463,controller_native_action
act-libero_goal-task02-state11,ACT,libero_goal,2,11,65,5,rotation,0.009445641872395858,controller_native_action
act-libero_goal-task02-state11,ACT,libero_goal,2,11,65,5,gripper,0.08958546732561379,controller_native_action
act-libero_goal-task02-state11,ACT,libero_goal,2,11,65,5,arm_original,0.045896612116181804,controller_native_action
act-libero_goal-task02-state11,ACT,libero_goal,2,11,65,6,translation,0.0722700550947829,controller_native_action
act-libero_goal-task02-state11,ACT,libero_goal,2,11,65,6,rotation,0.010445978801024196,controller_native_action
act-libero_goal-task02-state11,ACT,libero_goal,2,11,65,6,gripper,0.09771667115639321,controller_native_action
act-libero_goal-task02-state11,ACT,libero_goal,2,11,65,6,arm_original,0.051633706706542014,controller_native_action
act-libero_goal-task02-state11,ACT,libero_goal,2,11,65,7,translation,0.0769082477312016,controller_native_action
act-libero_goal-task02-state11,ACT,libero_goal,2,11,65,7,rotation,0.011027273288585044,controller_native_action
act-libero_goal-task02-state11,ACT,libero_goal,2,11,65,7,gripper,0.11993777393762382,controller_native_action
act-libero_goal-task02-state11,ACT,libero_goal,2,11,65,7,arm_original,0.054938508012436126,controller_native_action
act-libero_goal-task02-state11,ACT,libero_goal,2,11,65,8,translation,0.08265273625304846,controller_native_action
act-libero_goal-task02-state11,ACT,libero_goal,2,11,65,8,rotation,0.01170109370570224,controller_native_action
act-libero_goal-task02-state11,ACT,libero_goal,2,11,65,8,gripper,0.15846428533237164,controller_native_action
act-libero_goal-task02-state11,ACT,libero_goal,2,11,65,8,arm_original,0.05902707177230469,controller_native_action
act-libero_goal-task02-state11,ACT,libero_goal,2,11,65,9,translation,0.08877314768255619,controller_native_action
act-libero_goal-task02-state11,ACT,libero_goal,2,11,65,9,rotation,0.012564443731643702,controller_native_action
act-libero_goal-task02-state11,ACT,libero_goal,2,11,65,9,gripper,0.12692051024950585,controller_native_action
act-libero_goal-task02-state11,ACT,libero_goal,2,11,65,9,arm_original,0.06339770104567898,controller_native_action
act-libero_goal-task02-state11,ACT,libero_goal,2,11,65,10,translation,0.09051974202188481,controller_native_action
act-libero_goal-task02-state11,ACT,libero_goal,2,11,65,10,rotation,0.013186826542112534,controller_native_action
act-libero_goal-task02-state11,ACT,libero_goal,2,11,65,10,gripper,0.12669580527225655,controller_native_action
act-libero_goal-task02-state11,ACT,libero_goal,2,11,65,10,arm_original,0.06468274920703487,controller_native_action
act-libero_goal-task02-state11,ACT,libero_goal,2,11,65,11,translation,0.08926867829708841,controller_native_action
act-libero_goal-task02-state11,ACT,libero_goal,2,11,65,11,rotation,0.013701214405734673,controller_native_action
act-libero_goal-task02-state11,ACT,libero_goal,2,11,65,11,gripper,0.12444846168198388,controller_native_action
act-libero_goal-task02-state11,ACT,libero_goal,2,11,65,11,arm_original,0.0638616481195912,controller_native_action
act-libero_goal-task02-state11,ACT,libero_goal,2,11,65,12,translation,0.0892499363040995,controller_native_action
act-libero_goal-task02-state11,ACT,libero_goal,2,11,65,12,rotation,0.014247985755713344,controller_native_action
act-libero_goal-task02-state11,ACT,libero_goal,2,11,65,12,gripper,0.12848556990315924,controller_native_action
act-libero_goal-task02-state11,ACT,libero_goal,2,11,65,12,arm_original,0.06390835715452567,controller_native_action
act-libero_goal-task02-state11,ACT,libero_goal,2,11,65,13,translation,0.09268215441114958,controller_native_action
act-libero_goal-task02-state11,ACT,libero_goal,2,11,65,13,rotation,0.014691466309382234,controller_native_action
act-libero_goal-task02-state11,ACT,libero_goal,2,11,65,13,gripper,0.1359442247746052,controller_native_action
act-libero_goal-task02-state11,ACT,libero_goal,2,11,65,13,arm_original,0.0663544306305611,controller_native_action
act-libero_goal-task02-state11,ACT,libero_goal,2,11,65,14,translation,0.09342549529593085,controller_native_action
act-libero_goal-task02-state11,ACT,libero_goal,2,11,65,14,rotation,0.01531301005402106,controller_native_action
act-libero_goal-task02-state11,ACT,libero_goal,2,11,65,14,gripper,0.12342820471250023,controller_native_action
act-libero_goal-task02-state11,ACT,libero_goal,2,11,65,14,arm_original,0.0669433023095087,controller_native_action
act-libero_goal-task02-state11,ACT,libero_goal,2,11,65,15,translation,0.09850901068516824,controller_native_action
act-libero_goal-task02-state11,ACT,libero_goal,2,11,65,15,rotation,0.01589506870089939,controller_native_action
act-libero_goal-task02-state11,ACT,libero_goal,2,11,65,15,gripper,0.11555340643295872,controller_native_action
act-libero_goal-task02-state11,ACT,libero_goal,2,11,65,15,arm_original,0.07055734687180669,controller_native_action
act-libero_goal-task02-state12,ACT,libero_goal,2,12,75,0,translation,0.0,controller_native_action
act-libero_goal-task02-state12,ACT,libero_goal,2,12,75,0,rotation,0.0,controller_native_action
act-libero_goal-task02-state12,ACT,libero_goal,2,12,75,0,gripper,0.0,controller_native_action
act-libero_goal-task02-state12,ACT,libero_goal,2,12,75,0,arm_original,0.0,controller_native_action
act-libero_goal-task02-state12,ACT,libero_goal,2,12,75,1,translation,0.019583112603511043,controller_native_action
act-libero_goal-task02-state12,ACT,libero_goal,2,12,75,1,rotation,0.0032106643025780067,controller_native_action
act-libero_goal-task02-state12,ACT,libero_goal,2,12,75,1,gripper,0.08387268573390844,controller_native_action
act-libero_goal-task02-state12,ACT,libero_goal,2,12,75,1,arm_original,0.014032224779158184,controller_native_action
act-libero_goal-task02-state12,ACT,libero_goal,2,12,75,2,translation,0.030598880405634344,controller_native_action
act-libero_goal-task02-state12,ACT,libero_goal,2,12,75,2,rotation,0.005063270504846204,controller_native_action
act-libero_goal-task02-state12,ACT,libero_goal,2,12,75,2,gripper,0.1169796240363515,controller_native_action
act-libero_goal-task02-state12,ACT,libero_goal,2,12,75,2,arm_original,0.021930893623876332,controller_native_action
act-libero_goal-task02-state12,ACT,libero_goal,2,12,75,3,translation,0.042789531635722695,controller_native_action
act-libero_goal-task02-state12,ACT,libero_goal,2,12,75,3,rotation,0.0068298297855072425,controller_native_action
act-libero_goal-task02-state12,ACT,libero_goal,2,12,75,3,gripper,0.22398526176647957,controller_native_action
act-libero_goal-task02-state12,ACT,libero_goal,2,12,75,3,arm_original,0.030639766582853688,controller_native_action
act-libero_goal-task02-state12,ACT,libero_goal,2,12,75,4,translation,0.05166197694266494,controller_native_action
act-libero_goal-task02-state12,ACT,libero_goal,2,12,75,4,rotation,0.008671524685164127,controller_native_action
act-libero_goal-task02-state12,ACT,libero_goal,2,12,75,4,gripper,0.22976812973906968,controller_native_action
act-libero_goal-task02-state12,ACT,libero_goal,2,12,75,4,arm_original,0.037041565855062436,controller_native_action
act-libero_goal-task02-state12,ACT,libero_goal,2,12,75,5,translation,0.06306959067236291,controller_native_action
act-libero_goal-task02-state12,ACT,libero_goal,2,12,75,5,rotation,0.011932387258995765,controller_native_action
act-libero_goal-task02-state12,ACT,libero_goal,2,12,75,5,gripper,0.2254093240277726,controller_native_action
act-libero_goal-task02-state12,ACT,libero_goal,2,12,75,5,arm_original,0.04538807736222174,controller_native_action
act-libero_goal-task02-state12,ACT,libero_goal,2,12,75,6,translation,0.06721816963022598,controller_native_action
act-libero_goal-task02-state12,ACT,libero_goal,2,12,75,6,rotation,0.01325940975058072,controller_native_action
act-libero_goal-task02-state12,ACT,libero_goal,2,12,75,6,gripper,0.24554603050526566,controller_native_action
act-libero_goal-task02-state12,ACT,libero_goal,2,12,75,6,arm_original,0.048446332551451345,controller_native_action
act-libero_goal-task02-state12,ACT,libero_goal,2,12,75,7,translation,0.0740148728226137,controller_native_action
act-libero_goal-task02-state12,ACT,libero_goal,2,12,75,7,rotation,0.015085678088758808,controller_native_action
act-libero_goal-task02-state12,ACT,libero_goal,2,12,75,7,gripper,0.2709895649138093,controller_native_action
act-libero_goal-task02-state12,ACT,libero_goal,2,12,75,7,arm_original,0.053412447436647845,controller_native_action
act-libero_goal-task02-state12,ACT,libero_goal,2,12,75,8,translation,0.07952481347433935,controller_native_action
act-libero_goal-task02-state12,ACT,libero_goal,2,12,75,8,rotation,0.016279907276492037,controller_native_action
act-libero_goal-task02-state12,ACT,libero_goal,2,12,75,8,gripper,0.3408459527896146,controller_native_action
act-libero_goal-task02-state12,ACT,libero_goal,2,12,75,8,arm_original,0.05739874275217029,controller_native_action
act-libero_goal-task02-state12,ACT,libero_goal,2,12,75,9,translation,0.08096692161963616,controller_native_action
act-libero_goal-task02-state12,ACT,libero_goal,2,12,75,9,rotation,0.016507892711062302,controller_native_action
act-libero_goal-task02-state12,ACT,libero_goal,2,12,75,9,gripper,0.34117467070050955,controller_native_action
act-libero_goal-task02-state12,ACT,libero_goal,2,12,75,9,arm_original,0.058430098914516004,controller_native_action
act-libero_goal-task02-state12,ACT,libero_goal,2,12,75,10,translation,0.08377434958270076,controller_native_action
act-libero_goal-task02-state12,ACT,libero_goal,2,12,75,10,rotation,0.017019890868680863,controller_native_action
act-libero_goal-task02-state12,ACT,libero_goal,2,12,75,10,gripper,0.3637772564388647,controller_native_action
act-libero_goal-task02-state12,ACT,libero_goal,2,12,75,10,arm_original,0.06044757370311219,controller_native_action
act-libero_goal-task02-state12,ACT,libero_goal,2,12,75,11,translation,0.08639419982987978,controller_native_action
act-libero_goal-task02-state12,ACT,libero_goal,2,12,75,11,rotation,0.017121238917379294,controller_native_action
act-libero_goal-task02-state12,ACT,libero_goal,2,12,75,11,gripper,0.3770211342470958,controller_native_action
act-libero_goal-task02-state12,ACT,libero_goal,2,12,75,11,arm_original,0.06227798401646918,controller_native_action
act-libero_goal-task02-state12,ACT,libero_goal,2,12,75,12,translation,0.08639936870766779,controller_native_action
act-libero_goal-task02-state12,ACT,libero_goal,2,12,75,12,rotation,0.01699065222128255,controller_native_action
act-libero_goal-task02-state12,ACT,libero_goal,2,12,75,12,gripper,0.36218443164406544,controller_native_action
act-libero_goal-task02-state12,ACT,libero_goal,2,12,75,12,arm_original,0.06226368594930795,controller_native_action
act-libero_goal-task02-state12,ACT,libero_goal,2,12,75,13,translation,0.08655243394395397,controller_native_action
act-libero_goal-task02-state12,ACT,libero_goal,2,12,75,13,rotation,0.0165824331817878,controller_native_action
act-libero_goal-task02-state12,ACT,libero_goal,2,12,75,13,gripper,0.3696392332773603,controller_native_action
act-libero_goal-task02-state12,ACT,libero_goal,2,12,75,13,arm_original,0.06231492963909601,controller_native_action
act-libero_goal-task02-state12,ACT,libero_goal,2,12,75,14,translation,0.08795337719389369,controller_native_action
act-libero_goal-task02-state12,ACT,libero_goal,2,12,75,14,rotation,0.016786474768615813,controller_native_action
act-libero_goal-task02-state12,ACT,libero_goal,2,12,75,14,gripper,0.4283062911478234,controller_native_action
act-libero_goal-task02-state12,ACT,libero_goal,2,12,75,14,arm_original,0.06331501518190102,controller_native_action
act-libero_goal-task02-state12,ACT,libero_goal,2,12,75,15,translation,0.08682632373393039,controller_native_action
act-libero_goal-task02-state12,ACT,libero_goal,2,12,75,15,rotation,0.016351956904006114,controller_native_action
act-libero_goal-task02-state12,ACT,libero_goal,2,12,75,15,gripper,0.4516888767350302,controller_native_action
act-libero_goal-task02-state12,ACT,libero_goal,2,12,75,15,arm_original,0.062474782863727325,controller_native_action
act-libero_goal-task02-state13,ACT,libero_goal,2,13,75,0,translation,0.0,controller_native_action
act-libero_goal-task02-state13,ACT,libero_goal,2,13,75,0,rotation,0.0,controller_native_action
act-libero_goal-task02-state13,ACT,libero_goal,2,13,75,0,gripper,0.0,controller_native_action
act-libero_goal-task02-state13,ACT,libero_goal,2,13,75,0,arm_original,0.0,controller_native_action
act-libero_goal-task02-state13,ACT,libero_goal,2,13,75,1,translation,0.023981918676330195,controller_native_action
act-libero_goal-task02-state13,ACT,libero_goal,2,13,75,1,rotation,0.0031119919228704564,controller_native_action
act-libero_goal-task02-state13,ACT,libero_goal,2,13,75,1,gripper,0.1830803776070109,controller_native_action
act-libero_goal-task02-state13,ACT,libero_goal,2,13,75,1,arm_original,0.017099954928685133,controller_native_action
act-libero_goal-task02-state13,ACT,libero_goal,2,13,75,2,translation,0.03457665012423392,controller_native_action
act-libero_goal-task02-state13,ACT,libero_goal,2,13,75,2,rotation,0.0037676153434707906,controller_native_action
act-libero_goal-task02-state13,ACT,libero_goal,2,13,75,2,gripper,0.14313798459636434,controller_native_action
act-libero_goal-task02-state13,ACT,libero_goal,2,13,75,2,arm_original,0.02459410152038535,controller_native_action
act-libero_goal-task02-state13,ACT,libero_goal,2,13,75,3,translation,0.0415199985032274,controller_native_action
act-libero_goal-task02-state13,ACT,libero_goal,2,13,75,3,rotation,0.0041683233151835015,controller_native_action
act-libero_goal-task02-state13,ACT,libero_goal,2,13,75,3,gripper,0.14514548611994782,controller_native_action
act-libero_goal-task02-state13,ACT,libero_goal,2,13,75,3,arm_original,0.029506653444332752,controller_native_action
act-libero_goal-task02-state13,ACT,libero_goal,2,13,75,4,translation,0.04720852756034157,controller_native_action
act-libero_goal-task02-state13,ACT,libero_goal,2,13,75,4,rotation,0.004929471483380465,controller_native_action
act-libero_goal-task02-state13,ACT,libero_goal,2,13,75,4,gripper,0.17234743358195995,controller_native_action
act-libero_goal-task02-state13,ACT,libero_goal,2,13,75,4,arm_original,0.03356296145694679,controller_native_action
act-libero_goal-task02-state13,ACT,libero_goal,2,13,75,5,translation,0.050706247119619505,controller_native_action
act-libero_goal-task02-state13,ACT,libero_goal,2,13,75,5,rotation,0.005627616433300272,controller_native_action
act-libero_goal-task02-state13,ACT,libero_goal,2,13,75,5,gripper,0.12369931665308949,controller_native_action
act-libero_goal-task02-state13,ACT,libero_goal,2,13,75,5,arm_original,0.03607487743344579,controller_native_action
act-libero_goal-task02-state13,ACT,libero_goal,2,13,75,6,translation,0.054381804670751266,controller_native_action
act-libero_goal-task02-state13,ACT,libero_goal,2,13,75,6,rotation,0.006430353025285232,controller_native_action
act-libero_goal-task02-state13,ACT,libero_goal,2,13,75,6,gripper,0.12798041122194576,controller_native_action
act-libero_goal-task02-state13,ACT,libero_goal,2,13,75,6,arm_original,0.03872163554963516,controller_native_action
act-libero_goal-task02-state13,ACT,libero_goal,2,13,75,7,translation,0.054708279612373775,controller_native_action
act-libero_goal-task02-state13,ACT,libero_goal,2,13,75,7,rotation,0.007116953550819436,controller_native_action
act-libero_goal-task02-state13,ACT,libero_goal,2,13,75,7,gripper,0.1329448722633574,controller_native_action
act-libero_goal-task02-state13,ACT,libero_goal,2,13,75,7,arm_original,0.03901055553302332,controller_native_action
act-libero_goal-task02-state13,ACT,libero_goal,2,13,75,8,translation,0.05642951060057127,controller_native_action
act-libero_goal-task02-state13,ACT,libero_goal,2,13,75,8,rotation,0.007828427307182894,controller_native_action
act-libero_goal-task02-state13,ACT,libero_goal,2,13,75,8,gripper,0.13183700372107623,controller_native_action
act-libero_goal-task02-state13,ACT,libero_goal,2,13,75,8,arm_original,0.04028383013520333,controller_native_action
act-libero_goal-task02-state13,ACT,libero_goal,2,13,75,9,translation,0.0583457074292236,controller_native_action
act-libero_goal-task02-state13,ACT,libero_goal,2,13,75,9,rotation,0.008679034693821669,controller_native_action
act-libero_goal-task02-state13,ACT,libero_goal,2,13,75,9,gripper,0.14417615096136896,controller_native_action
act-libero_goal-task02-state13,ACT,libero_goal,2,13,75,9,arm_original,0.041710593490341986,controller_native_action
act-libero_goal-task02-state13,ACT,libero_goal,2,13,75,10,translation,0.06223098475405966,controller_native_action
act-libero_goal-task02-state13,ACT,libero_goal,2,13,75,10,rotation,0.010240218885854368,controller_native_action
act-libero_goal-task02-state13,ACT,libero_goal,2,13,75,10,gripper,0.1475656085040575,controller_native_action
act-libero_goal-task02-state13,ACT,libero_goal,2,13,75,10,arm_original,0.04459572595154279,controller_native_action
act-libero_goal-task02-state13,ACT,libero_goal,2,13,75,11,translation,0.06570947234922891,controller_native_action
act-libero_goal-task02-state13,ACT,libero_goal,2,13,75,11,rotation,0.011712565932261273,controller_native_action
act-libero_goal-task02-state13,ACT,libero_goal,2,13,75,11,gripper,0.14014319225563965,controller_native_action
act-libero_goal-task02-state13,ACT,libero_goal,2,13,75,11,arm_original,0.04719596888046503,controller_native_action
act-libero_goal-task02-state13,ACT,libero_goal,2,13,75,12,translation,0.07091211669820432,controller_native_action
act-libero_goal-task02-state13,ACT,libero_goal,2,13,75,12,rotation,0.013356971445121792,controller_native_action
act-libero_goal-task02-state13,ACT,libero_goal,2,13,75,12,gripper,0.1379874220220754,controller_native_action
act-libero_goal-task02-state13,ACT,libero_goal,2,13,75,12,arm_original,0.05102419514703563,controller_native_action
act-libero_goal-task02-state13,ACT,libero_goal,2,13,75,13,translation,0.07468519808363802,controller_native_action
act-libero_goal-task02-state13,ACT,libero_goal,2,13,75,13,rotation,0.014260687372933062,controller_native_action
act-libero_goal-task02-state13,ACT,libero_goal,2,13,75,13,gripper,0.14502506253427835,controller_native_action
act-libero_goal-task02-state13,ACT,libero_goal,2,13,75,13,arm_original,0.05376451439909404,controller_native_action
act-libero_goal-task02-state13,ACT,libero_goal,2,13,75,14,translation,0.07594091451959785,controller_native_action
act-libero_goal-task02-state13,ACT,libero_goal,2,13,75,14,rotation,0.01447584783267485,controller_native_action
act-libero_goal-task02-state13,ACT,libero_goal,2,13,75,14,gripper,0.15200373376127108,controller_native_action
act-libero_goal-task02-state13,ACT,libero_goal,2,13,75,14,arm_original,0.054665220517929054,controller_native_action
act-libero_goal-task02-state13,ACT,libero_goal,2,13,75,15,translation,0.0734848214619204,controller_native_action
act-libero_goal-task02-state13,ACT,libero_goal,2,13,75,15,rotation,0.014035318879361098,controller_native_action
act-libero_goal-task02-state13,ACT,libero_goal,2,13,75,15,gripper,0.14936840211578195,controller_native_action
act-libero_goal-task02-state13,ACT,libero_goal,2,13,75,15,arm_original,0.05290089394960952,controller_native_action
act-libero_goal-task02-state14,ACT,libero_goal,2,14,69,0,translation,0.0,controller_native_action
act-libero_goal-task02-state14,ACT,libero_goal,2,14,69,0,rotation,0.0,controller_native_action
act-libero_goal-task02-state14,ACT,libero_goal,2,14,69,0,gripper,0.0,controller_native_action
act-libero_goal-task02-state14,ACT,libero_goal,2,14,69,0,arm_original,0.0,controller_native_action
act-libero_goal-task02-state14,ACT,libero_goal,2,14,69,1,translation,0.024300687644455015,controller_native_action
act-libero_goal-task02-state14,ACT,libero_goal,2,14,69,1,rotation,0.00350026462870545,controller_native_action
act-libero_goal-task02-state14,ACT,libero_goal,2,14,69,1,gripper,0.14676097812094485,controller_native_action
act-libero_goal-task02-state14,ACT,libero_goal,2,14,69,1,arm_original,0.01736051946896082,controller_native_action
act-libero_goal-task02-state14,ACT,libero_goal,2,14,69,2,translation,0.04217341488771365,controller_native_action
act-libero_goal-task02-state14,ACT,libero_goal,2,14,69,2,rotation,0.0055516145452010595,controller_native_action
act-libero_goal-task02-state14,ACT,libero_goal,2,14,69,2,gripper,0.22863253470494968,controller_native_action
act-libero_goal-task02-state14,ACT,libero_goal,2,14,69,2,arm_original,0.03007837551588945,controller_native_action
act-libero_goal-task02-state14,ACT,libero_goal,2,14,69,3,translation,0.05239440564534422,controller_native_action
act-libero_goal-task02-state14,ACT,libero_goal,2,14,69,3,rotation,0.006676732194483996,controller_native_action
act-libero_goal-task02-state14,ACT,libero_goal,2,14,69,3,gripper,0.26129253235970157,controller_native_action
act-libero_goal-task02-state14,ACT,libero_goal,2,14,69,3,arm_original,0.037348042088747695,controller_native_action
act-libero_goal-task02-state14,ACT,libero_goal,2,14,69,4,translation,0.055655632819092346,controller_native_action
act-libero_goal-task02-state14,ACT,libero_goal,2,14,69,4,rotation,0.007442868534204694,controller_native_action
act-libero_goal-task02-state14,ACT,libero_goal,2,14,69,4,gripper,0.31969623784560564,controller_native_action
act-libero_goal-task02-state14,ACT,libero_goal,2,14,69,4,arm_original,0.03970482185145202,controller_native_action
act-libero_goal-task02-state14,ACT,libero_goal,2,14,69,5,translation,0.052883276350818374,controller_native_action
act-libero_goal-task02-state14,ACT,libero_goal,2,14,69,5,rotation,0.0076277259138167715,controller_native_action
act-libero_goal-task02-state14,ACT,libero_goal,2,14,69,5,gripper,0.33754782894394925,controller_native_action
act-libero_goal-task02-state14,ACT,libero_goal,2,14,69,5,arm_original,0.03778110056770011,controller_native_action
act-libero_goal-task02-state14,ACT,libero_goal,2,14,69,6,translation,0.052865104822432556,controller_native_action
act-libero_goal-task02-state14,ACT,libero_goal,2,14,69,6,rotation,0.008432140510863186,controller_native_action
act-libero_goal-task02-state14,ACT,libero_goal,2,14,69,6,gripper,0.34107555845852827,controller_native_action
act-libero_goal-task02-state14,ACT,libero_goal,2,14,69,6,arm_original,0.03785379968696486,controller_native_action
act-libero_goal-task02-state14,ACT,libero_goal,2,14,69,7,translation,0.05525803857921152,controller_native_action
act-libero_goal-task02-state14,ACT,libero_goal,2,14,69,7,rotation,0.009628400775740974,controller_native_action
act-libero_goal-task02-state14,ACT,libero_goal,2,14,69,7,gripper,0.3553674855110107,controller_native_action
act-libero_goal-task02-state14,ACT,libero_goal,2,14,69,7,arm_original,0.039662053206559536,controller_native_action
act-libero_goal-task02-state14,ACT,libero_goal,2,14,69,8,translation,0.06558220747000079,controller_native_action
act-libero_goal-task02-state14,ACT,libero_goal,2,14,69,8,rotation,0.01085092543606797,controller_native_action
act-libero_goal-task02-state14,ACT,libero_goal,2,14,69,8,gripper,0.33333360835161147,controller_native_action
act-libero_goal-task02-state14,ACT,libero_goal,2,14,69,8,arm_original,0.04700408769169621,controller_native_action
act-libero_goal-task02-state14,ACT,libero_goal,2,14,69,9,translation,0.07751144005575075,controller_native_action
act-libero_goal-task02-state14,ACT,libero_goal,2,14,69,9,rotation,0.011410087477421069,controller_native_action
act-libero_goal-task02-state14,ACT,libero_goal,2,14,69,9,gripper,0.3472292011761702,controller_native_action
act-libero_goal-task02-state14,ACT,libero_goal,2,14,69,9,arm_original,0.05539951911234718,controller_native_action
act-libero_goal-task02-state14,ACT,libero_goal,2,14,69,10,translation,0.0911209319035029,controller_native_action
act-libero_goal-task02-state14,ACT,libero_goal,2,14,69,10,rotation,0.012512536598608376,controller_native_action
act-libero_goal-task02-state14,ACT,libero_goal,2,14,69,10,gripper,0.37128151898728173,controller_native_action
act-libero_goal-task02-state14,ACT,libero_goal,2,14,69,10,arm_original,0.06503686571128073,controller_native_action
act-libero_goal-task02-state14,ACT,libero_goal,2,14,69,11,translation,0.10091953909118145,controller_native_action
act-libero_goal-task02-state14,ACT,libero_goal,2,14,69,11,rotation,0.013848770267578784,controller_native_action
act-libero_goal-task02-state14,ACT,libero_goal,2,14,69,11,gripper,0.37656755448753615,controller_native_action
act-libero_goal-task02-state14,ACT,libero_goal,2,14,69,11,arm_original,0.07202965295036717,controller_native_action
act-libero_goal-task02-state14,ACT,libero_goal,2,14,69,12,translation,0.09807621207265357,controller_native_action
act-libero_goal-task02-state14,ACT,libero_goal,2,14,69,12,rotation,0.013720648311024198,controller_native_action
act-libero_goal-task02-state14,ACT,libero_goal,2,14,69,12,gripper,0.3514454169198793,controller_native_action
act-libero_goal-task02-state14,ACT,libero_goal,2,14,69,12,arm_original,0.0700257080099692,controller_native_action
act-libero_goal-task02-state14,ACT,libero_goal,2,14,69,13,translation,0.09143587298181731,controller_native_action
act-libero_goal-task02-state14,ACT,libero_goal,2,14,69,13,rotation,0.013428421050928016,controller_native_action
act-libero_goal-task02-state14,ACT,libero_goal,2,14,69,13,gripper,0.354896429486638,controller_native_action
act-libero_goal-task02-state14,ACT,libero_goal,2,14,69,13,arm_original,0.06534845583435019,controller_native_action
act-libero_goal-task02-state14,ACT,libero_goal,2,14,69,14,translation,0.08849062713953372,controller_native_action
act-libero_goal-task02-state14,ACT,libero_goal,2,14,69,14,rotation,0.014147479108385059,controller_native_action
act-libero_goal-task02-state14,ACT,libero_goal,2,14,69,14,gripper,0.3705217757843938,controller_native_action
act-libero_goal-task02-state14,ACT,libero_goal,2,14,69,14,arm_original,0.06336695612332256,controller_native_action
act-libero_goal-task02-state14,ACT,libero_goal,2,14,69,15,translation,0.08289149878590905,controller_native_action
act-libero_goal-task02-state14,ACT,libero_goal,2,14,69,15,rotation,0.013792827666929396,controller_native_action
act-libero_goal-task02-state14,ACT,libero_goal,2,14,69,15,gripper,0.3975785022659401,controller_native_action
act-libero_goal-task02-state14,ACT,libero_goal,2,14,69,15,arm_original,0.0594190317407814,controller_native_action
act-libero_goal-task02-state15,ACT,libero_goal,2,15,70,0,translation,0.0,controller_native_action
act-libero_goal-task02-state15,ACT,libero_goal,2,15,70,0,rotation,0.0,controller_native_action
act-libero_goal-task02-state15,ACT,libero_goal,2,15,70,0,gripper,0.0,controller_native_action
act-libero_goal-task02-state15,ACT,libero_goal,2,15,70,0,arm_original,0.0,controller_native_action
act-libero_goal-task02-state15,ACT,libero_goal,2,15,70,1,translation,0.03976988954513579,controller_native_action
act-libero_goal-task02-state15,ACT,libero_goal,2,15,70,1,rotation,0.0033640261294527792,controller_native_action
act-libero_goal-task02-state15,ACT,libero_goal,2,15,70,1,gripper,0.16736635810968667,controller_native_action
act-libero_goal-task02-state15,ACT,libero_goal,2,15,70,1,arm_original,0.028221984216492843,controller_native_action
act-libero_goal-task02-state15,ACT,libero_goal,2,15,70,2,translation,0.05430156454565968,controller_native_action
act-libero_goal-task02-state15,ACT,libero_goal,2,15,70,2,rotation,0.004962401206353613,controller_native_action
act-libero_goal-task02-state15,ACT,libero_goal,2,15,70,2,gripper,0.21364426819790583,controller_native_action
act-libero_goal-task02-state15,ACT,libero_goal,2,15,70,2,arm_original,0.03855700544543925,controller_native_action
act-libero_goal-task02-state15,ACT,libero_goal,2,15,70,3,translation,0.06108948386462222,controller_native_action
act-libero_goal-task02-state15,ACT,libero_goal,2,15,70,3,rotation,0.006330558306978456,controller_native_action
act-libero_goal-task02-state15,ACT,libero_goal,2,15,70,3,gripper,0.1791064063393105,controller_native_action
act-libero_goal-task02-state15,ACT,libero_goal,2,15,70,3,arm_original,0.04342810730001938,controller_native_action
act-libero_goal-task02-state15,ACT,libero_goal,2,15,70,4,translation,0.0682201886034364,controller_native_action
act-libero_goal-task02-state15,ACT,libero_goal,2,15,70,4,rotation,0.007591676936711509,controller_native_action
act-libero_goal-task02-state15,ACT,libero_goal,2,15,70,4,gripper,0.1829211068100535,controller_native_action
act-libero_goal-task02-state15,ACT,libero_goal,2,15,70,4,arm_original,0.04853672677364962,controller_native_action
act-libero_goal-task02-state15,ACT,libero_goal,2,15,70,5,translation,0.0728359194728311,controller_native_action
act-libero_goal-task02-state15,ACT,libero_goal,2,15,70,5,rotation,0.008417497270761349,controller_native_action
act-libero_goal-task02-state15,ACT,libero_goal,2,15,70,5,gripper,0.18533781473588545,controller_native_action
act-libero_goal-task02-state15,ACT,libero_goal,2,15,70,5,arm_original,0.05184556599052619,controller_native_action
act-libero_goal-task02-state15,ACT,libero_goal,2,15,70,6,translation,0.08011464702210584,controller_native_action
act-libero_goal-task02-state15,ACT,libero_goal,2,15,70,6,rotation,0.009008832820442899,controller_native_action
act-libero_goal-task02-state15,ACT,libero_goal,2,15,70,6,gripper,0.1790522294559763,controller_native_action
act-libero_goal-task02-state15,ACT,libero_goal,2,15,70,6,arm_original,0.057006647578432906,controller_native_action
act-libero_goal-task02-state15,ACT,libero_goal,2,15,70,7,translation,0.0839878708119013,controller_native_action
act-libero_goal-task02-state15,ACT,libero_goal,2,15,70,7,rotation,0.0094788854842626,controller_native_action
act-libero_goal-task02-state15,ACT,libero_goal,2,15,70,7,gripper,0.1719531792137019,controller_native_action
act-libero_goal-task02-state15,ACT,libero_goal,2,15,70,7,arm_original,0.05976542358897989,controller_native_action
act-libero_goal-task02-state15,ACT,libero_goal,2,15,70,8,translation,0.08888181925120206,controller_native_action
act-libero_goal-task02-state15,ACT,libero_goal,2,15,70,8,rotation,0.009985583321624842,controller_native_action
act-libero_goal-task02-state15,ACT,libero_goal,2,15,70,8,gripper,0.1731503715413307,controller_native_action
act-libero_goal-task02-state15,ACT,libero_goal,2,15,70,8,arm_original,0.06324432649525358,controller_native_action
act-libero_goal-task02-state15,ACT,libero_goal,2,15,70,9,translation,0.09274106432430385,controller_native_action
act-libero_goal-task02-state15,ACT,libero_goal,2,15,70,9,rotation,0.010209067268200622,controller_native_action
act-libero_goal-task02-state15,ACT,libero_goal,2,15,70,9,gripper,0.18350833760241636,controller_native_action
act-libero_goal-task02-state15,ACT,libero_goal,2,15,70,9,arm_original,0.06597397239249471,controller_native_action
act-libero_goal-task02-state15,ACT,libero_goal,2,15,70,10,translation,0.09313595540691098,controller_native_action
act-libero_goal-task02-state15,ACT,libero_goal,2,15,70,10,rotation,0.01058205287764516,controller_native_action
act-libero_goal-task02-state15,ACT,libero_goal,2,15,70,10,gripper,0.18996581314368904,controller_native_action
act-libero_goal-task02-state15,ACT,libero_goal,2,15,70,10,arm_original,0.06628078919514836,controller_native_action
act-libero_goal-task02-state15,ACT,libero_goal,2,15,70,11,translation,0.08753445454334417,controller_native_action
act-libero_goal-task02-state15,ACT,libero_goal,2,15,70,11,rotation,0.010894785201913304,controller_native_action
act-libero_goal-task02-state15,ACT,libero_goal,2,15,70,11,gripper,0.2106924248968351,controller_native_action
act-libero_goal-task02-state15,ACT,libero_goal,2,15,70,11,arm_original,0.06237378085701001,controller_native_action
act-libero_goal-task02-state15,ACT,libero_goal,2,15,70,12,translation,0.08680058438082053,controller_native_action
act-libero_goal-task02-state15,ACT,libero_goal,2,15,70,12,rotation,0.011704092967994222,controller_native_action
act-libero_goal-task02-state15,ACT,libero_goal,2,15,70,12,gripper,0.20647651075232482,controller_native_action
act-libero_goal-task02-state15,ACT,libero_goal,2,15,70,12,arm_original,0.06193273464435183,controller_native_action
act-libero_goal-task02-state15,ACT,libero_goal,2,15,70,13,translation,0.0880952562801257,controller_native_action
act-libero_goal-task02-state15,ACT,libero_goal,2,15,70,13,rotation,0.01260735769892611,controller_native_action
act-libero_goal-task02-state15,ACT,libero_goal,2,15,70,13,gripper,0.19415591678744798,controller_native_action
act-libero_goal-task02-state15,ACT,libero_goal,2,15,70,13,arm_original,0.06292741710578029,controller_native_action
act-libero_goal-task02-state15,ACT,libero_goal,2,15,70,14,translation,0.08950778478370877,controller_native_action
act-libero_goal-task02-state15,ACT,libero_goal,2,15,70,14,rotation,0.013684869894392796,controller_native_action
act-libero_goal-task02-state15,ACT,libero_goal,2,15,70,14,gripper,0.17447490954232098,controller_native_action
act-libero_goal-task02-state15,ACT,libero_goal,2,15,70,14,arm_original,0.06402702242379066,controller_native_action
act-libero_goal-task02-state15,ACT,libero_goal,2,15,70,15,translation,0.09128919214283314,controller_native_action
act-libero_goal-task02-state15,ACT,libero_goal,2,15,70,15,rotation,0.014395132470108986,controller_native_action
act-libero_goal-task02-state15,ACT,libero_goal,2,15,70,15,gripper,0.16521887783731282,controller_native_action
act-libero_goal-task02-state15,ACT,libero_goal,2,15,70,15,arm_original,0.06534881957971045,controller_native_action
act-libero_goal-task02-state16,ACT,libero_goal,2,16,79,0,translation,0.0,controller_native_action
act-libero_goal-task02-state16,ACT,libero_goal,2,16,79,0,rotation,0.0,controller_native_action
act-libero_goal-task02-state16,ACT,libero_goal,2,16,79,0,gripper,0.0,controller_native_action
act-libero_goal-task02-state16,ACT,libero_goal,2,16,79,0,arm_original,0.0,controller_native_action
act-libero_goal-task02-state16,ACT,libero_goal,2,16,79,1,translation,0.02728739138826605,controller_native_action
act-libero_goal-task02-state16,ACT,libero_goal,2,16,79,1,rotation,0.0035907436994634897,controller_native_action
act-libero_goal-task02-state16,ACT,libero_goal,2,16,79,1,gripper,0.07367862224149302,controller_native_action
act-libero_goal-task02-state16,ACT,libero_goal,2,16,79,1,arm_original,0.019461438398685398,controller_native_action
act-libero_goal-task02-state16,ACT,libero_goal,2,16,79,2,translation,0.046251026016826895,controller_native_action
act-libero_goal-task02-state16,ACT,libero_goal,2,16,79,2,rotation,0.005812154758328294,controller_native_action
act-libero_goal-task02-state16,ACT,libero_goal,2,16,79,2,gripper,0.15107767874447592,controller_native_action
act-libero_goal-task02-state16,ACT,libero_goal,2,16,79,2,arm_original,0.032961633382949614,controller_native_action
act-libero_goal-task02-state16,ACT,libero_goal,2,16,79,3,translation,0.05654336489403235,controller_native_action
act-libero_goal-task02-state16,ACT,libero_goal,2,16,79,3,rotation,0.007012214581473579,controller_native_action
act-libero_goal-task02-state16,ACT,libero_goal,2,16,79,3,gripper,0.17222080935119666,controller_native_action
act-libero_goal-task02-state16,ACT,libero_goal,2,16,79,3,arm_original,0.04028848015795781,controller_native_action
act-libero_goal-task02-state16,ACT,libero_goal,2,16,79,4,translation,0.061315208283222615,controller_native_action
act-libero_goal-task02-state16,ACT,libero_goal,2,16,79,4,rotation,0.00748146954664153,controller_native_action
act-libero_goal-task02-state16,ACT,libero_goal,2,16,79,4,gripper,0.24362527270410012,controller_native_action
act-libero_goal-task02-state16,ACT,libero_goal,2,16,79,4,arm_original,0.043677952981981065,controller_native_action
act-libero_goal-task02-state16,ACT,libero_goal,2,16,79,5,translation,0.05942867567946847,controller_native_action
act-libero_goal-task02-state16,ACT,libero_goal,2,16,79,5,rotation,0.0072259998072864455,controller_native_action
act-libero_goal-task02-state16,ACT,libero_goal,2,16,79,5,gripper,0.27424037498181386,controller_native_action
act-libero_goal-task02-state16,ACT,libero_goal,2,16,79,5,arm_original,0.0423319180183839,controller_native_action
act-libero_goal-task02-state16,ACT,libero_goal,2,16,79,6,translation,0.060856515318534074,controller_native_action
act-libero_goal-task02-state16,ACT,libero_goal,2,16,79,6,rotation,0.007470254730113366,controller_native_action
act-libero_goal-task02-state16,ACT,libero_goal,2,16,79,6,gripper,0.286498611834385,controller_native_action
act-libero_goal-task02-state16,ACT,libero_goal,2,16,79,6,arm_original,0.04335504677916836,controller_native_action
act-libero_goal-task02-state16,ACT,libero_goal,2,16,79,7,translation,0.05932042621915785,controller_native_action
act-libero_goal-task02-state16,ACT,libero_goal,2,16,79,7,rotation,0.007869128551561789,controller_native_action
act-libero_goal-task02-state16,ACT,libero_goal,2,16,79,7,gripper,0.3127298719955778,controller_native_action
act-libero_goal-task02-state16,ACT,libero_goal,2,16,79,7,arm_original,0.04231333212465992,controller_native_action
act-libero_goal-task02-state16,ACT,libero_goal,2,16,79,8,translation,0.056722843785858235,controller_native_action
act-libero_goal-task02-state16,ACT,libero_goal,2,16,79,8,rotation,0.007555322711427663,controller_native_action
act-libero_goal-task02-state16,ACT,libero_goal,2,16,79,8,gripper,0.2906131690251552,controller_native_action
act-libero_goal-task02-state16,ACT,libero_goal,2,16,79,8,arm_original,0.04046334086817777,controller_native_action
act-libero_goal-task02-state16,ACT,libero_goal,2,16,79,9,translation,0.0570959794439725,controller_native_action
act-libero_goal-task02-state16,ACT,libero_goal,2,16,79,9,rotation,0.007685507274715331,controller_native_action
act-libero_goal-task02-state16,ACT,libero_goal,2,16,79,9,gripper,0.3035426524890678,controller_native_action
act-libero_goal-task02-state16,ACT,libero_goal,2,16,79,9,arm_original,0.040737070898238574,controller_native_action
act-libero_goal-task02-state16,ACT,libero_goal,2,16,79,10,translation,0.05780406058605871,controller_native_action
act-libero_goal-task02-state16,ACT,libero_goal,2,16,79,10,rotation,0.008323137363375529,controller_native_action
act-libero_goal-task02-state16,ACT,libero_goal,2,16,79,10,gripper,0.29969767409627734,controller_native_action
act-libero_goal-task02-state16,ACT,libero_goal,2,16,79,10,arm_original,0.041295181533723545,controller_native_action
act-libero_goal-task02-state16,ACT,libero_goal,2,16,79,11,translation,0.058211649496856525,controller_native_action
act-libero_goal-task02-state16,ACT,libero_goal,2,16,79,11,rotation,0.009255570610518161,controller_native_action
act-libero_goal-task02-state16,ACT,libero_goal,2,16,79,11,gripper,0.3005112154624859,controller_native_action
act-libero_goal-task02-state16,ACT,libero_goal,2,16,79,11,arm_original,0.04167890188375387,controller_native_action
act-libero_goal-task02-state16,ACT,libero_goal,2,16,79,12,translation,0.05665278279814145,controller_native_action
act-libero_goal-task02-state16,ACT,libero_goal,2,16,79,12,rotation,0.01051104959349073,controller_native_action
act-libero_goal-task02-state16,ACT,libero_goal,2,16,79,12,gripper,0.2585328785673044,controller_native_action
act-libero_goal-task02-state16,ACT,libero_goal,2,16,79,12,arm_original,0.040743220063773886,controller_native_action
act-libero_goal-task02-state16,ACT,libero_goal,2,16,79,13,translation,0.05958176901431791,controller_native_action
act-libero_goal-task02-state16,ACT,libero_goal,2,16,79,13,rotation,0.012178773475024392,controller_native_action
act-libero_goal-task02-state16,ACT,libero_goal,2,16,79,13,gripper,0.19728210344215885,controller_native_action
act-libero_goal-task02-state16,ACT,libero_goal,2,16,79,13,arm_original,0.04300180067294561,controller_native_action
act-libero_goal-task02-state16,ACT,libero_goal,2,16,79,14,translation,0.06285981665918088,controller_native_action
act-libero_goal-task02-state16,ACT,libero_goal,2,16,79,14,rotation,0.013450322860122307,controller_native_action
act-libero_goal-task02-state16,ACT,libero_goal,2,16,79,14,gripper,0.22068955331048365,controller_native_action
act-libero_goal-task02-state16,ACT,libero_goal,2,16,79,14,arm_original,0.045454745271904025,controller_native_action
act-libero_goal-task02-state16,ACT,libero_goal,2,16,79,15,translation,0.06867326360847557,controller_native_action
act-libero_goal-task02-state16,ACT,libero_goal,2,16,79,15,rotation,0.015033125950255325,controller_native_action
act-libero_goal-task02-state16,ACT,libero_goal,2,16,79,15,gripper,0.21771181671459158,controller_native_action
act-libero_goal-task02-state16,ACT,libero_goal,2,16,79,15,arm_original,0.04970921449025027,controller_native_action
act-libero_goal-task02-state17,ACT,libero_goal,2,17,65,0,translation,0.0,controller_native_action
act-libero_goal-task02-state17,ACT,libero_goal,2,17,65,0,rotation,0.0,controller_native_action
act-libero_goal-task02-state17,ACT,libero_goal,2,17,65,0,gripper,0.0,controller_native_action
act-libero_goal-task02-state17,ACT,libero_goal,2,17,65,0,arm_original,0.0,controller_native_action
act-libero_goal-task02-state17,ACT,libero_goal,2,17,65,1,translation,0.02456468938910716,controller_native_action
act-libero_goal-task02-state17,ACT,libero_goal,2,17,65,1,rotation,0.0038038915264930707,controller_native_action
act-libero_goal-task02-state17,ACT,libero_goal,2,17,65,1,gripper,0.21168103203967517,controller_native_action
act-libero_goal-task02-state17,ACT,libero_goal,2,17,65,1,arm_original,0.017576881912453067,controller_native_action
act-libero_goal-task02-state17,ACT,libero_goal,2,17,65,2,translation,0.038224109910360085,controller_native_action
act-libero_goal-task02-state17,ACT,libero_goal,2,17,65,2,rotation,0.0057283758103801674,controller_native_action
act-libero_goal-task02-state17,ACT,libero_goal,2,17,65,2,gripper,0.2636259364848945,controller_native_action
act-libero_goal-task02-state17,ACT,libero_goal,2,17,65,2,arm_original,0.027330357369271967,controller_native_action
act-libero_goal-task02-state17,ACT,libero_goal,2,17,65,3,translation,0.04679611189485938,controller_native_action
act-libero_goal-task02-state17,ACT,libero_goal,2,17,65,3,rotation,0.0073762915082665696,controller_native_action
act-libero_goal-task02-state17,ACT,libero_goal,2,17,65,3,gripper,0.35456711966762106,controller_native_action
act-libero_goal-task02-state17,ACT,libero_goal,2,17,65,3,arm_original,0.033498401192378756,controller_native_action
act-libero_goal-task02-state17,ACT,libero_goal,2,17,65,4,translation,0.05497056317120309,controller_native_action
act-libero_goal-task02-state17,ACT,libero_goal,2,17,65,4,rotation,0.008388053577378773,controller_native_action
act-libero_goal-task02-state17,ACT,libero_goal,2,17,65,4,gripper,0.3856532495472914,controller_native_action
act-libero_goal-task02-state17,ACT,libero_goal,2,17,65,4,arm_original,0.03931998383885862,controller_native_action
act-libero_goal-task02-state17,ACT,libero_goal,2,17,65,5,translation,0.05771537727915645,controller_native_action
act-libero_goal-task02-state17,ACT,libero_goal,2,17,65,5,rotation,0.009450470967325231,controller_native_action
act-libero_goal-task02-state17,ACT,libero_goal,2,17,65,5,gripper,0.4036650840707866,controller_native_action
act-libero_goal-task02-state17,ACT,libero_goal,2,17,65,5,arm_original,0.04135442041656264,controller_native_action
act-libero_goal-task02-state17,ACT,libero_goal,2,17,65,6,translation,0.062037648304917946,controller_native_action
act-libero_goal-task02-state17,ACT,libero_goal,2,17,65,6,rotation,0.010387150784399071,controller_native_action
act-libero_goal-task02-state17,ACT,libero_goal,2,17,65,6,gripper,0.42313838667436926,controller_native_action
act-libero_goal-task02-state17,ACT,libero_goal,2,17,65,6,arm_original,0.04447787488528724,controller_native_action
act-libero_goal-task02-state17,ACT,libero_goal,2,17,65,7,translation,0.06665418644315262,controller_native_action
act-libero_goal-task02-state17,ACT,libero_goal,2,17,65,7,rotation,0.010790433188386581,controller_native_action
act-libero_goal-task02-state17,ACT,libero_goal,2,17,65,7,gripper,0.40961952450440564,controller_native_action
act-libero_goal-task02-state17,ACT,libero_goal,2,17,65,7,arm_original,0.04774523022664979,controller_native_action
act-libero_goal-task02-state17,ACT,libero_goal,2,17,65,8,translation,0.07148830865401519,controller_native_action
act-libero_goal-task02-state17,ACT,libero_goal,2,17,65,8,rotation,0.011339567114483133,controller_native_action
act-libero_goal-task02-state17,ACT,libero_goal,2,17,65,8,gripper,0.38428805247100445,controller_native_action
act-libero_goal-task02-state17,ACT,libero_goal,2,17,65,8,arm_original,0.05118185252878021,controller_native_action
act-libero_goal-task02-state17,ACT,libero_goal,2,17,65,9,translation,0.07649862054622222,controller_native_action
act-libero_goal-task02-state17,ACT,libero_goal,2,17,65,9,rotation,0.011723042201828245,controller_native_action
act-libero_goal-task02-state17,ACT,libero_goal,2,17,65,9,gripper,0.38005522131053604,controller_native_action
act-libero_goal-task02-state17,ACT,libero_goal,2,17,65,9,arm_original,0.05472416588647441,controller_native_action
act-libero_goal-task02-state17,ACT,libero_goal,2,17,65,10,translation,0.08478967892072195,controller_native_action
act-libero_goal-task02-state17,ACT,libero_goal,2,17,65,10,rotation,0.012360073458628117,controller_native_action
act-libero_goal-task02-state17,ACT,libero_goal,2,17,65,10,gripper,0.3961151824306958,controller_native_action
act-libero_goal-task02-state17,ACT,libero_goal,2,17,65,10,arm_original,0.060589029813085,controller_native_action
act-libero_goal-task02-state17,ACT,libero_goal,2,17,65,11,translation,0.09127602022491109,controller_native_action
act-libero_goal-task02-state17,ACT,libero_goal,2,17,65,11,rotation,0.013064608045065769,controller_native_action
act-libero_goal-task02-state17,ACT,libero_goal,2,17,65,11,gripper,0.4282987677674298,controller_native_action
act-libero_goal-task02-state17,ACT,libero_goal,2,17,65,11,arm_original,0.06519967734379356,controller_native_action
act-libero_goal-task02-state17,ACT,libero_goal,2,17,65,12,translation,0.09500640192235849,controller_native_action
act-libero_goal-task02-state17,ACT,libero_goal,2,17,65,12,rotation,0.013564748457320419,controller_native_action
act-libero_goal-task02-state17,ACT,libero_goal,2,17,65,12,gripper,0.4636437093098448,controller_native_action
act-libero_goal-task02-state17,ACT,libero_goal,2,17,65,12,arm_original,0.06786095639962311,controller_native_action
act-libero_goal-task02-state17,ACT,libero_goal,2,17,65,13,translation,0.10128237881875377,controller_native_action
act-libero_goal-task02-state17,ACT,libero_goal,2,17,65,13,rotation,0.014064931434774173,controller_native_action
act-libero_goal-task02-state17,ACT,libero_goal,2,17,65,13,gripper,0.4718136842567235,controller_native_action
act-libero_goal-task02-state17,ACT,libero_goal,2,17,65,13,arm_original,0.07230471131071073,controller_native_action
act-libero_goal-task02-state17,ACT,libero_goal,2,17,65,14,translation,0.10610046410714939,controller_native_action
act-libero_goal-task02-state17,ACT,libero_goal,2,17,65,14,rotation,0.014514456570876345,controller_native_action
act-libero_goal-task02-state17,ACT,libero_goal,2,17,65,14,gripper,0.4892175298812237,controller_native_action
act-libero_goal-task02-state17,ACT,libero_goal,2,17,65,14,arm_original,0.07572310721734928,controller_native_action
act-libero_goal-task02-state17,ACT,libero_goal,2,17,65,15,translation,0.10863410390582177,controller_native_action
act-libero_goal-task02-state17,ACT,libero_goal,2,17,65,15,rotation,0.014592879701195216,controller_native_action
act-libero_goal-task02-state17,ACT,libero_goal,2,17,65,15,gripper,0.4929648122755249,controller_native_action
act-libero_goal-task02-state17,ACT,libero_goal,2,17,65,15,arm_original,0.07750587290455618,controller_native_action
act-libero_goal-task02-state18,ACT,libero_goal,2,18,74,0,translation,0.0,controller_native_action
act-libero_goal-task02-state18,ACT,libero_goal,2,18,74,0,rotation,0.0,controller_native_action
act-libero_goal-task02-state18,ACT,libero_goal,2,18,74,0,gripper,0.0,controller_native_action
act-libero_goal-task02-state18,ACT,libero_goal,2,18,74,0,arm_original,0.0,controller_native_action
act-libero_goal-task02-state18,ACT,libero_goal,2,18,74,1,translation,0.02443152189460721,controller_native_action
act-libero_goal-task02-state18,ACT,libero_goal,2,18,74,1,rotation,0.0033498441307977258,controller_native_action
act-libero_goal-task02-state18,ACT,libero_goal,2,18,74,1,gripper,0.15039875797937524,controller_native_action
act-libero_goal-task02-state18,ACT,libero_goal,2,18,74,1,arm_original,0.017437326598239072,controller_native_action
act-libero_goal-task02-state18,ACT,libero_goal,2,18,74,2,translation,0.0341715078774246,controller_native_action
act-libero_goal-task02-state18,ACT,libero_goal,2,18,74,2,rotation,0.0049687720341767385,controller_native_action
act-libero_goal-task02-state18,ACT,libero_goal,2,18,74,2,gripper,0.3014668479973048,controller_native_action
act-libero_goal-task02-state18,ACT,libero_goal,2,18,74,2,arm_original,0.024417008888728657,controller_native_action
act-libero_goal-task02-state18,ACT,libero_goal,2,18,74,3,translation,0.045608539189570696,controller_native_action
act-libero_goal-task02-state18,ACT,libero_goal,2,18,74,3,rotation,0.007179874379310182,controller_native_action
act-libero_goal-task02-state18,ACT,libero_goal,2,18,74,3,gripper,0.3039061826800462,controller_native_action
act-libero_goal-task02-state18,ACT,libero_goal,2,18,74,3,arm_original,0.03264727739880678,controller_native_action
act-libero_goal-task02-state18,ACT,libero_goal,2,18,74,4,translation,0.04992830585258858,controller_native_action
act-libero_goal-task02-state18,ACT,libero_goal,2,18,74,4,rotation,0.008208331422756544,controller_native_action
act-libero_goal-task02-state18,ACT,libero_goal,2,18,74,4,gripper,0.2690750229708518,controller_native_action
act-libero_goal-task02-state18,ACT,libero_goal,2,18,74,4,arm_original,0.035778572009342716,controller_native_action
act-libero_goal-task02-state18,ACT,libero_goal,2,18,74,5,translation,0.049558660525660964,controller_native_action
act-libero_goal-task02-state18,ACT,libero_goal,2,18,74,5,rotation,0.009104510096142717,controller_native_action
act-libero_goal-task02-state18,ACT,libero_goal,2,18,74,5,gripper,0.24407099365222742,controller_native_action
act-libero_goal-task02-state18,ACT,libero_goal,2,18,74,5,arm_original,0.03562971328251514,controller_native_action
act-libero_goal-task02-state18,ACT,libero_goal,2,18,74,6,translation,0.04926027839452027,controller_native_action
act-libero_goal-task02-state18,ACT,libero_goal,2,18,74,6,rotation,0.010126038445815614,controller_native_action
act-libero_goal-task02-state18,ACT,libero_goal,2,18,74,6,gripper,0.2512361239522605,controller_native_action
act-libero_goal-task02-state18,ACT,libero_goal,2,18,74,6,arm_original,0.03556059393564579,controller_native_action
act-libero_goal-task02-state18,ACT,libero_goal,2,18,74,7,translation,0.048958652081750854,controller_native_action
act-libero_goal-task02-state18,ACT,libero_goal,2,18,74,7,rotation,0.010659461786106227,controller_native_action
act-libero_goal-task02-state18,ACT,libero_goal,2,18,74,7,gripper,0.21653497354283974,controller_native_action
act-libero_goal-task02-state18,ACT,libero_goal,2,18,74,7,arm_original,0.03543002779586396,controller_native_action
act-libero_goal-task02-state18,ACT,libero_goal,2,18,74,8,translation,0.04779845976826975,controller_native_action
act-libero_goal-task02-state18,ACT,libero_goal,2,18,74,8,rotation,0.010548316753697974,controller_native_action
act-libero_goal-task02-state18,ACT,libero_goal,2,18,74,8,gripper,0.21833352136795317,controller_native_action
act-libero_goal-task02-state18,ACT,libero_goal,2,18,74,8,arm_original,0.03461184582303613,controller_native_action
act-libero_goal-task02-state18,ACT,libero_goal,2,18,74,9,translation,0.05097331231934376,controller_native_action
act-libero_goal-task02-state18,ACT,libero_goal,2,18,74,9,rotation,0.011004877741588833,controller_native_action
act-libero_goal-task02-state18,ACT,libero_goal,2,18,74,9,gripper,0.2334374716263481,controller_native_action
act-libero_goal-task02-state18,ACT,libero_goal,2,18,74,9,arm_original,0.03687401458285143,controller_native_action
act-libero_goal-task02-state18,ACT,libero_goal,2,18,74,10,translation,0.054079893997719064,controller_native_action
act-libero_goal-task02-state18,ACT,libero_goal,2,18,74,10,rotation,0.011183462667292777,controller_native_action
act-libero_goal-task02-state18,ACT,libero_goal,2,18,74,10,gripper,0.20587356638936266,controller_native_action
act-libero_goal-task02-state18,ACT,libero_goal,2,18,74,10,arm_original,0.03904935833042114,controller_native_action
act-libero_goal-task02-state18,ACT,libero_goal,2,18,74,11,translation,0.05915554464774075,controller_native_action
act-libero_goal-task02-state18,ACT,libero_goal,2,18,74,11,rotation,0.011735430385139927,controller_native_action
act-libero_goal-task02-state18,ACT,libero_goal,2,18,74,11,gripper,0.2007029996193513,controller_native_action
act-libero_goal-task02-state18,ACT,libero_goal,2,18,74,11,arm_original,0.04264445326707398,controller_native_action
act-libero_goal-task02-state18,ACT,libero_goal,2,18,74,12,translation,0.06291809294842492,controller_native_action
act-libero_goal-task02-state18,ACT,libero_goal,2,18,74,12,rotation,0.012293516113053116,controller_native_action
act-libero_goal-task02-state18,ACT,libero_goal,2,18,74,12,gripper,0.19593250390149683,controller_native_action
act-libero_goal-task02-state18,ACT,libero_goal,2,18,74,12,arm_original,0.045331098369047564,controller_native_action
act-libero_goal-task02-state18,ACT,libero_goal,2,18,74,13,translation,0.060333504395911404,controller_native_action
act-libero_goal-task02-state18,ACT,libero_goal,2,18,74,13,rotation,0.012279007929267081,controller_native_action
act-libero_goal-task02-state18,ACT,libero_goal,2,18,74,13,gripper,0.1826665930351922,controller_native_action
act-libero_goal-task02-state18,ACT,libero_goal,2,18,74,13,arm_original,0.04353679931057441,controller_native_action
act-libero_goal-task02-state18,ACT,libero_goal,2,18,74,14,translation,0.05872661890516757,controller_native_action
act-libero_goal-task02-state18,ACT,libero_goal,2,18,74,14,rotation,0.012715221132511187,controller_native_action
act-libero_goal-task02-state18,ACT,libero_goal,2,18,74,14,gripper,0.15498154364375766,controller_native_action
act-libero_goal-task02-state18,ACT,libero_goal,2,18,74,14,arm_original,0.04248819022082162,controller_native_action
act-libero_goal-task02-state18,ACT,libero_goal,2,18,74,15,translation,0.055996369534934774,controller_native_action
act-libero_goal-task02-state18,ACT,libero_goal,2,18,74,15,rotation,0.012743485036471533,controller_native_action
act-libero_goal-task02-state18,ACT,libero_goal,2,18,74,15,gripper,0.09260530120852256,controller_native_action
act-libero_goal-task02-state18,ACT,libero_goal,2,18,74,15,arm_original,0.040607818286431896,controller_native_action
act-libero_goal-task02-state19,ACT,libero_goal,2,19,67,0,translation,0.0,controller_native_action
act-libero_goal-task02-state19,ACT,libero_goal,2,19,67,0,rotation,0.0,controller_native_action
act-libero_goal-task02-state19,ACT,libero_goal,2,19,67,0,gripper,0.0,controller_native_action
act-libero_goal-task02-state19,ACT,libero_goal,2,19,67,0,arm_original,0.0,controller_native_action
act-libero_goal-task02-state19,ACT,libero_goal,2,19,67,1,translation,0.027649778532605047,controller_native_action
act-libero_goal-task02-state19,ACT,libero_goal,2,19,67,1,rotation,0.0035402910305502664,controller_native_action
act-libero_goal-task02-state19,ACT,libero_goal,2,19,67,1,gripper,0.0780148336402462,controller_native_action
act-libero_goal-task02-state19,ACT,libero_goal,2,19,67,1,arm_original,0.019710960320125218,controller_native_action
act-libero_goal-task02-state19,ACT,libero_goal,2,19,67,2,translation,0.041559084308720774,controller_native_action
act-libero_goal-task02-state19,ACT,libero_goal,2,19,67,2,rotation,0.0055864912752875955,controller_native_action
act-libero_goal-task02-state19,ACT,libero_goal,2,19,67,2,gripper,0.14816737191424997,controller_native_action
act-libero_goal-task02-state19,ACT,libero_goal,2,19,67,2,arm_original,0.02965102336638843,controller_native_action
act-libero_goal-task02-state19,ACT,libero_goal,2,19,67,3,translation,0.05075159020582593,controller_native_action
act-libero_goal-task02-state19,ACT,libero_goal,2,19,67,3,rotation,0.006682719678589411,controller_native_action
act-libero_goal-task02-state19,ACT,libero_goal,2,19,67,3,gripper,0.18383182623667887,controller_native_action
act-libero_goal-task02-state19,ACT,libero_goal,2,19,67,3,arm_original,0.036196565104459094,controller_native_action
act-libero_goal-task02-state19,ACT,libero_goal,2,19,67,4,translation,0.05292897766616368,controller_native_action
act-libero_goal-task02-state19,ACT,libero_goal,2,19,67,4,rotation,0.006808281325020581,controller_native_action
act-libero_goal-task02-state19,ACT,libero_goal,2,19,67,4,gripper,0.16397894811221994,controller_native_action
act-libero_goal-task02-state19,ACT,libero_goal,2,19,67,4,arm_original,0.037734794098986925,controller_native_action
act-libero_goal-task02-state19,ACT,libero_goal,2,19,67,5,translation,0.05111073137471153,controller_native_action
act-libero_goal-task02-state19,ACT,libero_goal,2,19,67,5,rotation,0.007024878894837124,controller_native_action
act-libero_goal-task02-state19,ACT,libero_goal,2,19,67,5,gripper,0.2378986593748456,controller_native_action
act-libero_goal-task02-state19,ACT,libero_goal,2,19,67,5,arm_original,0.036480513874841795,controller_native_action
act-libero_goal-task02-state19,ACT,libero_goal,2,19,67,6,translation,0.051625026387813244,controller_native_action
act-libero_goal-task02-state19,ACT,libero_goal,2,19,67,6,rotation,0.007392710295769552,controller_native_action
act-libero_goal-task02-state19,ACT,libero_goal,2,19,67,6,gripper,0.22209116103393378,controller_native_action
act-libero_goal-task02-state19,ACT,libero_goal,2,19,67,6,arm_original,0.0368767915840003,controller_native_action
act-libero_goal-task02-state19,ACT,libero_goal,2,19,67,7,translation,0.05675488090938124,controller_native_action
act-libero_goal-task02-state19,ACT,libero_goal,2,19,67,7,rotation,0.008002998339522746,controller_native_action
act-libero_goal-task02-state19,ACT,libero_goal,2,19,67,7,gripper,0.18412239086306753,controller_native_action
act-libero_goal-task02-state19,ACT,libero_goal,2,19,67,7,arm_original,0.04052878291696193,controller_native_action
act-libero_goal-task02-state19,ACT,libero_goal,2,19,67,8,translation,0.05638375041778806,controller_native_action
act-libero_goal-task02-state19,ACT,libero_goal,2,19,67,8,rotation,0.007777462861751797,controller_native_action
act-libero_goal-task02-state19,ACT,libero_goal,2,19,67,8,gripper,0.23478305101594663,controller_native_action
act-libero_goal-task02-state19,ACT,libero_goal,2,19,67,8,arm_original,0.04024683987433885,controller_native_action
act-libero_goal-task02-state19,ACT,libero_goal,2,19,67,9,translation,0.05516981735436807,controller_native_action
act-libero_goal-task02-state19,ACT,libero_goal,2,19,67,9,rotation,0.00757760483054329,controller_native_action
act-libero_goal-task02-state19,ACT,libero_goal,2,19,67,9,gripper,0.20568743984114735,controller_native_action
act-libero_goal-task02-state19,ACT,libero_goal,2,19,67,9,arm_original,0.03937720687074062,controller_native_action
act-libero_goal-task02-state19,ACT,libero_goal,2,19,67,10,translation,0.0505368274697284,controller_native_action
act-libero_goal-task02-state19,ACT,libero_goal,2,19,67,10,rotation,0.007227486466824021,controller_native_action
act-libero_goal-task02-state19,ACT,libero_goal,2,19,67,10,gripper,0.21172541172841813,controller_native_action
act-libero_goal-task02-state19,ACT,libero_goal,2,19,67,10,arm_original,0.03609852830333406,controller_native_action
act-libero_goal-task02-state19,ACT,libero_goal,2,19,67,11,translation,0.047388579075993184,controller_native_action
act-libero_goal-task02-state19,ACT,libero_goal,2,19,67,11,rotation,0.006713711078641349,controller_native_action
act-libero_goal-task02-state19,ACT,libero_goal,2,19,67,11,gripper,0.19448703664253522,controller_native_action
act-libero_goal-task02-state19,ACT,libero_goal,2,19,67,11,arm_original,0.03384339923300503,controller_native_action
act-libero_goal-task02-state19,ACT,libero_goal,2,19,67,12,translation,0.05080600621975065,controller_native_action
act-libero_goal-task02-state19,ACT,libero_goal,2,19,67,12,rotation,0.006832122331600343,controller_native_action
act-libero_goal-task02-state19,ACT,libero_goal,2,19,67,12,gripper,0.20395968504152065,controller_native_action
act-libero_goal-task02-state19,ACT,libero_goal,2,19,67,12,arm_original,0.03624864248185918,controller_native_action
act-libero_goal-task02-state19,ACT,libero_goal,2,19,67,13,translation,0.04941975514286653,controller_native_action
act-libero_goal-task02-state19,ACT,libero_goal,2,19,67,13,rotation,0.007153414839583951,controller_native_action
act-libero_goal-task02-state19,ACT,libero_goal,2,19,67,13,gripper,0.2043220902894678,controller_native_action
act-libero_goal-task02-state19,ACT,libero_goal,2,19,67,13,arm_original,0.035309230678733726,controller_native_action
act-libero_goal-task02-state19,ACT,libero_goal,2,19,67,14,translation,0.05075325432789654,controller_native_action
act-libero_goal-task02-state19,ACT,libero_goal,2,19,67,14,rotation,0.007764083810922449,controller_native_action
act-libero_goal-task02-state19,ACT,libero_goal,2,19,67,14,gripper,0.1608154346927954,controller_native_action
act-libero_goal-task02-state19,ACT,libero_goal,2,19,67,14,arm_original,0.03630546668406272,controller_native_action
act-libero_goal-task02-state19,ACT,libero_goal,2,19,67,15,translation,0.050751593145490465,controller_native_action
act-libero_goal-task02-state19,ACT,libero_goal,2,19,67,15,rotation,0.008160830751548564,controller_native_action
act-libero_goal-task02-state19,ACT,libero_goal,2,19,67,15,gripper,0.13317609828998225,controller_native_action
act-libero_goal-task02-state19,ACT,libero_goal,2,19,67,15,arm_original,0.0363477878650188,controller_native_action
act-libero_10-task03-state10,ACT,libero_10,3,10,234,0,translation,0.0,controller_native_action
act-libero_10-task03-state10,ACT,libero_10,3,10,234,0,rotation,0.0,controller_native_action
act-libero_10-task03-state10,ACT,libero_10,3,10,234,0,gripper,0.0,controller_native_action
act-libero_10-task03-state10,ACT,libero_10,3,10,234,0,arm_original,0.0,controller_native_action
act-libero_10-task03-state10,ACT,libero_10,3,10,234,1,translation,0.018581313494098247,controller_native_action
act-libero_10-task03-state10,ACT,libero_10,3,10,234,1,rotation,0.005489382015923853,controller_native_action
act-libero_10-task03-state10,ACT,libero_10,3,10,234,1,gripper,0.03593821528777541,controller_native_action
act-libero_10-task03-state10,ACT,libero_10,3,10,234,1,arm_original,0.013700338063031618,controller_native_action
act-libero_10-task03-state10,ACT,libero_10,3,10,234,2,translation,0.027754401304736727,controller_native_action
act-libero_10-task03-state10,ACT,libero_10,3,10,234,2,rotation,0.008167641037509601,controller_native_action
act-libero_10-task03-state10,ACT,libero_10,3,10,234,2,gripper,0.0715361263043637,controller_native_action
act-libero_10-task03-state10,ACT,libero_10,3,10,234,2,arm_original,0.020457482150816882,controller_native_action
act-libero_10-task03-state10,ACT,libero_10,3,10,234,3,translation,0.035709197178327975,controller_native_action
act-libero_10-task03-state10,ACT,libero_10,3,10,234,3,rotation,0.010733542405450791,controller_native_action
act-libero_10-task03-state10,ACT,libero_10,3,10,234,3,gripper,0.09989034537043576,controller_native_action
act-libero_10-task03-state10,ACT,libero_10,3,10,234,3,arm_original,0.026366225513811386,controller_native_action
act-libero_10-task03-state10,ACT,libero_10,3,10,234,4,translation,0.04061725128765741,controller_native_action
act-libero_10-task03-state10,ACT,libero_10,3,10,234,4,rotation,0.011897206377223002,controller_native_action
act-libero_10-task03-state10,ACT,libero_10,3,10,234,4,gripper,0.15982917004449623,controller_native_action
act-libero_10-task03-state10,ACT,libero_10,3,10,234,4,arm_original,0.029927450791430124,controller_native_action
act-libero_10-task03-state10,ACT,libero_10,3,10,234,5,translation,0.044018521849463,controller_native_action
act-libero_10-task03-state10,ACT,libero_10,3,10,234,5,rotation,0.013946599608239709,controller_native_action
act-libero_10-task03-state10,ACT,libero_10,3,10,234,5,gripper,0.20450788265150127,controller_native_action
act-libero_10-task03-state10,ACT,libero_10,3,10,234,5,arm_original,0.0326507113739058,controller_native_action
act-libero_10-task03-state10,ACT,libero_10,3,10,234,6,translation,0.04620892741672053,controller_native_action
act-libero_10-task03-state10,ACT,libero_10,3,10,234,6,rotation,0.015118812678602503,controller_native_action
act-libero_10-task03-state10,ACT,libero_10,3,10,234,6,gripper,0.2306504528777493,controller_native_action
act-libero_10-task03-state10,ACT,libero_10,3,10,234,6,arm_original,0.034379088628222955,controller_native_action
act-libero_10-task03-state10,ACT,libero_10,3,10,234,7,translation,0.05493616542018681,controller_native_action
act-libero_10-task03-state10,ACT,libero_10,3,10,234,7,rotation,0.015455188443701872,controller_native_action
act-libero_10-task03-state10,ACT,libero_10,3,10,234,7,gripper,0.23460193498300247,controller_native_action
act-libero_10-task03-state10,ACT,libero_10,3,10,234,7,arm_original,0.040353718049917435,controller_native_action
act-libero_10-task03-state10,ACT,libero_10,3,10,234,8,translation,0.07566331603226097,controller_native_action
act-libero_10-task03-state10,ACT,libero_10,3,10,234,8,rotation,0.016272885546685056,controller_native_action
act-libero_10-task03-state10,ACT,libero_10,3,10,234,8,gripper,0.2593092289661834,controller_native_action
act-libero_10-task03-state10,ACT,libero_10,3,10,234,8,arm_original,0.054725424607824244,controller_native_action
act-libero_10-task03-state10,ACT,libero_10,3,10,234,9,translation,0.1141989744749107,controller_native_action
act-libero_10-task03-state10,ACT,libero_10,3,10,234,9,rotation,0.017767787512548015,controller_native_action
act-libero_10-task03-state10,ACT,libero_10,3,10,234,9,gripper,0.26809757717556304,controller_native_action
act-libero_10-task03-state10,ACT,libero_10,3,10,234,9,arm_original,0.08172239608642286,controller_native_action
act-libero_10-task03-state10,ACT,libero_10,3,10,234,10,translation,0.12798544196406428,controller_native_action
act-libero_10-task03-state10,ACT,libero_10,3,10,234,10,rotation,0.019122057390788955,controller_native_action
act-libero_10-task03-state10,ACT,libero_10,3,10,234,10,gripper,0.2727807313390977,controller_native_action
act-libero_10-task03-state10,ACT,libero_10,3,10,234,10,arm_original,0.09150389727654634,controller_native_action
act-libero_10-task03-state10,ACT,libero_10,3,10,234,11,translation,0.13920276469163978,controller_native_action
act-libero_10-task03-state10,ACT,libero_10,3,10,234,11,rotation,0.019254704128954196,controller_native_action
act-libero_10-task03-state10,ACT,libero_10,3,10,234,11,gripper,0.28251233714918395,controller_native_action
act-libero_10-task03-state10,ACT,libero_10,3,10,234,11,arm_original,0.09936838865778591,controller_native_action
act-libero_10-task03-state10,ACT,libero_10,3,10,234,12,translation,0.1453529312077111,controller_native_action
act-libero_10-task03-state10,ACT,libero_10,3,10,234,12,rotation,0.019752833374392147,controller_native_action
act-libero_10-task03-state10,ACT,libero_10,3,10,234,12,gripper,0.282867101884645,controller_native_action
act-libero_10-task03-state10,ACT,libero_10,3,10,234,12,arm_original,0.1037247536439352,controller_native_action
act-libero_10-task03-state10,ACT,libero_10,3,10,234,13,translation,0.1451908190349593,controller_native_action
act-libero_10-task03-state10,ACT,libero_10,3,10,234,13,rotation,0.020038223164308963,controller_native_action
act-libero_10-task03-state10,ACT,libero_10,3,10,234,13,gripper,0.29141959782927324,controller_native_action
act-libero_10-task03-state10,ACT,libero_10,3,10,234,13,arm_original,0.10363856502196697,controller_native_action
act-libero_10-task03-state10,ACT,libero_10,3,10,234,14,translation,0.14681436241690074,controller_native_action
act-libero_10-task03-state10,ACT,libero_10,3,10,234,14,rotation,0.02007018703404128,controller_native_action
act-libero_10-task03-state10,ACT,libero_10,3,10,234,14,gripper,0.2699834513929327,controller_native_action
act-libero_10-task03-state10,ACT,libero_10,3,10,234,14,arm_original,0.10477898028579605,controller_native_action
act-libero_10-task03-state10,ACT,libero_10,3,10,234,15,translation,0.14721553635173937,controller_native_action
act-libero_10-task03-state10,ACT,libero_10,3,10,234,15,rotation,0.020683424180242434,controller_native_action
act-libero_10-task03-state10,ACT,libero_10,3,10,234,15,gripper,0.25464432714854307,controller_native_action
act-libero_10-task03-state10,ACT,libero_10,3,10,234,15,arm_original,0.10511949909305632,controller_native_action
act-libero_10-task03-state11,ACT,libero_10,3,11,505,0,translation,0.0,controller_native_action
act-libero_10-task03-state11,ACT,libero_10,3,11,505,0,rotation,0.0,controller_native_action
act-libero_10-task03-state11,ACT,libero_10,3,11,505,0,gripper,0.0,controller_native_action
act-libero_10-task03-state11,ACT,libero_10,3,11,505,0,arm_original,0.0,controller_native_action
act-libero_10-task03-state11,ACT,libero_10,3,11,505,1,translation,0.023838945518016814,controller_native_action
act-libero_10-task03-state11,ACT,libero_10,3,11,505,1,rotation,0.004771924977756856,controller_native_action
act-libero_10-task03-state11,ACT,libero_10,3,11,505,1,gripper,0.08289734938859264,controller_native_action
act-libero_10-task03-state11,ACT,libero_10,3,11,505,1,arm_original,0.017191081865378828,controller_native_action
act-libero_10-task03-state11,ACT,libero_10,3,11,505,2,translation,0.03814800980966276,controller_native_action
act-libero_10-task03-state11,ACT,libero_10,3,11,505,2,rotation,0.010624714474088233,controller_native_action
act-libero_10-task03-state11,ACT,libero_10,3,11,505,2,gripper,0.10820173683766689,controller_native_action
act-libero_10-task03-state11,ACT,libero_10,3,11,505,2,arm_original,0.02800138577011882,controller_native_action
act-libero_10-task03-state11,ACT,libero_10,3,11,505,3,translation,0.04844477676291788,controller_native_action
act-libero_10-task03-state11,ACT,libero_10,3,11,505,3,rotation,0.016660290836666196,controller_native_action
act-libero_10-task03-state11,ACT,libero_10,3,11,505,3,gripper,0.13937456828112035,controller_native_action
act-libero_10-task03-state11,ACT,libero_10,3,11,505,3,arm_original,0.03622472695805485,controller_native_action
act-libero_10-task03-state11,ACT,libero_10,3,11,505,4,translation,0.05975567658404737,controller_native_action
act-libero_10-task03-state11,ACT,libero_10,3,11,505,4,rotation,0.024791041590169618,controller_native_action
act-libero_10-task03-state11,ACT,libero_10,3,11,505,4,gripper,0.18044286983380417,controller_native_action
act-libero_10-task03-state11,ACT,libero_10,3,11,505,4,arm_original,0.04574569174874716,controller_native_action
act-libero_10-task03-state11,ACT,libero_10,3,11,505,5,translation,0.06758215874469405,controller_native_action
act-libero_10-task03-state11,ACT,libero_10,3,11,505,5,rotation,0.02881499495061533,controller_native_action
act-libero_10-task03-state11,ACT,libero_10,3,11,505,5,gripper,0.20550714067391398,controller_native_action
act-libero_10-task03-state11,ACT,libero_10,3,11,505,5,arm_original,0.05195022673000096,controller_native_action
act-libero_10-task03-state11,ACT,libero_10,3,11,505,6,translation,0.07288399126567521,controller_native_action
act-libero_10-task03-state11,ACT,libero_10,3,11,505,6,rotation,0.03069935895618227,controller_native_action
act-libero_10-task03-state11,ACT,libero_10,3,11,505,6,gripper,0.22108646954370847,controller_native_action
act-libero_10-task03-state11,ACT,libero_10,3,11,505,6,arm_original,0.05592194034158484,controller_native_action
act-libero_10-task03-state11,ACT,libero_10,3,11,505,7,translation,0.07522051095668579,controller_native_action
act-libero_10-task03-state11,ACT,libero_10,3,11,505,7,rotation,0.03258688038983891,controller_native_action
act-libero_10-task03-state11,ACT,libero_10,3,11,505,7,gripper,0.196042984652836,controller_native_action
act-libero_10-task03-state11,ACT,libero_10,3,11,505,7,arm_original,0.05796563655359336,controller_native_action
act-libero_10-task03-state11,ACT,libero_10,3,11,505,8,translation,0.07689994203605394,controller_native_action
act-libero_10-task03-state11,ACT,libero_10,3,11,505,8,rotation,0.033081892933351315,controller_native_action
act-libero_10-task03-state11,ACT,libero_10,3,11,505,8,gripper,0.19331394260901563,controller_native_action
act-libero_10-task03-state11,ACT,libero_10,3,11,505,8,arm_original,0.05919464809086281,controller_native_action
act-libero_10-task03-state11,ACT,libero_10,3,11,505,9,translation,0.08064345552363593,controller_native_action
act-libero_10-task03-state11,ACT,libero_10,3,11,505,9,rotation,0.03328567875964364,controller_native_action
act-libero_10-task03-state11,ACT,libero_10,3,11,505,9,gripper,0.21433902037393887,controller_native_action
act-libero_10-task03-state11,ACT,libero_10,3,11,505,9,arm_original,0.061689964051224885,controller_native_action
act-libero_10-task03-state11,ACT,libero_10,3,11,505,10,translation,0.09185749857379658,controller_native_action
act-libero_10-task03-state11,ACT,libero_10,3,11,505,10,rotation,0.031199944328849528,controller_native_action
act-libero_10-task03-state11,ACT,libero_10,3,11,505,10,gripper,0.29363819323759416,controller_native_action
act-libero_10-task03-state11,ACT,libero_10,3,11,505,10,arm_original,0.0685975093219803,controller_native_action
act-libero_10-task03-state11,ACT,libero_10,3,11,505,11,translation,0.15870300836485174,controller_native_action
act-libero_10-task03-state11,ACT,libero_10,3,11,505,11,rotation,0.022409509045309473,controller_native_action
act-libero_10-task03-state11,ACT,libero_10,3,11,505,11,gripper,0.4326900298010791,controller_native_action
act-libero_10-task03-state11,ACT,libero_10,3,11,505,11,arm_original,0.11333320554829904,controller_native_action
act-libero_10-task03-state11,ACT,libero_10,3,11,505,12,translation,0.23471483189569087,controller_native_action
act-libero_10-task03-state11,ACT,libero_10,3,11,505,12,rotation,0.019387830284862313,controller_native_action
act-libero_10-task03-state11,ACT,libero_10,3,11,505,12,gripper,0.534867625333807,controller_native_action
act-libero_10-task03-state11,ACT,libero_10,3,11,505,12,arm_original,0.16653369069797416,controller_native_action
act-libero_10-task03-state11,ACT,libero_10,3,11,505,13,translation,0.27554702606800563,controller_native_action
act-libero_10-task03-state11,ACT,libero_10,3,11,505,13,rotation,0.020599084156340337,controller_native_action
act-libero_10-task03-state11,ACT,libero_10,3,11,505,13,gripper,0.5400537917797192,controller_native_action
act-libero_10-task03-state11,ACT,libero_10,3,11,505,13,arm_original,0.1953848584755254,controller_native_action
act-libero_10-task03-state11,ACT,libero_10,3,11,505,14,translation,0.30902049801234294,controller_native_action
act-libero_10-task03-state11,ACT,libero_10,3,11,505,14,rotation,0.021394014584075305,controller_native_action
act-libero_10-task03-state11,ACT,libero_10,3,11,505,14,gripper,0.5401427931580766,controller_native_action
act-libero_10-task03-state11,ACT,libero_10,3,11,505,14,arm_original,0.2190335271731477,controller_native_action
act-libero_10-task03-state11,ACT,libero_10,3,11,505,15,translation,0.33061720884898366,controller_native_action
act-libero_10-task03-state11,ACT,libero_10,3,11,505,15,rotation,0.02139159745096507,controller_native_action
act-libero_10-task03-state11,ACT,libero_10,3,11,505,15,gripper,0.5368183053168104,controller_native_action
act-libero_10-task03-state11,ACT,libero_10,3,11,505,15,arm_original,0.23427050521629542,controller_native_action
act-libero_10-task03-state12,ACT,libero_10,3,12,215,0,translation,0.0,controller_native_action
act-libero_10-task03-state12,ACT,libero_10,3,12,215,0,rotation,0.0,controller_native_action
act-libero_10-task03-state12,ACT,libero_10,3,12,215,0,gripper,0.0,controller_native_action
act-libero_10-task03-state12,ACT,libero_10,3,12,215,0,arm_original,0.0,controller_native_action
act-libero_10-task03-state12,ACT,libero_10,3,12,215,1,translation,0.030448850295346736,controller_native_action
act-libero_10-task03-state12,ACT,libero_10,3,12,215,1,rotation,0.0053480402914757265,controller_native_action
act-libero_10-task03-state12,ACT,libero_10,3,12,215,1,gripper,0.13887459963012921,controller_native_action
act-libero_10-task03-state12,ACT,libero_10,3,12,215,1,arm_original,0.02186016947861664,controller_native_action
act-libero_10-task03-state12,ACT,libero_10,3,12,215,2,translation,0.04576114071024089,controller_native_action
act-libero_10-task03-state12,ACT,libero_10,3,12,215,2,rotation,0.007766008102987004,controller_native_action
act-libero_10-task03-state12,ACT,libero_10,3,12,215,2,gripper,0.20840080323103474,controller_native_action
act-libero_10-task03-state12,ACT,libero_10,3,12,215,2,arm_original,0.032820670932798786,controller_native_action
act-libero_10-task03-state12,ACT,libero_10,3,12,215,3,translation,0.06690172788382952,controller_native_action
act-libero_10-task03-state12,ACT,libero_10,3,12,215,3,rotation,0.00990846555026995,controller_native_action
act-libero_10-task03-state12,ACT,libero_10,3,12,215,3,gripper,0.2272959530077625,controller_native_action
act-libero_10-task03-state12,ACT,libero_10,3,12,215,3,arm_original,0.04782268752068864,controller_native_action
act-libero_10-task03-state12,ACT,libero_10,3,12,215,4,translation,0.07962654863819241,controller_native_action
act-libero_10-task03-state12,ACT,libero_10,3,12,215,4,rotation,0.011532060933573875,controller_native_action
act-libero_10-task03-state12,ACT,libero_10,3,12,215,4,gripper,0.2389569029441765,controller_native_action
act-libero_10-task03-state12,ACT,libero_10,3,12,215,4,arm_original,0.05689189607231457,controller_native_action
act-libero_10-task03-state12,ACT,libero_10,3,12,215,5,translation,0.08850912794215991,controller_native_action
act-libero_10-task03-state12,ACT,libero_10,3,12,215,5,rotation,0.013022336458431668,controller_native_action
act-libero_10-task03-state12,ACT,libero_10,3,12,215,5,gripper,0.2429419103705045,controller_native_action
act-libero_10-task03-state12,ACT,libero_10,3,12,215,5,arm_original,0.06325917710466297,controller_native_action
act-libero_10-task03-state12,ACT,libero_10,3,12,215,6,translation,0.09536970403013244,controller_native_action
act-libero_10-task03-state12,ACT,libero_10,3,12,215,6,rotation,0.013816592884581825,controller_native_action
act-libero_10-task03-state12,ACT,libero_10,3,12,215,6,gripper,0.24495172038787996,controller_native_action
act-libero_10-task03-state12,ACT,libero_10,3,12,215,6,arm_original,0.06814058513739568,controller_native_action
act-libero_10-task03-state12,ACT,libero_10,3,12,215,7,translation,0.10101654814296787,controller_native_action
act-libero_10-task03-state12,ACT,libero_10,3,12,215,7,rotation,0.014168125392211973,controller_native_action
act-libero_10-task03-state12,ACT,libero_10,3,12,215,7,gripper,0.23975429203300744,controller_native_action
act-libero_10-task03-state12,ACT,libero_10,3,12,215,7,arm_original,0.07212863084743112,controller_native_action
act-libero_10-task03-state12,ACT,libero_10,3,12,215,8,translation,0.09624389446358315,controller_native_action
act-libero_10-task03-state12,ACT,libero_10,3,12,215,8,rotation,0.013999003932760063,controller_native_action
act-libero_10-task03-state12,ACT,libero_10,3,12,215,8,gripper,0.1891573079018891,controller_native_action
act-libero_10-task03-state12,ACT,libero_10,3,12,215,8,arm_original,0.0687708489573408,controller_native_action
act-libero_10-task03-state12,ACT,libero_10,3,12,215,9,translation,0.0913555847938223,controller_native_action
act-libero_10-task03-state12,ACT,libero_10,3,12,215,9,rotation,0.014464075306241097,controller_native_action
act-libero_10-task03-state12,ACT,libero_10,3,12,215,9,gripper,0.20789938605712574,controller_native_action
act-libero_10-task03-state12,ACT,libero_10,3,12,215,9,arm_original,0.06540279943353293,controller_native_action
act-libero_10-task03-state12,ACT,libero_10,3,12,215,10,translation,0.08483958680724972,controller_native_action
act-libero_10-task03-state12,ACT,libero_10,3,12,215,10,rotation,0.014211088307231272,controller_native_action
act-libero_10-task03-state12,ACT,libero_10,3,12,215,10,gripper,0.2127072578208856,controller_native_action
act-libero_10-task03-state12,ACT,libero_10,3,12,215,10,arm_original,0.06082643553793361,controller_native_action
act-libero_10-task03-state12,ACT,libero_10,3,12,215,11,translation,0.08035456419149153,controller_native_action
act-libero_10-task03-state12,ACT,libero_10,3,12,215,11,rotation,0.01410511468014487,controller_native_action
act-libero_10-task03-state12,ACT,libero_10,3,12,215,11,gripper,0.22627326076062051,controller_native_action
act-libero_10-task03-state12,ACT,libero_10,3,12,215,11,arm_original,0.0576879980868836,controller_native_action
act-libero_10-task03-state12,ACT,libero_10,3,12,215,12,translation,0.081348346615454,controller_native_action
act-libero_10-task03-state12,ACT,libero_10,3,12,215,12,rotation,0.014416337811958788,controller_native_action
act-libero_10-task03-state12,ACT,libero_10,3,12,215,12,gripper,0.22808574843658053,controller_native_action
act-libero_10-task03-state12,ACT,libero_10,3,12,215,12,arm_original,0.05841825182670463,controller_native_action
act-libero_10-task03-state12,ACT,libero_10,3,12,215,13,translation,0.08370577984724623,controller_native_action
act-libero_10-task03-state12,ACT,libero_10,3,12,215,13,rotation,0.015060974189960524,controller_native_action
act-libero_10-task03-state12,ACT,libero_10,3,12,215,13,gripper,0.2525007057429749,controller_native_action
act-libero_10-task03-state12,ACT,libero_10,3,12,215,13,arm_original,0.06013938195303602,controller_native_action
act-libero_10-task03-state12,ACT,libero_10,3,12,215,14,translation,0.08912698827330175,controller_native_action
act-libero_10-task03-state12,ACT,libero_10,3,12,215,14,rotation,0.016617361555769282,controller_native_action
act-libero_10-task03-state12,ACT,libero_10,3,12,215,14,gripper,0.26414171148174803,controller_native_action
act-libero_10-task03-state12,ACT,libero_10,3,12,215,14,arm_original,0.06410833309229162,controller_native_action
act-libero_10-task03-state12,ACT,libero_10,3,12,215,15,translation,0.09600902166228269,controller_native_action
act-libero_10-task03-state12,ACT,libero_10,3,12,215,15,rotation,0.01801910026764812,controller_native_action
act-libero_10-task03-state12,ACT,libero_10,3,12,215,15,gripper,0.2659604102045512,controller_native_action
act-libero_10-task03-state12,ACT,libero_10,3,12,215,15,arm_original,0.06907394666226993,controller_native_action
act-libero_10-task03-state13,ACT,libero_10,3,13,229,0,translation,0.0,controller_native_action
act-libero_10-task03-state13,ACT,libero_10,3,13,229,0,rotation,0.0,controller_native_action
act-libero_10-task03-state13,ACT,libero_10,3,13,229,0,gripper,0.0,controller_native_action
act-libero_10-task03-state13,ACT,libero_10,3,13,229,0,arm_original,0.0,controller_native_action
act-libero_10-task03-state13,ACT,libero_10,3,13,229,1,translation,0.023574036043690735,controller_native_action
act-libero_10-task03-state13,ACT,libero_10,3,13,229,1,rotation,0.005010537348909594,controller_native_action
act-libero_10-task03-state13,ACT,libero_10,3,13,229,1,gripper,0.0688443488904804,controller_native_action
act-libero_10-task03-state13,ACT,libero_10,3,13,229,1,arm_original,0.01704172320972923,controller_native_action
act-libero_10-task03-state13,ACT,libero_10,3,13,229,2,translation,0.038807533946661026,controller_native_action
act-libero_10-task03-state13,ACT,libero_10,3,13,229,2,rotation,0.007922684883798322,controller_native_action
act-libero_10-task03-state13,ACT,libero_10,3,13,229,2,gripper,0.09596571400058092,controller_native_action
act-libero_10-task03-state13,ACT,libero_10,3,13,229,2,arm_original,0.028007085057081667,controller_native_action
act-libero_10-task03-state13,ACT,libero_10,3,13,229,3,translation,0.05530391145935027,controller_native_action
act-libero_10-task03-state13,ACT,libero_10,3,13,229,3,rotation,0.009593231205631207,controller_native_action
act-libero_10-task03-state13,ACT,libero_10,3,13,229,3,gripper,0.12594411027374555,controller_native_action
act-libero_10-task03-state13,ACT,libero_10,3,13,229,3,arm_original,0.039689751244297,controller_native_action
act-libero_10-task03-state13,ACT,libero_10,3,13,229,4,translation,0.07059526973603412,controller_native_action
act-libero_10-task03-state13,ACT,libero_10,3,13,229,4,rotation,0.010823298977894382,controller_native_action
act-libero_10-task03-state13,ACT,libero_10,3,13,229,4,gripper,0.14302193022444015,controller_native_action
act-libero_10-task03-state13,ACT,libero_10,3,13,229,4,arm_original,0.05050166289276179,controller_native_action
act-libero_10-task03-state13,ACT,libero_10,3,13,229,5,translation,0.08318321418163722,controller_native_action
act-libero_10-task03-state13,ACT,libero_10,3,13,229,5,rotation,0.011688151418195718,controller_native_action
act-libero_10-task03-state13,ACT,libero_10,3,13,229,5,gripper,0.17740563069126555,controller_native_action
act-libero_10-task03-state13,ACT,libero_10,3,13,229,5,arm_original,0.05939722217899926,controller_native_action
act-libero_10-task03-state13,ACT,libero_10,3,13,229,6,translation,0.10022912594555934,controller_native_action
act-libero_10-task03-state13,ACT,libero_10,3,13,229,6,rotation,0.012298050476097427,controller_native_action
act-libero_10-task03-state13,ACT,libero_10,3,13,229,6,gripper,0.22846050941047774,controller_native_action
act-libero_10-task03-state13,ACT,libero_10,3,13,229,6,arm_original,0.07140420062336472,controller_native_action
act-libero_10-task03-state13,ACT,libero_10,3,13,229,7,translation,0.1108347214214609,controller_native_action
act-libero_10-task03-state13,ACT,libero_10,3,13,229,7,rotation,0.013322410043567474,controller_native_action
act-libero_10-task03-state13,ACT,libero_10,3,13,229,7,gripper,0.23430853594526113,controller_native_action
act-libero_10-task03-state13,ACT,libero_10,3,13,229,7,arm_original,0.07893612000200476,controller_native_action
act-libero_10-task03-state13,ACT,libero_10,3,13,229,8,translation,0.12099223349375239,controller_native_action
act-libero_10-task03-state13,ACT,libero_10,3,13,229,8,rotation,0.014324050989405623,controller_native_action
act-libero_10-task03-state13,ACT,libero_10,3,13,229,8,gripper,0.27130707964620837,controller_native_action
act-libero_10-task03-state13,ACT,libero_10,3,13,229,8,arm_original,0.0861518978390894,controller_native_action
act-libero_10-task03-state13,ACT,libero_10,3,13,229,9,translation,0.1253996464757298,controller_native_action
act-libero_10-task03-state13,ACT,libero_10,3,13,229,9,rotation,0.015344274473297085,controller_native_action
act-libero_10-task03-state13,ACT,libero_10,3,13,229,9,gripper,0.29518838273806347,controller_native_action
act-libero_10-task03-state13,ACT,libero_10,3,13,229,9,arm_original,0.08933229565882063,controller_native_action
act-libero_10-task03-state13,ACT,libero_10,3,13,229,10,translation,0.12127803551668495,controller_native_action
act-libero_10-task03-state13,ACT,libero_10,3,13,229,10,rotation,0.016367361528103867,controller_native_action
act-libero_10-task03-state13,ACT,libero_10,3,13,229,10,gripper,0.31623915077112646,controller_native_action
act-libero_10-task03-state13,ACT,libero_10,3,13,229,10,arm_original,0.08653395987176928,controller_native_action
act-libero_10-task03-state13,ACT,libero_10,3,13,229,11,translation,0.11660556543535716,controller_native_action
act-libero_10-task03-state13,ACT,libero_10,3,13,229,11,rotation,0.016984000747457827,controller_native_action
act-libero_10-task03-state13,ACT,libero_10,3,13,229,11,gripper,0.33995001640033307,controller_native_action
act-libero_10-task03-state13,ACT,libero_10,3,13,229,11,arm_original,0.08332260849220038,controller_native_action
act-libero_10-task03-state13,ACT,libero_10,3,13,229,12,translation,0.11353143542274718,controller_native_action
act-libero_10-task03-state13,ACT,libero_10,3,13,229,12,rotation,0.017793779358393904,controller_native_action
act-libero_10-task03-state13,ACT,libero_10,3,13,229,12,gripper,0.32540726305606194,controller_native_action
act-libero_10-task03-state13,ACT,libero_10,3,13,229,12,arm_original,0.08125886232591685,controller_native_action
act-libero_10-task03-state13,ACT,libero_10,3,13,229,13,translation,0.11403393941004505,controller_native_action
act-libero_10-task03-state13,ACT,libero_10,3,13,229,13,rotation,0.018654571453987506,controller_native_action
act-libero_10-task03-state13,ACT,libero_10,3,13,229,13,gripper,0.35250559940312776,controller_native_action
act-libero_10-task03-state13,ACT,libero_10,3,13,229,13,arm_original,0.08170597399672117,controller_native_action
act-libero_10-task03-state13,ACT,libero_10,3,13,229,14,translation,0.1181056420834352,controller_native_action
act-libero_10-task03-state13,ACT,libero_10,3,13,229,14,rotation,0.020548664732514543,controller_native_action
act-libero_10-task03-state13,ACT,libero_10,3,13,229,14,gripper,0.3687598363488102,controller_native_action
act-libero_10-task03-state13,ACT,libero_10,3,13,229,14,arm_original,0.08476788989419809,controller_native_action
act-libero_10-task03-state13,ACT,libero_10,3,13,229,15,translation,0.12275983090305187,controller_native_action
act-libero_10-task03-state13,ACT,libero_10,3,13,229,15,rotation,0.02149514384381071,controller_native_action
act-libero_10-task03-state13,ACT,libero_10,3,13,229,15,gripper,0.37665262270906363,controller_native_action
act-libero_10-task03-state13,ACT,libero_10,3,13,229,15,arm_original,0.08812496040342942,controller_native_action
act-libero_10-task03-state14,ACT,libero_10,3,14,209,0,translation,0.0,controller_native_action
act-libero_10-task03-state14,ACT,libero_10,3,14,209,0,rotation,0.0,controller_native_action
act-libero_10-task03-state14,ACT,libero_10,3,14,209,0,gripper,0.0,controller_native_action
act-libero_10-task03-state14,ACT,libero_10,3,14,209,0,arm_original,0.0,controller_native_action
act-libero_10-task03-state14,ACT,libero_10,3,14,209,1,translation,0.01896120187676651,controller_native_action
act-libero_10-task03-state14,ACT,libero_10,3,14,209,1,rotation,0.003624915858778523,controller_native_action
act-libero_10-task03-state14,ACT,libero_10,3,14,209,1,gripper,0.09588555210919332,controller_native_action
act-libero_10-task03-state14,ACT,libero_10,3,14,209,1,arm_original,0.013650406433412851,controller_native_action
act-libero_10-task03-state14,ACT,libero_10,3,14,209,2,translation,0.027920669698795596,controller_native_action
act-libero_10-task03-state14,ACT,libero_10,3,14,209,2,rotation,0.005151530855493597,controller_native_action
act-libero_10-task03-state14,ACT,libero_10,3,14,209,2,gripper,0.12953606034923748,controller_native_action
act-libero_10-task03-state14,ACT,libero_10,3,14,209,2,arm_original,0.020076130934325285,controller_native_action
act-libero_10-task03-state14,ACT,libero_10,3,14,209,3,translation,0.039157378036381175,controller_native_action
act-libero_10-task03-state14,ACT,libero_10,3,14,209,3,rotation,0.006898242728136281,controller_native_action
act-libero_10-task03-state14,ACT,libero_10,3,14,209,3,gripper,0.19038212715249647,controller_native_action
act-libero_10-task03-state14,ACT,libero_10,3,14,209,3,arm_original,0.028114818222961642,controller_native_action
act-libero_10-task03-state14,ACT,libero_10,3,14,209,4,translation,0.04825598343516255,controller_native_action
act-libero_10-task03-state14,ACT,libero_10,3,14,209,4,rotation,0.008644004559740433,controller_native_action
act-libero_10-task03-state14,ACT,libero_10,3,14,209,4,gripper,0.22470008208420467,controller_native_action
act-libero_10-task03-state14,ACT,libero_10,3,14,209,4,arm_original,0.03466524738209361,controller_native_action
act-libero_10-task03-state14,ACT,libero_10,3,14,209,5,translation,0.05394244371235405,controller_native_action
act-libero_10-task03-state14,ACT,libero_10,3,14,209,5,rotation,0.01002924929942553,controller_native_action
act-libero_10-task03-state14,ACT,libero_10,3,14,209,5,gripper,0.27014888091408773,controller_native_action
act-libero_10-task03-state14,ACT,libero_10,3,14,209,5,arm_original,0.03879673359427641,controller_native_action
act-libero_10-task03-state14,ACT,libero_10,3,14,209,6,translation,0.05657170989482738,controller_native_action
act-libero_10-task03-state14,ACT,libero_10,3,14,209,6,rotation,0.010998599352155237,controller_native_action
act-libero_10-task03-state14,ACT,libero_10,3,14,209,6,gripper,0.3183508522567575,controller_native_action
act-libero_10-task03-state14,ACT,libero_10,3,14,209,6,arm_original,0.040751242607641666,controller_native_action
act-libero_10-task03-state14,ACT,libero_10,3,14,209,7,translation,0.0583439003501576,controller_native_action
act-libero_10-task03-state14,ACT,libero_10,3,14,209,7,rotation,0.011228397151926547,controller_native_action
act-libero_10-task03-state14,ACT,libero_10,3,14,209,7,gripper,0.3173235052217169,controller_native_action
act-libero_10-task03-state14,ACT,libero_10,3,14,209,7,arm_original,0.04201242441629924,controller_native_action
act-libero_10-task03-state14,ACT,libero_10,3,14,209,8,translation,0.05742664941761302,controller_native_action
act-libero_10-task03-state14,ACT,libero_10,3,14,209,8,rotation,0.010827078113956811,controller_native_action
act-libero_10-task03-state14,ACT,libero_10,3,14,209,8,gripper,0.327571209787202,controller_native_action
act-libero_10-task03-state14,ACT,libero_10,3,14,209,8,arm_original,0.04132218341169278,controller_native_action
act-libero_10-task03-state14,ACT,libero_10,3,14,209,9,translation,0.05834777381845868,controller_native_action
act-libero_10-task03-state14,ACT,libero_10,3,14,209,9,rotation,0.010612121679042415,controller_native_action
act-libero_10-task03-state14,ACT,libero_10,3,14,209,9,gripper,0.3441966817919039,controller_native_action
act-libero_10-task03-state14,ACT,libero_10,3,14,209,9,arm_original,0.041934948647284725,controller_native_action
act-libero_10-task03-state14,ACT,libero_10,3,14,209,10,translation,0.05811555444541645,controller_native_action
act-libero_10-task03-state14,ACT,libero_10,3,14,209,10,rotation,0.010284134092432824,controller_native_action
act-libero_10-task03-state14,ACT,libero_10,3,14,209,10,gripper,0.35240139670951853,controller_native_action
act-libero_10-task03-state14,ACT,libero_10,3,14,209,10,arm_original,0.04173236802848181,controller_native_action
act-libero_10-task03-state14,ACT,libero_10,3,14,209,11,translation,0.060472403680295925,controller_native_action
act-libero_10-task03-state14,ACT,libero_10,3,14,209,11,rotation,0.010548957713575818,controller_native_action
act-libero_10-task03-state14,ACT,libero_10,3,14,209,11,gripper,0.34629675528658904,controller_native_action
act-libero_10-task03-state14,ACT,libero_10,3,14,209,11,arm_original,0.043406175342429555,controller_native_action
act-libero_10-task03-state14,ACT,libero_10,3,14,209,12,translation,0.06058933410846855,controller_native_action
act-libero_10-task03-state14,ACT,libero_10,3,14,209,12,rotation,0.010896911678814741,controller_native_action
act-libero_10-task03-state14,ACT,libero_10,3,14,209,12,gripper,0.36452008103025846,controller_native_action
act-libero_10-task03-state14,ACT,libero_10,3,14,209,12,arm_original,0.04353050707172798,controller_native_action
act-libero_10-task03-state14,ACT,libero_10,3,14,209,13,translation,0.059653414501762696,controller_native_action
act-libero_10-task03-state14,ACT,libero_10,3,14,209,13,rotation,0.01143006301390508,controller_native_action
act-libero_10-task03-state14,ACT,libero_10,3,14,209,13,gripper,0.3646586676688583,controller_native_action
act-libero_10-task03-state14,ACT,libero_10,3,14,209,13,arm_original,0.042948668211138706,controller_native_action
act-libero_10-task03-state14,ACT,libero_10,3,14,209,14,translation,0.06084380041384179,controller_native_action
act-libero_10-task03-state14,ACT,libero_10,3,14,209,14,rotation,0.011990624743536044,controller_native_action
act-libero_10-task03-state14,ACT,libero_10,3,14,209,14,gripper,0.37187912703890846,controller_native_action
act-libero_10-task03-state14,ACT,libero_10,3,14,209,14,arm_original,0.043850559463590164,controller_native_action
act-libero_10-task03-state14,ACT,libero_10,3,14,209,15,translation,0.0604862632540202,controller_native_action
act-libero_10-task03-state14,ACT,libero_10,3,14,209,15,rotation,0.012295791224619435,controller_native_action
act-libero_10-task03-state14,ACT,libero_10,3,14,209,15,gripper,0.38614930676680687,controller_native_action
act-libero_10-task03-state14,ACT,libero_10,3,14,209,15,arm_original,0.04364501417272117,controller_native_action
act-libero_10-task03-state15,ACT,libero_10,3,15,505,0,translation,0.0,controller_native_action
act-libero_10-task03-state15,ACT,libero_10,3,15,505,0,rotation,0.0,controller_native_action
act-libero_10-task03-state15,ACT,libero_10,3,15,505,0,gripper,0.0,controller_native_action
act-libero_10-task03-state15,ACT,libero_10,3,15,505,0,arm_original,0.0,controller_native_action
act-libero_10-task03-state15,ACT,libero_10,3,15,505,1,translation,0.021844598616356528,controller_native_action
act-libero_10-task03-state15,ACT,libero_10,3,15,505,1,rotation,0.004796328038860207,controller_native_action
act-libero_10-task03-state15,ACT,libero_10,3,15,505,1,gripper,0.04748355324847842,controller_native_action
act-libero_10-task03-state15,ACT,libero_10,3,15,505,1,arm_original,0.01581441196134213,controller_native_action
act-libero_10-task03-state15,ACT,libero_10,3,15,505,2,translation,0.037854542551423294,controller_native_action
act-libero_10-task03-state15,ACT,libero_10,3,15,505,2,rotation,0.007577226353834296,controller_native_action
act-libero_10-task03-state15,ACT,libero_10,3,15,505,2,gripper,0.10856457186274412,controller_native_action
act-libero_10-task03-state15,ACT,libero_10,3,15,505,2,arm_original,0.02729817531443043,controller_native_action
act-libero_10-task03-state15,ACT,libero_10,3,15,505,3,translation,0.05182682530749223,controller_native_action
act-libero_10-task03-state15,ACT,libero_10,3,15,505,3,rotation,0.010398877082888,controller_native_action
act-libero_10-task03-state15,ACT,libero_10,3,15,505,3,gripper,0.1478630601837704,controller_native_action
act-libero_10-task03-state15,ACT,libero_10,3,15,505,3,arm_original,0.037377509722012855,controller_native_action
act-libero_10-task03-state15,ACT,libero_10,3,15,505,4,translation,0.06381777166100529,controller_native_action
act-libero_10-task03-state15,ACT,libero_10,3,15,505,4,rotation,0.013125725458905058,controller_native_action
act-libero_10-task03-state15,ACT,libero_10,3,15,505,4,gripper,0.17820841988289288,controller_native_action
act-libero_10-task03-state15,ACT,libero_10,3,15,505,4,arm_original,0.04607055810709676,controller_native_action
act-libero_10-task03-state15,ACT,libero_10,3,15,505,5,translation,0.0733961644573972,controller_native_action
act-libero_10-task03-state15,ACT,libero_10,3,15,505,5,rotation,0.016552755487824696,controller_native_action
act-libero_10-task03-state15,ACT,libero_10,3,15,505,5,gripper,0.20128641710644493,controller_native_action
act-libero_10-task03-state15,ACT,libero_10,3,15,505,5,arm_original,0.05320239971700998,controller_native_action
act-libero_10-task03-state15,ACT,libero_10,3,15,505,6,translation,0.08123272969190173,controller_native_action
act-libero_10-task03-state15,ACT,libero_10,3,15,505,6,rotation,0.019858899133278294,controller_native_action
act-libero_10-task03-state15,ACT,libero_10,3,15,505,6,gripper,0.2147180655719484,controller_native_action
act-libero_10-task03-state15,ACT,libero_10,3,15,505,6,arm_original,0.05913176916000101,controller_native_action
act-libero_10-task03-state15,ACT,libero_10,3,15,505,7,translation,0.08880570982360703,controller_native_action
act-libero_10-task03-state15,ACT,libero_10,3,15,505,7,rotation,0.024158013983113357,controller_native_action
act-libero_10-task03-state15,ACT,libero_10,3,15,505,7,gripper,0.22157075422056313,controller_native_action
act-libero_10-task03-state15,ACT,libero_10,3,15,505,7,arm_original,0.06507712246589809,controller_native_action
act-libero_10-task03-state15,ACT,libero_10,3,15,505,8,translation,0.09211966733535842,controller_native_action
act-libero_10-task03-state15,ACT,libero_10,3,15,505,8,rotation,0.028217729740146934,controller_native_action
act-libero_10-task03-state15,ACT,libero_10,3,15,505,8,gripper,0.13874679937597648,controller_native_action
act-libero_10-task03-state15,ACT,libero_10,3,15,505,8,arm_original,0.06812588855077442,controller_native_action
act-libero_10-task03-state15,ACT,libero_10,3,15,505,9,translation,0.09434975690454586,controller_native_action
act-libero_10-task03-state15,ACT,libero_10,3,15,505,9,rotation,0.034048551500991384,controller_native_action
act-libero_10-task03-state15,ACT,libero_10,3,15,505,9,gripper,0.12121804555564253,controller_native_action
act-libero_10-task03-state15,ACT,libero_10,3,15,505,9,arm_original,0.0709266539717706,controller_native_action
act-libero_10-task03-state15,ACT,libero_10,3,15,505,10,translation,0.09631904502742474,controller_native_action
act-libero_10-task03-state15,ACT,libero_10,3,15,505,10,rotation,0.03662805318527633,controller_native_action
act-libero_10-task03-state15,ACT,libero_10,3,15,505,10,gripper,0.16616954422053298,controller_native_action
act-libero_10-task03-state15,ACT,libero_10,3,15,505,10,arm_original,0.07286622233634217,controller_native_action
act-libero_10-task03-state15,ACT,libero_10,3,15,505,11,translation,0.10620692312879898,controller_native_action
act-libero_10-task03-state15,ACT,libero_10,3,15,505,11,rotation,0.03460140179660988,controller_native_action
act-libero_10-task03-state15,ACT,libero_10,3,15,505,11,gripper,0.23344006553197433,controller_native_action
act-libero_10-task03-state15,ACT,libero_10,3,15,505,11,arm_original,0.07898470588277534,controller_native_action
act-libero_10-task03-state15,ACT,libero_10,3,15,505,12,translation,0.1596142215520667,controller_native_action
act-libero_10-task03-state15,ACT,libero_10,3,15,505,12,rotation,0.03018902500269723,controller_native_action
act-libero_10-task03-state15,ACT,libero_10,3,15,505,12,gripper,0.25714143421533103,controller_native_action
act-libero_10-task03-state15,ACT,libero_10,3,15,505,12,arm_original,0.1148653057983256,controller_native_action
act-libero_10-task03-state15,ACT,libero_10,3,15,505,13,translation,0.20986873817880922,controller_native_action
act-libero_10-task03-state15,ACT,libero_10,3,15,505,13,rotation,0.027380792311615575,controller_native_action
act-libero_10-task03-state15,ACT,libero_10,3,15,505,13,gripper,0.2637377792094383,controller_native_action
act-libero_10-task03-state15,ACT,libero_10,3,15,505,13,arm_original,0.14965726686729483,controller_native_action
act-libero_10-task03-state15,ACT,libero_10,3,15,505,14,translation,0.2611882814654757,controller_native_action
act-libero_10-task03-state15,ACT,libero_10,3,15,505,14,rotation,0.02651969087619096,controller_native_action
act-libero_10-task03-state15,ACT,libero_10,3,15,505,14,gripper,0.27539517415556397,controller_native_action
act-libero_10-task03-state15,ACT,libero_10,3,15,505,14,arm_original,0.18563756675179902,controller_native_action
act-libero_10-task03-state15,ACT,libero_10,3,15,505,15,translation,0.3020904896528144,controller_native_action
act-libero_10-task03-state15,ACT,libero_10,3,15,505,15,rotation,0.02791258238182034,controller_native_action
act-libero_10-task03-state15,ACT,libero_10,3,15,505,15,gripper,0.2809473388104413,controller_native_action
act-libero_10-task03-state15,ACT,libero_10,3,15,505,15,arm_original,0.21452013447914284,controller_native_action
act-libero_10-task03-state16,ACT,libero_10,3,16,505,0,translation,0.0,controller_native_action
act-libero_10-task03-state16,ACT,libero_10,3,16,505,0,rotation,0.0,controller_native_action
act-libero_10-task03-state16,ACT,libero_10,3,16,505,0,gripper,0.0,controller_native_action
act-libero_10-task03-state16,ACT,libero_10,3,16,505,0,arm_original,0.0,controller_native_action
act-libero_10-task03-state16,ACT,libero_10,3,16,505,1,translation,0.029835959690134382,controller_native_action
act-libero_10-task03-state16,ACT,libero_10,3,16,505,1,rotation,0.00659047112768237,controller_native_action
act-libero_10-task03-state16,ACT,libero_10,3,16,505,1,gripper,0.10160756664459482,controller_native_action
act-libero_10-task03-state16,ACT,libero_10,3,16,505,1,arm_original,0.021605772380502146,controller_native_action
act-libero_10-task03-state16,ACT,libero_10,3,16,505,2,translation,0.04680066889408522,controller_native_action
act-libero_10-task03-state16,ACT,libero_10,3,16,505,2,rotation,0.0091011539939713,controller_native_action
act-libero_10-task03-state16,ACT,libero_10,3,16,505,2,gripper,0.13646182229435935,controller_native_action
act-libero_10-task03-state16,ACT,libero_10,3,16,505,2,arm_original,0.033713006488266334,controller_native_action
act-libero_10-task03-state16,ACT,libero_10,3,16,505,3,translation,0.06129526809992379,controller_native_action
act-libero_10-task03-state16,ACT,libero_10,3,16,505,3,rotation,0.01162223075142231,controller_native_action
act-libero_10-task03-state16,ACT,libero_10,3,16,505,3,gripper,0.1698040886093533,controller_native_action
act-libero_10-task03-state16,ACT,libero_10,3,16,505,3,arm_original,0.04411454487513638,controller_native_action
act-libero_10-task03-state16,ACT,libero_10,3,16,505,4,translation,0.07713379690418021,controller_native_action
act-libero_10-task03-state16,ACT,libero_10,3,16,505,4,rotation,0.013810993233245588,controller_native_action
act-libero_10-task03-state16,ACT,libero_10,3,16,505,4,gripper,0.20957513891498508,controller_native_action
act-libero_10-task03-state16,ACT,libero_10,3,16,505,4,arm_original,0.05540923279988669,controller_native_action
act-libero_10-task03-state16,ACT,libero_10,3,16,505,5,translation,0.08752513192145052,controller_native_action
act-libero_10-task03-state16,ACT,libero_10,3,16,505,5,rotation,0.015506458353747163,controller_native_action
act-libero_10-task03-state16,ACT,libero_10,3,16,505,5,gripper,0.21747431658816951,controller_native_action
act-libero_10-task03-state16,ACT,libero_10,3,16,505,5,arm_original,0.06285339676001533,controller_native_action
act-libero_10-task03-state16,ACT,libero_10,3,16,505,6,translation,0.09563378729988131,controller_native_action
act-libero_10-task03-state16,ACT,libero_10,3,16,505,6,rotation,0.016808088116497432,controller_native_action
act-libero_10-task03-state16,ACT,libero_10,3,16,505,6,gripper,0.24671800475901487,controller_native_action
act-libero_10-task03-state16,ACT,libero_10,3,16,505,6,arm_original,0.06865978844800966,controller_native_action
act-libero_10-task03-state16,ACT,libero_10,3,16,505,7,translation,0.10910208668184902,controller_native_action
act-libero_10-task03-state16,ACT,libero_10,3,16,505,7,rotation,0.018865551979586205,controller_native_action
act-libero_10-task03-state16,ACT,libero_10,3,16,505,7,gripper,0.26063895879793286,controller_native_action
act-libero_10-task03-state16,ACT,libero_10,3,16,505,7,arm_original,0.07829168017684947,controller_native_action
act-libero_10-task03-state16,ACT,libero_10,3,16,505,8,translation,0.11489331247862906,controller_native_action
act-libero_10-task03-state16,ACT,libero_10,3,16,505,8,rotation,0.02001896541467159,controller_native_action
act-libero_10-task03-state16,ACT,libero_10,3,16,505,8,gripper,0.3268373693673987,controller_native_action
act-libero_10-task03-state16,ACT,libero_10,3,16,505,8,arm_original,0.0824658481693656,controller_native_action
act-libero_10-task03-state16,ACT,libero_10,3,16,505,9,translation,0.1296812482869297,controller_native_action
act-libero_10-task03-state16,ACT,libero_10,3,16,505,9,rotation,0.0213014556858943,controller_native_action
act-libero_10-task03-state16,ACT,libero_10,3,16,505,9,gripper,0.41020590717219396,controller_native_action
act-libero_10-task03-state16,ACT,libero_10,3,16,505,9,arm_original,0.09292733228602451,controller_native_action
act-libero_10-task03-state16,ACT,libero_10,3,16,505,10,translation,0.13850236891562623,controller_native_action
act-libero_10-task03-state16,ACT,libero_10,3,16,505,10,rotation,0.02232708822317962,controller_native_action
act-libero_10-task03-state16,ACT,libero_10,3,16,505,10,gripper,0.47982832525471386,controller_native_action
act-libero_10-task03-state16,ACT,libero_10,3,16,505,10,arm_original,0.09920031518036086,controller_native_action
act-libero_10-task03-state16,ACT,libero_10,3,16,505,11,translation,0.14390311994007998,controller_native_action
act-libero_10-task03-state16,ACT,libero_10,3,16,505,11,rotation,0.023022793724603995,controller_native_action
act-libero_10-task03-state16,ACT,libero_10,3,16,505,11,gripper,0.5637941510683995,controller_native_action
act-libero_10-task03-state16,ACT,libero_10,3,16,505,11,arm_original,0.10304891304466708,controller_native_action
act-libero_10-task03-state16,ACT,libero_10,3,16,505,12,translation,0.15269354059143983,controller_native_action
act-libero_10-task03-state16,ACT,libero_10,3,16,505,12,rotation,0.023306564403148364,controller_native_action
act-libero_10-task03-state16,ACT,libero_10,3,16,505,12,gripper,0.7042401229133782,controller_native_action
act-libero_10-task03-state16,ACT,libero_10,3,16,505,12,arm_original,0.10922113642200344,controller_native_action
act-libero_10-task03-state16,ACT,libero_10,3,16,505,13,translation,0.16362582893185038,controller_native_action
act-libero_10-task03-state16,ACT,libero_10,3,16,505,13,rotation,0.02435000709552247,controller_native_action
act-libero_10-task03-state16,ACT,libero_10,3,16,505,13,gripper,0.8779234383892512,controller_native_action
act-libero_10-task03-state16,ACT,libero_10,3,16,505,13,arm_original,0.11697507157336377,controller_native_action
act-libero_10-task03-state16,ACT,libero_10,3,16,505,14,translation,0.17075433595333325,controller_native_action
act-libero_10-task03-state16,ACT,libero_10,3,16,505,14,rotation,0.024782984386626752,controller_native_action
act-libero_10-task03-state16,ACT,libero_10,3,16,505,14,gripper,0.939798001284192,controller_native_action
act-libero_10-task03-state16,ACT,libero_10,3,16,505,14,arm_original,0.12200663826606235,controller_native_action
act-libero_10-task03-state16,ACT,libero_10,3,16,505,15,translation,0.18143699627672935,controller_native_action
act-libero_10-task03-state16,ACT,libero_10,3,16,505,15,rotation,0.025105350035271333,controller_native_action
act-libero_10-task03-state16,ACT,libero_10,3,16,505,15,gripper,0.9484148952667714,controller_native_action
act-libero_10-task03-state16,ACT,libero_10,3,16,505,15,arm_original,0.1295176864723799,controller_native_action
act-libero_10-task03-state17,ACT,libero_10,3,17,196,0,translation,0.0,controller_native_action
act-libero_10-task03-state17,ACT,libero_10,3,17,196,0,rotation,0.0,controller_native_action
act-libero_10-task03-state17,ACT,libero_10,3,17,196,0,gripper,0.0,controller_native_action
act-libero_10-task03-state17,ACT,libero_10,3,17,196,0,arm_original,0.0,controller_native_action
act-libero_10-task03-state17,ACT,libero_10,3,17,196,1,translation,0.01837730781325784,controller_native_action
act-libero_10-task03-state17,ACT,libero_10,3,17,196,1,rotation,0.005228807667810537,controller_native_action
act-libero_10-task03-state17,ACT,libero_10,3,17,196,1,gripper,0.05439644185766627,controller_native_action
act-libero_10-task03-state17,ACT,libero_10,3,17,196,1,arm_original,0.013510475048831221,controller_native_action
act-libero_10-task03-state17,ACT,libero_10,3,17,196,2,translation,0.027126724960658474,controller_native_action
act-libero_10-task03-state17,ACT,libero_10,3,17,196,2,rotation,0.006993819968028102,controller_native_action
act-libero_10-task03-state17,ACT,libero_10,3,17,196,2,gripper,0.09352717587253974,controller_native_action
act-libero_10-task03-state17,ACT,libero_10,3,17,196,2,arm_original,0.019808744594703626,controller_native_action
act-libero_10-task03-state17,ACT,libero_10,3,17,196,3,translation,0.03682039287461874,controller_native_action
act-libero_10-task03-state17,ACT,libero_10,3,17,196,3,rotation,0.008526030593979621,controller_native_action
act-libero_10-task03-state17,ACT,libero_10,3,17,196,3,gripper,0.1146211264630598,controller_native_action
act-libero_10-task03-state17,ACT,libero_10,3,17,196,3,arm_original,0.026724843583553027,controller_native_action
act-libero_10-task03-state17,ACT,libero_10,3,17,196,4,translation,0.04699789789992041,controller_native_action
act-libero_10-task03-state17,ACT,libero_10,3,17,196,4,rotation,0.01032184217654045,controller_native_action
act-libero_10-task03-state17,ACT,libero_10,3,17,196,4,gripper,0.16008525472404722,controller_native_action
act-libero_10-task03-state17,ACT,libero_10,3,17,196,4,arm_original,0.034024570775608276,controller_native_action
act-libero_10-task03-state17,ACT,libero_10,3,17,196,5,translation,0.05394509541316562,controller_native_action
act-libero_10-task03-state17,ACT,libero_10,3,17,196,5,rotation,0.012075337530967732,controller_native_action
act-libero_10-task03-state17,ACT,libero_10,3,17,196,5,gripper,0.17638423445395626,controller_native_action
act-libero_10-task03-state17,ACT,libero_10,3,17,196,5,arm_original,0.039088918478402165,controller_native_action
act-libero_10-task03-state17,ACT,libero_10,3,17,196,6,translation,0.05826050539686875,controller_native_action
act-libero_10-task03-state17,ACT,libero_10,3,17,196,6,rotation,0.014057006719864033,controller_native_action
act-libero_10-task03-state17,ACT,libero_10,3,17,196,6,gripper,0.1930637954469466,controller_native_action
act-libero_10-task03-state17,ACT,libero_10,3,17,196,6,arm_original,0.042378567265900315,controller_native_action
act-libero_10-task03-state17,ACT,libero_10,3,17,196,7,translation,0.062055594983824264,controller_native_action
act-libero_10-task03-state17,ACT,libero_10,3,17,196,7,rotation,0.015622292946098796,controller_native_action
act-libero_10-task03-state17,ACT,libero_10,3,17,196,7,gripper,0.2257887118737979,controller_native_action
act-libero_10-task03-state17,ACT,libero_10,3,17,196,7,arm_original,0.04524904919271875,controller_native_action
act-libero_10-task03-state17,ACT,libero_10,3,17,196,8,translation,0.061840241760914016,controller_native_action
act-libero_10-task03-state17,ACT,libero_10,3,17,196,8,rotation,0.016612663977301167,controller_native_action
act-libero_10-task03-state17,ACT,libero_10,3,17,196,8,gripper,0.2531215101290001,controller_native_action
act-libero_10-task03-state17,ACT,libero_10,3,17,196,8,arm_original,0.04527800848906129,controller_native_action
act-libero_10-task03-state17,ACT,libero_10,3,17,196,9,translation,0.06218008618922364,controller_native_action
act-libero_10-task03-state17,ACT,libero_10,3,17,196,9,rotation,0.01709328547644614,controller_native_action
act-libero_10-task03-state17,ACT,libero_10,3,17,196,9,gripper,0.29214611489502607,controller_native_action
act-libero_10-task03-state17,ACT,libero_10,3,17,196,9,arm_original,0.045599032483587654,controller_native_action
act-libero_10-task03-state17,ACT,libero_10,3,17,196,10,translation,0.06252055776690822,controller_native_action
act-libero_10-task03-state17,ACT,libero_10,3,17,196,10,rotation,0.017795307956339337,controller_native_action
act-libero_10-task03-state17,ACT,libero_10,3,17,196,10,gripper,0.3018238732304021,controller_native_action
act-libero_10-task03-state17,ACT,libero_10,3,17,196,10,arm_original,0.045964622965636644,controller_native_action
act-libero_10-task03-state17,ACT,libero_10,3,17,196,11,translation,0.06117855069118397,controller_native_action
act-libero_10-task03-state17,ACT,libero_10,3,17,196,11,rotation,0.017726117571023284,controller_native_action
act-libero_10-task03-state17,ACT,libero_10,3,17,196,11,gripper,0.3032262326842157,controller_native_action
act-libero_10-task03-state17,ACT,libero_10,3,17,196,11,arm_original,0.04503904033622113,controller_native_action
act-libero_10-task03-state17,ACT,libero_10,3,17,196,12,translation,0.06075172161112037,controller_native_action
act-libero_10-task03-state17,ACT,libero_10,3,17,196,12,rotation,0.018285580574053027,controller_native_action
act-libero_10-task03-state17,ACT,libero_10,3,17,196,12,gripper,0.3085472580681528,controller_native_action
act-libero_10-task03-state17,ACT,libero_10,3,17,196,12,arm_original,0.04486164361481452,controller_native_action
act-libero_10-task03-state17,ACT,libero_10,3,17,196,13,translation,0.05932474173970912,controller_native_action
act-libero_10-task03-state17,ACT,libero_10,3,17,196,13,rotation,0.018718883573299327,controller_native_action
act-libero_10-task03-state17,ACT,libero_10,3,17,196,13,gripper,0.30838380437861046,controller_native_action
act-libero_10-task03-state17,ACT,libero_10,3,17,196,13,arm_original,0.043987620899032034,controller_native_action
act-libero_10-task03-state17,ACT,libero_10,3,17,196,14,translation,0.05700859294792898,controller_native_action
act-libero_10-task03-state17,ACT,libero_10,3,17,196,14,rotation,0.01883548430916205,controller_native_action
act-libero_10-task03-state17,ACT,libero_10,3,17,196,14,gripper,0.3124468928702143,controller_native_action
act-libero_10-task03-state17,ACT,libero_10,3,17,196,14,arm_original,0.04245441755025823,controller_native_action
act-libero_10-task03-state17,ACT,libero_10,3,17,196,15,translation,0.05480049931440115,controller_native_action
act-libero_10-task03-state17,ACT,libero_10,3,17,196,15,rotation,0.0187879264555424,controller_native_action
act-libero_10-task03-state17,ACT,libero_10,3,17,196,15,gripper,0.314517240513292,controller_native_action
act-libero_10-task03-state17,ACT,libero_10,3,17,196,15,arm_original,0.04096389206121991,controller_native_action
act-libero_10-task03-state18,ACT,libero_10,3,18,199,0,translation,0.0,controller_native_action
act-libero_10-task03-state18,ACT,libero_10,3,18,199,0,rotation,0.0,controller_native_action
act-libero_10-task03-state18,ACT,libero_10,3,18,199,0,gripper,0.0,controller_native_action
act-libero_10-task03-state18,ACT,libero_10,3,18,199,0,arm_original,0.0,controller_native_action
act-libero_10-task03-state18,ACT,libero_10,3,18,199,1,translation,0.018577222559342084,controller_native_action
act-libero_10-task03-state18,ACT,libero_10,3,18,199,1,rotation,0.0038916168280866133,controller_native_action
act-libero_10-task03-state18,ACT,libero_10,3,18,199,1,gripper,0.08049700439386796,controller_native_action
act-libero_10-task03-state18,ACT,libero_10,3,18,199,1,arm_original,0.013421212306568571,controller_native_action
act-libero_10-task03-state18,ACT,libero_10,3,18,199,2,translation,0.026800485695781216,controller_native_action
act-libero_10-task03-state18,ACT,libero_10,3,18,199,2,rotation,0.00559553614010115,controller_native_action
act-libero_10-task03-state18,ACT,libero_10,3,18,199,2,gripper,0.0740082474859111,controller_native_action
act-libero_10-task03-state18,ACT,libero_10,3,18,199,2,arm_original,0.019359442892616405,controller_native_action
act-libero_10-task03-state18,ACT,libero_10,3,18,199,3,translation,0.033508725258960426,controller_native_action
act-libero_10-task03-state18,ACT,libero_10,3,18,199,3,rotation,0.007159607445882207,controller_native_action
act-libero_10-task03-state18,ACT,libero_10,3,18,199,3,gripper,0.0894525339780152,controller_native_action
act-libero_10-task03-state18,ACT,libero_10,3,18,199,3,arm_original,0.024229059487107876,controller_native_action
act-libero_10-task03-state18,ACT,libero_10,3,18,199,4,translation,0.03875573403734872,controller_native_action
act-libero_10-task03-state18,ACT,libero_10,3,18,199,4,rotation,0.008481173968636712,controller_native_action
act-libero_10-task03-state18,ACT,libero_10,3,18,199,4,gripper,0.11480660699348143,controller_native_action
act-libero_10-task03-state18,ACT,libero_10,3,18,199,4,arm_original,0.02805296091912573,controller_native_action
act-libero_10-task03-state18,ACT,libero_10,3,18,199,5,translation,0.042416458624092976,controller_native_action
act-libero_10-task03-state18,ACT,libero_10,3,18,199,5,rotation,0.009784832693111718,controller_native_action
act-libero_10-task03-state18,ACT,libero_10,3,18,199,5,gripper,0.17265917538319356,controller_native_action
act-libero_10-task03-state18,ACT,libero_10,3,18,199,5,arm_original,0.030780666927810216,controller_native_action
act-libero_10-task03-state18,ACT,libero_10,3,18,199,6,translation,0.045637709489657625,controller_native_action
act-libero_10-task03-state18,ACT,libero_10,3,18,199,6,rotation,0.010950455191997287,controller_native_action
act-libero_10-task03-state18,ACT,libero_10,3,18,199,6,gripper,0.19355560030788832,controller_native_action
act-libero_10-task03-state18,ACT,libero_10,3,18,199,6,arm_original,0.03318669158242748,controller_native_action
act-libero_10-task03-state18,ACT,libero_10,3,18,199,7,translation,0.049264807775186624,controller_native_action
act-libero_10-task03-state18,ACT,libero_10,3,18,199,7,rotation,0.012154831016190793,controller_native_action
act-libero_10-task03-state18,ACT,libero_10,3,18,199,7,gripper,0.21608392613227725,controller_native_action
act-libero_10-task03-state18,ACT,libero_10,3,18,199,7,arm_original,0.035880086414041994,controller_native_action
act-libero_10-task03-state18,ACT,libero_10,3,18,199,8,translation,0.05261741436678574,controller_native_action
act-libero_10-task03-state18,ACT,libero_10,3,18,199,8,rotation,0.01292814035984311,controller_native_action
act-libero_10-task03-state18,ACT,libero_10,3,18,199,8,gripper,0.22808283546481617,controller_native_action
act-libero_10-task03-state18,ACT,libero_10,3,18,199,8,arm_original,0.03831272052340995,controller_native_action
act-libero_10-task03-state18,ACT,libero_10,3,18,199,9,translation,0.05425837326577272,controller_native_action
act-libero_10-task03-state18,ACT,libero_10,3,18,199,9,rotation,0.013951249063091777,controller_native_action
act-libero_10-task03-state18,ACT,libero_10,3,18,199,9,gripper,0.2402503668208861,controller_native_action
act-libero_10-task03-state18,ACT,libero_10,3,18,199,9,arm_original,0.03961444446075408,controller_native_action
act-libero_10-task03-state18,ACT,libero_10,3,18,199,10,translation,0.058721595177492904,controller_native_action
act-libero_10-task03-state18,ACT,libero_10,3,18,199,10,rotation,0.014958269696262303,controller_native_action
act-libero_10-task03-state18,ACT,libero_10,3,18,199,10,gripper,0.24747380775201122,controller_native_action
act-libero_10-task03-state18,ACT,libero_10,3,18,199,10,arm_original,0.04284842804873638,controller_native_action
act-libero_10-task03-state18,ACT,libero_10,3,18,199,11,translation,0.05891312171542353,controller_native_action
act-libero_10-task03-state18,ACT,libero_10,3,18,199,11,rotation,0.01535476531713782,controller_native_action
act-libero_10-task03-state18,ACT,libero_10,3,18,199,11,gripper,0.27980024704984496,controller_native_action
act-libero_10-task03-state18,ACT,libero_10,3,18,199,11,arm_original,0.043049533843008594,controller_native_action
act-libero_10-task03-state18,ACT,libero_10,3,18,199,12,translation,0.06210186502872305,controller_native_action
act-libero_10-task03-state18,ACT,libero_10,3,18,199,12,rotation,0.01577680440664446,controller_native_action
act-libero_10-task03-state18,ACT,libero_10,3,18,199,12,gripper,0.2725559588546199,controller_native_action
act-libero_10-task03-state18,ACT,libero_10,3,18,199,12,arm_original,0.04530755564655442,controller_native_action
act-libero_10-task03-state18,ACT,libero_10,3,18,199,13,translation,0.06313565602528183,controller_native_action
act-libero_10-task03-state18,ACT,libero_10,3,18,199,13,rotation,0.015847061833999268,controller_native_action
act-libero_10-task03-state18,ACT,libero_10,3,18,199,13,gripper,0.2878887059011279,controller_native_action
act-libero_10-task03-state18,ACT,libero_10,3,18,199,13,arm_original,0.046028471789281156,controller_native_action
act-libero_10-task03-state18,ACT,libero_10,3,18,199,14,translation,0.06631242936038356,controller_native_action
act-libero_10-task03-state18,ACT,libero_10,3,18,199,14,rotation,0.01620531899869687,controller_native_action
act-libero_10-task03-state18,ACT,libero_10,3,18,199,14,gripper,0.28007003117241785,controller_native_action
act-libero_10-task03-state18,ACT,libero_10,3,18,199,14,arm_original,0.048269817958665355,controller_native_action
act-libero_10-task03-state18,ACT,libero_10,3,18,199,15,translation,0.0701643672659129,controller_native_action
act-libero_10-task03-state18,ACT,libero_10,3,18,199,15,rotation,0.016031930634501406,controller_native_action
act-libero_10-task03-state18,ACT,libero_10,3,18,199,15,gripper,0.3071676180074858,controller_native_action
act-libero_10-task03-state18,ACT,libero_10,3,18,199,15,arm_original,0.05089234340102337,controller_native_action
act-libero_10-task03-state19,ACT,libero_10,3,19,201,0,translation,0.0,controller_native_action
act-libero_10-task03-state19,ACT,libero_10,3,19,201,0,rotation,0.0,controller_native_action
act-libero_10-task03-state19,ACT,libero_10,3,19,201,0,gripper,0.0,controller_native_action
act-libero_10-task03-state19,ACT,libero_10,3,19,201,0,arm_original,0.0,controller_native_action
act-libero_10-task03-state19,ACT,libero_10,3,19,201,1,translation,0.018328788446974734,controller_native_action
act-libero_10-task03-state19,ACT,libero_10,3,19,201,1,rotation,0.004237474085948853,controller_native_action
act-libero_10-task03-state19,ACT,libero_10,3,19,201,1,gripper,0.1400715499228108,controller_native_action
act-libero_10-task03-state19,ACT,libero_10,3,19,201,1,arm_original,0.013302268087868373,controller_native_action
act-libero_10-task03-state19,ACT,libero_10,3,19,201,2,translation,0.02851337173013317,controller_native_action
act-libero_10-task03-state19,ACT,libero_10,3,19,201,2,rotation,0.006296231609234841,controller_native_action
act-libero_10-task03-state19,ACT,libero_10,3,19,201,2,gripper,0.189550190522518,controller_native_action
act-libero_10-task03-state19,ACT,libero_10,3,19,201,2,arm_original,0.02064769841771578,controller_native_action
act-libero_10-task03-state19,ACT,libero_10,3,19,201,3,translation,0.036268620956165426,controller_native_action
act-libero_10-task03-state19,ACT,libero_10,3,19,201,3,rotation,0.008068729200946843,controller_native_action
act-libero_10-task03-state19,ACT,libero_10,3,19,201,3,gripper,0.210210685241464,controller_native_action
act-libero_10-task03-state19,ACT,libero_10,3,19,201,3,arm_original,0.026272773521082753,controller_native_action
act-libero_10-task03-state19,ACT,libero_10,3,19,201,4,translation,0.04274968478119599,controller_native_action
act-libero_10-task03-state19,ACT,libero_10,3,19,201,4,rotation,0.009329860483036662,controller_native_action
act-libero_10-task03-state19,ACT,libero_10,3,19,201,4,gripper,0.23218825315824188,controller_native_action
act-libero_10-task03-state19,ACT,libero_10,3,19,201,4,arm_original,0.03094011833788414,controller_native_action
act-libero_10-task03-state19,ACT,libero_10,3,19,201,5,translation,0.04712082241681485,controller_native_action
act-libero_10-task03-state19,ACT,libero_10,3,19,201,5,rotation,0.010460533790740757,controller_native_action
act-libero_10-task03-state19,ACT,libero_10,3,19,201,5,gripper,0.22273669011256303,controller_native_action
act-libero_10-task03-state19,ACT,libero_10,3,19,201,5,arm_original,0.03413059238003517,controller_native_action
act-libero_10-task03-state19,ACT,libero_10,3,19,201,6,translation,0.04800199899385099,controller_native_action
act-libero_10-task03-state19,ACT,libero_10,3,19,201,6,rotation,0.011010704004925435,controller_native_action
act-libero_10-task03-state19,ACT,libero_10,3,19,201,6,gripper,0.23961408967478853,controller_native_action
act-libero_10-task03-state19,ACT,libero_10,3,19,201,6,arm_original,0.0348240399012647,controller_native_action
act-libero_10-task03-state19,ACT,libero_10,3,19,201,7,translation,0.05191368252331544,controller_native_action
act-libero_10-task03-state19,ACT,libero_10,3,19,201,7,rotation,0.01174543895121816,controller_native_action
act-libero_10-task03-state19,ACT,libero_10,3,19,201,7,gripper,0.2433969489530568,controller_native_action
act-libero_10-task03-state19,ACT,libero_10,3,19,201,7,arm_original,0.03763632400546299,controller_native_action
act-libero_10-task03-state19,ACT,libero_10,3,19,201,8,translation,0.05254300198984066,controller_native_action
act-libero_10-task03-state19,ACT,libero_10,3,19,201,8,rotation,0.012212199821235928,controller_native_action
act-libero_10-task03-state19,ACT,libero_10,3,19,201,8,gripper,0.22517314997595578,controller_native_action
act-libero_10-task03-state19,ACT,libero_10,3,19,201,8,arm_original,0.03814383883786603,controller_native_action
act-libero_10-task03-state19,ACT,libero_10,3,19,201,9,translation,0.05457507168594074,controller_native_action
act-libero_10-task03-state19,ACT,libero_10,3,19,201,9,rotation,0.012824764927423108,controller_native_action
act-libero_10-task03-state19,ACT,libero_10,3,19,201,9,gripper,0.2748318523872382,controller_native_action
act-libero_10-task03-state19,ACT,libero_10,3,19,201,9,arm_original,0.039641600907186075,controller_native_action
act-libero_10-task03-state19,ACT,libero_10,3,19,201,10,translation,0.058267640289933434,controller_native_action
act-libero_10-task03-state19,ACT,libero_10,3,19,201,10,rotation,0.013726951256597696,controller_native_action
act-libero_10-task03-state19,ACT,libero_10,3,19,201,10,gripper,0.264877068466092,controller_native_action
act-libero_10-task03-state19,ACT,libero_10,3,19,201,10,arm_original,0.042329346178260785,controller_native_action
act-libero_10-task03-state19,ACT,libero_10,3,19,201,11,translation,0.057668076693743596,controller_native_action
act-libero_10-task03-state19,ACT,libero_10,3,19,201,11,rotation,0.013972907571195957,controller_native_action
act-libero_10-task03-state19,ACT,libero_10,3,19,201,11,gripper,0.2794853876776787,controller_native_action
act-libero_10-task03-state19,ACT,libero_10,3,19,201,11,arm_original,0.04195741421696932,controller_native_action
act-libero_10-task03-state19,ACT,libero_10,3,19,201,12,translation,0.05935822990902319,controller_native_action
act-libero_10-task03-state19,ACT,libero_10,3,19,201,12,rotation,0.014373780727416316,controller_native_action
act-libero_10-task03-state19,ACT,libero_10,3,19,201,12,gripper,0.25678516169611226,controller_native_action
act-libero_10-task03-state19,ACT,libero_10,3,19,201,12,arm_original,0.043185674883763826,controller_native_action
act-libero_10-task03-state19,ACT,libero_10,3,19,201,13,translation,0.05910588432423218,controller_native_action
act-libero_10-task03-state19,ACT,libero_10,3,19,201,13,rotation,0.014940146958988685,controller_native_action
act-libero_10-task03-state19,ACT,libero_10,3,19,201,13,gripper,0.2744855254074756,controller_native_action
act-libero_10-task03-state19,ACT,libero_10,3,19,201,13,arm_original,0.04310866242941025,controller_native_action
act-libero_10-task03-state19,ACT,libero_10,3,19,201,14,translation,0.061420880563411606,controller_native_action
act-libero_10-task03-state19,ACT,libero_10,3,19,201,14,rotation,0.015661720561938996,controller_native_action
act-libero_10-task03-state19,ACT,libero_10,3,19,201,14,gripper,0.25177548042413617,controller_native_action
act-libero_10-task03-state19,ACT,libero_10,3,19,201,14,arm_original,0.04482083254550911,controller_native_action
act-libero_10-task03-state19,ACT,libero_10,3,19,201,15,translation,0.06110976470327563,controller_native_action
act-libero_10-task03-state19,ACT,libero_10,3,19,201,15,rotation,0.015518133562798794,controller_native_action
act-libero_10-task03-state19,ACT,libero_10,3,19,201,15,gripper,0.24597813850066635,controller_native_action
act-libero_10-task03-state19,ACT,libero_10,3,19,201,15,arm_original,0.04458259644391842,controller_native_action
smolvla-libero_object-task03-state10,SmolVLA,libero_object,3,10,120,0,translation,0.0,controller_native_action
smolvla-libero_object-task03-state10,SmolVLA,libero_object,3,10,120,0,rotation,0.0,controller_native_action
smolvla-libero_object-task03-state10,SmolVLA,libero_object,3,10,120,0,gripper,0.0,controller_native_action
smolvla-libero_object-task03-state10,SmolVLA,libero_object,3,10,120,0,arm_original,0.0,controller_native_action
smolvla-libero_object-task03-state10,SmolVLA,libero_object,3,10,120,1,translation,0.17829608432681054,controller_native_action
smolvla-libero_object-task03-state10,SmolVLA,libero_object,3,10,120,1,rotation,0.03626515643015772,controller_native_action
smolvla-libero_object-task03-state10,SmolVLA,libero_object,3,10,120,1,gripper,0.6810333897762015,controller_native_action
smolvla-libero_object-task03-state10,SmolVLA,libero_object,3,10,120,1,arm_original,0.1286558495700389,controller_native_action
smolvla-libero_object-task03-state10,SmolVLA,libero_object,3,10,120,2,translation,0.1616629988428522,controller_native_action
smolvla-libero_object-task03-state10,SmolVLA,libero_object,3,10,120,2,rotation,0.030878767583679034,controller_native_action
smolvla-libero_object-task03-state10,SmolVLA,libero_object,3,10,120,2,gripper,0.5144885573150602,controller_native_action
smolvla-libero_object-task03-state10,SmolVLA,libero_object,3,10,120,2,arm_original,0.11637960191191347,controller_native_action
smolvla-libero_object-task03-state10,SmolVLA,libero_object,3,10,120,3,translation,0.17891727259949877,controller_native_action
smolvla-libero_object-task03-state10,SmolVLA,libero_object,3,10,120,3,rotation,0.034160860885346256,controller_native_action
smolvla-libero_object-task03-state10,SmolVLA,libero_object,3,10,120,3,gripper,0.5997643478081289,controller_native_action
smolvla-libero_object-task03-state10,SmolVLA,libero_object,3,10,120,3,arm_original,0.12879898068476966,controller_native_action
smolvla-libero_object-task03-state10,SmolVLA,libero_object,3,10,120,4,translation,0.16604828756657755,controller_native_action
smolvla-libero_object-task03-state10,SmolVLA,libero_object,3,10,120,4,rotation,0.03505971513612198,controller_native_action
smolvla-libero_object-task03-state10,SmolVLA,libero_object,3,10,120,4,gripper,0.4092107336291189,controller_native_action
smolvla-libero_object-task03-state10,SmolVLA,libero_object,3,10,120,4,arm_original,0.12000253628406954,controller_native_action
smolvla-libero_object-task03-state10,SmolVLA,libero_object,3,10,120,5,translation,0.19236982837000574,controller_native_action
smolvla-libero_object-task03-state10,SmolVLA,libero_object,3,10,120,5,rotation,0.03606536427988162,controller_native_action
smolvla-libero_object-task03-state10,SmolVLA,libero_object,3,10,120,5,gripper,0.5769621942916467,controller_native_action
smolvla-libero_object-task03-state10,SmolVLA,libero_object,3,10,120,5,arm_original,0.13839592004055978,controller_native_action
smolvla-libero_object-task03-state10,SmolVLA,libero_object,3,10,120,6,translation,0.1915452666156285,controller_native_action
smolvla-libero_object-task03-state10,SmolVLA,libero_object,3,10,120,6,rotation,0.03438176374550737,controller_native_action
smolvla-libero_object-task03-state10,SmolVLA,libero_object,3,10,120,6,gripper,0.6058786732281691,controller_native_action
smolvla-libero_object-task03-state10,SmolVLA,libero_object,3,10,120,6,arm_original,0.13760758489469993,controller_native_action
smolvla-libero_object-task03-state10,SmolVLA,libero_object,3,10,120,7,translation,0.19497365344318712,controller_native_action
smolvla-libero_object-task03-state10,SmolVLA,libero_object,3,10,120,7,rotation,0.03589815144915231,controller_native_action
smolvla-libero_object-task03-state10,SmolVLA,libero_object,3,10,120,7,gripper,0.5761188913288054,controller_native_action
smolvla-libero_object-task03-state10,SmolVLA,libero_object,3,10,120,7,arm_original,0.1401845262759951,controller_native_action
smolvla-libero_object-task03-state10,SmolVLA,libero_object,3,10,120,8,translation,0.19414997047117927,controller_native_action
smolvla-libero_object-task03-state10,SmolVLA,libero_object,3,10,120,8,rotation,0.03439035447525841,controller_native_action
smolvla-libero_object-task03-state10,SmolVLA,libero_object,3,10,120,8,gripper,0.6052445658436537,controller_native_action
smolvla-libero_object-task03-state10,SmolVLA,libero_object,3,10,120,8,arm_original,0.13942185537944493,controller_native_action
smolvla-libero_object-task03-state10,SmolVLA,libero_object,3,10,120,9,translation,0.19817120376696545,controller_native_action
smolvla-libero_object-task03-state10,SmolVLA,libero_object,3,10,120,9,rotation,0.03400572864669082,controller_native_action
smolvla-libero_object-task03-state10,SmolVLA,libero_object,3,10,120,9,gripper,0.6219508824158257,controller_native_action
smolvla-libero_object-task03-state10,SmolVLA,libero_object,3,10,120,9,arm_original,0.14217632641062383,controller_native_action
smolvla-libero_object-task03-state10,SmolVLA,libero_object,3,10,120,10,translation,0.1901917319588384,controller_native_action
smolvla-libero_object-task03-state10,SmolVLA,libero_object,3,10,120,10,rotation,0.03278873020929241,controller_native_action
smolvla-libero_object-task03-state10,SmolVLA,libero_object,3,10,120,10,gripper,0.5777129503389442,controller_native_action
smolvla-libero_object-task03-state10,SmolVLA,libero_object,3,10,120,10,arm_original,0.13646976905937885,controller_native_action
smolvla-libero_object-task03-state10,SmolVLA,libero_object,3,10,120,11,translation,0.1993207118560255,controller_native_action
smolvla-libero_object-task03-state10,SmolVLA,libero_object,3,10,120,11,rotation,0.03238469840165209,controller_native_action
smolvla-libero_object-task03-state10,SmolVLA,libero_object,3,10,120,11,gripper,0.5741329120950622,controller_native_action
smolvla-libero_object-task03-state10,SmolVLA,libero_object,3,10,120,11,arm_original,0.14278920628912872,controller_native_action
smolvla-libero_object-task03-state10,SmolVLA,libero_object,3,10,120,12,translation,0.1928428589561023,controller_native_action
smolvla-libero_object-task03-state10,SmolVLA,libero_object,3,10,120,12,rotation,0.03329878697282366,controller_native_action
smolvla-libero_object-task03-state10,SmolVLA,libero_object,3,10,120,12,gripper,0.516783496082246,controller_native_action
smolvla-libero_object-task03-state10,SmolVLA,libero_object,3,10,120,12,arm_original,0.1383784258188838,controller_native_action
smolvla-libero_object-task03-state10,SmolVLA,libero_object,3,10,120,13,translation,0.20131721851415688,controller_native_action
smolvla-libero_object-task03-state10,SmolVLA,libero_object,3,10,120,13,rotation,0.03392301429839511,controller_native_action
smolvla-libero_object-task03-state10,SmolVLA,libero_object,3,10,120,13,gripper,0.6346934569826177,controller_native_action
smolvla-libero_object-task03-state10,SmolVLA,libero_object,3,10,120,13,arm_original,0.14435960891012053,controller_native_action
smolvla-libero_object-task03-state10,SmolVLA,libero_object,3,10,120,14,translation,0.20835739786568513,controller_native_action
smolvla-libero_object-task03-state10,SmolVLA,libero_object,3,10,120,14,rotation,0.03326609061529487,controller_native_action
smolvla-libero_object-task03-state10,SmolVLA,libero_object,3,10,120,14,gripper,0.6075498118808748,controller_native_action
smolvla-libero_object-task03-state10,SmolVLA,libero_object,3,10,120,14,arm_original,0.1491969135575271,controller_native_action
smolvla-libero_object-task03-state10,SmolVLA,libero_object,3,10,120,15,translation,0.20795299719032231,controller_native_action
smolvla-libero_object-task03-state10,SmolVLA,libero_object,3,10,120,15,rotation,0.03553630864048188,controller_native_action
smolvla-libero_object-task03-state10,SmolVLA,libero_object,3,10,120,15,gripper,0.6064332985473915,controller_native_action
smolvla-libero_object-task03-state10,SmolVLA,libero_object,3,10,120,15,arm_original,0.14917653681499277,controller_native_action
smolvla-libero_object-task03-state11,SmolVLA,libero_object,3,11,110,0,translation,0.0,controller_native_action
smolvla-libero_object-task03-state11,SmolVLA,libero_object,3,11,110,0,rotation,0.0,controller_native_action
smolvla-libero_object-task03-state11,SmolVLA,libero_object,3,11,110,0,gripper,0.0,controller_native_action
smolvla-libero_object-task03-state11,SmolVLA,libero_object,3,11,110,0,arm_original,0.0,controller_native_action
smolvla-libero_object-task03-state11,SmolVLA,libero_object,3,11,110,1,translation,0.13301900088100682,controller_native_action
smolvla-libero_object-task03-state11,SmolVLA,libero_object,3,11,110,1,rotation,0.033467674668919506,controller_native_action
smolvla-libero_object-task03-state11,SmolVLA,libero_object,3,11,110,1,gripper,0.539321503629901,controller_native_action
smolvla-libero_object-task03-state11,SmolVLA,libero_object,3,11,110,1,arm_original,0.09699005063181977,controller_native_action
smolvla-libero_object-task03-state11,SmolVLA,libero_object,3,11,110,2,translation,0.14721809563340146,controller_native_action
smolvla-libero_object-task03-state11,SmolVLA,libero_object,3,11,110,2,rotation,0.034997398363918485,controller_native_action
smolvla-libero_object-task03-state11,SmolVLA,libero_object,3,11,110,2,gripper,0.572226998806964,controller_native_action
smolvla-libero_object-task03-state11,SmolVLA,libero_object,3,11,110,2,arm_original,0.10699996629478006,controller_native_action
smolvla-libero_object-task03-state11,SmolVLA,libero_object,3,11,110,3,translation,0.14913842379381148,controller_native_action
smolvla-libero_object-task03-state11,SmolVLA,libero_object,3,11,110,3,rotation,0.033910448126983024,controller_native_action
smolvla-libero_object-task03-state11,SmolVLA,libero_object,3,11,110,3,gripper,0.4253144328247952,controller_native_action
smolvla-libero_object-task03-state11,SmolVLA,libero_object,3,11,110,3,arm_original,0.108148481135602,controller_native_action
smolvla-libero_object-task03-state11,SmolVLA,libero_object,3,11,110,4,translation,0.14715150811024577,controller_native_action
smolvla-libero_object-task03-state11,SmolVLA,libero_object,3,11,110,4,rotation,0.034686427100314665,controller_native_action
smolvla-libero_object-task03-state11,SmolVLA,libero_object,3,11,110,4,gripper,0.5037162439779478,controller_native_action
smolvla-libero_object-task03-state11,SmolVLA,libero_object,3,11,110,4,arm_original,0.10690349518164777,controller_native_action
smolvla-libero_object-task03-state11,SmolVLA,libero_object,3,11,110,5,translation,0.15356705563847342,controller_native_action
smolvla-libero_object-task03-state11,SmolVLA,libero_object,3,11,110,5,rotation,0.03521838272780458,controller_native_action
smolvla-libero_object-task03-state11,SmolVLA,libero_object,3,11,110,5,gripper,0.4677367018504262,controller_native_action
smolvla-libero_object-task03-state11,SmolVLA,libero_object,3,11,110,5,arm_original,0.11140730465151762,controller_native_action
smolvla-libero_object-task03-state11,SmolVLA,libero_object,3,11,110,6,translation,0.1550855229332271,controller_native_action
smolvla-libero_object-task03-state11,SmolVLA,libero_object,3,11,110,6,rotation,0.033432371019389805,controller_native_action
smolvla-libero_object-task03-state11,SmolVLA,libero_object,3,11,110,6,gripper,0.5407963013008584,controller_native_action
smolvla-libero_object-task03-state11,SmolVLA,libero_object,3,11,110,6,arm_original,0.1121811990831143,controller_native_action
smolvla-libero_object-task03-state11,SmolVLA,libero_object,3,11,110,7,translation,0.1548966647745424,controller_native_action
smolvla-libero_object-task03-state11,SmolVLA,libero_object,3,11,110,7,rotation,0.034078356909192135,controller_native_action
smolvla-libero_object-task03-state11,SmolVLA,libero_object,3,11,110,7,gripper,0.5992199064587004,controller_native_action
smolvla-libero_object-task03-state11,SmolVLA,libero_object,3,11,110,7,arm_original,0.11214791832198058,controller_native_action
smolvla-libero_object-task03-state11,SmolVLA,libero_object,3,11,110,8,translation,0.1429748414785666,controller_native_action
smolvla-libero_object-task03-state11,SmolVLA,libero_object,3,11,110,8,rotation,0.03336461893321428,controller_native_action
smolvla-libero_object-task03-state11,SmolVLA,libero_object,3,11,110,8,gripper,0.5730511722090529,controller_native_action
smolvla-libero_object-task03-state11,SmolVLA,libero_object,3,11,110,8,arm_original,0.10381474628486033,controller_native_action
smolvla-libero_object-task03-state11,SmolVLA,libero_object,3,11,110,9,translation,0.14457745318248985,controller_native_action
smolvla-libero_object-task03-state11,SmolVLA,libero_object,3,11,110,9,rotation,0.03172746293475602,controller_native_action
smolvla-libero_object-task03-state11,SmolVLA,libero_object,3,11,110,9,gripper,0.5726213252105035,controller_native_action
smolvla-libero_object-task03-state11,SmolVLA,libero_object,3,11,110,9,arm_original,0.104664396699669,controller_native_action
smolvla-libero_object-task03-state11,SmolVLA,libero_object,3,11,110,10,translation,0.14617637415025977,controller_native_action
smolvla-libero_object-task03-state11,SmolVLA,libero_object,3,11,110,10,rotation,0.03299617450664353,controller_native_action
smolvla-libero_object-task03-state11,SmolVLA,libero_object,3,11,110,10,gripper,0.5381930326017121,controller_native_action
smolvla-libero_object-task03-state11,SmolVLA,libero_object,3,11,110,10,arm_original,0.10596291778681259,controller_native_action
smolvla-libero_object-task03-state11,SmolVLA,libero_object,3,11,110,11,translation,0.14779139140615316,controller_native_action
smolvla-libero_object-task03-state11,SmolVLA,libero_object,3,11,110,11,rotation,0.03197457847098958,controller_native_action
smolvla-libero_object-task03-state11,SmolVLA,libero_object,3,11,110,11,gripper,0.5063860752909137,controller_native_action
smolvla-libero_object-task03-state11,SmolVLA,libero_object,3,11,110,11,arm_original,0.1069220955700089,controller_native_action
smolvla-libero_object-task03-state11,SmolVLA,libero_object,3,11,110,12,translation,0.14743649802970316,controller_native_action
smolvla-libero_object-task03-state11,SmolVLA,libero_object,3,11,110,12,rotation,0.03314678799040377,controller_native_action
smolvla-libero_object-task03-state11,SmolVLA,libero_object,3,11,110,12,gripper,0.6288291567833002,controller_native_action
smolvla-libero_object-task03-state11,SmolVLA,libero_object,3,11,110,12,arm_original,0.10685558128928838,controller_native_action
smolvla-libero_object-task03-state11,SmolVLA,libero_object,3,11,110,13,translation,0.15943540400388767,controller_native_action
smolvla-libero_object-task03-state11,SmolVLA,libero_object,3,11,110,13,rotation,0.03300477608686204,controller_native_action
smolvla-libero_object-task03-state11,SmolVLA,libero_object,3,11,110,13,gripper,0.6596024939445594,controller_native_action
smolvla-libero_object-task03-state11,SmolVLA,libero_object,3,11,110,13,arm_original,0.11512810971788509,controller_native_action
smolvla-libero_object-task03-state11,SmolVLA,libero_object,3,11,110,14,translation,0.14440481961498974,controller_native_action
smolvla-libero_object-task03-state11,SmolVLA,libero_object,3,11,110,14,rotation,0.032605655946862475,controller_native_action
smolvla-libero_object-task03-state11,SmolVLA,libero_object,3,11,110,14,gripper,0.6251296636333687,controller_native_action
smolvla-libero_object-task03-state11,SmolVLA,libero_object,3,11,110,14,arm_original,0.10468018133286476,controller_native_action
smolvla-libero_object-task03-state11,SmolVLA,libero_object,3,11,110,15,translation,0.14965826805689977,controller_native_action
smolvla-libero_object-task03-state11,SmolVLA,libero_object,3,11,110,15,rotation,0.030612180601448838,controller_native_action
smolvla-libero_object-task03-state11,SmolVLA,libero_object,3,11,110,15,gripper,0.5997292838024558,controller_native_action
smolvla-libero_object-task03-state11,SmolVLA,libero_object,3,11,110,15,arm_original,0.10801551462398026,controller_native_action
smolvla-libero_object-task03-state12,SmolVLA,libero_object,3,12,109,0,translation,0.0,controller_native_action
smolvla-libero_object-task03-state12,SmolVLA,libero_object,3,12,109,0,rotation,0.0,controller_native_action
smolvla-libero_object-task03-state12,SmolVLA,libero_object,3,12,109,0,gripper,0.0,controller_native_action
smolvla-libero_object-task03-state12,SmolVLA,libero_object,3,12,109,0,arm_original,0.0,controller_native_action
smolvla-libero_object-task03-state12,SmolVLA,libero_object,3,12,109,1,translation,0.16341762582083183,controller_native_action
smolvla-libero_object-task03-state12,SmolVLA,libero_object,3,12,109,1,rotation,0.03830961160168008,controller_native_action
smolvla-libero_object-task03-state12,SmolVLA,libero_object,3,12,109,1,gripper,0.6360892604639979,controller_native_action
smolvla-libero_object-task03-state12,SmolVLA,libero_object,3,12,109,1,arm_original,0.11868644987948072,controller_native_action
smolvla-libero_object-task03-state12,SmolVLA,libero_object,3,12,109,2,translation,0.1595263830246952,controller_native_action
smolvla-libero_object-task03-state12,SmolVLA,libero_object,3,12,109,2,rotation,0.032695231885270445,controller_native_action
smolvla-libero_object-task03-state12,SmolVLA,libero_object,3,12,109,2,gripper,0.5749589790865984,controller_native_action
smolvla-libero_object-task03-state12,SmolVLA,libero_object,3,12,109,2,arm_original,0.11514696059595618,controller_native_action
smolvla-libero_object-task03-state12,SmolVLA,libero_object,3,12,109,3,translation,0.16040944267706203,controller_native_action
smolvla-libero_object-task03-state12,SmolVLA,libero_object,3,12,109,3,rotation,0.034066584520602884,controller_native_action
smolvla-libero_object-task03-state12,SmolVLA,libero_object,3,12,109,3,gripper,0.5424642370714681,controller_native_action
smolvla-libero_object-task03-state12,SmolVLA,libero_object,3,12,109,3,arm_original,0.11595628805904626,controller_native_action
smolvla-libero_object-task03-state12,SmolVLA,libero_object,3,12,109,4,translation,0.15813419905638262,controller_native_action
smolvla-libero_object-task03-state12,SmolVLA,libero_object,3,12,109,4,rotation,0.0345685845038522,controller_native_action
smolvla-libero_object-task03-state12,SmolVLA,libero_object,3,12,109,4,gripper,0.6059996481572114,controller_native_action
smolvla-libero_object-task03-state12,SmolVLA,libero_object,3,12,109,4,arm_original,0.11445831543798732,controller_native_action
smolvla-libero_object-task03-state12,SmolVLA,libero_object,3,12,109,5,translation,0.15556942078184338,controller_native_action
smolvla-libero_object-task03-state12,SmolVLA,libero_object,3,12,109,5,rotation,0.03210789566608442,controller_native_action
smolvla-libero_object-task03-state12,SmolVLA,libero_object,3,12,109,5,gripper,0.5411325093342308,controller_native_action
smolvla-libero_object-task03-state12,SmolVLA,libero_object,3,12,109,5,arm_original,0.1123226638895784,controller_native_action
smolvla-libero_object-task03-state12,SmolVLA,libero_object,3,12,109,6,translation,0.14134334111637417,controller_native_action
smolvla-libero_object-task03-state12,SmolVLA,libero_object,3,12,109,6,rotation,0.031035070458303612,controller_native_action
smolvla-libero_object-task03-state12,SmolVLA,libero_object,3,12,109,6,gripper,0.6046920816646812,controller_native_action
smolvla-libero_object-task03-state12,SmolVLA,libero_object,3,12,109,6,arm_original,0.10232574377030342,controller_native_action
smolvla-libero_object-task03-state12,SmolVLA,libero_object,3,12,109,7,translation,0.15950274682524532,controller_native_action
smolvla-libero_object-task03-state12,SmolVLA,libero_object,3,12,109,7,rotation,0.033564860535900055,controller_native_action
smolvla-libero_object-task03-state12,SmolVLA,libero_object,3,12,109,7,gripper,0.5760987800569679,controller_native_action
smolvla-libero_object-task03-state12,SmolVLA,libero_object,3,12,109,7,arm_original,0.11525564217771016,controller_native_action
smolvla-libero_object-task03-state12,SmolVLA,libero_object,3,12,109,8,translation,0.15680806542334658,controller_native_action
smolvla-libero_object-task03-state12,SmolVLA,libero_object,3,12,109,8,rotation,0.03404508168055179,controller_native_action
smolvla-libero_object-task03-state12,SmolVLA,libero_object,3,12,109,8,gripper,0.6071428729857371,controller_native_action
smolvla-libero_object-task03-state12,SmolVLA,libero_object,3,12,109,8,arm_original,0.11346329135109728,controller_native_action
smolvla-libero_object-task03-state12,SmolVLA,libero_object,3,12,109,9,translation,0.15553049423652868,controller_native_action
smolvla-libero_object-task03-state12,SmolVLA,libero_object,3,12,109,9,rotation,0.032731008350683904,controller_native_action
smolvla-libero_object-task03-state12,SmolVLA,libero_object,3,12,109,9,gripper,0.5082405230551317,controller_native_action
smolvla-libero_object-task03-state12,SmolVLA,libero_object,3,12,109,9,arm_original,0.11238561639531862,controller_native_action
smolvla-libero_object-task03-state12,SmolVLA,libero_object,3,12,109,10,translation,0.1608292592854349,controller_native_action
smolvla-libero_object-task03-state12,SmolVLA,libero_object,3,12,109,10,rotation,0.03225167971993611,controller_native_action
smolvla-libero_object-task03-state12,SmolVLA,libero_object,3,12,109,10,gripper,0.605266053903679,controller_native_action
smolvla-libero_object-task03-state12,SmolVLA,libero_object,3,12,109,10,arm_original,0.11598754563973449,controller_native_action
smolvla-libero_object-task03-state12,SmolVLA,libero_object,3,12,109,11,translation,0.1547056188530855,controller_native_action
smolvla-libero_object-task03-state12,SmolVLA,libero_object,3,12,109,11,rotation,0.032894371289862945,controller_native_action
smolvla-libero_object-task03-state12,SmolVLA,libero_object,3,12,109,11,gripper,0.6075454304045228,controller_native_action
smolvla-libero_object-task03-state12,SmolVLA,libero_object,3,12,109,11,arm_original,0.11183887554708227,controller_native_action
smolvla-libero_object-task03-state12,SmolVLA,libero_object,3,12,109,12,translation,0.16410076116865607,controller_native_action
smolvla-libero_object-task03-state12,SmolVLA,libero_object,3,12,109,12,rotation,0.03147947498320971,controller_native_action
smolvla-libero_object-task03-state12,SmolVLA,libero_object,3,12,109,12,gripper,0.5759241533641072,controller_native_action
smolvla-libero_object-task03-state12,SmolVLA,libero_object,3,12,109,12,arm_original,0.11815248021381276,controller_native_action
smolvla-libero_object-task03-state12,SmolVLA,libero_object,3,12,109,13,translation,0.16380997976847392,controller_native_action
smolvla-libero_object-task03-state12,SmolVLA,libero_object,3,12,109,13,rotation,0.03213485149070821,controller_native_action
smolvla-libero_object-task03-state12,SmolVLA,libero_object,3,12,109,13,gripper,0.6632123868725293,controller_native_action
smolvla-libero_object-task03-state12,SmolVLA,libero_object,3,12,109,13,arm_original,0.1180388879820496,controller_native_action
smolvla-libero_object-task03-state12,SmolVLA,libero_object,3,12,109,14,translation,0.15859694518906367,controller_native_action
smolvla-libero_object-task03-state12,SmolVLA,libero_object,3,12,109,14,rotation,0.03299464358128091,controller_native_action
smolvla-libero_object-task03-state12,SmolVLA,libero_object,3,12,109,14,gripper,0.5933033209690013,controller_native_action
smolvla-libero_object-task03-state12,SmolVLA,libero_object,3,12,109,14,arm_original,0.11454614251112655,controller_native_action
smolvla-libero_object-task03-state12,SmolVLA,libero_object,3,12,109,15,translation,0.16556576086713326,controller_native_action
smolvla-libero_object-task03-state12,SmolVLA,libero_object,3,12,109,15,rotation,0.034808199432132744,controller_native_action
smolvla-libero_object-task03-state12,SmolVLA,libero_object,3,12,109,15,gripper,0.5732579794667433,controller_native_action
smolvla-libero_object-task03-state12,SmolVLA,libero_object,3,12,109,15,arm_original,0.11963200223857302,controller_native_action
smolvla-libero_object-task03-state13,SmolVLA,libero_object,3,13,190,0,translation,0.0,controller_native_action
smolvla-libero_object-task03-state13,SmolVLA,libero_object,3,13,190,0,rotation,0.0,controller_native_action
smolvla-libero_object-task03-state13,SmolVLA,libero_object,3,13,190,0,gripper,0.0,controller_native_action
smolvla-libero_object-task03-state13,SmolVLA,libero_object,3,13,190,0,arm_original,0.0,controller_native_action
smolvla-libero_object-task03-state13,SmolVLA,libero_object,3,13,190,1,translation,0.1818147742439106,controller_native_action
smolvla-libero_object-task03-state13,SmolVLA,libero_object,3,13,190,1,rotation,0.03861643292827145,controller_native_action
smolvla-libero_object-task03-state13,SmolVLA,libero_object,3,13,190,1,gripper,0.9413624173226507,controller_native_action
smolvla-libero_object-task03-state13,SmolVLA,libero_object,3,13,190,1,arm_original,0.1314302876536985,controller_native_action
smolvla-libero_object-task03-state13,SmolVLA,libero_object,3,13,190,2,translation,0.1871744266295313,controller_native_action
smolvla-libero_object-task03-state13,SmolVLA,libero_object,3,13,190,2,rotation,0.0371239123289234,controller_native_action
smolvla-libero_object-task03-state13,SmolVLA,libero_object,3,13,190,2,gripper,0.9202165011657749,controller_native_action
smolvla-libero_object-task03-state13,SmolVLA,libero_object,3,13,190,2,arm_original,0.13493044662102652,controller_native_action
smolvla-libero_object-task03-state13,SmolVLA,libero_object,3,13,190,3,translation,0.19170439747016763,controller_native_action
smolvla-libero_object-task03-state13,SmolVLA,libero_object,3,13,190,3,rotation,0.04054749798516906,controller_native_action
smolvla-libero_object-task03-state13,SmolVLA,libero_object,3,13,190,3,gripper,0.8629124421758453,controller_native_action
smolvla-libero_object-task03-state13,SmolVLA,libero_object,3,13,190,3,arm_original,0.13855445788977216,controller_native_action
smolvla-libero_object-task03-state13,SmolVLA,libero_object,3,13,190,4,translation,0.1985771731924875,controller_native_action
smolvla-libero_object-task03-state13,SmolVLA,libero_object,3,13,190,4,rotation,0.039048189460745425,controller_native_action
smolvla-libero_object-task03-state13,SmolVLA,libero_object,3,13,190,4,gripper,0.8572210354586074,controller_native_action
smolvla-libero_object-task03-state13,SmolVLA,libero_object,3,13,190,4,arm_original,0.1431042536287469,controller_native_action
smolvla-libero_object-task03-state13,SmolVLA,libero_object,3,13,190,5,translation,0.1857180504916428,controller_native_action
smolvla-libero_object-task03-state13,SmolVLA,libero_object,3,13,190,5,rotation,0.03828231088574142,controller_native_action
smolvla-libero_object-task03-state13,SmolVLA,libero_object,3,13,190,5,gripper,0.7630614167391226,controller_native_action
smolvla-libero_object-task03-state13,SmolVLA,libero_object,3,13,190,5,arm_original,0.13408342478690075,controller_native_action
smolvla-libero_object-task03-state13,SmolVLA,libero_object,3,13,190,6,translation,0.18759750909588255,controller_native_action
smolvla-libero_object-task03-state13,SmolVLA,libero_object,3,13,190,6,rotation,0.040009842038054515,controller_native_action
smolvla-libero_object-task03-state13,SmolVLA,libero_object,3,13,190,6,gripper,0.8683527355059036,controller_native_action
smolvla-libero_object-task03-state13,SmolVLA,libero_object,3,13,190,6,arm_original,0.13563482753129782,controller_native_action
smolvla-libero_object-task03-state13,SmolVLA,libero_object,3,13,190,7,translation,0.19403636803613225,controller_native_action
smolvla-libero_object-task03-state13,SmolVLA,libero_object,3,13,190,7,rotation,0.03925378614520359,controller_native_action
smolvla-libero_object-task03-state13,SmolVLA,libero_object,3,13,190,7,gripper,0.9449169139759444,controller_native_action
smolvla-libero_object-task03-state13,SmolVLA,libero_object,3,13,190,7,arm_original,0.1399838773705507,controller_native_action
smolvla-libero_object-task03-state13,SmolVLA,libero_object,3,13,190,8,translation,0.1960237293941671,controller_native_action
smolvla-libero_object-task03-state13,SmolVLA,libero_object,3,13,190,8,rotation,0.04033478591159842,controller_native_action
smolvla-libero_object-task03-state13,SmolVLA,libero_object,3,13,190,8,gripper,0.8985603260501017,controller_native_action
smolvla-libero_object-task03-state13,SmolVLA,libero_object,3,13,190,8,arm_original,0.141513599064069,controller_native_action
smolvla-libero_object-task03-state13,SmolVLA,libero_object,3,13,190,9,translation,0.2043759922385295,controller_native_action
smolvla-libero_object-task03-state13,SmolVLA,libero_object,3,13,190,9,rotation,0.038750015826373295,controller_native_action
smolvla-libero_object-task03-state13,SmolVLA,libero_object,3,13,190,9,gripper,0.9583457425664712,controller_native_action
smolvla-libero_object-task03-state13,SmolVLA,libero_object,3,13,190,9,arm_original,0.1470902952781516,controller_native_action
smolvla-libero_object-task03-state13,SmolVLA,libero_object,3,13,190,10,translation,0.20551217977794078,controller_native_action
smolvla-libero_object-task03-state13,SmolVLA,libero_object,3,13,190,10,rotation,0.038372291744008274,controller_native_action
smolvla-libero_object-task03-state13,SmolVLA,libero_object,3,13,190,10,gripper,0.8975589716667074,controller_native_action
smolvla-libero_object-task03-state13,SmolVLA,libero_object,3,13,190,10,arm_original,0.1478304583141917,controller_native_action
smolvla-libero_object-task03-state13,SmolVLA,libero_object,3,13,190,11,translation,0.21655568250630683,controller_native_action
smolvla-libero_object-task03-state13,SmolVLA,libero_object,3,13,190,11,rotation,0.039277113453124554,controller_native_action
smolvla-libero_object-task03-state13,SmolVLA,libero_object,3,13,190,11,gripper,0.9087275282093734,controller_native_action
smolvla-libero_object-task03-state13,SmolVLA,libero_object,3,13,190,11,arm_original,0.15562624339580708,controller_native_action
smolvla-libero_object-task03-state13,SmolVLA,libero_object,3,13,190,12,translation,0.20552476763742517,controller_native_action
smolvla-libero_object-task03-state13,SmolVLA,libero_object,3,13,190,12,rotation,0.03907410212027231,controller_native_action
smolvla-libero_object-task03-state13,SmolVLA,libero_object,3,13,190,12,gripper,0.9104785593037569,controller_native_action
smolvla-libero_object-task03-state13,SmolVLA,libero_object,3,13,190,12,arm_original,0.14793109133803325,controller_native_action
smolvla-libero_object-task03-state13,SmolVLA,libero_object,3,13,190,13,translation,0.20845524458674833,controller_native_action
smolvla-libero_object-task03-state13,SmolVLA,libero_object,3,13,190,13,rotation,0.04045007998662903,controller_native_action
smolvla-libero_object-task03-state13,SmolVLA,libero_object,3,13,190,13,gripper,0.9440270484706891,controller_native_action
smolvla-libero_object-task03-state13,SmolVLA,libero_object,3,13,190,13,arm_original,0.15014958868849052,controller_native_action
smolvla-libero_object-task03-state13,SmolVLA,libero_object,3,13,190,14,translation,0.22517541924427786,controller_native_action
smolvla-libero_object-task03-state13,SmolVLA,libero_object,3,13,190,14,rotation,0.03963866922919122,controller_native_action
smolvla-libero_object-task03-state13,SmolVLA,libero_object,3,13,190,14,gripper,0.946725779910658,controller_native_action
smolvla-libero_object-task03-state13,SmolVLA,libero_object,3,13,190,14,arm_original,0.16167126140736568,controller_native_action
smolvla-libero_object-task03-state13,SmolVLA,libero_object,3,13,190,15,translation,0.2207528880617484,controller_native_action
smolvla-libero_object-task03-state13,SmolVLA,libero_object,3,13,190,15,rotation,0.03812664499098129,controller_native_action
smolvla-libero_object-task03-state13,SmolVLA,libero_object,3,13,190,15,gripper,0.9252706047575118,controller_native_action
smolvla-libero_object-task03-state13,SmolVLA,libero_object,3,13,190,15,arm_original,0.1584068790265611,controller_native_action
smolvla-libero_object-task03-state14,SmolVLA,libero_object,3,14,111,0,translation,0.0,controller_native_action
smolvla-libero_object-task03-state14,SmolVLA,libero_object,3,14,111,0,rotation,0.0,controller_native_action
smolvla-libero_object-task03-state14,SmolVLA,libero_object,3,14,111,0,gripper,0.0,controller_native_action
smolvla-libero_object-task03-state14,SmolVLA,libero_object,3,14,111,0,arm_original,0.0,controller_native_action
smolvla-libero_object-task03-state14,SmolVLA,libero_object,3,14,111,1,translation,0.16968966059030036,controller_native_action
smolvla-libero_object-task03-state14,SmolVLA,libero_object,3,14,111,1,rotation,0.03596411880447533,controller_native_action
smolvla-libero_object-task03-state14,SmolVLA,libero_object,3,14,111,1,gripper,0.4660636293482499,controller_native_action
smolvla-libero_object-task03-state14,SmolVLA,libero_object,3,14,111,1,arm_original,0.1226539823092462,controller_native_action
smolvla-libero_object-task03-state14,SmolVLA,libero_object,3,14,111,2,translation,0.15087479009786284,controller_native_action
smolvla-libero_object-task03-state14,SmolVLA,libero_object,3,14,111,2,rotation,0.03479073255239832,controller_native_action
smolvla-libero_object-task03-state14,SmolVLA,libero_object,3,14,111,2,gripper,0.5383166329314941,controller_native_action
smolvla-libero_object-task03-state14,SmolVLA,libero_object,3,14,111,2,arm_original,0.10948423941053498,controller_native_action
smolvla-libero_object-task03-state14,SmolVLA,libero_object,3,14,111,3,translation,0.14571679822595718,controller_native_action
smolvla-libero_object-task03-state14,SmolVLA,libero_object,3,14,111,3,rotation,0.03438183912199251,controller_native_action
smolvla-libero_object-task03-state14,SmolVLA,libero_object,3,14,111,3,gripper,0.46412046650631567,controller_native_action
smolvla-libero_object-task03-state14,SmolVLA,libero_object,3,14,111,3,arm_original,0.10586665231940341,controller_native_action
smolvla-libero_object-task03-state14,SmolVLA,libero_object,3,14,111,4,translation,0.15221802413007554,controller_native_action
smolvla-libero_object-task03-state14,SmolVLA,libero_object,3,14,111,4,rotation,0.034243210200369203,controller_native_action
smolvla-libero_object-task03-state14,SmolVLA,libero_object,3,14,111,4,gripper,0.46492595139841814,controller_native_action
smolvla-libero_object-task03-state14,SmolVLA,libero_object,3,14,111,4,arm_original,0.11032434979389394,controller_native_action
smolvla-libero_object-task03-state14,SmolVLA,libero_object,3,14,111,5,translation,0.1605442082249767,controller_native_action
smolvla-libero_object-task03-state14,SmolVLA,libero_object,3,14,111,5,rotation,0.032405526249444476,controller_native_action
smolvla-libero_object-task03-state14,SmolVLA,libero_object,3,14,111,5,gripper,0.5372157314160747,controller_native_action
smolvla-libero_object-task03-state14,SmolVLA,libero_object,3,14,111,5,arm_original,0.11581140040187779,controller_native_action
smolvla-libero_object-task03-state14,SmolVLA,libero_object,3,14,111,6,translation,0.15743218910629175,controller_native_action
smolvla-libero_object-task03-state14,SmolVLA,libero_object,3,14,111,6,rotation,0.03595078176657331,controller_native_action
smolvla-libero_object-task03-state14,SmolVLA,libero_object,3,14,111,6,gripper,0.5354889750499772,controller_native_action
smolvla-libero_object-task03-state14,SmolVLA,libero_object,3,14,111,6,arm_original,0.11418702394849203,controller_native_action
smolvla-libero_object-task03-state14,SmolVLA,libero_object,3,14,111,7,translation,0.15704574606388894,controller_native_action
smolvla-libero_object-task03-state14,SmolVLA,libero_object,3,14,111,7,rotation,0.03461053475824956,controller_native_action
smolvla-libero_object-task03-state14,SmolVLA,libero_object,3,14,111,7,gripper,0.501059747230253,controller_native_action
smolvla-libero_object-task03-state14,SmolVLA,libero_object,3,14,111,7,arm_original,0.11371291807225661,controller_native_action
smolvla-libero_object-task03-state14,SmolVLA,libero_object,3,14,111,8,translation,0.14883818191159462,controller_native_action
smolvla-libero_object-task03-state14,SmolVLA,libero_object,3,14,111,8,rotation,0.032754216035378786,controller_native_action
smolvla-libero_object-task03-state14,SmolVLA,libero_object,3,14,111,8,gripper,0.5671545585680728,controller_native_action
smolvla-libero_object-task03-state14,SmolVLA,libero_object,3,14,111,8,arm_original,0.10776280216948982,controller_native_action
smolvla-libero_object-task03-state14,SmolVLA,libero_object,3,14,111,9,translation,0.15527055627626382,controller_native_action
smolvla-libero_object-task03-state14,SmolVLA,libero_object,3,14,111,9,rotation,0.031889368436660286,controller_native_action
smolvla-libero_object-task03-state14,SmolVLA,libero_object,3,14,111,9,gripper,0.5294776537924344,controller_native_action
smolvla-libero_object-task03-state14,SmolVLA,libero_object,3,14,111,9,arm_original,0.11208451602614315,controller_native_action
smolvla-libero_object-task03-state14,SmolVLA,libero_object,3,14,111,10,translation,0.16329866776586016,controller_native_action
smolvla-libero_object-task03-state14,SmolVLA,libero_object,3,14,111,10,rotation,0.03529899676055674,controller_native_action
smolvla-libero_object-task03-state14,SmolVLA,libero_object,3,14,111,10,gripper,0.5014233937745699,controller_native_action
smolvla-libero_object-task03-state14,SmolVLA,libero_object,3,14,111,10,arm_original,0.11813651862655883,controller_native_action
smolvla-libero_object-task03-state14,SmolVLA,libero_object,3,14,111,11,translation,0.16662624850085303,controller_native_action
smolvla-libero_object-task03-state14,SmolVLA,libero_object,3,14,111,11,rotation,0.0344816711255956,controller_native_action
smolvla-libero_object-task03-state14,SmolVLA,libero_object,3,14,111,11,gripper,0.5344881190101843,controller_native_action
smolvla-libero_object-task03-state14,SmolVLA,libero_object,3,14,111,11,arm_original,0.1203189351953419,controller_native_action
smolvla-libero_object-task03-state14,SmolVLA,libero_object,3,14,111,12,translation,0.16557870638970737,controller_native_action
smolvla-libero_object-task03-state14,SmolVLA,libero_object,3,14,111,12,rotation,0.032090355280120025,controller_native_action
smolvla-libero_object-task03-state14,SmolVLA,libero_object,3,14,111,12,gripper,0.5996250610180925,controller_native_action
smolvla-libero_object-task03-state14,SmolVLA,libero_object,3,14,111,12,arm_original,0.1192604270319649,controller_native_action
smolvla-libero_object-task03-state14,SmolVLA,libero_object,3,14,111,13,translation,0.17083555051983104,controller_native_action
smolvla-libero_object-task03-state14,SmolVLA,libero_object,3,14,111,13,rotation,0.035661786100975125,controller_native_action
smolvla-libero_object-task03-state14,SmolVLA,libero_object,3,14,111,13,gripper,0.58471693246049,controller_native_action
smolvla-libero_object-task03-state14,SmolVLA,libero_object,3,14,111,13,arm_original,0.12340289362353998,controller_native_action
smolvla-libero_object-task03-state14,SmolVLA,libero_object,3,14,111,14,translation,0.18187629974824793,controller_native_action
smolvla-libero_object-task03-state14,SmolVLA,libero_object,3,14,111,14,rotation,0.03420248838187597,controller_native_action
smolvla-libero_object-task03-state14,SmolVLA,libero_object,3,14,111,14,gripper,0.6827164601941653,controller_native_action
smolvla-libero_object-task03-state14,SmolVLA,libero_object,3,14,111,14,arm_original,0.13086022814749118,controller_native_action
smolvla-libero_object-task03-state14,SmolVLA,libero_object,3,14,111,15,translation,0.18628433353837537,controller_native_action
smolvla-libero_object-task03-state14,SmolVLA,libero_object,3,14,111,15,rotation,0.034518999097942524,controller_native_action
smolvla-libero_object-task03-state14,SmolVLA,libero_object,3,14,111,15,gripper,0.6253070872831941,controller_native_action
smolvla-libero_object-task03-state14,SmolVLA,libero_object,3,14,111,15,arm_original,0.13396532055080604,controller_native_action
smolvla-libero_object-task03-state15,SmolVLA,libero_object,3,15,97,0,translation,0.0,controller_native_action
smolvla-libero_object-task03-state15,SmolVLA,libero_object,3,15,97,0,rotation,0.0,controller_native_action
smolvla-libero_object-task03-state15,SmolVLA,libero_object,3,15,97,0,gripper,0.0,controller_native_action
smolvla-libero_object-task03-state15,SmolVLA,libero_object,3,15,97,0,arm_original,0.0,controller_native_action
smolvla-libero_object-task03-state15,SmolVLA,libero_object,3,15,97,1,translation,0.16133018635179786,controller_native_action
smolvla-libero_object-task03-state15,SmolVLA,libero_object,3,15,97,1,rotation,0.0312538246739018,controller_native_action
smolvla-libero_object-task03-state15,SmolVLA,libero_object,3,15,97,1,gripper,0.5373166139495961,controller_native_action
smolvla-libero_object-task03-state15,SmolVLA,libero_object,3,15,97,1,arm_original,0.11619860279937279,controller_native_action
smolvla-libero_object-task03-state15,SmolVLA,libero_object,3,15,97,2,translation,0.1577381590669864,controller_native_action
smolvla-libero_object-task03-state15,SmolVLA,libero_object,3,15,97,2,rotation,0.03158801062940822,controller_native_action
smolvla-libero_object-task03-state15,SmolVLA,libero_object,3,15,97,2,gripper,0.5739651780869058,controller_native_action
smolvla-libero_object-task03-state15,SmolVLA,libero_object,3,15,97,2,arm_original,0.11375220710246793,controller_native_action
smolvla-libero_object-task03-state15,SmolVLA,libero_object,3,15,97,3,translation,0.15819678268743956,controller_native_action
smolvla-libero_object-task03-state15,SmolVLA,libero_object,3,15,97,3,rotation,0.030980899148235132,controller_native_action
smolvla-libero_object-task03-state15,SmolVLA,libero_object,3,15,97,3,gripper,0.45459723181514,controller_native_action
smolvla-libero_object-task03-state15,SmolVLA,libero_object,3,15,97,3,arm_original,0.11398692504995933,controller_native_action
smolvla-libero_object-task03-state15,SmolVLA,libero_object,3,15,97,4,translation,0.16634532540621313,controller_native_action
smolvla-libero_object-task03-state15,SmolVLA,libero_object,3,15,97,4,rotation,0.030181359654876887,controller_native_action
smolvla-libero_object-task03-state15,SmolVLA,libero_object,3,15,97,4,gripper,0.5371530896896644,controller_native_action
smolvla-libero_object-task03-state15,SmolVLA,libero_object,3,15,97,4,arm_original,0.11954430508208236,controller_native_action
smolvla-libero_object-task03-state15,SmolVLA,libero_object,3,15,97,5,translation,0.16831141317436682,controller_native_action
smolvla-libero_object-task03-state15,SmolVLA,libero_object,3,15,97,5,rotation,0.03081146768119193,controller_native_action
smolvla-libero_object-task03-state15,SmolVLA,libero_object,3,15,97,5,gripper,0.5260271327937929,controller_native_action
smolvla-libero_object-task03-state15,SmolVLA,libero_object,3,15,97,5,arm_original,0.12099189713658837,controller_native_action
smolvla-libero_object-task03-state15,SmolVLA,libero_object,3,15,97,6,translation,0.17343725909563149,controller_native_action
smolvla-libero_object-task03-state15,SmolVLA,libero_object,3,15,97,6,rotation,0.02971641180997558,controller_native_action
smolvla-libero_object-task03-state15,SmolVLA,libero_object,3,15,97,6,gripper,0.5726093197191467,controller_native_action
smolvla-libero_object-task03-state15,SmolVLA,libero_object,3,15,97,6,arm_original,0.12442577701880196,controller_native_action
smolvla-libero_object-task03-state15,SmolVLA,libero_object,3,15,97,7,translation,0.18396301925659508,controller_native_action
smolvla-libero_object-task03-state15,SmolVLA,libero_object,3,15,97,7,rotation,0.03146122328129356,controller_native_action
smolvla-libero_object-task03-state15,SmolVLA,libero_object,3,15,97,7,gripper,0.6412107834131663,controller_native_action
smolvla-libero_object-task03-state15,SmolVLA,libero_object,3,15,97,7,arm_original,0.1319700743054231,controller_native_action
smolvla-libero_object-task03-state15,SmolVLA,libero_object,3,15,97,8,translation,0.17600677224603267,controller_native_action
smolvla-libero_object-task03-state15,SmolVLA,libero_object,3,15,97,8,rotation,0.03021222739502406,controller_native_action
smolvla-libero_object-task03-state15,SmolVLA,libero_object,3,15,97,8,gripper,0.608906579878919,controller_native_action
smolvla-libero_object-task03-state15,SmolVLA,libero_object,3,15,97,8,arm_original,0.12627581431262966,controller_native_action
smolvla-libero_object-task03-state15,SmolVLA,libero_object,3,15,97,9,translation,0.18026797436685338,controller_native_action
smolvla-libero_object-task03-state15,SmolVLA,libero_object,3,15,97,9,rotation,0.031177357223073347,controller_native_action
smolvla-libero_object-task03-state15,SmolVLA,libero_object,3,15,97,9,gripper,0.57436905782858,controller_native_action
smolvla-libero_object-task03-state15,SmolVLA,libero_object,3,15,97,9,arm_original,0.12936106482582702,controller_native_action
smolvla-libero_object-task03-state15,SmolVLA,libero_object,3,15,97,10,translation,0.186980807280693,controller_native_action
smolvla-libero_object-task03-state15,SmolVLA,libero_object,3,15,97,10,rotation,0.02855769300976865,controller_native_action
smolvla-libero_object-task03-state15,SmolVLA,libero_object,3,15,97,10,gripper,0.6727373776165742,controller_native_action
smolvla-libero_object-task03-state15,SmolVLA,libero_object,3,15,97,10,arm_original,0.1337485777894102,controller_native_action
smolvla-libero_object-task03-state15,SmolVLA,libero_object,3,15,97,11,translation,0.17967097173652363,controller_native_action
smolvla-libero_object-task03-state15,SmolVLA,libero_object,3,15,97,11,rotation,0.02998651103702574,controller_native_action
smolvla-libero_object-task03-state15,SmolVLA,libero_object,3,15,97,11,gripper,0.6102205738149995,controller_native_action
smolvla-libero_object-task03-state15,SmolVLA,libero_object,3,15,97,11,arm_original,0.12880382162210938,controller_native_action
smolvla-libero_object-task03-state15,SmolVLA,libero_object,3,15,97,12,translation,0.20285600073166313,controller_native_action
smolvla-libero_object-task03-state15,SmolVLA,libero_object,3,15,97,12,rotation,0.02937417838625011,controller_native_action
smolvla-libero_object-task03-state15,SmolVLA,libero_object,3,15,97,12,gripper,0.579760637552482,controller_native_action
smolvla-libero_object-task03-state15,SmolVLA,libero_object,3,15,97,12,arm_original,0.1449368817601506,controller_native_action
smolvla-libero_object-task03-state15,SmolVLA,libero_object,3,15,97,13,translation,0.1922639943454429,controller_native_action
smolvla-libero_object-task03-state15,SmolVLA,libero_object,3,15,97,13,rotation,0.029794271587243033,controller_native_action
smolvla-libero_object-task03-state15,SmolVLA,libero_object,3,15,97,13,gripper,0.6077752150038063,controller_native_action
smolvla-libero_object-task03-state15,SmolVLA,libero_object,3,15,97,13,arm_original,0.13757387495647366,controller_native_action
smolvla-libero_object-task03-state15,SmolVLA,libero_object,3,15,97,14,translation,0.201681079697168,controller_native_action
smolvla-libero_object-task03-state15,SmolVLA,libero_object,3,15,97,14,rotation,0.031021451847010346,controller_native_action
smolvla-libero_object-task03-state15,SmolVLA,libero_object,3,15,97,14,gripper,0.6735390020662357,controller_native_action
smolvla-libero_object-task03-state15,SmolVLA,libero_object,3,15,97,14,arm_original,0.14428719344160765,controller_native_action
smolvla-libero_object-task03-state15,SmolVLA,libero_object,3,15,97,15,translation,0.20757900536409948,controller_native_action
smolvla-libero_object-task03-state15,SmolVLA,libero_object,3,15,97,15,rotation,0.030878121105741115,controller_native_action
smolvla-libero_object-task03-state15,SmolVLA,libero_object,3,15,97,15,gripper,0.6736898109702367,controller_native_action
smolvla-libero_object-task03-state15,SmolVLA,libero_object,3,15,97,15,arm_original,0.1483955892723393,controller_native_action
smolvla-libero_object-task03-state16,SmolVLA,libero_object,3,16,105,0,translation,0.0,controller_native_action
smolvla-libero_object-task03-state16,SmolVLA,libero_object,3,16,105,0,rotation,0.0,controller_native_action
smolvla-libero_object-task03-state16,SmolVLA,libero_object,3,16,105,0,gripper,0.0,controller_native_action
smolvla-libero_object-task03-state16,SmolVLA,libero_object,3,16,105,0,arm_original,0.0,controller_native_action
smolvla-libero_object-task03-state16,SmolVLA,libero_object,3,16,105,1,translation,0.15063845312349683,controller_native_action
smolvla-libero_object-task03-state16,SmolVLA,libero_object,3,16,105,1,rotation,0.03467163953510503,controller_native_action
smolvla-libero_object-task03-state16,SmolVLA,libero_object,3,16,105,1,gripper,0.339814665369953,controller_native_action
smolvla-libero_object-task03-state16,SmolVLA,libero_object,3,16,105,1,arm_original,0.1093024842981444,controller_native_action
smolvla-libero_object-task03-state16,SmolVLA,libero_object,3,16,105,2,translation,0.16199599311669355,controller_native_action
smolvla-libero_object-task03-state16,SmolVLA,libero_object,3,16,105,2,rotation,0.033379114991215576,controller_native_action
smolvla-libero_object-task03-state16,SmolVLA,libero_object,3,16,105,2,gripper,0.3902450463620697,controller_native_action
smolvla-libero_object-task03-state16,SmolVLA,libero_object,3,16,105,2,arm_original,0.11695483552094076,controller_native_action
smolvla-libero_object-task03-state16,SmolVLA,libero_object,3,16,105,3,translation,0.14751753567220804,controller_native_action
smolvla-libero_object-task03-state16,SmolVLA,libero_object,3,16,105,3,rotation,0.03044053488485054,controller_native_action
smolvla-libero_object-task03-state16,SmolVLA,libero_object,3,16,105,3,gripper,0.3909852157298807,controller_native_action
smolvla-libero_object-task03-state16,SmolVLA,libero_object,3,16,105,3,arm_original,0.10650833182168656,controller_native_action
smolvla-libero_object-task03-state16,SmolVLA,libero_object,3,16,105,4,translation,0.14761029577472357,controller_native_action
smolvla-libero_object-task03-state16,SmolVLA,libero_object,3,16,105,4,rotation,0.03293899553095913,controller_native_action
smolvla-libero_object-task03-state16,SmolVLA,libero_object,3,16,105,4,gripper,0.38966108283765677,controller_native_action
smolvla-libero_object-task03-state16,SmolVLA,libero_object,3,16,105,4,arm_original,0.10694338886833987,controller_native_action
smolvla-libero_object-task03-state16,SmolVLA,libero_object,3,16,105,5,translation,0.15181761994781118,controller_native_action
smolvla-libero_object-task03-state16,SmolVLA,libero_object,3,16,105,5,rotation,0.031503375237633975,controller_native_action
smolvla-libero_object-task03-state16,SmolVLA,libero_object,3,16,105,5,gripper,0.4372023765164202,controller_native_action
smolvla-libero_object-task03-state16,SmolVLA,libero_object,3,16,105,5,arm_original,0.10963816027729854,controller_native_action
smolvla-libero_object-task03-state16,SmolVLA,libero_object,3,16,105,6,translation,0.14002232849038815,controller_native_action
smolvla-libero_object-task03-state16,SmolVLA,libero_object,3,16,105,6,rotation,0.03263787521746849,controller_native_action
smolvla-libero_object-task03-state16,SmolVLA,libero_object,3,16,105,6,gripper,0.4387734026983331,controller_native_action
smolvla-libero_object-task03-state16,SmolVLA,libero_object,3,16,105,6,arm_original,0.10166484981197092,controller_native_action
smolvla-libero_object-task03-state16,SmolVLA,libero_object,3,16,105,7,translation,0.15171217608879553,controller_native_action
smolvla-libero_object-task03-state16,SmolVLA,libero_object,3,16,105,7,rotation,0.03168730727389664,controller_native_action
smolvla-libero_object-task03-state16,SmolVLA,libero_object,3,16,105,7,gripper,0.5191645285818713,controller_native_action
smolvla-libero_object-task03-state16,SmolVLA,libero_object,3,16,105,7,arm_original,0.10959167353377731,controller_native_action
smolvla-libero_object-task03-state16,SmolVLA,libero_object,3,16,105,8,translation,0.13804102402987226,controller_native_action
smolvla-libero_object-task03-state16,SmolVLA,libero_object,3,16,105,8,rotation,0.030381694817454313,controller_native_action
smolvla-libero_object-task03-state16,SmolVLA,libero_object,3,16,105,8,gripper,0.2762321349130753,controller_native_action
smolvla-libero_object-task03-state16,SmolVLA,libero_object,3,16,105,8,arm_original,0.0999459146118457,controller_native_action
smolvla-libero_object-task03-state16,SmolVLA,libero_object,3,16,105,9,translation,0.13753437441482297,controller_native_action
smolvla-libero_object-task03-state16,SmolVLA,libero_object,3,16,105,9,rotation,0.031015693496989332,controller_native_action
smolvla-libero_object-task03-state16,SmolVLA,libero_object,3,16,105,9,gripper,0.43905947588032057,controller_native_action
smolvla-libero_object-task03-state16,SmolVLA,libero_object,3,16,105,9,arm_original,0.09969372444837213,controller_native_action
smolvla-libero_object-task03-state16,SmolVLA,libero_object,3,16,105,10,translation,0.13931575412457367,controller_native_action
smolvla-libero_object-task03-state16,SmolVLA,libero_object,3,16,105,10,rotation,0.03150763285669858,controller_native_action
smolvla-libero_object-task03-state16,SmolVLA,libero_object,3,16,105,10,gripper,0.3905299446947631,controller_native_action
smolvla-libero_object-task03-state16,SmolVLA,libero_object,3,16,105,10,arm_original,0.10099903533086634,controller_native_action
smolvla-libero_object-task03-state16,SmolVLA,libero_object,3,16,105,11,translation,0.15164026866251132,controller_native_action
smolvla-libero_object-task03-state16,SmolVLA,libero_object,3,16,105,11,rotation,0.028275922731958083,controller_native_action
smolvla-libero_object-task03-state16,SmolVLA,libero_object,3,16,105,11,gripper,0.33950793557043263,controller_native_action
smolvla-libero_object-task03-state16,SmolVLA,libero_object,3,16,105,11,arm_original,0.10907405485811525,controller_native_action
smolvla-libero_object-task03-state16,SmolVLA,libero_object,3,16,105,12,translation,0.15160829206849494,controller_native_action
smolvla-libero_object-task03-state16,SmolVLA,libero_object,3,16,105,12,rotation,0.02945141745439429,controller_native_action
smolvla-libero_object-task03-state16,SmolVLA,libero_object,3,16,105,12,gripper,0.33700795248193766,controller_native_action
smolvla-libero_object-task03-state16,SmolVLA,libero_object,3,16,105,12,arm_original,0.10920728046700702,controller_native_action
smolvla-libero_object-task03-state16,SmolVLA,libero_object,3,16,105,13,translation,0.15759695406296445,controller_native_action
smolvla-libero_object-task03-state16,SmolVLA,libero_object,3,16,105,13,rotation,0.031169530246160825,controller_native_action
smolvla-libero_object-task03-state16,SmolVLA,libero_object,3,16,105,13,gripper,0.4800643009167534,controller_native_action
smolvla-libero_object-task03-state16,SmolVLA,libero_object,3,16,105,13,arm_original,0.11359652183427639,controller_native_action
smolvla-libero_object-task03-state16,SmolVLA,libero_object,3,16,105,14,translation,0.14479555088935103,controller_native_action
smolvla-libero_object-task03-state16,SmolVLA,libero_object,3,16,105,14,rotation,0.032987144298158404,controller_native_action
smolvla-libero_object-task03-state16,SmolVLA,libero_object,3,16,105,14,gripper,0.1963701441835491,controller_native_action
smolvla-libero_object-task03-state16,SmolVLA,libero_object,3,16,105,14,arm_original,0.10500929303232683,controller_native_action
smolvla-libero_object-task03-state16,SmolVLA,libero_object,3,16,105,15,translation,0.15362174727227776,controller_native_action
smolvla-libero_object-task03-state16,SmolVLA,libero_object,3,16,105,15,rotation,0.03236560232141222,controller_native_action
smolvla-libero_object-task03-state16,SmolVLA,libero_object,3,16,105,15,gripper,0.5181717312116518,controller_native_action
smolvla-libero_object-task03-state16,SmolVLA,libero_object,3,16,105,15,arm_original,0.11101165129979687,controller_native_action
smolvla-libero_object-task03-state17,SmolVLA,libero_object,3,17,113,0,translation,0.0,controller_native_action
smolvla-libero_object-task03-state17,SmolVLA,libero_object,3,17,113,0,rotation,0.0,controller_native_action
smolvla-libero_object-task03-state17,SmolVLA,libero_object,3,17,113,0,gripper,0.0,controller_native_action
smolvla-libero_object-task03-state17,SmolVLA,libero_object,3,17,113,0,arm_original,0.0,controller_native_action
smolvla-libero_object-task03-state17,SmolVLA,libero_object,3,17,113,1,translation,0.14444113645687906,controller_native_action
smolvla-libero_object-task03-state17,SmolVLA,libero_object,3,17,113,1,rotation,0.03290737219221055,controller_native_action
smolvla-libero_object-task03-state17,SmolVLA,libero_object,3,17,113,1,gripper,0.46014533237460215,controller_native_action
smolvla-libero_object-task03-state17,SmolVLA,libero_object,3,17,113,1,arm_original,0.10475241535533067,controller_native_action
smolvla-libero_object-task03-state17,SmolVLA,libero_object,3,17,113,2,translation,0.15552291281570974,controller_native_action
smolvla-libero_object-task03-state17,SmolVLA,libero_object,3,17,113,2,rotation,0.03297357513916487,controller_native_action
smolvla-libero_object-task03-state17,SmolVLA,libero_object,3,17,113,2,gripper,0.6157435946042439,controller_native_action
smolvla-libero_object-task03-state17,SmolVLA,libero_object,3,17,113,2,arm_original,0.11241581976781784,controller_native_action
smolvla-libero_object-task03-state17,SmolVLA,libero_object,3,17,113,3,translation,0.14513656874670305,controller_native_action
smolvla-libero_object-task03-state17,SmolVLA,libero_object,3,17,113,3,rotation,0.03258214321367361,controller_native_action
smolvla-libero_object-task03-state17,SmolVLA,libero_object,3,17,113,3,gripper,0.4610977172680089,controller_native_action
smolvla-libero_object-task03-state17,SmolVLA,libero_object,3,17,113,3,arm_original,0.10518131878799296,controller_native_action
smolvla-libero_object-task03-state17,SmolVLA,libero_object,3,17,113,4,translation,0.15730425824214872,controller_native_action
smolvla-libero_object-task03-state17,SmolVLA,libero_object,3,17,113,4,rotation,0.033121899771543326,controller_native_action
smolvla-libero_object-task03-state17,SmolVLA,libero_object,3,17,113,4,gripper,0.5854413457960301,controller_native_action
smolvla-libero_object-task03-state17,SmolVLA,libero_object,3,17,113,4,arm_original,0.11366989466342611,controller_native_action
smolvla-libero_object-task03-state17,SmolVLA,libero_object,3,17,113,5,translation,0.16887434330799306,controller_native_action
smolvla-libero_object-task03-state17,SmolVLA,libero_object,3,17,113,5,rotation,0.03464700515078912,controller_native_action
smolvla-libero_object-task03-state17,SmolVLA,libero_object,3,17,113,5,gripper,0.6229058792261323,controller_native_action
smolvla-libero_object-task03-state17,SmolVLA,libero_object,3,17,113,5,arm_original,0.12189946430076039,controller_native_action
smolvla-libero_object-task03-state17,SmolVLA,libero_object,3,17,113,6,translation,0.17728706939808198,controller_native_action
smolvla-libero_object-task03-state17,SmolVLA,libero_object,3,17,113,6,rotation,0.03177835518818854,controller_native_action
smolvla-libero_object-task03-state17,SmolVLA,libero_object,3,17,113,6,gripper,0.5942389933326523,controller_native_action
smolvla-libero_object-task03-state17,SmolVLA,libero_object,3,17,113,6,arm_original,0.12735888040146046,controller_native_action
smolvla-libero_object-task03-state17,SmolVLA,libero_object,3,17,113,7,translation,0.18122956432025392,controller_native_action
smolvla-libero_object-task03-state17,SmolVLA,libero_object,3,17,113,7,rotation,0.032268408149182186,controller_native_action
smolvla-libero_object-task03-state17,SmolVLA,libero_object,3,17,113,7,gripper,0.6212152301877298,controller_native_action
smolvla-libero_object-task03-state17,SmolVLA,libero_object,3,17,113,7,arm_original,0.13016413705047802,controller_native_action
smolvla-libero_object-task03-state17,SmolVLA,libero_object,3,17,113,8,translation,0.18245775644732928,controller_native_action
smolvla-libero_object-task03-state17,SmolVLA,libero_object,3,17,113,8,rotation,0.03451738840884886,controller_native_action
smolvla-libero_object-task03-state17,SmolVLA,libero_object,3,17,113,8,gripper,0.6227632465299139,controller_native_action
smolvla-libero_object-task03-state17,SmolVLA,libero_object,3,17,113,8,arm_original,0.1313055272834321,controller_native_action
smolvla-libero_object-task03-state17,SmolVLA,libero_object,3,17,113,9,translation,0.18649054008472027,controller_native_action
smolvla-libero_object-task03-state17,SmolVLA,libero_object,3,17,113,9,rotation,0.03194994619471401,controller_native_action
smolvla-libero_object-task03-state17,SmolVLA,libero_object,3,17,113,9,gripper,0.5953856315447807,controller_native_action
smolvla-libero_object-task03-state17,SmolVLA,libero_object,3,17,113,9,arm_original,0.13378998580412468,controller_native_action
smolvla-libero_object-task03-state17,SmolVLA,libero_object,3,17,113,10,translation,0.18715032158111794,controller_native_action
smolvla-libero_object-task03-state17,SmolVLA,libero_object,3,17,113,10,rotation,0.031296543179359954,controller_native_action
smolvla-libero_object-task03-state17,SmolVLA,libero_object,3,17,113,10,gripper,0.5310736039345221,controller_native_action
smolvla-libero_object-task03-state17,SmolVLA,libero_object,3,17,113,10,arm_original,0.13417286700911887,controller_native_action
smolvla-libero_object-task03-state17,SmolVLA,libero_object,3,17,113,11,translation,0.19748074130184365,controller_native_action
smolvla-libero_object-task03-state17,SmolVLA,libero_object,3,17,113,11,rotation,0.03207484591923958,controller_native_action
smolvla-libero_object-task03-state17,SmolVLA,libero_object,3,17,113,11,gripper,0.5935198335369584,controller_native_action
smolvla-libero_object-task03-state17,SmolVLA,libero_object,3,17,113,11,arm_original,0.1414698535481476,controller_native_action
smolvla-libero_object-task03-state17,SmolVLA,libero_object,3,17,113,12,translation,0.19419480738995584,controller_native_action
smolvla-libero_object-task03-state17,SmolVLA,libero_object,3,17,113,12,rotation,0.03341699424846998,controller_native_action
smolvla-libero_object-task03-state17,SmolVLA,libero_object,3,17,113,12,gripper,0.6218226574080694,controller_native_action
smolvla-libero_object-task03-state17,SmolVLA,libero_object,3,17,113,12,arm_original,0.13933470264407272,controller_native_action
smolvla-libero_object-task03-state17,SmolVLA,libero_object,3,17,113,13,translation,0.18584190128186295,controller_native_action
smolvla-libero_object-task03-state17,SmolVLA,libero_object,3,17,113,13,rotation,0.03074187639295074,controller_native_action
smolvla-libero_object-task03-state17,SmolVLA,libero_object,3,17,113,13,gripper,0.690065780463728,controller_native_action
smolvla-libero_object-task03-state17,SmolVLA,libero_object,3,17,113,13,arm_original,0.13319586186555715,controller_native_action
smolvla-libero_object-task03-state17,SmolVLA,libero_object,3,17,113,14,translation,0.19443781414546282,controller_native_action
smolvla-libero_object-task03-state17,SmolVLA,libero_object,3,17,113,14,rotation,0.03192449147824059,controller_native_action
smolvla-libero_object-task03-state17,SmolVLA,libero_object,3,17,113,14,gripper,0.6501745091914243,controller_native_action
smolvla-libero_object-task03-state17,SmolVLA,libero_object,3,17,113,14,arm_original,0.13932917269152537,controller_native_action
smolvla-libero_object-task03-state17,SmolVLA,libero_object,3,17,113,15,translation,0.19767525456129714,controller_native_action
smolvla-libero_object-task03-state17,SmolVLA,libero_object,3,17,113,15,rotation,0.0342090104309659,controller_native_action
smolvla-libero_object-task03-state17,SmolVLA,libero_object,3,17,113,15,gripper,0.6488684809412283,controller_native_action
smolvla-libero_object-task03-state17,SmolVLA,libero_object,3,17,113,15,arm_original,0.14185514206495928,controller_native_action
smolvla-libero_object-task03-state18,SmolVLA,libero_object,3,18,137,0,translation,0.0,controller_native_action
smolvla-libero_object-task03-state18,SmolVLA,libero_object,3,18,137,0,rotation,0.0,controller_native_action
smolvla-libero_object-task03-state18,SmolVLA,libero_object,3,18,137,0,gripper,0.0,controller_native_action
smolvla-libero_object-task03-state18,SmolVLA,libero_object,3,18,137,0,arm_original,0.0,controller_native_action
smolvla-libero_object-task03-state18,SmolVLA,libero_object,3,18,137,1,translation,0.1614966897021245,controller_native_action
smolvla-libero_object-task03-state18,SmolVLA,libero_object,3,18,137,1,rotation,0.03423071954192775,controller_native_action
smolvla-libero_object-task03-state18,SmolVLA,libero_object,3,18,137,1,gripper,0.6619991679538334,controller_native_action
smolvla-libero_object-task03-state18,SmolVLA,libero_object,3,18,137,1,arm_original,0.11673243539201604,controller_native_action
smolvla-libero_object-task03-state18,SmolVLA,libero_object,3,18,137,2,translation,0.16793426073971618,controller_native_action
smolvla-libero_object-task03-state18,SmolVLA,libero_object,3,18,137,2,rotation,0.033023685310828145,controller_native_action
smolvla-libero_object-task03-state18,SmolVLA,libero_object,3,18,137,2,gripper,0.6030486611966394,controller_native_action
smolvla-libero_object-task03-state18,SmolVLA,libero_object,3,18,137,2,arm_original,0.12102165038063147,controller_native_action
smolvla-libero_object-task03-state18,SmolVLA,libero_object,3,18,137,3,translation,0.16456208156622976,controller_native_action
smolvla-libero_object-task03-state18,SmolVLA,libero_object,3,18,137,3,rotation,0.03452221499979495,controller_native_action
smolvla-libero_object-task03-state18,SmolVLA,libero_object,3,18,137,3,gripper,0.6883797480200029,controller_native_action
smolvla-libero_object-task03-state18,SmolVLA,libero_object,3,18,137,3,arm_original,0.11889588306140486,controller_native_action
smolvla-libero_object-task03-state18,SmolVLA,libero_object,3,18,137,4,translation,0.17736809250336125,controller_native_action
smolvla-libero_object-task03-state18,SmolVLA,libero_object,3,18,137,4,rotation,0.033803012145963034,controller_native_action
smolvla-libero_object-task03-state18,SmolVLA,libero_object,3,18,137,4,gripper,0.7059058543785446,controller_native_action
smolvla-libero_object-task03-state18,SmolVLA,libero_object,3,18,137,4,arm_original,0.1276755338121228,controller_native_action
smolvla-libero_object-task03-state18,SmolVLA,libero_object,3,18,137,5,translation,0.18336633107744524,controller_native_action
smolvla-libero_object-task03-state18,SmolVLA,libero_object,3,18,137,5,rotation,0.035767513115630964,controller_native_action
smolvla-libero_object-task03-state18,SmolVLA,libero_object,3,18,137,5,gripper,0.6975879729488104,controller_native_action
smolvla-libero_object-task03-state18,SmolVLA,libero_object,3,18,137,5,arm_original,0.1321032292702947,controller_native_action
smolvla-libero_object-task03-state18,SmolVLA,libero_object,3,18,137,6,translation,0.20516976098351472,controller_native_action
smolvla-libero_object-task03-state18,SmolVLA,libero_object,3,18,137,6,rotation,0.037330711957171366,controller_native_action
smolvla-libero_object-task03-state18,SmolVLA,libero_object,3,18,137,6,gripper,0.6821668482883855,controller_native_action
smolvla-libero_object-task03-state18,SmolVLA,libero_object,3,18,137,6,arm_original,0.14745882963943166,controller_native_action
smolvla-libero_object-task03-state18,SmolVLA,libero_object,3,18,137,7,translation,0.19053435764354057,controller_native_action
smolvla-libero_object-task03-state18,SmolVLA,libero_object,3,18,137,7,rotation,0.03544985175816113,controller_native_action
smolvla-libero_object-task03-state18,SmolVLA,libero_object,3,18,137,7,gripper,0.6732646570644365,controller_native_action
smolvla-libero_object-task03-state18,SmolVLA,libero_object,3,18,137,7,arm_original,0.13704020109499296,controller_native_action
smolvla-libero_object-task03-state18,SmolVLA,libero_object,3,18,137,8,translation,0.20954652653867709,controller_native_action
smolvla-libero_object-task03-state18,SmolVLA,libero_object,3,18,137,8,rotation,0.034324630133791084,controller_native_action
smolvla-libero_object-task03-state18,SmolVLA,libero_object,3,18,137,8,gripper,0.8707121300209633,controller_native_action
smolvla-libero_object-task03-state18,SmolVLA,libero_object,3,18,137,8,arm_original,0.15014647351544103,controller_native_action
smolvla-libero_object-task03-state18,SmolVLA,libero_object,3,18,137,9,translation,0.20497713301707182,controller_native_action
smolvla-libero_object-task03-state18,SmolVLA,libero_object,3,18,137,9,rotation,0.03368566804209289,controller_native_action
smolvla-libero_object-task03-state18,SmolVLA,libero_object,3,18,137,9,gripper,0.7244810411516818,controller_native_action
smolvla-libero_object-task03-state18,SmolVLA,libero_object,3,18,137,9,arm_original,0.146884902715256,controller_native_action
smolvla-libero_object-task03-state18,SmolVLA,libero_object,3,18,137,10,translation,0.2075192994685461,controller_native_action
smolvla-libero_object-task03-state18,SmolVLA,libero_object,3,18,137,10,rotation,0.03448984345624829,controller_native_action
smolvla-libero_object-task03-state18,SmolVLA,libero_object,3,18,137,10,gripper,0.7594524014536449,controller_native_action
smolvla-libero_object-task03-state18,SmolVLA,libero_object,3,18,137,10,arm_original,0.14875114949732765,controller_native_action
smolvla-libero_object-task03-state18,SmolVLA,libero_object,3,18,137,11,translation,0.21591630055371086,controller_native_action
smolvla-libero_object-task03-state18,SmolVLA,libero_object,3,18,137,11,rotation,0.03496613338559567,controller_native_action
smolvla-libero_object-task03-state18,SmolVLA,libero_object,3,18,137,11,gripper,0.7823220873015956,controller_native_action
smolvla-libero_object-task03-state18,SmolVLA,libero_object,3,18,137,11,arm_original,0.15466492706612522,controller_native_action
smolvla-libero_object-task03-state18,SmolVLA,libero_object,3,18,137,12,translation,0.20449822897071335,controller_native_action
smolvla-libero_object-task03-state18,SmolVLA,libero_object,3,18,137,12,rotation,0.03327332489363976,controller_native_action
smolvla-libero_object-task03-state18,SmolVLA,libero_object,3,18,137,12,gripper,0.5889149878478412,controller_native_action
smolvla-libero_object-task03-state18,SmolVLA,libero_object,3,18,137,12,arm_original,0.1465036514931215,controller_native_action
smolvla-libero_object-task03-state18,SmolVLA,libero_object,3,18,137,13,translation,0.20960023871613317,controller_native_action
smolvla-libero_object-task03-state18,SmolVLA,libero_object,3,18,137,13,rotation,0.03378829866838637,controller_native_action
smolvla-libero_object-task03-state18,SmolVLA,libero_object,3,18,137,13,gripper,0.80150808983972,controller_native_action
smolvla-libero_object-task03-state18,SmolVLA,libero_object,3,18,137,13,arm_original,0.15012313145675468,controller_native_action
smolvla-libero_object-task03-state18,SmolVLA,libero_object,3,18,137,14,translation,0.2160221357544013,controller_native_action
smolvla-libero_object-task03-state18,SmolVLA,libero_object,3,18,137,14,rotation,0.035674582599363444,controller_native_action
smolvla-libero_object-task03-state18,SmolVLA,libero_object,3,18,137,14,gripper,0.7463671030567574,controller_native_action
smolvla-libero_object-task03-state18,SmolVLA,libero_object,3,18,137,14,arm_original,0.15481963534954438,controller_native_action
smolvla-libero_object-task03-state18,SmolVLA,libero_object,3,18,137,15,translation,0.19881611324583479,controller_native_action
smolvla-libero_object-task03-state18,SmolVLA,libero_object,3,18,137,15,rotation,0.03363692553049857,controller_native_action
smolvla-libero_object-task03-state18,SmolVLA,libero_object,3,18,137,15,gripper,0.6816422764471706,controller_native_action
smolvla-libero_object-task03-state18,SmolVLA,libero_object,3,18,137,15,arm_original,0.14258206346754299,controller_native_action
smolvla-libero_object-task03-state19,SmolVLA,libero_object,3,19,111,0,translation,0.0,controller_native_action
smolvla-libero_object-task03-state19,SmolVLA,libero_object,3,19,111,0,rotation,0.0,controller_native_action
smolvla-libero_object-task03-state19,SmolVLA,libero_object,3,19,111,0,gripper,0.0,controller_native_action
smolvla-libero_object-task03-state19,SmolVLA,libero_object,3,19,111,0,arm_original,0.0,controller_native_action
smolvla-libero_object-task03-state19,SmolVLA,libero_object,3,19,111,1,translation,0.1509091888334471,controller_native_action
smolvla-libero_object-task03-state19,SmolVLA,libero_object,3,19,111,1,rotation,0.040196788558215756,controller_native_action
smolvla-libero_object-task03-state19,SmolVLA,libero_object,3,19,111,1,gripper,0.41532097367255044,controller_native_action
smolvla-libero_object-task03-state19,SmolVLA,libero_object,3,19,111,1,arm_original,0.11042953654879409,controller_native_action
smolvla-libero_object-task03-state19,SmolVLA,libero_object,3,19,111,2,translation,0.155309183499869,controller_native_action
smolvla-libero_object-task03-state19,SmolVLA,libero_object,3,19,111,2,rotation,0.03831752155234656,controller_native_action
smolvla-libero_object-task03-state19,SmolVLA,libero_object,3,19,111,2,gripper,0.4621020060993511,controller_native_action
smolvla-libero_object-task03-state19,SmolVLA,libero_object,3,19,111,2,arm_original,0.11311316222551318,controller_native_action
smolvla-libero_object-task03-state19,SmolVLA,libero_object,3,19,111,3,translation,0.15014419374338792,controller_native_action
smolvla-libero_object-task03-state19,SmolVLA,libero_object,3,19,111,3,rotation,0.03702340095608408,controller_native_action
smolvla-libero_object-task03-state19,SmolVLA,libero_object,3,19,111,3,gripper,0.4215931398987867,controller_native_action
smolvla-libero_object-task03-state19,SmolVLA,libero_object,3,19,111,3,arm_original,0.10934809356638774,controller_native_action
smolvla-libero_object-task03-state19,SmolVLA,libero_object,3,19,111,4,translation,0.15922677866886034,controller_native_action
smolvla-libero_object-task03-state19,SmolVLA,libero_object,3,19,111,4,rotation,0.0377789329291014,controller_native_action
smolvla-libero_object-task03-state19,SmolVLA,libero_object,3,19,111,4,gripper,0.4997959996068857,controller_native_action
smolvla-libero_object-task03-state19,SmolVLA,libero_object,3,19,111,4,arm_original,0.11571606374770052,controller_native_action
smolvla-libero_object-task03-state19,SmolVLA,libero_object,3,19,111,5,translation,0.16159583728217491,controller_native_action
smolvla-libero_object-task03-state19,SmolVLA,libero_object,3,19,111,5,rotation,0.03610331735971378,controller_native_action
smolvla-libero_object-task03-state19,SmolVLA,libero_object,3,19,111,5,gripper,0.42115874995693764,controller_native_action
smolvla-libero_object-task03-state19,SmolVLA,libero_object,3,19,111,5,arm_original,0.11708258656030657,controller_native_action
smolvla-libero_object-task03-state19,SmolVLA,libero_object,3,19,111,6,translation,0.16630502804172903,controller_native_action
smolvla-libero_object-task03-state19,SmolVLA,libero_object,3,19,111,6,rotation,0.03583977689682621,controller_native_action
smolvla-libero_object-task03-state19,SmolVLA,libero_object,3,19,111,6,gripper,0.5337830539507101,controller_native_action
smolvla-libero_object-task03-state19,SmolVLA,libero_object,3,19,111,6,arm_original,0.12029516191429843,controller_native_action
smolvla-libero_object-task03-state19,SmolVLA,libero_object,3,19,111,7,translation,0.15467639780110826,controller_native_action
smolvla-libero_object-task03-state19,SmolVLA,libero_object,3,19,111,7,rotation,0.03645391433389732,controller_native_action
smolvla-libero_object-task03-state19,SmolVLA,libero_object,3,19,111,7,gripper,0.4614772110551839,controller_native_action
smolvla-libero_object-task03-state19,SmolVLA,libero_object,3,19,111,7,arm_original,0.11236920375928143,controller_native_action
smolvla-libero_object-task03-state19,SmolVLA,libero_object,3,19,111,8,translation,0.1624102340061501,controller_native_action
smolvla-libero_object-task03-state19,SmolVLA,libero_object,3,19,111,8,rotation,0.03646966162545754,controller_native_action
smolvla-libero_object-task03-state19,SmolVLA,libero_object,3,19,111,8,gripper,0.5637209547224484,controller_native_action
smolvla-libero_object-task03-state19,SmolVLA,libero_object,3,19,111,8,arm_original,0.11770114767708896,controller_native_action
smolvla-libero_object-task03-state19,SmolVLA,libero_object,3,19,111,9,translation,0.158862981067655,controller_native_action
smolvla-libero_object-task03-state19,SmolVLA,libero_object,3,19,111,9,rotation,0.035543452559354434,controller_native_action
smolvla-libero_object-task03-state19,SmolVLA,libero_object,3,19,111,9,gripper,0.533514616423059,controller_native_action
smolvla-libero_object-task03-state19,SmolVLA,libero_object,3,19,111,9,arm_original,0.11511034656698153,controller_native_action
smolvla-libero_object-task03-state19,SmolVLA,libero_object,3,19,111,10,translation,0.16520246570525077,controller_native_action
smolvla-libero_object-task03-state19,SmolVLA,libero_object,3,19,111,10,rotation,0.03541624790694915,controller_native_action
smolvla-libero_object-task03-state19,SmolVLA,libero_object,3,19,111,10,gripper,0.4599280876386361,controller_native_action
smolvla-libero_object-task03-state19,SmolVLA,libero_object,3,19,111,10,arm_original,0.11947000730497391,controller_native_action
smolvla-libero_object-task03-state19,SmolVLA,libero_object,3,19,111,11,translation,0.16398206472425703,controller_native_action
smolvla-libero_object-task03-state19,SmolVLA,libero_object,3,19,111,11,rotation,0.03575313082919309,controller_native_action
smolvla-libero_object-task03-state19,SmolVLA,libero_object,3,19,111,11,gripper,0.4633417675726036,controller_native_action
smolvla-libero_object-task03-state19,SmolVLA,libero_object,3,19,111,11,arm_original,0.11867688046818517,controller_native_action
smolvla-libero_object-task03-state19,SmolVLA,libero_object,3,19,111,12,translation,0.16120083056754417,controller_native_action
smolvla-libero_object-task03-state19,SmolVLA,libero_object,3,19,111,12,rotation,0.03674370396855138,controller_native_action
smolvla-libero_object-task03-state19,SmolVLA,libero_object,3,19,111,12,gripper,0.5721347339770252,controller_native_action
smolvla-libero_object-task03-state19,SmolVLA,libero_object,3,19,111,12,arm_original,0.11690981044590444,controller_native_action
smolvla-libero_object-task03-state19,SmolVLA,libero_object,3,19,111,13,translation,0.15425049596537316,controller_native_action
smolvla-libero_object-task03-state19,SmolVLA,libero_object,3,19,111,13,rotation,0.036709791748287285,controller_native_action
smolvla-libero_object-task03-state19,SmolVLA,libero_object,3,19,111,13,gripper,0.5990366439540349,controller_native_action
smolvla-libero_object-task03-state19,SmolVLA,libero_object,3,19,111,13,arm_original,0.11211784941695552,controller_native_action
smolvla-libero_object-task03-state19,SmolVLA,libero_object,3,19,111,14,translation,0.1634751983673722,controller_native_action
smolvla-libero_object-task03-state19,SmolVLA,libero_object,3,19,111,14,rotation,0.034956259070712946,controller_native_action
smolvla-libero_object-task03-state19,SmolVLA,libero_object,3,19,111,14,gripper,0.6568592232492526,controller_native_action
smolvla-libero_object-task03-state19,SmolVLA,libero_object,3,19,111,14,arm_original,0.1182076150877567,controller_native_action
smolvla-libero_object-task03-state19,SmolVLA,libero_object,3,19,111,15,translation,0.15420116240704373,controller_native_action
smolvla-libero_object-task03-state19,SmolVLA,libero_object,3,19,111,15,rotation,0.03685173324190533,controller_native_action
smolvla-libero_object-task03-state19,SmolVLA,libero_object,3,19,111,15,gripper,0.5349498033194928,controller_native_action
smolvla-libero_object-task03-state19,SmolVLA,libero_object,3,19,111,15,arm_original,0.11210720032766859,controller_native_action
smolvla-libero_spatial-task00-state10,SmolVLA,libero_spatial,0,10,60,0,translation,0.0,controller_native_action
smolvla-libero_spatial-task00-state10,SmolVLA,libero_spatial,0,10,60,0,rotation,0.0,controller_native_action
smolvla-libero_spatial-task00-state10,SmolVLA,libero_spatial,0,10,60,0,gripper,0.0,controller_native_action
smolvla-libero_spatial-task00-state10,SmolVLA,libero_spatial,0,10,60,0,arm_original,0.0,controller_native_action
smolvla-libero_spatial-task00-state10,SmolVLA,libero_spatial,0,10,60,1,translation,0.2230309526952803,controller_native_action
smolvla-libero_spatial-task00-state10,SmolVLA,libero_spatial,0,10,60,1,rotation,0.053358982327640594,controller_native_action
smolvla-libero_spatial-task00-state10,SmolVLA,libero_spatial,0,10,60,1,gripper,0.44996986252237975,controller_native_action
smolvla-libero_spatial-task00-state10,SmolVLA,libero_spatial,0,10,60,1,arm_original,0.16215731074361994,controller_native_action
smolvla-libero_spatial-task00-state10,SmolVLA,libero_spatial,0,10,60,2,translation,0.19782740627432716,controller_native_action
smolvla-libero_spatial-task00-state10,SmolVLA,libero_spatial,0,10,60,2,rotation,0.052190540009570206,controller_native_action
smolvla-libero_spatial-task00-state10,SmolVLA,libero_spatial,0,10,60,2,gripper,0.4504200744994314,controller_native_action
smolvla-libero_spatial-task00-state10,SmolVLA,libero_spatial,0,10,60,2,arm_original,0.1446712396084969,controller_native_action
smolvla-libero_spatial-task00-state10,SmolVLA,libero_spatial,0,10,60,3,translation,0.19037175781568588,controller_native_action
smolvla-libero_spatial-task00-state10,SmolVLA,libero_spatial,0,10,60,3,rotation,0.051172142866158656,controller_native_action
smolvla-libero_spatial-task00-state10,SmolVLA,libero_spatial,0,10,60,3,gripper,0.4455285390766882,controller_native_action
smolvla-libero_spatial-task00-state10,SmolVLA,libero_spatial,0,10,60,3,arm_original,0.13939152481293243,controller_native_action
smolvla-libero_spatial-task00-state10,SmolVLA,libero_spatial,0,10,60,4,translation,0.21785922082726608,controller_native_action
smolvla-libero_spatial-task00-state10,SmolVLA,libero_spatial,0,10,60,4,rotation,0.05437670869604648,controller_native_action
smolvla-libero_spatial-task00-state10,SmolVLA,libero_spatial,0,10,60,4,gripper,0.3625873656266547,controller_native_action
smolvla-libero_spatial-task00-state10,SmolVLA,libero_spatial,0,10,60,4,arm_original,0.15877573263581274,controller_native_action
smolvla-libero_spatial-task00-state10,SmolVLA,libero_spatial,0,10,60,5,translation,0.19065576311189358,controller_native_action
smolvla-libero_spatial-task00-state10,SmolVLA,libero_spatial,0,10,60,5,rotation,0.05585994269578577,controller_native_action
smolvla-libero_spatial-task00-state10,SmolVLA,libero_spatial,0,10,60,5,gripper,0.4530329226175636,controller_native_action
smolvla-libero_spatial-task00-state10,SmolVLA,libero_spatial,0,10,60,5,arm_original,0.14048123220870992,controller_native_action
smolvla-libero_spatial-task00-state10,SmolVLA,libero_spatial,0,10,60,6,translation,0.1910957643047784,controller_native_action
smolvla-libero_spatial-task00-state10,SmolVLA,libero_spatial,0,10,60,6,rotation,0.05865003008463745,controller_native_action
smolvla-libero_spatial-task00-state10,SmolVLA,libero_spatial,0,10,60,6,gripper,0.5163094097224736,controller_native_action
smolvla-libero_spatial-task00-state10,SmolVLA,libero_spatial,0,10,60,6,arm_original,0.14134605966236963,controller_native_action
smolvla-libero_spatial-task00-state10,SmolVLA,libero_spatial,0,10,60,7,translation,0.2037053742354716,controller_native_action
smolvla-libero_spatial-task00-state10,SmolVLA,libero_spatial,0,10,60,7,rotation,0.05689431171425393,controller_native_action
smolvla-libero_spatial-task00-state10,SmolVLA,libero_spatial,0,10,60,7,gripper,0.36434703975213034,controller_native_action
smolvla-libero_spatial-task00-state10,SmolVLA,libero_spatial,0,10,60,7,arm_original,0.14955407416358177,controller_native_action
smolvla-libero_spatial-task00-state10,SmolVLA,libero_spatial,0,10,60,8,translation,0.20047962182507545,controller_native_action
smolvla-libero_spatial-task00-state10,SmolVLA,libero_spatial,0,10,60,8,rotation,0.0541356181281646,controller_native_action
smolvla-libero_spatial-task00-state10,SmolVLA,libero_spatial,0,10,60,8,gripper,0.5199779062093645,controller_native_action
smolvla-libero_spatial-task00-state10,SmolVLA,libero_spatial,0,10,60,8,arm_original,0.14683791049528683,controller_native_action
smolvla-libero_spatial-task00-state10,SmolVLA,libero_spatial,0,10,60,9,translation,0.21245182240371746,controller_native_action
smolvla-libero_spatial-task00-state10,SmolVLA,libero_spatial,0,10,60,9,rotation,0.056311205492077444,controller_native_action
smolvla-libero_spatial-task00-state10,SmolVLA,libero_spatial,0,10,60,9,gripper,0.5788163314558507,controller_native_action
smolvla-libero_spatial-task00-state10,SmolVLA,libero_spatial,0,10,60,9,arm_original,0.15541352693158933,controller_native_action
smolvla-libero_spatial-task00-state10,SmolVLA,libero_spatial,0,10,60,10,translation,0.2221408796926824,controller_native_action
smolvla-libero_spatial-task00-state10,SmolVLA,libero_spatial,0,10,60,10,rotation,0.054692023178502816,controller_native_action
smolvla-libero_spatial-task00-state10,SmolVLA,libero_spatial,0,10,60,10,gripper,0.44277871176685746,controller_native_action
smolvla-libero_spatial-task00-state10,SmolVLA,libero_spatial,0,10,60,10,arm_original,0.16176802500802914,controller_native_action
smolvla-libero_spatial-task00-state10,SmolVLA,libero_spatial,0,10,60,11,translation,0.2070050002951889,controller_native_action
smolvla-libero_spatial-task00-state10,SmolVLA,libero_spatial,0,10,60,11,rotation,0.05408323678889241,controller_native_action
smolvla-libero_spatial-task00-state10,SmolVLA,libero_spatial,0,10,60,11,gripper,0.5215463816395307,controller_native_action
smolvla-libero_spatial-task00-state10,SmolVLA,libero_spatial,0,10,60,11,arm_original,0.15128791532831457,controller_native_action
smolvla-libero_spatial-task00-state10,SmolVLA,libero_spatial,0,10,60,12,translation,0.19178571059846025,controller_native_action
smolvla-libero_spatial-task00-state10,SmolVLA,libero_spatial,0,10,60,12,rotation,0.05021007565385667,controller_native_action
smolvla-libero_spatial-task00-state10,SmolVLA,libero_spatial,0,10,60,12,gripper,0.5202112463787277,controller_native_action
smolvla-libero_spatial-task00-state10,SmolVLA,libero_spatial,0,10,60,12,arm_original,0.1401834699365841,controller_native_action
smolvla-libero_spatial-task00-state10,SmolVLA,libero_spatial,0,10,60,13,translation,0.21587884308656824,controller_native_action
smolvla-libero_spatial-task00-state10,SmolVLA,libero_spatial,0,10,60,13,rotation,0.05269427762305127,controller_native_action
smolvla-libero_spatial-task00-state10,SmolVLA,libero_spatial,0,10,60,13,gripper,0.5169601520787231,controller_native_action
smolvla-libero_spatial-task00-state10,SmolVLA,libero_spatial,0,10,60,13,arm_original,0.15713109460989946,controller_native_action
smolvla-libero_spatial-task00-state10,SmolVLA,libero_spatial,0,10,60,14,translation,0.20987705051630257,controller_native_action
smolvla-libero_spatial-task00-state10,SmolVLA,libero_spatial,0,10,60,14,rotation,0.05565903241302076,controller_native_action
smolvla-libero_spatial-task00-state10,SmolVLA,libero_spatial,0,10,60,14,gripper,0.36507533106040535,controller_native_action
smolvla-libero_spatial-task00-state10,SmolVLA,libero_spatial,0,10,60,14,arm_original,0.15353550765633386,controller_native_action
smolvla-libero_spatial-task00-state10,SmolVLA,libero_spatial,0,10,60,15,translation,0.20754286793806873,controller_native_action
smolvla-libero_spatial-task00-state10,SmolVLA,libero_spatial,0,10,60,15,rotation,0.05321182017802064,controller_native_action
smolvla-libero_spatial-task00-state10,SmolVLA,libero_spatial,0,10,60,15,gripper,0.4510985679288176,controller_native_action
smolvla-libero_spatial-task00-state10,SmolVLA,libero_spatial,0,10,60,15,arm_original,0.15150171589559083,controller_native_action
smolvla-libero_spatial-task00-state11,SmolVLA,libero_spatial,0,11,210,0,translation,0.0,controller_native_action
smolvla-libero_spatial-task00-state11,SmolVLA,libero_spatial,0,11,210,0,rotation,0.0,controller_native_action
smolvla-libero_spatial-task00-state11,SmolVLA,libero_spatial,0,11,210,0,gripper,0.0,controller_native_action
smolvla-libero_spatial-task00-state11,SmolVLA,libero_spatial,0,11,210,0,arm_original,0.0,controller_native_action
smolvla-libero_spatial-task00-state11,SmolVLA,libero_spatial,0,11,210,1,translation,0.36203842309585565,controller_native_action
smolvla-libero_spatial-task00-state11,SmolVLA,libero_spatial,0,11,210,1,rotation,0.07175715539924186,controller_native_action
smolvla-libero_spatial-task00-state11,SmolVLA,libero_spatial,0,11,210,1,gripper,0.6880542459887904,controller_native_action
smolvla-libero_spatial-task00-state11,SmolVLA,libero_spatial,0,11,210,1,arm_original,0.2609797972532785,controller_native_action
smolvla-libero_spatial-task00-state11,SmolVLA,libero_spatial,0,11,210,2,translation,0.351819845293438,controller_native_action
smolvla-libero_spatial-task00-state11,SmolVLA,libero_spatial,0,11,210,2,rotation,0.06837615967520348,controller_native_action
smolvla-libero_spatial-task00-state11,SmolVLA,libero_spatial,0,11,210,2,gripper,0.7642138730949539,controller_native_action
smolvla-libero_spatial-task00-state11,SmolVLA,libero_spatial,0,11,210,2,arm_original,0.25342898685255755,controller_native_action
smolvla-libero_spatial-task00-state11,SmolVLA,libero_spatial,0,11,210,3,translation,0.33205746387248614,controller_native_action
smolvla-libero_spatial-task00-state11,SmolVLA,libero_spatial,0,11,210,3,rotation,0.06809817850530028,controller_native_action
smolvla-libero_spatial-task00-state11,SmolVLA,libero_spatial,0,11,210,3,gripper,0.7144000331091357,controller_native_action
smolvla-libero_spatial-task00-state11,SmolVLA,libero_spatial,0,11,210,3,arm_original,0.23968679691335437,controller_native_action
smolvla-libero_spatial-task00-state11,SmolVLA,libero_spatial,0,11,210,4,translation,0.3415068730069569,controller_native_action
smolvla-libero_spatial-task00-state11,SmolVLA,libero_spatial,0,11,210,4,rotation,0.06778998473493783,controller_native_action
smolvla-libero_spatial-task00-state11,SmolVLA,libero_spatial,0,11,210,4,gripper,0.7378929134347739,controller_native_action
smolvla-libero_spatial-task00-state11,SmolVLA,libero_spatial,0,11,210,4,arm_original,0.24619344664445572,controller_native_action
smolvla-libero_spatial-task00-state11,SmolVLA,libero_spatial,0,11,210,5,translation,0.3370332681681743,controller_native_action
smolvla-libero_spatial-task00-state11,SmolVLA,libero_spatial,0,11,210,5,rotation,0.06776819773533752,controller_native_action
smolvla-libero_spatial-task00-state11,SmolVLA,libero_spatial,0,11,210,5,gripper,0.7097033538697541,controller_native_action
smolvla-libero_spatial-task00-state11,SmolVLA,libero_spatial,0,11,210,5,arm_original,0.24308841238983017,controller_native_action
smolvla-libero_spatial-task00-state11,SmolVLA,libero_spatial,0,11,210,6,translation,0.3324948016392075,controller_native_action
smolvla-libero_spatial-task00-state11,SmolVLA,libero_spatial,0,11,210,6,rotation,0.06722196106835604,controller_native_action
smolvla-libero_spatial-task00-state11,SmolVLA,libero_spatial,0,11,210,6,gripper,0.6768052057261197,controller_native_action
smolvla-libero_spatial-task00-state11,SmolVLA,libero_spatial,0,11,210,6,arm_original,0.2398661972506459,controller_native_action
smolvla-libero_spatial-task00-state11,SmolVLA,libero_spatial,0,11,210,7,translation,0.3343277734014031,controller_native_action
smolvla-libero_spatial-task00-state11,SmolVLA,libero_spatial,0,11,210,7,rotation,0.06921036751860486,controller_native_action
smolvla-libero_spatial-task00-state11,SmolVLA,libero_spatial,0,11,210,7,gripper,0.7037673684837923,controller_native_action
smolvla-libero_spatial-task00-state11,SmolVLA,libero_spatial,0,11,210,7,arm_original,0.24141782767600273,controller_native_action
smolvla-libero_spatial-task00-state11,SmolVLA,libero_spatial,0,11,210,8,translation,0.34335578176942844,controller_native_action
smolvla-libero_spatial-task00-state11,SmolVLA,libero_spatial,0,11,210,8,rotation,0.06973309928324971,controller_native_action
smolvla-libero_spatial-task00-state11,SmolVLA,libero_spatial,0,11,210,8,gripper,0.7782971961038725,controller_native_action
smolvla-libero_spatial-task00-state11,SmolVLA,libero_spatial,0,11,210,8,arm_original,0.24774573458502058,controller_native_action
smolvla-libero_spatial-task00-state11,SmolVLA,libero_spatial,0,11,210,9,translation,0.3424737827861897,controller_native_action
smolvla-libero_spatial-task00-state11,SmolVLA,libero_spatial,0,11,210,9,rotation,0.06892642219365298,controller_native_action
smolvla-libero_spatial-task00-state11,SmolVLA,libero_spatial,0,11,210,9,gripper,0.7255768066099271,controller_native_action
smolvla-libero_spatial-task00-state11,SmolVLA,libero_spatial,0,11,210,9,arm_original,0.2470213994498249,controller_native_action
smolvla-libero_spatial-task00-state11,SmolVLA,libero_spatial,0,11,210,10,translation,0.35722263433034057,controller_native_action
smolvla-libero_spatial-task00-state11,SmolVLA,libero_spatial,0,11,210,10,rotation,0.06835983813800223,controller_native_action
smolvla-libero_spatial-task00-state11,SmolVLA,libero_spatial,0,11,210,10,gripper,0.8445594336429786,controller_native_action
smolvla-libero_spatial-task00-state11,SmolVLA,libero_spatial,0,11,210,10,arm_original,0.25717802972664877,controller_native_action
smolvla-libero_spatial-task00-state11,SmolVLA,libero_spatial,0,11,210,11,translation,0.3551128385429932,controller_native_action
smolvla-libero_spatial-task00-state11,SmolVLA,libero_spatial,0,11,210,11,rotation,0.06850688363196948,controller_native_action
smolvla-libero_spatial-task00-state11,SmolVLA,libero_spatial,0,11,210,11,gripper,0.8376335946059079,controller_native_action
smolvla-libero_spatial-task00-state11,SmolVLA,libero_spatial,0,11,210,11,arm_original,0.2557325958917109,controller_native_action
smolvla-libero_spatial-task00-state11,SmolVLA,libero_spatial,0,11,210,12,translation,0.377444381642042,controller_native_action
smolvla-libero_spatial-task00-state11,SmolVLA,libero_spatial,0,11,210,12,rotation,0.06994784784147057,controller_native_action
smolvla-libero_spatial-task00-state11,SmolVLA,libero_spatial,0,11,210,12,gripper,0.812967821636225,controller_native_action
smolvla-libero_spatial-task00-state11,SmolVLA,libero_spatial,0,11,210,12,arm_original,0.27143780378826843,controller_native_action
smolvla-libero_spatial-task00-state11,SmolVLA,libero_spatial,0,11,210,13,translation,0.35350958714462755,controller_native_action
smolvla-libero_spatial-task00-state11,SmolVLA,libero_spatial,0,11,210,13,rotation,0.06824484490872118,controller_native_action
smolvla-libero_spatial-task00-state11,SmolVLA,libero_spatial,0,11,210,13,gripper,0.9134030290070827,controller_native_action
smolvla-libero_spatial-task00-state11,SmolVLA,libero_spatial,0,11,210,13,arm_original,0.25458435444836397,controller_native_action
smolvla-libero_spatial-task00-state11,SmolVLA,libero_spatial,0,11,210,14,translation,0.37634044170897296,controller_native_action
smolvla-libero_spatial-task00-state11,SmolVLA,libero_spatial,0,11,210,14,rotation,0.07118625781255611,controller_native_action
smolvla-libero_spatial-task00-state11,SmolVLA,libero_spatial,0,11,210,14,gripper,0.8943762930603083,controller_native_action
smolvla-libero_spatial-task00-state11,SmolVLA,libero_spatial,0,11,210,14,arm_original,0.27083169253898315,controller_native_action
smolvla-libero_spatial-task00-state11,SmolVLA,libero_spatial,0,11,210,15,translation,0.3635215432608404,controller_native_action
smolvla-libero_spatial-task00-state11,SmolVLA,libero_spatial,0,11,210,15,rotation,0.06909157283254351,controller_native_action
smolvla-libero_spatial-task00-state11,SmolVLA,libero_spatial,0,11,210,15,gripper,0.9251448375179981,controller_native_action
smolvla-libero_spatial-task00-state11,SmolVLA,libero_spatial,0,11,210,15,arm_original,0.2616501078264805,controller_native_action
smolvla-libero_spatial-task00-state12,SmolVLA,libero_spatial,0,12,62,0,translation,0.0,controller_native_action
smolvla-libero_spatial-task00-state12,SmolVLA,libero_spatial,0,12,62,0,rotation,0.0,controller_native_action
smolvla-libero_spatial-task00-state12,SmolVLA,libero_spatial,0,12,62,0,gripper,0.0,controller_native_action
smolvla-libero_spatial-task00-state12,SmolVLA,libero_spatial,0,12,62,0,arm_original,0.0,controller_native_action
smolvla-libero_spatial-task00-state12,SmolVLA,libero_spatial,0,12,62,1,translation,0.21595396202098788,controller_native_action
smolvla-libero_spatial-task00-state12,SmolVLA,libero_spatial,0,12,62,1,rotation,0.056773248585742904,controller_native_action
smolvla-libero_spatial-task00-state12,SmolVLA,libero_spatial,0,12,62,1,gripper,0.43931546221964995,controller_native_action
smolvla-libero_spatial-task00-state12,SmolVLA,libero_spatial,0,12,62,1,arm_original,0.15789128454025073,controller_native_action
smolvla-libero_spatial-task00-state12,SmolVLA,libero_spatial,0,12,62,2,translation,0.20187968630836797,controller_native_action
smolvla-libero_spatial-task00-state12,SmolVLA,libero_spatial,0,12,62,2,rotation,0.057893281490941376,controller_native_action
smolvla-libero_spatial-task00-state12,SmolVLA,libero_spatial,0,12,62,2,gripper,0.43775962026425863,controller_native_action
smolvla-libero_spatial-task00-state12,SmolVLA,libero_spatial,0,12,62,2,arm_original,0.14850427567203986,controller_native_action
smolvla-libero_spatial-task00-state12,SmolVLA,libero_spatial,0,12,62,3,translation,0.2321806067383251,controller_native_action
smolvla-libero_spatial-task00-state12,SmolVLA,libero_spatial,0,12,62,3,rotation,0.05565651400244694,controller_native_action
smolvla-libero_spatial-task00-state12,SmolVLA,libero_spatial,0,12,62,3,gripper,0.3605119500834878,controller_native_action
smolvla-libero_spatial-task00-state12,SmolVLA,libero_spatial,0,12,62,3,arm_original,0.16882754765778207,controller_native_action
smolvla-libero_spatial-task00-state12,SmolVLA,libero_spatial,0,12,62,4,translation,0.19912704686383356,controller_native_action
smolvla-libero_spatial-task00-state12,SmolVLA,libero_spatial,0,12,62,4,rotation,0.051027434384327795,controller_native_action
smolvla-libero_spatial-task00-state12,SmolVLA,libero_spatial,0,12,62,4,gripper,0.3568675965626041,controller_native_action
smolvla-libero_spatial-task00-state12,SmolVLA,libero_spatial,0,12,62,4,arm_original,0.14535367187064496,controller_native_action
smolvla-libero_spatial-task00-state12,SmolVLA,libero_spatial,0,12,62,5,translation,0.21384507835844596,controller_native_action
smolvla-libero_spatial-task00-state12,SmolVLA,libero_spatial,0,12,62,5,rotation,0.05797850833207939,controller_native_action
smolvla-libero_spatial-task00-state12,SmolVLA,libero_spatial,0,12,62,5,gripper,0.5672921984576259,controller_native_action
smolvla-libero_spatial-task00-state12,SmolVLA,libero_spatial,0,12,62,5,arm_original,0.15667039440580804,controller_native_action
smolvla-libero_spatial-task00-state12,SmolVLA,libero_spatial,0,12,62,6,translation,0.23118257744992773,controller_native_action
smolvla-libero_spatial-task00-state12,SmolVLA,libero_spatial,0,12,62,6,rotation,0.05133748784219464,controller_native_action
smolvla-libero_spatial-task00-state12,SmolVLA,libero_spatial,0,12,62,6,gripper,0.5083935222438271,controller_native_action
smolvla-libero_spatial-task00-state12,SmolVLA,libero_spatial,0,12,62,6,arm_original,0.16745286168701226,controller_native_action
smolvla-libero_spatial-task00-state12,SmolVLA,libero_spatial,0,12,62,7,translation,0.2268702756510302,controller_native_action
smolvla-libero_spatial-task00-state12,SmolVLA,libero_spatial,0,12,62,7,rotation,0.054130422865777766,controller_native_action
smolvla-libero_spatial-task00-state12,SmolVLA,libero_spatial,0,12,62,7,gripper,0.5096251285777385,controller_native_action
smolvla-libero_spatial-task00-state12,SmolVLA,libero_spatial,0,12,62,7,arm_original,0.16492456556499147,controller_native_action
smolvla-libero_spatial-task00-state12,SmolVLA,libero_spatial,0,12,62,8,translation,0.2228863052952068,controller_native_action
smolvla-libero_spatial-task00-state12,SmolVLA,libero_spatial,0,12,62,8,rotation,0.05253194884696789,controller_native_action
smolvla-libero_spatial-task00-state12,SmolVLA,libero_spatial,0,12,62,8,gripper,0.5080588077574016,controller_native_action
smolvla-libero_spatial-task00-state12,SmolVLA,libero_spatial,0,12,62,8,arm_original,0.16192268330565762,controller_native_action
smolvla-libero_spatial-task00-state12,SmolVLA,libero_spatial,0,12,62,9,translation,0.23843193540571783,controller_native_action
smolvla-libero_spatial-task00-state12,SmolVLA,libero_spatial,0,12,62,9,rotation,0.055690264013359914,controller_native_action
smolvla-libero_spatial-task00-state12,SmolVLA,libero_spatial,0,12,62,9,gripper,0.571912598020355,controller_native_action
smolvla-libero_spatial-task00-state12,SmolVLA,libero_spatial,0,12,62,9,arm_original,0.17313462006079855,controller_native_action
smolvla-libero_spatial-task00-state12,SmolVLA,libero_spatial,0,12,62,10,translation,0.24717245476809135,controller_native_action
smolvla-libero_spatial-task00-state12,SmolVLA,libero_spatial,0,12,62,10,rotation,0.056571227823703545,controller_native_action
smolvla-libero_spatial-task00-state12,SmolVLA,libero_spatial,0,12,62,10,gripper,0.4407241859724816,controller_native_action
smolvla-libero_spatial-task00-state12,SmolVLA,libero_spatial,0,12,62,10,arm_original,0.17929657862542378,controller_native_action
smolvla-libero_spatial-task00-state12,SmolVLA,libero_spatial,0,12,62,11,translation,0.2395352133591031,controller_native_action
smolvla-libero_spatial-task00-state12,SmolVLA,libero_spatial,0,12,62,11,rotation,0.049395127471448946,controller_native_action
smolvla-libero_spatial-task00-state12,SmolVLA,libero_spatial,0,12,62,11,gripper,0.5678390099177629,controller_native_action
smolvla-libero_spatial-task00-state12,SmolVLA,libero_spatial,0,12,62,11,arm_original,0.172940737041496,controller_native_action
smolvla-libero_spatial-task00-state12,SmolVLA,libero_spatial,0,12,62,12,translation,0.25187810062874644,controller_native_action
smolvla-libero_spatial-task00-state12,SmolVLA,libero_spatial,0,12,62,12,rotation,0.05241986401807503,controller_native_action
smolvla-libero_spatial-task00-state12,SmolVLA,libero_spatial,0,12,62,12,gripper,0.564080574785129,controller_native_action
smolvla-libero_spatial-task00-state12,SmolVLA,libero_spatial,0,12,62,12,arm_original,0.18192088901500345,controller_native_action
smolvla-libero_spatial-task00-state12,SmolVLA,libero_spatial,0,12,62,13,translation,0.2365076775872956,controller_native_action
smolvla-libero_spatial-task00-state12,SmolVLA,libero_spatial,0,12,62,13,rotation,0.05661652533679635,controller_native_action
smolvla-libero_spatial-task00-state12,SmolVLA,libero_spatial,0,12,62,13,gripper,0.2540445898601882,controller_native_action
smolvla-libero_spatial-task00-state12,SmolVLA,libero_spatial,0,12,62,13,arm_original,0.17196120565253703,controller_native_action
smolvla-libero_spatial-task00-state12,SmolVLA,libero_spatial,0,12,62,14,translation,0.2560251060446022,controller_native_action
smolvla-libero_spatial-task00-state12,SmolVLA,libero_spatial,0,12,62,14,rotation,0.0561158257708855,controller_native_action
smolvla-libero_spatial-task00-state12,SmolVLA,libero_spatial,0,12,62,14,gripper,0.3570340832680717,controller_native_action
smolvla-libero_spatial-task00-state12,SmolVLA,libero_spatial,0,12,62,14,arm_original,0.18533461741819607,controller_native_action
smolvla-libero_spatial-task00-state12,SmolVLA,libero_spatial,0,12,62,15,translation,0.2579777903462138,controller_native_action
smolvla-libero_spatial-task00-state12,SmolVLA,libero_spatial,0,12,62,15,rotation,0.05621547369566053,controller_native_action
smolvla-libero_spatial-task00-state12,SmolVLA,libero_spatial,0,12,62,15,gripper,0.5691964780537354,controller_native_action
smolvla-libero_spatial-task00-state12,SmolVLA,libero_spatial,0,12,62,15,arm_original,0.18669858033035838,controller_native_action
smolvla-libero_spatial-task00-state13,SmolVLA,libero_spatial,0,13,265,0,translation,0.0,controller_native_action
smolvla-libero_spatial-task00-state13,SmolVLA,libero_spatial,0,13,265,0,rotation,0.0,controller_native_action
smolvla-libero_spatial-task00-state13,SmolVLA,libero_spatial,0,13,265,0,gripper,0.0,controller_native_action
smolvla-libero_spatial-task00-state13,SmolVLA,libero_spatial,0,13,265,0,arm_original,0.0,controller_native_action
smolvla-libero_spatial-task00-state13,SmolVLA,libero_spatial,0,13,265,1,translation,0.44393575529514334,controller_native_action
smolvla-libero_spatial-task00-state13,SmolVLA,libero_spatial,0,13,265,1,rotation,0.07270993397389117,controller_native_action
smolvla-libero_spatial-task00-state13,SmolVLA,libero_spatial,0,13,265,1,gripper,1.0829502912988263,controller_native_action
smolvla-libero_spatial-task00-state13,SmolVLA,libero_spatial,0,13,265,1,arm_original,0.31809250960055396,controller_native_action
smolvla-libero_spatial-task00-state13,SmolVLA,libero_spatial,0,13,265,2,translation,0.4593751090929406,controller_native_action
smolvla-libero_spatial-task00-state13,SmolVLA,libero_spatial,0,13,265,2,rotation,0.07176171750786524,controller_native_action
smolvla-libero_spatial-task00-state13,SmolVLA,libero_spatial,0,13,265,2,gripper,1.1179303343669331,controller_native_action
smolvla-libero_spatial-task00-state13,SmolVLA,libero_spatial,0,13,265,2,arm_original,0.3287668132231641,controller_native_action
smolvla-libero_spatial-task00-state13,SmolVLA,libero_spatial,0,13,265,3,translation,0.45487666371945135,controller_native_action
smolvla-libero_spatial-task00-state13,SmolVLA,libero_spatial,0,13,265,3,rotation,0.07300951201858509,controller_native_action
smolvla-libero_spatial-task00-state13,SmolVLA,libero_spatial,0,13,265,3,gripper,1.121937963050225,controller_native_action
smolvla-libero_spatial-task00-state13,SmolVLA,libero_spatial,0,13,265,3,arm_original,0.32576307958524914,controller_native_action
smolvla-libero_spatial-task00-state13,SmolVLA,libero_spatial,0,13,265,4,translation,0.4591110134324974,controller_native_action
smolvla-libero_spatial-task00-state13,SmolVLA,libero_spatial,0,13,265,4,rotation,0.07416733638235574,controller_native_action
smolvla-libero_spatial-task00-state13,SmolVLA,libero_spatial,0,13,265,4,gripper,1.1247372917620004,controller_native_action
smolvla-libero_spatial-task00-state13,SmolVLA,libero_spatial,0,13,265,4,arm_original,0.3288492940855038,controller_native_action
smolvla-libero_spatial-task00-state13,SmolVLA,libero_spatial,0,13,265,5,translation,0.48330052455054245,controller_native_action
smolvla-libero_spatial-task00-state13,SmolVLA,libero_spatial,0,13,265,5,rotation,0.07567416572172032,controller_native_action
smolvla-libero_spatial-task00-state13,SmolVLA,libero_spatial,0,13,265,5,gripper,1.1306714193033416,controller_native_action
smolvla-libero_spatial-task00-state13,SmolVLA,libero_spatial,0,13,265,5,arm_original,0.3459089304921947,controller_native_action
smolvla-libero_spatial-task00-state13,SmolVLA,libero_spatial,0,13,265,6,translation,0.5263301479097379,controller_native_action
smolvla-libero_spatial-task00-state13,SmolVLA,libero_spatial,0,13,265,6,rotation,0.07617548796034963,controller_native_action
smolvla-libero_spatial-task00-state13,SmolVLA,libero_spatial,0,13,265,6,gripper,1.1584232107835972,controller_native_action
smolvla-libero_spatial-task00-state13,SmolVLA,libero_spatial,0,13,265,6,arm_original,0.376049285044317,controller_native_action
smolvla-libero_spatial-task00-state13,SmolVLA,libero_spatial,0,13,265,7,translation,0.522656536678473,controller_native_action
smolvla-libero_spatial-task00-state13,SmolVLA,libero_spatial,0,13,265,7,rotation,0.075526346443586,controller_native_action
smolvla-libero_spatial-task00-state13,SmolVLA,libero_spatial,0,13,265,7,gripper,1.0925765766516293,controller_native_action
smolvla-libero_spatial-task00-state13,SmolVLA,libero_spatial,0,13,265,7,arm_original,0.37341269685152145,controller_native_action
smolvla-libero_spatial-task00-state13,SmolVLA,libero_spatial,0,13,265,8,translation,0.5277347881031083,controller_native_action
smolvla-libero_spatial-task00-state13,SmolVLA,libero_spatial,0,13,265,8,rotation,0.07521210481950295,controller_native_action
smolvla-libero_spatial-task00-state13,SmolVLA,libero_spatial,0,13,265,8,gripper,1.1596135748861345,controller_native_action
smolvla-libero_spatial-task00-state13,SmolVLA,libero_spatial,0,13,265,8,arm_original,0.3769355828822827,controller_native_action
smolvla-libero_spatial-task00-state13,SmolVLA,libero_spatial,0,13,265,9,translation,0.5361580249608782,controller_native_action
smolvla-libero_spatial-task00-state13,SmolVLA,libero_spatial,0,13,265,9,rotation,0.07709595711422924,controller_native_action
smolvla-libero_spatial-task00-state13,SmolVLA,libero_spatial,0,13,265,9,gripper,1.1408736246902604,controller_native_action
smolvla-libero_spatial-task00-state13,SmolVLA,libero_spatial,0,13,265,9,arm_original,0.3830203743492692,controller_native_action
smolvla-libero_spatial-task00-state13,SmolVLA,libero_spatial,0,13,265,10,translation,0.5519511931637925,controller_native_action
smolvla-libero_spatial-task00-state13,SmolVLA,libero_spatial,0,13,265,10,rotation,0.07775778179547341,controller_native_action
smolvla-libero_spatial-task00-state13,SmolVLA,libero_spatial,0,13,265,10,gripper,1.1970844309015374,controller_native_action
smolvla-libero_spatial-task00-state13,SmolVLA,libero_spatial,0,13,265,10,arm_original,0.39414235516161333,controller_native_action
smolvla-libero_spatial-task00-state13,SmolVLA,libero_spatial,0,13,265,11,translation,0.5471770391506459,controller_native_action
smolvla-libero_spatial-task00-state13,SmolVLA,libero_spatial,0,13,265,11,rotation,0.07975169109621921,controller_native_action
smolvla-libero_spatial-task00-state13,SmolVLA,libero_spatial,0,13,265,11,gripper,1.119865535899067,controller_native_action
smolvla-libero_spatial-task00-state13,SmolVLA,libero_spatial,0,13,265,11,arm_original,0.3910006677784414,controller_native_action
smolvla-libero_spatial-task00-state13,SmolVLA,libero_spatial,0,13,265,12,translation,0.5535492810573113,controller_native_action
smolvla-libero_spatial-task00-state13,SmolVLA,libero_spatial,0,13,265,12,rotation,0.07915054750000264,controller_native_action
smolvla-libero_spatial-task00-state13,SmolVLA,libero_spatial,0,13,265,12,gripper,1.1343914661749814,controller_native_action
smolvla-libero_spatial-task00-state13,SmolVLA,libero_spatial,0,13,265,12,arm_original,0.3953995547092943,controller_native_action
smolvla-libero_spatial-task00-state13,SmolVLA,libero_spatial,0,13,265,13,translation,0.5422188694249653,controller_native_action
smolvla-libero_spatial-task00-state13,SmolVLA,libero_spatial,0,13,265,13,rotation,0.0795205032176025,controller_native_action
smolvla-libero_spatial-task00-state13,SmolVLA,libero_spatial,0,13,265,13,gripper,1.1637981353281444,controller_native_action
smolvla-libero_spatial-task00-state13,SmolVLA,libero_spatial,0,13,265,13,arm_original,0.3875079436556549,controller_native_action
smolvla-libero_spatial-task00-state13,SmolVLA,libero_spatial,0,13,265,14,translation,0.5516974712156895,controller_native_action
smolvla-libero_spatial-task00-state13,SmolVLA,libero_spatial,0,13,265,14,rotation,0.07863197674174542,controller_native_action
smolvla-libero_spatial-task00-state13,SmolVLA,libero_spatial,0,13,265,14,gripper,1.1699989925293168,controller_native_action
smolvla-libero_spatial-task00-state13,SmolVLA,libero_spatial,0,13,265,14,arm_original,0.394051448108049,controller_native_action
smolvla-libero_spatial-task00-state13,SmolVLA,libero_spatial,0,13,265,15,translation,0.5451130440250888,controller_native_action
smolvla-libero_spatial-task00-state13,SmolVLA,libero_spatial,0,13,265,15,rotation,0.0782956939237438,controller_native_action
smolvla-libero_spatial-task00-state13,SmolVLA,libero_spatial,0,13,265,15,gripper,1.1243307891638574,controller_native_action
smolvla-libero_spatial-task00-state13,SmolVLA,libero_spatial,0,13,265,15,arm_original,0.38940881246660236,controller_native_action
smolvla-libero_spatial-task00-state14,SmolVLA,libero_spatial,0,14,65,0,translation,0.0,controller_native_action
smolvla-libero_spatial-task00-state14,SmolVLA,libero_spatial,0,14,65,0,rotation,0.0,controller_native_action
smolvla-libero_spatial-task00-state14,SmolVLA,libero_spatial,0,14,65,0,gripper,0.0,controller_native_action
smolvla-libero_spatial-task00-state14,SmolVLA,libero_spatial,0,14,65,0,arm_original,0.0,controller_native_action
smolvla-libero_spatial-task00-state14,SmolVLA,libero_spatial,0,14,65,1,translation,0.2511197315291911,controller_native_action
smolvla-libero_spatial-task00-state14,SmolVLA,libero_spatial,0,14,65,1,rotation,0.058721911202375784,controller_native_action
smolvla-libero_spatial-task00-state14,SmolVLA,libero_spatial,0,14,65,1,gripper,0.547398832834256,controller_native_action
smolvla-libero_spatial-task00-state14,SmolVLA,libero_spatial,0,14,65,1,arm_original,0.1823586883295566,controller_native_action
smolvla-libero_spatial-task00-state14,SmolVLA,libero_spatial,0,14,65,2,translation,0.28859456129854416,controller_native_action
smolvla-libero_spatial-task00-state14,SmolVLA,libero_spatial,0,14,65,2,rotation,0.05773170532470514,controller_native_action
smolvla-libero_spatial-task00-state14,SmolVLA,libero_spatial,0,14,65,2,gripper,0.428489710967917,controller_native_action
smolvla-libero_spatial-task00-state14,SmolVLA,libero_spatial,0,14,65,2,arm_original,0.208110271984347,controller_native_action
smolvla-libero_spatial-task00-state14,SmolVLA,libero_spatial,0,14,65,3,translation,0.2924787303574554,controller_native_action
smolvla-libero_spatial-task00-state14,SmolVLA,libero_spatial,0,14,65,3,rotation,0.052139346252089755,controller_native_action
smolvla-libero_spatial-task00-state14,SmolVLA,libero_spatial,0,14,65,3,gripper,0.5504723816027868,controller_native_action
smolvla-libero_spatial-task00-state14,SmolVLA,libero_spatial,0,14,65,3,arm_original,0.21007417635100276,controller_native_action
smolvla-libero_spatial-task00-state14,SmolVLA,libero_spatial,0,14,65,4,translation,0.28073594744748603,controller_native_action
smolvla-libero_spatial-task00-state14,SmolVLA,libero_spatial,0,14,65,4,rotation,0.0581871552489762,controller_native_action
smolvla-libero_spatial-task00-state14,SmolVLA,libero_spatial,0,14,65,4,gripper,0.3488084778528792,controller_native_action
smolvla-libero_spatial-task00-state14,SmolVLA,libero_spatial,0,14,65,4,arm_original,0.20272939750466148,controller_native_action
smolvla-libero_spatial-task00-state14,SmolVLA,libero_spatial,0,14,65,5,translation,0.2929529697651992,controller_native_action
smolvla-libero_spatial-task00-state14,SmolVLA,libero_spatial,0,14,65,5,rotation,0.05830131687793982,controller_native_action
smolvla-libero_spatial-task00-state14,SmolVLA,libero_spatial,0,14,65,5,gripper,0.4286806389463542,controller_native_action
smolvla-libero_spatial-task00-state14,SmolVLA,libero_spatial,0,14,65,5,arm_original,0.21121137048458313,controller_native_action
smolvla-libero_spatial-task00-state14,SmolVLA,libero_spatial,0,14,65,6,translation,0.2633605981532514,controller_native_action
smolvla-libero_spatial-task00-state14,SmolVLA,libero_spatial,0,14,65,6,rotation,0.05811617941492744,controller_native_action
smolvla-libero_spatial-task00-state14,SmolVLA,libero_spatial,0,14,65,6,gripper,0.4247743694599058,controller_native_action
smolvla-libero_spatial-task00-state14,SmolVLA,libero_spatial,0,14,65,6,arm_original,0.19070434574155148,controller_native_action
smolvla-libero_spatial-task00-state14,SmolVLA,libero_spatial,0,14,65,7,translation,0.2764499323528746,controller_native_action
smolvla-libero_spatial-task00-state14,SmolVLA,libero_spatial,0,14,65,7,rotation,0.05682607226155495,controller_native_action
smolvla-libero_spatial-task00-state14,SmolVLA,libero_spatial,0,14,65,7,gripper,0.49148325748338706,controller_native_action
smolvla-libero_spatial-task00-state14,SmolVLA,libero_spatial,0,14,65,7,arm_original,0.19956674019809065,controller_native_action
smolvla-libero_spatial-task00-state14,SmolVLA,libero_spatial,0,14,65,8,translation,0.3014253977096768,controller_native_action
smolvla-libero_spatial-task00-state14,SmolVLA,libero_spatial,0,14,65,8,rotation,0.05721012928136481,controller_native_action
smolvla-libero_spatial-task00-state14,SmolVLA,libero_spatial,0,14,65,8,gripper,0.47430246239713886,controller_native_action
smolvla-libero_spatial-task00-state14,SmolVLA,libero_spatial,0,14,65,8,arm_original,0.2169450037184854,controller_native_action
smolvla-libero_spatial-task00-state14,SmolVLA,libero_spatial,0,14,65,9,translation,0.27452432681220257,controller_native_action
smolvla-libero_spatial-task00-state14,SmolVLA,libero_spatial,0,14,65,9,rotation,0.054023079065550886,controller_native_action
smolvla-libero_spatial-task00-state14,SmolVLA,libero_spatial,0,14,65,9,gripper,0.5928763352966416,controller_native_action
smolvla-libero_spatial-task00-state14,SmolVLA,libero_spatial,0,14,65,9,arm_original,0.197840970331496,controller_native_action
smolvla-libero_spatial-task00-state14,SmolVLA,libero_spatial,0,14,65,10,translation,0.2851558260307758,controller_native_action
smolvla-libero_spatial-task00-state14,SmolVLA,libero_spatial,0,14,65,10,rotation,0.05699845078482806,controller_native_action
smolvla-libero_spatial-task00-state14,SmolVLA,libero_spatial,0,14,65,10,gripper,0.5474900508727535,controller_native_action
smolvla-libero_spatial-task00-state14,SmolVLA,libero_spatial,0,14,65,10,arm_original,0.205624255027422,controller_native_action
smolvla-libero_spatial-task00-state14,SmolVLA,libero_spatial,0,14,65,11,translation,0.29909091759453754,controller_native_action
smolvla-libero_spatial-task00-state14,SmolVLA,libero_spatial,0,14,65,11,rotation,0.05785377732109385,controller_native_action
smolvla-libero_spatial-task00-state14,SmolVLA,libero_spatial,0,14,65,11,gripper,0.6549750452729493,controller_native_action
smolvla-libero_spatial-task00-state14,SmolVLA,libero_spatial,0,14,65,11,arm_original,0.21540942010258182,controller_native_action
smolvla-libero_spatial-task00-state14,SmolVLA,libero_spatial,0,14,65,12,translation,0.30972593287375905,controller_native_action
smolvla-libero_spatial-task00-state14,SmolVLA,libero_spatial,0,14,65,12,rotation,0.06110790477784202,controller_native_action
smolvla-libero_spatial-task00-state14,SmolVLA,libero_spatial,0,14,65,12,gripper,0.42775440830735967,controller_native_action
smolvla-libero_spatial-task00-state14,SmolVLA,libero_spatial,0,14,65,12,arm_original,0.22323119128031602,controller_native_action
smolvla-libero_spatial-task00-state14,SmolVLA,libero_spatial,0,14,65,13,translation,0.2938085530656594,controller_native_action
smolvla-libero_spatial-task00-state14,SmolVLA,libero_spatial,0,14,65,13,rotation,0.06191832338195972,controller_native_action
smolvla-libero_spatial-task00-state14,SmolVLA,libero_spatial,0,14,65,13,gripper,0.41525360328026006,controller_native_action
smolvla-libero_spatial-task00-state14,SmolVLA,libero_spatial,0,14,65,13,arm_original,0.2123173857989135,controller_native_action
smolvla-libero_spatial-task00-state14,SmolVLA,libero_spatial,0,14,65,14,translation,0.2716350909601466,controller_native_action
smolvla-libero_spatial-task00-state14,SmolVLA,libero_spatial,0,14,65,14,rotation,0.05848113790412679,controller_native_action
smolvla-libero_spatial-task00-state14,SmolVLA,libero_spatial,0,14,65,14,gripper,0.4310430980889885,controller_native_action
smolvla-libero_spatial-task00-state14,SmolVLA,libero_spatial,0,14,65,14,arm_original,0.19647603687407866,controller_native_action
smolvla-libero_spatial-task00-state14,SmolVLA,libero_spatial,0,14,65,15,translation,0.29030798435080163,controller_native_action
smolvla-libero_spatial-task00-state14,SmolVLA,libero_spatial,0,14,65,15,rotation,0.05938617921389777,controller_native_action
smolvla-libero_spatial-task00-state14,SmolVLA,libero_spatial,0,14,65,15,gripper,0.6054880300345086,controller_native_action
smolvla-libero_spatial-task00-state14,SmolVLA,libero_spatial,0,14,65,15,arm_original,0.20952976406640952,controller_native_action
smolvla-libero_spatial-task00-state15,SmolVLA,libero_spatial,0,15,52,0,translation,0.0,controller_native_action
smolvla-libero_spatial-task00-state15,SmolVLA,libero_spatial,0,15,52,0,rotation,0.0,controller_native_action
smolvla-libero_spatial-task00-state15,SmolVLA,libero_spatial,0,15,52,0,gripper,0.0,controller_native_action
smolvla-libero_spatial-task00-state15,SmolVLA,libero_spatial,0,15,52,0,arm_original,0.0,controller_native_action
smolvla-libero_spatial-task00-state15,SmolVLA,libero_spatial,0,15,52,1,translation,0.21038785833760762,controller_native_action
smolvla-libero_spatial-task00-state15,SmolVLA,libero_spatial,0,15,52,1,rotation,0.05051901271046896,controller_native_action
smolvla-libero_spatial-task00-state15,SmolVLA,libero_spatial,0,15,52,1,gripper,0.2755309180690647,controller_native_action
smolvla-libero_spatial-task00-state15,SmolVLA,libero_spatial,0,15,52,1,arm_original,0.1529954600325215,controller_native_action
smolvla-libero_spatial-task00-state15,SmolVLA,libero_spatial,0,15,52,2,translation,0.2179653331558588,controller_native_action
smolvla-libero_spatial-task00-state15,SmolVLA,libero_spatial,0,15,52,2,rotation,0.05273249629374604,controller_native_action
smolvla-libero_spatial-task00-state15,SmolVLA,libero_spatial,0,15,52,2,gripper,0.4579660338122651,controller_native_action
smolvla-libero_spatial-task00-state15,SmolVLA,libero_spatial,0,15,52,2,arm_original,0.15857112382636768,controller_native_action
smolvla-libero_spatial-task00-state15,SmolVLA,libero_spatial,0,15,52,3,translation,0.2568069798064106,controller_native_action
smolvla-libero_spatial-task00-state15,SmolVLA,libero_spatial,0,15,52,3,rotation,0.053058310806755736,controller_native_action
smolvla-libero_spatial-task00-state15,SmolVLA,libero_spatial,0,15,52,3,gripper,0.5544596721820771,controller_native_action
smolvla-libero_spatial-task00-state15,SmolVLA,libero_spatial,0,15,52,3,arm_original,0.18542519950502476,controller_native_action
smolvla-libero_spatial-task00-state15,SmolVLA,libero_spatial,0,15,52,4,translation,0.26547401765855194,controller_native_action
smolvla-libero_spatial-task00-state15,SmolVLA,libero_spatial,0,15,52,4,rotation,0.05169755710748123,controller_native_action
smolvla-libero_spatial-task00-state15,SmolVLA,libero_spatial,0,15,52,4,gripper,0.38374298767024906,controller_native_action
smolvla-libero_spatial-task00-state15,SmolVLA,libero_spatial,0,15,52,4,arm_original,0.19124472732948017,controller_native_action
smolvla-libero_spatial-task00-state15,SmolVLA,libero_spatial,0,15,52,5,translation,0.2474815460073066,controller_native_action
smolvla-libero_spatial-task00-state15,SmolVLA,libero_spatial,0,15,52,5,rotation,0.053656579415217585,controller_native_action
smolvla-libero_spatial-task00-state15,SmolVLA,libero_spatial,0,15,52,5,gripper,0.47910427265029254,controller_native_action
smolvla-libero_spatial-task00-state15,SmolVLA,libero_spatial,0,15,52,5,arm_original,0.1790616431968446,controller_native_action
smolvla-libero_spatial-task00-state15,SmolVLA,libero_spatial,0,15,52,6,translation,0.24170417995247384,controller_native_action
smolvla-libero_spatial-task00-state15,SmolVLA,libero_spatial,0,15,52,6,rotation,0.05178618282925627,controller_native_action
smolvla-libero_spatial-task00-state15,SmolVLA,libero_spatial,0,15,52,6,gripper,0.3915092203513155,controller_native_action
smolvla-libero_spatial-task00-state15,SmolVLA,libero_spatial,0,15,52,6,arm_original,0.174789472421143,controller_native_action
smolvla-libero_spatial-task00-state15,SmolVLA,libero_spatial,0,15,52,7,translation,0.26499874177397315,controller_native_action
smolvla-libero_spatial-task00-state15,SmolVLA,libero_spatial,0,15,52,7,rotation,0.0509115246743801,controller_native_action
smolvla-libero_spatial-task00-state15,SmolVLA,libero_spatial,0,15,52,7,gripper,0.4742672904901567,controller_native_action
smolvla-libero_spatial-task00-state15,SmolVLA,libero_spatial,0,15,52,7,arm_original,0.19080921949221807,controller_native_action
smolvla-libero_spatial-task00-state15,SmolVLA,libero_spatial,0,15,52,8,translation,0.2625724743185617,controller_native_action
smolvla-libero_spatial-task00-state15,SmolVLA,libero_spatial,0,15,52,8,rotation,0.05718709476360244,controller_native_action
smolvla-libero_spatial-task00-state15,SmolVLA,libero_spatial,0,15,52,8,gripper,0.38938557655033273,controller_native_action
smolvla-libero_spatial-task00-state15,SmolVLA,libero_spatial,0,15,52,8,arm_original,0.19001929912152737,controller_native_action
smolvla-libero_spatial-task00-state15,SmolVLA,libero_spatial,0,15,52,9,translation,0.2841897933347912,controller_native_action
smolvla-libero_spatial-task00-state15,SmolVLA,libero_spatial,0,15,52,9,rotation,0.05656394671086449,controller_native_action
smolvla-libero_spatial-task00-state15,SmolVLA,libero_spatial,0,15,52,9,gripper,0.38931824855148883,controller_native_action
smolvla-libero_spatial-task00-state15,SmolVLA,libero_spatial,0,15,52,9,arm_original,0.20489426383281312,controller_native_action
smolvla-libero_spatial-task00-state15,SmolVLA,libero_spatial,0,15,52,10,translation,0.2732265253586693,controller_native_action
smolvla-libero_spatial-task00-state15,SmolVLA,libero_spatial,0,15,52,10,rotation,0.05706495173715281,controller_native_action
smolvla-libero_spatial-task00-state15,SmolVLA,libero_spatial,0,15,52,10,gripper,0.037641865340314315,controller_native_action
smolvla-libero_spatial-task00-state15,SmolVLA,libero_spatial,0,15,52,10,arm_original,0.1973691248350855,controller_native_action
smolvla-libero_spatial-task00-state15,SmolVLA,libero_spatial,0,15,52,11,translation,0.2733744045377094,controller_native_action
smolvla-libero_spatial-task00-state15,SmolVLA,libero_spatial,0,15,52,11,rotation,0.058768539162546776,controller_native_action
smolvla-libero_spatial-task00-state15,SmolVLA,libero_spatial,0,15,52,11,gripper,0.27667595002051326,controller_native_action
smolvla-libero_spatial-task00-state15,SmolVLA,libero_spatial,0,15,52,11,arm_original,0.19772114992034487,controller_native_action
smolvla-libero_spatial-task00-state15,SmolVLA,libero_spatial,0,15,52,12,translation,0.25819317460352753,controller_native_action
smolvla-libero_spatial-task00-state15,SmolVLA,libero_spatial,0,15,52,12,rotation,0.05728711116049466,controller_native_action
smolvla-libero_spatial-task00-state15,SmolVLA,libero_spatial,0,15,52,12,gripper,0.39112112838612423,controller_native_action
smolvla-libero_spatial-task00-state15,SmolVLA,libero_spatial,0,15,52,12,arm_original,0.18701006459140448,controller_native_action
smolvla-libero_spatial-task00-state15,SmolVLA,libero_spatial,0,15,52,13,translation,0.2636821027642187,controller_native_action
smolvla-libero_spatial-task00-state15,SmolVLA,libero_spatial,0,15,52,13,rotation,0.06055103550102299,controller_native_action
smolvla-libero_spatial-task00-state15,SmolVLA,libero_spatial,0,15,52,13,gripper,0.4801501792114562,controller_native_action
smolvla-libero_spatial-task00-state15,SmolVLA,libero_spatial,0,15,52,13,arm_original,0.19130431152800262,controller_native_action
smolvla-libero_spatial-task00-state15,SmolVLA,libero_spatial,0,15,52,14,translation,0.2957263192677246,controller_native_action
smolvla-libero_spatial-task00-state15,SmolVLA,libero_spatial,0,15,52,14,rotation,0.06296605231006835,controller_native_action
smolvla-libero_spatial-task00-state15,SmolVLA,libero_spatial,0,15,52,14,gripper,0.47809682035711665,controller_native_action
smolvla-libero_spatial-task00-state15,SmolVLA,libero_spatial,0,15,52,14,arm_original,0.2137975440120284,controller_native_action
smolvla-libero_spatial-task00-state15,SmolVLA,libero_spatial,0,15,52,15,translation,0.30251091519653833,controller_native_action
smolvla-libero_spatial-task00-state15,SmolVLA,libero_spatial,0,15,52,15,rotation,0.060260284613476135,controller_native_action
smolvla-libero_spatial-task00-state15,SmolVLA,libero_spatial,0,15,52,15,gripper,0.5394630845947551,controller_native_action
smolvla-libero_spatial-task00-state15,SmolVLA,libero_spatial,0,15,52,15,arm_original,0.21811024244031316,controller_native_action
smolvla-libero_spatial-task00-state16,SmolVLA,libero_spatial,0,16,57,0,translation,0.0,controller_native_action
smolvla-libero_spatial-task00-state16,SmolVLA,libero_spatial,0,16,57,0,rotation,0.0,controller_native_action
smolvla-libero_spatial-task00-state16,SmolVLA,libero_spatial,0,16,57,0,gripper,0.0,controller_native_action
smolvla-libero_spatial-task00-state16,SmolVLA,libero_spatial,0,16,57,0,arm_original,0.0,controller_native_action
smolvla-libero_spatial-task00-state16,SmolVLA,libero_spatial,0,16,57,1,translation,0.22045292224121973,controller_native_action
smolvla-libero_spatial-task00-state16,SmolVLA,libero_spatial,0,16,57,1,rotation,0.05310090258712867,controller_native_action
smolvla-libero_spatial-task00-state16,SmolVLA,libero_spatial,0,16,57,1,gripper,0.4327987436658036,controller_native_action
smolvla-libero_spatial-task00-state16,SmolVLA,libero_spatial,0,16,57,1,arm_original,0.16034212918048238,controller_native_action
smolvla-libero_spatial-task00-state16,SmolVLA,libero_spatial,0,16,57,2,translation,0.2097725648635399,controller_native_action
smolvla-libero_spatial-task00-state16,SmolVLA,libero_spatial,0,16,57,2,rotation,0.048976278403362425,controller_native_action
smolvla-libero_spatial-task00-state16,SmolVLA,libero_spatial,0,16,57,2,gripper,0.218891052884644,controller_native_action
smolvla-libero_spatial-task00-state16,SmolVLA,libero_spatial,0,16,57,2,arm_original,0.1523207221878752,controller_native_action
smolvla-libero_spatial-task00-state16,SmolVLA,libero_spatial,0,16,57,3,translation,0.20407591612186438,controller_native_action
smolvla-libero_spatial-task00-state16,SmolVLA,libero_spatial,0,16,57,3,rotation,0.0495885590664865,controller_native_action
smolvla-libero_spatial-task00-state16,SmolVLA,libero_spatial,0,16,57,3,gripper,0.3411182551007854,controller_native_action
smolvla-libero_spatial-task00-state16,SmolVLA,libero_spatial,0,16,57,3,arm_original,0.14850253319601767,controller_native_action
smolvla-libero_spatial-task00-state16,SmolVLA,libero_spatial,0,16,57,4,translation,0.22221416793675364,controller_native_action
smolvla-libero_spatial-task00-state16,SmolVLA,libero_spatial,0,16,57,4,rotation,0.05071488698038289,controller_native_action
smolvla-libero_spatial-task00-state16,SmolVLA,libero_spatial,0,16,57,4,gripper,0.35267608685816554,controller_native_action
smolvla-libero_spatial-task00-state16,SmolVLA,libero_spatial,0,16,57,4,arm_original,0.1611693770436195,controller_native_action
smolvla-libero_spatial-task00-state16,SmolVLA,libero_spatial,0,16,57,5,translation,0.19792825553216556,controller_native_action
smolvla-libero_spatial-task00-state16,SmolVLA,libero_spatial,0,16,57,5,rotation,0.05016235704503076,controller_native_action
smolvla-libero_spatial-task00-state16,SmolVLA,libero_spatial,0,16,57,5,gripper,0.506052539279356,controller_native_action
smolvla-libero_spatial-task00-state16,SmolVLA,libero_spatial,0,16,57,5,arm_original,0.14438119060722449,controller_native_action
smolvla-libero_spatial-task00-state16,SmolVLA,libero_spatial,0,16,57,6,translation,0.22123066127651972,controller_native_action
smolvla-libero_spatial-task00-state16,SmolVLA,libero_spatial,0,16,57,6,rotation,0.05006204539989497,controller_native_action
smolvla-libero_spatial-task00-state16,SmolVLA,libero_spatial,0,16,57,6,gripper,0.34163491214240227,controller_native_action
smolvla-libero_spatial-task00-state16,SmolVLA,libero_spatial,0,16,57,6,arm_original,0.16038892399175722,controller_native_action
smolvla-libero_spatial-task00-state16,SmolVLA,libero_spatial,0,16,57,7,translation,0.23304755893315957,controller_native_action
smolvla-libero_spatial-task00-state16,SmolVLA,libero_spatial,0,16,57,7,rotation,0.051089842290611656,controller_native_action
smolvla-libero_spatial-task00-state16,SmolVLA,libero_spatial,0,16,57,7,gripper,0.4296119015552954,controller_native_action
smolvla-libero_spatial-task00-state16,SmolVLA,libero_spatial,0,16,57,7,arm_original,0.1687028996638529,controller_native_action
smolvla-libero_spatial-task00-state16,SmolVLA,libero_spatial,0,16,57,8,translation,0.22303360580660703,controller_native_action
smolvla-libero_spatial-task00-state16,SmolVLA,libero_spatial,0,16,57,8,rotation,0.05223109605019267,controller_native_action
smolvla-libero_spatial-task00-state16,SmolVLA,libero_spatial,0,16,57,8,gripper,0.3457305354942663,controller_native_action
smolvla-libero_spatial-task00-state16,SmolVLA,libero_spatial,0,16,57,8,arm_original,0.1619754251633584,controller_native_action
smolvla-libero_spatial-task00-state16,SmolVLA,libero_spatial,0,16,57,9,translation,0.23246960243061762,controller_native_action
smolvla-libero_spatial-task00-state16,SmolVLA,libero_spatial,0,16,57,9,rotation,0.04819257714740746,controller_native_action
smolvla-libero_spatial-task00-state16,SmolVLA,libero_spatial,0,16,57,9,gripper,0.4992641993376199,controller_native_action
smolvla-libero_spatial-task00-state16,SmolVLA,libero_spatial,0,16,57,9,arm_original,0.16787590736368074,controller_native_action
smolvla-libero_spatial-task00-state16,SmolVLA,libero_spatial,0,16,57,10,translation,0.20904790072247276,controller_native_action
smolvla-libero_spatial-task00-state16,SmolVLA,libero_spatial,0,16,57,10,rotation,0.04855010192740507,controller_native_action
smolvla-libero_spatial-task00-state16,SmolVLA,libero_spatial,0,16,57,10,gripper,0.3457218487865172,controller_native_action
smolvla-libero_spatial-task00-state16,SmolVLA,libero_spatial,0,16,57,10,arm_original,0.1517533149450684,controller_native_action
smolvla-libero_spatial-task00-state16,SmolVLA,libero_spatial,0,16,57,11,translation,0.2180615967216631,controller_native_action
smolvla-libero_spatial-task00-state16,SmolVLA,libero_spatial,0,16,57,11,rotation,0.05505308932783281,controller_native_action
smolvla-libero_spatial-task00-state16,SmolVLA,libero_spatial,0,16,57,11,gripper,0.5518840074435777,controller_native_action
smolvla-libero_spatial-task00-state16,SmolVLA,libero_spatial,0,16,57,11,arm_original,0.15903097592818133,controller_native_action
smolvla-libero_spatial-task00-state16,SmolVLA,libero_spatial,0,16,57,12,translation,0.2197336825584363,controller_native_action
smolvla-libero_spatial-task00-state16,SmolVLA,libero_spatial,0,16,57,12,rotation,0.052520468458816374,controller_native_action
smolvla-libero_spatial-task00-state16,SmolVLA,libero_spatial,0,16,57,12,gripper,0.5654103942689559,controller_native_action
smolvla-libero_spatial-task00-state16,SmolVLA,libero_spatial,0,16,57,12,arm_original,0.1597518244932201,controller_native_action
smolvla-libero_spatial-task00-state16,SmolVLA,libero_spatial,0,16,57,13,translation,0.20440391997587293,controller_native_action
smolvla-libero_spatial-task00-state16,SmolVLA,libero_spatial,0,16,57,13,rotation,0.05316943232413962,controller_native_action
smolvla-libero_spatial-task00-state16,SmolVLA,libero_spatial,0,16,57,13,gripper,0.43421677554713345,controller_native_action
smolvla-libero_spatial-task00-state16,SmolVLA,libero_spatial,0,16,57,13,arm_original,0.14934515565490286,controller_native_action
smolvla-libero_spatial-task00-state16,SmolVLA,libero_spatial,0,16,57,14,translation,0.2304213581772616,controller_native_action
smolvla-libero_spatial-task00-state16,SmolVLA,libero_spatial,0,16,57,14,rotation,0.050930714346467454,controller_native_action
smolvla-libero_spatial-task00-state16,SmolVLA,libero_spatial,0,16,57,14,gripper,0.4323476115713484,controller_native_action
smolvla-libero_spatial-task00-state16,SmolVLA,libero_spatial,0,16,57,14,arm_original,0.1668651251281935,controller_native_action
smolvla-libero_spatial-task00-state16,SmolVLA,libero_spatial,0,16,57,15,translation,0.20865889382953964,controller_native_action
smolvla-libero_spatial-task00-state16,SmolVLA,libero_spatial,0,16,57,15,rotation,0.05335401696225013,controller_native_action
smolvla-libero_spatial-task00-state16,SmolVLA,libero_spatial,0,16,57,15,gripper,0.3775773082665437,controller_native_action
smolvla-libero_spatial-task00-state16,SmolVLA,libero_spatial,0,16,57,15,arm_original,0.15229114403039853,controller_native_action
smolvla-libero_spatial-task00-state17,SmolVLA,libero_spatial,0,17,61,0,translation,0.0,controller_native_action
smolvla-libero_spatial-task00-state17,SmolVLA,libero_spatial,0,17,61,0,rotation,0.0,controller_native_action
smolvla-libero_spatial-task00-state17,SmolVLA,libero_spatial,0,17,61,0,gripper,0.0,controller_native_action
smolvla-libero_spatial-task00-state17,SmolVLA,libero_spatial,0,17,61,0,arm_original,0.0,controller_native_action
smolvla-libero_spatial-task00-state17,SmolVLA,libero_spatial,0,17,61,1,translation,0.234587244632326,controller_native_action
smolvla-libero_spatial-task00-state17,SmolVLA,libero_spatial,0,17,61,1,rotation,0.054075498405840555,controller_native_action
smolvla-libero_spatial-task00-state17,SmolVLA,libero_spatial,0,17,61,1,gripper,0.2538683600399869,controller_native_action
smolvla-libero_spatial-task00-state17,SmolVLA,libero_spatial,0,17,61,1,arm_original,0.17022828036496584,controller_native_action
smolvla-libero_spatial-task00-state17,SmolVLA,libero_spatial,0,17,61,2,translation,0.1966226357266128,controller_native_action
smolvla-libero_spatial-task00-state17,SmolVLA,libero_spatial,0,17,61,2,rotation,0.048766593000809204,controller_native_action
smolvla-libero_spatial-task00-state17,SmolVLA,libero_spatial,0,17,61,2,gripper,0.2540524271664501,controller_native_action
smolvla-libero_spatial-task00-state17,SmolVLA,libero_spatial,0,17,61,2,arm_original,0.14324566568135114,controller_native_action
smolvla-libero_spatial-task00-state17,SmolVLA,libero_spatial,0,17,61,3,translation,0.22652950010198625,controller_native_action
smolvla-libero_spatial-task00-state17,SmolVLA,libero_spatial,0,17,61,3,rotation,0.05169283836460075,controller_native_action
smolvla-libero_spatial-task00-state17,SmolVLA,libero_spatial,0,17,61,3,gripper,0.35874959979013177,controller_native_action
smolvla-libero_spatial-task00-state17,SmolVLA,libero_spatial,0,17,61,3,arm_original,0.16429814964667822,controller_native_action
smolvla-libero_spatial-task00-state17,SmolVLA,libero_spatial,0,17,61,4,translation,0.24180049884635946,controller_native_action
smolvla-libero_spatial-task00-state17,SmolVLA,libero_spatial,0,17,61,4,rotation,0.04840276908416149,controller_native_action
smolvla-libero_spatial-task00-state17,SmolVLA,libero_spatial,0,17,61,4,gripper,0.35878860033226606,controller_native_action
smolvla-libero_spatial-task00-state17,SmolVLA,libero_spatial,0,17,61,4,arm_original,0.17437073908394568,controller_native_action
smolvla-libero_spatial-task00-state17,SmolVLA,libero_spatial,0,17,61,5,translation,0.23471969084453861,controller_native_action
smolvla-libero_spatial-task00-state17,SmolVLA,libero_spatial,0,17,61,5,rotation,0.04934348110812751,controller_native_action
smolvla-libero_spatial-task00-state17,SmolVLA,libero_spatial,0,17,61,5,gripper,0.2550676102548325,controller_native_action
smolvla-libero_spatial-task00-state17,SmolVLA,libero_spatial,0,17,61,5,arm_original,0.16959969398266012,controller_native_action
smolvla-libero_spatial-task00-state17,SmolVLA,libero_spatial,0,17,61,6,translation,0.21493792111369636,controller_native_action
smolvla-libero_spatial-task00-state17,SmolVLA,libero_spatial,0,17,61,6,rotation,0.05172959283407623,controller_native_action
smolvla-libero_spatial-task00-state17,SmolVLA,libero_spatial,0,17,61,6,gripper,0.43768181382461796,controller_native_action
smolvla-libero_spatial-task00-state17,SmolVLA,libero_spatial,0,17,61,6,arm_original,0.15632379970346305,controller_native_action
smolvla-libero_spatial-task00-state17,SmolVLA,libero_spatial,0,17,61,7,translation,0.2461674978766061,controller_native_action
smolvla-libero_spatial-task00-state17,SmolVLA,libero_spatial,0,17,61,7,rotation,0.051292624011209265,controller_native_action
smolvla-libero_spatial-task00-state17,SmolVLA,libero_spatial,0,17,61,7,gripper,0.5652655926396214,controller_native_action
smolvla-libero_spatial-task00-state17,SmolVLA,libero_spatial,0,17,61,7,arm_original,0.17780518874428855,controller_native_action
smolvla-libero_spatial-task00-state17,SmolVLA,libero_spatial,0,17,61,8,translation,0.22806244874648696,controller_native_action
smolvla-libero_spatial-task00-state17,SmolVLA,libero_spatial,0,17,61,8,rotation,0.0484921233797729,controller_native_action
smolvla-libero_spatial-task00-state17,SmolVLA,libero_spatial,0,17,61,8,gripper,0.4426801045196575,controller_native_action
smolvla-libero_spatial-task00-state17,SmolVLA,libero_spatial,0,17,61,8,arm_original,0.16486959476829424,controller_native_action
smolvla-libero_spatial-task00-state17,SmolVLA,libero_spatial,0,17,61,9,translation,0.22908956478914344,controller_native_action
smolvla-libero_spatial-task00-state17,SmolVLA,libero_spatial,0,17,61,9,rotation,0.05251817388488389,controller_native_action
smolvla-libero_spatial-task00-state17,SmolVLA,libero_spatial,0,17,61,9,gripper,0.3614927473906428,controller_native_action
smolvla-libero_spatial-task00-state17,SmolVLA,libero_spatial,0,17,61,9,arm_original,0.16619294101056464,controller_native_action
smolvla-libero_spatial-task00-state17,SmolVLA,libero_spatial,0,17,61,10,translation,0.2288114860252327,controller_native_action
smolvla-libero_spatial-task00-state17,SmolVLA,libero_spatial,0,17,61,10,rotation,0.051581649258191864,controller_native_action
smolvla-libero_spatial-task00-state17,SmolVLA,libero_spatial,0,17,61,10,gripper,0.5098284164875575,controller_native_action
smolvla-libero_spatial-task00-state17,SmolVLA,libero_spatial,0,17,61,10,arm_original,0.16585439800811794,controller_native_action
smolvla-libero_spatial-task00-state17,SmolVLA,libero_spatial,0,17,61,11,translation,0.2592211697497933,controller_native_action
smolvla-libero_spatial-task00-state17,SmolVLA,libero_spatial,0,17,61,11,rotation,0.05229517147205934,controller_native_action
smolvla-libero_spatial-task00-state17,SmolVLA,libero_spatial,0,17,61,11,gripper,0.42749755407037193,controller_native_action
smolvla-libero_spatial-task00-state17,SmolVLA,libero_spatial,0,17,61,11,arm_original,0.18698983903643435,controller_native_action
smolvla-libero_spatial-task00-state17,SmolVLA,libero_spatial,0,17,61,12,translation,0.20643031152069313,controller_native_action
smolvla-libero_spatial-task00-state17,SmolVLA,libero_spatial,0,17,61,12,rotation,0.048465999156556146,controller_native_action
smolvla-libero_spatial-task00-state17,SmolVLA,libero_spatial,0,17,61,12,gripper,0.35539756585288784,controller_native_action
smolvla-libero_spatial-task00-state17,SmolVLA,libero_spatial,0,17,61,12,arm_original,0.1499373645706328,controller_native_action
smolvla-libero_spatial-task00-state17,SmolVLA,libero_spatial,0,17,61,13,translation,0.23310271644457448,controller_native_action
smolvla-libero_spatial-task00-state17,SmolVLA,libero_spatial,0,17,61,13,rotation,0.04675779599437361,controller_native_action
smolvla-libero_spatial-task00-state17,SmolVLA,libero_spatial,0,17,61,13,gripper,0.5066059566718947,controller_native_action
smolvla-libero_spatial-task00-state17,SmolVLA,libero_spatial,0,17,61,13,arm_original,0.16811181978089934,controller_native_action
smolvla-libero_spatial-task00-state17,SmolVLA,libero_spatial,0,17,61,14,translation,0.23246328307226624,controller_native_action
smolvla-libero_spatial-task00-state17,SmolVLA,libero_spatial,0,17,61,14,rotation,0.04606289779797445,controller_native_action
smolvla-libero_spatial-task00-state17,SmolVLA,libero_spatial,0,17,61,14,gripper,0.5075117380045824,controller_native_action
smolvla-libero_spatial-task00-state17,SmolVLA,libero_spatial,0,17,61,14,arm_original,0.16757232547512615,controller_native_action
smolvla-libero_spatial-task00-state17,SmolVLA,libero_spatial,0,17,61,15,translation,0.2420610066234634,controller_native_action
smolvla-libero_spatial-task00-state17,SmolVLA,libero_spatial,0,17,61,15,rotation,0.05100930570868074,controller_native_action
smolvla-libero_spatial-task00-state17,SmolVLA,libero_spatial,0,17,61,15,gripper,0.569433403876024,controller_native_action
smolvla-libero_spatial-task00-state17,SmolVLA,libero_spatial,0,17,61,15,arm_original,0.17492209722680271,controller_native_action
smolvla-libero_spatial-task00-state18,SmolVLA,libero_spatial,0,18,265,0,translation,0.0,controller_native_action
smolvla-libero_spatial-task00-state18,SmolVLA,libero_spatial,0,18,265,0,rotation,0.0,controller_native_action
smolvla-libero_spatial-task00-state18,SmolVLA,libero_spatial,0,18,265,0,gripper,0.0,controller_native_action
smolvla-libero_spatial-task00-state18,SmolVLA,libero_spatial,0,18,265,0,arm_original,0.0,controller_native_action
smolvla-libero_spatial-task00-state18,SmolVLA,libero_spatial,0,18,265,1,translation,0.4265446997129884,controller_native_action
smolvla-libero_spatial-task00-state18,SmolVLA,libero_spatial,0,18,265,1,rotation,0.07506483136940618,controller_native_action
smolvla-libero_spatial-task00-state18,SmolVLA,libero_spatial,0,18,265,1,gripper,0.9949901542677547,controller_native_action
smolvla-libero_spatial-task00-state18,SmolVLA,libero_spatial,0,18,265,1,arm_original,0.3062475385711376,controller_native_action
smolvla-libero_spatial-task00-state18,SmolVLA,libero_spatial,0,18,265,2,translation,0.4049535222771352,controller_native_action
smolvla-libero_spatial-task00-state18,SmolVLA,libero_spatial,0,18,265,2,rotation,0.07440353544111111,controller_native_action
smolvla-libero_spatial-task00-state18,SmolVLA,libero_spatial,0,18,265,2,gripper,0.9947071951516732,controller_native_action
smolvla-libero_spatial-task00-state18,SmolVLA,libero_spatial,0,18,265,2,arm_original,0.29113849049103324,controller_native_action
smolvla-libero_spatial-task00-state18,SmolVLA,libero_spatial,0,18,265,3,translation,0.404003978513567,controller_native_action
smolvla-libero_spatial-task00-state18,SmolVLA,libero_spatial,0,18,265,3,rotation,0.07553968770342252,controller_native_action
smolvla-libero_spatial-task00-state18,SmolVLA,libero_spatial,0,18,265,3,gripper,1.021468526301156,controller_native_action
smolvla-libero_spatial-task00-state18,SmolVLA,libero_spatial,0,18,265,3,arm_original,0.2906247228584668,controller_native_action
smolvla-libero_spatial-task00-state18,SmolVLA,libero_spatial,0,18,265,4,translation,0.4205558938364494,controller_native_action
smolvla-libero_spatial-task00-state18,SmolVLA,libero_spatial,0,18,265,4,rotation,0.07612248068531106,controller_native_action
smolvla-libero_spatial-task00-state18,SmolVLA,libero_spatial,0,18,265,4,gripper,1.1256331689639798,controller_native_action
smolvla-libero_spatial-task00-state18,SmolVLA,libero_spatial,0,18,265,4,arm_original,0.30221010233466755,controller_native_action
smolvla-libero_spatial-task00-state18,SmolVLA,libero_spatial,0,18,265,5,translation,0.451886803270466,controller_native_action
smolvla-libero_spatial-task00-state18,SmolVLA,libero_spatial,0,18,265,5,rotation,0.07617172704163726,controller_native_action
smolvla-libero_spatial-task00-state18,SmolVLA,libero_spatial,0,18,265,5,gripper,1.1437736845993447,controller_native_action
smolvla-libero_spatial-task00-state18,SmolVLA,libero_spatial,0,18,265,5,arm_original,0.3240399782206715,controller_native_action
smolvla-libero_spatial-task00-state18,SmolVLA,libero_spatial,0,18,265,6,translation,0.4804319429687373,controller_native_action
smolvla-libero_spatial-task00-state18,SmolVLA,libero_spatial,0,18,265,6,rotation,0.07752606549669855,controller_native_action
smolvla-libero_spatial-task00-state18,SmolVLA,libero_spatial,0,18,265,6,gripper,1.142578052899151,controller_native_action
smolvla-libero_spatial-task00-state18,SmolVLA,libero_spatial,0,18,265,6,arm_original,0.34411127753687065,controller_native_action
smolvla-libero_spatial-task00-state18,SmolVLA,libero_spatial,0,18,265,7,translation,0.5001580758895348,controller_native_action
smolvla-libero_spatial-task00-state18,SmolVLA,libero_spatial,0,18,265,7,rotation,0.07869852862724915,controller_native_action
smolvla-libero_spatial-task00-state18,SmolVLA,libero_spatial,0,18,265,7,gripper,1.1904002171242516,controller_native_action
smolvla-libero_spatial-task00-state18,SmolVLA,libero_spatial,0,18,265,7,arm_original,0.35801645163708307,controller_native_action
smolvla-libero_spatial-task00-state18,SmolVLA,libero_spatial,0,18,265,8,translation,0.5138020015672402,controller_native_action
smolvla-libero_spatial-task00-state18,SmolVLA,libero_spatial,0,18,265,8,rotation,0.07898538169752332,controller_native_action
smolvla-libero_spatial-task00-state18,SmolVLA,libero_spatial,0,18,265,8,gripper,1.1730117658056916,controller_native_action
smolvla-libero_spatial-task00-state18,SmolVLA,libero_spatial,0,18,265,8,arm_original,0.36758073081733056,controller_native_action
smolvla-libero_spatial-task00-state18,SmolVLA,libero_spatial,0,18,265,9,translation,0.5342363002136132,controller_native_action
smolvla-libero_spatial-task00-state18,SmolVLA,libero_spatial,0,18,265,9,rotation,0.08054921011360273,controller_native_action
smolvla-libero_spatial-task00-state18,SmolVLA,libero_spatial,0,18,265,9,gripper,1.1530809872783163,controller_native_action
smolvla-libero_spatial-task00-state18,SmolVLA,libero_spatial,0,18,265,9,arm_original,0.382031804772754,controller_native_action
smolvla-libero_spatial-task00-state18,SmolVLA,libero_spatial,0,18,265,10,translation,0.533848489999586,controller_native_action
smolvla-libero_spatial-task00-state18,SmolVLA,libero_spatial,0,18,265,10,rotation,0.08578812232248169,controller_native_action
smolvla-libero_spatial-task00-state18,SmolVLA,libero_spatial,0,18,265,10,gripper,1.2306338964152592,controller_native_action
smolvla-libero_spatial-task00-state18,SmolVLA,libero_spatial,0,18,265,10,arm_original,0.38233088562556333,controller_native_action
smolvla-libero_spatial-task00-state18,SmolVLA,libero_spatial,0,18,265,11,translation,0.5339767187015444,controller_native_action
smolvla-libero_spatial-task00-state18,SmolVLA,libero_spatial,0,18,265,11,rotation,0.08338202694257928,controller_native_action
smolvla-libero_spatial-task00-state18,SmolVLA,libero_spatial,0,18,265,11,gripper,1.1990195789366116,controller_native_action
smolvla-libero_spatial-task00-state18,SmolVLA,libero_spatial,0,18,265,11,arm_original,0.3821542218347988,controller_native_action
smolvla-libero_spatial-task00-state18,SmolVLA,libero_spatial,0,18,265,12,translation,0.5096528548756868,controller_native_action
smolvla-libero_spatial-task00-state18,SmolVLA,libero_spatial,0,18,265,12,rotation,0.0816962299814067,controller_native_action
smolvla-libero_spatial-task00-state18,SmolVLA,libero_spatial,0,18,265,12,gripper,1.1599605775948596,controller_native_action
smolvla-libero_spatial-task00-state18,SmolVLA,libero_spatial,0,18,265,12,arm_original,0.3649796614032847,controller_native_action
smolvla-libero_spatial-task00-state18,SmolVLA,libero_spatial,0,18,265,13,translation,0.5104578124963811,controller_native_action
smolvla-libero_spatial-task00-state18,SmolVLA,libero_spatial,0,18,265,13,rotation,0.08247059511187578,controller_native_action
smolvla-libero_spatial-task00-state18,SmolVLA,libero_spatial,0,18,265,13,gripper,1.1630910060222308,controller_native_action
smolvla-libero_spatial-task00-state18,SmolVLA,libero_spatial,0,18,265,13,arm_original,0.365628621278954,controller_native_action
smolvla-libero_spatial-task00-state18,SmolVLA,libero_spatial,0,18,265,14,translation,0.5288494786390221,controller_native_action
smolvla-libero_spatial-task00-state18,SmolVLA,libero_spatial,0,18,265,14,rotation,0.08085763951191574,controller_native_action
smolvla-libero_spatial-task00-state18,SmolVLA,libero_spatial,0,18,265,14,gripper,1.1859547645747057,controller_native_action
smolvla-libero_spatial-task00-state18,SmolVLA,libero_spatial,0,18,265,14,arm_original,0.37829864454171946,controller_native_action
smolvla-libero_spatial-task00-state18,SmolVLA,libero_spatial,0,18,265,15,translation,0.5067118215602325,controller_native_action
smolvla-libero_spatial-task00-state18,SmolVLA,libero_spatial,0,18,265,15,rotation,0.07737417522136195,controller_native_action
smolvla-libero_spatial-task00-state18,SmolVLA,libero_spatial,0,18,265,15,gripper,1.2123308221002531,controller_native_action
smolvla-libero_spatial-task00-state18,SmolVLA,libero_spatial,0,18,265,15,arm_original,0.3624525024745139,controller_native_action
smolvla-libero_spatial-task00-state19,SmolVLA,libero_spatial,0,19,62,0,translation,0.0,controller_native_action
smolvla-libero_spatial-task00-state19,SmolVLA,libero_spatial,0,19,62,0,rotation,0.0,controller_native_action
smolvla-libero_spatial-task00-state19,SmolVLA,libero_spatial,0,19,62,0,gripper,0.0,controller_native_action
smolvla-libero_spatial-task00-state19,SmolVLA,libero_spatial,0,19,62,0,arm_original,0.0,controller_native_action
smolvla-libero_spatial-task00-state19,SmolVLA,libero_spatial,0,19,62,1,translation,0.1870376567062593,controller_native_action
smolvla-libero_spatial-task00-state19,SmolVLA,libero_spatial,0,19,62,1,rotation,0.059809764587184275,controller_native_action
smolvla-libero_spatial-task00-state19,SmolVLA,libero_spatial,0,19,62,1,gripper,0.4379556610409659,controller_native_action
smolvla-libero_spatial-task00-state19,SmolVLA,libero_spatial,0,19,62,1,arm_original,0.13885296713816184,controller_native_action
smolvla-libero_spatial-task00-state19,SmolVLA,libero_spatial,0,19,62,2,translation,0.20101381758082557,controller_native_action
smolvla-libero_spatial-task00-state19,SmolVLA,libero_spatial,0,19,62,2,rotation,0.05300400874402507,controller_native_action
smolvla-libero_spatial-task00-state19,SmolVLA,libero_spatial,0,19,62,2,gripper,0.43885485495373466,controller_native_action
smolvla-libero_spatial-task00-state19,SmolVLA,libero_spatial,0,19,62,2,arm_original,0.1469965642478662,controller_native_action
smolvla-libero_spatial-task00-state19,SmolVLA,libero_spatial,0,19,62,3,translation,0.2023589177095412,controller_native_action
smolvla-libero_spatial-task00-state19,SmolVLA,libero_spatial,0,19,62,3,rotation,0.053845965592583644,controller_native_action
smolvla-libero_spatial-task00-state19,SmolVLA,libero_spatial,0,19,62,3,gripper,0.35705863384830117,controller_native_action
smolvla-libero_spatial-task00-state19,SmolVLA,libero_spatial,0,19,62,3,arm_original,0.14806842942905582,controller_native_action
smolvla-libero_spatial-task00-state19,SmolVLA,libero_spatial,0,19,62,4,translation,0.19330903680841938,controller_native_action
smolvla-libero_spatial-task00-state19,SmolVLA,libero_spatial,0,19,62,4,rotation,0.051712918168832694,controller_native_action
smolvla-libero_spatial-task00-state19,SmolVLA,libero_spatial,0,19,62,4,gripper,0.36040527869919237,controller_native_action
smolvla-libero_spatial-task00-state19,SmolVLA,libero_spatial,0,19,62,4,arm_original,0.14149666006188136,controller_native_action
smolvla-libero_spatial-task00-state19,SmolVLA,libero_spatial,0,19,62,5,translation,0.21261142399104876,controller_native_action
smolvla-libero_spatial-task00-state19,SmolVLA,libero_spatial,0,19,62,5,rotation,0.05977665378193046,controller_native_action
smolvla-libero_spatial-task00-state19,SmolVLA,libero_spatial,0,19,62,5,gripper,0.5065243976825279,controller_native_action
smolvla-libero_spatial-task00-state19,SmolVLA,libero_spatial,0,19,62,5,arm_original,0.1561679639824799,controller_native_action
smolvla-libero_spatial-task00-state19,SmolVLA,libero_spatial,0,19,62,6,translation,0.21298616501472717,controller_native_action
smolvla-libero_spatial-task00-state19,SmolVLA,libero_spatial,0,19,62,6,rotation,0.05469447964208593,controller_native_action
smolvla-libero_spatial-task00-state19,SmolVLA,libero_spatial,0,19,62,6,gripper,0.3596340665136462,controller_native_action
smolvla-libero_spatial-task00-state19,SmolVLA,libero_spatial,0,19,62,6,arm_original,0.15549050226782204,controller_native_action
smolvla-libero_spatial-task00-state19,SmolVLA,libero_spatial,0,19,62,7,translation,0.23654953134817253,controller_native_action
smolvla-libero_spatial-task00-state19,SmolVLA,libero_spatial,0,19,62,7,rotation,0.05288812653309877,controller_native_action
smolvla-libero_spatial-task00-state19,SmolVLA,libero_spatial,0,19,62,7,gripper,0.4379025285625689,controller_native_action
smolvla-libero_spatial-task00-state19,SmolVLA,libero_spatial,0,19,62,7,arm_original,0.17139549980851468,controller_native_action
smolvla-libero_spatial-task00-state19,SmolVLA,libero_spatial,0,19,62,8,translation,0.20877685164711804,controller_native_action
smolvla-libero_spatial-task00-state19,SmolVLA,libero_spatial,0,19,62,8,rotation,0.05362987266996745,controller_native_action
smolvla-libero_spatial-task00-state19,SmolVLA,libero_spatial,0,19,62,8,gripper,0.35555366549266476,controller_native_action
smolvla-libero_spatial-task00-state19,SmolVLA,libero_spatial,0,19,62,8,arm_original,0.15242036777655352,controller_native_action
smolvla-libero_spatial-task00-state19,SmolVLA,libero_spatial,0,19,62,9,translation,0.2251524341566016,controller_native_action
smolvla-libero_spatial-task00-state19,SmolVLA,libero_spatial,0,19,62,9,rotation,0.049528806808461334,controller_native_action
smolvla-libero_spatial-task00-state19,SmolVLA,libero_spatial,0,19,62,9,gripper,0.5057110959203797,controller_native_action
smolvla-libero_spatial-task00-state19,SmolVLA,libero_spatial,0,19,62,9,arm_original,0.16301337569431643,controller_native_action
smolvla-libero_spatial-task00-state19,SmolVLA,libero_spatial,0,19,62,10,translation,0.2152575469379198,controller_native_action
smolvla-libero_spatial-task00-state19,SmolVLA,libero_spatial,0,19,62,10,rotation,0.05601008776157345,controller_native_action
smolvla-libero_spatial-task00-state19,SmolVLA,libero_spatial,0,19,62,10,gripper,0.6215249098689479,controller_native_action
smolvla-libero_spatial-task00-state19,SmolVLA,libero_spatial,0,19,62,10,arm_original,0.15727832248086496,controller_native_action
smolvla-libero_spatial-task00-state19,SmolVLA,libero_spatial,0,19,62,11,translation,0.22951438613084302,controller_native_action
smolvla-libero_spatial-task00-state19,SmolVLA,libero_spatial,0,19,62,11,rotation,0.05586949333855367,controller_native_action
smolvla-libero_spatial-task00-state19,SmolVLA,libero_spatial,0,19,62,11,gripper,0.5093439135058201,controller_native_action
smolvla-libero_spatial-task00-state19,SmolVLA,libero_spatial,0,19,62,11,arm_original,0.1670303171985918,controller_native_action
smolvla-libero_spatial-task00-state19,SmolVLA,libero_spatial,0,19,62,12,translation,0.2309744662071593,controller_native_action
smolvla-libero_spatial-task00-state19,SmolVLA,libero_spatial,0,19,62,12,rotation,0.05371677046195584,controller_native_action
smolvla-libero_spatial-task00-state19,SmolVLA,libero_spatial,0,19,62,12,gripper,0.36131714141238847,controller_native_action
smolvla-libero_spatial-task00-state19,SmolVLA,libero_spatial,0,19,62,12,arm_original,0.16768228211195216,controller_native_action
smolvla-libero_spatial-task00-state19,SmolVLA,libero_spatial,0,19,62,13,translation,0.2194578112304424,controller_native_action
smolvla-libero_spatial-task00-state19,SmolVLA,libero_spatial,0,19,62,13,rotation,0.056117254112581026,controller_native_action
smolvla-libero_spatial-task00-state19,SmolVLA,libero_spatial,0,19,62,13,gripper,0.4376582684068706,controller_native_action
smolvla-libero_spatial-task00-state19,SmolVLA,libero_spatial,0,19,62,13,arm_original,0.16017315180640054,controller_native_action
smolvla-libero_spatial-task00-state19,SmolVLA,libero_spatial,0,19,62,14,translation,0.2328381586492018,controller_native_action
smolvla-libero_spatial-task00-state19,SmolVLA,libero_spatial,0,19,62,14,rotation,0.05137107586345596,controller_native_action
smolvla-libero_spatial-task00-state19,SmolVLA,libero_spatial,0,19,62,14,gripper,0.3630740205301886,controller_native_action
smolvla-libero_spatial-task00-state19,SmolVLA,libero_spatial,0,19,62,14,arm_original,0.16860100171487685,controller_native_action
smolvla-libero_spatial-task00-state19,SmolVLA,libero_spatial,0,19,62,15,translation,0.25496657850223925,controller_native_action
smolvla-libero_spatial-task00-state19,SmolVLA,libero_spatial,0,19,62,15,rotation,0.0562162500287866,controller_native_action
smolvla-libero_spatial-task00-state19,SmolVLA,libero_spatial,0,19,62,15,gripper,0.35651205535374386,controller_native_action
smolvla-libero_spatial-task00-state19,SmolVLA,libero_spatial,0,19,62,15,arm_original,0.1846188274803488,controller_native_action
smolvla-libero_goal-task02-state10,SmolVLA,libero_goal,2,10,81,0,translation,0.0,controller_native_action
smolvla-libero_goal-task02-state10,SmolVLA,libero_goal,2,10,81,0,rotation,0.0,controller_native_action
smolvla-libero_goal-task02-state10,SmolVLA,libero_goal,2,10,81,0,gripper,0.0,controller_native_action
smolvla-libero_goal-task02-state10,SmolVLA,libero_goal,2,10,81,0,arm_original,0.0,controller_native_action
smolvla-libero_goal-task02-state10,SmolVLA,libero_goal,2,10,81,1,translation,0.1776495642982368,controller_native_action
smolvla-libero_goal-task02-state10,SmolVLA,libero_goal,2,10,81,1,rotation,0.04200476253342329,controller_native_action
smolvla-libero_goal-task02-state10,SmolVLA,libero_goal,2,10,81,1,gripper,0.6414005273082874,controller_native_action
smolvla-libero_goal-task02-state10,SmolVLA,libero_goal,2,10,81,1,arm_original,0.1290809199123609,controller_native_action
smolvla-libero_goal-task02-state10,SmolVLA,libero_goal,2,10,81,2,translation,0.18580247349479193,controller_native_action
smolvla-libero_goal-task02-state10,SmolVLA,libero_goal,2,10,81,2,rotation,0.044110662535360945,controller_native_action
smolvla-libero_goal-task02-state10,SmolVLA,libero_goal,2,10,81,2,gripper,0.6002411073323876,controller_native_action
smolvla-libero_goal-task02-state10,SmolVLA,libero_goal,2,10,81,2,arm_original,0.13503390260614434,controller_native_action
smolvla-libero_goal-task02-state10,SmolVLA,libero_goal,2,10,81,3,translation,0.1869611338378092,controller_native_action
smolvla-libero_goal-task02-state10,SmolVLA,libero_goal,2,10,81,3,rotation,0.043015506929608906,controller_native_action
smolvla-libero_goal-task02-state10,SmolVLA,libero_goal,2,10,81,3,gripper,0.5986966663855088,controller_native_action
smolvla-libero_goal-task02-state10,SmolVLA,libero_goal,2,10,81,3,arm_original,0.13565544478997227,controller_native_action
smolvla-libero_goal-task02-state10,SmolVLA,libero_goal,2,10,81,4,translation,0.19030230952290927,controller_native_action
smolvla-libero_goal-task02-state10,SmolVLA,libero_goal,2,10,81,4,rotation,0.04400861120601907,controller_native_action
smolvla-libero_goal-task02-state10,SmolVLA,libero_goal,2,10,81,4,gripper,0.5942710975584653,controller_native_action
smolvla-libero_goal-task02-state10,SmolVLA,libero_goal,2,10,81,4,arm_original,0.13811539897859998,controller_native_action
smolvla-libero_goal-task02-state10,SmolVLA,libero_goal,2,10,81,5,translation,0.18620498135526845,controller_native_action
smolvla-libero_goal-task02-state10,SmolVLA,libero_goal,2,10,81,5,rotation,0.04282234507117366,controller_native_action
smolvla-libero_goal-task02-state10,SmolVLA,libero_goal,2,10,81,5,gripper,0.5046733297163787,controller_native_action
smolvla-libero_goal-task02-state10,SmolVLA,libero_goal,2,10,81,5,arm_original,0.13510375331372285,controller_native_action
smolvla-libero_goal-task02-state10,SmolVLA,libero_goal,2,10,81,6,translation,0.18570981786574117,controller_native_action
smolvla-libero_goal-task02-state10,SmolVLA,libero_goal,2,10,81,6,rotation,0.042642995500379074,controller_native_action
smolvla-libero_goal-task02-state10,SmolVLA,libero_goal,2,10,81,6,gripper,0.6782272444575551,controller_native_action
smolvla-libero_goal-task02-state10,SmolVLA,libero_goal,2,10,81,6,arm_original,0.13473411133965316,controller_native_action
smolvla-libero_goal-task02-state10,SmolVLA,libero_goal,2,10,81,7,translation,0.18489868869263604,controller_native_action
smolvla-libero_goal-task02-state10,SmolVLA,libero_goal,2,10,81,7,rotation,0.042294933252097336,controller_native_action
smolvla-libero_goal-task02-state10,SmolVLA,libero_goal,2,10,81,7,gripper,0.5897784932352683,controller_native_action
smolvla-libero_goal-task02-state10,SmolVLA,libero_goal,2,10,81,7,arm_original,0.1341200701965513,controller_native_action
smolvla-libero_goal-task02-state10,SmolVLA,libero_goal,2,10,81,8,translation,0.1869494441482928,controller_native_action
smolvla-libero_goal-task02-state10,SmolVLA,libero_goal,2,10,81,8,rotation,0.04383979378984236,controller_native_action
smolvla-libero_goal-task02-state10,SmolVLA,libero_goal,2,10,81,8,gripper,0.5977967856413403,controller_native_action
smolvla-libero_goal-task02-state10,SmolVLA,libero_goal,2,10,81,8,arm_original,0.13577927343098348,controller_native_action
smolvla-libero_goal-task02-state10,SmolVLA,libero_goal,2,10,81,9,translation,0.1894067433163198,controller_native_action
smolvla-libero_goal-task02-state10,SmolVLA,libero_goal,2,10,81,9,rotation,0.045116167501104316,controller_native_action
smolvla-libero_goal-task02-state10,SmolVLA,libero_goal,2,10,81,9,gripper,0.4541045700301254,controller_native_action
smolvla-libero_goal-task02-state10,SmolVLA,libero_goal,2,10,81,9,arm_original,0.13767785403557456,controller_native_action
smolvla-libero_goal-task02-state10,SmolVLA,libero_goal,2,10,81,10,translation,0.1892081114699399,controller_native_action
smolvla-libero_goal-task02-state10,SmolVLA,libero_goal,2,10,81,10,rotation,0.04433579889880986,controller_native_action
smolvla-libero_goal-task02-state10,SmolVLA,libero_goal,2,10,81,10,gripper,0.5508270947502615,controller_native_action
smolvla-libero_goal-task02-state10,SmolVLA,libero_goal,2,10,81,10,arm_original,0.1374142869391988,controller_native_action
smolvla-libero_goal-task02-state10,SmolVLA,libero_goal,2,10,81,11,translation,0.17428994442538465,controller_native_action
smolvla-libero_goal-task02-state10,SmolVLA,libero_goal,2,10,81,11,rotation,0.04354663310891943,controller_native_action
smolvla-libero_goal-task02-state10,SmolVLA,libero_goal,2,10,81,11,gripper,0.595696922131753,controller_native_action
smolvla-libero_goal-task02-state10,SmolVLA,libero_goal,2,10,81,11,arm_original,0.1270301026979954,controller_native_action
smolvla-libero_goal-task02-state10,SmolVLA,libero_goal,2,10,81,12,translation,0.1621199184718554,controller_native_action
smolvla-libero_goal-task02-state10,SmolVLA,libero_goal,2,10,81,12,rotation,0.04064063279607886,controller_native_action
smolvla-libero_goal-task02-state10,SmolVLA,libero_goal,2,10,81,12,gripper,0.599803676834971,controller_native_action
smolvla-libero_goal-task02-state10,SmolVLA,libero_goal,2,10,81,12,arm_original,0.1181831819663584,controller_native_action
smolvla-libero_goal-task02-state10,SmolVLA,libero_goal,2,10,81,13,translation,0.17382916488410072,controller_native_action
smolvla-libero_goal-task02-state10,SmolVLA,libero_goal,2,10,81,13,rotation,0.03959447653610014,controller_native_action
smolvla-libero_goal-task02-state10,SmolVLA,libero_goal,2,10,81,13,gripper,0.6990217209797777,controller_native_action
smolvla-libero_goal-task02-state10,SmolVLA,libero_goal,2,10,81,13,arm_original,0.12606407326528773,controller_native_action
smolvla-libero_goal-task02-state10,SmolVLA,libero_goal,2,10,81,14,translation,0.1713798870523692,controller_native_action
smolvla-libero_goal-task02-state10,SmolVLA,libero_goal,2,10,81,14,rotation,0.04016387832289564,controller_native_action
smolvla-libero_goal-task02-state10,SmolVLA,libero_goal,2,10,81,14,gripper,0.7447479103324354,controller_native_action
smolvla-libero_goal-task02-state10,SmolVLA,libero_goal,2,10,81,14,arm_original,0.124467270412786,controller_native_action
smolvla-libero_goal-task02-state10,SmolVLA,libero_goal,2,10,81,15,translation,0.17660472486211282,controller_native_action
smolvla-libero_goal-task02-state10,SmolVLA,libero_goal,2,10,81,15,rotation,0.0436146401164063,controller_native_action
smolvla-libero_goal-task02-state10,SmolVLA,libero_goal,2,10,81,15,gripper,0.5955759989384085,controller_native_action
smolvla-libero_goal-task02-state10,SmolVLA,libero_goal,2,10,81,15,arm_original,0.1286302174376344,controller_native_action
smolvla-libero_goal-task02-state11,SmolVLA,libero_goal,2,11,86,0,translation,0.0,controller_native_action
smolvla-libero_goal-task02-state11,SmolVLA,libero_goal,2,11,86,0,rotation,0.0,controller_native_action
smolvla-libero_goal-task02-state11,SmolVLA,libero_goal,2,11,86,0,gripper,0.0,controller_native_action
smolvla-libero_goal-task02-state11,SmolVLA,libero_goal,2,11,86,0,arm_original,0.0,controller_native_action
smolvla-libero_goal-task02-state11,SmolVLA,libero_goal,2,11,86,1,translation,0.16929249858263745,controller_native_action
smolvla-libero_goal-task02-state11,SmolVLA,libero_goal,2,11,86,1,rotation,0.04419861174632241,controller_native_action
smolvla-libero_goal-task02-state11,SmolVLA,libero_goal,2,11,86,1,gripper,0.37831286432245714,controller_native_action
smolvla-libero_goal-task02-state11,SmolVLA,libero_goal,2,11,86,1,arm_original,0.12372038505568604,controller_native_action
smolvla-libero_goal-task02-state11,SmolVLA,libero_goal,2,11,86,2,translation,0.18728767832728757,controller_native_action
smolvla-libero_goal-task02-state11,SmolVLA,libero_goal,2,11,86,2,rotation,0.045080758371039725,controller_native_action
smolvla-libero_goal-task02-state11,SmolVLA,libero_goal,2,11,86,2,gripper,0.48323429627636505,controller_native_action
smolvla-libero_goal-task02-state11,SmolVLA,libero_goal,2,11,86,2,arm_original,0.13621481055401724,controller_native_action
smolvla-libero_goal-task02-state11,SmolVLA,libero_goal,2,11,86,3,translation,0.17875289934495583,controller_native_action
smolvla-libero_goal-task02-state11,SmolVLA,libero_goal,2,11,86,3,rotation,0.046284569365304076,controller_native_action
smolvla-libero_goal-task02-state11,SmolVLA,libero_goal,2,11,86,3,gripper,0.4305775614956624,controller_native_action
smolvla-libero_goal-task02-state11,SmolVLA,libero_goal,2,11,86,3,arm_original,0.1305658079007662,controller_native_action
smolvla-libero_goal-task02-state11,SmolVLA,libero_goal,2,11,86,4,translation,0.19062709579059373,controller_native_action
smolvla-libero_goal-task02-state11,SmolVLA,libero_goal,2,11,86,4,rotation,0.04257197616398348,controller_native_action
smolvla-libero_goal-task02-state11,SmolVLA,libero_goal,2,11,86,4,gripper,0.2189895841129822,controller_native_action
smolvla-libero_goal-task02-state11,SmolVLA,libero_goal,2,11,86,4,arm_original,0.13811419696045546,controller_native_action
smolvla-libero_goal-task02-state11,SmolVLA,libero_goal,2,11,86,5,translation,0.18449172790420681,controller_native_action
smolvla-libero_goal-task02-state11,SmolVLA,libero_goal,2,11,86,5,rotation,0.04520614169427193,controller_native_action
smolvla-libero_goal-task02-state11,SmolVLA,libero_goal,2,11,86,5,gripper,0.4781536718204232,controller_native_action
smolvla-libero_goal-task02-state11,SmolVLA,libero_goal,2,11,86,5,arm_original,0.13431454298020462,controller_native_action
smolvla-libero_goal-task02-state11,SmolVLA,libero_goal,2,11,86,6,translation,0.17859480422965415,controller_native_action
smolvla-libero_goal-task02-state11,SmolVLA,libero_goal,2,11,86,6,rotation,0.045347883034638485,controller_native_action
smolvla-libero_goal-task02-state11,SmolVLA,libero_goal,2,11,86,6,gripper,0.4327738949181562,controller_native_action
smolvla-libero_goal-task02-state11,SmolVLA,libero_goal,2,11,86,6,arm_original,0.1302930055558466,controller_native_action
smolvla-libero_goal-task02-state11,SmolVLA,libero_goal,2,11,86,7,translation,0.18178420214729749,controller_native_action
smolvla-libero_goal-task02-state11,SmolVLA,libero_goal,2,11,86,7,rotation,0.04075836061481045,controller_native_action
smolvla-libero_goal-task02-state11,SmolVLA,libero_goal,2,11,86,7,gripper,0.5156941174007991,controller_native_action
smolvla-libero_goal-task02-state11,SmolVLA,libero_goal,2,11,86,7,arm_original,0.13173219065652944,controller_native_action
smolvla-libero_goal-task02-state11,SmolVLA,libero_goal,2,11,86,8,translation,0.18477944923423853,controller_native_action
smolvla-libero_goal-task02-state11,SmolVLA,libero_goal,2,11,86,8,rotation,0.04678682995068214,controller_native_action
smolvla-libero_goal-task02-state11,SmolVLA,libero_goal,2,11,86,8,gripper,0.42726230013334954,controller_native_action
smolvla-libero_goal-task02-state11,SmolVLA,libero_goal,2,11,86,8,arm_original,0.13478214332051294,controller_native_action
smolvla-libero_goal-task02-state11,SmolVLA,libero_goal,2,11,86,9,translation,0.18662154624515312,controller_native_action
smolvla-libero_goal-task02-state11,SmolVLA,libero_goal,2,11,86,9,rotation,0.044620505961220545,controller_native_action
smolvla-libero_goal-task02-state11,SmolVLA,libero_goal,2,11,86,9,gripper,0.4270050438508466,controller_native_action
smolvla-libero_goal-task02-state11,SmolVLA,libero_goal,2,11,86,9,arm_original,0.13568085914226652,controller_native_action
smolvla-libero_goal-task02-state11,SmolVLA,libero_goal,2,11,86,10,translation,0.18176565278907159,controller_native_action
smolvla-libero_goal-task02-state11,SmolVLA,libero_goal,2,11,86,10,rotation,0.0487604850499868,controller_native_action
smolvla-libero_goal-task02-state11,SmolVLA,libero_goal,2,11,86,10,gripper,0.37060546760671415,controller_native_action
smolvla-libero_goal-task02-state11,SmolVLA,libero_goal,2,11,86,10,arm_original,0.13307204333771108,controller_native_action
smolvla-libero_goal-task02-state11,SmolVLA,libero_goal,2,11,86,11,translation,0.1707016622236428,controller_native_action
smolvla-libero_goal-task02-state11,SmolVLA,libero_goal,2,11,86,11,rotation,0.04606889606893945,controller_native_action
smolvla-libero_goal-task02-state11,SmolVLA,libero_goal,2,11,86,11,gripper,0.4302203953060757,controller_native_action
smolvla-libero_goal-task02-state11,SmolVLA,libero_goal,2,11,86,11,arm_original,0.12502279926262527,controller_native_action
smolvla-libero_goal-task02-state11,SmolVLA,libero_goal,2,11,86,12,translation,0.17735606359068734,controller_native_action
smolvla-libero_goal-task02-state11,SmolVLA,libero_goal,2,11,86,12,rotation,0.04879042239973127,controller_native_action
smolvla-libero_goal-task02-state11,SmolVLA,libero_goal,2,11,86,12,gripper,0.42356460851193234,controller_native_action
smolvla-libero_goal-task02-state11,SmolVLA,libero_goal,2,11,86,12,arm_original,0.1300685946151648,controller_native_action
smolvla-libero_goal-task02-state11,SmolVLA,libero_goal,2,11,86,13,translation,0.19070811910227342,controller_native_action
smolvla-libero_goal-task02-state11,SmolVLA,libero_goal,2,11,86,13,rotation,0.04715620842756753,controller_native_action
smolvla-libero_goal-task02-state11,SmolVLA,libero_goal,2,11,86,13,gripper,0.43486745175946123,controller_native_action
smolvla-libero_goal-task02-state11,SmolVLA,libero_goal,2,11,86,13,arm_original,0.13891237289167424,controller_native_action
smolvla-libero_goal-task02-state11,SmolVLA,libero_goal,2,11,86,14,translation,0.1859604728742381,controller_native_action
smolvla-libero_goal-task02-state11,SmolVLA,libero_goal,2,11,86,14,rotation,0.04720553044064716,controller_native_action
smolvla-libero_goal-task02-state11,SmolVLA,libero_goal,2,11,86,14,gripper,0.36865355778139147,controller_native_action
smolvla-libero_goal-task02-state11,SmolVLA,libero_goal,2,11,86,14,arm_original,0.135664401328781,controller_native_action
smolvla-libero_goal-task02-state11,SmolVLA,libero_goal,2,11,86,15,translation,0.18803411518734944,controller_native_action
smolvla-libero_goal-task02-state11,SmolVLA,libero_goal,2,11,86,15,rotation,0.04514690387988517,controller_native_action
smolvla-libero_goal-task02-state11,SmolVLA,libero_goal,2,11,86,15,gripper,0.3111479705144651,controller_native_action
smolvla-libero_goal-task02-state11,SmolVLA,libero_goal,2,11,86,15,arm_original,0.1367389326494634,controller_native_action
smolvla-libero_goal-task02-state12,SmolVLA,libero_goal,2,12,72,0,translation,0.0,controller_native_action
smolvla-libero_goal-task02-state12,SmolVLA,libero_goal,2,12,72,0,rotation,0.0,controller_native_action
smolvla-libero_goal-task02-state12,SmolVLA,libero_goal,2,12,72,0,gripper,0.0,controller_native_action
smolvla-libero_goal-task02-state12,SmolVLA,libero_goal,2,12,72,0,arm_original,0.0,controller_native_action
smolvla-libero_goal-task02-state12,SmolVLA,libero_goal,2,12,72,1,translation,0.17595233916379596,controller_native_action
smolvla-libero_goal-task02-state12,SmolVLA,libero_goal,2,12,72,1,rotation,0.04838683176896605,controller_native_action
smolvla-libero_goal-task02-state12,SmolVLA,libero_goal,2,12,72,1,gripper,0.33625110760218807,controller_native_action
smolvla-libero_goal-task02-state12,SmolVLA,libero_goal,2,12,72,1,arm_original,0.12903586932680716,controller_native_action
smolvla-libero_goal-task02-state12,SmolVLA,libero_goal,2,12,72,2,translation,0.17703735472717627,controller_native_action
smolvla-libero_goal-task02-state12,SmolVLA,libero_goal,2,12,72,2,rotation,0.04404640794297025,controller_native_action
smolvla-libero_goal-task02-state12,SmolVLA,libero_goal,2,12,72,2,gripper,0.42132909952251957,controller_native_action
smolvla-libero_goal-task02-state12,SmolVLA,libero_goal,2,12,72,2,arm_original,0.12900060275338754,controller_native_action
smolvla-libero_goal-task02-state12,SmolVLA,libero_goal,2,12,72,3,translation,0.17705456781487727,controller_native_action
smolvla-libero_goal-task02-state12,SmolVLA,libero_goal,2,12,72,3,rotation,0.04495473104122251,controller_native_action
smolvla-libero_goal-task02-state12,SmolVLA,libero_goal,2,12,72,3,gripper,0.3329042088050278,controller_native_action
smolvla-libero_goal-task02-state12,SmolVLA,libero_goal,2,12,72,3,arm_original,0.1291689742684009,controller_native_action
smolvla-libero_goal-task02-state12,SmolVLA,libero_goal,2,12,72,4,translation,0.17198423887373723,controller_native_action
smolvla-libero_goal-task02-state12,SmolVLA,libero_goal,2,12,72,4,rotation,0.04889325194581309,controller_native_action
smolvla-libero_goal-task02-state12,SmolVLA,libero_goal,2,12,72,4,gripper,0.33430359867917275,controller_native_action
smolvla-libero_goal-task02-state12,SmolVLA,libero_goal,2,12,72,4,arm_original,0.12643007653801264,controller_native_action
smolvla-libero_goal-task02-state12,SmolVLA,libero_goal,2,12,72,5,translation,0.18038884391877552,controller_native_action
smolvla-libero_goal-task02-state12,SmolVLA,libero_goal,2,12,72,5,rotation,0.044672954902720205,controller_native_action
smolvla-libero_goal-task02-state12,SmolVLA,libero_goal,2,12,72,5,gripper,0.23893952805483115,controller_native_action
smolvla-libero_goal-task02-state12,SmolVLA,libero_goal,2,12,72,5,arm_original,0.13140739688102193,controller_native_action
smolvla-libero_goal-task02-state12,SmolVLA,libero_goal,2,12,72,6,translation,0.17109430452893418,controller_native_action
smolvla-libero_goal-task02-state12,SmolVLA,libero_goal,2,12,72,6,rotation,0.04383097567521881,controller_native_action
smolvla-libero_goal-task02-state12,SmolVLA,libero_goal,2,12,72,6,gripper,0.4734778150648936,controller_native_action
smolvla-libero_goal-task02-state12,SmolVLA,libero_goal,2,12,72,6,arm_original,0.12488878146351114,controller_native_action
smolvla-libero_goal-task02-state12,SmolVLA,libero_goal,2,12,72,7,translation,0.17751317103453415,controller_native_action
smolvla-libero_goal-task02-state12,SmolVLA,libero_goal,2,12,72,7,rotation,0.04673904173304389,controller_native_action
smolvla-libero_goal-task02-state12,SmolVLA,libero_goal,2,12,72,7,gripper,0.5323215683252732,controller_native_action
smolvla-libero_goal-task02-state12,SmolVLA,libero_goal,2,12,72,7,arm_original,0.12979881338606103,controller_native_action
smolvla-libero_goal-task02-state12,SmolVLA,libero_goal,2,12,72,8,translation,0.19622744814208545,controller_native_action
smolvla-libero_goal-task02-state12,SmolVLA,libero_goal,2,12,72,8,rotation,0.04586404901771373,controller_native_action
smolvla-libero_goal-task02-state12,SmolVLA,libero_goal,2,12,72,8,gripper,0.5289028184356301,controller_native_action
smolvla-libero_goal-task02-state12,SmolVLA,libero_goal,2,12,72,8,arm_original,0.14249337247158916,controller_native_action
smolvla-libero_goal-task02-state12,SmolVLA,libero_goal,2,12,72,9,translation,0.19933055769641864,controller_native_action
smolvla-libero_goal-task02-state12,SmolVLA,libero_goal,2,12,72,9,rotation,0.047127839649374385,controller_native_action
smolvla-libero_goal-task02-state12,SmolVLA,libero_goal,2,12,72,9,gripper,0.6225623812861584,controller_native_action
smolvla-libero_goal-task02-state12,SmolVLA,libero_goal,2,12,72,9,arm_original,0.144833878118316,controller_native_action
smolvla-libero_goal-task02-state12,SmolVLA,libero_goal,2,12,72,10,translation,0.1919638747409184,controller_native_action
smolvla-libero_goal-task02-state12,SmolVLA,libero_goal,2,12,72,10,rotation,0.04483452617990058,controller_native_action
smolvla-libero_goal-task02-state12,SmolVLA,libero_goal,2,12,72,10,gripper,0.5822442821138912,controller_native_action
smolvla-libero_goal-task02-state12,SmolVLA,libero_goal,2,12,72,10,arm_original,0.13939200827759674,controller_native_action
smolvla-libero_goal-task02-state12,SmolVLA,libero_goal,2,12,72,11,translation,0.19906237550511544,controller_native_action
smolvla-libero_goal-task02-state12,SmolVLA,libero_goal,2,12,72,11,rotation,0.04816237478098856,controller_native_action
smolvla-libero_goal-task02-state12,SmolVLA,libero_goal,2,12,72,11,gripper,0.5270545147920831,controller_native_action
smolvla-libero_goal-task02-state12,SmolVLA,libero_goal,2,12,72,11,arm_original,0.1448196182951122,controller_native_action
smolvla-libero_goal-task02-state12,SmolVLA,libero_goal,2,12,72,12,translation,0.19535678149954563,controller_native_action
smolvla-libero_goal-task02-state12,SmolVLA,libero_goal,2,12,72,12,rotation,0.045280513843302526,controller_native_action
smolvla-libero_goal-task02-state12,SmolVLA,libero_goal,2,12,72,12,gripper,0.33443671343684356,controller_native_action
smolvla-libero_goal-task02-state12,SmolVLA,libero_goal,2,12,72,12,arm_original,0.14180020629705503,controller_native_action
smolvla-libero_goal-task02-state12,SmolVLA,libero_goal,2,12,72,13,translation,0.20474163806278037,controller_native_action
smolvla-libero_goal-task02-state12,SmolVLA,libero_goal,2,12,72,13,rotation,0.047441699744529525,controller_native_action
smolvla-libero_goal-task02-state12,SmolVLA,libero_goal,2,12,72,13,gripper,0.3365350757449445,controller_native_action
smolvla-libero_goal-task02-state12,SmolVLA,libero_goal,2,12,72,13,arm_original,0.14860998154780966,controller_native_action
smolvla-libero_goal-task02-state12,SmolVLA,libero_goal,2,12,72,14,translation,0.21321698317437962,controller_native_action
smolvla-libero_goal-task02-state12,SmolVLA,libero_goal,2,12,72,14,rotation,0.04520575969351294,controller_native_action
smolvla-libero_goal-task02-state12,SmolVLA,libero_goal,2,12,72,14,gripper,0.6250488369571524,controller_native_action
smolvla-libero_goal-task02-state12,SmolVLA,libero_goal,2,12,72,14,arm_original,0.154118530072557,controller_native_action
smolvla-libero_goal-task02-state12,SmolVLA,libero_goal,2,12,72,15,translation,0.18831610083291037,controller_native_action
smolvla-libero_goal-task02-state12,SmolVLA,libero_goal,2,12,72,15,rotation,0.04788322077679483,controller_native_action
smolvla-libero_goal-task02-state12,SmolVLA,libero_goal,2,12,72,15,gripper,0.23905965522761136,controller_native_action
smolvla-libero_goal-task02-state12,SmolVLA,libero_goal,2,12,72,15,arm_original,0.13739679156528753,controller_native_action
smolvla-libero_goal-task02-state13,SmolVLA,libero_goal,2,13,86,0,translation,0.0,controller_native_action
smolvla-libero_goal-task02-state13,SmolVLA,libero_goal,2,13,86,0,rotation,0.0,controller_native_action
smolvla-libero_goal-task02-state13,SmolVLA,libero_goal,2,13,86,0,gripper,0.0,controller_native_action
smolvla-libero_goal-task02-state13,SmolVLA,libero_goal,2,13,86,0,arm_original,0.0,controller_native_action
smolvla-libero_goal-task02-state13,SmolVLA,libero_goal,2,13,86,1,translation,0.19354723879524338,controller_native_action
smolvla-libero_goal-task02-state13,SmolVLA,libero_goal,2,13,86,1,rotation,0.04544644044518651,controller_native_action
smolvla-libero_goal-task02-state13,SmolVLA,libero_goal,2,13,86,1,gripper,0.3132169595865921,controller_native_action
smolvla-libero_goal-task02-state13,SmolVLA,libero_goal,2,13,86,1,arm_original,0.14058078210481129,controller_native_action
smolvla-libero_goal-task02-state13,SmolVLA,libero_goal,2,13,86,2,translation,0.17254819362750376,controller_native_action
smolvla-libero_goal-task02-state13,SmolVLA,libero_goal,2,13,86,2,rotation,0.04489832846566389,controller_native_action
smolvla-libero_goal-task02-state13,SmolVLA,libero_goal,2,13,86,2,gripper,0.4737274762239975,controller_native_action
smolvla-libero_goal-task02-state13,SmolVLA,libero_goal,2,13,86,2,arm_original,0.12607287381337268,controller_native_action
smolvla-libero_goal-task02-state13,SmolVLA,libero_goal,2,13,86,3,translation,0.17371214805581625,controller_native_action
smolvla-libero_goal-task02-state13,SmolVLA,libero_goal,2,13,86,3,rotation,0.04283940422806961,controller_native_action
smolvla-libero_goal-task02-state13,SmolVLA,libero_goal,2,13,86,3,gripper,0.3100993213946661,controller_native_action
smolvla-libero_goal-task02-state13,SmolVLA,libero_goal,2,13,86,3,arm_original,0.1265130920829575,controller_native_action
smolvla-libero_goal-task02-state13,SmolVLA,libero_goal,2,13,86,4,translation,0.17994010460108079,controller_native_action
smolvla-libero_goal-task02-state13,SmolVLA,libero_goal,2,13,86,4,rotation,0.040940540035702966,controller_native_action
smolvla-libero_goal-task02-state13,SmolVLA,libero_goal,2,13,86,4,gripper,0.44027350538210064,controller_native_action
smolvla-libero_goal-task02-state13,SmolVLA,libero_goal,2,13,86,4,arm_original,0.13048863755565634,controller_native_action
smolvla-libero_goal-task02-state13,SmolVLA,libero_goal,2,13,86,5,translation,0.1880399755058555,controller_native_action
smolvla-libero_goal-task02-state13,SmolVLA,libero_goal,2,13,86,5,rotation,0.04216296735714416,controller_native_action
smolvla-libero_goal-task02-state13,SmolVLA,libero_goal,2,13,86,5,gripper,0.3124570540138113,controller_native_action
smolvla-libero_goal-task02-state13,SmolVLA,libero_goal,2,13,86,5,arm_original,0.13626582147516364,controller_native_action
smolvla-libero_goal-task02-state13,SmolVLA,libero_goal,2,13,86,6,translation,0.18516672049325086,controller_native_action
smolvla-libero_goal-task02-state13,SmolVLA,libero_goal,2,13,86,6,rotation,0.042858913124320525,controller_native_action
smolvla-libero_goal-task02-state13,SmolVLA,libero_goal,2,13,86,6,gripper,0.38285914499437895,controller_native_action
smolvla-libero_goal-task02-state13,SmolVLA,libero_goal,2,13,86,6,arm_original,0.13439419781453318,controller_native_action
smolvla-libero_goal-task02-state13,SmolVLA,libero_goal,2,13,86,7,translation,0.19252496134557023,controller_native_action
smolvla-libero_goal-task02-state13,SmolVLA,libero_goal,2,13,86,7,rotation,0.04362477821404644,controller_native_action
smolvla-libero_goal-task02-state13,SmolVLA,libero_goal,2,13,86,7,gripper,0.43771960515067404,controller_native_action
smolvla-libero_goal-task02-state13,SmolVLA,libero_goal,2,13,86,7,arm_original,0.1395868582914202,controller_native_action
smolvla-libero_goal-task02-state13,SmolVLA,libero_goal,2,13,86,8,translation,0.18915952359238417,controller_native_action
smolvla-libero_goal-task02-state13,SmolVLA,libero_goal,2,13,86,8,rotation,0.041717269400614536,controller_native_action
smolvla-libero_goal-task02-state13,SmolVLA,libero_goal,2,13,86,8,gripper,0.6129266122161686,controller_native_action
smolvla-libero_goal-task02-state13,SmolVLA,libero_goal,2,13,86,8,arm_original,0.13697017181113044,controller_native_action
smolvla-libero_goal-task02-state13,SmolVLA,libero_goal,2,13,86,9,translation,0.18227951757546937,controller_native_action
smolvla-libero_goal-task02-state13,SmolVLA,libero_goal,2,13,86,9,rotation,0.04168208539459782,controller_native_action
smolvla-libero_goal-task02-state13,SmolVLA,libero_goal,2,13,86,9,gripper,0.4382895466358201,controller_native_action
smolvla-libero_goal-task02-state13,SmolVLA,libero_goal,2,13,86,9,arm_original,0.1322180372914157,controller_native_action
smolvla-libero_goal-task02-state13,SmolVLA,libero_goal,2,13,86,10,translation,0.18113418549975574,controller_native_action
smolvla-libero_goal-task02-state13,SmolVLA,libero_goal,2,13,86,10,rotation,0.04297524371397324,controller_native_action
smolvla-libero_goal-task02-state13,SmolVLA,libero_goal,2,13,86,10,gripper,0.38018714412237037,controller_native_action
smolvla-libero_goal-task02-state13,SmolVLA,libero_goal,2,13,86,10,arm_original,0.13163674397548603,controller_native_action
smolvla-libero_goal-task02-state13,SmolVLA,libero_goal,2,13,86,11,translation,0.16625195211349128,controller_native_action
smolvla-libero_goal-task02-state13,SmolVLA,libero_goal,2,13,86,11,rotation,0.040663400754424275,controller_native_action
smolvla-libero_goal-task02-state13,SmolVLA,libero_goal,2,13,86,11,gripper,0.5311729558128718,controller_native_action
smolvla-libero_goal-task02-state13,SmolVLA,libero_goal,2,13,86,11,arm_original,0.12102318732883693,controller_native_action
smolvla-libero_goal-task02-state13,SmolVLA,libero_goal,2,13,86,12,translation,0.18167817522963922,controller_native_action
smolvla-libero_goal-task02-state13,SmolVLA,libero_goal,2,13,86,12,rotation,0.040630659704460725,controller_native_action
smolvla-libero_goal-task02-state13,SmolVLA,libero_goal,2,13,86,12,gripper,0.578291638597634,controller_native_action
smolvla-libero_goal-task02-state13,SmolVLA,libero_goal,2,13,86,12,arm_original,0.13163929858289122,controller_native_action
smolvla-libero_goal-task02-state13,SmolVLA,libero_goal,2,13,86,13,translation,0.17710765887799562,controller_native_action
smolvla-libero_goal-task02-state13,SmolVLA,libero_goal,2,13,86,13,rotation,0.03994088717961148,controller_native_action
smolvla-libero_goal-task02-state13,SmolVLA,libero_goal,2,13,86,13,gripper,0.599873201433005,controller_native_action
smolvla-libero_goal-task02-state13,SmolVLA,libero_goal,2,13,86,13,arm_original,0.12837912077502892,controller_native_action
smolvla-libero_goal-task02-state13,SmolVLA,libero_goal,2,13,86,14,translation,0.19286654680127746,controller_native_action
smolvla-libero_goal-task02-state13,SmolVLA,libero_goal,2,13,86,14,rotation,0.04294329875231898,controller_native_action
smolvla-libero_goal-task02-state13,SmolVLA,libero_goal,2,13,86,14,gripper,0.5717979744400535,controller_native_action
smolvla-libero_goal-task02-state13,SmolVLA,libero_goal,2,13,86,14,arm_original,0.13971691340489217,controller_native_action
smolvla-libero_goal-task02-state13,SmolVLA,libero_goal,2,13,86,15,translation,0.20499801485041222,controller_native_action
smolvla-libero_goal-task02-state13,SmolVLA,libero_goal,2,13,86,15,rotation,0.042495885124589745,controller_native_action
smolvla-libero_goal-task02-state13,SmolVLA,libero_goal,2,13,86,15,gripper,0.5788159829843099,controller_native_action
smolvla-libero_goal-task02-state13,SmolVLA,libero_goal,2,13,86,15,arm_original,0.14803730331428658,controller_native_action
smolvla-libero_goal-task02-state14,SmolVLA,libero_goal,2,14,285,0,translation,0.0,controller_native_action
smolvla-libero_goal-task02-state14,SmolVLA,libero_goal,2,14,285,0,rotation,0.0,controller_native_action
smolvla-libero_goal-task02-state14,SmolVLA,libero_goal,2,14,285,0,gripper,0.0,controller_native_action
smolvla-libero_goal-task02-state14,SmolVLA,libero_goal,2,14,285,0,arm_original,0.0,controller_native_action
smolvla-libero_goal-task02-state14,SmolVLA,libero_goal,2,14,285,1,translation,0.19214803411869918,controller_native_action
smolvla-libero_goal-task02-state14,SmolVLA,libero_goal,2,14,285,1,rotation,0.054689803733624205,controller_native_action
smolvla-libero_goal-task02-state14,SmolVLA,libero_goal,2,14,285,1,gripper,0.2581684970068023,controller_native_action
smolvla-libero_goal-task02-state14,SmolVLA,libero_goal,2,14,285,1,arm_original,0.14126542685332305,controller_native_action
smolvla-libero_goal-task02-state14,SmolVLA,libero_goal,2,14,285,2,translation,0.19029840508617088,controller_native_action
smolvla-libero_goal-task02-state14,SmolVLA,libero_goal,2,14,285,2,rotation,0.05263418968188357,controller_native_action
smolvla-libero_goal-task02-state14,SmolVLA,libero_goal,2,14,285,2,gripper,0.267656049843867,controller_native_action
smolvla-libero_goal-task02-state14,SmolVLA,libero_goal,2,14,285,2,arm_original,0.13961346801402952,controller_native_action
smolvla-libero_goal-task02-state14,SmolVLA,libero_goal,2,14,285,3,translation,0.19777203158915968,controller_native_action
smolvla-libero_goal-task02-state14,SmolVLA,libero_goal,2,14,285,3,rotation,0.05224257113729008,controller_native_action
smolvla-libero_goal-task02-state14,SmolVLA,libero_goal,2,14,285,3,gripper,0.3065892313500139,controller_native_action
smolvla-libero_goal-task02-state14,SmolVLA,libero_goal,2,14,285,3,arm_original,0.14464277154067948,controller_native_action
smolvla-libero_goal-task02-state14,SmolVLA,libero_goal,2,14,285,4,translation,0.19555579803084935,controller_native_action
smolvla-libero_goal-task02-state14,SmolVLA,libero_goal,2,14,285,4,rotation,0.05287178531630157,controller_native_action
smolvla-libero_goal-task02-state14,SmolVLA,libero_goal,2,14,285,4,gripper,0.26397293264552096,controller_native_action
smolvla-libero_goal-task02-state14,SmolVLA,libero_goal,2,14,285,4,arm_original,0.1432436662230052,controller_native_action
smolvla-libero_goal-task02-state14,SmolVLA,libero_goal,2,14,285,5,translation,0.19839775099499377,controller_native_action
smolvla-libero_goal-task02-state14,SmolVLA,libero_goal,2,14,285,5,rotation,0.05186528315065558,controller_native_action
smolvla-libero_goal-task02-state14,SmolVLA,libero_goal,2,14,285,5,gripper,0.42700829700427667,controller_native_action
smolvla-libero_goal-task02-state14,SmolVLA,libero_goal,2,14,285,5,arm_original,0.145002888240492,controller_native_action
smolvla-libero_goal-task02-state14,SmolVLA,libero_goal,2,14,285,6,translation,0.2041982912301795,controller_native_action
smolvla-libero_goal-task02-state14,SmolVLA,libero_goal,2,14,285,6,rotation,0.050361669092778685,controller_native_action
smolvla-libero_goal-task02-state14,SmolVLA,libero_goal,2,14,285,6,gripper,0.35311190219769856,controller_native_action
smolvla-libero_goal-task02-state14,SmolVLA,libero_goal,2,14,285,6,arm_original,0.1487165758332536,controller_native_action
smolvla-libero_goal-task02-state14,SmolVLA,libero_goal,2,14,285,7,translation,0.2129154330380424,controller_native_action
smolvla-libero_goal-task02-state14,SmolVLA,libero_goal,2,14,285,7,rotation,0.04928683956409265,controller_native_action
smolvla-libero_goal-task02-state14,SmolVLA,libero_goal,2,14,285,7,gripper,0.35339960869622744,controller_native_action
smolvla-libero_goal-task02-state14,SmolVLA,libero_goal,2,14,285,7,arm_original,0.15453506750895366,controller_native_action
smolvla-libero_goal-task02-state14,SmolVLA,libero_goal,2,14,285,8,translation,0.22413598808682791,controller_native_action
smolvla-libero_goal-task02-state14,SmolVLA,libero_goal,2,14,285,8,rotation,0.05207589669030753,controller_native_action
smolvla-libero_goal-task02-state14,SmolVLA,libero_goal,2,14,285,8,gripper,0.42633803529666303,controller_native_action
smolvla-libero_goal-task02-state14,SmolVLA,libero_goal,2,14,285,8,arm_original,0.16270961891012814,controller_native_action
smolvla-libero_goal-task02-state14,SmolVLA,libero_goal,2,14,285,9,translation,0.22601772770804712,controller_native_action
smolvla-libero_goal-task02-state14,SmolVLA,libero_goal,2,14,285,9,rotation,0.05088051542806089,controller_native_action
smolvla-libero_goal-task02-state14,SmolVLA,libero_goal,2,14,285,9,gripper,0.407699314928243,controller_native_action
smolvla-libero_goal-task02-state14,SmolVLA,libero_goal,2,14,285,9,arm_original,0.16381825308636103,controller_native_action
smolvla-libero_goal-task02-state14,SmolVLA,libero_goal,2,14,285,10,translation,0.24487964667052908,controller_native_action
smolvla-libero_goal-task02-state14,SmolVLA,libero_goal,2,14,285,10,rotation,0.05106339191806628,controller_native_action
smolvla-libero_goal-task02-state14,SmolVLA,libero_goal,2,14,285,10,gripper,0.3980613806670173,controller_native_action
smolvla-libero_goal-task02-state14,SmolVLA,libero_goal,2,14,285,10,arm_original,0.17688062549027408,controller_native_action
smolvla-libero_goal-task02-state14,SmolVLA,libero_goal,2,14,285,11,translation,0.2449217653827087,controller_native_action
smolvla-libero_goal-task02-state14,SmolVLA,libero_goal,2,14,285,11,rotation,0.04952531820076784,controller_native_action
smolvla-libero_goal-task02-state14,SmolVLA,libero_goal,2,14,285,11,gripper,0.4234550468163337,controller_native_action
smolvla-libero_goal-task02-state14,SmolVLA,libero_goal,2,14,285,11,arm_original,0.17669101321384448,controller_native_action
smolvla-libero_goal-task02-state14,SmolVLA,libero_goal,2,14,285,12,translation,0.258195109422562,controller_native_action
smolvla-libero_goal-task02-state14,SmolVLA,libero_goal,2,14,285,12,rotation,0.05223002197770236,controller_native_action
smolvla-libero_goal-task02-state14,SmolVLA,libero_goal,2,14,285,12,gripper,0.40796563859956214,controller_native_action
smolvla-libero_goal-task02-state14,SmolVLA,libero_goal,2,14,285,12,arm_original,0.18626954894120512,controller_native_action
smolvla-libero_goal-task02-state14,SmolVLA,libero_goal,2,14,285,13,translation,0.2686298905367466,controller_native_action
smolvla-libero_goal-task02-state14,SmolVLA,libero_goal,2,14,285,13,rotation,0.051652004820098345,controller_native_action
smolvla-libero_goal-task02-state14,SmolVLA,libero_goal,2,14,285,13,gripper,0.4489533859175268,controller_native_action
smolvla-libero_goal-task02-state14,SmolVLA,libero_goal,2,14,285,13,arm_original,0.19342950614076426,controller_native_action
smolvla-libero_goal-task02-state14,SmolVLA,libero_goal,2,14,285,14,translation,0.268969152736375,controller_native_action
smolvla-libero_goal-task02-state14,SmolVLA,libero_goal,2,14,285,14,rotation,0.051694423129146974,controller_native_action
smolvla-libero_goal-task02-state14,SmolVLA,libero_goal,2,14,285,14,gripper,0.48446419056289547,controller_native_action
smolvla-libero_goal-task02-state14,SmolVLA,libero_goal,2,14,285,14,arm_original,0.19367074960661806,controller_native_action
smolvla-libero_goal-task02-state14,SmolVLA,libero_goal,2,14,285,15,translation,0.2781675442418347,controller_native_action
smolvla-libero_goal-task02-state14,SmolVLA,libero_goal,2,14,285,15,rotation,0.053234147784802927,controller_native_action
smolvla-libero_goal-task02-state14,SmolVLA,libero_goal,2,14,285,15,gripper,0.5127235390539321,controller_native_action
smolvla-libero_goal-task02-state14,SmolVLA,libero_goal,2,14,285,15,arm_original,0.20026364767464327,controller_native_action
smolvla-libero_goal-task02-state15,SmolVLA,libero_goal,2,15,79,0,translation,0.0,controller_native_action
smolvla-libero_goal-task02-state15,SmolVLA,libero_goal,2,15,79,0,rotation,0.0,controller_native_action
smolvla-libero_goal-task02-state15,SmolVLA,libero_goal,2,15,79,0,gripper,0.0,controller_native_action
smolvla-libero_goal-task02-state15,SmolVLA,libero_goal,2,15,79,0,arm_original,0.0,controller_native_action
smolvla-libero_goal-task02-state15,SmolVLA,libero_goal,2,15,79,1,translation,0.19921502207398026,controller_native_action
smolvla-libero_goal-task02-state15,SmolVLA,libero_goal,2,15,79,1,rotation,0.04658721435696886,controller_native_action
smolvla-libero_goal-task02-state15,SmolVLA,libero_goal,2,15,79,1,gripper,0.6511990165240698,controller_native_action
smolvla-libero_goal-task02-state15,SmolVLA,libero_goal,2,15,79,1,arm_original,0.1446668475523653,controller_native_action
smolvla-libero_goal-task02-state15,SmolVLA,libero_goal,2,15,79,2,translation,0.1832571674014809,controller_native_action
smolvla-libero_goal-task02-state15,SmolVLA,libero_goal,2,15,79,2,rotation,0.043551253383349094,controller_native_action
smolvla-libero_goal-task02-state15,SmolVLA,libero_goal,2,15,79,2,gripper,0.515855000852258,controller_native_action
smolvla-libero_goal-task02-state15,SmolVLA,libero_goal,2,15,79,2,arm_original,0.1331914056447995,controller_native_action
smolvla-libero_goal-task02-state15,SmolVLA,libero_goal,2,15,79,3,translation,0.17751608986484366,controller_native_action
smolvla-libero_goal-task02-state15,SmolVLA,libero_goal,2,15,79,3,rotation,0.047517134678706156,controller_native_action
smolvla-libero_goal-task02-state15,SmolVLA,libero_goal,2,15,79,3,gripper,0.6055082889816968,controller_native_action
smolvla-libero_goal-task02-state15,SmolVLA,libero_goal,2,15,79,3,arm_original,0.12994198753477942,controller_native_action
smolvla-libero_goal-task02-state15,SmolVLA,libero_goal,2,15,79,4,translation,0.1866168127230333,controller_native_action
smolvla-libero_goal-task02-state15,SmolVLA,libero_goal,2,15,79,4,rotation,0.04712659168813945,controller_native_action
smolvla-libero_goal-task02-state15,SmolVLA,libero_goal,2,15,79,4,gripper,0.6071332664588133,controller_native_action
smolvla-libero_goal-task02-state15,SmolVLA,libero_goal,2,15,79,4,arm_original,0.13610060696970513,controller_native_action
smolvla-libero_goal-task02-state15,SmolVLA,libero_goal,2,15,79,5,translation,0.1829863576597187,controller_native_action
smolvla-libero_goal-task02-state15,SmolVLA,libero_goal,2,15,79,5,rotation,0.04862618282913412,controller_native_action
smolvla-libero_goal-task02-state15,SmolVLA,libero_goal,2,15,79,5,gripper,0.3972606455870185,controller_native_action
smolvla-libero_goal-task02-state15,SmolVLA,libero_goal,2,15,79,5,arm_original,0.13388150123542625,controller_native_action
smolvla-libero_goal-task02-state15,SmolVLA,libero_goal,2,15,79,6,translation,0.18496254318337416,controller_native_action
smolvla-libero_goal-task02-state15,SmolVLA,libero_goal,2,15,79,6,rotation,0.04625991627413775,controller_native_action
smolvla-libero_goal-task02-state15,SmolVLA,libero_goal,2,15,79,6,gripper,0.5154278687944006,controller_native_action
smolvla-libero_goal-task02-state15,SmolVLA,libero_goal,2,15,79,6,arm_original,0.13481676867984893,controller_native_action
smolvla-libero_goal-task02-state15,SmolVLA,libero_goal,2,15,79,7,translation,0.19298111289818362,controller_native_action
smolvla-libero_goal-task02-state15,SmolVLA,libero_goal,2,15,79,7,rotation,0.05339118034658819,controller_native_action
smolvla-libero_goal-task02-state15,SmolVLA,libero_goal,2,15,79,7,gripper,0.6482433316358139,controller_native_action
smolvla-libero_goal-task02-state15,SmolVLA,libero_goal,2,15,79,7,arm_original,0.14158447668127921,controller_native_action
smolvla-libero_goal-task02-state15,SmolVLA,libero_goal,2,15,79,8,translation,0.1894613145643397,controller_native_action
smolvla-libero_goal-task02-state15,SmolVLA,libero_goal,2,15,79,8,rotation,0.04546344105954351,controller_native_action
smolvla-libero_goal-task02-state15,SmolVLA,libero_goal,2,15,79,8,gripper,0.5592946705546519,controller_native_action
smolvla-libero_goal-task02-state15,SmolVLA,libero_goal,2,15,79,8,arm_original,0.13777248308247603,controller_native_action
smolvla-libero_goal-task02-state15,SmolVLA,libero_goal,2,15,79,9,translation,0.20255850562918837,controller_native_action
smolvla-libero_goal-task02-state15,SmolVLA,libero_goal,2,15,79,9,rotation,0.047656331710267986,controller_native_action
smolvla-libero_goal-task02-state15,SmolVLA,libero_goal,2,15,79,9,gripper,0.5584921418666751,controller_native_action
smolvla-libero_goal-task02-state15,SmolVLA,libero_goal,2,15,79,9,arm_original,0.1471412147476176,controller_native_action
smolvla-libero_goal-task02-state15,SmolVLA,libero_goal,2,15,79,10,translation,0.19530797399319236,controller_native_action
smolvla-libero_goal-task02-state15,SmolVLA,libero_goal,2,15,79,10,rotation,0.05143077628837876,controller_native_action
smolvla-libero_goal-task02-state15,SmolVLA,libero_goal,2,15,79,10,gripper,0.48313578747379426,controller_native_action
smolvla-libero_goal-task02-state15,SmolVLA,libero_goal,2,15,79,10,arm_original,0.1428116407281822,controller_native_action
smolvla-libero_goal-task02-state15,SmolVLA,libero_goal,2,15,79,11,translation,0.20177536114802075,controller_native_action
smolvla-libero_goal-task02-state15,SmolVLA,libero_goal,2,15,79,11,rotation,0.049028713857819275,controller_native_action
smolvla-libero_goal-task02-state15,SmolVLA,libero_goal,2,15,79,11,gripper,0.5985859773029789,controller_native_action
smolvla-libero_goal-task02-state15,SmolVLA,libero_goal,2,15,79,11,arm_original,0.14682832006967544,controller_native_action
smolvla-libero_goal-task02-state15,SmolVLA,libero_goal,2,15,79,12,translation,0.19758280187320068,controller_native_action
smolvla-libero_goal-task02-state15,SmolVLA,libero_goal,2,15,79,12,rotation,0.05173830303637106,controller_native_action
smolvla-libero_goal-task02-state15,SmolVLA,libero_goal,2,15,79,12,gripper,0.5969982220027839,controller_native_action
smolvla-libero_goal-task02-state15,SmolVLA,libero_goal,2,15,79,12,arm_original,0.14442267065310044,controller_native_action
smolvla-libero_goal-task02-state15,SmolVLA,libero_goal,2,15,79,13,translation,0.20685606544202492,controller_native_action
smolvla-libero_goal-task02-state15,SmolVLA,libero_goal,2,15,79,13,rotation,0.053313124630124074,controller_native_action
smolvla-libero_goal-task02-state15,SmolVLA,libero_goal,2,15,79,13,gripper,0.5571889496822501,controller_native_action
smolvla-libero_goal-task02-state15,SmolVLA,libero_goal,2,15,79,13,arm_original,0.151049199051141,controller_native_action
smolvla-libero_goal-task02-state15,SmolVLA,libero_goal,2,15,79,14,translation,0.21506746254755194,controller_native_action
smolvla-libero_goal-task02-state15,SmolVLA,libero_goal,2,15,79,14,rotation,0.05312144661131616,controller_native_action
smolvla-libero_goal-task02-state15,SmolVLA,libero_goal,2,15,79,14,gripper,0.40522225204629125,controller_native_action
smolvla-libero_goal-task02-state15,SmolVLA,libero_goal,2,15,79,14,arm_original,0.1566459407975859,controller_native_action
smolvla-libero_goal-task02-state15,SmolVLA,libero_goal,2,15,79,15,translation,0.1871911599543932,controller_native_action
smolvla-libero_goal-task02-state15,SmolVLA,libero_goal,2,15,79,15,rotation,0.05337640102678888,controller_native_action
smolvla-libero_goal-task02-state15,SmolVLA,libero_goal,2,15,79,15,gripper,0.4572248643181986,controller_native_action
smolvla-libero_goal-task02-state15,SmolVLA,libero_goal,2,15,79,15,arm_original,0.1376400569449966,controller_native_action
smolvla-libero_goal-task02-state16,SmolVLA,libero_goal,2,16,94,0,translation,0.0,controller_native_action
smolvla-libero_goal-task02-state16,SmolVLA,libero_goal,2,16,94,0,rotation,0.0,controller_native_action
smolvla-libero_goal-task02-state16,SmolVLA,libero_goal,2,16,94,0,gripper,0.0,controller_native_action
smolvla-libero_goal-task02-state16,SmolVLA,libero_goal,2,16,94,0,arm_original,0.0,controller_native_action
smolvla-libero_goal-task02-state16,SmolVLA,libero_goal,2,16,94,1,translation,0.20383537309219446,controller_native_action
smolvla-libero_goal-task02-state16,SmolVLA,libero_goal,2,16,94,1,rotation,0.045513730814890206,controller_native_action
smolvla-libero_goal-task02-state16,SmolVLA,libero_goal,2,16,94,1,gripper,0.386119091312231,controller_native_action
smolvla-libero_goal-task02-state16,SmolVLA,libero_goal,2,16,94,1,arm_original,0.14768269874349602,controller_native_action
smolvla-libero_goal-task02-state16,SmolVLA,libero_goal,2,16,94,2,translation,0.18818091191885844,controller_native_action
smolvla-libero_goal-task02-state16,SmolVLA,libero_goal,2,16,94,2,rotation,0.04383742917681712,controller_native_action
smolvla-libero_goal-task02-state16,SmolVLA,libero_goal,2,16,94,2,gripper,0.2971816280213183,controller_native_action
smolvla-libero_goal-task02-state16,SmolVLA,libero_goal,2,16,94,2,arm_original,0.1366268198551178,controller_native_action
smolvla-libero_goal-task02-state16,SmolVLA,libero_goal,2,16,94,3,translation,0.20687527866463495,controller_native_action
smolvla-libero_goal-task02-state16,SmolVLA,libero_goal,2,16,94,3,rotation,0.04458326018968491,controller_native_action
smolvla-libero_goal-task02-state16,SmolVLA,libero_goal,2,16,94,3,gripper,0.46963447771752576,controller_native_action
smolvla-libero_goal-task02-state16,SmolVLA,libero_goal,2,16,94,3,arm_original,0.14964131784322054,controller_native_action
smolvla-libero_goal-task02-state16,SmolVLA,libero_goal,2,16,94,4,translation,0.2207494601786508,controller_native_action
smolvla-libero_goal-task02-state16,SmolVLA,libero_goal,2,16,94,4,rotation,0.045248148527663824,controller_native_action
smolvla-libero_goal-task02-state16,SmolVLA,libero_goal,2,16,94,4,gripper,0.48053547382164974,controller_native_action
smolvla-libero_goal-task02-state16,SmolVLA,libero_goal,2,16,94,4,arm_original,0.15933881999429275,controller_native_action
smolvla-libero_goal-task02-state16,SmolVLA,libero_goal,2,16,94,5,translation,0.20296039500451174,controller_native_action
smolvla-libero_goal-task02-state16,SmolVLA,libero_goal,2,16,94,5,rotation,0.0436491314556675,controller_native_action
smolvla-libero_goal-task02-state16,SmolVLA,libero_goal,2,16,94,5,gripper,0.3644797184026427,controller_native_action
smolvla-libero_goal-task02-state16,SmolVLA,libero_goal,2,16,94,5,arm_original,0.14679606366865153,controller_native_action
smolvla-libero_goal-task02-state16,SmolVLA,libero_goal,2,16,94,6,translation,0.20617616277100287,controller_native_action
smolvla-libero_goal-task02-state16,SmolVLA,libero_goal,2,16,94,6,rotation,0.04716320671522369,controller_native_action
smolvla-libero_goal-task02-state16,SmolVLA,libero_goal,2,16,94,6,gripper,0.46771933428004997,controller_native_action
smolvla-libero_goal-task02-state16,SmolVLA,libero_goal,2,16,94,6,arm_original,0.14955430144706303,controller_native_action
smolvla-libero_goal-task02-state16,SmolVLA,libero_goal,2,16,94,7,translation,0.21948690962721634,controller_native_action
smolvla-libero_goal-task02-state16,SmolVLA,libero_goal,2,16,94,7,rotation,0.04234270050283482,controller_native_action
smolvla-libero_goal-task02-state16,SmolVLA,libero_goal,2,16,94,7,gripper,0.420160971938573,controller_native_action
smolvla-libero_goal-task02-state16,SmolVLA,libero_goal,2,16,94,7,arm_original,0.15806234178889447,controller_native_action
smolvla-libero_goal-task02-state16,SmolVLA,libero_goal,2,16,94,8,translation,0.21997595950289772,controller_native_action
smolvla-libero_goal-task02-state16,SmolVLA,libero_goal,2,16,94,8,rotation,0.04796171759877189,controller_native_action
smolvla-libero_goal-task02-state16,SmolVLA,libero_goal,2,16,94,8,gripper,0.5560805166124281,controller_native_action
smolvla-libero_goal-task02-state16,SmolVLA,libero_goal,2,16,94,8,arm_original,0.15920073667267504,controller_native_action
smolvla-libero_goal-task02-state16,SmolVLA,libero_goal,2,16,94,9,translation,0.22417331504202914,controller_native_action
smolvla-libero_goal-task02-state16,SmolVLA,libero_goal,2,16,94,9,rotation,0.045282390292684827,controller_native_action
smolvla-libero_goal-task02-state16,SmolVLA,libero_goal,2,16,94,9,gripper,0.5758153675703851,controller_native_action
smolvla-libero_goal-task02-state16,SmolVLA,libero_goal,2,16,94,9,arm_original,0.16171606297389243,controller_native_action
smolvla-libero_goal-task02-state16,SmolVLA,libero_goal,2,16,94,10,translation,0.22972067700443882,controller_native_action
smolvla-libero_goal-task02-state16,SmolVLA,libero_goal,2,16,94,10,rotation,0.045467773334031354,controller_native_action
smolvla-libero_goal-task02-state16,SmolVLA,libero_goal,2,16,94,10,gripper,0.44886392068600445,controller_native_action
smolvla-libero_goal-task02-state16,SmolVLA,libero_goal,2,16,94,10,arm_original,0.1655882058833487,controller_native_action
smolvla-libero_goal-task02-state16,SmolVLA,libero_goal,2,16,94,11,translation,0.2232150914602823,controller_native_action
smolvla-libero_goal-task02-state16,SmolVLA,libero_goal,2,16,94,11,rotation,0.047448479873210346,controller_native_action
smolvla-libero_goal-task02-state16,SmolVLA,libero_goal,2,16,94,11,gripper,0.49020795225564595,controller_native_action
smolvla-libero_goal-task02-state16,SmolVLA,libero_goal,2,16,94,11,arm_original,0.16136346441791066,controller_native_action
smolvla-libero_goal-task02-state16,SmolVLA,libero_goal,2,16,94,12,translation,0.2146255852696306,controller_native_action
smolvla-libero_goal-task02-state16,SmolVLA,libero_goal,2,16,94,12,rotation,0.05007618310337226,controller_native_action
smolvla-libero_goal-task02-state16,SmolVLA,libero_goal,2,16,94,12,gripper,0.5144455667934368,controller_native_action
smolvla-libero_goal-task02-state16,SmolVLA,libero_goal,2,16,94,12,arm_original,0.15583928575063147,controller_native_action
smolvla-libero_goal-task02-state16,SmolVLA,libero_goal,2,16,94,13,translation,0.23266690490037711,controller_native_action
smolvla-libero_goal-task02-state16,SmolVLA,libero_goal,2,16,94,13,rotation,0.04851293605071702,controller_native_action
smolvla-libero_goal-task02-state16,SmolVLA,libero_goal,2,16,94,13,gripper,0.6224686808805897,controller_native_action
smolvla-libero_goal-task02-state16,SmolVLA,libero_goal,2,16,94,13,arm_original,0.16805861120481463,controller_native_action
smolvla-libero_goal-task02-state16,SmolVLA,libero_goal,2,16,94,14,translation,0.22457097071340787,controller_native_action
smolvla-libero_goal-task02-state16,SmolVLA,libero_goal,2,16,94,14,rotation,0.04767038312860801,controller_native_action
smolvla-libero_goal-task02-state16,SmolVLA,libero_goal,2,16,94,14,gripper,0.64608055794273,controller_native_action
smolvla-libero_goal-task02-state16,SmolVLA,libero_goal,2,16,94,14,arm_original,0.16233389404987267,controller_native_action
smolvla-libero_goal-task02-state16,SmolVLA,libero_goal,2,16,94,15,translation,0.23260833140834497,controller_native_action
smolvla-libero_goal-task02-state16,SmolVLA,libero_goal,2,16,94,15,rotation,0.04947495131228343,controller_native_action
smolvla-libero_goal-task02-state16,SmolVLA,libero_goal,2,16,94,15,gripper,0.6136521776977177,controller_native_action
smolvla-libero_goal-task02-state16,SmolVLA,libero_goal,2,16,94,15,arm_original,0.1681582686755654,controller_native_action
smolvla-libero_goal-task02-state17,SmolVLA,libero_goal,2,17,76,0,translation,0.0,controller_native_action
smolvla-libero_goal-task02-state17,SmolVLA,libero_goal,2,17,76,0,rotation,0.0,controller_native_action
smolvla-libero_goal-task02-state17,SmolVLA,libero_goal,2,17,76,0,gripper,0.0,controller_native_action
smolvla-libero_goal-task02-state17,SmolVLA,libero_goal,2,17,76,0,arm_original,0.0,controller_native_action
smolvla-libero_goal-task02-state17,SmolVLA,libero_goal,2,17,76,1,translation,0.18949656811551813,controller_native_action
smolvla-libero_goal-task02-state17,SmolVLA,libero_goal,2,17,76,1,rotation,0.04682828450763792,controller_native_action
smolvla-libero_goal-task02-state17,SmolVLA,libero_goal,2,17,76,1,gripper,0.516720535313431,controller_native_action
smolvla-libero_goal-task02-state17,SmolVLA,libero_goal,2,17,76,1,arm_original,0.13802506576250465,controller_native_action
smolvla-libero_goal-task02-state17,SmolVLA,libero_goal,2,17,76,2,translation,0.19165126188100393,controller_native_action
smolvla-libero_goal-task02-state17,SmolVLA,libero_goal,2,17,76,2,rotation,0.0427014239808407,controller_native_action
smolvla-libero_goal-task02-state17,SmolVLA,libero_goal,2,17,76,2,gripper,0.32760307470642136,controller_native_action
smolvla-libero_goal-task02-state17,SmolVLA,libero_goal,2,17,76,2,arm_original,0.1388409481935583,controller_native_action
smolvla-libero_goal-task02-state17,SmolVLA,libero_goal,2,17,76,3,translation,0.18997282630874915,controller_native_action
smolvla-libero_goal-task02-state17,SmolVLA,libero_goal,2,17,76,3,rotation,0.043869877309404004,controller_native_action
smolvla-libero_goal-task02-state17,SmolVLA,libero_goal,2,17,76,3,gripper,0.5173907960122771,controller_native_action
smolvla-libero_goal-task02-state17,SmolVLA,libero_goal,2,17,76,3,arm_original,0.1378663136354859,controller_native_action
smolvla-libero_goal-task02-state17,SmolVLA,libero_goal,2,17,76,4,translation,0.18747536484305732,controller_native_action
smolvla-libero_goal-task02-state17,SmolVLA,libero_goal,2,17,76,4,rotation,0.042909320919986275,controller_native_action
smolvla-libero_goal-task02-state17,SmolVLA,libero_goal,2,17,76,4,gripper,0.5139386497074787,controller_native_action
smolvla-libero_goal-task02-state17,SmolVLA,libero_goal,2,17,76,4,arm_original,0.13599305541984824,controller_native_action
smolvla-libero_goal-task02-state17,SmolVLA,libero_goal,2,17,76,5,translation,0.21306748902741265,controller_native_action
smolvla-libero_goal-task02-state17,SmolVLA,libero_goal,2,17,76,5,rotation,0.04269163964524518,controller_native_action
smolvla-libero_goal-task02-state17,SmolVLA,libero_goal,2,17,76,5,gripper,0.4591349798578899,controller_native_action
smolvla-libero_goal-task02-state17,SmolVLA,libero_goal,2,17,76,5,arm_original,0.1536559972406643,controller_native_action
smolvla-libero_goal-task02-state17,SmolVLA,libero_goal,2,17,76,6,translation,0.2075301021514465,controller_native_action
smolvla-libero_goal-task02-state17,SmolVLA,libero_goal,2,17,76,6,rotation,0.046566318647247,controller_native_action
smolvla-libero_goal-task02-state17,SmolVLA,libero_goal,2,17,76,6,gripper,0.23062616463021599,controller_native_action
smolvla-libero_goal-task02-state17,SmolVLA,libero_goal,2,17,76,6,arm_original,0.15039475611095415,controller_native_action
smolvla-libero_goal-task02-state17,SmolVLA,libero_goal,2,17,76,7,translation,0.20510424781817094,controller_native_action
smolvla-libero_goal-task02-state17,SmolVLA,libero_goal,2,17,76,7,rotation,0.04220065799370581,controller_native_action
smolvla-libero_goal-task02-state17,SmolVLA,libero_goal,2,17,76,7,gripper,0.5173449295640714,controller_native_action
smolvla-libero_goal-task02-state17,SmolVLA,libero_goal,2,17,76,7,arm_original,0.14806864625598393,controller_native_action
smolvla-libero_goal-task02-state17,SmolVLA,libero_goal,2,17,76,8,translation,0.20485289907355642,controller_native_action
smolvla-libero_goal-task02-state17,SmolVLA,libero_goal,2,17,76,8,rotation,0.0476776283178738,controller_native_action
smolvla-libero_goal-task02-state17,SmolVLA,libero_goal,2,17,76,8,gripper,0.39491839372291226,controller_native_action
smolvla-libero_goal-task02-state17,SmolVLA,libero_goal,2,17,76,8,arm_original,0.14872435325268357,controller_native_action
smolvla-libero_goal-task02-state17,SmolVLA,libero_goal,2,17,76,9,translation,0.2124772436376142,controller_native_action
smolvla-libero_goal-task02-state17,SmolVLA,libero_goal,2,17,76,9,rotation,0.04861335241458354,controller_native_action
smolvla-libero_goal-task02-state17,SmolVLA,libero_goal,2,17,76,9,gripper,0.5157506541168734,controller_native_action
smolvla-libero_goal-task02-state17,SmolVLA,libero_goal,2,17,76,9,arm_original,0.15412630712636724,controller_native_action
smolvla-libero_goal-task02-state17,SmolVLA,libero_goal,2,17,76,10,translation,0.2138830217247964,controller_native_action
smolvla-libero_goal-task02-state17,SmolVLA,libero_goal,2,17,76,10,rotation,0.04370281586284913,controller_native_action
smolvla-libero_goal-task02-state17,SmolVLA,libero_goal,2,17,76,10,gripper,0.4587547702666624,controller_native_action
smolvla-libero_goal-task02-state17,SmolVLA,libero_goal,2,17,76,10,arm_original,0.15436301871962702,controller_native_action
smolvla-libero_goal-task02-state17,SmolVLA,libero_goal,2,17,76,11,translation,0.22319325893104985,controller_native_action
smolvla-libero_goal-task02-state17,SmolVLA,libero_goal,2,17,76,11,rotation,0.04904268652250599,controller_native_action
smolvla-libero_goal-task02-state17,SmolVLA,libero_goal,2,17,76,11,gripper,0.5157069392709445,controller_native_action
smolvla-libero_goal-task02-state17,SmolVLA,libero_goal,2,17,76,11,arm_original,0.1615865339896977,controller_native_action
smolvla-libero_goal-task02-state17,SmolVLA,libero_goal,2,17,76,12,translation,0.2247162657701967,controller_native_action
smolvla-libero_goal-task02-state17,SmolVLA,libero_goal,2,17,76,12,rotation,0.04520392741648423,controller_native_action
smolvla-libero_goal-task02-state17,SmolVLA,libero_goal,2,17,76,12,gripper,0.5046523393222792,controller_native_action
smolvla-libero_goal-task02-state17,SmolVLA,libero_goal,2,17,76,12,arm_original,0.16208145352812034,controller_native_action
smolvla-libero_goal-task02-state17,SmolVLA,libero_goal,2,17,76,13,translation,0.23168056764502823,controller_native_action
smolvla-libero_goal-task02-state17,SmolVLA,libero_goal,2,17,76,13,rotation,0.044486597632199754,controller_native_action
smolvla-libero_goal-task02-state17,SmolVLA,libero_goal,2,17,76,13,gripper,0.6051143279530868,controller_native_action
smolvla-libero_goal-task02-state17,SmolVLA,libero_goal,2,17,76,13,arm_original,0.1668156809074191,controller_native_action
smolvla-libero_goal-task02-state17,SmolVLA,libero_goal,2,17,76,14,translation,0.23160763122939224,controller_native_action
smolvla-libero_goal-task02-state17,SmolVLA,libero_goal,2,17,76,14,rotation,0.04974856490904749,controller_native_action
smolvla-libero_goal-task02-state17,SmolVLA,libero_goal,2,17,76,14,gripper,0.39581098966353667,controller_native_action
smolvla-libero_goal-task02-state17,SmolVLA,libero_goal,2,17,76,14,arm_original,0.1675067380050723,controller_native_action
smolvla-libero_goal-task02-state17,SmolVLA,libero_goal,2,17,76,15,translation,0.21544767049646685,controller_native_action
smolvla-libero_goal-task02-state17,SmolVLA,libero_goal,2,17,76,15,rotation,0.049251797918439665,controller_native_action
smolvla-libero_goal-task02-state17,SmolVLA,libero_goal,2,17,76,15,gripper,0.5083003254221146,controller_native_action
smolvla-libero_goal-task02-state17,SmolVLA,libero_goal,2,17,76,15,arm_original,0.15627449939218008,controller_native_action
smolvla-libero_goal-task02-state18,SmolVLA,libero_goal,2,18,285,0,translation,0.0,controller_native_action
smolvla-libero_goal-task02-state18,SmolVLA,libero_goal,2,18,285,0,rotation,0.0,controller_native_action
smolvla-libero_goal-task02-state18,SmolVLA,libero_goal,2,18,285,0,gripper,0.0,controller_native_action
smolvla-libero_goal-task02-state18,SmolVLA,libero_goal,2,18,285,0,arm_original,0.0,controller_native_action
smolvla-libero_goal-task02-state18,SmolVLA,libero_goal,2,18,285,1,translation,0.2507813782593576,controller_native_action
smolvla-libero_goal-task02-state18,SmolVLA,libero_goal,2,18,285,1,rotation,0.057927953366962284,controller_native_action
smolvla-libero_goal-task02-state18,SmolVLA,libero_goal,2,18,285,1,gripper,0.3150497387535768,controller_native_action
smolvla-libero_goal-task02-state18,SmolVLA,libero_goal,2,18,285,1,arm_original,0.1819985542016034,controller_native_action
smolvla-libero_goal-task02-state18,SmolVLA,libero_goal,2,18,285,2,translation,0.23618085927793894,controller_native_action
smolvla-libero_goal-task02-state18,SmolVLA,libero_goal,2,18,285,2,rotation,0.053619462378439564,controller_native_action
smolvla-libero_goal-task02-state18,SmolVLA,libero_goal,2,18,285,2,gripper,0.26686892156568637,controller_native_action
smolvla-libero_goal-task02-state18,SmolVLA,libero_goal,2,18,285,2,arm_original,0.171254846697865,controller_native_action
smolvla-libero_goal-task02-state18,SmolVLA,libero_goal,2,18,285,3,translation,0.2299495299841439,controller_native_action
smolvla-libero_goal-task02-state18,SmolVLA,libero_goal,2,18,285,3,rotation,0.053675442734562956,controller_native_action
smolvla-libero_goal-task02-state18,SmolVLA,libero_goal,2,18,285,3,gripper,0.2879327519388461,controller_native_action
smolvla-libero_goal-task02-state18,SmolVLA,libero_goal,2,18,285,3,arm_original,0.16696981687221202,controller_native_action
smolvla-libero_goal-task02-state18,SmolVLA,libero_goal,2,18,285,4,translation,0.237619065100195,controller_native_action
smolvla-libero_goal-task02-state18,SmolVLA,libero_goal,2,18,285,4,rotation,0.053916033106809376,controller_native_action
smolvla-libero_goal-task02-state18,SmolVLA,libero_goal,2,18,285,4,gripper,0.23838110777354335,controller_native_action
smolvla-libero_goal-task02-state18,SmolVLA,libero_goal,2,18,285,4,arm_original,0.17229300439232187,controller_native_action
smolvla-libero_goal-task02-state18,SmolVLA,libero_goal,2,18,285,5,translation,0.23648023101182342,controller_native_action
smolvla-libero_goal-task02-state18,SmolVLA,libero_goal,2,18,285,5,rotation,0.052842266414276286,controller_native_action
smolvla-libero_goal-task02-state18,SmolVLA,libero_goal,2,18,285,5,gripper,0.2631922974175543,controller_native_action
smolvla-libero_goal-task02-state18,SmolVLA,libero_goal,2,18,285,5,arm_original,0.1713406034470562,controller_native_action
smolvla-libero_goal-task02-state18,SmolVLA,libero_goal,2,18,285,6,translation,0.2332880528934415,controller_native_action
smolvla-libero_goal-task02-state18,SmolVLA,libero_goal,2,18,285,6,rotation,0.052123512313198644,controller_native_action
smolvla-libero_goal-task02-state18,SmolVLA,libero_goal,2,18,285,6,gripper,0.06645391903525955,controller_native_action
smolvla-libero_goal-task02-state18,SmolVLA,libero_goal,2,18,285,6,arm_original,0.16902688567011662,controller_native_action
smolvla-libero_goal-task02-state18,SmolVLA,libero_goal,2,18,285,7,translation,0.24661868780986076,controller_native_action
smolvla-libero_goal-task02-state18,SmolVLA,libero_goal,2,18,285,7,rotation,0.05083381584967442,controller_native_action
smolvla-libero_goal-task02-state18,SmolVLA,libero_goal,2,18,285,7,gripper,0.2386756076607284,controller_native_action
smolvla-libero_goal-task02-state18,SmolVLA,libero_goal,2,18,285,7,arm_original,0.17805175372752746,controller_native_action
smolvla-libero_goal-task02-state18,SmolVLA,libero_goal,2,18,285,8,translation,0.24700320834780046,controller_native_action
smolvla-libero_goal-task02-state18,SmolVLA,libero_goal,2,18,285,8,rotation,0.051530648183373835,controller_native_action
smolvla-libero_goal-task02-state18,SmolVLA,libero_goal,2,18,285,8,gripper,0.242925717027618,controller_native_action
smolvla-libero_goal-task02-state18,SmolVLA,libero_goal,2,18,285,8,arm_original,0.17841803809635612,controller_native_action
smolvla-libero_goal-task02-state18,SmolVLA,libero_goal,2,18,285,9,translation,0.25509681461352146,controller_native_action
smolvla-libero_goal-task02-state18,SmolVLA,libero_goal,2,18,285,9,rotation,0.05213532786835613,controller_native_action
smolvla-libero_goal-task02-state18,SmolVLA,libero_goal,2,18,285,9,gripper,0.2396755639102863,controller_native_action
smolvla-libero_goal-task02-state18,SmolVLA,libero_goal,2,18,285,9,arm_original,0.1841093116030614,controller_native_action
smolvla-libero_goal-task02-state18,SmolVLA,libero_goal,2,18,285,10,translation,0.2536715078878124,controller_native_action
smolvla-libero_goal-task02-state18,SmolVLA,libero_goal,2,18,285,10,rotation,0.053485224985883886,controller_native_action
smolvla-libero_goal-task02-state18,SmolVLA,libero_goal,2,18,285,10,gripper,0.20591613163711942,controller_native_action
smolvla-libero_goal-task02-state18,SmolVLA,libero_goal,2,18,285,10,arm_original,0.18331653390497415,controller_native_action
smolvla-libero_goal-task02-state18,SmolVLA,libero_goal,2,18,285,11,translation,0.2616281701560995,controller_native_action
smolvla-libero_goal-task02-state18,SmolVLA,libero_goal,2,18,285,11,rotation,0.05259596228972836,controller_native_action
smolvla-libero_goal-task02-state18,SmolVLA,libero_goal,2,18,285,11,gripper,0.26675039083545937,controller_native_action
smolvla-libero_goal-task02-state18,SmolVLA,libero_goal,2,18,285,11,arm_original,0.18870033739822972,controller_native_action
smolvla-libero_goal-task02-state18,SmolVLA,libero_goal,2,18,285,12,translation,0.25293661347901897,controller_native_action
smolvla-libero_goal-task02-state18,SmolVLA,libero_goal,2,18,285,12,rotation,0.052798843238022176,controller_native_action
smolvla-libero_goal-task02-state18,SmolVLA,libero_goal,2,18,285,12,gripper,0.34517177546206995,controller_native_action
smolvla-libero_goal-task02-state18,SmolVLA,libero_goal,2,18,285,12,arm_original,0.18270830343132724,controller_native_action
smolvla-libero_goal-task02-state18,SmolVLA,libero_goal,2,18,285,13,translation,0.25339582197630356,controller_native_action
smolvla-libero_goal-task02-state18,SmolVLA,libero_goal,2,18,285,13,rotation,0.052307587036303324,controller_native_action
smolvla-libero_goal-task02-state18,SmolVLA,libero_goal,2,18,285,13,gripper,0.3130247613613051,controller_native_action
smolvla-libero_goal-task02-state18,SmolVLA,libero_goal,2,18,285,13,arm_original,0.1829556315840086,controller_native_action
smolvla-libero_goal-task02-state18,SmolVLA,libero_goal,2,18,285,14,translation,0.2653393672120948,controller_native_action
smolvla-libero_goal-task02-state18,SmolVLA,libero_goal,2,18,285,14,rotation,0.05175855773210729,controller_native_action
smolvla-libero_goal-task02-state18,SmolVLA,libero_goal,2,18,285,14,gripper,0.44910387272842683,controller_native_action
smolvla-libero_goal-task02-state18,SmolVLA,libero_goal,2,18,285,14,arm_original,0.1911595251236814,controller_native_action
smolvla-libero_goal-task02-state18,SmolVLA,libero_goal,2,18,285,15,translation,0.24740247415419991,controller_native_action
smolvla-libero_goal-task02-state18,SmolVLA,libero_goal,2,18,285,15,rotation,0.05246748732977395,controller_native_action
smolvla-libero_goal-task02-state18,SmolVLA,libero_goal,2,18,285,15,gripper,0.3936311293034852,controller_native_action
smolvla-libero_goal-task02-state18,SmolVLA,libero_goal,2,18,285,15,arm_original,0.17883067612174308,controller_native_action
smolvla-libero_goal-task02-state19,SmolVLA,libero_goal,2,19,89,0,translation,0.0,controller_native_action
smolvla-libero_goal-task02-state19,SmolVLA,libero_goal,2,19,89,0,rotation,0.0,controller_native_action
smolvla-libero_goal-task02-state19,SmolVLA,libero_goal,2,19,89,0,gripper,0.0,controller_native_action
smolvla-libero_goal-task02-state19,SmolVLA,libero_goal,2,19,89,0,arm_original,0.0,controller_native_action
smolvla-libero_goal-task02-state19,SmolVLA,libero_goal,2,19,89,1,translation,0.21086692825268954,controller_native_action
smolvla-libero_goal-task02-state19,SmolVLA,libero_goal,2,19,89,1,rotation,0.055772758068981576,controller_native_action
smolvla-libero_goal-task02-state19,SmolVLA,libero_goal,2,19,89,1,gripper,0.30211980308784614,controller_native_action
smolvla-libero_goal-task02-state19,SmolVLA,libero_goal,2,19,89,1,arm_original,0.15423271697883376,controller_native_action
smolvla-libero_goal-task02-state19,SmolVLA,libero_goal,2,19,89,2,translation,0.18815372389189877,controller_native_action
smolvla-libero_goal-task02-state19,SmolVLA,libero_goal,2,19,89,2,rotation,0.057126482827664214,controller_native_action
smolvla-libero_goal-task02-state19,SmolVLA,libero_goal,2,19,89,2,gripper,0.015252839952916871,controller_native_action
smolvla-libero_goal-task02-state19,SmolVLA,libero_goal,2,19,89,2,arm_original,0.1390418261794779,controller_native_action
smolvla-libero_goal-task02-state19,SmolVLA,libero_goal,2,19,89,3,translation,0.19127449017218626,controller_native_action
smolvla-libero_goal-task02-state19,SmolVLA,libero_goal,2,19,89,3,rotation,0.05184432491275753,controller_native_action
smolvla-libero_goal-task02-state19,SmolVLA,libero_goal,2,19,89,3,gripper,0.29946242143894186,controller_native_action
smolvla-libero_goal-task02-state19,SmolVLA,libero_goal,2,19,89,3,arm_original,0.1401316606200921,controller_native_action
smolvla-libero_goal-task02-state19,SmolVLA,libero_goal,2,19,89,4,translation,0.21233824098119336,controller_native_action
smolvla-libero_goal-task02-state19,SmolVLA,libero_goal,2,19,89,4,rotation,0.05235490792615375,controller_native_action
smolvla-libero_goal-task02-state19,SmolVLA,libero_goal,2,19,89,4,gripper,0.30274341634596413,controller_native_action
smolvla-libero_goal-task02-state19,SmolVLA,libero_goal,2,19,89,4,arm_original,0.15464243429108226,controller_native_action
smolvla-libero_goal-task02-state19,SmolVLA,libero_goal,2,19,89,5,translation,0.21562507411521006,controller_native_action
smolvla-libero_goal-task02-state19,SmolVLA,libero_goal,2,19,89,5,rotation,0.05432850869323984,controller_native_action
smolvla-libero_goal-task02-state19,SmolVLA,libero_goal,2,19,89,5,gripper,0.37065885618554406,controller_native_action
smolvla-libero_goal-task02-state19,SmolVLA,libero_goal,2,19,89,5,arm_original,0.15723510969885396,controller_native_action
smolvla-libero_goal-task02-state19,SmolVLA,libero_goal,2,19,89,6,translation,0.22012669736486026,controller_native_action
smolvla-libero_goal-task02-state19,SmolVLA,libero_goal,2,19,89,6,rotation,0.050442763916838815,controller_native_action
smolvla-libero_goal-task02-state19,SmolVLA,libero_goal,2,19,89,6,gripper,0.3031652828462847,controller_native_action
smolvla-libero_goal-task02-state19,SmolVLA,libero_goal,2,19,89,6,arm_original,0.1596875626408186,controller_native_action
smolvla-libero_goal-task02-state19,SmolVLA,libero_goal,2,19,89,7,translation,0.23161071843262315,controller_native_action
smolvla-libero_goal-task02-state19,SmolVLA,libero_goal,2,19,89,7,rotation,0.05402756250438209,controller_native_action
smolvla-libero_goal-task02-state19,SmolVLA,libero_goal,2,19,89,7,gripper,0.3003041946833635,controller_native_action
smolvla-libero_goal-task02-state19,SmolVLA,libero_goal,2,19,89,7,arm_original,0.16817030416075357,controller_native_action
smolvla-libero_goal-task02-state19,SmolVLA,libero_goal,2,19,89,8,translation,0.23708604240066905,controller_native_action
smolvla-libero_goal-task02-state19,SmolVLA,libero_goal,2,19,89,8,rotation,0.0592755854982967,controller_native_action
smolvla-libero_goal-task02-state19,SmolVLA,libero_goal,2,19,89,8,gripper,0.3052086536738123,controller_native_action
smolvla-libero_goal-task02-state19,SmolVLA,libero_goal,2,19,89,8,arm_original,0.1728053623840674,controller_native_action
smolvla-libero_goal-task02-state19,SmolVLA,libero_goal,2,19,89,9,translation,0.23972271527531863,controller_native_action
smolvla-libero_goal-task02-state19,SmolVLA,libero_goal,2,19,89,9,rotation,0.0554427441275142,controller_native_action
smolvla-libero_goal-task02-state19,SmolVLA,libero_goal,2,19,89,9,gripper,0.36971831697416535,controller_native_action
smolvla-libero_goal-task02-state19,SmolVLA,libero_goal,2,19,89,9,arm_original,0.1739840195181162,controller_native_action
smolvla-libero_goal-task02-state19,SmolVLA,libero_goal,2,19,89,10,translation,0.24752757256362787,controller_native_action
smolvla-libero_goal-task02-state19,SmolVLA,libero_goal,2,19,89,10,rotation,0.05216141682444013,controller_native_action
smolvla-libero_goal-task02-state19,SmolVLA,libero_goal,2,19,89,10,gripper,0.4472978366785817,controller_native_action
smolvla-libero_goal-task02-state19,SmolVLA,libero_goal,2,19,89,10,arm_original,0.17887245817114364,controller_native_action
smolvla-libero_goal-task02-state19,SmolVLA,libero_goal,2,19,89,11,translation,0.2601777731201515,controller_native_action
smolvla-libero_goal-task02-state19,SmolVLA,libero_goal,2,19,89,11,rotation,0.057875603461765054,controller_native_action
smolvla-libero_goal-task02-state19,SmolVLA,libero_goal,2,19,89,11,gripper,0.479379879959074,controller_native_action
smolvla-libero_goal-task02-state19,SmolVLA,libero_goal,2,19,89,11,arm_original,0.18847023518559175,controller_native_action
smolvla-libero_goal-task02-state19,SmolVLA,libero_goal,2,19,89,12,translation,0.2578240167048353,controller_native_action
smolvla-libero_goal-task02-state19,SmolVLA,libero_goal,2,19,89,12,rotation,0.05756578526305607,controller_native_action
smolvla-libero_goal-task02-state19,SmolVLA,libero_goal,2,19,89,12,gripper,0.4766448839445133,controller_native_action
smolvla-libero_goal-task02-state19,SmolVLA,libero_goal,2,19,89,12,arm_original,0.18679807710836782,controller_native_action
smolvla-libero_goal-task02-state19,SmolVLA,libero_goal,2,19,89,13,translation,0.26331317220404,controller_native_action
smolvla-libero_goal-task02-state19,SmolVLA,libero_goal,2,19,89,13,rotation,0.055296364647863534,controller_native_action
smolvla-libero_goal-task02-state19,SmolVLA,libero_goal,2,19,89,13,gripper,0.4803062351705556,controller_native_action
smolvla-libero_goal-task02-state19,SmolVLA,libero_goal,2,19,89,13,arm_original,0.19025182600887688,controller_native_action
smolvla-libero_goal-task02-state19,SmolVLA,libero_goal,2,19,89,14,translation,0.2581566188354092,controller_native_action
smolvla-libero_goal-task02-state19,SmolVLA,libero_goal,2,19,89,14,rotation,0.04995257521676272,controller_native_action
smolvla-libero_goal-task02-state19,SmolVLA,libero_goal,2,19,89,14,gripper,0.3057526991770601,controller_native_action
smolvla-libero_goal-task02-state19,SmolVLA,libero_goal,2,19,89,14,arm_original,0.1859302283375636,controller_native_action
smolvla-libero_goal-task02-state19,SmolVLA,libero_goal,2,19,89,15,translation,0.2721426986072856,controller_native_action
smolvla-libero_goal-task02-state19,SmolVLA,libero_goal,2,19,89,15,rotation,0.057435966993858244,controller_native_action
smolvla-libero_goal-task02-state19,SmolVLA,libero_goal,2,19,89,15,gripper,0.4265989433181537,controller_native_action
smolvla-libero_goal-task02-state19,SmolVLA,libero_goal,2,19,89,15,arm_original,0.19667300108273053,controller_native_action
smolvla-libero_10-task03-state10,SmolVLA,libero_10,3,10,237,0,translation,0.0,controller_native_action
smolvla-libero_10-task03-state10,SmolVLA,libero_10,3,10,237,0,rotation,0.0,controller_native_action
smolvla-libero_10-task03-state10,SmolVLA,libero_10,3,10,237,0,gripper,0.0,controller_native_action
smolvla-libero_10-task03-state10,SmolVLA,libero_10,3,10,237,0,arm_original,0.0,controller_native_action
smolvla-libero_10-task03-state10,SmolVLA,libero_10,3,10,237,1,translation,0.1651539670162171,controller_native_action
smolvla-libero_10-task03-state10,SmolVLA,libero_10,3,10,237,1,rotation,0.045561909354022725,controller_native_action
smolvla-libero_10-task03-state10,SmolVLA,libero_10,3,10,237,1,gripper,0.48610924181626775,controller_native_action
smolvla-libero_10-task03-state10,SmolVLA,libero_10,3,10,237,1,arm_original,0.12114396477988061,controller_native_action
smolvla-libero_10-task03-state10,SmolVLA,libero_10,3,10,237,2,translation,0.1548494653745465,controller_native_action
smolvla-libero_10-task03-state10,SmolVLA,libero_10,3,10,237,2,rotation,0.04320894407570257,controller_native_action
smolvla-libero_10-task03-state10,SmolVLA,libero_10,3,10,237,2,gripper,0.4932694588892369,controller_native_action
smolvla-libero_10-task03-state10,SmolVLA,libero_10,3,10,237,2,arm_original,0.1136779876997303,controller_native_action
smolvla-libero_10-task03-state10,SmolVLA,libero_10,3,10,237,3,translation,0.1572183501627464,controller_native_action
smolvla-libero_10-task03-state10,SmolVLA,libero_10,3,10,237,3,rotation,0.04310043191846698,controller_native_action
smolvla-libero_10-task03-state10,SmolVLA,libero_10,3,10,237,3,gripper,0.518162836803398,controller_native_action
smolvla-libero_10-task03-state10,SmolVLA,libero_10,3,10,237,3,arm_original,0.11527197590796807,controller_native_action
smolvla-libero_10-task03-state10,SmolVLA,libero_10,3,10,237,4,translation,0.14352468002924754,controller_native_action
smolvla-libero_10-task03-state10,SmolVLA,libero_10,3,10,237,4,rotation,0.04327960314729194,controller_native_action
smolvla-libero_10-task03-state10,SmolVLA,libero_10,3,10,237,4,gripper,0.4295138138484383,controller_native_action
smolvla-libero_10-task03-state10,SmolVLA,libero_10,3,10,237,4,arm_original,0.10600107977300272,controller_native_action
smolvla-libero_10-task03-state10,SmolVLA,libero_10,3,10,237,5,translation,0.14550945758939457,controller_native_action
smolvla-libero_10-task03-state10,SmolVLA,libero_10,3,10,237,5,rotation,0.043077514769860055,controller_native_action
smolvla-libero_10-task03-state10,SmolVLA,libero_10,3,10,237,5,gripper,0.5220601066223497,controller_native_action
smolvla-libero_10-task03-state10,SmolVLA,libero_10,3,10,237,5,arm_original,0.10730487996057618,controller_native_action
smolvla-libero_10-task03-state10,SmolVLA,libero_10,3,10,237,6,translation,0.14712790881758916,controller_native_action
smolvla-libero_10-task03-state10,SmolVLA,libero_10,3,10,237,6,rotation,0.040921553732662506,controller_native_action
smolvla-libero_10-task03-state10,SmolVLA,libero_10,3,10,237,6,gripper,0.4842797082930438,controller_native_action
smolvla-libero_10-task03-state10,SmolVLA,libero_10,3,10,237,6,arm_original,0.10798424679769734,controller_native_action
smolvla-libero_10-task03-state10,SmolVLA,libero_10,3,10,237,7,translation,0.1586079339260882,controller_native_action
smolvla-libero_10-task03-state10,SmolVLA,libero_10,3,10,237,7,rotation,0.044350345660049466,controller_native_action
smolvla-libero_10-task03-state10,SmolVLA,libero_10,3,10,237,7,gripper,0.5042675036503659,controller_native_action
smolvla-libero_10-task03-state10,SmolVLA,libero_10,3,10,237,7,arm_original,0.11645477633929024,controller_native_action
smolvla-libero_10-task03-state10,SmolVLA,libero_10,3,10,237,8,translation,0.15672687091034765,controller_native_action
smolvla-libero_10-task03-state10,SmolVLA,libero_10,3,10,237,8,rotation,0.042215723628477725,controller_native_action
smolvla-libero_10-task03-state10,SmolVLA,libero_10,3,10,237,8,gripper,0.5300933407747968,controller_native_action
smolvla-libero_10-task03-state10,SmolVLA,libero_10,3,10,237,8,arm_original,0.11477255636001314,controller_native_action
smolvla-libero_10-task03-state10,SmolVLA,libero_10,3,10,237,9,translation,0.15941896665210453,controller_native_action
smolvla-libero_10-task03-state10,SmolVLA,libero_10,3,10,237,9,rotation,0.04356004937660592,controller_native_action
smolvla-libero_10-task03-state10,SmolVLA,libero_10,3,10,237,9,gripper,0.5361125739082516,controller_native_action
smolvla-libero_10-task03-state10,SmolVLA,libero_10,3,10,237,9,arm_original,0.11685864287701868,controller_native_action
smolvla-libero_10-task03-state10,SmolVLA,libero_10,3,10,237,10,translation,0.16173339209036636,controller_native_action
smolvla-libero_10-task03-state10,SmolVLA,libero_10,3,10,237,10,rotation,0.043614850160125236,controller_native_action
smolvla-libero_10-task03-state10,SmolVLA,libero_10,3,10,237,10,gripper,0.5329066801131063,controller_native_action
smolvla-libero_10-task03-state10,SmolVLA,libero_10,3,10,237,10,arm_original,0.1184481854473642,controller_native_action
smolvla-libero_10-task03-state10,SmolVLA,libero_10,3,10,237,11,translation,0.17099249626922383,controller_native_action
smolvla-libero_10-task03-state10,SmolVLA,libero_10,3,10,237,11,rotation,0.04259659463260468,controller_native_action
smolvla-libero_10-task03-state10,SmolVLA,libero_10,3,10,237,11,gripper,0.5929270899578268,controller_native_action
smolvla-libero_10-task03-state10,SmolVLA,libero_10,3,10,237,11,arm_original,0.12460518378999119,controller_native_action
smolvla-libero_10-task03-state10,SmolVLA,libero_10,3,10,237,12,translation,0.17045264365122814,controller_native_action
smolvla-libero_10-task03-state10,SmolVLA,libero_10,3,10,237,12,rotation,0.042701935332946535,controller_native_action
smolvla-libero_10-task03-state10,SmolVLA,libero_10,3,10,237,12,gripper,0.550127908047497,controller_native_action
smolvla-libero_10-task03-state10,SmolVLA,libero_10,3,10,237,12,arm_original,0.12425288529622103,controller_native_action
smolvla-libero_10-task03-state10,SmolVLA,libero_10,3,10,237,13,translation,0.1765382625094625,controller_native_action
smolvla-libero_10-task03-state10,SmolVLA,libero_10,3,10,237,13,rotation,0.04537613762075621,controller_native_action
smolvla-libero_10-task03-state10,SmolVLA,libero_10,3,10,237,13,gripper,0.5510997547976654,controller_native_action
smolvla-libero_10-task03-state10,SmolVLA,libero_10,3,10,237,13,arm_original,0.12888900650411908,controller_native_action
smolvla-libero_10-task03-state10,SmolVLA,libero_10,3,10,237,14,translation,0.18255078862817356,controller_native_action
smolvla-libero_10-task03-state10,SmolVLA,libero_10,3,10,237,14,rotation,0.046134449709671385,controller_native_action
smolvla-libero_10-task03-state10,SmolVLA,libero_10,3,10,237,14,gripper,0.6079145248516917,controller_native_action
smolvla-libero_10-task03-state10,SmolVLA,libero_10,3,10,237,14,arm_original,0.13314123681035545,controller_native_action
smolvla-libero_10-task03-state10,SmolVLA,libero_10,3,10,237,15,translation,0.1822456437444926,controller_native_action
smolvla-libero_10-task03-state10,SmolVLA,libero_10,3,10,237,15,rotation,0.04576167339439865,controller_native_action
smolvla-libero_10-task03-state10,SmolVLA,libero_10,3,10,237,15,gripper,0.5807522365166681,controller_native_action
smolvla-libero_10-task03-state10,SmolVLA,libero_10,3,10,237,15,arm_original,0.13286761346486986,controller_native_action
smolvla-libero_10-task03-state11,SmolVLA,libero_10,3,11,505,0,translation,0.0,controller_native_action
smolvla-libero_10-task03-state11,SmolVLA,libero_10,3,11,505,0,rotation,0.0,controller_native_action
smolvla-libero_10-task03-state11,SmolVLA,libero_10,3,11,505,0,gripper,0.0,controller_native_action
smolvla-libero_10-task03-state11,SmolVLA,libero_10,3,11,505,0,arm_original,0.0,controller_native_action
smolvla-libero_10-task03-state11,SmolVLA,libero_10,3,11,505,1,translation,0.20843619554783188,controller_native_action
smolvla-libero_10-task03-state11,SmolVLA,libero_10,3,11,505,1,rotation,0.049251402463998145,controller_native_action
smolvla-libero_10-task03-state11,SmolVLA,libero_10,3,11,505,1,gripper,0.32133489563486606,controller_native_action
smolvla-libero_10-task03-state11,SmolVLA,libero_10,3,11,505,1,arm_original,0.15144528427640913,controller_native_action
smolvla-libero_10-task03-state11,SmolVLA,libero_10,3,11,505,2,translation,0.2082444722163812,controller_native_action
smolvla-libero_10-task03-state11,SmolVLA,libero_10,3,11,505,2,rotation,0.04798850646155664,controller_native_action
smolvla-libero_10-task03-state11,SmolVLA,libero_10,3,11,505,2,gripper,0.34555383926779387,controller_native_action
smolvla-libero_10-task03-state11,SmolVLA,libero_10,3,11,505,2,arm_original,0.15111031890822352,controller_native_action
smolvla-libero_10-task03-state11,SmolVLA,libero_10,3,11,505,3,translation,0.20883712688310457,controller_native_action
smolvla-libero_10-task03-state11,SmolVLA,libero_10,3,11,505,3,rotation,0.047339315540957,controller_native_action
smolvla-libero_10-task03-state11,SmolVLA,libero_10,3,11,505,3,gripper,0.42779317067428807,controller_native_action
smolvla-libero_10-task03-state11,SmolVLA,libero_10,3,11,505,3,arm_original,0.15141657168334682,controller_native_action
smolvla-libero_10-task03-state11,SmolVLA,libero_10,3,11,505,4,translation,0.2093588852431374,controller_native_action
smolvla-libero_10-task03-state11,SmolVLA,libero_10,3,11,505,4,rotation,0.04756934656836717,controller_native_action
smolvla-libero_10-task03-state11,SmolVLA,libero_10,3,11,505,4,gripper,0.4104579419628764,controller_native_action
smolvla-libero_10-task03-state11,SmolVLA,libero_10,3,11,505,4,arm_original,0.15181236043746668,controller_native_action
smolvla-libero_10-task03-state11,SmolVLA,libero_10,3,11,505,5,translation,0.20829208524642617,controller_native_action
smolvla-libero_10-task03-state11,SmolVLA,libero_10,3,11,505,5,rotation,0.047390384114041575,controller_native_action
smolvla-libero_10-task03-state11,SmolVLA,libero_10,3,11,505,5,gripper,0.3320926705441609,controller_native_action
smolvla-libero_10-task03-state11,SmolVLA,libero_10,3,11,505,5,arm_original,0.15104873598077687,controller_native_action
smolvla-libero_10-task03-state11,SmolVLA,libero_10,3,11,505,6,translation,0.2128982566981857,controller_native_action
smolvla-libero_10-task03-state11,SmolVLA,libero_10,3,11,505,6,rotation,0.04751582216697854,controller_native_action
smolvla-libero_10-task03-state11,SmolVLA,libero_10,3,11,505,6,gripper,0.3465044992901133,controller_native_action
smolvla-libero_10-task03-state11,SmolVLA,libero_10,3,11,505,6,arm_original,0.1542456175411971,controller_native_action
smolvla-libero_10-task03-state11,SmolVLA,libero_10,3,11,505,7,translation,0.21500548987368603,controller_native_action
smolvla-libero_10-task03-state11,SmolVLA,libero_10,3,11,505,7,rotation,0.04673013925599583,controller_native_action
smolvla-libero_10-task03-state11,SmolVLA,libero_10,3,11,505,7,gripper,0.4067495994350122,controller_native_action
smolvla-libero_10-task03-state11,SmolVLA,libero_10,3,11,505,7,arm_original,0.15558127552939732,controller_native_action
smolvla-libero_10-task03-state11,SmolVLA,libero_10,3,11,505,8,translation,0.22023282228814128,controller_native_action
smolvla-libero_10-task03-state11,SmolVLA,libero_10,3,11,505,8,rotation,0.04775366974987273,controller_native_action
smolvla-libero_10-task03-state11,SmolVLA,libero_10,3,11,505,8,gripper,0.41923686106736874,controller_native_action
smolvla-libero_10-task03-state11,SmolVLA,libero_10,3,11,505,8,arm_original,0.15934696261237605,controller_native_action
smolvla-libero_10-task03-state11,SmolVLA,libero_10,3,11,505,9,translation,0.221470153788902,controller_native_action
smolvla-libero_10-task03-state11,SmolVLA,libero_10,3,11,505,9,rotation,0.04652630760296266,controller_native_action
smolvla-libero_10-task03-state11,SmolVLA,libero_10,3,11,505,9,gripper,0.436994074646435,controller_native_action
smolvla-libero_10-task03-state11,SmolVLA,libero_10,3,11,505,9,arm_original,0.16002144593529552,controller_native_action
smolvla-libero_10-task03-state11,SmolVLA,libero_10,3,11,505,10,translation,0.221455440183544,controller_native_action
smolvla-libero_10-task03-state11,SmolVLA,libero_10,3,11,505,10,rotation,0.048235506004390874,controller_native_action
smolvla-libero_10-task03-state11,SmolVLA,libero_10,3,11,505,10,gripper,0.4268095787423999,controller_native_action
smolvla-libero_10-task03-state11,SmolVLA,libero_10,3,11,505,10,arm_original,0.16026411954393732,controller_native_action
smolvla-libero_10-task03-state11,SmolVLA,libero_10,3,11,505,11,translation,0.22504551774184936,controller_native_action
smolvla-libero_10-task03-state11,SmolVLA,libero_10,3,11,505,11,rotation,0.04703084722714032,controller_native_action
smolvla-libero_10-task03-state11,SmolVLA,libero_10,3,11,505,11,gripper,0.45319695952921346,controller_native_action
smolvla-libero_10-task03-state11,SmolVLA,libero_10,3,11,505,11,arm_original,0.16256904017462806,controller_native_action
smolvla-libero_10-task03-state11,SmolVLA,libero_10,3,11,505,12,translation,0.22978966721341867,controller_native_action
smolvla-libero_10-task03-state11,SmolVLA,libero_10,3,11,505,12,rotation,0.04770726483029304,controller_native_action
smolvla-libero_10-task03-state11,SmolVLA,libero_10,3,11,505,12,gripper,0.4631768201004118,controller_native_action
smolvla-libero_10-task03-state11,SmolVLA,libero_10,3,11,505,12,arm_original,0.1659507069518558,controller_native_action
smolvla-libero_10-task03-state11,SmolVLA,libero_10,3,11,505,13,translation,0.23787249253569687,controller_native_action
smolvla-libero_10-task03-state11,SmolVLA,libero_10,3,11,505,13,rotation,0.048017942090045077,controller_native_action
smolvla-libero_10-task03-state11,SmolVLA,libero_10,3,11,505,13,gripper,0.4545558077908945,controller_native_action
smolvla-libero_10-task03-state11,SmolVLA,libero_10,3,11,505,13,arm_original,0.17159406380715517,controller_native_action
smolvla-libero_10-task03-state11,SmolVLA,libero_10,3,11,505,14,translation,0.2442145619933612,controller_native_action
smolvla-libero_10-task03-state11,SmolVLA,libero_10,3,11,505,14,rotation,0.047965841478828604,controller_native_action
smolvla-libero_10-task03-state11,SmolVLA,libero_10,3,11,505,14,gripper,0.47102384392973956,controller_native_action
smolvla-libero_10-task03-state11,SmolVLA,libero_10,3,11,505,14,arm_original,0.17598504799894418,controller_native_action
smolvla-libero_10-task03-state11,SmolVLA,libero_10,3,11,505,15,translation,0.2485953573836645,controller_native_action
smolvla-libero_10-task03-state11,SmolVLA,libero_10,3,11,505,15,rotation,0.047918503342664454,controller_native_action
smolvla-libero_10-task03-state11,SmolVLA,libero_10,3,11,505,15,gripper,0.4814745917763685,controller_native_action
smolvla-libero_10-task03-state11,SmolVLA,libero_10,3,11,505,15,arm_original,0.1790193211294703,controller_native_action
smolvla-libero_10-task03-state12,SmolVLA,libero_10,3,12,505,0,translation,0.0,controller_native_action
smolvla-libero_10-task03-state12,SmolVLA,libero_10,3,12,505,0,rotation,0.0,controller_native_action
smolvla-libero_10-task03-state12,SmolVLA,libero_10,3,12,505,0,gripper,0.0,controller_native_action
smolvla-libero_10-task03-state12,SmolVLA,libero_10,3,12,505,0,arm_original,0.0,controller_native_action
smolvla-libero_10-task03-state12,SmolVLA,libero_10,3,12,505,1,translation,0.18112091743319544,controller_native_action
smolvla-libero_10-task03-state12,SmolVLA,libero_10,3,12,505,1,rotation,0.0457402670825987,controller_native_action
smolvla-libero_10-task03-state12,SmolVLA,libero_10,3,12,505,1,gripper,0.28069801225403257,controller_native_action
smolvla-libero_10-task03-state12,SmolVLA,libero_10,3,12,505,1,arm_original,0.13209269238801566,controller_native_action
smolvla-libero_10-task03-state12,SmolVLA,libero_10,3,12,505,2,translation,0.1785209900459641,controller_native_action
smolvla-libero_10-task03-state12,SmolVLA,libero_10,3,12,505,2,rotation,0.04524499388355419,controller_native_action
smolvla-libero_10-task03-state12,SmolVLA,libero_10,3,12,505,2,gripper,0.3343048021145994,controller_native_action
smolvla-libero_10-task03-state12,SmolVLA,libero_10,3,12,505,2,arm_original,0.13022452410839147,controller_native_action
smolvla-libero_10-task03-state12,SmolVLA,libero_10,3,12,505,3,translation,0.17635609037447694,controller_native_action
smolvla-libero_10-task03-state12,SmolVLA,libero_10,3,12,505,3,rotation,0.044427514398240414,controller_native_action
smolvla-libero_10-task03-state12,SmolVLA,libero_10,3,12,505,3,gripper,0.33235125761012685,controller_native_action
smolvla-libero_10-task03-state12,SmolVLA,libero_10,3,12,505,3,arm_original,0.1285987454211287,controller_native_action
smolvla-libero_10-task03-state12,SmolVLA,libero_10,3,12,505,4,translation,0.1761888864282507,controller_native_action
smolvla-libero_10-task03-state12,SmolVLA,libero_10,3,12,505,4,rotation,0.04413460169136454,controller_native_action
smolvla-libero_10-task03-state12,SmolVLA,libero_10,3,12,505,4,gripper,0.36038750370181943,controller_native_action
smolvla-libero_10-task03-state12,SmolVLA,libero_10,3,12,505,4,arm_original,0.1284336146950681,controller_native_action
smolvla-libero_10-task03-state12,SmolVLA,libero_10,3,12,505,5,translation,0.18056749993619978,controller_native_action
smolvla-libero_10-task03-state12,SmolVLA,libero_10,3,12,505,5,rotation,0.0440656687564017,controller_native_action
smolvla-libero_10-task03-state12,SmolVLA,libero_10,3,12,505,5,gripper,0.4156184321051555,controller_native_action
smolvla-libero_10-task03-state12,SmolVLA,libero_10,3,12,505,5,arm_original,0.13142755646392887,controller_native_action
smolvla-libero_10-task03-state12,SmolVLA,libero_10,3,12,505,6,translation,0.1801268634783603,controller_native_action
smolvla-libero_10-task03-state12,SmolVLA,libero_10,3,12,505,6,rotation,0.04525801845213892,controller_native_action
smolvla-libero_10-task03-state12,SmolVLA,libero_10,3,12,505,6,gripper,0.37113612105853555,controller_native_action
smolvla-libero_10-task03-state12,SmolVLA,libero_10,3,12,505,6,arm_original,0.13132778681750104,controller_native_action
smolvla-libero_10-task03-state12,SmolVLA,libero_10,3,12,505,7,translation,0.18542749793961683,controller_native_action
smolvla-libero_10-task03-state12,SmolVLA,libero_10,3,12,505,7,rotation,0.04551621955043436,controller_native_action
smolvla-libero_10-task03-state12,SmolVLA,libero_10,3,12,505,7,gripper,0.4160593133345181,controller_native_action
smolvla-libero_10-task03-state12,SmolVLA,libero_10,3,12,505,7,arm_original,0.1350094130687004,controller_native_action
smolvla-libero_10-task03-state12,SmolVLA,libero_10,3,12,505,8,translation,0.19110710364451344,controller_native_action
smolvla-libero_10-task03-state12,SmolVLA,libero_10,3,12,505,8,rotation,0.04498028357812193,controller_native_action
smolvla-libero_10-task03-state12,SmolVLA,libero_10,3,12,505,8,gripper,0.4176182155416948,controller_native_action
smolvla-libero_10-task03-state12,SmolVLA,libero_10,3,12,505,8,arm_original,0.1388257018245596,controller_native_action
smolvla-libero_10-task03-state12,SmolVLA,libero_10,3,12,505,9,translation,0.19218375357455886,controller_native_action
smolvla-libero_10-task03-state12,SmolVLA,libero_10,3,12,505,9,rotation,0.04646014062315763,controller_native_action
smolvla-libero_10-task03-state12,SmolVLA,libero_10,3,12,505,9,gripper,0.4265278275866216,controller_native_action
smolvla-libero_10-task03-state12,SmolVLA,libero_10,3,12,505,9,arm_original,0.13980904799892305,controller_native_action
smolvla-libero_10-task03-state12,SmolVLA,libero_10,3,12,505,10,translation,0.19925117283122448,controller_native_action
smolvla-libero_10-task03-state12,SmolVLA,libero_10,3,12,505,10,rotation,0.04636483123446852,controller_native_action
smolvla-libero_10-task03-state12,SmolVLA,libero_10,3,12,505,10,gripper,0.42560301897498565,controller_native_action
smolvla-libero_10-task03-state12,SmolVLA,libero_10,3,12,505,10,arm_original,0.1446560186269815,controller_native_action
smolvla-libero_10-task03-state12,SmolVLA,libero_10,3,12,505,11,translation,0.2042493075551504,controller_native_action
smolvla-libero_10-task03-state12,SmolVLA,libero_10,3,12,505,11,rotation,0.045946305713612044,controller_native_action
smolvla-libero_10-task03-state12,SmolVLA,libero_10,3,12,505,11,gripper,0.4040544462297256,controller_native_action
smolvla-libero_10-task03-state12,SmolVLA,libero_10,3,12,505,11,arm_original,0.14803520298477507,controller_native_action
smolvla-libero_10-task03-state12,SmolVLA,libero_10,3,12,505,12,translation,0.2065239868921399,controller_native_action
smolvla-libero_10-task03-state12,SmolVLA,libero_10,3,12,505,12,rotation,0.04585442355998558,controller_native_action
smolvla-libero_10-task03-state12,SmolVLA,libero_10,3,12,505,12,gripper,0.44513030687289135,controller_native_action
smolvla-libero_10-task03-state12,SmolVLA,libero_10,3,12,505,12,arm_original,0.14959075058612972,controller_native_action
smolvla-libero_10-task03-state12,SmolVLA,libero_10,3,12,505,13,translation,0.21130818458907183,controller_native_action
smolvla-libero_10-task03-state12,SmolVLA,libero_10,3,12,505,13,rotation,0.04621499182391111,controller_native_action
smolvla-libero_10-task03-state12,SmolVLA,libero_10,3,12,505,13,gripper,0.45267350891863695,controller_native_action
smolvla-libero_10-task03-state12,SmolVLA,libero_10,3,12,505,13,arm_original,0.1529492960814358,controller_native_action
smolvla-libero_10-task03-state12,SmolVLA,libero_10,3,12,505,14,translation,0.2217529461439913,controller_native_action
smolvla-libero_10-task03-state12,SmolVLA,libero_10,3,12,505,14,rotation,0.04496666133227979,controller_native_action
smolvla-libero_10-task03-state12,SmolVLA,libero_10,3,12,505,14,gripper,0.5015206389325716,controller_native_action
smolvla-libero_10-task03-state12,SmolVLA,libero_10,3,12,505,14,arm_original,0.15999432764150087,controller_native_action
smolvla-libero_10-task03-state12,SmolVLA,libero_10,3,12,505,15,translation,0.22599992574457847,controller_native_action
smolvla-libero_10-task03-state12,SmolVLA,libero_10,3,12,505,15,rotation,0.04510639244240062,controller_native_action
smolvla-libero_10-task03-state12,SmolVLA,libero_10,3,12,505,15,gripper,0.4688037106897098,controller_native_action
smolvla-libero_10-task03-state12,SmolVLA,libero_10,3,12,505,15,arm_original,0.16295789805302907,controller_native_action
smolvla-libero_10-task03-state13,SmolVLA,libero_10,3,13,200,0,translation,0.0,controller_native_action
smolvla-libero_10-task03-state13,SmolVLA,libero_10,3,13,200,0,rotation,0.0,controller_native_action
smolvla-libero_10-task03-state13,SmolVLA,libero_10,3,13,200,0,gripper,0.0,controller_native_action
smolvla-libero_10-task03-state13,SmolVLA,libero_10,3,13,200,0,arm_original,0.0,controller_native_action
smolvla-libero_10-task03-state13,SmolVLA,libero_10,3,13,200,1,translation,0.16228474541734889,controller_native_action
smolvla-libero_10-task03-state13,SmolVLA,libero_10,3,13,200,1,rotation,0.04590080113730248,controller_native_action
smolvla-libero_10-task03-state13,SmolVLA,libero_10,3,13,200,1,gripper,0.31695504876720904,controller_native_action
smolvla-libero_10-task03-state13,SmolVLA,libero_10,3,13,200,1,arm_original,0.11925439643933454,controller_native_action
smolvla-libero_10-task03-state13,SmolVLA,libero_10,3,13,200,2,translation,0.15263295996634288,controller_native_action
smolvla-libero_10-task03-state13,SmolVLA,libero_10,3,13,200,2,rotation,0.04290922336909904,controller_native_action
smolvla-libero_10-task03-state13,SmolVLA,libero_10,3,13,200,2,gripper,0.3750667987241109,controller_native_action
smolvla-libero_10-task03-state13,SmolVLA,libero_10,3,13,200,2,arm_original,0.11211160046629087,controller_native_action
smolvla-libero_10-task03-state13,SmolVLA,libero_10,3,13,200,3,translation,0.15228745409373393,controller_native_action
smolvla-libero_10-task03-state13,SmolVLA,libero_10,3,13,200,3,rotation,0.042920321783659406,controller_native_action
smolvla-libero_10-task03-state13,SmolVLA,libero_10,3,13,200,3,gripper,0.34769992327336313,controller_native_action
smolvla-libero_10-task03-state13,SmolVLA,libero_10,3,13,200,3,arm_original,0.11187855624820152,controller_native_action
smolvla-libero_10-task03-state13,SmolVLA,libero_10,3,13,200,4,translation,0.15263702221424047,controller_native_action
smolvla-libero_10-task03-state13,SmolVLA,libero_10,3,13,200,4,rotation,0.045626959352022156,controller_native_action
smolvla-libero_10-task03-state13,SmolVLA,libero_10,3,13,200,4,gripper,0.3155918007415133,controller_native_action
smolvla-libero_10-task03-state13,SmolVLA,libero_10,3,13,200,4,arm_original,0.11264963375471228,controller_native_action
smolvla-libero_10-task03-state13,SmolVLA,libero_10,3,13,200,5,translation,0.15129381631717861,controller_native_action
smolvla-libero_10-task03-state13,SmolVLA,libero_10,3,13,200,5,rotation,0.043493075781046234,controller_native_action
smolvla-libero_10-task03-state13,SmolVLA,libero_10,3,13,200,5,gripper,0.3997183294328274,controller_native_action
smolvla-libero_10-task03-state13,SmolVLA,libero_10,3,13,200,5,arm_original,0.11131367053671354,controller_native_action
smolvla-libero_10-task03-state13,SmolVLA,libero_10,3,13,200,6,translation,0.15616384084181753,controller_native_action
smolvla-libero_10-task03-state13,SmolVLA,libero_10,3,13,200,6,rotation,0.04288186507223916,controller_native_action
smolvla-libero_10-task03-state13,SmolVLA,libero_10,3,13,200,6,gripper,0.41283181573282934,controller_native_action
smolvla-libero_10-task03-state13,SmolVLA,libero_10,3,13,200,6,arm_original,0.11451200709650984,controller_native_action
smolvla-libero_10-task03-state13,SmolVLA,libero_10,3,13,200,7,translation,0.15662201520437333,controller_native_action
smolvla-libero_10-task03-state13,SmolVLA,libero_10,3,13,200,7,rotation,0.04511298121294218,controller_native_action
smolvla-libero_10-task03-state13,SmolVLA,libero_10,3,13,200,7,gripper,0.346817972056597,controller_native_action
smolvla-libero_10-task03-state13,SmolVLA,libero_10,3,13,200,7,arm_original,0.11525111001764413,controller_native_action
smolvla-libero_10-task03-state13,SmolVLA,libero_10,3,13,200,8,translation,0.16089722731209954,controller_native_action
smolvla-libero_10-task03-state13,SmolVLA,libero_10,3,13,200,8,rotation,0.043440676325697564,controller_native_action
smolvla-libero_10-task03-state13,SmolVLA,libero_10,3,13,200,8,gripper,0.3166102957678444,controller_native_action
smolvla-libero_10-task03-state13,SmolVLA,libero_10,3,13,200,8,arm_original,0.1178452589550285,controller_native_action
smolvla-libero_10-task03-state13,SmolVLA,libero_10,3,13,200,9,translation,0.1602434985386676,controller_native_action
smolvla-libero_10-task03-state13,SmolVLA,libero_10,3,13,200,9,rotation,0.04578236542652814,controller_native_action
smolvla-libero_10-task03-state13,SmolVLA,libero_10,3,13,200,9,gripper,0.44715765179199146,controller_native_action
smolvla-libero_10-task03-state13,SmolVLA,libero_10,3,13,200,9,arm_original,0.11784312412686647,controller_native_action
smolvla-libero_10-task03-state13,SmolVLA,libero_10,3,13,200,10,translation,0.1663375878156275,controller_native_action
smolvla-libero_10-task03-state13,SmolVLA,libero_10,3,13,200,10,rotation,0.0456255579302057,controller_native_action
smolvla-libero_10-task03-state13,SmolVLA,libero_10,3,13,200,10,gripper,0.40117814290415177,controller_native_action
smolvla-libero_10-task03-state13,SmolVLA,libero_10,3,13,200,10,arm_original,0.12196287274569285,controller_native_action
smolvla-libero_10-task03-state13,SmolVLA,libero_10,3,13,200,11,translation,0.1758490921833116,controller_native_action
smolvla-libero_10-task03-state13,SmolVLA,libero_10,3,13,200,11,rotation,0.04619037988810853,controller_native_action
smolvla-libero_10-task03-state13,SmolVLA,libero_10,3,13,200,11,gripper,0.448297792598706,controller_native_action
smolvla-libero_10-task03-state13,SmolVLA,libero_10,3,13,200,11,arm_original,0.1285621530931685,controller_native_action
smolvla-libero_10-task03-state13,SmolVLA,libero_10,3,13,200,12,translation,0.1764402741637898,controller_native_action
smolvla-libero_10-task03-state13,SmolVLA,libero_10,3,13,200,12,rotation,0.04568658363530203,controller_native_action
smolvla-libero_10-task03-state13,SmolVLA,libero_10,3,13,200,12,gripper,0.3756410827104622,controller_native_action
smolvla-libero_10-task03-state13,SmolVLA,libero_10,3,13,200,12,arm_original,0.12887675172671514,controller_native_action
smolvla-libero_10-task03-state13,SmolVLA,libero_10,3,13,200,13,translation,0.16990961631022292,controller_native_action
smolvla-libero_10-task03-state13,SmolVLA,libero_10,3,13,200,13,rotation,0.047353397569885575,controller_native_action
smolvla-libero_10-task03-state13,SmolVLA,libero_10,3,13,200,13,gripper,0.34763451979556,controller_native_action
smolvla-libero_10-task03-state13,SmolVLA,libero_10,3,13,200,13,arm_original,0.12472293689634399,controller_native_action
smolvla-libero_10-task03-state13,SmolVLA,libero_10,3,13,200,14,translation,0.17435326677262414,controller_native_action
smolvla-libero_10-task03-state13,SmolVLA,libero_10,3,13,200,14,rotation,0.046938799080628944,controller_native_action
smolvla-libero_10-task03-state13,SmolVLA,libero_10,3,13,200,14,gripper,0.44808529460914126,controller_native_action
smolvla-libero_10-task03-state13,SmolVLA,libero_10,3,13,200,14,arm_original,0.12767598147932424,controller_native_action
smolvla-libero_10-task03-state13,SmolVLA,libero_10,3,13,200,15,translation,0.1755483630398024,controller_native_action
smolvla-libero_10-task03-state13,SmolVLA,libero_10,3,13,200,15,rotation,0.04807973392809254,controller_native_action
smolvla-libero_10-task03-state13,SmolVLA,libero_10,3,13,200,15,gripper,0.37727306924687604,controller_native_action
smolvla-libero_10-task03-state13,SmolVLA,libero_10,3,13,200,15,arm_original,0.12870293038728844,controller_native_action
smolvla-libero_10-task03-state14,SmolVLA,libero_10,3,14,215,0,translation,0.0,controller_native_action
smolvla-libero_10-task03-state14,SmolVLA,libero_10,3,14,215,0,rotation,0.0,controller_native_action
smolvla-libero_10-task03-state14,SmolVLA,libero_10,3,14,215,0,gripper,0.0,controller_native_action
smolvla-libero_10-task03-state14,SmolVLA,libero_10,3,14,215,0,arm_original,0.0,controller_native_action
smolvla-libero_10-task03-state14,SmolVLA,libero_10,3,14,215,1,translation,0.1474073841764105,controller_native_action
smolvla-libero_10-task03-state14,SmolVLA,libero_10,3,14,215,1,rotation,0.04077544126567839,controller_native_action
smolvla-libero_10-task03-state14,SmolVLA,libero_10,3,14,215,1,gripper,0.42837848032141707,controller_native_action
smolvla-libero_10-task03-state14,SmolVLA,libero_10,3,14,215,1,arm_original,0.10814706080181435,controller_native_action
smolvla-libero_10-task03-state14,SmolVLA,libero_10,3,14,215,2,translation,0.14981921476329038,controller_native_action
smolvla-libero_10-task03-state14,SmolVLA,libero_10,3,14,215,2,rotation,0.041413844869181426,controller_native_action
smolvla-libero_10-task03-state14,SmolVLA,libero_10,3,14,215,2,gripper,0.4735203180242498,controller_native_action
smolvla-libero_10-task03-state14,SmolVLA,libero_10,3,14,215,2,arm_original,0.10991110876325821,controller_native_action
smolvla-libero_10-task03-state14,SmolVLA,libero_10,3,14,215,3,translation,0.1427426281783249,controller_native_action
smolvla-libero_10-task03-state14,SmolVLA,libero_10,3,14,215,3,rotation,0.03907776697183862,controller_native_action
smolvla-libero_10-task03-state14,SmolVLA,libero_10,3,14,215,3,gripper,0.3254477482096473,controller_native_action
smolvla-libero_10-task03-state14,SmolVLA,libero_10,3,14,215,3,arm_original,0.10464829136388427,controller_native_action
smolvla-libero_10-task03-state14,SmolVLA,libero_10,3,14,215,4,translation,0.14802382611675183,controller_native_action
smolvla-libero_10-task03-state14,SmolVLA,libero_10,3,14,215,4,rotation,0.039295569065482365,controller_native_action
smolvla-libero_10-task03-state14,SmolVLA,libero_10,3,14,215,4,gripper,0.30481687188944345,controller_native_action
smolvla-libero_10-task03-state14,SmolVLA,libero_10,3,14,215,4,arm_original,0.10829403226037544,controller_native_action
smolvla-libero_10-task03-state14,SmolVLA,libero_10,3,14,215,5,translation,0.1493520456529143,controller_native_action
smolvla-libero_10-task03-state14,SmolVLA,libero_10,3,14,215,5,rotation,0.042224044330757785,controller_native_action
smolvla-libero_10-task03-state14,SmolVLA,libero_10,3,14,215,5,gripper,0.45448206737983815,controller_native_action
smolvla-libero_10-task03-state14,SmolVLA,libero_10,3,14,215,5,arm_original,0.10974721741428345,controller_native_action
smolvla-libero_10-task03-state14,SmolVLA,libero_10,3,14,215,6,translation,0.1495721152662471,controller_native_action
smolvla-libero_10-task03-state14,SmolVLA,libero_10,3,14,215,6,rotation,0.04216039312067062,controller_native_action
smolvla-libero_10-task03-state14,SmolVLA,libero_10,3,14,215,6,gripper,0.3331898724459261,controller_native_action
smolvla-libero_10-task03-state14,SmolVLA,libero_10,3,14,215,6,arm_original,0.10988474965460174,controller_native_action
smolvla-libero_10-task03-state14,SmolVLA,libero_10,3,14,215,7,translation,0.15125431256345676,controller_native_action
smolvla-libero_10-task03-state14,SmolVLA,libero_10,3,14,215,7,rotation,0.04111557714106029,controller_native_action
smolvla-libero_10-task03-state14,SmolVLA,libero_10,3,14,215,7,gripper,0.3607672837911708,controller_native_action
smolvla-libero_10-task03-state14,SmolVLA,libero_10,3,14,215,7,arm_original,0.11083401497890068,controller_native_action
smolvla-libero_10-task03-state14,SmolVLA,libero_10,3,14,215,8,translation,0.16089317421539953,controller_native_action
smolvla-libero_10-task03-state14,SmolVLA,libero_10,3,14,215,8,rotation,0.04276154312029308,controller_native_action
smolvla-libero_10-task03-state14,SmolVLA,libero_10,3,14,215,8,gripper,0.3070765558307511,controller_native_action
smolvla-libero_10-task03-state14,SmolVLA,libero_10,3,14,215,8,arm_original,0.11771822942759458,controller_native_action
smolvla-libero_10-task03-state14,SmolVLA,libero_10,3,14,215,9,translation,0.1550147087389958,controller_native_action
smolvla-libero_10-task03-state14,SmolVLA,libero_10,3,14,215,9,rotation,0.041652294486782405,controller_native_action
smolvla-libero_10-task03-state14,SmolVLA,libero_10,3,14,215,9,gripper,0.38628247583538944,controller_native_action
smolvla-libero_10-task03-state14,SmolVLA,libero_10,3,14,215,9,arm_original,0.113499941765292,controller_native_action
smolvla-libero_10-task03-state14,SmolVLA,libero_10,3,14,215,10,translation,0.15424625556933613,controller_native_action
smolvla-libero_10-task03-state14,SmolVLA,libero_10,3,14,215,10,rotation,0.04019609235240293,controller_native_action
smolvla-libero_10-task03-state14,SmolVLA,libero_10,3,14,215,10,gripper,0.3840874886347038,controller_native_action
smolvla-libero_10-task03-state14,SmolVLA,libero_10,3,14,215,10,arm_original,0.11271120884269645,controller_native_action
smolvla-libero_10-task03-state14,SmolVLA,libero_10,3,14,215,11,translation,0.1524710491280002,controller_native_action
smolvla-libero_10-task03-state14,SmolVLA,libero_10,3,14,215,11,rotation,0.04002000949995867,controller_native_action
smolvla-libero_10-task03-state14,SmolVLA,libero_10,3,14,215,11,gripper,0.3848607267461119,controller_native_action
smolvla-libero_10-task03-state14,SmolVLA,libero_10,3,14,215,11,arm_original,0.11146529052258784,controller_native_action
smolvla-libero_10-task03-state14,SmolVLA,libero_10,3,14,215,12,translation,0.15734901065909876,controller_native_action
smolvla-libero_10-task03-state14,SmolVLA,libero_10,3,14,215,12,rotation,0.04224114451196737,controller_native_action
smolvla-libero_10-task03-state14,SmolVLA,libero_10,3,14,215,12,gripper,0.40803005120384095,controller_native_action
smolvla-libero_10-task03-state14,SmolVLA,libero_10,3,14,215,12,arm_original,0.11520205172886047,controller_native_action
smolvla-libero_10-task03-state14,SmolVLA,libero_10,3,14,215,13,translation,0.15432839788300295,controller_native_action
smolvla-libero_10-task03-state14,SmolVLA,libero_10,3,14,215,13,rotation,0.042303987924208634,controller_native_action
smolvla-libero_10-task03-state14,SmolVLA,libero_10,3,14,215,13,gripper,0.4083649721843945,controller_native_action
smolvla-libero_10-task03-state14,SmolVLA,libero_10,3,14,215,13,arm_original,0.11315229071350269,controller_native_action
smolvla-libero_10-task03-state14,SmolVLA,libero_10,3,14,215,14,translation,0.1515737846142806,controller_native_action
smolvla-libero_10-task03-state14,SmolVLA,libero_10,3,14,215,14,rotation,0.04316983119629804,controller_native_action
smolvla-libero_10-task03-state14,SmolVLA,libero_10,3,14,215,14,gripper,0.36116122067626694,controller_native_action
smolvla-libero_10-task03-state14,SmolVLA,libero_10,3,14,215,14,arm_original,0.11144112012137439,controller_native_action
smolvla-libero_10-task03-state14,SmolVLA,libero_10,3,14,215,15,translation,0.15644652983929147,controller_native_action
smolvla-libero_10-task03-state14,SmolVLA,libero_10,3,14,215,15,rotation,0.04224600820359487,controller_native_action
smolvla-libero_10-task03-state14,SmolVLA,libero_10,3,14,215,15,gripper,0.49200152864056523,controller_native_action
smolvla-libero_10-task03-state14,SmolVLA,libero_10,3,14,215,15,arm_original,0.11458673986961695,controller_native_action
smolvla-libero_10-task03-state15,SmolVLA,libero_10,3,15,193,0,translation,0.0,controller_native_action
smolvla-libero_10-task03-state15,SmolVLA,libero_10,3,15,193,0,rotation,0.0,controller_native_action
smolvla-libero_10-task03-state15,SmolVLA,libero_10,3,15,193,0,gripper,0.0,controller_native_action
smolvla-libero_10-task03-state15,SmolVLA,libero_10,3,15,193,0,arm_original,0.0,controller_native_action
smolvla-libero_10-task03-state15,SmolVLA,libero_10,3,15,193,1,translation,0.15641116893924428,controller_native_action
smolvla-libero_10-task03-state15,SmolVLA,libero_10,3,15,193,1,rotation,0.0446813215549872,controller_native_action
smolvla-libero_10-task03-state15,SmolVLA,libero_10,3,15,193,1,gripper,0.32352383782486976,controller_native_action
smolvla-libero_10-task03-state15,SmolVLA,libero_10,3,15,193,1,arm_original,0.1150236372769549,controller_native_action
smolvla-libero_10-task03-state15,SmolVLA,libero_10,3,15,193,2,translation,0.16299807983202463,controller_native_action
smolvla-libero_10-task03-state15,SmolVLA,libero_10,3,15,193,2,rotation,0.046128909271930085,controller_native_action
smolvla-libero_10-task03-state15,SmolVLA,libero_10,3,15,193,2,gripper,0.32462687744747637,controller_native_action
smolvla-libero_10-task03-state15,SmolVLA,libero_10,3,15,193,2,arm_original,0.11978365977783663,controller_native_action
smolvla-libero_10-task03-state15,SmolVLA,libero_10,3,15,193,3,translation,0.15798319303581296,controller_native_action
smolvla-libero_10-task03-state15,SmolVLA,libero_10,3,15,193,3,rotation,0.044141958792620645,controller_native_action
smolvla-libero_10-task03-state15,SmolVLA,libero_10,3,15,193,3,gripper,0.37913937574616785,controller_native_action
smolvla-libero_10-task03-state15,SmolVLA,libero_10,3,15,193,3,arm_original,0.11598965860765424,controller_native_action
smolvla-libero_10-task03-state15,SmolVLA,libero_10,3,15,193,4,translation,0.16594773008788455,controller_native_action
smolvla-libero_10-task03-state15,SmolVLA,libero_10,3,15,193,4,rotation,0.04321506941162594,controller_native_action
smolvla-libero_10-task03-state15,SmolVLA,libero_10,3,15,193,4,gripper,0.4320841963121489,controller_native_action
smolvla-libero_10-task03-state15,SmolVLA,libero_10,3,15,193,4,arm_original,0.12125632219718077,controller_native_action
smolvla-libero_10-task03-state15,SmolVLA,libero_10,3,15,193,5,translation,0.1675584271266939,controller_native_action
smolvla-libero_10-task03-state15,SmolVLA,libero_10,3,15,193,5,rotation,0.04427605945739361,controller_native_action
smolvla-libero_10-task03-state15,SmolVLA,libero_10,3,15,193,5,gripper,0.40628810531422316,controller_native_action
smolvla-libero_10-task03-state15,SmolVLA,libero_10,3,15,193,5,arm_original,0.12254834952427193,controller_native_action
smolvla-libero_10-task03-state15,SmolVLA,libero_10,3,15,193,6,translation,0.16656662362886845,controller_native_action
smolvla-libero_10-task03-state15,SmolVLA,libero_10,3,15,193,6,rotation,0.041254287695071536,controller_native_action
smolvla-libero_10-task03-state15,SmolVLA,libero_10,3,15,193,6,gripper,0.40686467862766046,controller_native_action
smolvla-libero_10-task03-state15,SmolVLA,libero_10,3,15,193,6,arm_original,0.12133910408509874,controller_native_action
smolvla-libero_10-task03-state15,SmolVLA,libero_10,3,15,193,7,translation,0.165818608158319,controller_native_action
smolvla-libero_10-task03-state15,SmolVLA,libero_10,3,15,193,7,rotation,0.04329528558746153,controller_native_action
smolvla-libero_10-task03-state15,SmolVLA,libero_10,3,15,193,7,gripper,0.35254833825109283,controller_native_action
smolvla-libero_10-task03-state15,SmolVLA,libero_10,3,15,193,7,arm_original,0.12118228535075162,controller_native_action
smolvla-libero_10-task03-state15,SmolVLA,libero_10,3,15,193,8,translation,0.17128680945317298,controller_native_action
smolvla-libero_10-task03-state15,SmolVLA,libero_10,3,15,193,8,rotation,0.04250978392834952,controller_native_action
smolvla-libero_10-task03-state15,SmolVLA,libero_10,3,15,193,8,gripper,0.2399032265047973,controller_native_action
smolvla-libero_10-task03-state15,SmolVLA,libero_10,3,15,193,8,arm_original,0.12479233314247024,controller_native_action
smolvla-libero_10-task03-state15,SmolVLA,libero_10,3,15,193,9,translation,0.1729276753705745,controller_native_action
smolvla-libero_10-task03-state15,SmolVLA,libero_10,3,15,193,9,rotation,0.043402273809002336,controller_native_action
smolvla-libero_10-task03-state15,SmolVLA,libero_10,3,15,193,9,gripper,0.32254801966091706,controller_native_action
smolvla-libero_10-task03-state15,SmolVLA,libero_10,3,15,193,9,arm_original,0.12607088934576133,controller_native_action
smolvla-libero_10-task03-state15,SmolVLA,libero_10,3,15,193,10,translation,0.1771199375285653,controller_native_action
smolvla-libero_10-task03-state15,SmolVLA,libero_10,3,15,193,10,rotation,0.044412741757071814,controller_native_action
smolvla-libero_10-task03-state15,SmolVLA,libero_10,3,15,193,10,gripper,0.28745731364630306,controller_native_action
smolvla-libero_10-task03-state15,SmolVLA,libero_10,3,15,193,10,arm_original,0.1291200292373403,controller_native_action
smolvla-libero_10-task03-state15,SmolVLA,libero_10,3,15,193,11,translation,0.17323903184783607,controller_native_action
smolvla-libero_10-task03-state15,SmolVLA,libero_10,3,15,193,11,rotation,0.04377364937938919,controller_native_action
smolvla-libero_10-task03-state15,SmolVLA,libero_10,3,15,193,11,gripper,0.3819014924988003,controller_native_action
smolvla-libero_10-task03-state15,SmolVLA,libero_10,3,15,193,11,arm_original,0.126348515099239,controller_native_action
smolvla-libero_10-task03-state15,SmolVLA,libero_10,3,15,193,12,translation,0.1694728762749935,controller_native_action
smolvla-libero_10-task03-state15,SmolVLA,libero_10,3,15,193,12,rotation,0.043235482231736865,controller_native_action
smolvla-libero_10-task03-state15,SmolVLA,libero_10,3,15,193,12,gripper,0.321057454866007,controller_native_action
smolvla-libero_10-task03-state15,SmolVLA,libero_10,3,15,193,12,arm_original,0.12367368903030687,controller_native_action
smolvla-libero_10-task03-state15,SmolVLA,libero_10,3,15,193,13,translation,0.16856128392297243,controller_native_action
smolvla-libero_10-task03-state15,SmolVLA,libero_10,3,15,193,13,rotation,0.044259000783420974,controller_native_action
smolvla-libero_10-task03-state15,SmolVLA,libero_10,3,15,193,13,gripper,0.28850797026588365,controller_native_action
smolvla-libero_10-task03-state15,SmolVLA,libero_10,3,15,193,13,arm_original,0.12323101392934285,controller_native_action
smolvla-libero_10-task03-state15,SmolVLA,libero_10,3,15,193,14,translation,0.16728540840749842,controller_native_action
smolvla-libero_10-task03-state15,SmolVLA,libero_10,3,15,193,14,rotation,0.04501166017668324,controller_native_action
smolvla-libero_10-task03-state15,SmolVLA,libero_10,3,15,193,14,gripper,0.35419996394666164,controller_native_action
smolvla-libero_10-task03-state15,SmolVLA,libero_10,3,15,193,14,arm_original,0.12249583139422492,controller_native_action
smolvla-libero_10-task03-state15,SmolVLA,libero_10,3,15,193,15,translation,0.16451474111172557,controller_native_action
smolvla-libero_10-task03-state15,SmolVLA,libero_10,3,15,193,15,rotation,0.045621849432310305,controller_native_action
smolvla-libero_10-task03-state15,SmolVLA,libero_10,3,15,193,15,gripper,0.28874931581857605,controller_native_action
smolvla-libero_10-task03-state15,SmolVLA,libero_10,3,15,193,15,arm_original,0.12071961975727574,controller_native_action
smolvla-libero_10-task03-state16,SmolVLA,libero_10,3,16,505,0,translation,0.0,controller_native_action
smolvla-libero_10-task03-state16,SmolVLA,libero_10,3,16,505,0,rotation,0.0,controller_native_action
smolvla-libero_10-task03-state16,SmolVLA,libero_10,3,16,505,0,gripper,0.0,controller_native_action
smolvla-libero_10-task03-state16,SmolVLA,libero_10,3,16,505,0,arm_original,0.0,controller_native_action
smolvla-libero_10-task03-state16,SmolVLA,libero_10,3,16,505,1,translation,0.21716765450263387,controller_native_action
smolvla-libero_10-task03-state16,SmolVLA,libero_10,3,16,505,1,rotation,0.05313956225193418,controller_native_action
smolvla-libero_10-task03-state16,SmolVLA,libero_10,3,16,505,1,gripper,0.3010265277252467,controller_native_action
smolvla-libero_10-task03-state16,SmolVLA,libero_10,3,16,505,1,arm_original,0.15809111809096446,controller_native_action
smolvla-libero_10-task03-state16,SmolVLA,libero_10,3,16,505,2,translation,0.21306420203010906,controller_native_action
smolvla-libero_10-task03-state16,SmolVLA,libero_10,3,16,505,2,rotation,0.051678294930465524,controller_native_action
smolvla-libero_10-task03-state16,SmolVLA,libero_10,3,16,505,2,gripper,0.32305997830618854,controller_native_action
smolvla-libero_10-task03-state16,SmolVLA,libero_10,3,16,505,2,arm_original,0.15502741750033655,controller_native_action
smolvla-libero_10-task03-state16,SmolVLA,libero_10,3,16,505,3,translation,0.21047511963751653,controller_native_action
smolvla-libero_10-task03-state16,SmolVLA,libero_10,3,16,505,3,rotation,0.051695946579928403,controller_native_action
smolvla-libero_10-task03-state16,SmolVLA,libero_10,3,16,505,3,gripper,0.3105820834955196,controller_native_action
smolvla-libero_10-task03-state16,SmolVLA,libero_10,3,16,505,3,arm_original,0.1532518301346214,controller_native_action
smolvla-libero_10-task03-state16,SmolVLA,libero_10,3,16,505,4,translation,0.2084109388342587,controller_native_action
smolvla-libero_10-task03-state16,SmolVLA,libero_10,3,16,505,4,rotation,0.05069381612896284,controller_native_action
smolvla-libero_10-task03-state16,SmolVLA,libero_10,3,16,505,4,gripper,0.308085647647427,controller_native_action
smolvla-libero_10-task03-state16,SmolVLA,libero_10,3,16,505,4,arm_original,0.15166572193395286,controller_native_action
smolvla-libero_10-task03-state16,SmolVLA,libero_10,3,16,505,5,translation,0.2123050143498359,controller_native_action
smolvla-libero_10-task03-state16,SmolVLA,libero_10,3,16,505,5,rotation,0.05010930592852249,controller_native_action
smolvla-libero_10-task03-state16,SmolVLA,libero_10,3,16,505,5,gripper,0.2940394137441757,controller_native_action
smolvla-libero_10-task03-state16,SmolVLA,libero_10,3,16,505,5,arm_original,0.15424714204600726,controller_native_action
smolvla-libero_10-task03-state16,SmolVLA,libero_10,3,16,505,6,translation,0.21465938755177466,controller_native_action
smolvla-libero_10-task03-state16,SmolVLA,libero_10,3,16,505,6,rotation,0.04958021909461715,controller_native_action
smolvla-libero_10-task03-state16,SmolVLA,libero_10,3,16,505,6,gripper,0.3247880384625766,controller_native_action
smolvla-libero_10-task03-state16,SmolVLA,libero_10,3,16,505,6,arm_original,0.1557832641678387,controller_native_action
smolvla-libero_10-task03-state16,SmolVLA,libero_10,3,16,505,7,translation,0.21183508860847386,controller_native_action
smolvla-libero_10-task03-state16,SmolVLA,libero_10,3,16,505,7,rotation,0.04893149075389524,controller_native_action
smolvla-libero_10-task03-state16,SmolVLA,libero_10,3,16,505,7,gripper,0.3007499442118069,controller_native_action
smolvla-libero_10-task03-state16,SmolVLA,libero_10,3,16,505,7,arm_original,0.15373417894723101,controller_native_action
smolvla-libero_10-task03-state16,SmolVLA,libero_10,3,16,505,8,translation,0.21116945136426515,controller_native_action
smolvla-libero_10-task03-state16,SmolVLA,libero_10,3,16,505,8,rotation,0.04847046603235006,controller_native_action
smolvla-libero_10-task03-state16,SmolVLA,libero_10,3,16,505,8,gripper,0.3339417232137106,controller_native_action
smolvla-libero_10-task03-state16,SmolVLA,libero_10,3,16,505,8,arm_original,0.15320235518241543,controller_native_action
smolvla-libero_10-task03-state16,SmolVLA,libero_10,3,16,505,9,translation,0.22156596736943573,controller_native_action
smolvla-libero_10-task03-state16,SmolVLA,libero_10,3,16,505,9,rotation,0.048703865829757595,controller_native_action
smolvla-libero_10-task03-state16,SmolVLA,libero_10,3,16,505,9,gripper,0.37873339349551977,controller_native_action
smolvla-libero_10-task03-state16,SmolVLA,libero_10,3,16,505,9,arm_original,0.16041125964706607,controller_native_action
smolvla-libero_10-task03-state16,SmolVLA,libero_10,3,16,505,10,translation,0.2219646673770305,controller_native_action
smolvla-libero_10-task03-state16,SmolVLA,libero_10,3,16,505,10,rotation,0.04918224931296168,controller_native_action
smolvla-libero_10-task03-state16,SmolVLA,libero_10,3,16,505,10,gripper,0.3383120099358185,controller_native_action
smolvla-libero_10-task03-state16,SmolVLA,libero_10,3,16,505,10,arm_original,0.16075945883723,controller_native_action
smolvla-libero_10-task03-state16,SmolVLA,libero_10,3,16,505,11,translation,0.2191983063486528,controller_native_action
smolvla-libero_10-task03-state16,SmolVLA,libero_10,3,16,505,11,rotation,0.04796130270440706,controller_native_action
smolvla-libero_10-task03-state16,SmolVLA,libero_10,3,16,505,11,gripper,0.3433445917287649,controller_native_action
smolvla-libero_10-task03-state16,SmolVLA,libero_10,3,16,505,11,arm_original,0.15866345524918712,controller_native_action
smolvla-libero_10-task03-state16,SmolVLA,libero_10,3,16,505,12,translation,0.22925413847874068,controller_native_action
smolvla-libero_10-task03-state16,SmolVLA,libero_10,3,16,505,12,rotation,0.04911316170686301,controller_native_action
smolvla-libero_10-task03-state16,SmolVLA,libero_10,3,16,505,12,gripper,0.337487286547493,controller_native_action
smolvla-libero_10-task03-state16,SmolVLA,libero_10,3,16,505,12,arm_original,0.16578534715479845,controller_native_action
smolvla-libero_10-task03-state16,SmolVLA,libero_10,3,16,505,13,translation,0.22121086539175763,controller_native_action
smolvla-libero_10-task03-state16,SmolVLA,libero_10,3,16,505,13,rotation,0.048853588540449355,controller_native_action
smolvla-libero_10-task03-state16,SmolVLA,libero_10,3,16,505,13,gripper,0.346753109801985,controller_native_action
smolvla-libero_10-task03-state16,SmolVLA,libero_10,3,16,505,13,arm_original,0.16018882620309358,controller_native_action
smolvla-libero_10-task03-state16,SmolVLA,libero_10,3,16,505,14,translation,0.22326526100082697,controller_native_action
smolvla-libero_10-task03-state16,SmolVLA,libero_10,3,16,505,14,rotation,0.04870375863338208,controller_native_action
smolvla-libero_10-task03-state16,SmolVLA,libero_10,3,16,505,14,gripper,0.38587272070620593,controller_native_action
smolvla-libero_10-task03-state16,SmolVLA,libero_10,3,16,505,14,arm_original,0.16158501303460376,controller_native_action
smolvla-libero_10-task03-state16,SmolVLA,libero_10,3,16,505,15,translation,0.2266220834459224,controller_native_action
smolvla-libero_10-task03-state16,SmolVLA,libero_10,3,16,505,15,rotation,0.04914981843166626,controller_native_action
smolvla-libero_10-task03-state16,SmolVLA,libero_10,3,16,505,15,gripper,0.3365399594243562,controller_native_action
smolvla-libero_10-task03-state16,SmolVLA,libero_10,3,16,505,15,arm_original,0.1639714508035414,controller_native_action
smolvla-libero_10-task03-state17,SmolVLA,libero_10,3,17,505,0,translation,0.0,controller_native_action
smolvla-libero_10-task03-state17,SmolVLA,libero_10,3,17,505,0,rotation,0.0,controller_native_action
smolvla-libero_10-task03-state17,SmolVLA,libero_10,3,17,505,0,gripper,0.0,controller_native_action
smolvla-libero_10-task03-state17,SmolVLA,libero_10,3,17,505,0,arm_original,0.0,controller_native_action
smolvla-libero_10-task03-state17,SmolVLA,libero_10,3,17,505,1,translation,0.18872831674378407,controller_native_action
smolvla-libero_10-task03-state17,SmolVLA,libero_10,3,17,505,1,rotation,0.052602057765436964,controller_native_action
smolvla-libero_10-task03-state17,SmolVLA,libero_10,3,17,505,1,gripper,0.28946797316570627,controller_native_action
smolvla-libero_10-task03-state17,SmolVLA,libero_10,3,17,505,1,arm_original,0.13853763752515136,controller_native_action
smolvla-libero_10-task03-state17,SmolVLA,libero_10,3,17,505,2,translation,0.18689963788968633,controller_native_action
smolvla-libero_10-task03-state17,SmolVLA,libero_10,3,17,505,2,rotation,0.04996966883376444,controller_native_action
smolvla-libero_10-task03-state17,SmolVLA,libero_10,3,17,505,2,gripper,0.2593956914885911,controller_native_action
smolvla-libero_10-task03-state17,SmolVLA,libero_10,3,17,505,2,arm_original,0.13679993137178828,controller_native_action
smolvla-libero_10-task03-state17,SmolVLA,libero_10,3,17,505,3,translation,0.1872691033354607,controller_native_action
smolvla-libero_10-task03-state17,SmolVLA,libero_10,3,17,505,3,rotation,0.05041472030341456,controller_native_action
smolvla-libero_10-task03-state17,SmolVLA,libero_10,3,17,505,3,gripper,0.2964228514386386,controller_native_action
smolvla-libero_10-task03-state17,SmolVLA,libero_10,3,17,505,3,arm_original,0.13713380525482946,controller_native_action
smolvla-libero_10-task03-state17,SmolVLA,libero_10,3,17,505,4,translation,0.1848665181484168,controller_native_action
smolvla-libero_10-task03-state17,SmolVLA,libero_10,3,17,505,4,rotation,0.048225147294087174,controller_native_action
smolvla-libero_10-task03-state17,SmolVLA,libero_10,3,17,505,4,gripper,0.3203714885947085,controller_native_action
smolvla-libero_10-task03-state17,SmolVLA,libero_10,3,17,505,4,arm_original,0.135094956167607,controller_native_action
smolvla-libero_10-task03-state17,SmolVLA,libero_10,3,17,505,5,translation,0.19057814815057406,controller_native_action
smolvla-libero_10-task03-state17,SmolVLA,libero_10,3,17,505,5,rotation,0.049163176090077886,controller_native_action
smolvla-libero_10-task03-state17,SmolVLA,libero_10,3,17,505,5,gripper,0.31962282495473676,controller_native_action
smolvla-libero_10-task03-state17,SmolVLA,libero_10,3,17,505,5,arm_original,0.13917084543065433,controller_native_action
smolvla-libero_10-task03-state17,SmolVLA,libero_10,3,17,505,6,translation,0.1975773357553552,controller_native_action
smolvla-libero_10-task03-state17,SmolVLA,libero_10,3,17,505,6,rotation,0.04819315041779283,controller_native_action
smolvla-libero_10-task03-state17,SmolVLA,libero_10,3,17,505,6,gripper,0.3310154614482078,controller_native_action
smolvla-libero_10-task03-state17,SmolVLA,libero_10,3,17,505,6,arm_original,0.14380435207492223,controller_native_action
smolvla-libero_10-task03-state17,SmolVLA,libero_10,3,17,505,7,translation,0.19610892127027976,controller_native_action
smolvla-libero_10-task03-state17,SmolVLA,libero_10,3,17,505,7,rotation,0.04942282126990095,controller_native_action
smolvla-libero_10-task03-state17,SmolVLA,libero_10,3,17,505,7,gripper,0.29069471770250754,controller_native_action
smolvla-libero_10-task03-state17,SmolVLA,libero_10,3,17,505,7,arm_original,0.14300581153238032,controller_native_action
smolvla-libero_10-task03-state17,SmolVLA,libero_10,3,17,505,8,translation,0.20802246892263104,controller_native_action
smolvla-libero_10-task03-state17,SmolVLA,libero_10,3,17,505,8,rotation,0.04892717365046336,controller_native_action
smolvla-libero_10-task03-state17,SmolVLA,libero_10,3,17,505,8,gripper,0.3127772052306465,controller_native_action
smolvla-libero_10-task03-state17,SmolVLA,libero_10,3,17,505,8,arm_original,0.1511079347653352,controller_native_action
smolvla-libero_10-task03-state17,SmolVLA,libero_10,3,17,505,9,translation,0.2081814691550438,controller_native_action
smolvla-libero_10-task03-state17,SmolVLA,libero_10,3,17,505,9,rotation,0.04888412661402606,controller_native_action
smolvla-libero_10-task03-state17,SmolVLA,libero_10,3,17,505,9,gripper,0.33280476413864385,controller_native_action
smolvla-libero_10-task03-state17,SmolVLA,libero_10,3,17,505,9,arm_original,0.15121041950601252,controller_native_action
smolvla-libero_10-task03-state17,SmolVLA,libero_10,3,17,505,10,translation,0.20870068534332262,controller_native_action
smolvla-libero_10-task03-state17,SmolVLA,libero_10,3,17,505,10,rotation,0.048971967255004877,controller_native_action
smolvla-libero_10-task03-state17,SmolVLA,libero_10,3,17,505,10,gripper,0.35554125938835673,controller_native_action
smolvla-libero_10-task03-state17,SmolVLA,libero_10,3,17,505,10,arm_original,0.15158203989852792,controller_native_action
smolvla-libero_10-task03-state17,SmolVLA,libero_10,3,17,505,11,translation,0.21191459959477138,controller_native_action
smolvla-libero_10-task03-state17,SmolVLA,libero_10,3,17,505,11,rotation,0.048939800884613575,controller_native_action
smolvla-libero_10-task03-state17,SmolVLA,libero_10,3,17,505,11,gripper,0.35254397713563784,controller_native_action
smolvla-libero_10-task03-state17,SmolVLA,libero_10,3,17,505,11,arm_original,0.15379028192970762,controller_native_action
smolvla-libero_10-task03-state17,SmolVLA,libero_10,3,17,505,12,translation,0.21976283480879363,controller_native_action
smolvla-libero_10-task03-state17,SmolVLA,libero_10,3,17,505,12,rotation,0.050020595658269794,controller_native_action
smolvla-libero_10-task03-state17,SmolVLA,libero_10,3,17,505,12,gripper,0.34021452059598734,controller_native_action
smolvla-libero_10-task03-state17,SmolVLA,libero_10,3,17,505,12,arm_original,0.1593702662876693,controller_native_action
smolvla-libero_10-task03-state17,SmolVLA,libero_10,3,17,505,13,translation,0.2193308640979652,controller_native_action
smolvla-libero_10-task03-state17,SmolVLA,libero_10,3,17,505,13,rotation,0.05022370334430329,controller_native_action
smolvla-libero_10-task03-state17,SmolVLA,libero_10,3,17,505,13,gripper,0.3862367802947144,controller_native_action
smolvla-libero_10-task03-state17,SmolVLA,libero_10,3,17,505,13,arm_original,0.15910444419244965,controller_native_action
smolvla-libero_10-task03-state17,SmolVLA,libero_10,3,17,505,14,translation,0.21699132765880264,controller_native_action
smolvla-libero_10-task03-state17,SmolVLA,libero_10,3,17,505,14,rotation,0.050125501250082576,controller_native_action
smolvla-libero_10-task03-state17,SmolVLA,libero_10,3,17,505,14,gripper,0.39859247385038354,controller_native_action
smolvla-libero_10-task03-state17,SmolVLA,libero_10,3,17,505,14,arm_original,0.15747666835868396,controller_native_action
smolvla-libero_10-task03-state17,SmolVLA,libero_10,3,17,505,15,translation,0.21845586069910186,controller_native_action
smolvla-libero_10-task03-state17,SmolVLA,libero_10,3,17,505,15,rotation,0.05057914788451547,controller_native_action
smolvla-libero_10-task03-state17,SmolVLA,libero_10,3,17,505,15,gripper,0.336524830112182,controller_native_action
smolvla-libero_10-task03-state17,SmolVLA,libero_10,3,17,505,15,arm_original,0.15855789679878624,controller_native_action
smolvla-libero_10-task03-state18,SmolVLA,libero_10,3,18,192,0,translation,0.0,controller_native_action
smolvla-libero_10-task03-state18,SmolVLA,libero_10,3,18,192,0,rotation,0.0,controller_native_action
smolvla-libero_10-task03-state18,SmolVLA,libero_10,3,18,192,0,gripper,0.0,controller_native_action
smolvla-libero_10-task03-state18,SmolVLA,libero_10,3,18,192,0,arm_original,0.0,controller_native_action
smolvla-libero_10-task03-state18,SmolVLA,libero_10,3,18,192,1,translation,0.15581008715472822,controller_native_action
smolvla-libero_10-task03-state18,SmolVLA,libero_10,3,18,192,1,rotation,0.04402095042363458,controller_native_action
smolvla-libero_10-task03-state18,SmolVLA,libero_10,3,18,192,1,gripper,0.2919636546490771,controller_native_action
smolvla-libero_10-task03-state18,SmolVLA,libero_10,3,18,192,1,arm_original,0.11448717687008467,controller_native_action
smolvla-libero_10-task03-state18,SmolVLA,libero_10,3,18,192,2,translation,0.1534490379134561,controller_native_action
smolvla-libero_10-task03-state18,SmolVLA,libero_10,3,18,192,2,rotation,0.04367254618279423,controller_native_action
smolvla-libero_10-task03-state18,SmolVLA,libero_10,3,18,192,2,gripper,0.45899832663901324,controller_native_action
smolvla-libero_10-task03-state18,SmolVLA,libero_10,3,18,192,2,arm_original,0.11281378135372819,controller_native_action
smolvla-libero_10-task03-state18,SmolVLA,libero_10,3,18,192,3,translation,0.15340518483730833,controller_native_action
smolvla-libero_10-task03-state18,SmolVLA,libero_10,3,18,192,3,rotation,0.04373038716655945,controller_native_action
smolvla-libero_10-task03-state18,SmolVLA,libero_10,3,18,192,3,gripper,0.3842735537824155,controller_native_action
smolvla-libero_10-task03-state18,SmolVLA,libero_10,3,18,192,3,arm_original,0.11279516278791817,controller_native_action
smolvla-libero_10-task03-state18,SmolVLA,libero_10,3,18,192,4,translation,0.1512420776777438,controller_native_action
smolvla-libero_10-task03-state18,SmolVLA,libero_10,3,18,192,4,rotation,0.04163373419982008,controller_native_action
smolvla-libero_10-task03-state18,SmolVLA,libero_10,3,18,192,4,gripper,0.48116376559780466,controller_native_action
smolvla-libero_10-task03-state18,SmolVLA,libero_10,3,18,192,4,arm_original,0.11092234644944625,controller_native_action
smolvla-libero_10-task03-state18,SmolVLA,libero_10,3,18,192,5,translation,0.15548515143579641,controller_native_action
smolvla-libero_10-task03-state18,SmolVLA,libero_10,3,18,192,5,rotation,0.04316153125697091,controller_native_action
smolvla-libero_10-task03-state18,SmolVLA,libero_10,3,18,192,5,gripper,0.3242860367122253,controller_native_action
smolvla-libero_10-task03-state18,SmolVLA,libero_10,3,18,192,5,arm_original,0.11410203788157997,controller_native_action
smolvla-libero_10-task03-state18,SmolVLA,libero_10,3,18,192,6,translation,0.15598549251243246,controller_native_action
smolvla-libero_10-task03-state18,SmolVLA,libero_10,3,18,192,6,rotation,0.04270991451632233,controller_native_action
smolvla-libero_10-task03-state18,SmolVLA,libero_10,3,18,192,6,gripper,0.43515849253807803,controller_native_action
smolvla-libero_10-task03-state18,SmolVLA,libero_10,3,18,192,6,arm_original,0.11435823248095801,controller_native_action
smolvla-libero_10-task03-state18,SmolVLA,libero_10,3,18,192,7,translation,0.1535791184111033,controller_native_action
smolvla-libero_10-task03-state18,SmolVLA,libero_10,3,18,192,7,rotation,0.04345325337828057,controller_native_action
smolvla-libero_10-task03-state18,SmolVLA,libero_10,3,18,192,7,gripper,0.3838011719255706,controller_native_action
smolvla-libero_10-task03-state18,SmolVLA,libero_10,3,18,192,7,arm_original,0.11285993718119981,controller_native_action
smolvla-libero_10-task03-state18,SmolVLA,libero_10,3,18,192,8,translation,0.16149320467043562,controller_native_action
smolvla-libero_10-task03-state18,SmolVLA,libero_10,3,18,192,8,rotation,0.04325357770748027,controller_native_action
smolvla-libero_10-task03-state18,SmolVLA,libero_10,3,18,192,8,gripper,0.43344545636685816,controller_native_action
smolvla-libero_10-task03-state18,SmolVLA,libero_10,3,18,192,8,arm_original,0.1182178648496585,controller_native_action
smolvla-libero_10-task03-state18,SmolVLA,libero_10,3,18,192,9,translation,0.1591999663454649,controller_native_action
smolvla-libero_10-task03-state18,SmolVLA,libero_10,3,18,192,9,rotation,0.043102216280850175,controller_native_action
smolvla-libero_10-task03-state18,SmolVLA,libero_10,3,18,192,9,gripper,0.3821526977332845,controller_native_action
smolvla-libero_10-task03-state18,SmolVLA,libero_10,3,18,192,9,arm_original,0.11662424776331537,controller_native_action
smolvla-libero_10-task03-state18,SmolVLA,libero_10,3,18,192,10,translation,0.15433063421604773,controller_native_action
smolvla-libero_10-task03-state18,SmolVLA,libero_10,3,18,192,10,rotation,0.04456651268142733,controller_native_action
smolvla-libero_10-task03-state18,SmolVLA,libero_10,3,18,192,10,gripper,0.3825635428574414,controller_native_action
smolvla-libero_10-task03-state18,SmolVLA,libero_10,3,18,192,10,arm_original,0.11358723235934431,controller_native_action
smolvla-libero_10-task03-state18,SmolVLA,libero_10,3,18,192,11,translation,0.15477849265629579,controller_native_action
smolvla-libero_10-task03-state18,SmolVLA,libero_10,3,18,192,11,rotation,0.043297706820950556,controller_native_action
smolvla-libero_10-task03-state18,SmolVLA,libero_10,3,18,192,11,gripper,0.4768505158511215,controller_native_action
smolvla-libero_10-task03-state18,SmolVLA,libero_10,3,18,192,11,arm_original,0.11364654241310644,controller_native_action
smolvla-libero_10-task03-state18,SmolVLA,libero_10,3,18,192,12,translation,0.16281000028032952,controller_native_action
smolvla-libero_10-task03-state18,SmolVLA,libero_10,3,18,192,12,rotation,0.043540300336628285,controller_native_action
smolvla-libero_10-task03-state18,SmolVLA,libero_10,3,18,192,12,gripper,0.5013491012448624,controller_native_action
smolvla-libero_10-task03-state18,SmolVLA,libero_10,3,18,192,12,arm_original,0.11916974017065887,controller_native_action
smolvla-libero_10-task03-state18,SmolVLA,libero_10,3,18,192,13,translation,0.16657263779437156,controller_native_action
smolvla-libero_10-task03-state18,SmolVLA,libero_10,3,18,192,13,rotation,0.04174960079407779,controller_native_action
smolvla-libero_10-task03-state18,SmolVLA,libero_10,3,18,192,13,gripper,0.43298575040743126,controller_native_action
smolvla-libero_10-task03-state18,SmolVLA,libero_10,3,18,192,13,arm_original,0.12142790624119269,controller_native_action
smolvla-libero_10-task03-state18,SmolVLA,libero_10,3,18,192,14,translation,0.16039378850593905,controller_native_action
smolvla-libero_10-task03-state18,SmolVLA,libero_10,3,18,192,14,rotation,0.043940143765026356,controller_native_action
smolvla-libero_10-task03-state18,SmolVLA,libero_10,3,18,192,14,gripper,0.498486750233641,controller_native_action
smolvla-libero_10-task03-state18,SmolVLA,libero_10,3,18,192,14,arm_original,0.11759443784758507,controller_native_action
smolvla-libero_10-task03-state18,SmolVLA,libero_10,3,18,192,15,translation,0.16778092500706374,controller_native_action
smolvla-libero_10-task03-state18,SmolVLA,libero_10,3,18,192,15,rotation,0.04307060439608721,controller_native_action
smolvla-libero_10-task03-state18,SmolVLA,libero_10,3,18,192,15,gripper,0.49816580903835667,controller_native_action
smolvla-libero_10-task03-state18,SmolVLA,libero_10,3,18,192,15,arm_original,0.12248574561815385,controller_native_action
smolvla-libero_10-task03-state19,SmolVLA,libero_10,3,19,505,0,translation,0.0,controller_native_action
smolvla-libero_10-task03-state19,SmolVLA,libero_10,3,19,505,0,rotation,0.0,controller_native_action
smolvla-libero_10-task03-state19,SmolVLA,libero_10,3,19,505,0,gripper,0.0,controller_native_action
smolvla-libero_10-task03-state19,SmolVLA,libero_10,3,19,505,0,arm_original,0.0,controller_native_action
smolvla-libero_10-task03-state19,SmolVLA,libero_10,3,19,505,1,translation,0.24141880358750165,controller_native_action
smolvla-libero_10-task03-state19,SmolVLA,libero_10,3,19,505,1,rotation,0.05672923341836462,controller_native_action
smolvla-libero_10-task03-state19,SmolVLA,libero_10,3,19,505,1,gripper,0.29166853052604735,controller_native_action
smolvla-libero_10-task03-state19,SmolVLA,libero_10,3,19,505,1,arm_original,0.1753585536121007,controller_native_action
smolvla-libero_10-task03-state19,SmolVLA,libero_10,3,19,505,2,translation,0.21850751463423285,controller_native_action
smolvla-libero_10-task03-state19,SmolVLA,libero_10,3,19,505,2,rotation,0.05347488640091996,controller_native_action
smolvla-libero_10-task03-state19,SmolVLA,libero_10,3,19,505,2,gripper,0.2660972088008543,controller_native_action
smolvla-libero_10-task03-state19,SmolVLA,libero_10,3,19,505,2,arm_original,0.15906774881669253,controller_native_action
smolvla-libero_10-task03-state19,SmolVLA,libero_10,3,19,505,3,translation,0.2214231508571335,controller_native_action
smolvla-libero_10-task03-state19,SmolVLA,libero_10,3,19,505,3,rotation,0.051139646843862206,controller_native_action
smolvla-libero_10-task03-state19,SmolVLA,libero_10,3,19,505,3,gripper,0.27663585372240657,controller_native_action
smolvla-libero_10-task03-state19,SmolVLA,libero_10,3,19,505,3,arm_original,0.1606914360114064,controller_native_action
smolvla-libero_10-task03-state19,SmolVLA,libero_10,3,19,505,4,translation,0.22253482217873508,controller_native_action
smolvla-libero_10-task03-state19,SmolVLA,libero_10,3,19,505,4,rotation,0.05058503610641388,controller_native_action
smolvla-libero_10-task03-state19,SmolVLA,libero_10,3,19,505,4,gripper,0.25297736891760125,controller_native_action
smolvla-libero_10-task03-state19,SmolVLA,libero_10,3,19,505,4,arm_original,0.16137006066803167,controller_native_action
smolvla-libero_10-task03-state19,SmolVLA,libero_10,3,19,505,5,translation,0.22219117918474365,controller_native_action
smolvla-libero_10-task03-state19,SmolVLA,libero_10,3,19,505,5,rotation,0.05030489300728055,controller_native_action
smolvla-libero_10-task03-state19,SmolVLA,libero_10,3,19,505,5,gripper,0.3274384594805874,controller_native_action
smolvla-libero_10-task03-state19,SmolVLA,libero_10,3,19,505,5,arm_original,0.16108926464538348,controller_native_action
smolvla-libero_10-task03-state19,SmolVLA,libero_10,3,19,505,6,translation,0.2315127464189915,controller_native_action
smolvla-libero_10-task03-state19,SmolVLA,libero_10,3,19,505,6,rotation,0.051931840444910365,controller_native_action
smolvla-libero_10-task03-state19,SmolVLA,libero_10,3,19,505,6,gripper,0.32889325475950465,controller_native_action
smolvla-libero_10-task03-state19,SmolVLA,libero_10,3,19,505,6,arm_original,0.1677722679802295,controller_native_action
smolvla-libero_10-task03-state19,SmolVLA,libero_10,3,19,505,7,translation,0.22575022649811533,controller_native_action
smolvla-libero_10-task03-state19,SmolVLA,libero_10,3,19,505,7,rotation,0.049659003516275835,controller_native_action
smolvla-libero_10-task03-state19,SmolVLA,libero_10,3,19,505,7,gripper,0.29571904321053794,controller_native_action
smolvla-libero_10-task03-state19,SmolVLA,libero_10,3,19,505,7,arm_original,0.16344598709387126,controller_native_action
smolvla-libero_10-task03-state19,SmolVLA,libero_10,3,19,505,8,translation,0.2261364456171501,controller_native_action
smolvla-libero_10-task03-state19,SmolVLA,libero_10,3,19,505,8,rotation,0.04956596347293483,controller_native_action
smolvla-libero_10-task03-state19,SmolVLA,libero_10,3,19,505,8,gripper,0.345447667868955,controller_native_action
smolvla-libero_10-task03-state19,SmolVLA,libero_10,3,19,505,8,arm_original,0.16369862059797358,controller_native_action
smolvla-libero_10-task03-state19,SmolVLA,libero_10,3,19,505,9,translation,0.22901455810854718,controller_native_action
smolvla-libero_10-task03-state19,SmolVLA,libero_10,3,19,505,9,rotation,0.051555834672455086,controller_native_action
smolvla-libero_10-task03-state19,SmolVLA,libero_10,3,19,505,9,gripper,0.3721845832968301,controller_native_action
smolvla-libero_10-task03-state19,SmolVLA,libero_10,3,19,505,9,arm_original,0.16599046947705562,controller_native_action
smolvla-libero_10-task03-state19,SmolVLA,libero_10,3,19,505,10,translation,0.23476886655073514,controller_native_action
smolvla-libero_10-task03-state19,SmolVLA,libero_10,3,19,505,10,rotation,0.050666868858779676,controller_native_action
smolvla-libero_10-task03-state19,SmolVLA,libero_10,3,19,505,10,gripper,0.3337144397492996,controller_native_action
smolvla-libero_10-task03-state19,SmolVLA,libero_10,3,19,505,10,arm_original,0.16982866704633476,controller_native_action
smolvla-libero_10-task03-state19,SmolVLA,libero_10,3,19,505,11,translation,0.23369129636052502,controller_native_action
smolvla-libero_10-task03-state19,SmolVLA,libero_10,3,19,505,11,rotation,0.050519911882354177,controller_native_action
smolvla-libero_10-task03-state19,SmolVLA,libero_10,3,19,505,11,gripper,0.3440711931389498,controller_native_action
smolvla-libero_10-task03-state19,SmolVLA,libero_10,3,19,505,11,arm_original,0.16906194647416012,controller_native_action
smolvla-libero_10-task03-state19,SmolVLA,libero_10,3,19,505,12,translation,0.2358662395797252,controller_native_action
smolvla-libero_10-task03-state19,SmolVLA,libero_10,3,19,505,12,rotation,0.050998887822797295,controller_native_action
smolvla-libero_10-task03-state19,SmolVLA,libero_10,3,19,505,12,gripper,0.350857211803468,controller_native_action
smolvla-libero_10-task03-state19,SmolVLA,libero_10,3,19,505,12,arm_original,0.1706367040420123,controller_native_action
smolvla-libero_10-task03-state19,SmolVLA,libero_10,3,19,505,13,translation,0.24276962833716248,controller_native_action
smolvla-libero_10-task03-state19,SmolVLA,libero_10,3,19,505,13,rotation,0.05192539771771274,controller_native_action
smolvla-libero_10-task03-state19,SmolVLA,libero_10,3,19,505,13,gripper,0.34098708000719546,controller_native_action
smolvla-libero_10-task03-state19,SmolVLA,libero_10,3,19,505,13,arm_original,0.17554677349798636,controller_native_action
smolvla-libero_10-task03-state19,SmolVLA,libero_10,3,19,505,14,translation,0.23848713572130661,controller_native_action
smolvla-libero_10-task03-state19,SmolVLA,libero_10,3,19,505,14,rotation,0.05124113585071348,controller_native_action
smolvla-libero_10-task03-state19,SmolVLA,libero_10,3,19,505,14,gripper,0.3191511270403777,controller_native_action
smolvla-libero_10-task03-state19,SmolVLA,libero_10,3,19,505,14,arm_original,0.17248444554194473,controller_native_action
smolvla-libero_10-task03-state19,SmolVLA,libero_10,3,19,505,15,translation,0.2472692009695498,controller_native_action
smolvla-libero_10-task03-state19,SmolVLA,libero_10,3,19,505,15,rotation,0.05241534563016398,controller_native_action
smolvla-libero_10-task03-state19,SmolVLA,libero_10,3,19,505,15,gripper,0.3339228064840689,controller_native_action
smolvla-libero_10-task03-state19,SmolVLA,libero_10,3,19,505,15,arm_original,0.17873083982017368,controller_native_action
