run_dir,task_id,strategy,arm_horizon,gripper_horizon,episodes,successes,success_rate,environment_steps,policy_queries,query_rate,actions,out_of_bounds_by_dimension,metadata_sha256,episodes_sha256,steps_sha256,summary_sha256,checkpoint,lerobot_commit,temporal_ensemble_coeff,issues
experiments/runs/libero_object_cross_task/sanity/task_1_global_h8,1,global_fixed,8,8,5,3,0.6,987,125,0.12664640324214793,987,"[0, 0, 1, 0, 0, 0, 644]",b548e29d9dc95f8b74497b7a4fd47adcee6ed7f8f23743db19eddb12f6df5198,04754f852c5f3c9ba55b0e3944d3d2e1d65752389d20202c89ed5851927af149,19185e323de4a54148aae2fb6bb0bbaf38c5460eac489ee33cc08d3745049bac,dad2b9e0a0537c68134830c70e27a621faf0ebd6bee291a4f350bba28233f3dc,/home/thor/projects/checkpoints/zeromidnight_act_libero_object,f66e5128ecb2456e8c54a63d15404fa59c16aebc,,[]
experiments/runs/libero_object_cross_task/sanity/task_2_global_h8,2,global_fixed,8,8,5,4,0.8,710,90,0.1267605633802817,710,"[0, 0, 5, 0, 0, 0, 589]",8ab2558fec618db305bea76dcfd5672a6e26ff18ad80268ca719ee161e26e2d2,bae96cb3886d4a22b8618a108577c0a04aee7d77ef6c155ab77c92606caf1076,9ff56d8332c4db58c641d7e665d26bdfdd58a094c0bf44e6e67b4ac69eef455a,b8f3f56b5b20dd1d5480587fc1665006cedd4a855873c6eac88a40735dba42ce,/home/thor/projects/checkpoints/zeromidnight_act_libero_object,f66e5128ecb2456e8c54a63d15404fa59c16aebc,,[]
experiments/runs/libero_object_cross_task/sanity/task_3_global_h8,3,global_fixed,8,8,5,5,1.0,644,82,0.12732919254658384,644,"[0, 0, 0, 0, 0, 0, 602]",9f0d89eec550f4f3edf37e9ae143709a52da32946d3753d6b253857983175411,1619c712f34eb4670b2957d17298358f0a417fad385f920899b753661fc56d44,6f8af798d07bf4c90cbb3176494fc5f0cef77c7c0369051a25ce9a558ff4ebbe,392abf75e287d1a0e76b00b196d2418d8b7b3d3126b3546e9cab17b75008f40b,/home/thor/projects/checkpoints/zeromidnight_act_libero_object,f66e5128ecb2456e8c54a63d15404fa59c16aebc,,[]
experiments/runs/libero_object_cross_task/sanity/task_3_global_h8_partial_infrastructure,3,global_fixed,8,8,5,5,1.0,644,82,0.12732919254658384,644,"[0, 0, 0, 0, 0, 0, 602]",9f0d89eec550f4f3edf37e9ae143709a52da32946d3753d6b253857983175411,1619c712f34eb4670b2957d17298358f0a417fad385f920899b753661fc56d44,6f8af798d07bf4c90cbb3176494fc5f0cef77c7c0369051a25ce9a558ff4ebbe,392abf75e287d1a0e76b00b196d2418d8b7b3d3126b3546e9cab17b75008f40b,/home/thor/projects/checkpoints/zeromidnight_act_libero_object,f66e5128ecb2456e8c54a63d15404fa59c16aebc,,[]
experiments/runs/libero_object_cross_task/sanity/task_4_global_h8,4,global_fixed,8,8,5,3,0.6,978,123,0.12576687116564417,978,"[0, 0, 10, 0, 0, 0, 833]",980d01593edd456551da5e7e337c2a76e68f3899855a1bacdaf142f75559eea7,47366caa0bc79c9542b0d300d632005b1b6e38f3c92144f413c1d9b3c1d801bd,c359619e4803102e240530ecff6ec216a1acf9fdc48b1f159d9a6eed5aee4675,283c4852d533eadda7bd87e74d729e4183b3be69b3c7b202b96b7ab5c5bd18e3,/home/thor/projects/checkpoints/zeromidnight_act_libero_object,f66e5128ecb2456e8c54a63d15404fa59c16aebc,,[]
experiments/runs/libero_object_cross_task/sanity/task_5_global_h8,5,global_fixed,8,8,5,5,1.0,628,81,0.12898089171974522,628,"[0, 0, 0, 0, 0, 0, 581]",75055c8e0035e3e88359f06adc2b235c61c1b04ba79015de7f86441e5d74e703,f41f31625411738c38daa76a63e3a1b3dd7ec139489912b1232d3153323b3d91,7581e2eab41adab391622adb96288903edf0c56f0a06135d00373cdf95e60a3d,6d5ff7f52b88b29cffdc4b0cf66eb9c4fe1ab0966804e3a56b4e7bd9b92eb126,/home/thor/projects/checkpoints/zeromidnight_act_libero_object,f66e5128ecb2456e8c54a63d15404fa59c16aebc,,[]
experiments/runs/libero_object_cross_task/sanity/task_6_global_h8,6,global_fixed,8,8,5,3,0.6,972,122,0.12551440329218108,972,"[0, 0, 57, 0, 0, 0, 732]",4949aeb6c18c3d7d188c8fcc4fd5501587dd1a8e7a8b282eb6294859de475cfe,bc9cd8e87868c92ce688223d03a4f0ea2082b5f67b67e3210d7913817096d190,dc98acbddd72a02b8691271c15284a56faefe20d73246370b97aa8466ae7ce11,7b940078d7ab3705f4a7650f954eeb1c0e45afe1fda38ff446b1135ecf24f5e5,/home/thor/projects/checkpoints/zeromidnight_act_libero_object,f66e5128ecb2456e8c54a63d15404fa59c16aebc,,[]
experiments/runs/libero_object_cross_task/sanity/task_6_global_h8_partial_infrastructure,6,global_fixed,8,8,5,3,0.6,972,122,0.12551440329218108,972,"[0, 0, 57, 0, 0, 0, 732]",9327319ea8a06a5986166bd3927aa0536788b93bd5af00fc156b6b583f013800,bc9cd8e87868c92ce688223d03a4f0ea2082b5f67b67e3210d7913817096d190,dc98acbddd72a02b8691271c15284a56faefe20d73246370b97aa8466ae7ce11,,/home/thor/projects/checkpoints/zeromidnight_act_libero_object,f66e5128ecb2456e8c54a63d15404fa59c16aebc,,['observed_chunk_shape_not_100x7']
experiments/runs/libero_object_cross_task/sanity/task_7_global_h8,7,global_fixed,8,8,5,2,0.4,1078,135,0.12523191094619665,1078,"[0, 5, 1, 0, 0, 0, 635]",dfa17605c41cf26e1c03e26b414b1c72171a3d6687dbd9fe40ae00a3ede98cc7,e81379b2d555337215f9d171656a46200867bcd6c229c33230e3ddb652bb495c,b48796d4ffa01688fe0eb5d10b2a51c4e2f364a632ef36d22e7a63f4c2b06b64,29d1951325dab38baf56dd21a494523af1e6b66d4cfb8a52e8a5b14263994e3b,/home/thor/projects/checkpoints/zeromidnight_act_libero_object,f66e5128ecb2456e8c54a63d15404fa59c16aebc,,[]
experiments/runs/libero_object_cross_task/sanity/task_8_global_h8,8,global_fixed,8,8,5,1,0.2,1285,161,0.12529182879377432,1285,"[0, 9, 33, 0, 0, 0, 836]",f54c228f622eadd74c8fdeef6f954a75eff628dfdf85861a60569228a4479704,5caba10e726bae52fdf68abe91c2a0a8331e1ce5d6a093724b578e2e7bea8ce3,83167fdcd975cfa115163ba6a49f7ad48bf32dc1867d387397832aa88f944473,02600821fbab8343844a91cf624483e9fbd7ada8b4d3a86d3ffaf642f162fd31,/home/thor/projects/checkpoints/zeromidnight_act_libero_object,f66e5128ecb2456e8c54a63d15404fa59c16aebc,,[]
experiments/runs/libero_object_cross_task/sanity/task_8_global_h8_partial_infrastructure,8,global_fixed,8,8,5,1,0.2,1285,161,0.12529182879377432,1285,"[0, 9, 33, 0, 0, 0, 836]",74a792be7988e08f35f7be10139347f2c7cb5dce1238745202200baa1fefc39a,5caba10e726bae52fdf68abe91c2a0a8331e1ce5d6a093724b578e2e7bea8ce3,83167fdcd975cfa115163ba6a49f7ad48bf32dc1867d387397832aa88f944473,,/home/thor/projects/checkpoints/zeromidnight_act_libero_object,f66e5128ecb2456e8c54a63d15404fa59c16aebc,,['observed_chunk_shape_not_100x7']
experiments/runs/libero_object_cross_task/sanity/task_9_global_h8,9,global_fixed,8,8,5,4,0.8,730,93,0.1273972602739726,730,"[0, 0, 1, 0, 0, 0, 678]",df7ed184e17c57ce08ad7fdde06bf350659625332ee3f279f6216d56414aa094,f324060afcaaa396967b61c45dabd5a1ec5609613bd95e34f9aa50c66370d99e,cbc255aaf8e276360305e6931dcd7ce3ea4fa00d5807a78cf70187a8389c254c,cf0cc70e74dfe07e7dec4e089b8d5c3ef151ccb39680f71b0db62168a323b79a,/home/thor/projects/checkpoints/zeromidnight_act_libero_object,f66e5128ecb2456e8c54a63d15404fa59c16aebc,,[]
experiments/runs/libero_object_cross_task/task_1/global_h4,1,global_fixed,4,4,20,10,0.5,4265,1071,0.2511137162954279,4265,"[0, 0, 14, 0, 0, 0, 3324]",eb33242668a3c8e7387f552f645773f3c5b79b6346484850b6278dfeae88a62e,bfe0dfcd7f905b0af38a3430d8e231d9a03cb5625ab1aa8f49e730d69a1316aa,52e94e75b282e8fc0d2b767679e230a70fd52259fb4afae4c13dea2f4ab92ebd,5c2eaf5636328c922c7e1a90879fc05a105c357aaf407a3f5859763889195d81,/home/thor/projects/checkpoints/zeromidnight_act_libero_object,f66e5128ecb2456e8c54a63d15404fa59c16aebc,,[]
experiments/runs/libero_object_cross_task/task_1/group_arm16_grip16,1,groupwise_fixed,16,16,20,10,0.5,4462,289,0.06476916181084716,4462,"[0, 0, 7, 0, 0, 0, 2885]",5afdbfcc94d727047a168a5afd8fe5ea3c906ad33aa62153b38238e3b903cded,d8e5fdc05fc00e9c61414c9ba238cf60c670b93d083ee729fab0f9276bb74367,23e1aeb6f9755c8226ce1602b3920067704595157f75c6a10f154253e8e68bc8,6283ff79af501970555cfc7d128a8ccb40e30548f5e1c196c245bde44a2386ba,/home/thor/projects/checkpoints/zeromidnight_act_libero_object,f66e5128ecb2456e8c54a63d15404fa59c16aebc,,[]
experiments/runs/libero_object_cross_task/task_1/group_arm16_grip2,1,groupwise_fixed,16,2,20,4,0.2,5149,2576,0.5002913187026607,5149,"[0, 0, 7, 0, 0, 0, 4348]",714e63bcb99cf44a5d81246fd2ab6f09114beeadaf3dac568b2fbc6a37f11b3a,4749139caeea37d8ea0f4284bb8eba1e645f6601179714868ef486bd9978be8f,abf263c637b340b9f2ab356fb8ecc79a4148835b158c9d415319cd921506f405,919d0b48837aac5af7d55b6d76602eaee5d90fa91d55a605cfdf1a00a3760479,/home/thor/projects/checkpoints/zeromidnight_act_libero_object,f66e5128ecb2456e8c54a63d15404fa59c16aebc,,[]
experiments/runs/libero_object_cross_task/task_1/group_arm16_grip4,1,groupwise_fixed,16,4,20,6,0.3,4692,1175,0.25042625745950553,4692,"[0, 0, 0, 0, 0, 0, 3892]",6659b741920e95b60ef57539b22e78945ae359f1f2e77c58f04b39f10bbb2f4b,4efe6d98c7a4701885e4f3b427d1672d3b26dd2d3797c16e193affbe2a174ec1,1f7b93036de4d189a70225d33857b657fd23e0186bc363b0247cba559025f826,bf2cdf6c1d3f1764ec1b7be4ee7a1d8cbd9b0f5ab42a0345077c4ba9c533e129,/home/thor/projects/checkpoints/zeromidnight_act_libero_object,f66e5128ecb2456e8c54a63d15404fa59c16aebc,,[]
experiments/runs/libero_object_cross_task/task_1/group_arm16_grip8,1,groupwise_fixed,16,8,20,7,0.35,4723,592,0.12534406097819184,4723,"[0, 0, 1, 0, 0, 0, 3291]",03399f695a4d29371dbd52b926c9d9859260510f640c72e9bbd25d67f01660d9,a426543440882201d66f5dbdd658292b159c363f7f313e876466933573e79db7,80e8bd1dc2d1d002e0bdfd4a6290ad8b4d7b53f690abcd17b86988db1024e634,77f512e6cf7c7b15a7ba16ef9b9867bdb1acd5d53379d3e17b19230856a67dcb,/home/thor/projects/checkpoints/zeromidnight_act_libero_object,f66e5128ecb2456e8c54a63d15404fa59c16aebc,,[]
experiments/runs/libero_object_cross_task/task_1/group_arm2_grip16,1,groupwise_fixed,2,16,20,14,0.7,3904,1954,0.5005122950819673,3904,"[0, 0, 23, 0, 0, 0, 2819]",1510b55245f4a76e1a8e520b92034b12b7eccdce09a80714acc98a8adf67de67,496b38d30e9df057017b9cba9b42984b10688d83fd8535dd82cc725c3f7b2dee,2eb2411234630cc39c1f88fedd301e7cadc894f36b9d3d8b6851f526ba43b795,fe6112582ac46dc85fdadec23ce88149c4e3bd7d44a962f1e6bfaff15762c576,/home/thor/projects/checkpoints/zeromidnight_act_libero_object,f66e5128ecb2456e8c54a63d15404fa59c16aebc,,[]
experiments/runs/libero_object_cross_task/task_1/group_arm2_grip2,1,groupwise_fixed,2,2,20,6,0.3,4788,2396,0.5004177109440268,4788,"[0, 0, 6, 0, 0, 0, 3797]",eb4b6b3876f32c69c1ac469d5e005eef0b04a86800a1ab412c38532f616e6eaa,4157256bb9dddbd4b36869940926f76c85ab571b32661ba933e83e1633d52989,d7b26906d7bb5b91eb72071141907b99283c97a17a56559cd811b310158cee0f,9c56d45bb591e14bb4be8d08aa078ab8ddef86ddeca9893a7c86de7dc5652bde,/home/thor/projects/checkpoints/zeromidnight_act_libero_object,f66e5128ecb2456e8c54a63d15404fa59c16aebc,,[]
experiments/runs/libero_object_cross_task/task_1/group_arm2_grip8,1,groupwise_fixed,2,8,20,9,0.45,4339,2171,0.5003457017746025,4339,"[0, 0, 13, 0, 0, 0, 3144]",b844f080e1c82134b3c8ee9618e3f4a01534a757fe8f8e290035c9369d13cb7e,e4bdbc4fe116e5bae83713d9aea04395d6bb5c4cc1d3901aa5fa095f8daf4da2,90a30a766569b394ec92c7fcdf173bc5d638c54aa1cbc6b142b48aaf88b9455e,030c25a5e39106a53790021bfc14ceaec596fe1b35ff239e25bba4003d686047,/home/thor/projects/checkpoints/zeromidnight_act_libero_object,f66e5128ecb2456e8c54a63d15404fa59c16aebc,,[]
experiments/runs/libero_object_cross_task/task_1/group_arm4_grip16,1,groupwise_fixed,4,16,20,12,0.6,3956,993,0.25101112234580386,3956,"[0, 0, 20, 0, 0, 0, 2774]",558383ee06a5af60d6ab26d92f25a4b0cf6370dc4fe152882859d7230bbd8c45,77b2cf339ddf44bda5f906735412f49727111995ca1d90efaf10ab9127dab8b6,57df8862dd77837ac5d0f2a282d4a68e1a6f76b0373e78295a25490388fae8a7,51cf3a059b69279fb6bcedb877359b904636a3c0e97521a75194fc7221d6664b,/home/thor/projects/checkpoints/zeromidnight_act_libero_object,f66e5128ecb2456e8c54a63d15404fa59c16aebc,,[]
experiments/runs/libero_object_cross_task/task_1/group_arm4_grip4,1,groupwise_fixed,4,4,20,10,0.5,4265,1071,0.2511137162954279,4265,"[0, 0, 14, 0, 0, 0, 3324]",fe9a5a325751b6a54f9dd6f28c7bfa77670fe560787ff9689ff059a6670b90ee,4bf44478eebe902a52e1fb6def805437e169e3ea1a1297a80a396b7d635c130a,52e94e75b282e8fc0d2b767679e230a70fd52259fb4afae4c13dea2f4ab92ebd,5c2eaf5636328c922c7e1a90879fc05a105c357aaf407a3f5859763889195d81,/home/thor/projects/checkpoints/zeromidnight_act_libero_object,f66e5128ecb2456e8c54a63d15404fa59c16aebc,,[]
experiments/runs/libero_object_cross_task/task_1/group_arm8_grip16,1,groupwise_fixed,8,16,20,13,0.65,3978,501,0.12594268476621417,3978,"[0, 0, 9, 0, 0, 0, 2852]",283cb586a273bfd8fdbf40645596f9f482ccf01cd216a7811655f4d8097f6977,03ecaa0af18a03b73505669d0cc81e4359b6299f9ad68a3ebbda17c53a231719,74df0d3715e0e6c9aac90000d28d9d47743f714a1aa03c9855c58d5b85cf6a23,b52f23510980434f070830e4864e2c9e8a32f8710902f1c2fc9f299b6e580082,/home/thor/projects/checkpoints/zeromidnight_act_libero_object,f66e5128ecb2456e8c54a63d15404fa59c16aebc,,[]
experiments/runs/libero_object_cross_task/task_1/group_arm8_grip2,1,groupwise_fixed,8,2,20,6,0.3,4843,2424,0.5005162089613876,4843,"[0, 0, 8, 0, 0, 0, 4030]",953c44d89cb46f1408af4cc0201db2de2c5298721ee018727d5397b729b05b97,368d106dd6015bf4a19308a0e320eab370ff932775cbe2def7ea2b88dea6fe7f,e29e7f6ce01545a22f50c96242bf3928aca5ce8bc78064cf3dbb416ab5c56f75,0cd1cef22910979c90a36d8b747bfe216b7a89362372468ae24cb27a9fcf09fa,/home/thor/projects/checkpoints/zeromidnight_act_libero_object,f66e5128ecb2456e8c54a63d15404fa59c16aebc,,[]
experiments/runs/libero_object_cross_task/task_1/group_arm8_grip8,1,groupwise_fixed,8,8,20,9,0.45,4431,557,0.1257052584066802,4431,"[0, 0, 6, 0, 0, 0, 2800]",9ae347e1f8432d9dd7e4c886b0d02a65a78f1844934c630b7013967e05c6e45d,7cfe8a2bf828dceb01c27edbfc61825a1ee0449e30bdff036bf4c7b73f7e5f70,5631775d71e0b1f8c41c8226cc16c981f305419b56c3a623eedfaec4aed7af14,52e8ee09ea8fda15a538600034793b695b3e3968388e5fa0b18e56edca2b7f56,/home/thor/projects/checkpoints/zeromidnight_act_libero_object,f66e5128ecb2456e8c54a63d15404fa59c16aebc,,[]
experiments/runs/libero_object_cross_task/task_2/global_h4,2,global_fixed,4,4,20,15,0.75,3043,766,0.2517252711140322,3043,"[3, 0, 16, 0, 0, 0, 2359]",bceebd0c8df510ca04d26e2298ef4d2d4c618ab1a04c631d4a5b754cc50b41fd,c999a2819700aee3a51122f8a557a9a3fd5439b8a2fbd6f0f607951f086c39a9,7d96d68db6f513914329d2c4eb3be47b4fe1eb0ea0c2a4d9ad12af1299dfe4ab,e9a0cc1e27fb4870c34115c54ae03164fb3866ce9d9d42b156f5e89b7f88a5eb,/home/thor/projects/checkpoints/zeromidnight_act_libero_object,f66e5128ecb2456e8c54a63d15404fa59c16aebc,,[]
experiments/runs/libero_object_cross_task/task_2/group_arm16_grip16,2,groupwise_fixed,16,16,20,14,0.7,3263,212,0.06497088568801716,3263,"[2, 0, 38, 0, 0, 0, 2491]",6f742b5703ec9a25f154342410f0c5e3b5e8d0ac90ad39db66fbef804c523a84,e9361c2d708f5f612463b635a078ea6d26baba95780a34efe89ed627f0f24d02,3f898fe8f18abac9e62da5b69aa19d35bddf492a807f4588314f5bea8f1a2284,19ed1277de654c5d32bd38e260b49bc27f84d428342cbb12cd128e26952198c6,/home/thor/projects/checkpoints/zeromidnight_act_libero_object,f66e5128ecb2456e8c54a63d15404fa59c16aebc,,[]
experiments/runs/libero_object_cross_task/task_2/group_arm16_grip2,2,groupwise_fixed,16,2,20,13,0.65,3531,1770,0.5012744265080714,3531,"[2, 0, 23, 0, 0, 0, 3014]",cbae643ea61f93702e0223deadbf026ecd5d5c6d9da27b6355ab7c499fb61519,95da7d54a81959df3576828c375549e8f5e88f4e365edcf8e2a615c972ede690,96e378f67bbc54a4a3499d5dc521fb9d54fa0b844f6fc728528cd77b0f055dd7,d9913429233b07a062944407891d698f40b288a110ab2c0e173f4c184deacd4f,/home/thor/projects/checkpoints/zeromidnight_act_libero_object,f66e5128ecb2456e8c54a63d15404fa59c16aebc,,[]
experiments/runs/libero_object_cross_task/task_2/group_arm16_grip4,2,groupwise_fixed,16,4,20,13,0.65,3510,883,0.2515669515669516,3510,"[2, 0, 17, 0, 0, 0, 2694]",c7396fdefe1cca6c73c1ab8837e30eeb1314c9353af722dfd1d408de43544b0c,7540fd589f49066fded799fefc0ff0f93b1882c860bd555ffbd9cad8a4c47e53,35ae841f63811813b6c450e0500e2b146b628c745685abb15b6ee18f79b25699,30b86182de1d05352c0a7eccd169fb749049777eccd01946f581716c5a2a926e,/home/thor/projects/checkpoints/zeromidnight_act_libero_object,f66e5128ecb2456e8c54a63d15404fa59c16aebc,,[]
experiments/runs/libero_object_cross_task/task_2/group_arm16_grip8,2,groupwise_fixed,16,8,20,14,0.7,3366,427,0.12685680332739158,3366,"[2, 0, 30, 0, 0, 0, 2681]",7a1d7c5f746802de83d42e730a62efcad18f58450a27b1fcc13d512c7a516652,fd375087df16412b92bfc653aaf64e38df5a228a2c6630bff058e2dfae8bba4a,0b893605b81a11b655f25e05b0369093161794ef4d38aecb6db136899f916333,de4142bc51fbef676fa779d0b0ebc699181d27ecb53569604aa2ee8acac48444,/home/thor/projects/checkpoints/zeromidnight_act_libero_object,f66e5128ecb2456e8c54a63d15404fa59c16aebc,,[]
experiments/runs/libero_object_cross_task/task_2/group_arm2_grip16,2,groupwise_fixed,2,16,20,16,0.8,2957,1482,0.5011836320595198,2957,"[4, 0, 23, 0, 0, 0, 2422]",3d121f6d4f4c952d22337b8547ed827dbc98d8f2c5a05713e7b5e86dd92ca2d3,47ea4b43110aa6a89a17f948b204805e7f84b4a3ec4a6782cd971aa717e5d0e9,b1192bb6383cae72862aac0c562f70e8c3d3714fe102fd93f655a84fc6468284,4256227fb7c314a348991dd31f9d07619a8ac966898888a86a44ce1d66de8dec,/home/thor/projects/checkpoints/zeromidnight_act_libero_object,f66e5128ecb2456e8c54a63d15404fa59c16aebc,,[]
experiments/runs/libero_object_cross_task/task_2/group_arm2_grip2,2,groupwise_fixed,2,2,20,14,0.7,3266,1635,0.5006123698714023,3266,"[4, 0, 9, 0, 0, 0, 2469]",770dca8db9f93f780fd96de86001bed25cfd831daa66b110b726e8ef9a86c222,8163d839208536abf74045019aab09ee5ba1aad66cc98cfcda7bd96c4bb0fce8,97e652010c0579c3aabdcf905e9a6a5d5be8a17337229cb1fe50b8e9b481b2a5,a94f7a45b1a21b216324b653a5498f1d91705b967e75f01d0c5e852639358a4d,/home/thor/projects/checkpoints/zeromidnight_act_libero_object,f66e5128ecb2456e8c54a63d15404fa59c16aebc,,[]
experiments/runs/libero_object_cross_task/task_2/group_arm2_grip8,2,groupwise_fixed,2,8,20,15,0.75,3067,1537,0.5011411803064885,3067,"[4, 0, 15, 0, 0, 0, 2403]",b607c26cfadeea5b23b3ed549adc3fce084d217d312e498574f13d4759b98c29,724072efcff5b3059cc3c172bee6454675dee07550fcab130b071d068ff29c47,216dba6f4e0670b247b4cda2598ce12deeddf29c81961bb0d3616f2202e17413,79ac59872396e74d497967c22a6582ffd4e15e3a205a48de3f3ce0322e738110,/home/thor/projects/checkpoints/zeromidnight_act_libero_object,f66e5128ecb2456e8c54a63d15404fa59c16aebc,,[]
experiments/runs/libero_object_cross_task/task_2/group_arm4_grip16,2,groupwise_fixed,4,16,20,16,0.8,2990,752,0.25150501672240805,2990,"[3, 0, 22, 0, 0, 0, 2447]",e463a7ac9d74e3bdf75b8e170619fa94beb57e267766e8071d655949d7a3b03b,e3826a61a6f02b7b0e19cae8c19d67cac2f72fdccfc5e63d691d4d573c3ab0a2,15d6615b0b6ff17235e351c3785d8500527daf37fbfc85a0c133a9cc5ac51f6d,2b836a122b4cf59ea0a0ad310aeae0e100b3b4052a8a3b0a5dbad79ee7b3d2dc,/home/thor/projects/checkpoints/zeromidnight_act_libero_object,f66e5128ecb2456e8c54a63d15404fa59c16aebc,,[]
experiments/runs/libero_object_cross_task/task_2/group_arm8_grip16,2,groupwise_fixed,8,16,20,14,0.7,3218,409,0.12709757613424488,3218,"[6, 0, 35, 0, 0, 0, 2489]",7b2fe36f3a81d03e1c3c71f61c7d9a35159b3ad69367e9fcc5a52aa6690b445f,f207a90a3a462a9d8d9359cd743b36ca549249cadf30edc2abcf73ea82bfeb90,fada84bae156fd7be0491d13b17a2dd943e026695bfe1ce7e071ccb105418a8c,3a82cbb6d5afb312d89b06b8eb82d29ed601b700a60c72e3de75e66d9996139c,/home/thor/projects/checkpoints/zeromidnight_act_libero_object,f66e5128ecb2456e8c54a63d15404fa59c16aebc,,[]
experiments/runs/libero_object_cross_task/task_2/group_arm8_grip2,2,groupwise_fixed,8,2,20,12,0.6,3595,1800,0.5006954102920723,3595,"[6, 0, 14, 0, 0, 0, 2510]",3dcaeac98feffa09cd3095e5d0d0f1bab2e0074fb649266076352fc977b48500,a9277006e03196ee1de6dfd7d3c6cdf2715c6afd1adea27e3db330ec012d0382,932574dd041ef83d2f951d4f40049af184aada47fb49e02766c061098d21adb6,6e66ab24fe6f1ed330f9507b10d1f17c377268b88e1169debd94f01f4c8452be,/home/thor/projects/checkpoints/zeromidnight_act_libero_object,f66e5128ecb2456e8c54a63d15404fa59c16aebc,,[]
experiments/runs/libero_object_cross_task/task_2/group_arm8_grip8,2,groupwise_fixed,8,8,20,14,0.7,3215,406,0.12628304821150854,3215,"[6, 0, 29, 0, 0, 0, 2580]",642f15f4e599a3d7c2b1cc6bdc74fc0d8bbb08874d5195bed4ea5dfe34c6e9ab,d5b45abf9a9941f0b45f65f83b55c74ed3b6501a767c5d12fb9b9c2633ab5360,77e3e2608aa637263dcc20e738a5ca1cbd4830d9bceca88f357e081a13b59974,bf28a9cdfba162f0f5567d1bb1a83ad5f3ec1d2ca44aefecf0712cba14532ace,/home/thor/projects/checkpoints/zeromidnight_act_libero_object,f66e5128ecb2456e8c54a63d15404fa59c16aebc,,[]
experiments/runs/libero_object_cross_task/task_3/global_h4,3,global_fixed,4,4,20,15,0.75,3331,839,0.2518763134193936,3331,"[0, 0, 0, 0, 0, 0, 2832]",1cedbadd9a871b1691918e4ca1aa3a855a08db8cde59cc780b7e6e9e46a7fb48,04099c06760b6d3d734267acc9a0861a46c098b7cb0aa27aa511cf0479f8522c,2e98250905cf85fe519c006d70ca9eda93641a3ee924c8c5d615e13727be8539,424664371531528c05fa33286d17c3da0f57efccfb652bc8bb4f2b0a3a2cbdab,/home/thor/projects/checkpoints/zeromidnight_act_libero_object,f66e5128ecb2456e8c54a63d15404fa59c16aebc,,[]
experiments/runs/libero_object_cross_task/task_3/group_arm16_grip16,3,groupwise_fixed,16,16,20,18,0.9,2920,190,0.06506849315068493,2920,"[0, 0, 0, 0, 0, 0, 2577]",83077452e468d8166fdc242e0d8ddedec1929f12cd849c82c767bf052d0c133e,ba971d0807bff49a030a2422d06defac413efaf493c99aa54f5b378a57544ffb,869666ef5b5d13ebc1ddd96428177089902d55a2b92524e0d7d020babdbaf7a5,5b0ef2f15c071dbc8df1f5160731092e3bb6b8e49759c202502b800d7ad722f0,/home/thor/projects/checkpoints/zeromidnight_act_libero_object,f66e5128ecb2456e8c54a63d15404fa59c16aebc,,[]
experiments/runs/libero_object_cross_task/task_3/group_arm16_grip2,3,groupwise_fixed,16,2,20,13,0.65,3700,1853,0.5008108108108108,3700,"[0, 0, 3, 0, 0, 0, 3140]",ec863eed2dffd9ecfce82160b9f80fc671150a5c7abaeabe037125215731d5a3,fa31dd6eda5c5b8a3e41adf6796b9c1e67aa3c91f962ae65258bbae8ae98db5b,db4a5ba789a6dfc85cd0c2c58506b071c6e2bed37d232ed00b9545b367e257c7,01c5913734a4d6398e9f0755b7bd5da90353bd1b6034d516e24744da472e7781,/home/thor/projects/checkpoints/zeromidnight_act_libero_object,f66e5128ecb2456e8c54a63d15404fa59c16aebc,,[]
experiments/runs/libero_object_cross_task/task_3/group_arm16_grip4,3,groupwise_fixed,16,4,20,15,0.75,3346,843,0.25194261805140467,3346,"[0, 0, 3, 0, 0, 0, 2795]",f3b47e05aab7ce298d8e89186ceafe782247d88bc3e996aa4911e6a680950756,aaa3eb8b442101268a84ab374b53d9d61724fa7360f3d3b18f73482623a4a742,17e0d6eb8aa7ecf30ae337aca6884ee56ee2a08a61eb9a4e5663ace741f79374,f85d7d832b6e068be170b206b88f9067834aba99618db5dde12a41e297209300,/home/thor/projects/checkpoints/zeromidnight_act_libero_object,f66e5128ecb2456e8c54a63d15404fa59c16aebc,,[]
experiments/runs/libero_object_cross_task/task_3/group_arm16_grip8,3,groupwise_fixed,16,8,20,18,0.9,3039,385,0.12668641000329056,3039,"[0, 0, 0, 0, 0, 0, 2512]",da35c9de17c4be1b56e8ba2cc838fd1515db0d22f2e79e24b6bafcc4cbc43c34,be1d1118a5e5f89e29dd1fa607f2e9a2f04f6807283d02c9b4e6e473b3cc922e,25818c8c1f044143279cef6d6379d096adc9be8dcdbe1c13c31a9225f81494db,b995fd3f05fc71aa7a5a0baceca9a000504dada95cf44ae93e04de9280f7cf9a,/home/thor/projects/checkpoints/zeromidnight_act_libero_object,f66e5128ecb2456e8c54a63d15404fa59c16aebc,,[]
experiments/runs/libero_object_cross_task/task_3/group_arm2_grip16,3,groupwise_fixed,2,16,20,16,0.8,3180,1593,0.5009433962264151,3180,"[0, 0, 0, 0, 0, 0, 2645]",11015d28db218cbd6e34f85715e26baa50250e1dc137472f5527455415f77078,20cdd01a00130f8c1401e982f2f2454cebd63b9991bc67ffad3347a122f2e045,b4c24cf4ee10d984aff0c15589356e5a21d3b1bbe3125971fe269d402f98e323,4e64e2fdfc3ecb355d92f66951e5cfd6c2419bdc18ce4c91b983faa521decabd,/home/thor/projects/checkpoints/zeromidnight_act_libero_object,f66e5128ecb2456e8c54a63d15404fa59c16aebc,,[]
experiments/runs/libero_object_cross_task/task_3/group_arm2_grip2,3,groupwise_fixed,2,2,20,16,0.8,3187,1598,0.5014119861939128,3187,"[0, 0, 0, 0, 0, 0, 2694]",07e2c084d296e8d862d80304ea26b36e1bd7955b35b83e26df1cd3831a8290ed,316c7916b9a9844749b1da5b2cd804675ae3c3de2398a32149bb4d3108bdf644,a283679b916a8f2bcaab5edc50353c69f45e8bc1b8847f2165d4928112b42914,bb74c235d3ec8eb866c94897737b5dbd9da8e4718bd6107349d9861d7b487ab8,/home/thor/projects/checkpoints/zeromidnight_act_libero_object,f66e5128ecb2456e8c54a63d15404fa59c16aebc,,[]
experiments/runs/libero_object_cross_task/task_3/group_arm2_grip8,3,groupwise_fixed,2,8,20,17,0.85,3029,1518,0.5011554968636514,3029,"[0, 0, 0, 0, 0, 0, 2548]",7d6d2bfc59e04925f0f9aebe1f4a084ccf0ce74975613c9e24a4933bbfdecb22,12b61b6de26152ac68b7d3afaccd24ba3b790b09c14fa8d07864ff52620f1830,f474fcb729d198fa104c4db476494bfc2377d155f81304923820738ff5041e90,c0d67bebcb442ae9bbb742fa8d9f5b224636951d797aa6531583cd1b1c9c6e28,/home/thor/projects/checkpoints/zeromidnight_act_libero_object,f66e5128ecb2456e8c54a63d15404fa59c16aebc,,[]
experiments/runs/libero_object_cross_task/task_3/group_arm4_grip16,3,groupwise_fixed,4,16,20,16,0.8,3198,806,0.25203252032520324,3198,"[0, 0, 0, 0, 0, 0, 2688]",84a426ff1b699fb0ed22d7c00f1ab8224d5f9e52cab21ac6de135f2d042235be,6e914520cb5f8641374fff0459c48a6376a1caeea5b49ddffc4108541c28290a,9b8f058edb596ac09c5214b66c8cc47f5f8c8df28935ff48780048eb60f8818b,5d5da23aa799f68d7386652c489c15d101f1f17f6ff029e0f917379fde90e110,/home/thor/projects/checkpoints/zeromidnight_act_libero_object,f66e5128ecb2456e8c54a63d15404fa59c16aebc,,[]
experiments/runs/libero_object_cross_task/task_3/group_arm8_grip16,3,groupwise_fixed,8,16,20,16,0.8,3232,412,0.12747524752475248,3232,"[0, 0, 0, 0, 0, 0, 2630]",251063d0d378966571171fb2c75d7f21825dcedbd51d278f13548402587e90f1,41ec934e7de3fc7c3594f060d4e9f264bb3dbb3c4071033aea7d53109e2dfbf6,2aeb6272225efcb9a503baa8f81929adc9772e77a25f214f9aca9b69f35a336f,e0153028a2ebd9fa3ae80494ddcb3750ac24eb6d62ee30a817eae9c2eeee4811,/home/thor/projects/checkpoints/zeromidnight_act_libero_object,f66e5128ecb2456e8c54a63d15404fa59c16aebc,,[]
experiments/runs/libero_object_cross_task/task_3/group_arm8_grip2,3,groupwise_fixed,8,2,20,12,0.6,3807,1908,0.5011820330969267,3807,"[0, 0, 0, 0, 0, 0, 2874]",a68faf9d184ca6a7bcb02e5d116bb928a95132fea8cf1ab166b1bc65eb4989eb,6fc01827c6bcb2e5582ee59eeada1c4d7bf32b37f9ff508bc30ca1f2210ae21f,c3884533335155de3168a14fba7afbbe2b1ad4a52c3d0ffaec7e7a46186c0156,995f59739b41585e81a128ff5cb8ec36550bb6d2275d91c1e79b5e34b006c03c,/home/thor/projects/checkpoints/zeromidnight_act_libero_object,f66e5128ecb2456e8c54a63d15404fa59c16aebc,,[]
experiments/runs/libero_object_cross_task/task_3/group_arm8_grip8,3,groupwise_fixed,8,8,20,16,0.8,3233,410,0.12681719764924218,3233,"[0, 0, 1, 0, 0, 0, 2659]",69fb238c2738fcb9b8e112cf008f4c39b46d2991bdcf62d8bc4cb70fc6d99c7c,838690012c1fe580abfcb2c7355907a0af3b32e0524c0c07db2430d8135dc837,636bc7ea056cdad06fd366c522322e1dc563e728d0a388cbcf7404d59e5abddb,e79993208e12b29b7f62ee6325fbe12ea509c630547aa9d62323bbcd526265c0,/home/thor/projects/checkpoints/zeromidnight_act_libero_object,f66e5128ecb2456e8c54a63d15404fa59c16aebc,,[]
experiments/runs/libero_object_cross_task/task_4/global_h4,4,global_fixed,4,4,20,16,0.8,3468,875,0.25230680507497116,3468,"[0, 2, 59, 0, 0, 0, 2966]",a4c5b815242aaacafbd8f591c4f47697e286199427ea9de4b67ce61b8d2db3ab,69406371b79f9d53b25b59e95d813767b34ea749778e697c0ce26421b50f84f5,9e436c7afe924747facc53637c5e048b6db029c5115a7a6273231986bbb9273a,9e3c67adea3f6e798422306b01f6d6548249ad48a1b3762a55aead147a133564,/home/thor/projects/checkpoints/zeromidnight_act_libero_object,f66e5128ecb2456e8c54a63d15404fa59c16aebc,,[]
experiments/runs/libero_object_cross_task/task_4/group_arm16_grip16,4,groupwise_fixed,16,16,20,16,0.8,3334,217,0.06508698260347931,3334,"[0, 0, 55, 0, 0, 0, 2770]",9315aecc05726a25204c34a3ab67dedc18da7352687ccec96d1c0aaa8ac05d72,2ae21db8a056a798542ba1ec04654d16d5cd79fc61279732596c27fc0c38cc53,521ad5e494d6da23785b4dcfd102d941631e82a469c7b4347657e728f7a41301,93d97dcec5c519069cfbedf50bddfb38acb78dcc5c22ec5ff6fd237d37a5544f,/home/thor/projects/checkpoints/zeromidnight_act_libero_object,f66e5128ecb2456e8c54a63d15404fa59c16aebc,,[]
experiments/runs/libero_object_cross_task/task_4/group_arm16_grip2,4,groupwise_fixed,16,2,20,12,0.6,4165,2086,0.5008403361344538,4165,"[0, 0, 36, 0, 0, 0, 3430]",4e4fd59635d3ce4bcd832f5bc046d95f6c18f691eb7d30fc1ea530e4b4d65e7e,a713c9513438df089570d69e0841d3c49b8f4f78f1c6860388afe98d108e49a8,fd88ea2723be8bf1e794fff398ce47ed06c338ec87e1b38aa0d548cbebefd7ef,faf41f888f90c4e7c75826c51415d534142ffa7cb682c4759974060405504cc1,/home/thor/projects/checkpoints/zeromidnight_act_libero_object,f66e5128ecb2456e8c54a63d15404fa59c16aebc,,[]
experiments/runs/libero_object_cross_task/task_4/group_arm16_grip4,4,groupwise_fixed,16,4,20,15,0.75,3631,912,0.25117047645276785,3631,"[0, 0, 53, 0, 0, 0, 3110]",70c899b1fd4fad2534be6504abfbf1aa2c054b5015a2688902b2a8ef9d7d5655,109231145c98d8116ae4eb2c9b782c345490996565d17b51825c43fa81e6b268,01729f99c8dca8fd1d6df3b5330109c69f685bd7a9beda82bf363b818b323fe1,4470ecc2b65fabe2a35cb315682c643ee1d10c0179d077e3ea34f900e7ad9acc,/home/thor/projects/checkpoints/zeromidnight_act_libero_object,f66e5128ecb2456e8c54a63d15404fa59c16aebc,,[]
experiments/runs/libero_object_cross_task/task_4/group_arm16_grip8,4,groupwise_fixed,16,8,20,16,0.8,3353,425,0.12675216224276767,3353,"[0, 0, 51, 0, 0, 0, 2682]",58aa50c017e8de5a4aacec3fd18694ae896817a4cf7590c566600a6e1b32bab3,c26039bbfcd75249b4405aa1245ff52e376f20a71e96dce8b32bf1a04faafa8b,728995bb9706e78246c155c386fdfc1f409a4fae29435de8a5ea1dbbae0fa357,a9b43d97fbde77114a80e96754f882eda8037f3593a66decb4d17cc0f2a53807,/home/thor/projects/checkpoints/zeromidnight_act_libero_object,f66e5128ecb2456e8c54a63d15404fa59c16aebc,,[]
experiments/runs/libero_object_cross_task/task_4/group_arm2_grip16,4,groupwise_fixed,2,16,20,17,0.85,3320,1666,0.5018072289156627,3320,"[0, 2, 63, 0, 0, 0, 2770]",cd7c74d80fa5dd42f53b1d70f8b6d044450857b676db65f228a911728ac31e8b,b29d72e9680b2fa450165ce216eb4a8300eb9eab771e0b58d4e5a9b077d8c676,9ce5e1d214f03ef8cb645f1cca0aee451a086f2faccc83452489945411b5fd41,a7c3d689c41f16f6fd02b657724ef593fa4b315ffbb763b44991e93c307891c3,/home/thor/projects/checkpoints/zeromidnight_act_libero_object,f66e5128ecb2456e8c54a63d15404fa59c16aebc,,[]
experiments/runs/libero_object_cross_task/task_4/group_arm2_grip2,4,groupwise_fixed,2,2,20,10,0.5,4255,2130,0.500587544065805,4255,"[0, 2, 43, 0, 0, 0, 3478]",3ab39cf43c2093dcaf490098ab94e48344fdddcb37c05a55423b63feafe1dcb1,3091ded8642774b6986765ed3bf7aa28f0868b26b7abaf698af02f9de47bc6e8,af86f961c3e25efa422a1a1243c91f40b60352c4ecd539ddc21f2f41d936ba0d,6696a255ab5a5110c9650938dd3ff32c17357ca6cae2ec75ed800aef5e79cc05,/home/thor/projects/checkpoints/zeromidnight_act_libero_object,f66e5128ecb2456e8c54a63d15404fa59c16aebc,,[]
experiments/runs/libero_object_cross_task/task_4/group_arm2_grip8,4,groupwise_fixed,2,8,20,16,0.8,3347,1677,0.5010457125784284,3347,"[0, 2, 53, 0, 0, 0, 2862]",fb9772f3325933c0b0cf5768114b6baf15e3ff25d8345e628caa0f2132f1048b,8757fb7e26b29f40b23fed26c385b5de42ff70e76d49e24d83ac7bef9c51f2c8,cfb72df243016bd13e8c1ea960037b43924aec4ea8bfbb49603447776bb4950f,bf53a39ccdfb7f21b2e7de12cdfce5f32368928d85ba9a3fbb45dda7072ff3bc,/home/thor/projects/checkpoints/zeromidnight_act_libero_object,f66e5128ecb2456e8c54a63d15404fa59c16aebc,,[]
experiments/runs/libero_object_cross_task/task_4/group_arm4_grip16,4,groupwise_fixed,4,16,20,16,0.8,3351,844,0.25186511489107727,3351,"[0, 2, 58, 0, 0, 0, 2834]",0ef1dac79b0d2702e2622691cd9844bb036f96d4b722dd1889f24f791fa81c58,5c86afff2172c97abcdb1504889fd6a0b84ebce6ed36633006462dd208fab103,f81119b797fb96a4eb25dfa8c4f6bc0a046b76bd0ed1bc27cb376fc973766bef,f2d3c3fe53a649692c8354d6e102f2666d67ee72b9b2eddffdba56863d462aa6,/home/thor/projects/checkpoints/zeromidnight_act_libero_object,f66e5128ecb2456e8c54a63d15404fa59c16aebc,,[]
experiments/runs/libero_object_cross_task/task_4/group_arm8_grip16,4,groupwise_fixed,8,16,20,15,0.75,3483,442,0.12690209589434395,3483,"[0, 0, 50, 0, 0, 0, 2863]",f7565bf893ed468c5da4f5b969a362a56c203823606ef59df0f52c592387dbd8,8bd925548f7fa0521ced6fdd4139634f64f93b1736616a7f21ecae46ea3f8ea6,85e10009699851eb5a398e5d8212a719c32fecb29f6ffcf2970238ece7161403,16e1ba1496f5c82e1b7c8085f4c40a860ddcffdc9095f83c9d2f9aa1f941f11c,/home/thor/projects/checkpoints/zeromidnight_act_libero_object,f66e5128ecb2456e8c54a63d15404fa59c16aebc,,[]
experiments/runs/libero_object_cross_task/task_4/group_arm8_grip2,4,groupwise_fixed,8,2,20,13,0.65,4215,2111,0.5008303677342824,4215,"[0, 0, 59, 0, 0, 0, 3545]",3fbd496d8c1572946e0d987af1cbb6694b3fc8c5266833ccb77eaf68cfb5aaf7,b349046ba8e4f4ecf0f1026cda227cf15005c732fd736cda0dd61d35f77ddd7b,f30129a89188d6f3ae15cc667065260079d99f5d98615e240a9b87c2a6541312,296a47e9f155d4aab36fb6ca9720dfc4a33e112439a29fb3abeda786bd7c5984,/home/thor/projects/checkpoints/zeromidnight_act_libero_object,f66e5128ecb2456e8c54a63d15404fa59c16aebc,,[]
experiments/runs/libero_object_cross_task/task_4/group_arm8_grip8,4,groupwise_fixed,8,8,20,15,0.75,3456,437,0.12644675925925927,3456,"[0, 0, 55, 0, 0, 0, 2850]",9b661721dcc67640478277c36235529d879b4a016413c8e57e641c9ef0417de9,c2bc70f1e6eee1ee0c4d9afb1daa9917e7208d5ecd5e688ed9a9b2952da6fd49,f1b09bca9faae3a910ba85fb067c26ad7706085254fccb4c34a0835975c1d173,c3106e329587e2be837e2439757a0a3481af1d6682d2056619a8b0b838c7e6ca,/home/thor/projects/checkpoints/zeromidnight_act_libero_object,f66e5128ecb2456e8c54a63d15404fa59c16aebc,,[]
experiments/runs/libero_object_cross_task/task_5/global_h4,5,global_fixed,4,4,20,10,0.5,4353,1093,0.2510912014702504,4353,"[6, 0, 0, 0, 0, 0, 2891]",f3daa5c1ff9adee3d6d0a32d331b10935d2b1da460956be96209bc737f125757,019dfb3625e041701bc3f2a90f492eb42ee8b907282e48d584488b663a0c40a7,312acb5d4094da06e4db37665e1d9f450d4b1bb0424eba0c00a627cb154a03ed,ae577356fc7fcc8cf86fe4651c404726e06e96a1c2f35a1754ec71693c80afb3,/home/thor/projects/checkpoints/zeromidnight_act_libero_object,f66e5128ecb2456e8c54a63d15404fa59c16aebc,,[]
experiments/runs/libero_object_cross_task/task_5/group_arm16_grip16,5,groupwise_fixed,16,16,20,17,0.85,2961,192,0.06484295845997974,2961,"[3, 0, 0, 0, 0, 0, 2540]",fbb455a9f15c3b157e4a27589e719ec1070cffb0cf18a6b10f19021f61a6e9de,e225fc6f732b2dae5e32d90ccf0574bccc2d9aecc57a8f350e32bebb5fc21099,5ca0dcb094ccc4d0f4e4319e94508f8bda891a0b5fe6f594051aafd27867abe9,550651d292994e452b11633c5ff325aa1d66cdc12bf17062999c69de52c40c4a,/home/thor/projects/checkpoints/zeromidnight_act_libero_object,f66e5128ecb2456e8c54a63d15404fa59c16aebc,,[]
experiments/runs/libero_object_cross_task/task_5/group_arm16_grip2,5,groupwise_fixed,16,2,20,9,0.45,4371,2188,0.500571951498513,4371,"[3, 0, 0, 0, 0, 0, 3545]",bb9b13a51bcf51edcfb696bedd0a1f61ab7c06fad324b705cd7db74b3a70c651,17c7568924ff0e064a551d6fc5d02ea2b04ab1fcc94921eea3e0ac6885afa332,6f5dc5c255e27b1cbb472b410c9b6d04ae8708447bc194de6a093598442c9b09,9fc4c4615584933d106821fee5d5e878236e4e8d2c544cdc21eb95b9386352ef,/home/thor/projects/checkpoints/zeromidnight_act_libero_object,f66e5128ecb2456e8c54a63d15404fa59c16aebc,,[]
experiments/runs/libero_object_cross_task/task_5/group_arm16_grip4,5,groupwise_fixed,16,4,20,15,0.75,3521,888,0.2522010792388526,3521,"[3, 0, 0, 0, 0, 0, 2782]",3434b3ae0197b44669384834b89d32ad931f3ee5635c98e9b9e6215303c5cdda,073872a3ab62cd4658023fda916c22be63df675d889fc2bb4e614688b521c941,c00ee3901d0325b7d29ab1aa4bc33d1c5cc02f7388401ec1188e2d3ce58a4454,6c4a67590334521297f301b9849de50f964f4ef79b8f36422686be0b3e0098f8,/home/thor/projects/checkpoints/zeromidnight_act_libero_object,f66e5128ecb2456e8c54a63d15404fa59c16aebc,,[]
experiments/runs/libero_object_cross_task/task_5/group_arm16_grip8,5,groupwise_fixed,16,8,20,18,0.9,2929,377,0.12871287128712872,2929,"[3, 0, 0, 0, 0, 0, 2458]",994b0a9690165ca5df3832967637baf33610ffc821063f8b9b1d81f3c8bce5d2,2a084f75646563d1233c36e46f0295f3f067abb04b00c65deda0ad9e711c8a4f,7e09456d36f14d6590ac0101ab13ae72906d3b0113a506a1c889d21f488703bc,b43d3aaef09e55634bc7756e43dc5c9fe1ea7dcb36c72e5bfa4aedc2418bf50c,/home/thor/projects/checkpoints/zeromidnight_act_libero_object,f66e5128ecb2456e8c54a63d15404fa59c16aebc,,[]
experiments/runs/libero_object_cross_task/task_5/group_arm2_grip16,5,groupwise_fixed,2,16,20,15,0.75,3850,1928,0.5007792207792208,3850,"[4, 0, 1, 0, 0, 0, 3245]",9e26da633fa6974a536ca928af00b58d518a3d8487647bbc6fea8cf8bde0a8fa,cdec7b44ead37ddea353d5d9edf7ab74ad6ad1b53e691dcfe9cae46cf19d9a71,8bdf33685f302ff0fa123a3f6f580980a75de8342fc79494c85d6101ae5a167d,43bca773819f152ddb64f642ac79d1bfb3ace91295349b490863e2ac0feee348,/home/thor/projects/checkpoints/zeromidnight_act_libero_object,f66e5128ecb2456e8c54a63d15404fa59c16aebc,,[]
experiments/runs/libero_object_cross_task/task_5/group_arm2_grip2,5,groupwise_fixed,2,2,20,6,0.3,5072,2537,0.5001971608832808,5072,"[4, 0, 0, 0, 0, 0, 3764]",f36a8e8cbee7060ab940ad2338f995ad6f5570ec6ae5232ecad3143c11557e4f,f8710a098f0fa9a2cb77bdf9bb14b0862dd95f47c2b2a131b5d46ec88e6b3e35,6f15e1ace005688eadd68cb260993010ca31037c90bf866e3f43b13e3e35464a,465b5f971d24b4b09d9649f1e19119465507ed1bab572f53fc6462b8e6323252,/home/thor/projects/checkpoints/zeromidnight_act_libero_object,f66e5128ecb2456e8c54a63d15404fa59c16aebc,,[]
experiments/runs/libero_object_cross_task/task_5/group_arm2_grip8,5,groupwise_fixed,2,8,20,11,0.55,4127,2066,0.5006057669008965,4127,"[4, 0, 1, 0, 0, 0, 3122]",7967165fbd6a89e8520d8e483c7eff1b732cf54acba3e177e29c45d67ad51214,a6d171b677d30d8f2d2a9ea18f013a41727abecee17e2ddcc5cd2ce13244519c,43afbb1891239a768b64a52d5aff8f8397ab59348d03d8124ebc2c62aab709d3,cf98a7a04e46ef79f26b014f922960d11f10d3ac1ef1d899409c35c2bff72e8d,/home/thor/projects/checkpoints/zeromidnight_act_libero_object,f66e5128ecb2456e8c54a63d15404fa59c16aebc,,[]
experiments/runs/libero_object_cross_task/task_5/group_arm4_grip16,5,groupwise_fixed,4,16,20,17,0.85,3624,914,0.2522075055187638,3624,"[6, 0, 0, 0, 0, 0, 3049]",13330989a1e0bef049602284a036fbc81bde1e6a452767e33ab63961ecdd1848,6b8e7fa1e16b41dfd08bce77657b7216a0a18a08c78ebeeff3b1455eac21bc8e,7ec221b36bca586a8e8f6a82a75581c802b483c35953cb095d9ebb6461d0881d,1dd1e60dd852b9d598002ab22a5a3d1c4d00b92ad8fa55134969b95559aab484,/home/thor/projects/checkpoints/zeromidnight_act_libero_object,f66e5128ecb2456e8c54a63d15404fa59c16aebc,,[]
experiments/runs/libero_object_cross_task/task_5/group_arm8_grip16,5,groupwise_fixed,8,16,20,17,0.85,3306,422,0.12764670296430733,3306,"[5, 0, 0, 0, 0, 0, 2846]",d1f1d4dbd35f37141c006921094b06b961797e2c4e0f007371abd7cc5ccb5fd7,d1fe91e69b5d3573df0855de1e257097c31a5aad1c4a0dc5520207ddffbb702d,17ffa2082596840a232411e6995903cf679b2e4fb70b5a7cf1c929452e0015c4,21225f2fefc502902b6577e12c660a80ba5cdb8257edc63788fe716c3e20c030,/home/thor/projects/checkpoints/zeromidnight_act_libero_object,f66e5128ecb2456e8c54a63d15404fa59c16aebc,,[]
experiments/runs/libero_object_cross_task/task_5/group_arm8_grip2,5,groupwise_fixed,8,2,20,7,0.35,4762,2383,0.500419991600168,4762,"[5, 0, 0, 0, 0, 0, 3837]",8a8dc75e958188629db78768b8f92b9ae156e0e748d107ba1f170d79d28d8dd9,d82fbdbd17c6bc8872e04bf6d26c49b54128fd9879cb8d5bb060c154ae392082,7d50300317d44205994cc4e65c0f9480b54679b7f961c4c78fa8889df3a4812c,c0552b84a03fbf1230c21d8f82800185b8e9f990dd0c7d2eaacc3fdace89f0de,/home/thor/projects/checkpoints/zeromidnight_act_libero_object,f66e5128ecb2456e8c54a63d15404fa59c16aebc,,[]
experiments/runs/libero_object_cross_task/task_5/group_arm8_grip8,5,groupwise_fixed,8,8,20,15,0.75,3371,430,0.12755858795609612,3371,"[5, 0, 0, 0, 0, 0, 2840]",0a66619eef4c445a23fc8bd1c108113095ccdde6268233ac02cf52ecbb5e6149,6b1a898c043be0afc3cef094890629234ae09e771bf6d314a94ad377d829a22f,7738f0d5716e8ed1ce51009de9302431b00fc62d4dd757a9ab3e1ed8d0b033db,5bcc8c87dba732f2679ef052275b65f562cc08be14f5b378c320298db4ccb8bc,/home/thor/projects/checkpoints/zeromidnight_act_libero_object,f66e5128ecb2456e8c54a63d15404fa59c16aebc,,[]
experiments/runs/libero_object_cross_task/task_6/global_h4,6,global_fixed,4,4,20,10,0.5,4508,1131,0.25088731144631765,4508,"[0, 2, 203, 0, 0, 0, 2561]",aa8195fb393e3b71c4768b0c7568abd76e6395a70fb4ffdedca40a82c6eb4091,8f3f68d0d186cda0de52521e47ad5280da21d625f86bc8ee594e78bc59744ef4,4d31eeeb4dccafbffc2a1c852f07c7984da277a22161f236df15092df0affdaa,ef84d50a9b1e7ee3b2399e7e47edba3d0d0e419d627002f824d518edf2d12340,/home/thor/projects/checkpoints/zeromidnight_act_libero_object,f66e5128ecb2456e8c54a63d15404fa59c16aebc,,[]
experiments/runs/libero_object_cross_task/task_6/group_arm16_grip16,6,groupwise_fixed,16,16,20,13,0.65,4010,258,0.06433915211970075,4010,"[0, 2, 262, 0, 0, 0, 2861]",a317b37965d051699759f848aa088160d18b9d0dd5bbe7cb4caa29f1d2d3e884,979dac09f7518cb0cd64dcd1db21a512a1d71b33d68576793234880f395ca49b,fefa96e9c304e7659a287aad488948bc87553ef3cf83c6d2d8669efc5914a39f,fdedbf45d57223b6e716311c9325735abebd3e9a87e50dbb5b31262d4430a2ff,/home/thor/projects/checkpoints/zeromidnight_act_libero_object,f66e5128ecb2456e8c54a63d15404fa59c16aebc,,[]
experiments/runs/libero_object_cross_task/task_6/group_arm16_grip2,6,groupwise_fixed,16,2,20,10,0.5,4255,2129,0.5003525264394829,4255,"[0, 2, 233, 0, 0, 0, 3192]",36a2355bb52fdf63fecae138ee64f0d2baa97a4199dc183b714ef955d888f0d8,74be9b219000f06e2dfb8c5246fb504b7ece86bfc21f06ece847df7ceb2fd2f6,a8adbaa93870d1af9d1d86ae71f5af26c78de9eed1fa2c52a8a9e822f156500c,c9a392aaefa542304aa4e177837e0a40e1ed5189d98249686f48b6fbdd750e82,/home/thor/projects/checkpoints/zeromidnight_act_libero_object,f66e5128ecb2456e8c54a63d15404fa59c16aebc,,[]
experiments/runs/libero_object_cross_task/task_6/group_arm16_grip4,6,groupwise_fixed,16,4,20,11,0.55,4161,1044,0.250901225666907,4161,"[0, 2, 273, 0, 0, 0, 3132]",fe8fff9247cd2d9bd8a7e997d7578a9381ffc1f43f90c1a83642770fe3adf910,a8f42dfc5a65863d868241453e0ef5e00b41ee56a60286bf452e08930601d8da,d5c9dc20b6ef494ed0ece2f9ed6bcfa1583e2eacd8a8069838fb86ef7cef98ad,8a7da16a5c8b968826784168b36b93d250def7e42ddb231db190133b8bdb5be1,/home/thor/projects/checkpoints/zeromidnight_act_libero_object,f66e5128ecb2456e8c54a63d15404fa59c16aebc,,[]
experiments/runs/libero_object_cross_task/task_6/group_arm16_grip8,6,groupwise_fixed,16,8,20,11,0.55,4115,517,0.12563791008505468,4115,"[0, 2, 275, 0, 0, 0, 2877]",5c59201ff74304f14e65ee91e8e13fde3eb2b8fbb3756901860c7431ae144b05,4572c7088bc6d43716542aa96c4b0e183721bd2958a7dd2af38970f883360eaf,3ed073d99c0991ea36e4751efd090248b7cb674f2006fb049167cedcb8ee3fa6,4e7a4aa5d35476a81ed75950565fa094ce6df5d1ae1bba4a5b1d842c5c4281d8,/home/thor/projects/checkpoints/zeromidnight_act_libero_object,f66e5128ecb2456e8c54a63d15404fa59c16aebc,,[]
experiments/runs/libero_object_cross_task/task_6/group_arm2_grip16,6,groupwise_fixed,2,16,20,9,0.45,4493,2250,0.5007789895392833,4493,"[0, 2, 178, 0, 0, 0, 3441]",85bd9d41c2fdf6ea3018c3d475ac9cf4099d920f6eee5919c6c09d6657301f18,843498600a01d4482a19999887c9ad738094b18bb2a8d2dc22febdb3ea5cba58,593ebefa3945ff85ad2ac05436ec5bd2550c98be1ddeebe12c57c557921b3f70,6b0160aeb5859b3d582912461130054af095e5e49f710df849ccd24b0ae750b5,/home/thor/projects/checkpoints/zeromidnight_act_libero_object,f66e5128ecb2456e8c54a63d15404fa59c16aebc,,[]
experiments/runs/libero_object_cross_task/task_6/group_arm2_grip2,6,groupwise_fixed,2,2,20,8,0.4,4726,2364,0.5002115954295387,4726,"[0, 2, 168, 0, 0, 0, 2621]",27bf16e5e3091f5267c25190e38fc0d8c2fa96b9a44d19c08426415567e1b2e1,fb2c524ec94c9f0703569c3a180b4c9c55aabf1e0167436e457c7596b657ada9,9c9fa295771b1c93f638642ba98b9b882ccd77e3bd1f41ed2aa4a97529dd6dce,5d27e84baa049cf85517b5115a7e29fc303934ec4862834e36ad5bfb73122793,/home/thor/projects/checkpoints/zeromidnight_act_libero_object,f66e5128ecb2456e8c54a63d15404fa59c16aebc,,[]
experiments/runs/libero_object_cross_task/task_6/group_arm2_grip8,6,groupwise_fixed,2,8,20,9,0.45,4524,2265,0.5006631299734748,4524,"[0, 2, 181, 0, 0, 0, 3085]",96d7621c005797773566a3db71696742152027baaf193fd330c6c6ba4286eed4,5b87ecd18f87d063598923e8feb6b8b73fe816e3873624ebe460c32069e3686b,87fb8ae33494602a4ffa48b15608d7071142cc93851ab4eb3d5e95b54bed1f4b,641621a9b131eb878ae9ba800b4a60cc553876191a8ba60682830399ae8fad16,/home/thor/projects/checkpoints/zeromidnight_act_libero_object,f66e5128ecb2456e8c54a63d15404fa59c16aebc,,[]
experiments/runs/libero_object_cross_task/task_6/group_arm4_grip16,6,groupwise_fixed,4,16,20,11,0.55,4423,1109,0.2507347953877459,4423,"[0, 2, 206, 0, 0, 0, 3270]",1ec4337a4dbe1664e9715bdf78e0faafee2c908d9e25bde90a4c905bf74b17d4,3c141486151a564aeead45e01801ccaaba9fc76d0acb9ddc3d5c3fc5ed67170b,efb1db9ebfe3ff3f507cac6c500f94d11298ce7906d2b522faa4d206185ac567,a0118c55ccb8d82df6b6ad5ea2b195dc4a60525fea25b252a6489d6082abae1b,/home/thor/projects/checkpoints/zeromidnight_act_libero_object,f66e5128ecb2456e8c54a63d15404fa59c16aebc,,[]
experiments/runs/libero_object_cross_task/task_6/group_arm8_grip16,6,groupwise_fixed,8,16,20,13,0.65,4051,510,0.1258948407800543,4051,"[0, 2, 223, 0, 0, 0, 2970]",36f735b1fad074e2a01120415e5fc59f49051a95e82d1f9f702f9f610751953e,c1945183c84cfe6aa97ac3f3dd2e88dfb476a498ba806a07c7692094ba74039c,1533c3f1d20fdf571f08ddeb513e2bf9887c75a4a2184b75e940a20bb3e576d6,96365b6e6b8c7a3ad139b5d22ca3d58349b647fbdcebb9b8187e5d124cb51371,/home/thor/projects/checkpoints/zeromidnight_act_libero_object,f66e5128ecb2456e8c54a63d15404fa59c16aebc,,[]
experiments/runs/libero_object_cross_task/task_6/group_arm8_grip2,6,groupwise_fixed,8,2,20,7,0.35,4626,2315,0.5004323389537397,4626,"[0, 2, 187, 0, 0, 0, 2977]",fa7647266b39c14e4cb4187c51e88465043af95707475d7223c0d8fd78a5b42c,672b0d1cf5b4e652f34638097721e7d4c88a7a23d75af8d9786430dfb9e52a49,4f2d7b69743e9af9d6d37896f8409777e0b1df61476ebe64331aa5473ba0f250,a269924113e1052eb44b65e25ffa02dd2718d93dd930f6f88ada48a12af2d622,/home/thor/projects/checkpoints/zeromidnight_act_libero_object,f66e5128ecb2456e8c54a63d15404fa59c16aebc,,[]
experiments/runs/libero_object_cross_task/task_6/group_arm8_grip8,6,groupwise_fixed,8,8,20,9,0.45,4346,545,0.12540266912103085,4346,"[0, 2, 207, 0, 0, 0, 2744]",a1bb553c36ec7d3ec7af8ca4e2e0444703c3294802681a1fac9ddbb9ac73fba0,615a392b8d2e838544d31657f0ba762d270e611e6e2fc2860847179cad4961d6,0e9e6b59ef46bee8510181edec90ae9e34ee54577c4e6dbee05a89522620eedf,9f8afffe5b4299f3ed31b6f4da032e7eb3199206213e588ff1f50c6fe0cd5bd5,/home/thor/projects/checkpoints/zeromidnight_act_libero_object,f66e5128ecb2456e8c54a63d15404fa59c16aebc,,[]
experiments/runs/libero_object_cross_task/task_7/global_h4,7,global_fixed,4,4,20,10,0.5,3980,999,0.25100502512562817,3980,"[0, 38, 18, 0, 0, 0, 2659]",d51861a1dfa56d22ab07662084ceb3cc78883b3465723c11651b764cf28bd6f5,b8ce979b302d3568f192c4f5b2c859ae34b4d6d6eb2d67247d7486be28fe1c48,3ef2c98c2a9b679f3cd5b298d854aa8ed6cd42244797434daeaef72705828715,0c8dd644669b6a17633e1635957cfb229bf5d8dad1a7b5edefecba3b04ef996f,/home/thor/projects/checkpoints/zeromidnight_act_libero_object,f66e5128ecb2456e8c54a63d15404fa59c16aebc,,[]
experiments/runs/libero_object_cross_task/task_7/group_arm16_grip16,7,groupwise_fixed,16,16,20,11,0.55,3951,256,0.06479372310807391,3951,"[0, 14, 27, 0, 0, 0, 2597]",604d87f376274756fb07a23e2ac6f41bdffe3c4948b283075859bbb59d07fc6d,22f5630bc35b5732492e2e8bef7cacba6ac06f3636177bf6c3c9265511b4e85b,e654e83816894aa608316c59eeb3d096c7c37212e871bf848ef61b2f9e166384,f8c9afd88726e52b000a443c8923455f1312e679af8939d5c28c519fa82a55f3,/home/thor/projects/checkpoints/zeromidnight_act_libero_object,f66e5128ecb2456e8c54a63d15404fa59c16aebc,,[]
experiments/runs/libero_object_cross_task/task_7/group_arm16_grip2,7,groupwise_fixed,16,2,20,9,0.45,4244,2126,0.5009425070688031,4244,"[0, 14, 18, 0, 0, 0, 3260]",19cdc60c917e767cda2ed19fc3f2c9a270fa00cd2c5c7cade2d62ce3f7e52607,b71583d1f778b086ea157c85bafc17b74068b51d5732cb5e63c88c57f6e8fe7d,099de4601548e34db1e18453f31ef4c21e4ffa79e055a150e8feb42ec462bab4,62de3c34714c1947fe669c974ac1249bb0f2d5b6e6610598b6a37fb12839d2d5,/home/thor/projects/checkpoints/zeromidnight_act_libero_object,f66e5128ecb2456e8c54a63d15404fa59c16aebc,,[]
experiments/runs/libero_object_cross_task/task_7/group_arm16_grip4,7,groupwise_fixed,16,4,20,9,0.45,4177,1048,0.25089777352166626,4177,"[0, 14, 14, 0, 0, 0, 2878]",dec066efdbaf64c9db8e38d4dd59d542e125c912a514d51ac97091762b8a84b4,59d3289f38f35364026f6e3b67e588ed87f49b3a6b7250288134bfcfc7eb008e,f8ff52e3b680b47eb154d871d6d2c2d0b769fcd228605b15327f8d370955a9aa,bc8ad21c6fad30c195f2c1eda28f0a101a59f11484ec686a63948fbc52a75617,/home/thor/projects/checkpoints/zeromidnight_act_libero_object,f66e5128ecb2456e8c54a63d15404fa59c16aebc,,[]
experiments/runs/libero_object_cross_task/task_7/group_arm16_grip8,7,groupwise_fixed,16,8,20,11,0.55,3908,495,0.1266632548618219,3908,"[0, 14, 22, 0, 0, 0, 2660]",098645a46e9d1b15a66d670caf1655db828c78066ea0f6889224714d68f00dcf,121c4d7440fb584feac04fcc3443000c9d642079b29320851a332330fc2d4aff,366e9ec59c49f62f57ff2b88ebe6c73fd040bf7fda67e8e98657080f47652f09,b013d0e18e08afb76ef611960bc29c30f8f3de10658391ef0cac5eea3dfb9680,/home/thor/projects/checkpoints/zeromidnight_act_libero_object,f66e5128ecb2456e8c54a63d15404fa59c16aebc,,[]
experiments/runs/libero_object_cross_task/task_7/group_arm2_grip16,7,groupwise_fixed,2,16,20,10,0.5,4058,2032,0.5007392804337112,4058,"[0, 37, 16, 0, 0, 0, 2710]",c5e17a9e9709f346a871085eb6cca105f9a700e0134b9d7b146701671f4151a4,2c3c3033284a1f5546c0b877b53fa2095a9dfffe974db648f6b58e7bceb45172,b0b345434fe5a1ac167bef57d12467eb81dd5022168ae6ed673574cef127d510,b8603025eed50f5bdeb19e212979b6cf887c5dbb689fe701348c620d19659255,/home/thor/projects/checkpoints/zeromidnight_act_libero_object,f66e5128ecb2456e8c54a63d15404fa59c16aebc,,[]
experiments/runs/libero_object_cross_task/task_7/group_arm2_grip2,7,groupwise_fixed,2,2,20,10,0.5,4186,2095,0.5004777830864787,4186,"[0, 37, 22, 0, 0, 0, 2848]",94448ff0b84e1b50f48b87feba11297c97d033df1a70fa9dd2cb182e512e8703,cae3462751af0b269549c6916e10180937dfab9c4a04dc3faf73896d9d910f7b,b1c76d84ff0f174750dc6ff6a05d592c6d7847cea5163802660fe96178408666,b7c6fbdfc32cd05ba997df6d4820351325d9e9c783561b8209e5bc90395159ab,/home/thor/projects/checkpoints/zeromidnight_act_libero_object,f66e5128ecb2456e8c54a63d15404fa59c16aebc,,[]
experiments/runs/libero_object_cross_task/task_7/group_arm2_grip8,7,groupwise_fixed,2,8,20,12,0.6,3774,1890,0.5007949125596184,3774,"[0, 37, 18, 0, 0, 0, 2745]",53b2b71e43310de2bd0022d6a29dd69db44dfa3122930364007467368dad3040,f076324185e1fb842094e7d362f3bb15d60f7fabfc3ab835348c95d85aba4d16,b7fd7fba6f6aea3ce46a297aadda9e7a737027b55f9cf860b244340c18a9c288,1181061f4433a8a651749223f9932a07f8465a0f156ac4ddf62f0fe414f8aebd,/home/thor/projects/checkpoints/zeromidnight_act_libero_object,f66e5128ecb2456e8c54a63d15404fa59c16aebc,,[]
experiments/runs/libero_object_cross_task/task_7/group_arm4_grip16,7,groupwise_fixed,4,16,20,13,0.65,3661,920,0.25129745971046163,3661,"[0, 38, 27, 0, 0, 0, 2378]",91febadc59dcac9670eac332f3de46f0020248b6c675378ccff1c955b3ec7034,de173d31c389a04d6e5e8adfe67d11e818fd0271213ac5aed1f0c51db4176d70,3fe5f87fe397597bd95a804acc0786021c39ec7af86e831c874d876b74a7f550,2f01a7177cc7bd480624a4c55ff83e607fcb387433feefbeecc78ef2a7a0994f,/home/thor/projects/checkpoints/zeromidnight_act_libero_object,f66e5128ecb2456e8c54a63d15404fa59c16aebc,,[]
experiments/runs/libero_object_cross_task/task_7/group_arm8_grip16,7,groupwise_fixed,8,16,20,11,0.55,3889,490,0.1259964001028542,3889,"[0, 36, 28, 0, 0, 0, 2569]",ca53896185226fa10f6ec5d9f24d8d189b7207915d4838f285b74ab90e9515ab,0fa9f4ae44d4667ca588235fefe51d8d0d0f8d1300f096969b5e2753bebff9cc,704303f4da3aac8a543ac76d5f5acb82df16c9ecdf990d23df5abc82b46cbb99,c8ffdaf1857d4a90fdcb43f95aac0b559b2dee85be9caf4d5160f2e452832102,/home/thor/projects/checkpoints/zeromidnight_act_libero_object,f66e5128ecb2456e8c54a63d15404fa59c16aebc,,[]
experiments/runs/libero_object_cross_task/task_7/group_arm8_grip2,7,groupwise_fixed,8,2,20,11,0.55,3862,1934,0.5007767995857069,3862,"[0, 36, 25, 0, 0, 0, 3067]",32f9e82a6590da35870054cfe06a12ad7aa90df98b2e4b141ad5a240a1e26c03,90c36c417d5f47446c165996f129727a6c8c470f4f34071ae5c72e22bfe8ca5d,70b21e95ce05e0dbeda32994325083545b0aebbc5bffa5ca0c909f014c05a81c,11ab88e5d8327a0cf8987ad76aedf6e941d833418d6cc420e21f2727a6eeebc8,/home/thor/projects/checkpoints/zeromidnight_act_libero_object,f66e5128ecb2456e8c54a63d15404fa59c16aebc,,[]
experiments/runs/libero_object_cross_task/task_7/group_arm8_grip8,7,groupwise_fixed,8,8,20,11,0.55,3903,492,0.12605687932359724,3903,"[0, 36, 22, 0, 0, 0, 2700]",f40617675152bd2f91046f262402a003658924c895b51e97ee2a78382aa1c6c2,caa12ed2f9035f89d219592c7170dae075a04a6d44021c214ed2dd28331e0b8b,c1b103de13dbad0c6e69fd79c1ead8ba480b5c1ba7123a310d2544f6f7c02dfa,8546ddc570f07c318647285965b9f0732ad56d2425a74905169a162f0db9bdfb,/home/thor/projects/checkpoints/zeromidnight_act_libero_object,f66e5128ecb2456e8c54a63d15404fa59c16aebc,,[]
experiments/runs/libero_object_cross_task/task_8/global_h4,8,global_fixed,4,4,20,8,0.4,4581,1148,0.2506003056101288,4581,"[0, 33, 161, 0, 0, 0, 3423]",7866ec900a36c7869c0abc79ae34e315f8da0091637696a90fbe6a27f0358bc5,5e20038d29a220492e85eeade1d414966408176e7623a444ec516cc28387eb57,5ba5a1833eed9a656a42a20eceb767a501806de40a107730975057a61b13fa9b,574932d5e4f12a1900fdff4be007096df4eeb4d0f583dce8a1dab7cffeb97dd8,/home/thor/projects/checkpoints/zeromidnight_act_libero_object,f66e5128ecb2456e8c54a63d15404fa59c16aebc,,[]
experiments/runs/libero_object_cross_task/task_8/group_arm16_grip16,8,groupwise_fixed,16,16,20,7,0.35,4717,306,0.06487174051303794,4717,"[0, 13, 162, 0, 0, 0, 2566]",7e52af061ff140faf95bed2e517089f92389f11d18f20c8bdb61e52238bc8f7a,826a27f5439768c9e510bbed6f32b2fb47e1f208762d49bb6ac5da0542dcceb4,67af7bbf8cd169234f6a814ba3b6e9ed6130bf02e851c814e7b7ffbbec8346a8,d414d60503168776f03daacc81d147052f0f81896fb9353814370eaa2d5116de,/home/thor/projects/checkpoints/zeromidnight_act_libero_object,f66e5128ecb2456e8c54a63d15404fa59c16aebc,,[]
experiments/runs/libero_object_cross_task/task_8/group_arm16_grip2,8,groupwise_fixed,16,2,20,7,0.35,4904,2455,0.5006117455138662,4904,"[0, 13, 170, 0, 0, 0, 3972]",701acad8e2a76214567b98bea02064257129b950aa85c9a09df4adad61d97a74,259ee92e175b8259532abf34d85c0e41beae358905b0f165fada8f0f665b2b14,641560b5542b8aede7f2ea3338f10cc41cc723e25a37ba00990c9663fe9b0370,c1e2caf094a104efe41050924010bedcbbf0c1437714bfd3dfb5fa26cac5f358,/home/thor/projects/checkpoints/zeromidnight_act_libero_object,f66e5128ecb2456e8c54a63d15404fa59c16aebc,,[]
experiments/runs/libero_object_cross_task/task_8/group_arm16_grip4,8,groupwise_fixed,16,4,20,7,0.35,4823,1209,0.25067385444743934,4823,"[0, 13, 154, 0, 0, 0, 3634]",b83381e222cadea14e8adbebf683d285c64ccb7ec59b73d086720eb868109381,002df9b5bf0a40d6e8101050c2a52f8b9cc7bc06753f60b534fa8a30706f84d7,5cdc40aa98b555c1e564a85975a7e9b546613791327b7bed29f1def1008ee421,520555755262de93df66e52229ef7f0d6273251c2f137ee3686bfe857a559a42,/home/thor/projects/checkpoints/zeromidnight_act_libero_object,f66e5128ecb2456e8c54a63d15404fa59c16aebc,,[]
experiments/runs/libero_object_cross_task/task_8/group_arm16_grip8,8,groupwise_fixed,16,8,20,5,0.25,4924,619,0.12571080422420797,4924,"[0, 13, 160, 0, 0, 0, 2718]",60bc83dd23dece0f114bbd4ec78455f85bb55aff35917d5404e43c4d2c772340,909df3ac15b8ec6c9dcbfe7da3a224e25ddf8c2209b5f124c2f27c7c1f4296fa,e0601e21024232ba1b682b62e8da646cd3cc6bd03da27785b30f8ef722f6e256,bfae17fcc49406215fda7ebb8b9948979bffe23927ed3d738eb40ed076277ee8,/home/thor/projects/checkpoints/zeromidnight_act_libero_object,f66e5128ecb2456e8c54a63d15404fa59c16aebc,,[]
experiments/runs/libero_object_cross_task/task_8/group_arm2_grip16,8,groupwise_fixed,2,16,20,7,0.35,4640,2322,0.5004310344827586,4640,"[0, 29, 159, 0, 0, 0, 2786]",ac2893bb6dfd07e413874105b97ca3d063858f69ecd1fb7f9584888db39accc1,00bf9c3e4cf54731a66e1b0cf2d99de80f58169323cd4de9d33f1d1c1a37c8ab,f795807a6bc71f34f9d7d6b13e706463bbb2060e02f75fe8770cdfe3f8a5a419,acbbaaec52e90dcacb1db94d2fefb0e5b47ccb37fec469777d723925454a33d4,/home/thor/projects/checkpoints/zeromidnight_act_libero_object,f66e5128ecb2456e8c54a63d15404fa59c16aebc,,[]
experiments/runs/libero_object_cross_task/task_8/group_arm2_grip2,8,groupwise_fixed,2,2,20,8,0.4,4766,2384,0.5002098195551825,4766,"[0, 29, 158, 0, 0, 0, 3808]",068754e23a4fe6b83abaaa102e296dbe46d338ecf058805dd8895196a37b0d15,6916a119c2a0128826744e9239c9a2837d59e7570c25832e4da96b52ad566bd6,e5d2f88bb9dad2d92994fe9ad6a50d3a4b73be1ca3861a61a6050ec0b12d52bb,9fc91147785f342ab3dd0ccfc1da2b6f88c3f2ed66ebb6f029452a3da9be6a91,/home/thor/projects/checkpoints/zeromidnight_act_libero_object,f66e5128ecb2456e8c54a63d15404fa59c16aebc,,[]
experiments/runs/libero_object_cross_task/task_8/group_arm2_grip8,8,groupwise_fixed,2,8,20,8,0.4,4505,2255,0.5005549389567148,4505,"[0, 33, 171, 0, 0, 0, 3090]",bac6be16be02a5873188ac8aa1e2b321e881172c3bd20a8f87a89a8c88658c6c,bdfba40d8830d1990e2cc9729643079b0c11a4bff31a32438c8585674adab8a0,d9991e92a89e2713a444347df35343f9bc55b970121fe5909fe02547a023fa6d,93a63471dccb5ee01ff8a547a655720e7cb107d95d003d8bd2d79576da0f194c,/home/thor/projects/checkpoints/zeromidnight_act_libero_object,f66e5128ecb2456e8c54a63d15404fa59c16aebc,,[]
experiments/runs/libero_object_cross_task/task_8/group_arm4_grip16,8,groupwise_fixed,4,16,20,7,0.35,4627,1158,0.250270153447158,4627,"[0, 33, 144, 0, 0, 0, 2852]",c37adcc8d369bf9fcbb46a6dd3cb5b7e33cb8c578d6c060db0301ddb6383eafd,71ad3d17bac1bba526c70aab36f1dbe2bd47dec348f7dbcb14113f3e0145cab4,f5a36a0246469cf54432fe6c3e8930098e5290e2e691d68af71f6a928748452e,ba1bf70c895d9c843f618ce10171ca4c8ec45aac23f58ef5529b233d8cdaa176,/home/thor/projects/checkpoints/zeromidnight_act_libero_object,f66e5128ecb2456e8c54a63d15404fa59c16aebc,,[]
experiments/runs/libero_object_cross_task/task_8/group_arm8_grip16,8,groupwise_fixed,8,16,20,6,0.3,4797,601,0.12528663748175944,4797,"[0, 31, 149, 0, 0, 0, 2931]",837471057adc89253c6c1582f7835276afb117e26e255d44ea32b15ebbeb222b,31e42bba0e5b92105a049ec38d0506e912de2d9588774b58cbd59b240997c565,8484a407c7f651fe5c0de5a3e8139ccc99d80ec272cce102175ce96f2564ca5c,d74d08bdb25836e8cf0c8ba58612039fcdaa46432c991c835f0d41d766924e45,/home/thor/projects/checkpoints/zeromidnight_act_libero_object,f66e5128ecb2456e8c54a63d15404fa59c16aebc,,[]
experiments/runs/libero_object_cross_task/task_8/group_arm8_grip2,8,groupwise_fixed,8,2,20,8,0.4,4679,2342,0.5005343022013251,4679,"[0, 31, 151, 0, 0, 0, 3775]",dda59d6a97c2b341eacc7aace288da4c4abf9dea8b0da2d8597a35b024c6ebba,1ec0c9695da585ca61c4b427c691be04c80d8517da5aa7c5e6e73c49776ed656,0aeb05f42ea664c4d17e6a4b7b253517130c5f99c02986f53b80b1a7a9aa1fe5,affc89d6bd11fd36062df21d76d128c02de88f3f07e7ce01a2b6a0cffcb5e6ad,/home/thor/projects/checkpoints/zeromidnight_act_libero_object,f66e5128ecb2456e8c54a63d15404fa59c16aebc,,[]
experiments/runs/libero_object_cross_task/task_8/group_arm8_grip8,8,groupwise_fixed,8,8,20,7,0.35,4686,588,0.12548015364916773,4686,"[0, 31, 158, 0, 0, 0, 2963]",fe498bd9126bb49fb9ad2dc528264293f5dbadcc2f99ade8225edc6ceb7277f4,da53f6d9e5c4f68d1a4ba04f9cdf471e1cb4124dd59310d53877bf6269d0b478,5aba601b948eef463f02a872e77e3dfaef28074629d3398ac2b23a9542214d86,ba0280c30ba2e7c332a33e7f6c6cd2b49b7a67289197072d89568934a648cdae,/home/thor/projects/checkpoints/zeromidnight_act_libero_object,f66e5128ecb2456e8c54a63d15404fa59c16aebc,,[]
experiments/runs/libero_object_cross_task/task_9/global_h4,9,global_fixed,4,4,20,18,0.9,2634,664,0.25208807896735,2634,"[0, 0, 1, 0, 0, 0, 2469]",8fab560ead0ee0ecce251bec4fb2fed8c60e94a03d844e972564207efa72db27,f2cee927c45cfa1abe4ba29580a5a68198c28ed5d683a2520c2668ba6a1c81a8,ca9cedc639f363881c35c100136d21480d53da00ab3fdf84c1c899c14ff26379,978a33c3544f5dd8dcdfdb209379972bd5800dfe8cab3e4cd5ef4adba7a33bec,/home/thor/projects/checkpoints/zeromidnight_act_libero_object,f66e5128ecb2456e8c54a63d15404fa59c16aebc,,[]
experiments/runs/libero_object_cross_task/task_9/group_arm16_grip16,9,groupwise_fixed,16,16,20,17,0.85,2832,185,0.06532485875706215,2832,"[0, 0, 4, 0, 0, 0, 2432]",f142f60d6adc54296cfd1e2df16f2fe66aed29728db7ea903ce2b314d686970e,644acbbce26740b71eb54eb9d00d0538acbbfbd6e44abb0b76af45baa7dc964d,f006378468f90ac2c455b9bf8392940330a08251b7d42f90e64a0faa20bfe288,f8de767d3f1c8238a290012eb163c491d3ce84763badb681053ddcd8879ef4b5,/home/thor/projects/checkpoints/zeromidnight_act_libero_object,f66e5128ecb2456e8c54a63d15404fa59c16aebc,,[]
experiments/runs/libero_object_cross_task/task_9/group_arm16_grip2,9,groupwise_fixed,16,2,20,19,0.95,2700,1354,0.5014814814814815,2700,"[0, 0, 4, 0, 0, 0, 2431]",4b57ef70c4a39ef7096a6707576a9cde4e359da5522ac93b8b7809c51c694ac4,eba8cb1ad3b606ae376128ceccb6f6c18127eb631b91ad956969f3a27cb168ff,3f3d7f53a479fa4ed75147ddd91a887d0be09fec3eea081b1b225278533f218a,5a8fcf0b62732c19b38efec93d6781717ce6c9ad5aa918caecae9043f9d3a283,/home/thor/projects/checkpoints/zeromidnight_act_libero_object,f66e5128ecb2456e8c54a63d15404fa59c16aebc,,[]
experiments/runs/libero_object_cross_task/task_9/group_arm16_grip4,9,groupwise_fixed,16,4,20,19,0.95,2686,678,0.2524199553239017,2686,"[0, 0, 5, 0, 0, 0, 2418]",a0e6ad4f4f5f7313c07f2f60bc9991f408fc10ecc0fb688e0965c22df8587111,50e52f71282c7378d167c328da4d9964306e047d6334a01d93d3da796385fd66,b3c6e041d19414431d567eaf2a682a845e3d88a1cea76c6213fe9dfe6512cb00,5056197d86d962f8c5b7a67a269c751a4131ca718c3b700b137ceaa426f6a9c2,/home/thor/projects/checkpoints/zeromidnight_act_libero_object,f66e5128ecb2456e8c54a63d15404fa59c16aebc,,[]
experiments/runs/libero_object_cross_task/task_9/group_arm16_grip8,9,groupwise_fixed,16,8,20,20,1.0,2618,336,0.12834224598930483,2618,"[0, 0, 5, 0, 0, 0, 2441]",4024461603e304668f41d02556efae7bd42426a3d1b9b512bb085bf3b57a4340,c08b78b46082b1dc77c5637de99997ce24fa1d1b7e37ff42cdfcb3ed93f7a30f,b265014fc43c8a205138e4fcb43084ecc6395d77713093513eb053c36f7ca73e,1dd9ee71a9320f4b2bae321d9c80adc512600c7611ea602c0b2be4000053f712,/home/thor/projects/checkpoints/zeromidnight_act_libero_object,f66e5128ecb2456e8c54a63d15404fa59c16aebc,,[]
experiments/runs/libero_object_cross_task/task_9/group_arm2_grip16,9,groupwise_fixed,2,16,20,18,0.9,2648,1329,0.5018882175226587,2648,"[0, 0, 0, 0, 0, 0, 2437]",07ecba61d3a7f8b187068b2de550003140a05de600e74236f646c99292b801b1,18d7fb0f811552ec380354e96a47c8f838be943c5e26f4f74e5527d8b821ebcb,f2395e96b435b623ab255d84664cb7557df92aa01fb14a49c8841c5b6b238814,5efb517829c32d83b38c2cb660833bb468b6c66bcf9e70f9ae7d8184176b153d,/home/thor/projects/checkpoints/zeromidnight_act_libero_object,f66e5128ecb2456e8c54a63d15404fa59c16aebc,,[]
experiments/runs/libero_object_cross_task/task_9/group_arm2_grip2,9,groupwise_fixed,2,2,20,18,0.9,2647,1328,0.5017000377786173,2647,"[0, 0, 0, 0, 0, 0, 2500]",4db06710e846e2108e96eca5410d47dcd1d3e15167446776adcae7460d393a95,4477a2d7dd9fb38d821b48e60f64a963ef9546527ca638d0730f9700793f380c,353c3b0b23eb8c748e1153838bd09f060ec8d1469b752738603517e8b7f73bac,172e19c6adb203fe0c5073169b8ec687f00ee2aeac75bd1c572d4a45c0a771f0,/home/thor/projects/checkpoints/zeromidnight_act_libero_object,f66e5128ecb2456e8c54a63d15404fa59c16aebc,,[]
experiments/runs/libero_object_cross_task/task_9/group_arm2_grip8,9,groupwise_fixed,2,8,20,19,0.95,2555,1282,0.501761252446184,2555,"[0, 0, 0, 0, 0, 0, 2310]",be71f7d376196a8ac0bc3ea59896abd82a48f0ff2b9aa5d1ed730f3ffeff5ab7,db7037edf1caef308b539098045cee1bd2235881161e130ebaf140bf5aea3ad7,2df604a9a1aa5f5a04c91cb75e3133591d0577e89992de7e48dd3063858e9f03,24c7645c244345cf088b378e0719d270ff4c50bcc105d06674ab6c55b252d125,/home/thor/projects/checkpoints/zeromidnight_act_libero_object,f66e5128ecb2456e8c54a63d15404fa59c16aebc,,[]
experiments/runs/libero_object_cross_task/task_9/group_arm4_grip16,9,groupwise_fixed,4,16,20,20,1.0,2439,619,0.25379253792537926,2439,"[0, 0, 1, 0, 0, 0, 2320]",4b1654a4478c459169828591b0975e7ffbdba7f5e80474e216ba663b30d5c66b,0ccf3d929d8459e3c16a660bdf87d5812df06434cfb0c6f72c7245c6ab0e12e4,b4cf26a46ca07749c72d5b9825d878c194e5b8be4715202bd03b517aee55e57c,b83c39f1bfc986cd3651d25115273cf721ab91f93e309a673269d7b190bcd96e,/home/thor/projects/checkpoints/zeromidnight_act_libero_object,f66e5128ecb2456e8c54a63d15404fa59c16aebc,,[]
experiments/runs/libero_object_cross_task/task_9/group_arm8_grip16,9,groupwise_fixed,8,16,20,18,0.9,2720,348,0.12794117647058822,2720,"[0, 0, 4, 0, 0, 0, 2432]",4a122f75598d41c0d0fbfaa814477e6401a308367c012294fc82c8ed164a3fde,c37572ea63dcbef570699aca7e3a4cbf5666a285eb9ddcf40be4017887e2306f,a6879337e63965bdeaf08484e67c38ba7e6c249674f1f1687b3ec713d37c07ef,2212a7e091cd63f61cbcf7c3604460ffd75f697c0e1d9f4339dbfbf317275f78,/home/thor/projects/checkpoints/zeromidnight_act_libero_object,f66e5128ecb2456e8c54a63d15404fa59c16aebc,,[]
experiments/runs/libero_object_cross_task/task_9/group_arm8_grip2,9,groupwise_fixed,8,2,20,17,0.85,2991,1501,0.5018388498829823,2991,"[0, 0, 4, 0, 0, 0, 2645]",be6f8bd3ad0e3b50172b6221010823f72295feddcb745f76e3bdc67ac5e6b766,f7d7db05e78dbd19903c82bdbbb98a6d6c3daad4e6da5556d5b19a10578a7317,e720878220768083a3a6be21b9d21b3010e6cc5f8dae322d61f28dbdf44b8af3,d38d99d7936af5712c3a32df8ec649b2bf491fa9ddea1e68fcf67b405be3c4de,/home/thor/projects/checkpoints/zeromidnight_act_libero_object,f66e5128ecb2456e8c54a63d15404fa59c16aebc,,[]
experiments/runs/libero_object_cross_task/task_9/group_arm8_grip8,9,groupwise_fixed,8,8,20,18,0.9,2713,348,0.1282712863988205,2713,"[0, 0, 3, 0, 0, 0, 2470]",5cc1e3cf402db99922a85ba728eef12a589ac798032e2f572fc7508280f74073,36144bfcbcbcdbc44643dca93b397131372a08ccd221097c75d23169cbf1d279,f144761818fd1e93e35265075ee82a2cd2fe21698d0f07470a29925583106063,a53592fba402bb3cd5e5fa1ae4dc72d1766e13cdb7cdf9ae4d44ee0a67087c6b,/home/thor/projects/checkpoints/zeromidnight_act_libero_object,f66e5128ecb2456e8c54a63d15404fa59c16aebc,,[]
experiments/runs/libero_object_cross_task/video_replays/4,1,global_fixed,4,4,1,0,0.0,280,70,0.25,280,"[0, 0, 0, 0, 0, 0, 280]",dbe6db8a8193dd8429caccef57563afca5b7566df48da4802fa86f8912f66ecf,3a949af03886ae8272f4d78fe7a9c485feb1752b6254b2fc71520e47d4c0ada4,8f70f185d8f1eeac93d04b7b21b83d3998ae1d7711de3d544c2a32f8570984ec,2d40fca9b666c7c3a397c4adede5b404c60555be276e3b742f87ad928a833773,/home/thor/projects/checkpoints/zeromidnight_act_libero_object,f66e5128ecb2456e8c54a63d15404fa59c16aebc,,[]
"experiments/runs/libero_object_cross_task/video_replays/arm=16,gripper=2",1,groupwise_fixed,16,2,1,0,0.0,280,140,0.5,280,"[0, 0, 0, 0, 0, 0, 274]",c56a81ba8fb2e46bd9af0fac228b1aac8d2f2ce86cd2d902687e3d639cbd06e2,f75ae50f7318f24e2826a82a51515358ae3447f52a8671cccf4a0b5736ec5f99,3af861cf71691c61015bdcf065799c621445da5b9464c880b6a2685b660617df,853018779a763db4941563af42f57c4243fd0912395062abb28be4a5750946cd,/home/thor/projects/checkpoints/zeromidnight_act_libero_object,f66e5128ecb2456e8c54a63d15404fa59c16aebc,,[]
"experiments/runs/libero_object_cross_task/video_replays/arm=16,gripper=8",3,groupwise_fixed,16,8,1,0,0.0,280,35,0.125,280,"[0, 0, 0, 0, 0, 0, 137]",2d8cfdafa56f904bfbe6296e354a341e6a4e92fb4bac2ac90790304790e213eb,68693f205fca5d11cf28f1c2b0d111f072e8095c66c4f5d4310b85546a02008b,01de3dfc4be7abe92b84aaf322b116fa885744735bbfd78f53d7812bbddf5e5e,65a4f97da3d6991aa900470184c17e417756eb17a4b85a0dceb2f9d4309bd47f,/home/thor/projects/checkpoints/zeromidnight_act_libero_object,f66e5128ecb2456e8c54a63d15404fa59c16aebc,,[]
"experiments/runs/libero_object_cross_task/video_replays/arm=2,gripper=16",1,groupwise_fixed,2,16,1,1,1.0,169,85,0.5029585798816568,169,"[0, 0, 0, 0, 0, 0, 146]",f087c0e3de07846d42f880735ba465a819b34c0bd62f4d75b48754783ef25770,1b0dd4a2923479a7796d9db503039130f086274fb2b8871643016eada68d2fa5,142390e9a5c6f7945e44f81bfa54e41b67d911e3c7f80347df46180a04dc2b82,49b2365ebc6e04b9f7073ba24350380a2a755a682a6f4efecfd4839d7908cb67,/home/thor/projects/checkpoints/zeromidnight_act_libero_object,f66e5128ecb2456e8c54a63d15404fa59c16aebc,,[]
experiments/runs/libero_object_cross_task/video_replays/task3_init11_global_h16,3,global_fixed,16,16,1,0,0.0,280,18,0.06428571428571428,280,"[0, 0, 0, 0, 0, 0, 201]",eb8a36afde96e13015c2fb52f99f2bb1863c4265013553931701bfe6473f754a,4aecc641a6f8da6d2abe4fe1072dbcb08cdf25c7a64db1fb7b5c586fc5b29786,5c3945001cc14816e5e3d408550c59e6cabc17562ba3aa77b81494c9ecea7ec3,0bd3a4b931a29e41c81e5092333ae1a7957ab3ac135b3c7bfd71f06a835e1978,/home/thor/projects/checkpoints/zeromidnight_act_libero_object,f66e5128ecb2456e8c54a63d15404fa59c16aebc,,[]
experiments/runs/libero_object_cross_task/video_replays/unused,3,global_fixed,4,4,1,0,0.0,280,70,0.25,280,"[0, 0, 0, 0, 0, 0, 178]",367b274d5e705f9709fb0e468fce07757de86f7d2a020e3279be532da4b840c3,93e67ab523781e8c7d7d5677c8dd0d94cf358b32efecead7f808ada3f5b298be,9a313660a85dd4f9ec794afe84db4e7981084532714cdb649ea821c7f18f7495,2d40fca9b666c7c3a397c4adede5b404c60555be276e3b742f87ad928a833773,/home/thor/projects/checkpoints/zeromidnight_act_libero_object,f66e5128ecb2456e8c54a63d15404fa59c16aebc,,[]
experiments/runs/libero_object_global_h1,0,global_fixed,1,1,0,0,,0,0,,0,"[0, 0, 0, 0, 0, 0, 0]",b5d0f34f84dc561b93f000bcdde0eaa85e1e6f73d4f4046e9709cbadbe51256f,,b6bc9c7502b52d9a81274e462981aafb883cdce87ba12bb2dc6dbec146691e95,993f117c5060182183d3bb769b68d6cdb99ba37f91592eb390660ec07593e1c6,/home/thor/projects/checkpoints/zeromidnight_act_libero_object,f66e5128ecb2456e8c54a63d15404fa59c16aebc,,"['episodes_log_missing', 'summary_environment_steps_mismatch', 'summary_episodes_mismatch', 'summary_policy_queries_mismatch']"
experiments/runs/libero_object_global_h16,0,global_fixed,16,16,0,0,,0,0,,0,"[0, 0, 0, 0, 0, 0, 0]",aa2870257781909cc61c40464106b97c785861c06e80d78bcccc9537840f9183,,4e53f2fa9c6811566533430cc5a7a7d62098e8e98d27b1b2d32f39d320ebec63,de8e9ba2da9c4c870c0c87b4996416341aea74106c15430d29831da81fec5bc4,/home/thor/projects/checkpoints/zeromidnight_act_libero_object,f66e5128ecb2456e8c54a63d15404fa59c16aebc,,"['episodes_log_missing', 'summary_environment_steps_mismatch', 'summary_episodes_mismatch', 'summary_policy_queries_mismatch', 'summary_successes_mismatch']"
experiments/runs/libero_object_global_h2,0,global_fixed,2,2,0,0,,0,0,,0,"[0, 0, 0, 0, 0, 0, 0]",7fbcdb61490d218c9050f80da202dc136268c52b24bbc1616eea97f848994be0,,75abf0b5d6e1c0f6b14610cdcf08f572385783b8fed633997f5f12112c247de6,cf6f9385176c927d3142def3d8b52912386167e1d3d5c3ec22863f5f45507e65,/home/thor/projects/checkpoints/zeromidnight_act_libero_object,f66e5128ecb2456e8c54a63d15404fa59c16aebc,,"['episodes_log_missing', 'summary_environment_steps_mismatch', 'summary_episodes_mismatch', 'summary_policy_queries_mismatch']"
experiments/runs/libero_object_global_h4,0,global_fixed,4,4,0,0,,0,0,,0,"[0, 0, 0, 0, 0, 0, 0]",8129d11100894bcb28e856965cfaca7575b65d96d752da21d5da82fb43ef60a8,,daa557e2df7fb6c225f8bcaf1280c3aeeb2ae63bfe50da2d23256063ab67997e,ab8111a264f8cbaf94c53cbaf7c394af868a1afaaa30bef1ba937083a9166d1b,/home/thor/projects/checkpoints/zeromidnight_act_libero_object,f66e5128ecb2456e8c54a63d15404fa59c16aebc,,"['episodes_log_missing', 'summary_environment_steps_mismatch', 'summary_episodes_mismatch', 'summary_policy_queries_mismatch', 'summary_successes_mismatch']"
experiments/runs/libero_object_global_h8,0,global_fixed,8,8,0,0,,0,0,,0,"[0, 0, 0, 0, 0, 0, 0]",293ca3607b49bbbe6dbf4aee76b7c860c94a769dfd8268a1939ebf06f9a68592,,64e22626429ced1eedca6fc9a66c50f4f66bc8f6e002263fbc5dda9dd49c5544,bb01821eca29ca0e2afd1deadfc0a378a8fc141e7eabb3bae099cd2ec45b648a,/home/thor/projects/checkpoints/zeromidnight_act_libero_object,f66e5128ecb2456e8c54a63d15404fa59c16aebc,,"['episodes_log_missing', 'summary_environment_steps_mismatch', 'summary_episodes_mismatch', 'summary_policy_queries_mismatch', 'summary_successes_mismatch']"
experiments/runs/libero_object_group_arm16_gripper2,0,groupwise_fixed,16,2,0,0,,0,0,,0,"[0, 0, 0, 0, 0, 0, 0]",e37aeb608359916273a0a2048c082afb8030e64d27ededb5fdea940895c0ebaa,,a8f6dc1399b1c85313759c367fba1f3fc17f9439b6d8b059dd4bf087b9117b67,822b2ef7a5576a484b57dc74195a1fa5f4308d7b4e3f0d530005905da24a91c7,/home/thor/projects/checkpoints/zeromidnight_act_libero_object,f66e5128ecb2456e8c54a63d15404fa59c16aebc,,"['episodes_log_missing', 'summary_environment_steps_mismatch', 'summary_episodes_mismatch', 'summary_policy_queries_mismatch', 'summary_successes_mismatch']"
experiments/runs/libero_object_group_arm8_gripper2,0,groupwise_fixed,8,2,0,0,,0,0,,0,"[0, 0, 0, 0, 0, 0, 0]",f3277bc85b64b8095d41cc9912687aa9bdecdb409b13af96e5781216911c9b38,,f736251ea1b1e7cb0ed5fc69d9696143c2f68518f88312487450adf59df26c62,53146783ed916794de40f5db53ed1c046ff763d0d36a698ba9232c85995540a5,/home/thor/projects/checkpoints/zeromidnight_act_libero_object,f66e5128ecb2456e8c54a63d15404fa59c16aebc,,"['episodes_log_missing', 'summary_environment_steps_mismatch', 'summary_episodes_mismatch', 'summary_policy_queries_mismatch', 'summary_successes_mismatch']"
experiments/runs/libero_pairing_sanity/global_h8,0,global_fixed,8,8,2,2,1.0,301,38,0.12624584717607973,301,"[0, 0, 1, 0, 0, 0, 262]",f4d7bba3bb413df32eeb1254e10d68f066b41f972c5f0f05fbf1fd846b7e7b71,325a94380164c41c4777dd7a25fac96090ba91852c214d3014449a4f50d04263,7bc08aa01237803bf6220c1f261dd85d1d35f7a6b637adb247518c5489d2d36a,311b12f15e8bcf0b650fff71d49b6435116dcc74263fce80a090af8c337b0c1c,/home/thor/projects/checkpoints/zeromidnight_act_libero_object,f66e5128ecb2456e8c54a63d15404fa59c16aebc,,[]
experiments/runs/libero_pairing_sanity/group_arm8_grip8,0,groupwise_fixed,8,8,2,2,1.0,301,38,0.12624584717607973,301,"[0, 0, 1, 0, 0, 0, 262]",ae6ebfe09fe97649b86e94ad38b0256fcab34b130d6f322e87871e671ff6b8ed,7574289dac77ef12affe3f78a50d91f5d64684d34c49228f1c0bc48fca78888e,7bc08aa01237803bf6220c1f261dd85d1d35f7a6b637adb247518c5489d2d36a,311b12f15e8bcf0b650fff71d49b6435116dcc74263fce80a090af8c337b0c1c,/home/thor/projects/checkpoints/zeromidnight_act_libero_object,f66e5128ecb2456e8c54a63d15404fa59c16aebc,,[]
experiments/runs/libero_static_grid_20/global_h1,0,global_fixed,1,1,20,14,0.7,4039,4039,1.0,4039,"[0, 7, 33, 0, 0, 0, 3099]",2a77116bfb3a0a61b9d71cf75e6e21c6231c834aa436835e987828604290d0bf,89e03c81fc709a68c363fb5473b518cbaf33a8025e5b869583737760cd3ef6ef,6099602f99b5805a4b47114a2927f2ec79e5fa9880b817cbaa98c92ddd64161f,6b21b368cbf1641fc32097ba17716742d739f8ac86a18dc4064d8ca9fb2299f7,/home/thor/projects/checkpoints/zeromidnight_act_libero_object,f66e5128ecb2456e8c54a63d15404fa59c16aebc,,[]
experiments/runs/libero_static_grid_20/global_h16,0,global_fixed,16,16,20,17,0.85,3275,215,0.06564885496183206,3275,"[0, 4, 42, 0, 0, 0, 2755]",7e5ab039021fa4fdd70e4b5b9b3b421e9e9de28453b44afcccad5e0a294f6ce0,56fc9efec7f7745e4a226e8eac971fdb2c8586741edea06b73807831b95a004c,515266ff4656579547be22cefe3fdacb10faa6bf03f31045abaa9999e213f711,43c67eb855bf11db103911e803c1b60f5fb6d3b0315a560ec018bce3980c18eb,/home/thor/projects/checkpoints/zeromidnight_act_libero_object,f66e5128ecb2456e8c54a63d15404fa59c16aebc,,[]
experiments/runs/libero_static_grid_20/global_h2,0,global_fixed,2,2,20,13,0.65,4209,2108,0.5008315514373961,4209,"[0, 7, 37, 0, 0, 0, 3216]",e6eb2e0356ce52647b1b38888d3104cdf5b12101e7cb7de1b7e369b2170bc951,28b555fd31f9a3338c695e43270514761039d9444eb90d8c4a7ad7723b9d855c,fb5b6af753d6ab18be7bae2f9b4c6fb85c11748006457430bffd32634639d0dd,62e14e33b5ba6e46b90de595dea3f83475a485720a2a389225a76133dee9bb82,/home/thor/projects/checkpoints/zeromidnight_act_libero_object,f66e5128ecb2456e8c54a63d15404fa59c16aebc,,[]
experiments/runs/libero_static_grid_20/global_h4,0,global_fixed,4,4,20,17,0.85,3428,864,0.25204200700116686,3428,"[0, 5, 45, 0, 0, 0, 2893]",315da7c3fee0221b367a7b2273b9e8671c4f554217f4fffc8c8b72ee0fc0602e,d97c7f3e32a149d7c4a15e64cea8de5443dd1d7fc8e402ef0654ac8eef1f7412,d78b3fe49fd60f9c46467a1fa077e4ca6287c89e3350c692aba3d0b9c406a3fa,b98c9954f50da95b4c5dabe622a0b39b8d6a5fb4c66bea690890de7c1cd62fad,/home/thor/projects/checkpoints/zeromidnight_act_libero_object,f66e5128ecb2456e8c54a63d15404fa59c16aebc,,[]
experiments/runs/libero_static_grid_20/global_h8,0,global_fixed,8,8,20,18,0.9,3109,397,0.12769379221614668,3109,"[0, 3, 40, 0, 0, 0, 2671]",0ff73b7bef387ad7a3db7b69379adb537d4a70329493626becd7a7531f1837e3,c00cc56c8e705ac94e68f9c2fc04ffcb4d074c5c98dbab6ebc1e8923813309e7,a16cbe4a01ac7cad49221f8b905ee0c968b2320b26f14bce6493213c7df8bc11,6c842893402a99128d4464df1240653678f6c32ead3e070218400394face47e3,/home/thor/projects/checkpoints/zeromidnight_act_libero_object,f66e5128ecb2456e8c54a63d15404fa59c16aebc,,[]
experiments/runs/libero_static_grid_20/group_arm16_grip1,0,groupwise_fixed,16,1,20,13,0.65,4125,4125,1.0,4125,"[0, 4, 62, 0, 0, 0, 3714]",18e328885124f3955f38ea03712a76e1a2694f09cdf9843644805aa81f87f09f,56cae0ddfa5dbc0c4f6231bd41f8d9ee9fc6e28bfdd56a863ecee0259bd6c9a6,cd7a537479591328db0f8c49b3e0ab5a5baeb57722fde08ef4418d89a2d8518c,4514b1ba0496ade00122cca256a2ee22c473ed7d904304fa31cc90bb8117145a,/home/thor/projects/checkpoints/zeromidnight_act_libero_object,f66e5128ecb2456e8c54a63d15404fa59c16aebc,,[]
experiments/runs/libero_static_grid_20/group_arm16_grip16,0,groupwise_fixed,16,16,20,17,0.85,3275,215,0.06564885496183206,3275,"[0, 4, 42, 0, 0, 0, 2755]",1d2587b41d22045e060c2bb166f02fa2d53127e6ccd8a2a34cb998dc27c7f88a,94a6c1b8a686325dedca0be80eaef6713156954d5bf461cce21b402a1ad2c5a3,515266ff4656579547be22cefe3fdacb10faa6bf03f31045abaa9999e213f711,43c67eb855bf11db103911e803c1b60f5fb6d3b0315a560ec018bce3980c18eb,/home/thor/projects/checkpoints/zeromidnight_act_libero_object,f66e5128ecb2456e8c54a63d15404fa59c16aebc,,[]
experiments/runs/libero_static_grid_20/group_arm16_grip2,0,groupwise_fixed,16,2,20,13,0.65,3930,1968,0.500763358778626,3930,"[0, 4, 50, 0, 0, 0, 3357]",e054ddabf06bf2ec3e09437b7a5fba9ddfef9eb994fdf227ef74b682db98563e,0ee86b120e03459b64978d876f6819fd713fbc7581671cd2b2186b33c16bb19a,0e23c231833115925d57b8879a7b99895c97a238e944249067f46564cf9eabcd,5923bfcaf1b57dc5b44e63fbae0eed6a798103ca6cb23dca53e1f6c3429463c2,/home/thor/projects/checkpoints/zeromidnight_act_libero_object,f66e5128ecb2456e8c54a63d15404fa59c16aebc,,[]
experiments/runs/libero_static_grid_20/group_arm16_grip4,0,groupwise_fixed,16,4,20,15,0.75,3568,897,0.25140134529147984,3568,"[0, 4, 47, 0, 0, 0, 3112]",f495bd9ba05613a9db1225b2ace5d32af232693d183c4434edf1974a36912170,d9969f9160f435611c20b63260d72b2b5868e2dca1651d80c05fc4ec3a02b752,76094ef439c348d12aad5989bc4609c33d79b951e167fc3c7123e3eae8fae121,3137719eda6e367d04d89e451fe23733baefd24c3049c411fde934a129a99641,/home/thor/projects/checkpoints/zeromidnight_act_libero_object,f66e5128ecb2456e8c54a63d15404fa59c16aebc,,[]
experiments/runs/libero_static_grid_20/group_arm16_grip8,0,groupwise_fixed,16,8,20,16,0.8,3580,454,0.12681564245810056,3580,"[0, 4, 64, 0, 0, 0, 2982]",61bf3642422032b20df833e21dd9bb4426b12ad6f9f3822b145bd3529ad0a1d8,d30ca96edc3f47f716732c8131b4cab0ee76ab6a5de8e350df2529257a059a8a,931c922f91538bcb0ff905e485f96f3117ec5c46df8a9100c94744f80a91f3d5,646438b82101fa574e6d61dd540f8d3eefe1a197ae58720e8fecfc54363982df,/home/thor/projects/checkpoints/zeromidnight_act_libero_object,f66e5128ecb2456e8c54a63d15404fa59c16aebc,,[]
experiments/runs/libero_static_grid_20/group_arm1_grip1,0,groupwise_fixed,1,1,20,14,0.7,4039,4039,1.0,4039,"[0, 7, 33, 0, 0, 0, 3099]",4df3fcf313dd595970cde0ba9148ffbdda3537eee052e66b4d149bd97f3c7cbf,1c488216935afcfafb28549d572acf12ea15654c36f1394a83340c0eebe0a259,6099602f99b5805a4b47114a2927f2ec79e5fa9880b817cbaa98c92ddd64161f,6b21b368cbf1641fc32097ba17716742d739f8ac86a18dc4064d8ca9fb2299f7,/home/thor/projects/checkpoints/zeromidnight_act_libero_object,f66e5128ecb2456e8c54a63d15404fa59c16aebc,,[]
experiments/runs/libero_static_grid_20/group_arm1_grip16,0,groupwise_fixed,1,16,20,16,0.8,3503,3503,1.0,3503,"[0, 7, 36, 0, 0, 0, 2957]",e667ab3c8a76d62c81603f7614e413c33cc7faac6a1ce684f8d495058762feb8,1ad7204e9f70c418efa0f9d5123361991c08f13c4c7ab8490622f1de62837c10,2b38c3bd3f648e642472692114acdca3649f41a4d9e4d91e4fbc15eda65b0a93,fce9e581919fca1c77e5cd05edb1433a302e5b9a83035402ab1d976b1ab6b5d8,/home/thor/projects/checkpoints/zeromidnight_act_libero_object,f66e5128ecb2456e8c54a63d15404fa59c16aebc,,[]
experiments/runs/libero_static_grid_20/group_arm1_grip2,0,groupwise_fixed,1,2,20,13,0.65,3994,3994,1.0,3994,"[0, 7, 30, 0, 0, 0, 3223]",48460f5080b0c43ca5b94b7fe779506866703eb40348fd52fda7d5feab1aaaf6,75326f273cdf4f26703dbfc86872f703a6f21d35238ba2a4385055fae24f42be,bb9cc5e3f1e14ef172eeca1188d4c33042a5c6a266da4c11691876188f96e2f2,75e8b9226e527f207af8e680077704581b66c8c6a48052d2285d1146e84a0984,/home/thor/projects/checkpoints/zeromidnight_act_libero_object,f66e5128ecb2456e8c54a63d15404fa59c16aebc,,[]
experiments/runs/libero_static_grid_20/group_arm1_grip4,0,groupwise_fixed,1,4,20,14,0.7,3896,3896,1.0,3896,"[0, 7, 32, 0, 0, 0, 3021]",87b637fd1bda74fafa4e5f3e833b4127826c662357f01f8c1b9f9110f5d855f6,6be3086dcf634d68ab4eb1d291dbed51f79a85014ff587df9c334b6c154f764c,71bfb10bc0bbfc87e321a33a887cbec56436bab135e7652a7d3e65cf0bb6913c,8296ab0be186688bec2fb806e445652857e0c8631602dbb009dfe43eaddfbec1,/home/thor/projects/checkpoints/zeromidnight_act_libero_object,f66e5128ecb2456e8c54a63d15404fa59c16aebc,,[]
experiments/runs/libero_static_grid_20/group_arm1_grip8,0,groupwise_fixed,1,8,20,16,0.8,3627,3627,1.0,3627,"[0, 7, 34, 0, 0, 0, 2958]",370df749cfa907b871c1c558e3d10166ac50fe58b29224d6f4d3c931240a22fa,e1ed07c9ccc3ebb24ff166b56361fea8094d643b1508b39b356a9fde4278ca8a,95b653e5664581124bbb9afcbf911e334d87d0a5c2377ec2c9b6c5c82e91def3,d699aca6cbbf2db37a47ce15a84012a9f6799e6a1bcc71ab371be921391f5f20,/home/thor/projects/checkpoints/zeromidnight_act_libero_object,f66e5128ecb2456e8c54a63d15404fa59c16aebc,,[]
experiments/runs/libero_static_grid_20/group_arm2_grip1,0,groupwise_fixed,2,1,20,10,0.5,4464,4464,1.0,4464,"[0, 7, 44, 0, 0, 0, 2941]",34bd9c56bc00bf45b2c6d73957c53cb6f14d6d80c0e2a100d15c5e1632b9e461,f399bdd53ff198a900505091155886870fe99a1a3bee3e4d7d76ed145c3ef6ec,81e1793a1ba89ed3bdc0e01d12cf8760c55ba4b2ab4d434130e043b3c878e990,8baf4531a811ba66032276325c62000b26e2840de14812abb2d6a7a940d6e863,/home/thor/projects/checkpoints/zeromidnight_act_libero_object,f66e5128ecb2456e8c54a63d15404fa59c16aebc,,[]
experiments/runs/libero_static_grid_20/group_arm2_grip16,0,groupwise_fixed,2,16,20,18,0.9,3343,1676,0.5013460963206701,3343,"[0, 7, 46, 0, 0, 0, 2901]",33ee5d44b37c33f888e23b5c68b19e3f6b65f2e23674a972745203633d75869f,83414827c6cec50ed742fd1dfd7c1a45a7d96562165b5ccf66397c6a6089f8b6,1ba04995ccc564852b5d8d3f3f5f533aaea3aa34b0aebad40199ecac26a886dc,09e0942265e81ee69f84a06e268454a086a9ac2f6468c2baa970488900c15ae0,/home/thor/projects/checkpoints/zeromidnight_act_libero_object,f66e5128ecb2456e8c54a63d15404fa59c16aebc,,[]
experiments/runs/libero_static_grid_20/group_arm2_grip2,0,groupwise_fixed,2,2,20,13,0.65,4209,2108,0.5008315514373961,4209,"[0, 7, 37, 0, 0, 0, 3216]",c15ca01222312a4787cc4fbea2ca84f31b71ab7dc1bf99470e333dd180f93b86,f85b054aa30fa72cce8c34ad66e48348977259d949781f10857d8dd3c6500caf,fb5b6af753d6ab18be7bae2f9b4c6fb85c11748006457430bffd32634639d0dd,62e14e33b5ba6e46b90de595dea3f83475a485720a2a389225a76133dee9bb82,/home/thor/projects/checkpoints/zeromidnight_act_libero_object,f66e5128ecb2456e8c54a63d15404fa59c16aebc,,[]
experiments/runs/libero_static_grid_20/group_arm2_grip4,0,groupwise_fixed,2,4,20,18,0.9,3576,1794,0.5016778523489933,3576,"[0, 7, 39, 0, 0, 0, 2929]",3ce37cd3197457d1eee370de4090dc4763f25a549ef78a78970fd2dfaa8c33c0,84b2fd08d5a92cc431fc591eccaee6825ec16a9442cdf00f48e2d2ea78a59f47,c719cb338155bd6425b7300efda5cdcd5e0172362a8c71efd49975e6147b3f69,16f5447f29f36cb8d1886cf874c3c5201eaf9a4de9fda80c11c7a71a94fbdae6,/home/thor/projects/checkpoints/zeromidnight_act_libero_object,f66e5128ecb2456e8c54a63d15404fa59c16aebc,,[]
experiments/runs/libero_static_grid_20/group_arm2_grip8,0,groupwise_fixed,2,8,20,18,0.9,3339,1674,0.5013477088948787,3339,"[0, 7, 33, 0, 0, 0, 2917]",434c82620eee5b7fa502a4f822525946d9684b216019ae8601cc560ac780f438,a4b758007c3ac26e19e80161b2729a85916160c71a21efb393aee007f91bc7bb,70514134d0ae15a476425ff689e7f2810f1d63bcdf845a88721254ac1bc55999,d0d765181cd2f4c2b6f520bbf1e52ef8c2fb621885b7ca1ded4ef69758bd1427,/home/thor/projects/checkpoints/zeromidnight_act_libero_object,f66e5128ecb2456e8c54a63d15404fa59c16aebc,,[]
experiments/runs/libero_static_grid_20/group_arm4_grip1,0,groupwise_fixed,4,1,20,12,0.6,4517,4517,1.0,4517,"[0, 5, 52, 0, 0, 0, 3020]",fb7548c667549a13774f82ec898f401135189f820d038cc81ffde37a3b4dc2e5,d1fda969169df61b283a3ebd52f87e765afd9cbe7f7904c1e3be9a7606b131a2,879250a2d9a7cf43da0ed8896f3bbeb654995bb03a4dd31030641e22c7691672,92c6f91f98917ce243bebf8e91ea9d96a5d3342a463171fccafcdf128fe18fd0,/home/thor/projects/checkpoints/zeromidnight_act_libero_object,f66e5128ecb2456e8c54a63d15404fa59c16aebc,,[]
experiments/runs/libero_static_grid_20/group_arm4_grip16,0,groupwise_fixed,4,16,20,19,0.95,3115,786,0.2523274478330658,3115,"[0, 5, 49, 0, 0, 0, 2712]",355548262694b52d0924b164a1451f77c3093594d7a202c1e4cbacb92120cf31,5e1b94cd1c78e03de6864a272d7b3e4ac12e4bbe884bdd9b7aa0510e84b8b44f,eb430f8ac31589bf2f4dde197f46d97607c56c92e01f100d48257231b18fe7b4,82352b66e903eee81d9f94be8bf7d97773980e4519176f771dd5a7303eeb229c,/home/thor/projects/checkpoints/zeromidnight_act_libero_object,f66e5128ecb2456e8c54a63d15404fa59c16aebc,,[]
experiments/runs/libero_static_grid_20/group_arm4_grip2,0,groupwise_fixed,4,2,20,13,0.65,4255,2130,0.500587544065805,4255,"[0, 5, 51, 0, 0, 0, 3028]",0a1bf9aa8437288fff68a4a3fff4ce124551449488a32fd3740a2f68bd842f58,9d12fa784b9a522f7b89bcad3c3f821adfeeb1b1c2ae3491b3d33c9396e1557b,5246b184d2f2e96b0fce273788b2b3baf8a16fa6a50f3c55b0ee49a4fea2ca67,7976c4cd84864a493de6832e8ceb6b50dbf40d947990c7e17b688404c4d896a1,/home/thor/projects/checkpoints/zeromidnight_act_libero_object,f66e5128ecb2456e8c54a63d15404fa59c16aebc,,[]
experiments/runs/libero_static_grid_20/group_arm4_grip4,0,groupwise_fixed,4,4,20,17,0.85,3428,864,0.25204200700116686,3428,"[0, 5, 45, 0, 0, 0, 2893]",c793e7d6a53691337539dc9e72423205bedf0fe3a525d7963360109ed407b1d0,6c230e6b04c5e48d3a8380f5438702000cd5e6cc99afda2e907db8f5a7f6187a,d78b3fe49fd60f9c46467a1fa077e4ca6287c89e3350c692aba3d0b9c406a3fa,b98c9954f50da95b4c5dabe622a0b39b8d6a5fb4c66bea690890de7c1cd62fad,/home/thor/projects/checkpoints/zeromidnight_act_libero_object,f66e5128ecb2456e8c54a63d15404fa59c16aebc,,[]
experiments/runs/libero_static_grid_20/group_arm4_grip8,0,groupwise_fixed,4,8,20,17,0.85,3323,837,0.25188083057478183,3323,"[0, 5, 48, 0, 0, 0, 2743]",a3754511452797d4193ab953f4fe1203355d31a9cd7e2e38d9fe7d2df8c310d1,d7ba2bcd5a4a16d2ab1ad95a48de889a2a7ea46811581b06681273708a309ab1,f5dce7c99990c3e6097784b770e17486648f7a8922f7dc18a867778569e0949f,456bdd550e87700d31d5f737f547607e479eb2c01c2d96b934b83436a5acdfe0,/home/thor/projects/checkpoints/zeromidnight_act_libero_object,f66e5128ecb2456e8c54a63d15404fa59c16aebc,,[]
experiments/runs/libero_static_grid_20/group_arm8_grip1,0,groupwise_fixed,8,1,20,11,0.55,4228,4228,1.0,4228,"[0, 3, 51, 0, 0, 0, 3391]",2ccb504fbd1fe39793a39b38defcb6fa3857f6ce10382f4e56aeccc4b2008831,b69a7e0dc7e9845b7a1d4d8188c8a5d0302fb1d73e49c7546881cc1f5562997d,4913df7592833acd0d310c1207a555294bad280e9730572de639ddd82dc5a4f2,15c2ea1c2b6305282233598451ac7fbad7e6cd0610d39bf5fbc43c7b00ff2853,/home/thor/projects/checkpoints/zeromidnight_act_libero_object,f66e5128ecb2456e8c54a63d15404fa59c16aebc,,[]
experiments/runs/libero_static_grid_20/group_arm8_grip16,0,groupwise_fixed,8,16,20,18,0.9,3174,403,0.12696912413358538,3174,"[0, 3, 45, 0, 0, 0, 2714]",99710c2831ac753ff5f90f3805c33d89e76e2561179e586bc22489fc9d8cfb47,e7e45ceeec53fae62cda9a857ab92e302e9bed846a1fa8d322f49db75a70455c,ac3fa870cd9d79976fc9ea5886b1cc6fd1ef63758b67f54d14d7e2959062e87d,977385c006094f8a5968cddeefae78f66b847e7a5b8956f22173af08955658a4,/home/thor/projects/checkpoints/zeromidnight_act_libero_object,f66e5128ecb2456e8c54a63d15404fa59c16aebc,,[]
experiments/runs/libero_static_grid_20/group_arm8_grip2,0,groupwise_fixed,8,2,20,13,0.65,3990,1997,0.5005012531328321,3990,"[0, 3, 50, 0, 0, 0, 3197]",eff8ee5f9666cd7962e48042e7ec35419c940518565ab482b278c08097b6b50a,3cb571aac2b0b6fe0f564a625eac687bd78d3548743cf6662eec9817ffb27f98,88f307804c2d33e861fa245a624ad1471e8328726b3a0d6ecc33e95b06b37cf7,c6651ac25c2340c1f8912cd074e2582f447a660d3ac11f2f670809b0abd96410,/home/thor/projects/checkpoints/zeromidnight_act_libero_object,f66e5128ecb2456e8c54a63d15404fa59c16aebc,,[]
experiments/runs/libero_static_grid_20/group_arm8_grip4,0,groupwise_fixed,8,4,20,15,0.75,3859,971,0.25161959056750455,3859,"[0, 3, 42, 0, 0, 0, 2950]",8ac8c0377712ac38fbf7343b9de1ff7822b969d43c5ed4710867c0a18b6e22d3,ff42b9c2883706db43e2ef456834987c316f67e3a5fa8a1136cc46eba87ae224,c568222b8562b916c995ee5529fc46e7d5308f23b18ec3d4640ff330dd03df2e,d87a04b2703a72293559a5abe5c65273c790ffbbcb0e7d182e9bb6ad2fcc04cf,/home/thor/projects/checkpoints/zeromidnight_act_libero_object,f66e5128ecb2456e8c54a63d15404fa59c16aebc,,[]
experiments/runs/libero_static_grid_20/group_arm8_grip8,0,groupwise_fixed,8,8,20,18,0.9,3109,397,0.12769379221614668,3109,"[0, 3, 40, 0, 0, 0, 2671]",33201c9ea758c5a0fa16bd33dc62fb04b2e10cee405559423d91797c8477def1,b808d860b081253316c9fa570a48f65996288f8ad97119ec87452d4fe06bccf9,a16cbe4a01ac7cad49221f8b905ee0c968b2320b26f14bce6493213c7df8bc11,6c842893402a99128d4464df1240653678f6c32ead3e070218400394face47e3,/home/thor/projects/checkpoints/zeromidnight_act_libero_object,f66e5128ecb2456e8c54a63d15404fa59c16aebc,,[]
experiments/runs/libero_static_grid_20/videos/init05_arm2_grip8,0,groupwise_fixed,2,8,1,1,1.0,191,96,0.5026178010471204,191,"[0, 0, 0, 0, 0, 0, 145]",0297fb3240b659329f9e6c4d6bc164be749e48526340732bd89d1c74ad5b87b9,029db228cb82d9876d176d0112fc344b861e7620f9419aad04fd90dd3f02d436,02ac358e4e32955b99dd0afc5461b130cfefb96423cd593affb1ce1c657fc843,db415abd55cf66a97a66c50070fd92acd3bc4a2a2495cb430398c9c7871d820c,/home/thor/projects/checkpoints/zeromidnight_act_libero_object,f66e5128ecb2456e8c54a63d15404fa59c16aebc,,[]
experiments/runs/libero_static_grid_20/videos/init05_arm8_grip2,0,groupwise_fixed,8,2,1,0,0.0,280,140,0.5,280,"[0, 0, 0, 0, 0, 0, 111]",4eab37d82534e721fbfaa6177c2f1d8337e6ddc3cd3e6b54a18bbcd55e869dd9,87bde0dac0f6cff61e5f49704f63ddd12fcc7b9b99047876d07a0f7e0a0e8490,300196aa6ea16dc83f947472c793ef108cca507368c9d9f0a3237d4eb4522248,261ff31d2ac22042698f06c6c8f6c475b63ebe605e648d77ef44537a42aa24c7,/home/thor/projects/checkpoints/zeromidnight_act_libero_object,f66e5128ecb2456e8c54a63d15404fa59c16aebc,,[]
experiments/runs/libero_static_grid_20/videos/init19_arm4_grip16,0,groupwise_fixed,4,16,1,1,1.0,208,52,0.25,208,"[0, 5, 1, 0, 0, 0, 168]",a9fdd89a956ed1628f806648cada9ce52eafff460b117b0a08467d7897ab9acc,bffd8d3b9eb15c6c0a94115317938bcbbd0ea490d97bdf7cb974a9312c3338b1,252a1ab0b08db9bb51109f5de62aa52073c81ecb0fb77264d4f6908284a3a522,fa21ebb6dba23085830279c6f564791bc80e8bef4d3d7a11799aa65a8d3c7fe7,/home/thor/projects/checkpoints/zeromidnight_act_libero_object,f66e5128ecb2456e8c54a63d15404fa59c16aebc,,[]
experiments/runs/libero_static_grid_20/videos/init19_global_h8,0,global_fixed,8,8,1,0,0.0,280,35,0.125,280,"[0, 3, 0, 0, 0, 0, 162]",8368345f77f14b4674647f0d91d40e240cb3df408931b515213133d913dedbc4,a3e822a1a79b92dd04acfe3bb1240d5bdb6b09c722890e25e32bfa4d01f46bdd,57818ea15c95b176a893235a8f5ccb041c8060bcd96ac3b9cbe4a7082d8a2de3,8998b91216f587227750d39f8fc4be75b99a69272ed2e6936a84135d89adaf95,/home/thor/projects/checkpoints/zeromidnight_act_libero_object,f66e5128ecb2456e8c54a63d15404fa59c16aebc,,[]
experiments/runs/libero_static_grid_50/videos/state20_arm16_grip4,0,groupwise_fixed,16,4,1,0,0.0,280,70,0.25,280,"[0, 0, 0, 0, 0, 0, 258]",4cfb40dfe5e41930a3a18b2323bd158dbe3f198bd22883c5b8ace870a9b1cfcb,afb33921d545b03dbc350836d1607281bd672ef8a3a1ba626a3156ff8d035b19,7ea989932db4d03c3e631b3bfdaed9e138a642a915049e8c11c7b9df31da9510,06a78576173d9beaf2e077ef45e322a7e0119addd91868fed2125e03105e3dc6,/home/thor/projects/checkpoints/zeromidnight_act_libero_object,f66e5128ecb2456e8c54a63d15404fa59c16aebc,,[]
experiments/runs/libero_static_grid_50/videos/state20_arm4_grip16,0,groupwise_fixed,4,16,1,1,1.0,182,46,0.25274725274725274,182,"[0, 0, 7, 0, 0, 0, 171]",527fb05ddb8cd676ad58e7f48e7598fba252cfb3d137af96b368e0f16e436ed1,5961b3912861c5a908643e48f93c31a20fb635cca61c871ec0fa6b279e5a1c4f,97d85977cabcca4912a91b7b901a1507588c2188493b22402e88dccbe7ea81dc,d458d0e7fe1d3ad2e51f43573599f265c68c979cd1cf76ec34041b24a0aae1d5,/home/thor/projects/checkpoints/zeromidnight_act_libero_object,f66e5128ecb2456e8c54a63d15404fa59c16aebc,,[]
experiments/runs/libero_static_grid_50/videos/state41_arm4_grip16,0,groupwise_fixed,4,16,1,1,1.0,161,41,0.2546583850931677,161,"[0, 0, 0, 0, 0, 0, 146]",f051f309ab739550fb0091721d032bdea23588d0b35b144c06b755f0ad3a3341,36d3b3bfb7cabaa6e1d7f7b21cb01df6be4dc9e23107923a71c591abfc9c6d35,56a225e16419d7caa1101a268a76c05a40e42e3c75cbf9885eba9aac190310ea,52e9936b6f693014d54b9f334eb0307b6529403efa5ee5ce7d8418a904ae8675,/home/thor/projects/checkpoints/zeromidnight_act_libero_object,f66e5128ecb2456e8c54a63d15404fa59c16aebc,,[]
experiments/runs/libero_static_grid_50/videos/state41_global_h8,0,global_fixed,8,8,1,0,0.0,280,35,0.125,280,"[0, 0, 0, 0, 0, 0, 212]",4153ca0d823a26983ac9396a821dabe2c8c49f97cfcfad5f36f99fcb5b9d982f,7125960c668c722a6a969cf1fa6a85538f81f8ef630cbeb14128562506621731,fda58df809cd808c7ad099fd9458d0c7e9657367e8a46c86e0d31070da63014a,8998b91216f587227750d39f8fc4be75b99a69272ed2e6936a84135d89adaf95,/home/thor/projects/checkpoints/zeromidnight_act_libero_object,f66e5128ecb2456e8c54a63d15404fa59c16aebc,,[]
experiments/runs/libero_static_grid_50_extension/global_h1,0,global_fixed,1,1,30,15,0.5,7053,7053,1.0,7053,"[0, 0, 22, 0, 0, 0, 4809]",8eb0d5e83e81215fe1a30f7dcc001487db1dcfbc0a3e8dba30ea09864598067b,1eae42713f5d1858967904ef5b6510ab039eddcc8fbefc102ee2b34c26aff822,a8dad5903b809e8cc0f60a3f79a47d34397256a3f8d97886b0545e921861dbe6,5d4e208ac72fd307bf879b4789b650d7b8659a69a4bf160b2dcf225d09470340,/home/thor/projects/checkpoints/zeromidnight_act_libero_object,f66e5128ecb2456e8c54a63d15404fa59c16aebc,,[]
experiments/runs/libero_static_grid_50_extension/global_h16,0,global_fixed,16,16,30,25,0.8333333333333334,4826,315,0.06527144633236635,4826,"[0, 0, 43, 0, 0, 0, 4149]",f3a8b0d0e55efc7ea3bc5a865fd69ea2cadab9f4bcb3b582abbf2a4503423aee,db31202d21b4ce00315fa119ab8f36b6da1dac4348ef2cc106e83679dcf8b964,fd9db22e578a6822c64710882f3b65f2252f1f6e72e0077b3ebddc9d70b77dbf,02e07506ba6d102349e102a7cbf2eca4d08fe878e42dc1792ec6deba0e6dd315,/home/thor/projects/checkpoints/zeromidnight_act_libero_object,f66e5128ecb2456e8c54a63d15404fa59c16aebc,,[]
experiments/runs/libero_static_grid_50_extension/global_h2,0,global_fixed,2,2,30,18,0.6,6189,3100,0.5008886734529003,6189,"[0, 0, 37, 0, 0, 0, 4417]",f6f9d572653fe4478864be1672840a4a42061920df3b78e7b8f813ab85c77c81,60c356d14ce102a4ff2eeb7d3f2a60fe8fd088279b4b9e5159abfe3935e6ed02,ed9e1da3e8e082ba47630f5ebd79ff7975f277ecdf728cc3abcba2f603f85ee0,10612e1f1d21484a8909e1a2ecb5fe13ff869d1ddaa5a853abd910f648b932ea,/home/thor/projects/checkpoints/zeromidnight_act_libero_object,f66e5128ecb2456e8c54a63d15404fa59c16aebc,,[]
experiments/runs/libero_static_grid_50_extension/global_h4,0,global_fixed,4,4,30,25,0.8333333333333334,5245,1320,0.25166825548141086,5245,"[0, 0, 51, 0, 0, 0, 4293]",084f485258870bae67c8c366e079ec66c1fc882b3bf8ec2ccf0eef9c28467061,bfcb97ea5b1d3520b28191befb39e9ad23467dfb2b418adbf01af08834405d03,401347df687cceb077f94d9ca7161f8cd02bb1b63c736ac9b3d731a3de537766,5cd1cb9a30163d32bbf51c99a66711d9e3941dfe4f594db9b4a8bb12de6d4bb7,/home/thor/projects/checkpoints/zeromidnight_act_libero_object,f66e5128ecb2456e8c54a63d15404fa59c16aebc,,[]
experiments/runs/libero_static_grid_50_extension/global_h8,0,global_fixed,8,8,1,1,1.0,180,23,0.12777777777777777,180,"[0, 0, 8, 0, 0, 0, 154]",6a828dd4d2e6afac26aabad86d9dad0785aa2d08ee57a5c11b168c42bedc4010,5824a8f7fa1c297af7933f655b6b6621e78af6230981549897dbd7322c60f870,1792e052e3be8012a630e56b2fbcca4e4c8989d550d48bed7c1fa0a838264067,3f12d89822e4c5c3eaa5af91bc9ffecd64de982a33c07ecdde034265ab5c7bcd,/home/thor/projects/checkpoints/zeromidnight_act_libero_object,f66e5128ecb2456e8c54a63d15404fa59c16aebc,,[]
experiments/runs/libero_static_grid_50_extension/global_h8_states21_49,0,global_fixed,8,8,29,26,0.896551724137931,4400,563,0.12795454545454546,4400,"[0, 0, 44, 0, 0, 0, 3937]",e4446cee7a4fc60b8196ae28ce695c4126f94cef1d40adc4ee1b5256a4a72de4,c4b2b0848dfffd2fa32d52a39e5e4bba018ec532541d4caed040e01e89e2d351,96dac1fe30804460953c996a4c79fbe380c2fe29011c2153bfb6d79e5a87e6ec,c3b6b5f8387c94b361d140098f0c2de13967c920c747127034e2e369448dead6,/home/thor/projects/checkpoints/zeromidnight_act_libero_object,f66e5128ecb2456e8c54a63d15404fa59c16aebc,,[]
experiments/runs/libero_static_grid_50_extension/group_arm16_grip1,0,groupwise_fixed,16,1,30,16,0.5333333333333333,6650,6650,1.0,6650,"[0, 0, 55, 0, 0, 0, 5635]",5870083ef2b469aba53be742a11ae9307508a1e9ee614248461acea07a4a38c5,7432e1f461402124e0eec351b7c3ac4084a8ee7a0c54246981af4c693fcdc430,380286e8436d3b87bcfb50dd5d4d4ec7894023b6db2a707c54c27c2275754363,31a0caed4a98b4942475357bcda2f9306c025ca6e749c18867bb30c9ff46cabf,/home/thor/projects/checkpoints/zeromidnight_act_libero_object,f66e5128ecb2456e8c54a63d15404fa59c16aebc,,[]
experiments/runs/libero_static_grid_50_extension/group_arm16_grip16,0,groupwise_fixed,16,16,30,25,0.8333333333333334,4826,315,0.06527144633236635,4826,"[0, 0, 43, 0, 0, 0, 4149]",8cc8aa9ae2e42c85d555489e1221a23aaf44b536f804de6a81915ccbd5b886ca,fbd22c7058a3cad51f9e152522df3dac6e8775a6a588d108ffe7c1530ebf2b20,fd9db22e578a6822c64710882f3b65f2252f1f6e72e0077b3ebddc9d70b77dbf,02e07506ba6d102349e102a7cbf2eca4d08fe878e42dc1792ec6deba0e6dd315,/home/thor/projects/checkpoints/zeromidnight_act_libero_object,f66e5128ecb2456e8c54a63d15404fa59c16aebc,,[]
experiments/runs/libero_static_grid_50_extension/group_arm16_grip2,0,groupwise_fixed,16,2,30,17,0.5666666666666667,6225,3118,0.5008835341365462,6225,"[0, 0, 52, 0, 0, 0, 5389]",b07a15548edb79600444a06b27d7862cb4a7193caf7b9e55752cd466dc7e582c,60de2589cdd08199d71a251cc3370a685d21af350aa3be7e5497ab010cfef7d3,748dd22e30e4d626d5b894d15d1664e08f1f37b34596d287ab19df9553c85f83,5b44b91cbf8d54d5239eded5c322e634477d4d1a86727557956997b332be9fa0,/home/thor/projects/checkpoints/zeromidnight_act_libero_object,f66e5128ecb2456e8c54a63d15404fa59c16aebc,,[]
experiments/runs/libero_static_grid_50_extension/group_arm16_grip4,0,groupwise_fixed,16,4,30,22,0.7333333333333333,5544,1395,0.25162337662337664,5544,"[0, 0, 54, 0, 0, 0, 4732]",a5cd0f2b4e3b08f8a40f53ae03e7af631ab0dcb0215ad7e6f306e042ccdc8acc,20b7b40c2251a463527ab420f89faec63be1a01a6e066b5ac73d7bc1bdb8fafd,6f4582155b113c9dc48e1878ad33e30b4f46e32c37fef802dfb7fa60a79815ac,1a5bba025f2e81f0b3502d0a1d4ed217f86188164f934fa51ad68f8ff40e51ca,/home/thor/projects/checkpoints/zeromidnight_act_libero_object,f66e5128ecb2456e8c54a63d15404fa59c16aebc,,[]
experiments/runs/libero_static_grid_50_extension/group_arm16_grip8,0,groupwise_fixed,16,8,30,25,0.8333333333333334,4872,620,0.1272577996715928,4872,"[0, 0, 44, 0, 0, 0, 4300]",1130e1622daab43b29a0455c20c8fb525b92327f2be58907e3968d5ec32bae24,eaa94b6021d4143fb0d3b93fbc776286e80f13b67bb033ecadb8e79f579c01f2,38ada5fe1d0c49252325c1ce9ca4b19c48ba19c2711edb7f813eded12b476c1c,2871ee452783cdad0c4be32f3a00ed282f869604a2d6099f1457d83d9369a99e,/home/thor/projects/checkpoints/zeromidnight_act_libero_object,f66e5128ecb2456e8c54a63d15404fa59c16aebc,,[]
experiments/runs/libero_static_grid_50_extension/group_arm1_grip1,0,groupwise_fixed,1,1,30,15,0.5,7053,7053,1.0,7053,"[0, 0, 22, 0, 0, 0, 4809]",6117791248edd1d50255204dcfd51eac597c34d90ce9db336c4d0a6f8247fd1f,7b6aa9ca71917bc792b4aed38a924378f85136a46defa26cc91b8718da6dd28a,a8dad5903b809e8cc0f60a3f79a47d34397256a3f8d97886b0545e921861dbe6,5d4e208ac72fd307bf879b4789b650d7b8659a69a4bf160b2dcf225d09470340,/home/thor/projects/checkpoints/zeromidnight_act_libero_object,f66e5128ecb2456e8c54a63d15404fa59c16aebc,,[]
experiments/runs/libero_static_grid_50_extension/group_arm1_grip16,0,groupwise_fixed,1,16,30,24,0.8,5363,5363,1.0,5363,"[0, 0, 35, 0, 0, 0, 4458]",d2bd0b2443e8459441de4d87a2dfdc909b5d90edda31c8b48bff6b42fe2eaefc,4be183ddb27c6f21400b190bea965e7a02ef90c28475f9bed7a3a75f47b63878,deaa85e4bca41ef34eef417ce7cc819020f1c74350591508286bafaa5549c18d,2e14acac415c56f03fc63c9e47d9650a17d2457fe2c304012db41f9fa45fb092,/home/thor/projects/checkpoints/zeromidnight_act_libero_object,f66e5128ecb2456e8c54a63d15404fa59c16aebc,,[]
experiments/runs/libero_static_grid_50_extension/group_arm1_grip2,0,groupwise_fixed,1,2,30,17,0.5666666666666667,6406,6406,1.0,6406,"[0, 0, 22, 0, 0, 0, 4618]",535d4b5052bcec1fd1dcc99cafabb49ee92f799859be6e756d94ae51769f470c,415d594d881a4bb3244840e9b35debb5b3b5aad434717cad3325f3a87707662c,6e28e5b0cb26880f45231711f12084579cadbc19c000ef84a9a5363c9bf2a252,216485eb60ecbb34c8707791254f6d75135a6505f4354cee0d5b78d723923363,/home/thor/projects/checkpoints/zeromidnight_act_libero_object,f66e5128ecb2456e8c54a63d15404fa59c16aebc,,[]
experiments/runs/libero_static_grid_50_extension/group_arm1_grip4,0,groupwise_fixed,1,4,30,20,0.6666666666666666,5917,5917,1.0,5917,"[0, 0, 34, 0, 0, 0, 4360]",80c6e47ff25b60a10aeef56b2185138e715aafcfe6d86b93a1eefbb832fc7027,31a0fb196c65f8433adbd59111eb7f831b88da61e66f49d0d6ada26551f2b90b,6a74b85697ccefe9efdffbdd78020d7fc047773240602429d128d332a7306bdc,f60c5af7ba48da999f00f2fc88e4857a81184a0eaf52ab89cb546f804c9fe689,/home/thor/projects/checkpoints/zeromidnight_act_libero_object,f66e5128ecb2456e8c54a63d15404fa59c16aebc,,[]
experiments/runs/libero_static_grid_50_extension/group_arm1_grip8,0,groupwise_fixed,1,8,30,24,0.8,5439,5439,1.0,5439,"[0, 0, 40, 0, 0, 0, 4396]",e6f32b50d7c0d7156648dfbaf45c7c56afb7c198ba1d5791e19e8c138d4bd6b6,48244dedb6c9caeb0cd668c392de5480a656e64503b59272f7da584656f8496c,b8c3124ed3b7e6b10c1a32aa73fb3cf87c9d56aa707640514af0995d8b084cf5,16ede920dd0d1f3e75e1a58b6f69c335ddbab2dc6ef712dda6b4b7c2a63eb074,/home/thor/projects/checkpoints/zeromidnight_act_libero_object,f66e5128ecb2456e8c54a63d15404fa59c16aebc,,[]
experiments/runs/libero_static_grid_50_extension/group_arm2_grip1,0,groupwise_fixed,2,1,30,16,0.5333333333333333,6708,6708,1.0,6708,"[0, 0, 35, 0, 0, 0, 4680]",16ddfcd88a45c25a4e30cf0ab01e90e4c99dfca0947406d40ff3710b693198cc,bff53c1e992b3e1ae51db5224cb4ab9733a53e1065c9d97d513929d2c700fe83,aee9c330acd0e484f11d6162d3d4e5046e497f14a40743ec898882b942d890b9,16e6ec941371924e5604d77e0e79f8c28647e29f2a2b2339b3cad73f7e9e20a9,/home/thor/projects/checkpoints/zeromidnight_act_libero_object,f66e5128ecb2456e8c54a63d15404fa59c16aebc,,[]
experiments/runs/libero_static_grid_50_extension/group_arm2_grip16,0,groupwise_fixed,2,16,30,26,0.8666666666666667,4877,2444,0.5011277424646299,4877,"[0, 0, 40, 0, 0, 0, 4150]",70eb2c57ad59b071d51424f626212d8fd4dd37f01b34cc82e334c1eed211b8de,83a379fe779e3771520561950abb1b8c5e0fbb9e2332fa693291a22f62fab0e2,dbaef71f58448d06562f15818e2b6e45c26f363ac58878dff0f6df281c790672,08d43d5344387d3e1305a253661edf94e8cb05c18c8bbf0d42c45cdae0ae54a5,/home/thor/projects/checkpoints/zeromidnight_act_libero_object,f66e5128ecb2456e8c54a63d15404fa59c16aebc,,[]
experiments/runs/libero_static_grid_50_extension/group_arm2_grip2,0,groupwise_fixed,2,2,30,18,0.6,6189,3100,0.5008886734529003,6189,"[0, 0, 37, 0, 0, 0, 4417]",1901cf469e0ee99705761fe365fed2eeb7d2973de00cfc145b372c93b3de7833,11be3e340b4eb09b78b002e4a9a30fbb5d72be1948c1f0e8e82af61f3e048387,ed9e1da3e8e082ba47630f5ebd79ff7975f277ecdf728cc3abcba2f603f85ee0,10612e1f1d21484a8909e1a2ecb5fe13ff869d1ddaa5a853abd910f648b932ea,/home/thor/projects/checkpoints/zeromidnight_act_libero_object,f66e5128ecb2456e8c54a63d15404fa59c16aebc,,[]
experiments/runs/libero_static_grid_50_extension/group_arm2_grip4,0,groupwise_fixed,2,4,30,24,0.8,5374,2695,0.5014886490509862,5374,"[0, 0, 40, 0, 0, 0, 4165]",50c8671b14057fdbcc43f0a809c527419adff55735b5a66c6b331e6eda5ed514,0ed81f92bb72a141bae9516653c6340ba25ab26d56a753523ce5e929396c9559,e211c036d87eda5a860e4c8b898e05cea2b8bb15ab9d400a1cb37576cd318ff6,efd5db3ea0462e2f0920704a1a9d5507d272a476a09c188101e975688dcde0c7,/home/thor/projects/checkpoints/zeromidnight_act_libero_object,f66e5128ecb2456e8c54a63d15404fa59c16aebc,,[]
experiments/runs/libero_static_grid_50_extension/group_arm2_grip8,0,groupwise_fixed,2,8,30,24,0.8,5222,2618,0.5013404825737265,5222,"[0, 0, 39, 0, 0, 0, 4194]",27b85eaf7a8657e4bad964f68d5e04a40acc29dd257207e055bb52cc59ca46eb,12de22917ca2acb2b87c75d8761dc66b0d464d9221425a52b202aed4399b478a,a06ad207c8543dd7cf60b2a685579b6b3d3d31a969fad7a4a994991387538df2,adafd875ac0dfd656ea9967591125fb7d61e8acc51a96103380e8a461f5f0ff3,/home/thor/projects/checkpoints/zeromidnight_act_libero_object,f66e5128ecb2456e8c54a63d15404fa59c16aebc,,[]
experiments/runs/libero_static_grid_50_extension/group_arm4_grip1,0,groupwise_fixed,4,1,30,16,0.5333333333333333,6644,6644,1.0,6644,"[0, 0, 46, 0, 0, 0, 4491]",3bce0384ee4675b3207b815ea95ad993729f8dce9c44c79c963860544263752b,2ace025f7a1fd28bb72e7e16e17851152823908c4800112566d8ef3fab2ae97c,d637660004dd6d63f7a848abcd6c0c23815b70f248afa643051a7e0edeedb573,36142dffac3b853cc88dabbd1b9c8b6762ace9800dfc8642cffd33b81eff9c26,/home/thor/projects/checkpoints/zeromidnight_act_libero_object,f66e5128ecb2456e8c54a63d15404fa59c16aebc,,[]
experiments/runs/libero_static_grid_50_extension/group_arm4_grip16,0,groupwise_fixed,4,16,1,1,1.0,182,46,0.25274725274725274,182,"[0, 0, 7, 0, 0, 0, 171]",8af5dfe72728bb0aa16470cbcd06f4735c5bf75685b8734d8eba85e9b884e1ab,5961b3912861c5a908643e48f93c31a20fb635cca61c871ec0fa6b279e5a1c4f,97d85977cabcca4912a91b7b901a1507588c2188493b22402e88dccbe7ea81dc,d458d0e7fe1d3ad2e51f43573599f265c68c979cd1cf76ec34041b24a0aae1d5,/home/thor/projects/checkpoints/zeromidnight_act_libero_object,f66e5128ecb2456e8c54a63d15404fa59c16aebc,,[]
experiments/runs/libero_static_grid_50_extension/group_arm4_grip16_states21_49,0,groupwise_fixed,4,16,29,27,0.9310344827586207,4467,1126,0.2520707409894784,4467,"[0, 0, 51, 0, 0, 0, 3935]",21370d6fe13b2f3f8913264794f420f23b3a818f582eee89dc72a2fb5131a77a,a97fa100e5ed33d9ee77231401a083cfa44dd58701e2b6ac84e94cf645522ab9,ec65b3b8c3359ac47c508db9fff93a3ebacc210ddb37e27f43da644066b9462b,1cc232de131acf6d13a5faf4d00dbbb3f97ad2ee18b9d668cbd90b82c019b506,/home/thor/projects/checkpoints/zeromidnight_act_libero_object,f66e5128ecb2456e8c54a63d15404fa59c16aebc,,[]
experiments/runs/libero_static_grid_50_extension/group_arm4_grip2,0,groupwise_fixed,4,2,30,18,0.6,6236,3123,0.5008017960230917,6236,"[0, 0, 50, 0, 0, 0, 4552]",421942c3b5d95a1ba5087e3865cf351cc23df7f3d0023e431adea817f4a1447e,75874afb009e75efb2c022366685da7092169b234d03e4f80ee6cd9005feab98,753710c302c8663d87fc06aa63dedd3805a7d49ba9d44830c73d900bc8a32cb8,8e41b3950e783a5310a81372e33acc24d8ccd57f3feed382f0c052a31d9df7c5,/home/thor/projects/checkpoints/zeromidnight_act_libero_object,f66e5128ecb2456e8c54a63d15404fa59c16aebc,,[]
experiments/runs/libero_static_grid_50_extension/group_arm4_grip4,0,groupwise_fixed,4,4,30,25,0.8333333333333334,5245,1320,0.25166825548141086,5245,"[0, 0, 51, 0, 0, 0, 4293]",463df8b64894b8261223292bec5617860ae8b94159d383d2b8f9a867c736ec23,ca180485debf115ebb24858695195f94e773a0ee2e721c0b842421c19505b0e9,401347df687cceb077f94d9ca7161f8cd02bb1b63c736ac9b3d731a3de537766,5cd1cb9a30163d32bbf51c99a66711d9e3941dfe4f594db9b4a8bb12de6d4bb7,/home/thor/projects/checkpoints/zeromidnight_act_libero_object,f66e5128ecb2456e8c54a63d15404fa59c16aebc,,[]
experiments/runs/libero_static_grid_50_extension/group_arm4_grip8,0,groupwise_fixed,4,8,30,28,0.9333333333333333,4721,1190,0.25206524041516626,4721,"[0, 0, 58, 0, 0, 0, 4113]",1171bc41b46a1dfdd067c453f1302816e54e79a35d50d96cf47db55f61fe0d17,62fbfeffd823adc501982cbaf9240387eaa403839c4fb17f5a6a395bd7d2c0ab,9e8c21ffe8953506213449c3079251cade08ea7f252265a4f6a0053a8c9ac6e1,a9b013e7749fb6e762e90ac31a92777d979fb32c78f06f4072c9673d9cf3e263,/home/thor/projects/checkpoints/zeromidnight_act_libero_object,f66e5128ecb2456e8c54a63d15404fa59c16aebc,,[]
experiments/runs/libero_static_grid_50_extension/group_arm8_grip1,0,groupwise_fixed,8,1,30,15,0.5,6394,6394,1.0,6394,"[0, 0, 37, 0, 0, 0, 5047]",844dc2a8af86c123f50bcbc327c72367511f4afdbe4348c4c4d1faada1f88e05,b071b153e056dbcd731178bdce6e00efd2692c7970079787a1b567868988a45b,49ef95282934e0c1d613de63c3423faf43341033bfeb617e8de0172e12caab62,32c73c71e0944405db7a71dab936e1de76dbb950e46f30c0be3eca874c2e6b46,/home/thor/projects/checkpoints/zeromidnight_act_libero_object,f66e5128ecb2456e8c54a63d15404fa59c16aebc,,[]
experiments/runs/libero_static_grid_50_extension/group_arm8_grip16,0,groupwise_fixed,8,16,30,27,0.9,4617,591,0.12800519818063677,4617,"[0, 0, 47, 0, 0, 0, 4078]",3b5e96039f231d3c801162005e904078bac48233139e012f7b75679e86700317,5c8853acd10e9729c0fcfb2939187c3fbb7f9d8b74ef6eddbbba96867ed6cc27,df796ca6bbb68da314a313a65bea73759f255fb6bc972754cff1e7c9d5506ed9,f1b232b719877c472df49d145082734cdd08c115aad6e77fa646649c5a24e57b,/home/thor/projects/checkpoints/zeromidnight_act_libero_object,f66e5128ecb2456e8c54a63d15404fa59c16aebc,,[]
experiments/runs/libero_static_grid_50_extension/group_arm8_grip2,0,groupwise_fixed,8,2,30,20,0.6666666666666666,5928,2969,0.5008434547908233,5928,"[0, 0, 51, 0, 0, 0, 4795]",c3fd07137d198baca1c27c77c48728761205ac47a2fc40c6a0d66e83d550bfe8,91321927c25a560664353412d9c3361902bd6b56da0eea66745bd90be84ae4be,2bde98063280bca1dd53ec4113439d8a9ac4655f3d2d8cffaef093c4f0156ab3,0ba6e8c05e67fc58e681c0d9968076fdfaee115eb40a3ef2c633c92d516225c2,/home/thor/projects/checkpoints/zeromidnight_act_libero_object,f66e5128ecb2456e8c54a63d15404fa59c16aebc,,[]
experiments/runs/libero_static_grid_50_extension/group_arm8_grip4,0,groupwise_fixed,8,4,30,26,0.8666666666666667,4891,1234,0.25230014312001636,4891,"[0, 0, 50, 0, 0, 0, 4273]",6e1eec0965c053b93aa694529f02246cee7791aa36d08889ac4196f128e3299d,7f9970d260a44ade5cc66eaf53c3349632095596638a56fb4274669ae5abd2ac,7cdc4b55f31e863f40419c000316cc8c1903145b0bb545192f0d01b0db8790bc,0d690075240295889d2c3531fb03f762e76306f47fdd4b674408072870ca412e,/home/thor/projects/checkpoints/zeromidnight_act_libero_object,f66e5128ecb2456e8c54a63d15404fa59c16aebc,,[]
experiments/runs/libero_static_grid_50_extension/group_arm8_grip8,0,groupwise_fixed,8,8,30,27,0.9,4580,586,0.12794759825327512,4580,"[0, 0, 52, 0, 0, 0, 4091]",b241fe8901ee51f354af1142bc5cf277f2d3eac9d66296b1c412ae62fe0aa12a,7e9fdfac5433baba218ec3829c079e42bc59e158ed6b43f5c3baff9e70378296,2099bb0a96605497065aa94fb882fa80ec50a7267ca80ea3531a4fae367783e5,4a7cb77c37aa82f7d180b99338f14cca909f205e03053685df965d567f0b0504,/home/thor/projects/checkpoints/zeromidnight_act_libero_object,f66e5128ecb2456e8c54a63d15404fa59c16aebc,,[]
