task,episode,timestep,phase,state_id,scale_index,scale_m,perturbation_type,perturbation_magnitude,perturbation_dx,perturbation_dy,perturbation_dz,branch_success,branch_valid,branch_error,original_suffix_success,expert_success,criticality_at_scale,action_magnitude,action_velocity,action_acceleration,gripper_transition,eef_object_distance,object_goal_distance
PickCube-v1,0,0,0.0,4adc8ca4eba39a48c3a140983806f4bf2903d4bac16ecb64fb547c8f36e8b7e3,0,0.0015,object_pos_x+,0.0015,0.0015,0.0,0.0,1,1,,1,1,0.16666666666666663,3.3746204376220703,3.3746204376220703,3.3746204376220703,1.0,0.16342215240001678,0.2760058343410492
PickCube-v1,0,0,0.0,4adc8ca4eba39a48c3a140983806f4bf2903d4bac16ecb64fb547c8f36e8b7e3,0,0.0015,object_pos_x-,0.0015,-0.0015,0.0,0.0,1,1,,1,1,0.16666666666666663,3.3746204376220703,3.3746204376220703,3.3746204376220703,1.0,0.16342215240001678,0.2760058343410492
PickCube-v1,0,0,0.0,4adc8ca4eba39a48c3a140983806f4bf2903d4bac16ecb64fb547c8f36e8b7e3,0,0.0015,object_pos_y+,0.0015,0.0,0.0015,0.0,1,1,,1,1,0.16666666666666663,3.3746204376220703,3.3746204376220703,3.3746204376220703,1.0,0.16342215240001678,0.2760058343410492
PickCube-v1,0,0,0.0,4adc8ca4eba39a48c3a140983806f4bf2903d4bac16ecb64fb547c8f36e8b7e3,0,0.0015,object_pos_y-,0.0015,0.0,-0.0015,0.0,1,1,,1,1,0.16666666666666663,3.3746204376220703,3.3746204376220703,3.3746204376220703,1.0,0.16342215240001678,0.2760058343410492
PickCube-v1,0,0,0.0,4adc8ca4eba39a48c3a140983806f4bf2903d4bac16ecb64fb547c8f36e8b7e3,0,0.0015,eef_joint_1+,0.01,0.0,0.01,0.0,0,1,,1,1,0.16666666666666663,3.3746204376220703,3.3746204376220703,3.3746204376220703,1.0,0.16342215240001678,0.2760058343410492
PickCube-v1,0,0,0.0,4adc8ca4eba39a48c3a140983806f4bf2903d4bac16ecb64fb547c8f36e8b7e3,0,0.0015,eef_joint_1-,0.01,0.0,-0.01,0.0,1,1,,1,1,0.16666666666666663,3.3746204376220703,3.3746204376220703,3.3746204376220703,1.0,0.16342215240001678,0.2760058343410492
PickCube-v1,0,0,0.0,4adc8ca4eba39a48c3a140983806f4bf2903d4bac16ecb64fb547c8f36e8b7e3,1,0.003,object_pos_x+,0.003,0.003,0.0,0.0,1,1,,1,1,0.33333333333333337,3.3746204376220703,3.3746204376220703,3.3746204376220703,1.0,0.16342215240001678,0.2760058343410492
PickCube-v1,0,0,0.0,4adc8ca4eba39a48c3a140983806f4bf2903d4bac16ecb64fb547c8f36e8b7e3,1,0.003,object_pos_x-,0.003,-0.003,0.0,0.0,1,1,,1,1,0.33333333333333337,3.3746204376220703,3.3746204376220703,3.3746204376220703,1.0,0.16342215240001678,0.2760058343410492
PickCube-v1,0,0,0.0,4adc8ca4eba39a48c3a140983806f4bf2903d4bac16ecb64fb547c8f36e8b7e3,1,0.003,object_pos_y+,0.003,0.0,0.003,0.0,1,1,,1,1,0.33333333333333337,3.3746204376220703,3.3746204376220703,3.3746204376220703,1.0,0.16342215240001678,0.2760058343410492
PickCube-v1,0,0,0.0,4adc8ca4eba39a48c3a140983806f4bf2903d4bac16ecb64fb547c8f36e8b7e3,1,0.003,object_pos_y-,0.003,0.0,-0.003,0.0,1,1,,1,1,0.33333333333333337,3.3746204376220703,3.3746204376220703,3.3746204376220703,1.0,0.16342215240001678,0.2760058343410492
PickCube-v1,0,0,0.0,4adc8ca4eba39a48c3a140983806f4bf2903d4bac16ecb64fb547c8f36e8b7e3,1,0.003,eef_joint_1+,0.02,0.0,0.02,0.0,0,1,,1,1,0.33333333333333337,3.3746204376220703,3.3746204376220703,3.3746204376220703,1.0,0.16342215240001678,0.2760058343410492
PickCube-v1,0,0,0.0,4adc8ca4eba39a48c3a140983806f4bf2903d4bac16ecb64fb547c8f36e8b7e3,1,0.003,eef_joint_1-,0.02,0.0,-0.02,0.0,0,1,,1,1,0.33333333333333337,3.3746204376220703,3.3746204376220703,3.3746204376220703,1.0,0.16342215240001678,0.2760058343410492
PickCube-v1,0,0,0.0,4adc8ca4eba39a48c3a140983806f4bf2903d4bac16ecb64fb547c8f36e8b7e3,2,0.006,object_pos_x+,0.006,0.006,0.0,0.0,1,1,,1,1,0.5,3.3746204376220703,3.3746204376220703,3.3746204376220703,1.0,0.16342215240001678,0.2760058343410492
PickCube-v1,0,0,0.0,4adc8ca4eba39a48c3a140983806f4bf2903d4bac16ecb64fb547c8f36e8b7e3,2,0.006,object_pos_x-,0.006,-0.006,0.0,0.0,1,1,,1,1,0.5,3.3746204376220703,3.3746204376220703,3.3746204376220703,1.0,0.16342215240001678,0.2760058343410492
PickCube-v1,0,0,0.0,4adc8ca4eba39a48c3a140983806f4bf2903d4bac16ecb64fb547c8f36e8b7e3,2,0.006,object_pos_y+,0.006,0.0,0.006,0.0,0,1,,1,1,0.5,3.3746204376220703,3.3746204376220703,3.3746204376220703,1.0,0.16342215240001678,0.2760058343410492
PickCube-v1,0,0,0.0,4adc8ca4eba39a48c3a140983806f4bf2903d4bac16ecb64fb547c8f36e8b7e3,2,0.006,object_pos_y-,0.006,0.0,-0.006,0.0,1,1,,1,1,0.5,3.3746204376220703,3.3746204376220703,3.3746204376220703,1.0,0.16342215240001678,0.2760058343410492
PickCube-v1,0,0,0.0,4adc8ca4eba39a48c3a140983806f4bf2903d4bac16ecb64fb547c8f36e8b7e3,2,0.006,eef_joint_1+,0.04,0.0,0.04,0.0,0,1,,1,1,0.5,3.3746204376220703,3.3746204376220703,3.3746204376220703,1.0,0.16342215240001678,0.2760058343410492
PickCube-v1,0,0,0.0,4adc8ca4eba39a48c3a140983806f4bf2903d4bac16ecb64fb547c8f36e8b7e3,2,0.006,eef_joint_1-,0.04,0.0,-0.04,0.0,0,1,,1,1,0.5,3.3746204376220703,3.3746204376220703,3.3746204376220703,1.0,0.16342215240001678,0.2760058343410492
PickCube-v1,0,5,0.1388888888888889,2b9a5b622494dcf40034226c27ab92f1d50aca45d68e0d18131acb035a8e7c11,0,0.0015,object_pos_x+,0.0015,0.0015,0.0,0.0,1,1,,1,1,0.16666666666666663,3.3746204376220703,0.0,0.0,0.0,0.0719805508852005,0.27600565552711487
PickCube-v1,0,5,0.1388888888888889,2b9a5b622494dcf40034226c27ab92f1d50aca45d68e0d18131acb035a8e7c11,0,0.0015,object_pos_x-,0.0015,-0.0015,0.0,0.0,1,1,,1,1,0.16666666666666663,3.3746204376220703,0.0,0.0,0.0,0.0719805508852005,0.27600565552711487
PickCube-v1,0,5,0.1388888888888889,2b9a5b622494dcf40034226c27ab92f1d50aca45d68e0d18131acb035a8e7c11,0,0.0015,object_pos_y+,0.0015,0.0,0.0015,0.0,1,1,,1,1,0.16666666666666663,3.3746204376220703,0.0,0.0,0.0,0.0719805508852005,0.27600565552711487
PickCube-v1,0,5,0.1388888888888889,2b9a5b622494dcf40034226c27ab92f1d50aca45d68e0d18131acb035a8e7c11,0,0.0015,object_pos_y-,0.0015,0.0,-0.0015,0.0,1,1,,1,1,0.16666666666666663,3.3746204376220703,0.0,0.0,0.0,0.0719805508852005,0.27600565552711487
PickCube-v1,0,5,0.1388888888888889,2b9a5b622494dcf40034226c27ab92f1d50aca45d68e0d18131acb035a8e7c11,0,0.0015,eef_joint_1+,0.01,0.0,0.01,0.0,0,1,,1,1,0.16666666666666663,3.3746204376220703,0.0,0.0,0.0,0.0719805508852005,0.27600565552711487
PickCube-v1,0,5,0.1388888888888889,2b9a5b622494dcf40034226c27ab92f1d50aca45d68e0d18131acb035a8e7c11,0,0.0015,eef_joint_1-,0.01,0.0,-0.01,0.0,1,1,,1,1,0.16666666666666663,3.3746204376220703,0.0,0.0,0.0,0.0719805508852005,0.27600565552711487
PickCube-v1,0,5,0.1388888888888889,2b9a5b622494dcf40034226c27ab92f1d50aca45d68e0d18131acb035a8e7c11,1,0.003,object_pos_x+,0.003,0.003,0.0,0.0,1,1,,1,1,0.33333333333333337,3.3746204376220703,0.0,0.0,0.0,0.0719805508852005,0.27600565552711487
PickCube-v1,0,5,0.1388888888888889,2b9a5b622494dcf40034226c27ab92f1d50aca45d68e0d18131acb035a8e7c11,1,0.003,object_pos_x-,0.003,-0.003,0.0,0.0,1,1,,1,1,0.33333333333333337,3.3746204376220703,0.0,0.0,0.0,0.0719805508852005,0.27600565552711487
PickCube-v1,0,5,0.1388888888888889,2b9a5b622494dcf40034226c27ab92f1d50aca45d68e0d18131acb035a8e7c11,1,0.003,object_pos_y+,0.003,0.0,0.003,0.0,1,1,,1,1,0.33333333333333337,3.3746204376220703,0.0,0.0,0.0,0.0719805508852005,0.27600565552711487
PickCube-v1,0,5,0.1388888888888889,2b9a5b622494dcf40034226c27ab92f1d50aca45d68e0d18131acb035a8e7c11,1,0.003,object_pos_y-,0.003,0.0,-0.003,0.0,1,1,,1,1,0.33333333333333337,3.3746204376220703,0.0,0.0,0.0,0.0719805508852005,0.27600565552711487
PickCube-v1,0,5,0.1388888888888889,2b9a5b622494dcf40034226c27ab92f1d50aca45d68e0d18131acb035a8e7c11,1,0.003,eef_joint_1+,0.02,0.0,0.02,0.0,0,1,,1,1,0.33333333333333337,3.3746204376220703,0.0,0.0,0.0,0.0719805508852005,0.27600565552711487
PickCube-v1,0,5,0.1388888888888889,2b9a5b622494dcf40034226c27ab92f1d50aca45d68e0d18131acb035a8e7c11,1,0.003,eef_joint_1-,0.02,0.0,-0.02,0.0,0,1,,1,1,0.33333333333333337,3.3746204376220703,0.0,0.0,0.0,0.0719805508852005,0.27600565552711487
PickCube-v1,0,5,0.1388888888888889,2b9a5b622494dcf40034226c27ab92f1d50aca45d68e0d18131acb035a8e7c11,2,0.006,object_pos_x+,0.006,0.006,0.0,0.0,1,1,,1,1,0.5,3.3746204376220703,0.0,0.0,0.0,0.0719805508852005,0.27600565552711487
PickCube-v1,0,5,0.1388888888888889,2b9a5b622494dcf40034226c27ab92f1d50aca45d68e0d18131acb035a8e7c11,2,0.006,object_pos_x-,0.006,-0.006,0.0,0.0,1,1,,1,1,0.5,3.3746204376220703,0.0,0.0,0.0,0.0719805508852005,0.27600565552711487
PickCube-v1,0,5,0.1388888888888889,2b9a5b622494dcf40034226c27ab92f1d50aca45d68e0d18131acb035a8e7c11,2,0.006,object_pos_y+,0.006,0.0,0.006,0.0,0,1,,1,1,0.5,3.3746204376220703,0.0,0.0,0.0,0.0719805508852005,0.27600565552711487
PickCube-v1,0,5,0.1388888888888889,2b9a5b622494dcf40034226c27ab92f1d50aca45d68e0d18131acb035a8e7c11,2,0.006,object_pos_y-,0.006,0.0,-0.006,0.0,1,1,,1,1,0.5,3.3746204376220703,0.0,0.0,0.0,0.0719805508852005,0.27600565552711487
PickCube-v1,0,5,0.1388888888888889,2b9a5b622494dcf40034226c27ab92f1d50aca45d68e0d18131acb035a8e7c11,2,0.006,eef_joint_1+,0.04,0.0,0.04,0.0,0,1,,1,1,0.5,3.3746204376220703,0.0,0.0,0.0,0.0719805508852005,0.27600565552711487
PickCube-v1,0,5,0.1388888888888889,2b9a5b622494dcf40034226c27ab92f1d50aca45d68e0d18131acb035a8e7c11,2,0.006,eef_joint_1-,0.04,0.0,-0.04,0.0,0,1,,1,1,0.5,3.3746204376220703,0.0,0.0,0.0,0.0719805508852005,0.27600565552711487
PickCube-v1,0,10,0.2777777777777778,49c20ac1738560ea9ade65ffa3f8e741bce77f9966241b4be29b8b8897aad6d4,0,0.0015,object_pos_x+,0.0015,0.0015,0.0,0.0,1,1,,1,1,0.33333333333333337,3.3734793663024902,0.0,0.0,0.0,0.031353820115327835,0.27600565552711487
PickCube-v1,0,10,0.2777777777777778,49c20ac1738560ea9ade65ffa3f8e741bce77f9966241b4be29b8b8897aad6d4,0,0.0015,object_pos_x-,0.0015,-0.0015,0.0,0.0,1,1,,1,1,0.33333333333333337,3.3734793663024902,0.0,0.0,0.0,0.031353820115327835,0.27600565552711487
PickCube-v1,0,10,0.2777777777777778,49c20ac1738560ea9ade65ffa3f8e741bce77f9966241b4be29b8b8897aad6d4,0,0.0015,object_pos_y+,0.0015,0.0,0.0015,0.0,1,1,,1,1,0.33333333333333337,3.3734793663024902,0.0,0.0,0.0,0.031353820115327835,0.27600565552711487
PickCube-v1,0,10,0.2777777777777778,49c20ac1738560ea9ade65ffa3f8e741bce77f9966241b4be29b8b8897aad6d4,0,0.0015,object_pos_y-,0.0015,0.0,-0.0015,0.0,1,1,,1,1,0.33333333333333337,3.3734793663024902,0.0,0.0,0.0,0.031353820115327835,0.27600565552711487
PickCube-v1,0,10,0.2777777777777778,49c20ac1738560ea9ade65ffa3f8e741bce77f9966241b4be29b8b8897aad6d4,0,0.0015,eef_joint_1+,0.01,0.0,0.01,0.0,0,1,,1,1,0.33333333333333337,3.3734793663024902,0.0,0.0,0.0,0.031353820115327835,0.27600565552711487
PickCube-v1,0,10,0.2777777777777778,49c20ac1738560ea9ade65ffa3f8e741bce77f9966241b4be29b8b8897aad6d4,0,0.0015,eef_joint_1-,0.01,0.0,-0.01,0.0,0,1,,1,1,0.33333333333333337,3.3734793663024902,0.0,0.0,0.0,0.031353820115327835,0.27600565552711487
PickCube-v1,0,10,0.2777777777777778,49c20ac1738560ea9ade65ffa3f8e741bce77f9966241b4be29b8b8897aad6d4,1,0.003,object_pos_x+,0.003,0.003,0.0,0.0,1,1,,1,1,0.5,3.3734793663024902,0.0,0.0,0.0,0.031353820115327835,0.27600565552711487
PickCube-v1,0,10,0.2777777777777778,49c20ac1738560ea9ade65ffa3f8e741bce77f9966241b4be29b8b8897aad6d4,1,0.003,object_pos_x-,0.003,-0.003,0.0,0.0,1,1,,1,1,0.5,3.3734793663024902,0.0,0.0,0.0,0.031353820115327835,0.27600565552711487
PickCube-v1,0,10,0.2777777777777778,49c20ac1738560ea9ade65ffa3f8e741bce77f9966241b4be29b8b8897aad6d4,1,0.003,object_pos_y+,0.003,0.0,0.003,0.0,0,1,,1,1,0.5,3.3734793663024902,0.0,0.0,0.0,0.031353820115327835,0.27600565552711487
PickCube-v1,0,10,0.2777777777777778,49c20ac1738560ea9ade65ffa3f8e741bce77f9966241b4be29b8b8897aad6d4,1,0.003,object_pos_y-,0.003,0.0,-0.003,0.0,1,1,,1,1,0.5,3.3734793663024902,0.0,0.0,0.0,0.031353820115327835,0.27600565552711487
PickCube-v1,0,10,0.2777777777777778,49c20ac1738560ea9ade65ffa3f8e741bce77f9966241b4be29b8b8897aad6d4,1,0.003,eef_joint_1+,0.02,0.0,0.02,0.0,0,1,,1,1,0.5,3.3734793663024902,0.0,0.0,0.0,0.031353820115327835,0.27600565552711487
PickCube-v1,0,10,0.2777777777777778,49c20ac1738560ea9ade65ffa3f8e741bce77f9966241b4be29b8b8897aad6d4,1,0.003,eef_joint_1-,0.02,0.0,-0.02,0.0,0,1,,1,1,0.5,3.3734793663024902,0.0,0.0,0.0,0.031353820115327835,0.27600565552711487
PickCube-v1,0,10,0.2777777777777778,49c20ac1738560ea9ade65ffa3f8e741bce77f9966241b4be29b8b8897aad6d4,2,0.006,object_pos_x+,0.006,0.006,0.0,0.0,1,1,,1,1,0.33333333333333337,3.3734793663024902,0.0,0.0,0.0,0.031353820115327835,0.27600565552711487
PickCube-v1,0,10,0.2777777777777778,49c20ac1738560ea9ade65ffa3f8e741bce77f9966241b4be29b8b8897aad6d4,2,0.006,object_pos_x-,0.006,-0.006,0.0,0.0,1,1,,1,1,0.33333333333333337,3.3734793663024902,0.0,0.0,0.0,0.031353820115327835,0.27600565552711487
PickCube-v1,0,10,0.2777777777777778,49c20ac1738560ea9ade65ffa3f8e741bce77f9966241b4be29b8b8897aad6d4,2,0.006,object_pos_y+,0.006,0.0,0.006,0.0,1,1,,1,1,0.33333333333333337,3.3734793663024902,0.0,0.0,0.0,0.031353820115327835,0.27600565552711487
PickCube-v1,0,10,0.2777777777777778,49c20ac1738560ea9ade65ffa3f8e741bce77f9966241b4be29b8b8897aad6d4,2,0.006,object_pos_y-,0.006,0.0,-0.006,0.0,1,1,,1,1,0.33333333333333337,3.3734793663024902,0.0,0.0,0.0,0.031353820115327835,0.27600565552711487
PickCube-v1,0,10,0.2777777777777778,49c20ac1738560ea9ade65ffa3f8e741bce77f9966241b4be29b8b8897aad6d4,2,0.006,eef_joint_1+,0.04,0.0,0.04,0.0,0,1,,1,1,0.33333333333333337,3.3734793663024902,0.0,0.0,0.0,0.031353820115327835,0.27600565552711487
PickCube-v1,0,10,0.2777777777777778,49c20ac1738560ea9ade65ffa3f8e741bce77f9966241b4be29b8b8897aad6d4,2,0.006,eef_joint_1-,0.04,0.0,-0.04,0.0,0,1,,1,1,0.33333333333333337,3.3734793663024902,0.0,0.0,0.0,0.031353820115327835,0.27600565552711487
PickCube-v1,0,15,0.4166666666666667,d73f667873ae923002c438258306b6929d1e6dd4536d3182b01255fb60986cfc,0,0.0015,object_pos_x+,0.0015,0.0015,0.0,0.0,1,1,,1,1,0.33333333333333337,3.3734793663024902,0.0,0.0,0.0,0.0015925690531730652,0.2760056257247925
PickCube-v1,0,15,0.4166666666666667,d73f667873ae923002c438258306b6929d1e6dd4536d3182b01255fb60986cfc,0,0.0015,object_pos_x-,0.0015,-0.0015,0.0,0.0,1,1,,1,1,0.33333333333333337,3.3734793663024902,0.0,0.0,0.0,0.0015925690531730652,0.2760056257247925
PickCube-v1,0,15,0.4166666666666667,d73f667873ae923002c438258306b6929d1e6dd4536d3182b01255fb60986cfc,0,0.0015,object_pos_y+,0.0015,0.0,0.0015,0.0,1,1,,1,1,0.33333333333333337,3.3734793663024902,0.0,0.0,0.0,0.0015925690531730652,0.2760056257247925
PickCube-v1,0,15,0.4166666666666667,d73f667873ae923002c438258306b6929d1e6dd4536d3182b01255fb60986cfc,0,0.0015,object_pos_y-,0.0015,0.0,-0.0015,0.0,1,1,,1,1,0.33333333333333337,3.3734793663024902,0.0,0.0,0.0,0.0015925690531730652,0.2760056257247925
PickCube-v1,0,15,0.4166666666666667,d73f667873ae923002c438258306b6929d1e6dd4536d3182b01255fb60986cfc,0,0.0015,eef_joint_1+,0.01,0.0,0.01,0.0,0,1,,1,1,0.33333333333333337,3.3734793663024902,0.0,0.0,0.0,0.0015925690531730652,0.2760056257247925
PickCube-v1,0,15,0.4166666666666667,d73f667873ae923002c438258306b6929d1e6dd4536d3182b01255fb60986cfc,0,0.0015,eef_joint_1-,0.01,0.0,-0.01,0.0,0,1,,1,1,0.33333333333333337,3.3734793663024902,0.0,0.0,0.0,0.0015925690531730652,0.2760056257247925
PickCube-v1,0,15,0.4166666666666667,d73f667873ae923002c438258306b6929d1e6dd4536d3182b01255fb60986cfc,1,0.003,object_pos_x+,0.003,0.003,0.0,0.0,1,1,,1,1,0.5,3.3734793663024902,0.0,0.0,0.0,0.0015925690531730652,0.2760056257247925
PickCube-v1,0,15,0.4166666666666667,d73f667873ae923002c438258306b6929d1e6dd4536d3182b01255fb60986cfc,1,0.003,object_pos_x-,0.003,-0.003,0.0,0.0,1,1,,1,1,0.5,3.3734793663024902,0.0,0.0,0.0,0.0015925690531730652,0.2760056257247925
PickCube-v1,0,15,0.4166666666666667,d73f667873ae923002c438258306b6929d1e6dd4536d3182b01255fb60986cfc,1,0.003,object_pos_y+,0.003,0.0,0.003,0.0,0,1,,1,1,0.5,3.3734793663024902,0.0,0.0,0.0,0.0015925690531730652,0.2760056257247925
PickCube-v1,0,15,0.4166666666666667,d73f667873ae923002c438258306b6929d1e6dd4536d3182b01255fb60986cfc,1,0.003,object_pos_y-,0.003,0.0,-0.003,0.0,1,1,,1,1,0.5,3.3734793663024902,0.0,0.0,0.0,0.0015925690531730652,0.2760056257247925
PickCube-v1,0,15,0.4166666666666667,d73f667873ae923002c438258306b6929d1e6dd4536d3182b01255fb60986cfc,1,0.003,eef_joint_1+,0.02,0.0,0.02,0.0,0,1,,1,1,0.5,3.3734793663024902,0.0,0.0,0.0,0.0015925690531730652,0.2760056257247925
PickCube-v1,0,15,0.4166666666666667,d73f667873ae923002c438258306b6929d1e6dd4536d3182b01255fb60986cfc,1,0.003,eef_joint_1-,0.02,0.0,-0.02,0.0,0,1,,1,1,0.5,3.3734793663024902,0.0,0.0,0.0,0.0015925690531730652,0.2760056257247925
PickCube-v1,0,15,0.4166666666666667,d73f667873ae923002c438258306b6929d1e6dd4536d3182b01255fb60986cfc,2,0.006,object_pos_x+,0.006,0.006,0.0,0.0,1,1,,1,1,0.5,3.3734793663024902,0.0,0.0,0.0,0.0015925690531730652,0.2760056257247925
PickCube-v1,0,15,0.4166666666666667,d73f667873ae923002c438258306b6929d1e6dd4536d3182b01255fb60986cfc,2,0.006,object_pos_x-,0.006,-0.006,0.0,0.0,1,1,,1,1,0.5,3.3734793663024902,0.0,0.0,0.0,0.0015925690531730652,0.2760056257247925
PickCube-v1,0,15,0.4166666666666667,d73f667873ae923002c438258306b6929d1e6dd4536d3182b01255fb60986cfc,2,0.006,object_pos_y+,0.006,0.0,0.006,0.0,0,1,,1,1,0.5,3.3734793663024902,0.0,0.0,0.0,0.0015925690531730652,0.2760056257247925
PickCube-v1,0,15,0.4166666666666667,d73f667873ae923002c438258306b6929d1e6dd4536d3182b01255fb60986cfc,2,0.006,object_pos_y-,0.006,0.0,-0.006,0.0,1,1,,1,1,0.5,3.3734793663024902,0.0,0.0,0.0,0.0015925690531730652,0.2760056257247925
PickCube-v1,0,15,0.4166666666666667,d73f667873ae923002c438258306b6929d1e6dd4536d3182b01255fb60986cfc,2,0.006,eef_joint_1+,0.04,0.0,0.04,0.0,0,1,,1,1,0.5,3.3734793663024902,0.0,0.0,0.0,0.0015925690531730652,0.2760056257247925
PickCube-v1,0,15,0.4166666666666667,d73f667873ae923002c438258306b6929d1e6dd4536d3182b01255fb60986cfc,2,0.006,eef_joint_1-,0.04,0.0,-0.04,0.0,0,1,,1,1,0.5,3.3734793663024902,0.0,0.0,0.0,0.0015925690531730652,0.2760056257247925
PickCube-v1,0,20,0.5555555555555556,c004a6fe2cff8cc13e92e889eda089fc87ca1fa1bcce216d62a1943c7d942f4b,0,0.0015,object_pos_x+,0.0015,0.0015,0.0,0.0,1,1,,1,1,0.16666666666666663,3.3734793663024902,0.0,0.0,0.0,0.0008287452510558069,0.27570590376853943
PickCube-v1,0,20,0.5555555555555556,c004a6fe2cff8cc13e92e889eda089fc87ca1fa1bcce216d62a1943c7d942f4b,0,0.0015,object_pos_x-,0.0015,-0.0015,0.0,0.0,1,1,,1,1,0.16666666666666663,3.3734793663024902,0.0,0.0,0.0,0.0008287452510558069,0.27570590376853943
PickCube-v1,0,20,0.5555555555555556,c004a6fe2cff8cc13e92e889eda089fc87ca1fa1bcce216d62a1943c7d942f4b,0,0.0015,object_pos_y+,0.0015,0.0,0.0015,0.0,1,1,,1,1,0.16666666666666663,3.3734793663024902,0.0,0.0,0.0,0.0008287452510558069,0.27570590376853943
PickCube-v1,0,20,0.5555555555555556,c004a6fe2cff8cc13e92e889eda089fc87ca1fa1bcce216d62a1943c7d942f4b,0,0.0015,object_pos_y-,0.0015,0.0,-0.0015,0.0,1,1,,1,1,0.16666666666666663,3.3734793663024902,0.0,0.0,0.0,0.0008287452510558069,0.27570590376853943
PickCube-v1,0,20,0.5555555555555556,c004a6fe2cff8cc13e92e889eda089fc87ca1fa1bcce216d62a1943c7d942f4b,0,0.0015,eef_joint_1+,0.01,0.0,0.01,0.0,1,1,,1,1,0.16666666666666663,3.3734793663024902,0.0,0.0,0.0,0.0008287452510558069,0.27570590376853943
PickCube-v1,0,20,0.5555555555555556,c004a6fe2cff8cc13e92e889eda089fc87ca1fa1bcce216d62a1943c7d942f4b,0,0.0015,eef_joint_1-,0.01,0.0,-0.01,0.0,0,1,,1,1,0.16666666666666663,3.3734793663024902,0.0,0.0,0.0,0.0008287452510558069,0.27570590376853943
PickCube-v1,0,20,0.5555555555555556,c004a6fe2cff8cc13e92e889eda089fc87ca1fa1bcce216d62a1943c7d942f4b,1,0.003,object_pos_x+,0.003,0.003,0.0,0.0,1,1,,1,1,0.33333333333333337,3.3734793663024902,0.0,0.0,0.0,0.0008287452510558069,0.27570590376853943
PickCube-v1,0,20,0.5555555555555556,c004a6fe2cff8cc13e92e889eda089fc87ca1fa1bcce216d62a1943c7d942f4b,1,0.003,object_pos_x-,0.003,-0.003,0.0,0.0,1,1,,1,1,0.33333333333333337,3.3734793663024902,0.0,0.0,0.0,0.0008287452510558069,0.27570590376853943
PickCube-v1,0,20,0.5555555555555556,c004a6fe2cff8cc13e92e889eda089fc87ca1fa1bcce216d62a1943c7d942f4b,1,0.003,object_pos_y+,0.003,0.0,0.003,0.0,1,1,,1,1,0.33333333333333337,3.3734793663024902,0.0,0.0,0.0,0.0008287452510558069,0.27570590376853943
PickCube-v1,0,20,0.5555555555555556,c004a6fe2cff8cc13e92e889eda089fc87ca1fa1bcce216d62a1943c7d942f4b,1,0.003,object_pos_y-,0.003,0.0,-0.003,0.0,1,1,,1,1,0.33333333333333337,3.3734793663024902,0.0,0.0,0.0,0.0008287452510558069,0.27570590376853943
PickCube-v1,0,20,0.5555555555555556,c004a6fe2cff8cc13e92e889eda089fc87ca1fa1bcce216d62a1943c7d942f4b,1,0.003,eef_joint_1+,0.02,0.0,0.02,0.0,0,1,,1,1,0.33333333333333337,3.3734793663024902,0.0,0.0,0.0,0.0008287452510558069,0.27570590376853943
PickCube-v1,0,20,0.5555555555555556,c004a6fe2cff8cc13e92e889eda089fc87ca1fa1bcce216d62a1943c7d942f4b,1,0.003,eef_joint_1-,0.02,0.0,-0.02,0.0,0,1,,1,1,0.33333333333333337,3.3734793663024902,0.0,0.0,0.0,0.0008287452510558069,0.27570590376853943
PickCube-v1,0,20,0.5555555555555556,c004a6fe2cff8cc13e92e889eda089fc87ca1fa1bcce216d62a1943c7d942f4b,2,0.006,object_pos_x+,0.006,0.006,0.0,0.0,1,1,,1,1,0.33333333333333337,3.3734793663024902,0.0,0.0,0.0,0.0008287452510558069,0.27570590376853943
PickCube-v1,0,20,0.5555555555555556,c004a6fe2cff8cc13e92e889eda089fc87ca1fa1bcce216d62a1943c7d942f4b,2,0.006,object_pos_x-,0.006,-0.006,0.0,0.0,1,1,,1,1,0.33333333333333337,3.3734793663024902,0.0,0.0,0.0,0.0008287452510558069,0.27570590376853943
PickCube-v1,0,20,0.5555555555555556,c004a6fe2cff8cc13e92e889eda089fc87ca1fa1bcce216d62a1943c7d942f4b,2,0.006,object_pos_y+,0.006,0.0,0.006,0.0,1,1,,1,1,0.33333333333333337,3.3734793663024902,0.0,0.0,0.0,0.0008287452510558069,0.27570590376853943
PickCube-v1,0,20,0.5555555555555556,c004a6fe2cff8cc13e92e889eda089fc87ca1fa1bcce216d62a1943c7d942f4b,2,0.006,object_pos_y-,0.006,0.0,-0.006,0.0,1,1,,1,1,0.33333333333333337,3.3734793663024902,0.0,0.0,0.0,0.0008287452510558069,0.27570590376853943
PickCube-v1,0,20,0.5555555555555556,c004a6fe2cff8cc13e92e889eda089fc87ca1fa1bcce216d62a1943c7d942f4b,2,0.006,eef_joint_1+,0.04,0.0,0.04,0.0,0,1,,1,1,0.33333333333333337,3.3734793663024902,0.0,0.0,0.0,0.0008287452510558069,0.27570590376853943
PickCube-v1,0,20,0.5555555555555556,c004a6fe2cff8cc13e92e889eda089fc87ca1fa1bcce216d62a1943c7d942f4b,2,0.006,eef_joint_1-,0.04,0.0,-0.04,0.0,0,1,,1,1,0.33333333333333337,3.3734793663024902,0.0,0.0,0.0,0.0008287452510558069,0.27570590376853943
PickCube-v1,0,25,0.6944444444444444,731b99324ecc881d2097b4f01a95b3f68a8bfcd7361db37d8ead9d7e24c98e28,0,0.0015,object_pos_x+,0.0015,0.0015,0.0,0.0,1,1,,1,1,0.16666666666666663,3.3793435096740723,0.0,0.18000003695487976,0.0,0.0008133534574881196,0.25052082538604736
PickCube-v1,0,25,0.6944444444444444,731b99324ecc881d2097b4f01a95b3f68a8bfcd7361db37d8ead9d7e24c98e28,0,0.0015,object_pos_x-,0.0015,-0.0015,0.0,0.0,1,1,,1,1,0.16666666666666663,3.3793435096740723,0.0,0.18000003695487976,0.0,0.0008133534574881196,0.25052082538604736
PickCube-v1,0,25,0.6944444444444444,731b99324ecc881d2097b4f01a95b3f68a8bfcd7361db37d8ead9d7e24c98e28,0,0.0015,object_pos_y+,0.0015,0.0,0.0015,0.0,1,1,,1,1,0.16666666666666663,3.3793435096740723,0.0,0.18000003695487976,0.0,0.0008133534574881196,0.25052082538604736
PickCube-v1,0,25,0.6944444444444444,731b99324ecc881d2097b4f01a95b3f68a8bfcd7361db37d8ead9d7e24c98e28,0,0.0015,object_pos_y-,0.0015,0.0,-0.0015,0.0,1,1,,1,1,0.16666666666666663,3.3793435096740723,0.0,0.18000003695487976,0.0,0.0008133534574881196,0.25052082538604736
PickCube-v1,0,25,0.6944444444444444,731b99324ecc881d2097b4f01a95b3f68a8bfcd7361db37d8ead9d7e24c98e28,0,0.0015,eef_joint_1+,0.01,0.0,0.01,0.0,1,1,,1,1,0.16666666666666663,3.3793435096740723,0.0,0.18000003695487976,0.0,0.0008133534574881196,0.25052082538604736
PickCube-v1,0,25,0.6944444444444444,731b99324ecc881d2097b4f01a95b3f68a8bfcd7361db37d8ead9d7e24c98e28,0,0.0015,eef_joint_1-,0.01,0.0,-0.01,0.0,0,1,,1,1,0.16666666666666663,3.3793435096740723,0.0,0.18000003695487976,0.0,0.0008133534574881196,0.25052082538604736
PickCube-v1,0,25,0.6944444444444444,731b99324ecc881d2097b4f01a95b3f68a8bfcd7361db37d8ead9d7e24c98e28,1,0.003,object_pos_x+,0.003,0.003,0.0,0.0,1,1,,1,1,0.33333333333333337,3.3793435096740723,0.0,0.18000003695487976,0.0,0.0008133534574881196,0.25052082538604736
PickCube-v1,0,25,0.6944444444444444,731b99324ecc881d2097b4f01a95b3f68a8bfcd7361db37d8ead9d7e24c98e28,1,0.003,object_pos_x-,0.003,-0.003,0.0,0.0,1,1,,1,1,0.33333333333333337,3.3793435096740723,0.0,0.18000003695487976,0.0,0.0008133534574881196,0.25052082538604736
PickCube-v1,0,25,0.6944444444444444,731b99324ecc881d2097b4f01a95b3f68a8bfcd7361db37d8ead9d7e24c98e28,1,0.003,object_pos_y+,0.003,0.0,0.003,0.0,1,1,,1,1,0.33333333333333337,3.3793435096740723,0.0,0.18000003695487976,0.0,0.0008133534574881196,0.25052082538604736
PickCube-v1,0,25,0.6944444444444444,731b99324ecc881d2097b4f01a95b3f68a8bfcd7361db37d8ead9d7e24c98e28,1,0.003,object_pos_y-,0.003,0.0,-0.003,0.0,1,1,,1,1,0.33333333333333337,3.3793435096740723,0.0,0.18000003695487976,0.0,0.0008133534574881196,0.25052082538604736
PickCube-v1,0,25,0.6944444444444444,731b99324ecc881d2097b4f01a95b3f68a8bfcd7361db37d8ead9d7e24c98e28,1,0.003,eef_joint_1+,0.02,0.0,0.02,0.0,0,1,,1,1,0.33333333333333337,3.3793435096740723,0.0,0.18000003695487976,0.0,0.0008133534574881196,0.25052082538604736
PickCube-v1,0,25,0.6944444444444444,731b99324ecc881d2097b4f01a95b3f68a8bfcd7361db37d8ead9d7e24c98e28,1,0.003,eef_joint_1-,0.02,0.0,-0.02,0.0,0,1,,1,1,0.33333333333333337,3.3793435096740723,0.0,0.18000003695487976,0.0,0.0008133534574881196,0.25052082538604736
PickCube-v1,0,25,0.6944444444444444,731b99324ecc881d2097b4f01a95b3f68a8bfcd7361db37d8ead9d7e24c98e28,2,0.006,object_pos_x+,0.006,0.006,0.0,0.0,1,1,,1,1,0.33333333333333337,3.3793435096740723,0.0,0.18000003695487976,0.0,0.0008133534574881196,0.25052082538604736
PickCube-v1,0,25,0.6944444444444444,731b99324ecc881d2097b4f01a95b3f68a8bfcd7361db37d8ead9d7e24c98e28,2,0.006,object_pos_x-,0.006,-0.006,0.0,0.0,1,1,,1,1,0.33333333333333337,3.3793435096740723,0.0,0.18000003695487976,0.0,0.0008133534574881196,0.25052082538604736
PickCube-v1,0,25,0.6944444444444444,731b99324ecc881d2097b4f01a95b3f68a8bfcd7361db37d8ead9d7e24c98e28,2,0.006,object_pos_y+,0.006,0.0,0.006,0.0,1,1,,1,1,0.33333333333333337,3.3793435096740723,0.0,0.18000003695487976,0.0,0.0008133534574881196,0.25052082538604736
PickCube-v1,0,25,0.6944444444444444,731b99324ecc881d2097b4f01a95b3f68a8bfcd7361db37d8ead9d7e24c98e28,2,0.006,object_pos_y-,0.006,0.0,-0.006,0.0,1,1,,1,1,0.33333333333333337,3.3793435096740723,0.0,0.18000003695487976,0.0,0.0008133534574881196,0.25052082538604736
PickCube-v1,0,25,0.6944444444444444,731b99324ecc881d2097b4f01a95b3f68a8bfcd7361db37d8ead9d7e24c98e28,2,0.006,eef_joint_1+,0.04,0.0,0.04,0.0,0,1,,1,1,0.33333333333333337,3.3793435096740723,0.0,0.18000003695487976,0.0,0.0008133534574881196,0.25052082538604736
PickCube-v1,0,25,0.6944444444444444,731b99324ecc881d2097b4f01a95b3f68a8bfcd7361db37d8ead9d7e24c98e28,2,0.006,eef_joint_1-,0.04,0.0,-0.04,0.0,0,1,,1,1,0.33333333333333337,3.3793435096740723,0.0,0.18000003695487976,0.0,0.0008133534574881196,0.25052082538604736
PickCube-v1,0,30,0.8333333333333334,63f9a6f8a50e9a2dcca7645a31922517dffe8802a3c28818c11c949c2bfdd3ad,0,0.0015,object_pos_x+,0.0015,0.0015,0.0,0.0,1,1,,1,1,0.16666666666666663,3.3793435096740723,0.0,0.0,0.0,0.0008278681780211627,0.1074334979057312
PickCube-v1,0,30,0.8333333333333334,63f9a6f8a50e9a2dcca7645a31922517dffe8802a3c28818c11c949c2bfdd3ad,0,0.0015,object_pos_x-,0.0015,-0.0015,0.0,0.0,1,1,,1,1,0.16666666666666663,3.3793435096740723,0.0,0.0,0.0,0.0008278681780211627,0.1074334979057312
PickCube-v1,0,30,0.8333333333333334,63f9a6f8a50e9a2dcca7645a31922517dffe8802a3c28818c11c949c2bfdd3ad,0,0.0015,object_pos_y+,0.0015,0.0,0.0015,0.0,1,1,,1,1,0.16666666666666663,3.3793435096740723,0.0,0.0,0.0,0.0008278681780211627,0.1074334979057312
PickCube-v1,0,30,0.8333333333333334,63f9a6f8a50e9a2dcca7645a31922517dffe8802a3c28818c11c949c2bfdd3ad,0,0.0015,object_pos_y-,0.0015,0.0,-0.0015,0.0,1,1,,1,1,0.16666666666666663,3.3793435096740723,0.0,0.0,0.0,0.0008278681780211627,0.1074334979057312
PickCube-v1,0,30,0.8333333333333334,63f9a6f8a50e9a2dcca7645a31922517dffe8802a3c28818c11c949c2bfdd3ad,0,0.0015,eef_joint_1+,0.01,0.0,0.01,0.0,1,1,,1,1,0.16666666666666663,3.3793435096740723,0.0,0.0,0.0,0.0008278681780211627,0.1074334979057312
PickCube-v1,0,30,0.8333333333333334,63f9a6f8a50e9a2dcca7645a31922517dffe8802a3c28818c11c949c2bfdd3ad,0,0.0015,eef_joint_1-,0.01,0.0,-0.01,0.0,0,1,,1,1,0.16666666666666663,3.3793435096740723,0.0,0.0,0.0,0.0008278681780211627,0.1074334979057312
PickCube-v1,0,30,0.8333333333333334,63f9a6f8a50e9a2dcca7645a31922517dffe8802a3c28818c11c949c2bfdd3ad,1,0.003,object_pos_x+,0.003,0.003,0.0,0.0,1,1,,1,1,0.33333333333333337,3.3793435096740723,0.0,0.0,0.0,0.0008278681780211627,0.1074334979057312
PickCube-v1,0,30,0.8333333333333334,63f9a6f8a50e9a2dcca7645a31922517dffe8802a3c28818c11c949c2bfdd3ad,1,0.003,object_pos_x-,0.003,-0.003,0.0,0.0,1,1,,1,1,0.33333333333333337,3.3793435096740723,0.0,0.0,0.0,0.0008278681780211627,0.1074334979057312
PickCube-v1,0,30,0.8333333333333334,63f9a6f8a50e9a2dcca7645a31922517dffe8802a3c28818c11c949c2bfdd3ad,1,0.003,object_pos_y+,0.003,0.0,0.003,0.0,1,1,,1,1,0.33333333333333337,3.3793435096740723,0.0,0.0,0.0,0.0008278681780211627,0.1074334979057312
PickCube-v1,0,30,0.8333333333333334,63f9a6f8a50e9a2dcca7645a31922517dffe8802a3c28818c11c949c2bfdd3ad,1,0.003,object_pos_y-,0.003,0.0,-0.003,0.0,1,1,,1,1,0.33333333333333337,3.3793435096740723,0.0,0.0,0.0,0.0008278681780211627,0.1074334979057312
PickCube-v1,0,30,0.8333333333333334,63f9a6f8a50e9a2dcca7645a31922517dffe8802a3c28818c11c949c2bfdd3ad,1,0.003,eef_joint_1+,0.02,0.0,0.02,0.0,0,1,,1,1,0.33333333333333337,3.3793435096740723,0.0,0.0,0.0,0.0008278681780211627,0.1074334979057312
PickCube-v1,0,30,0.8333333333333334,63f9a6f8a50e9a2dcca7645a31922517dffe8802a3c28818c11c949c2bfdd3ad,1,0.003,eef_joint_1-,0.02,0.0,-0.02,0.0,0,1,,1,1,0.33333333333333337,3.3793435096740723,0.0,0.0,0.0,0.0008278681780211627,0.1074334979057312
PickCube-v1,0,30,0.8333333333333334,63f9a6f8a50e9a2dcca7645a31922517dffe8802a3c28818c11c949c2bfdd3ad,2,0.006,object_pos_x+,0.006,0.006,0.0,0.0,1,1,,1,1,0.33333333333333337,3.3793435096740723,0.0,0.0,0.0,0.0008278681780211627,0.1074334979057312
PickCube-v1,0,30,0.8333333333333334,63f9a6f8a50e9a2dcca7645a31922517dffe8802a3c28818c11c949c2bfdd3ad,2,0.006,object_pos_x-,0.006,-0.006,0.0,0.0,1,1,,1,1,0.33333333333333337,3.3793435096740723,0.0,0.0,0.0,0.0008278681780211627,0.1074334979057312
PickCube-v1,0,30,0.8333333333333334,63f9a6f8a50e9a2dcca7645a31922517dffe8802a3c28818c11c949c2bfdd3ad,2,0.006,object_pos_y+,0.006,0.0,0.006,0.0,1,1,,1,1,0.33333333333333337,3.3793435096740723,0.0,0.0,0.0,0.0008278681780211627,0.1074334979057312
PickCube-v1,0,30,0.8333333333333334,63f9a6f8a50e9a2dcca7645a31922517dffe8802a3c28818c11c949c2bfdd3ad,2,0.006,object_pos_y-,0.006,0.0,-0.006,0.0,1,1,,1,1,0.33333333333333337,3.3793435096740723,0.0,0.0,0.0,0.0008278681780211627,0.1074334979057312
PickCube-v1,0,30,0.8333333333333334,63f9a6f8a50e9a2dcca7645a31922517dffe8802a3c28818c11c949c2bfdd3ad,2,0.006,eef_joint_1+,0.04,0.0,0.04,0.0,0,1,,1,1,0.33333333333333337,3.3793435096740723,0.0,0.0,0.0,0.0008278681780211627,0.1074334979057312
PickCube-v1,0,30,0.8333333333333334,63f9a6f8a50e9a2dcca7645a31922517dffe8802a3c28818c11c949c2bfdd3ad,2,0.006,eef_joint_1-,0.04,0.0,-0.04,0.0,0,1,,1,1,0.33333333333333337,3.3793435096740723,0.0,0.0,0.0,0.0008278681780211627,0.1074334979057312
PickCube-v1,0,35,0.9722222222222222,a6eb70b01299bef13206bf26b70697e931a5bae8313fd266ab1ac5f21f50e6c4,0,0.0015,object_pos_x+,0.0015,0.0015,0.0,0.0,1,1,,1,1,0.16666666666666663,3.390456438064575,0.0,0.0,0.0,0.0008335344027727842,0.023734210059046745
PickCube-v1,0,35,0.9722222222222222,a6eb70b01299bef13206bf26b70697e931a5bae8313fd266ab1ac5f21f50e6c4,0,0.0015,object_pos_x-,0.0015,-0.0015,0.0,0.0,1,1,,1,1,0.16666666666666663,3.390456438064575,0.0,0.0,0.0,0.0008335344027727842,0.023734210059046745
PickCube-v1,0,35,0.9722222222222222,a6eb70b01299bef13206bf26b70697e931a5bae8313fd266ab1ac5f21f50e6c4,0,0.0015,object_pos_y+,0.0015,0.0,0.0015,0.0,1,1,,1,1,0.16666666666666663,3.390456438064575,0.0,0.0,0.0,0.0008335344027727842,0.023734210059046745
PickCube-v1,0,35,0.9722222222222222,a6eb70b01299bef13206bf26b70697e931a5bae8313fd266ab1ac5f21f50e6c4,0,0.0015,object_pos_y-,0.0015,0.0,-0.0015,0.0,1,1,,1,1,0.16666666666666663,3.390456438064575,0.0,0.0,0.0,0.0008335344027727842,0.023734210059046745
PickCube-v1,0,35,0.9722222222222222,a6eb70b01299bef13206bf26b70697e931a5bae8313fd266ab1ac5f21f50e6c4,0,0.0015,eef_joint_1+,0.01,0.0,0.01,0.0,1,1,,1,1,0.16666666666666663,3.390456438064575,0.0,0.0,0.0,0.0008335344027727842,0.023734210059046745
PickCube-v1,0,35,0.9722222222222222,a6eb70b01299bef13206bf26b70697e931a5bae8313fd266ab1ac5f21f50e6c4,0,0.0015,eef_joint_1-,0.01,0.0,-0.01,0.0,0,1,,1,1,0.16666666666666663,3.390456438064575,0.0,0.0,0.0,0.0008335344027727842,0.023734210059046745
PickCube-v1,0,35,0.9722222222222222,a6eb70b01299bef13206bf26b70697e931a5bae8313fd266ab1ac5f21f50e6c4,1,0.003,object_pos_x+,0.003,0.003,0.0,0.0,1,1,,1,1,0.33333333333333337,3.390456438064575,0.0,0.0,0.0,0.0008335344027727842,0.023734210059046745
PickCube-v1,0,35,0.9722222222222222,a6eb70b01299bef13206bf26b70697e931a5bae8313fd266ab1ac5f21f50e6c4,1,0.003,object_pos_x-,0.003,-0.003,0.0,0.0,1,1,,1,1,0.33333333333333337,3.390456438064575,0.0,0.0,0.0,0.0008335344027727842,0.023734210059046745
PickCube-v1,0,35,0.9722222222222222,a6eb70b01299bef13206bf26b70697e931a5bae8313fd266ab1ac5f21f50e6c4,1,0.003,object_pos_y+,0.003,0.0,0.003,0.0,1,1,,1,1,0.33333333333333337,3.390456438064575,0.0,0.0,0.0,0.0008335344027727842,0.023734210059046745
PickCube-v1,0,35,0.9722222222222222,a6eb70b01299bef13206bf26b70697e931a5bae8313fd266ab1ac5f21f50e6c4,1,0.003,object_pos_y-,0.003,0.0,-0.003,0.0,1,1,,1,1,0.33333333333333337,3.390456438064575,0.0,0.0,0.0,0.0008335344027727842,0.023734210059046745
PickCube-v1,0,35,0.9722222222222222,a6eb70b01299bef13206bf26b70697e931a5bae8313fd266ab1ac5f21f50e6c4,1,0.003,eef_joint_1+,0.02,0.0,0.02,0.0,0,1,,1,1,0.33333333333333337,3.390456438064575,0.0,0.0,0.0,0.0008335344027727842,0.023734210059046745
PickCube-v1,0,35,0.9722222222222222,a6eb70b01299bef13206bf26b70697e931a5bae8313fd266ab1ac5f21f50e6c4,1,0.003,eef_joint_1-,0.02,0.0,-0.02,0.0,0,1,,1,1,0.33333333333333337,3.390456438064575,0.0,0.0,0.0,0.0008335344027727842,0.023734210059046745
PickCube-v1,0,35,0.9722222222222222,a6eb70b01299bef13206bf26b70697e931a5bae8313fd266ab1ac5f21f50e6c4,2,0.006,object_pos_x+,0.006,0.006,0.0,0.0,1,1,,1,1,0.33333333333333337,3.390456438064575,0.0,0.0,0.0,0.0008335344027727842,0.023734210059046745
PickCube-v1,0,35,0.9722222222222222,a6eb70b01299bef13206bf26b70697e931a5bae8313fd266ab1ac5f21f50e6c4,2,0.006,object_pos_x-,0.006,-0.006,0.0,0.0,1,1,,1,1,0.33333333333333337,3.390456438064575,0.0,0.0,0.0,0.0008335344027727842,0.023734210059046745
PickCube-v1,0,35,0.9722222222222222,a6eb70b01299bef13206bf26b70697e931a5bae8313fd266ab1ac5f21f50e6c4,2,0.006,object_pos_y+,0.006,0.0,0.006,0.0,1,1,,1,1,0.33333333333333337,3.390456438064575,0.0,0.0,0.0,0.0008335344027727842,0.023734210059046745
PickCube-v1,0,35,0.9722222222222222,a6eb70b01299bef13206bf26b70697e931a5bae8313fd266ab1ac5f21f50e6c4,2,0.006,object_pos_y-,0.006,0.0,-0.006,0.0,1,1,,1,1,0.33333333333333337,3.390456438064575,0.0,0.0,0.0,0.0008335344027727842,0.023734210059046745
PickCube-v1,0,35,0.9722222222222222,a6eb70b01299bef13206bf26b70697e931a5bae8313fd266ab1ac5f21f50e6c4,2,0.006,eef_joint_1+,0.04,0.0,0.04,0.0,0,1,,1,1,0.33333333333333337,3.390456438064575,0.0,0.0,0.0,0.0008335344027727842,0.023734210059046745
PickCube-v1,0,35,0.9722222222222222,a6eb70b01299bef13206bf26b70697e931a5bae8313fd266ab1ac5f21f50e6c4,2,0.006,eef_joint_1-,0.04,0.0,-0.04,0.0,0,1,,1,1,0.33333333333333337,3.390456438064575,0.0,0.0,0.0,0.0008335344027727842,0.023734210059046745
PickCube-v1,1,0,0.0,59920738b6b90ef0c67294a19fa6c479c98fcf44589e03d4fb1dda220c4ede40,0,0.0015,object_pos_x+,0.0015,0.0015,0.0,0.0,1,1,,1,1,0.0,3.3701274394989014,3.3701274394989014,3.3701274394989014,1.0,0.17049364745616913,0.2276918739080429
PickCube-v1,1,0,0.0,59920738b6b90ef0c67294a19fa6c479c98fcf44589e03d4fb1dda220c4ede40,0,0.0015,object_pos_x-,0.0015,-0.0015,0.0,0.0,1,1,,1,1,0.0,3.3701274394989014,3.3701274394989014,3.3701274394989014,1.0,0.17049364745616913,0.2276918739080429
PickCube-v1,1,0,0.0,59920738b6b90ef0c67294a19fa6c479c98fcf44589e03d4fb1dda220c4ede40,0,0.0015,object_pos_y+,0.0015,0.0,0.0015,0.0,1,1,,1,1,0.0,3.3701274394989014,3.3701274394989014,3.3701274394989014,1.0,0.17049364745616913,0.2276918739080429
PickCube-v1,1,0,0.0,59920738b6b90ef0c67294a19fa6c479c98fcf44589e03d4fb1dda220c4ede40,0,0.0015,object_pos_y-,0.0015,0.0,-0.0015,0.0,1,1,,1,1,0.0,3.3701274394989014,3.3701274394989014,3.3701274394989014,1.0,0.17049364745616913,0.2276918739080429
PickCube-v1,1,0,0.0,59920738b6b90ef0c67294a19fa6c479c98fcf44589e03d4fb1dda220c4ede40,0,0.0015,eef_joint_1+,0.01,0.0,0.01,0.0,1,1,,1,1,0.0,3.3701274394989014,3.3701274394989014,3.3701274394989014,1.0,0.17049364745616913,0.2276918739080429
PickCube-v1,1,0,0.0,59920738b6b90ef0c67294a19fa6c479c98fcf44589e03d4fb1dda220c4ede40,0,0.0015,eef_joint_1-,0.01,0.0,-0.01,0.0,1,1,,1,1,0.0,3.3701274394989014,3.3701274394989014,3.3701274394989014,1.0,0.17049364745616913,0.2276918739080429
PickCube-v1,1,0,0.0,59920738b6b90ef0c67294a19fa6c479c98fcf44589e03d4fb1dda220c4ede40,1,0.003,object_pos_x+,0.003,0.003,0.0,0.0,1,1,,1,1,0.0,3.3701274394989014,3.3701274394989014,3.3701274394989014,1.0,0.17049364745616913,0.2276918739080429
PickCube-v1,1,0,0.0,59920738b6b90ef0c67294a19fa6c479c98fcf44589e03d4fb1dda220c4ede40,1,0.003,object_pos_x-,0.003,-0.003,0.0,0.0,1,1,,1,1,0.0,3.3701274394989014,3.3701274394989014,3.3701274394989014,1.0,0.17049364745616913,0.2276918739080429
PickCube-v1,1,0,0.0,59920738b6b90ef0c67294a19fa6c479c98fcf44589e03d4fb1dda220c4ede40,1,0.003,object_pos_y+,0.003,0.0,0.003,0.0,1,1,,1,1,0.0,3.3701274394989014,3.3701274394989014,3.3701274394989014,1.0,0.17049364745616913,0.2276918739080429
PickCube-v1,1,0,0.0,59920738b6b90ef0c67294a19fa6c479c98fcf44589e03d4fb1dda220c4ede40,1,0.003,object_pos_y-,0.003,0.0,-0.003,0.0,1,1,,1,1,0.0,3.3701274394989014,3.3701274394989014,3.3701274394989014,1.0,0.17049364745616913,0.2276918739080429
PickCube-v1,1,0,0.0,59920738b6b90ef0c67294a19fa6c479c98fcf44589e03d4fb1dda220c4ede40,1,0.003,eef_joint_1+,0.02,0.0,0.02,0.0,1,1,,1,1,0.0,3.3701274394989014,3.3701274394989014,3.3701274394989014,1.0,0.17049364745616913,0.2276918739080429
PickCube-v1,1,0,0.0,59920738b6b90ef0c67294a19fa6c479c98fcf44589e03d4fb1dda220c4ede40,1,0.003,eef_joint_1-,0.02,0.0,-0.02,0.0,1,1,,1,1,0.0,3.3701274394989014,3.3701274394989014,3.3701274394989014,1.0,0.17049364745616913,0.2276918739080429
PickCube-v1,1,0,0.0,59920738b6b90ef0c67294a19fa6c479c98fcf44589e03d4fb1dda220c4ede40,2,0.006,object_pos_x+,0.006,0.006,0.0,0.0,1,1,,1,1,0.5,3.3701274394989014,3.3701274394989014,3.3701274394989014,1.0,0.17049364745616913,0.2276918739080429
PickCube-v1,1,0,0.0,59920738b6b90ef0c67294a19fa6c479c98fcf44589e03d4fb1dda220c4ede40,2,0.006,object_pos_x-,0.006,-0.006,0.0,0.0,0,1,,1,1,0.5,3.3701274394989014,3.3701274394989014,3.3701274394989014,1.0,0.17049364745616913,0.2276918739080429
PickCube-v1,1,0,0.0,59920738b6b90ef0c67294a19fa6c479c98fcf44589e03d4fb1dda220c4ede40,2,0.006,object_pos_y+,0.006,0.0,0.006,0.0,1,1,,1,1,0.5,3.3701274394989014,3.3701274394989014,3.3701274394989014,1.0,0.17049364745616913,0.2276918739080429
PickCube-v1,1,0,0.0,59920738b6b90ef0c67294a19fa6c479c98fcf44589e03d4fb1dda220c4ede40,2,0.006,object_pos_y-,0.006,0.0,-0.006,0.0,1,1,,1,1,0.5,3.3701274394989014,3.3701274394989014,3.3701274394989014,1.0,0.17049364745616913,0.2276918739080429
PickCube-v1,1,0,0.0,59920738b6b90ef0c67294a19fa6c479c98fcf44589e03d4fb1dda220c4ede40,2,0.006,eef_joint_1+,0.04,0.0,0.04,0.0,0,1,,1,1,0.5,3.3701274394989014,3.3701274394989014,3.3701274394989014,1.0,0.17049364745616913,0.2276918739080429
PickCube-v1,1,0,0.0,59920738b6b90ef0c67294a19fa6c479c98fcf44589e03d4fb1dda220c4ede40,2,0.006,eef_joint_1-,0.04,0.0,-0.04,0.0,0,1,,1,1,0.5,3.3701274394989014,3.3701274394989014,3.3701274394989014,1.0,0.17049364745616913,0.2276918739080429
PickCube-v1,1,5,0.14285714285714285,34d908b3f1c5e66d33a58d5d03dc54c0cb784e386be149cafb3fc26d98dc926a,0,0.0015,object_pos_x+,0.0015,0.0015,0.0,0.0,1,1,,1,1,0.0,3.3701274394989014,0.0,0.0,0.0,0.07222028821706772,0.22769199311733246
PickCube-v1,1,5,0.14285714285714285,34d908b3f1c5e66d33a58d5d03dc54c0cb784e386be149cafb3fc26d98dc926a,0,0.0015,object_pos_x-,0.0015,-0.0015,0.0,0.0,1,1,,1,1,0.0,3.3701274394989014,0.0,0.0,0.0,0.07222028821706772,0.22769199311733246
PickCube-v1,1,5,0.14285714285714285,34d908b3f1c5e66d33a58d5d03dc54c0cb784e386be149cafb3fc26d98dc926a,0,0.0015,object_pos_y+,0.0015,0.0,0.0015,0.0,1,1,,1,1,0.0,3.3701274394989014,0.0,0.0,0.0,0.07222028821706772,0.22769199311733246
PickCube-v1,1,5,0.14285714285714285,34d908b3f1c5e66d33a58d5d03dc54c0cb784e386be149cafb3fc26d98dc926a,0,0.0015,object_pos_y-,0.0015,0.0,-0.0015,0.0,1,1,,1,1,0.0,3.3701274394989014,0.0,0.0,0.0,0.07222028821706772,0.22769199311733246
PickCube-v1,1,5,0.14285714285714285,34d908b3f1c5e66d33a58d5d03dc54c0cb784e386be149cafb3fc26d98dc926a,0,0.0015,eef_joint_1+,0.01,0.0,0.01,0.0,1,1,,1,1,0.0,3.3701274394989014,0.0,0.0,0.0,0.07222028821706772,0.22769199311733246
PickCube-v1,1,5,0.14285714285714285,34d908b3f1c5e66d33a58d5d03dc54c0cb784e386be149cafb3fc26d98dc926a,0,0.0015,eef_joint_1-,0.01,0.0,-0.01,0.0,1,1,,1,1,0.0,3.3701274394989014,0.0,0.0,0.0,0.07222028821706772,0.22769199311733246
PickCube-v1,1,5,0.14285714285714285,34d908b3f1c5e66d33a58d5d03dc54c0cb784e386be149cafb3fc26d98dc926a,1,0.003,object_pos_x+,0.003,0.003,0.0,0.0,1,1,,1,1,0.0,3.3701274394989014,0.0,0.0,0.0,0.07222028821706772,0.22769199311733246
PickCube-v1,1,5,0.14285714285714285,34d908b3f1c5e66d33a58d5d03dc54c0cb784e386be149cafb3fc26d98dc926a,1,0.003,object_pos_x-,0.003,-0.003,0.0,0.0,1,1,,1,1,0.0,3.3701274394989014,0.0,0.0,0.0,0.07222028821706772,0.22769199311733246
PickCube-v1,1,5,0.14285714285714285,34d908b3f1c5e66d33a58d5d03dc54c0cb784e386be149cafb3fc26d98dc926a,1,0.003,object_pos_y+,0.003,0.0,0.003,0.0,1,1,,1,1,0.0,3.3701274394989014,0.0,0.0,0.0,0.07222028821706772,0.22769199311733246
PickCube-v1,1,5,0.14285714285714285,34d908b3f1c5e66d33a58d5d03dc54c0cb784e386be149cafb3fc26d98dc926a,1,0.003,object_pos_y-,0.003,0.0,-0.003,0.0,1,1,,1,1,0.0,3.3701274394989014,0.0,0.0,0.0,0.07222028821706772,0.22769199311733246
PickCube-v1,1,5,0.14285714285714285,34d908b3f1c5e66d33a58d5d03dc54c0cb784e386be149cafb3fc26d98dc926a,1,0.003,eef_joint_1+,0.02,0.0,0.02,0.0,1,1,,1,1,0.0,3.3701274394989014,0.0,0.0,0.0,0.07222028821706772,0.22769199311733246
PickCube-v1,1,5,0.14285714285714285,34d908b3f1c5e66d33a58d5d03dc54c0cb784e386be149cafb3fc26d98dc926a,1,0.003,eef_joint_1-,0.02,0.0,-0.02,0.0,1,1,,1,1,0.0,3.3701274394989014,0.0,0.0,0.0,0.07222028821706772,0.22769199311733246
PickCube-v1,1,5,0.14285714285714285,34d908b3f1c5e66d33a58d5d03dc54c0cb784e386be149cafb3fc26d98dc926a,2,0.006,object_pos_x+,0.006,0.006,0.0,0.0,1,1,,1,1,0.5,3.3701274394989014,0.0,0.0,0.0,0.07222028821706772,0.22769199311733246
PickCube-v1,1,5,0.14285714285714285,34d908b3f1c5e66d33a58d5d03dc54c0cb784e386be149cafb3fc26d98dc926a,2,0.006,object_pos_x-,0.006,-0.006,0.0,0.0,0,1,,1,1,0.5,3.3701274394989014,0.0,0.0,0.0,0.07222028821706772,0.22769199311733246
PickCube-v1,1,5,0.14285714285714285,34d908b3f1c5e66d33a58d5d03dc54c0cb784e386be149cafb3fc26d98dc926a,2,0.006,object_pos_y+,0.006,0.0,0.006,0.0,1,1,,1,1,0.5,3.3701274394989014,0.0,0.0,0.0,0.07222028821706772,0.22769199311733246
PickCube-v1,1,5,0.14285714285714285,34d908b3f1c5e66d33a58d5d03dc54c0cb784e386be149cafb3fc26d98dc926a,2,0.006,object_pos_y-,0.006,0.0,-0.006,0.0,1,1,,1,1,0.5,3.3701274394989014,0.0,0.0,0.0,0.07222028821706772,0.22769199311733246
PickCube-v1,1,5,0.14285714285714285,34d908b3f1c5e66d33a58d5d03dc54c0cb784e386be149cafb3fc26d98dc926a,2,0.006,eef_joint_1+,0.04,0.0,0.04,0.0,0,1,,1,1,0.5,3.3701274394989014,0.0,0.0,0.0,0.07222028821706772,0.22769199311733246
PickCube-v1,1,5,0.14285714285714285,34d908b3f1c5e66d33a58d5d03dc54c0cb784e386be149cafb3fc26d98dc926a,2,0.006,eef_joint_1-,0.04,0.0,-0.04,0.0,0,1,,1,1,0.5,3.3701274394989014,0.0,0.0,0.0,0.07222028821706772,0.22769199311733246
PickCube-v1,1,10,0.2857142857142857,679c0219820fde1dea7e2bbe21250b405dca64d38613797dc6ecf0698533b040,0,0.0015,object_pos_x+,0.0015,0.0015,0.0,0.0,1,1,,1,1,0.0,3.3689849376678467,0.0,0.0,0.0,0.03255961090326309,0.22769206762313843
PickCube-v1,1,10,0.2857142857142857,679c0219820fde1dea7e2bbe21250b405dca64d38613797dc6ecf0698533b040,0,0.0015,object_pos_x-,0.0015,-0.0015,0.0,0.0,1,1,,1,1,0.0,3.3689849376678467,0.0,0.0,0.0,0.03255961090326309,0.22769206762313843
PickCube-v1,1,10,0.2857142857142857,679c0219820fde1dea7e2bbe21250b405dca64d38613797dc6ecf0698533b040,0,0.0015,object_pos_y+,0.0015,0.0,0.0015,0.0,1,1,,1,1,0.0,3.3689849376678467,0.0,0.0,0.0,0.03255961090326309,0.22769206762313843
PickCube-v1,1,10,0.2857142857142857,679c0219820fde1dea7e2bbe21250b405dca64d38613797dc6ecf0698533b040,0,0.0015,object_pos_y-,0.0015,0.0,-0.0015,0.0,1,1,,1,1,0.0,3.3689849376678467,0.0,0.0,0.0,0.03255961090326309,0.22769206762313843
PickCube-v1,1,10,0.2857142857142857,679c0219820fde1dea7e2bbe21250b405dca64d38613797dc6ecf0698533b040,0,0.0015,eef_joint_1+,0.01,0.0,0.01,0.0,1,1,,1,1,0.0,3.3689849376678467,0.0,0.0,0.0,0.03255961090326309,0.22769206762313843
PickCube-v1,1,10,0.2857142857142857,679c0219820fde1dea7e2bbe21250b405dca64d38613797dc6ecf0698533b040,0,0.0015,eef_joint_1-,0.01,0.0,-0.01,0.0,1,1,,1,1,0.0,3.3689849376678467,0.0,0.0,0.0,0.03255961090326309,0.22769206762313843
PickCube-v1,1,10,0.2857142857142857,679c0219820fde1dea7e2bbe21250b405dca64d38613797dc6ecf0698533b040,1,0.003,object_pos_x+,0.003,0.003,0.0,0.0,1,1,,1,1,0.0,3.3689849376678467,0.0,0.0,0.0,0.03255961090326309,0.22769206762313843
PickCube-v1,1,10,0.2857142857142857,679c0219820fde1dea7e2bbe21250b405dca64d38613797dc6ecf0698533b040,1,0.003,object_pos_x-,0.003,-0.003,0.0,0.0,1,1,,1,1,0.0,3.3689849376678467,0.0,0.0,0.0,0.03255961090326309,0.22769206762313843
PickCube-v1,1,10,0.2857142857142857,679c0219820fde1dea7e2bbe21250b405dca64d38613797dc6ecf0698533b040,1,0.003,object_pos_y+,0.003,0.0,0.003,0.0,1,1,,1,1,0.0,3.3689849376678467,0.0,0.0,0.0,0.03255961090326309,0.22769206762313843
PickCube-v1,1,10,0.2857142857142857,679c0219820fde1dea7e2bbe21250b405dca64d38613797dc6ecf0698533b040,1,0.003,object_pos_y-,0.003,0.0,-0.003,0.0,1,1,,1,1,0.0,3.3689849376678467,0.0,0.0,0.0,0.03255961090326309,0.22769206762313843
PickCube-v1,1,10,0.2857142857142857,679c0219820fde1dea7e2bbe21250b405dca64d38613797dc6ecf0698533b040,1,0.003,eef_joint_1+,0.02,0.0,0.02,0.0,1,1,,1,1,0.0,3.3689849376678467,0.0,0.0,0.0,0.03255961090326309,0.22769206762313843
PickCube-v1,1,10,0.2857142857142857,679c0219820fde1dea7e2bbe21250b405dca64d38613797dc6ecf0698533b040,1,0.003,eef_joint_1-,0.02,0.0,-0.02,0.0,1,1,,1,1,0.0,3.3689849376678467,0.0,0.0,0.0,0.03255961090326309,0.22769206762313843
PickCube-v1,1,10,0.2857142857142857,679c0219820fde1dea7e2bbe21250b405dca64d38613797dc6ecf0698533b040,2,0.006,object_pos_x+,0.006,0.006,0.0,0.0,1,1,,1,1,0.5,3.3689849376678467,0.0,0.0,0.0,0.03255961090326309,0.22769206762313843
PickCube-v1,1,10,0.2857142857142857,679c0219820fde1dea7e2bbe21250b405dca64d38613797dc6ecf0698533b040,2,0.006,object_pos_x-,0.006,-0.006,0.0,0.0,0,1,,1,1,0.5,3.3689849376678467,0.0,0.0,0.0,0.03255961090326309,0.22769206762313843
PickCube-v1,1,10,0.2857142857142857,679c0219820fde1dea7e2bbe21250b405dca64d38613797dc6ecf0698533b040,2,0.006,object_pos_y+,0.006,0.0,0.006,0.0,1,1,,1,1,0.5,3.3689849376678467,0.0,0.0,0.0,0.03255961090326309,0.22769206762313843
PickCube-v1,1,10,0.2857142857142857,679c0219820fde1dea7e2bbe21250b405dca64d38613797dc6ecf0698533b040,2,0.006,object_pos_y-,0.006,0.0,-0.006,0.0,1,1,,1,1,0.5,3.3689849376678467,0.0,0.0,0.0,0.03255961090326309,0.22769206762313843
PickCube-v1,1,10,0.2857142857142857,679c0219820fde1dea7e2bbe21250b405dca64d38613797dc6ecf0698533b040,2,0.006,eef_joint_1+,0.04,0.0,0.04,0.0,0,1,,1,1,0.5,3.3689849376678467,0.0,0.0,0.0,0.03255961090326309,0.22769206762313843
PickCube-v1,1,10,0.2857142857142857,679c0219820fde1dea7e2bbe21250b405dca64d38613797dc6ecf0698533b040,2,0.006,eef_joint_1-,0.04,0.0,-0.04,0.0,0,1,,1,1,0.5,3.3689849376678467,0.0,0.0,0.0,0.03255961090326309,0.22769206762313843
PickCube-v1,1,15,0.42857142857142855,a66fa710a85a7d2177ce7aad9e8146a8569c4806a9860de5df416ae057479457,0,0.0015,object_pos_x+,0.0015,0.0015,0.0,0.0,1,1,,1,1,0.0,3.3689849376678467,0.0,0.0,0.0,0.0019696932286024094,0.22769203782081604
PickCube-v1,1,15,0.42857142857142855,a66fa710a85a7d2177ce7aad9e8146a8569c4806a9860de5df416ae057479457,0,0.0015,object_pos_x-,0.0015,-0.0015,0.0,0.0,1,1,,1,1,0.0,3.3689849376678467,0.0,0.0,0.0,0.0019696932286024094,0.22769203782081604
PickCube-v1,1,15,0.42857142857142855,a66fa710a85a7d2177ce7aad9e8146a8569c4806a9860de5df416ae057479457,0,0.0015,object_pos_y+,0.0015,0.0,0.0015,0.0,1,1,,1,1,0.0,3.3689849376678467,0.0,0.0,0.0,0.0019696932286024094,0.22769203782081604
PickCube-v1,1,15,0.42857142857142855,a66fa710a85a7d2177ce7aad9e8146a8569c4806a9860de5df416ae057479457,0,0.0015,object_pos_y-,0.0015,0.0,-0.0015,0.0,1,1,,1,1,0.0,3.3689849376678467,0.0,0.0,0.0,0.0019696932286024094,0.22769203782081604
PickCube-v1,1,15,0.42857142857142855,a66fa710a85a7d2177ce7aad9e8146a8569c4806a9860de5df416ae057479457,0,0.0015,eef_joint_1+,0.01,0.0,0.01,0.0,1,1,,1,1,0.0,3.3689849376678467,0.0,0.0,0.0,0.0019696932286024094,0.22769203782081604
PickCube-v1,1,15,0.42857142857142855,a66fa710a85a7d2177ce7aad9e8146a8569c4806a9860de5df416ae057479457,0,0.0015,eef_joint_1-,0.01,0.0,-0.01,0.0,1,1,,1,1,0.0,3.3689849376678467,0.0,0.0,0.0,0.0019696932286024094,0.22769203782081604
PickCube-v1,1,15,0.42857142857142855,a66fa710a85a7d2177ce7aad9e8146a8569c4806a9860de5df416ae057479457,1,0.003,object_pos_x+,0.003,0.003,0.0,0.0,1,1,,1,1,0.0,3.3689849376678467,0.0,0.0,0.0,0.0019696932286024094,0.22769203782081604
PickCube-v1,1,15,0.42857142857142855,a66fa710a85a7d2177ce7aad9e8146a8569c4806a9860de5df416ae057479457,1,0.003,object_pos_x-,0.003,-0.003,0.0,0.0,1,1,,1,1,0.0,3.3689849376678467,0.0,0.0,0.0,0.0019696932286024094,0.22769203782081604
PickCube-v1,1,15,0.42857142857142855,a66fa710a85a7d2177ce7aad9e8146a8569c4806a9860de5df416ae057479457,1,0.003,object_pos_y+,0.003,0.0,0.003,0.0,1,1,,1,1,0.0,3.3689849376678467,0.0,0.0,0.0,0.0019696932286024094,0.22769203782081604
PickCube-v1,1,15,0.42857142857142855,a66fa710a85a7d2177ce7aad9e8146a8569c4806a9860de5df416ae057479457,1,0.003,object_pos_y-,0.003,0.0,-0.003,0.0,1,1,,1,1,0.0,3.3689849376678467,0.0,0.0,0.0,0.0019696932286024094,0.22769203782081604
PickCube-v1,1,15,0.42857142857142855,a66fa710a85a7d2177ce7aad9e8146a8569c4806a9860de5df416ae057479457,1,0.003,eef_joint_1+,0.02,0.0,0.02,0.0,1,1,,1,1,0.0,3.3689849376678467,0.0,0.0,0.0,0.0019696932286024094,0.22769203782081604
PickCube-v1,1,15,0.42857142857142855,a66fa710a85a7d2177ce7aad9e8146a8569c4806a9860de5df416ae057479457,1,0.003,eef_joint_1-,0.02,0.0,-0.02,0.0,1,1,,1,1,0.0,3.3689849376678467,0.0,0.0,0.0,0.0019696932286024094,0.22769203782081604
PickCube-v1,1,15,0.42857142857142855,a66fa710a85a7d2177ce7aad9e8146a8569c4806a9860de5df416ae057479457,2,0.006,object_pos_x+,0.006,0.006,0.0,0.0,1,1,,1,1,0.5,3.3689849376678467,0.0,0.0,0.0,0.0019696932286024094,0.22769203782081604
PickCube-v1,1,15,0.42857142857142855,a66fa710a85a7d2177ce7aad9e8146a8569c4806a9860de5df416ae057479457,2,0.006,object_pos_x-,0.006,-0.006,0.0,0.0,0,1,,1,1,0.5,3.3689849376678467,0.0,0.0,0.0,0.0019696932286024094,0.22769203782081604
PickCube-v1,1,15,0.42857142857142855,a66fa710a85a7d2177ce7aad9e8146a8569c4806a9860de5df416ae057479457,2,0.006,object_pos_y+,0.006,0.0,0.006,0.0,1,1,,1,1,0.5,3.3689849376678467,0.0,0.0,0.0,0.0019696932286024094,0.22769203782081604
PickCube-v1,1,15,0.42857142857142855,a66fa710a85a7d2177ce7aad9e8146a8569c4806a9860de5df416ae057479457,2,0.006,object_pos_y-,0.006,0.0,-0.006,0.0,1,1,,1,1,0.5,3.3689849376678467,0.0,0.0,0.0,0.0019696932286024094,0.22769203782081604
PickCube-v1,1,15,0.42857142857142855,a66fa710a85a7d2177ce7aad9e8146a8569c4806a9860de5df416ae057479457,2,0.006,eef_joint_1+,0.04,0.0,0.04,0.0,0,1,,1,1,0.5,3.3689849376678467,0.0,0.0,0.0,0.0019696932286024094,0.22769203782081604
PickCube-v1,1,15,0.42857142857142855,a66fa710a85a7d2177ce7aad9e8146a8569c4806a9860de5df416ae057479457,2,0.006,eef_joint_1-,0.04,0.0,-0.04,0.0,0,1,,1,1,0.5,3.3689849376678467,0.0,0.0,0.0,0.0019696932286024094,0.22769203782081604
PickCube-v1,1,20,0.5714285714285714,9bdbae3a35a4a0ff1770bfea360766e65340afe4317a13d5dc0a46fff8fd9fb4,0,0.0015,object_pos_x+,0.0015,0.0015,0.0,0.0,1,1,,1,1,0.0,3.3689849376678467,0.0,0.0,0.0,0.0006849084165878594,0.22716180980205536
PickCube-v1,1,20,0.5714285714285714,9bdbae3a35a4a0ff1770bfea360766e65340afe4317a13d5dc0a46fff8fd9fb4,0,0.0015,object_pos_x-,0.0015,-0.0015,0.0,0.0,1,1,,1,1,0.0,3.3689849376678467,0.0,0.0,0.0,0.0006849084165878594,0.22716180980205536
PickCube-v1,1,20,0.5714285714285714,9bdbae3a35a4a0ff1770bfea360766e65340afe4317a13d5dc0a46fff8fd9fb4,0,0.0015,object_pos_y+,0.0015,0.0,0.0015,0.0,1,1,,1,1,0.0,3.3689849376678467,0.0,0.0,0.0,0.0006849084165878594,0.22716180980205536
PickCube-v1,1,20,0.5714285714285714,9bdbae3a35a4a0ff1770bfea360766e65340afe4317a13d5dc0a46fff8fd9fb4,0,0.0015,object_pos_y-,0.0015,0.0,-0.0015,0.0,1,1,,1,1,0.0,3.3689849376678467,0.0,0.0,0.0,0.0006849084165878594,0.22716180980205536
PickCube-v1,1,20,0.5714285714285714,9bdbae3a35a4a0ff1770bfea360766e65340afe4317a13d5dc0a46fff8fd9fb4,0,0.0015,eef_joint_1+,0.01,0.0,0.01,0.0,1,1,,1,1,0.0,3.3689849376678467,0.0,0.0,0.0,0.0006849084165878594,0.22716180980205536
PickCube-v1,1,20,0.5714285714285714,9bdbae3a35a4a0ff1770bfea360766e65340afe4317a13d5dc0a46fff8fd9fb4,0,0.0015,eef_joint_1-,0.01,0.0,-0.01,0.0,1,1,,1,1,0.0,3.3689849376678467,0.0,0.0,0.0,0.0006849084165878594,0.22716180980205536
PickCube-v1,1,20,0.5714285714285714,9bdbae3a35a4a0ff1770bfea360766e65340afe4317a13d5dc0a46fff8fd9fb4,1,0.003,object_pos_x+,0.003,0.003,0.0,0.0,1,1,,1,1,0.0,3.3689849376678467,0.0,0.0,0.0,0.0006849084165878594,0.22716180980205536
PickCube-v1,1,20,0.5714285714285714,9bdbae3a35a4a0ff1770bfea360766e65340afe4317a13d5dc0a46fff8fd9fb4,1,0.003,object_pos_x-,0.003,-0.003,0.0,0.0,1,1,,1,1,0.0,3.3689849376678467,0.0,0.0,0.0,0.0006849084165878594,0.22716180980205536
PickCube-v1,1,20,0.5714285714285714,9bdbae3a35a4a0ff1770bfea360766e65340afe4317a13d5dc0a46fff8fd9fb4,1,0.003,object_pos_y+,0.003,0.0,0.003,0.0,1,1,,1,1,0.0,3.3689849376678467,0.0,0.0,0.0,0.0006849084165878594,0.22716180980205536
PickCube-v1,1,20,0.5714285714285714,9bdbae3a35a4a0ff1770bfea360766e65340afe4317a13d5dc0a46fff8fd9fb4,1,0.003,object_pos_y-,0.003,0.0,-0.003,0.0,1,1,,1,1,0.0,3.3689849376678467,0.0,0.0,0.0,0.0006849084165878594,0.22716180980205536
PickCube-v1,1,20,0.5714285714285714,9bdbae3a35a4a0ff1770bfea360766e65340afe4317a13d5dc0a46fff8fd9fb4,1,0.003,eef_joint_1+,0.02,0.0,0.02,0.0,1,1,,1,1,0.0,3.3689849376678467,0.0,0.0,0.0,0.0006849084165878594,0.22716180980205536
PickCube-v1,1,20,0.5714285714285714,9bdbae3a35a4a0ff1770bfea360766e65340afe4317a13d5dc0a46fff8fd9fb4,1,0.003,eef_joint_1-,0.02,0.0,-0.02,0.0,1,1,,1,1,0.0,3.3689849376678467,0.0,0.0,0.0,0.0006849084165878594,0.22716180980205536
PickCube-v1,1,20,0.5714285714285714,9bdbae3a35a4a0ff1770bfea360766e65340afe4317a13d5dc0a46fff8fd9fb4,2,0.006,object_pos_x+,0.006,0.006,0.0,0.0,1,1,,1,1,0.33333333333333337,3.3689849376678467,0.0,0.0,0.0,0.0006849084165878594,0.22716180980205536
PickCube-v1,1,20,0.5714285714285714,9bdbae3a35a4a0ff1770bfea360766e65340afe4317a13d5dc0a46fff8fd9fb4,2,0.006,object_pos_x-,0.006,-0.006,0.0,0.0,1,1,,1,1,0.33333333333333337,3.3689849376678467,0.0,0.0,0.0,0.0006849084165878594,0.22716180980205536
PickCube-v1,1,20,0.5714285714285714,9bdbae3a35a4a0ff1770bfea360766e65340afe4317a13d5dc0a46fff8fd9fb4,2,0.006,object_pos_y+,0.006,0.0,0.006,0.0,1,1,,1,1,0.33333333333333337,3.3689849376678467,0.0,0.0,0.0,0.0006849084165878594,0.22716180980205536
PickCube-v1,1,20,0.5714285714285714,9bdbae3a35a4a0ff1770bfea360766e65340afe4317a13d5dc0a46fff8fd9fb4,2,0.006,object_pos_y-,0.006,0.0,-0.006,0.0,1,1,,1,1,0.33333333333333337,3.3689849376678467,0.0,0.0,0.0,0.0006849084165878594,0.22716180980205536
PickCube-v1,1,20,0.5714285714285714,9bdbae3a35a4a0ff1770bfea360766e65340afe4317a13d5dc0a46fff8fd9fb4,2,0.006,eef_joint_1+,0.04,0.0,0.04,0.0,0,1,,1,1,0.33333333333333337,3.3689849376678467,0.0,0.0,0.0,0.0006849084165878594,0.22716180980205536
PickCube-v1,1,20,0.5714285714285714,9bdbae3a35a4a0ff1770bfea360766e65340afe4317a13d5dc0a46fff8fd9fb4,2,0.006,eef_joint_1-,0.04,0.0,-0.04,0.0,0,1,,1,1,0.33333333333333337,3.3689849376678467,0.0,0.0,0.0,0.0006849084165878594,0.22716180980205536
PickCube-v1,1,25,0.7142857142857143,ca99484a1232a8790117a9892f11265e8d0b63825a28e8c6308a72c36cbe9549,0,0.0015,object_pos_x+,0.0015,0.0015,0.0,0.0,1,1,,1,1,0.0,3.374856948852539,0.0,0.18000003695487976,0.0,0.0008400832884944975,0.20204097032546997
PickCube-v1,1,25,0.7142857142857143,ca99484a1232a8790117a9892f11265e8d0b63825a28e8c6308a72c36cbe9549,0,0.0015,object_pos_x-,0.0015,-0.0015,0.0,0.0,1,1,,1,1,0.0,3.374856948852539,0.0,0.18000003695487976,0.0,0.0008400832884944975,0.20204097032546997
PickCube-v1,1,25,0.7142857142857143,ca99484a1232a8790117a9892f11265e8d0b63825a28e8c6308a72c36cbe9549,0,0.0015,object_pos_y+,0.0015,0.0,0.0015,0.0,1,1,,1,1,0.0,3.374856948852539,0.0,0.18000003695487976,0.0,0.0008400832884944975,0.20204097032546997
PickCube-v1,1,25,0.7142857142857143,ca99484a1232a8790117a9892f11265e8d0b63825a28e8c6308a72c36cbe9549,0,0.0015,object_pos_y-,0.0015,0.0,-0.0015,0.0,1,1,,1,1,0.0,3.374856948852539,0.0,0.18000003695487976,0.0,0.0008400832884944975,0.20204097032546997
PickCube-v1,1,25,0.7142857142857143,ca99484a1232a8790117a9892f11265e8d0b63825a28e8c6308a72c36cbe9549,0,0.0015,eef_joint_1+,0.01,0.0,0.01,0.0,1,1,,1,1,0.0,3.374856948852539,0.0,0.18000003695487976,0.0,0.0008400832884944975,0.20204097032546997
PickCube-v1,1,25,0.7142857142857143,ca99484a1232a8790117a9892f11265e8d0b63825a28e8c6308a72c36cbe9549,0,0.0015,eef_joint_1-,0.01,0.0,-0.01,0.0,1,1,,1,1,0.0,3.374856948852539,0.0,0.18000003695487976,0.0,0.0008400832884944975,0.20204097032546997
PickCube-v1,1,25,0.7142857142857143,ca99484a1232a8790117a9892f11265e8d0b63825a28e8c6308a72c36cbe9549,1,0.003,object_pos_x+,0.003,0.003,0.0,0.0,1,1,,1,1,0.0,3.374856948852539,0.0,0.18000003695487976,0.0,0.0008400832884944975,0.20204097032546997
PickCube-v1,1,25,0.7142857142857143,ca99484a1232a8790117a9892f11265e8d0b63825a28e8c6308a72c36cbe9549,1,0.003,object_pos_x-,0.003,-0.003,0.0,0.0,1,1,,1,1,0.0,3.374856948852539,0.0,0.18000003695487976,0.0,0.0008400832884944975,0.20204097032546997
PickCube-v1,1,25,0.7142857142857143,ca99484a1232a8790117a9892f11265e8d0b63825a28e8c6308a72c36cbe9549,1,0.003,object_pos_y+,0.003,0.0,0.003,0.0,1,1,,1,1,0.0,3.374856948852539,0.0,0.18000003695487976,0.0,0.0008400832884944975,0.20204097032546997
PickCube-v1,1,25,0.7142857142857143,ca99484a1232a8790117a9892f11265e8d0b63825a28e8c6308a72c36cbe9549,1,0.003,object_pos_y-,0.003,0.0,-0.003,0.0,1,1,,1,1,0.0,3.374856948852539,0.0,0.18000003695487976,0.0,0.0008400832884944975,0.20204097032546997
PickCube-v1,1,25,0.7142857142857143,ca99484a1232a8790117a9892f11265e8d0b63825a28e8c6308a72c36cbe9549,1,0.003,eef_joint_1+,0.02,0.0,0.02,0.0,1,1,,1,1,0.0,3.374856948852539,0.0,0.18000003695487976,0.0,0.0008400832884944975,0.20204097032546997
PickCube-v1,1,25,0.7142857142857143,ca99484a1232a8790117a9892f11265e8d0b63825a28e8c6308a72c36cbe9549,1,0.003,eef_joint_1-,0.02,0.0,-0.02,0.0,1,1,,1,1,0.0,3.374856948852539,0.0,0.18000003695487976,0.0,0.0008400832884944975,0.20204097032546997
PickCube-v1,1,25,0.7142857142857143,ca99484a1232a8790117a9892f11265e8d0b63825a28e8c6308a72c36cbe9549,2,0.006,object_pos_x+,0.006,0.006,0.0,0.0,1,1,,1,1,0.5,3.374856948852539,0.0,0.18000003695487976,0.0,0.0008400832884944975,0.20204097032546997
PickCube-v1,1,25,0.7142857142857143,ca99484a1232a8790117a9892f11265e8d0b63825a28e8c6308a72c36cbe9549,2,0.006,object_pos_x-,0.006,-0.006,0.0,0.0,0,1,,1,1,0.5,3.374856948852539,0.0,0.18000003695487976,0.0,0.0008400832884944975,0.20204097032546997
PickCube-v1,1,25,0.7142857142857143,ca99484a1232a8790117a9892f11265e8d0b63825a28e8c6308a72c36cbe9549,2,0.006,object_pos_y+,0.006,0.0,0.006,0.0,1,1,,1,1,0.5,3.374856948852539,0.0,0.18000003695487976,0.0,0.0008400832884944975,0.20204097032546997
PickCube-v1,1,25,0.7142857142857143,ca99484a1232a8790117a9892f11265e8d0b63825a28e8c6308a72c36cbe9549,2,0.006,object_pos_y-,0.006,0.0,-0.006,0.0,1,1,,1,1,0.5,3.374856948852539,0.0,0.18000003695487976,0.0,0.0008400832884944975,0.20204097032546997
PickCube-v1,1,25,0.7142857142857143,ca99484a1232a8790117a9892f11265e8d0b63825a28e8c6308a72c36cbe9549,2,0.006,eef_joint_1+,0.04,0.0,0.04,0.0,0,1,,1,1,0.5,3.374856948852539,0.0,0.18000003695487976,0.0,0.0008400832884944975,0.20204097032546997
PickCube-v1,1,25,0.7142857142857143,ca99484a1232a8790117a9892f11265e8d0b63825a28e8c6308a72c36cbe9549,2,0.006,eef_joint_1-,0.04,0.0,-0.04,0.0,0,1,,1,1,0.5,3.374856948852539,0.0,0.18000003695487976,0.0,0.0008400832884944975,0.20204097032546997
PickCube-v1,1,30,0.8571428571428571,01db8e095833e626fb4c231ae2e32359da2ba3ef6e0a19ef1316eb088c5981cf,0,0.0015,object_pos_x+,0.0015,0.0015,0.0,0.0,1,1,,1,1,0.0,3.374856948852539,0.0,0.0,0.0,0.0008645071648061275,0.050283901393413544
PickCube-v1,1,30,0.8571428571428571,01db8e095833e626fb4c231ae2e32359da2ba3ef6e0a19ef1316eb088c5981cf,0,0.0015,object_pos_x-,0.0015,-0.0015,0.0,0.0,1,1,,1,1,0.0,3.374856948852539,0.0,0.0,0.0,0.0008645071648061275,0.050283901393413544
PickCube-v1,1,30,0.8571428571428571,01db8e095833e626fb4c231ae2e32359da2ba3ef6e0a19ef1316eb088c5981cf,0,0.0015,object_pos_y+,0.0015,0.0,0.0015,0.0,1,1,,1,1,0.0,3.374856948852539,0.0,0.0,0.0,0.0008645071648061275,0.050283901393413544
PickCube-v1,1,30,0.8571428571428571,01db8e095833e626fb4c231ae2e32359da2ba3ef6e0a19ef1316eb088c5981cf,0,0.0015,object_pos_y-,0.0015,0.0,-0.0015,0.0,1,1,,1,1,0.0,3.374856948852539,0.0,0.0,0.0,0.0008645071648061275,0.050283901393413544
PickCube-v1,1,30,0.8571428571428571,01db8e095833e626fb4c231ae2e32359da2ba3ef6e0a19ef1316eb088c5981cf,0,0.0015,eef_joint_1+,0.01,0.0,0.01,0.0,1,1,,1,1,0.0,3.374856948852539,0.0,0.0,0.0,0.0008645071648061275,0.050283901393413544
PickCube-v1,1,30,0.8571428571428571,01db8e095833e626fb4c231ae2e32359da2ba3ef6e0a19ef1316eb088c5981cf,0,0.0015,eef_joint_1-,0.01,0.0,-0.01,0.0,1,1,,1,1,0.0,3.374856948852539,0.0,0.0,0.0,0.0008645071648061275,0.050283901393413544
PickCube-v1,1,30,0.8571428571428571,01db8e095833e626fb4c231ae2e32359da2ba3ef6e0a19ef1316eb088c5981cf,1,0.003,object_pos_x+,0.003,0.003,0.0,0.0,1,1,,1,1,0.0,3.374856948852539,0.0,0.0,0.0,0.0008645071648061275,0.050283901393413544
PickCube-v1,1,30,0.8571428571428571,01db8e095833e626fb4c231ae2e32359da2ba3ef6e0a19ef1316eb088c5981cf,1,0.003,object_pos_x-,0.003,-0.003,0.0,0.0,1,1,,1,1,0.0,3.374856948852539,0.0,0.0,0.0,0.0008645071648061275,0.050283901393413544
PickCube-v1,1,30,0.8571428571428571,01db8e095833e626fb4c231ae2e32359da2ba3ef6e0a19ef1316eb088c5981cf,1,0.003,object_pos_y+,0.003,0.0,0.003,0.0,1,1,,1,1,0.0,3.374856948852539,0.0,0.0,0.0,0.0008645071648061275,0.050283901393413544
PickCube-v1,1,30,0.8571428571428571,01db8e095833e626fb4c231ae2e32359da2ba3ef6e0a19ef1316eb088c5981cf,1,0.003,object_pos_y-,0.003,0.0,-0.003,0.0,1,1,,1,1,0.0,3.374856948852539,0.0,0.0,0.0,0.0008645071648061275,0.050283901393413544
PickCube-v1,1,30,0.8571428571428571,01db8e095833e626fb4c231ae2e32359da2ba3ef6e0a19ef1316eb088c5981cf,1,0.003,eef_joint_1+,0.02,0.0,0.02,0.0,1,1,,1,1,0.0,3.374856948852539,0.0,0.0,0.0,0.0008645071648061275,0.050283901393413544
PickCube-v1,1,30,0.8571428571428571,01db8e095833e626fb4c231ae2e32359da2ba3ef6e0a19ef1316eb088c5981cf,1,0.003,eef_joint_1-,0.02,0.0,-0.02,0.0,1,1,,1,1,0.0,3.374856948852539,0.0,0.0,0.0,0.0008645071648061275,0.050283901393413544
PickCube-v1,1,30,0.8571428571428571,01db8e095833e626fb4c231ae2e32359da2ba3ef6e0a19ef1316eb088c5981cf,2,0.006,object_pos_x+,0.006,0.006,0.0,0.0,1,1,,1,1,0.33333333333333337,3.374856948852539,0.0,0.0,0.0,0.0008645071648061275,0.050283901393413544
PickCube-v1,1,30,0.8571428571428571,01db8e095833e626fb4c231ae2e32359da2ba3ef6e0a19ef1316eb088c5981cf,2,0.006,object_pos_x-,0.006,-0.006,0.0,0.0,1,1,,1,1,0.33333333333333337,3.374856948852539,0.0,0.0,0.0,0.0008645071648061275,0.050283901393413544
PickCube-v1,1,30,0.8571428571428571,01db8e095833e626fb4c231ae2e32359da2ba3ef6e0a19ef1316eb088c5981cf,2,0.006,object_pos_y+,0.006,0.0,0.006,0.0,1,1,,1,1,0.33333333333333337,3.374856948852539,0.0,0.0,0.0,0.0008645071648061275,0.050283901393413544
PickCube-v1,1,30,0.8571428571428571,01db8e095833e626fb4c231ae2e32359da2ba3ef6e0a19ef1316eb088c5981cf,2,0.006,object_pos_y-,0.006,0.0,-0.006,0.0,1,1,,1,1,0.33333333333333337,3.374856948852539,0.0,0.0,0.0,0.0008645071648061275,0.050283901393413544
PickCube-v1,1,30,0.8571428571428571,01db8e095833e626fb4c231ae2e32359da2ba3ef6e0a19ef1316eb088c5981cf,2,0.006,eef_joint_1+,0.04,0.0,0.04,0.0,0,1,,1,1,0.33333333333333337,3.374856948852539,0.0,0.0,0.0,0.0008645071648061275,0.050283901393413544
PickCube-v1,1,30,0.8571428571428571,01db8e095833e626fb4c231ae2e32359da2ba3ef6e0a19ef1316eb088c5981cf,2,0.006,eef_joint_1-,0.04,0.0,-0.04,0.0,0,1,,1,1,0.33333333333333337,3.374856948852539,0.0,0.0,0.0,0.0008645071648061275,0.050283901393413544
PickCube-v1,1,35,1.0,dcf81c42416fe779737fb3c3c81a8f870dfefbf673e438b3f5f7ffa6450396ab,0,0.0015,object_pos_x+,0.0015,0.0015,0.0,0.0,1,1,,1,1,0.0,3.379368782043457,0.0,0.0,0.0,0.0008638329454697669,0.011228892020881176
PickCube-v1,1,35,1.0,dcf81c42416fe779737fb3c3c81a8f870dfefbf673e438b3f5f7ffa6450396ab,0,0.0015,object_pos_x-,0.0015,-0.0015,0.0,0.0,1,1,,1,1,0.0,3.379368782043457,0.0,0.0,0.0,0.0008638329454697669,0.011228892020881176
PickCube-v1,1,35,1.0,dcf81c42416fe779737fb3c3c81a8f870dfefbf673e438b3f5f7ffa6450396ab,0,0.0015,object_pos_y+,0.0015,0.0,0.0015,0.0,1,1,,1,1,0.0,3.379368782043457,0.0,0.0,0.0,0.0008638329454697669,0.011228892020881176
PickCube-v1,1,35,1.0,dcf81c42416fe779737fb3c3c81a8f870dfefbf673e438b3f5f7ffa6450396ab,0,0.0015,object_pos_y-,0.0015,0.0,-0.0015,0.0,1,1,,1,1,0.0,3.379368782043457,0.0,0.0,0.0,0.0008638329454697669,0.011228892020881176
PickCube-v1,1,35,1.0,dcf81c42416fe779737fb3c3c81a8f870dfefbf673e438b3f5f7ffa6450396ab,0,0.0015,eef_joint_1+,0.01,0.0,0.01,0.0,1,1,,1,1,0.0,3.379368782043457,0.0,0.0,0.0,0.0008638329454697669,0.011228892020881176
PickCube-v1,1,35,1.0,dcf81c42416fe779737fb3c3c81a8f870dfefbf673e438b3f5f7ffa6450396ab,0,0.0015,eef_joint_1-,0.01,0.0,-0.01,0.0,1,1,,1,1,0.0,3.379368782043457,0.0,0.0,0.0,0.0008638329454697669,0.011228892020881176
PickCube-v1,1,35,1.0,dcf81c42416fe779737fb3c3c81a8f870dfefbf673e438b3f5f7ffa6450396ab,1,0.003,object_pos_x+,0.003,0.003,0.0,0.0,1,1,,1,1,0.0,3.379368782043457,0.0,0.0,0.0,0.0008638329454697669,0.011228892020881176
PickCube-v1,1,35,1.0,dcf81c42416fe779737fb3c3c81a8f870dfefbf673e438b3f5f7ffa6450396ab,1,0.003,object_pos_x-,0.003,-0.003,0.0,0.0,1,1,,1,1,0.0,3.379368782043457,0.0,0.0,0.0,0.0008638329454697669,0.011228892020881176
PickCube-v1,1,35,1.0,dcf81c42416fe779737fb3c3c81a8f870dfefbf673e438b3f5f7ffa6450396ab,1,0.003,object_pos_y+,0.003,0.0,0.003,0.0,1,1,,1,1,0.0,3.379368782043457,0.0,0.0,0.0,0.0008638329454697669,0.011228892020881176
PickCube-v1,1,35,1.0,dcf81c42416fe779737fb3c3c81a8f870dfefbf673e438b3f5f7ffa6450396ab,1,0.003,object_pos_y-,0.003,0.0,-0.003,0.0,1,1,,1,1,0.0,3.379368782043457,0.0,0.0,0.0,0.0008638329454697669,0.011228892020881176
PickCube-v1,1,35,1.0,dcf81c42416fe779737fb3c3c81a8f870dfefbf673e438b3f5f7ffa6450396ab,1,0.003,eef_joint_1+,0.02,0.0,0.02,0.0,1,1,,1,1,0.0,3.379368782043457,0.0,0.0,0.0,0.0008638329454697669,0.011228892020881176
PickCube-v1,1,35,1.0,dcf81c42416fe779737fb3c3c81a8f870dfefbf673e438b3f5f7ffa6450396ab,1,0.003,eef_joint_1-,0.02,0.0,-0.02,0.0,1,1,,1,1,0.0,3.379368782043457,0.0,0.0,0.0,0.0008638329454697669,0.011228892020881176
PickCube-v1,1,35,1.0,dcf81c42416fe779737fb3c3c81a8f870dfefbf673e438b3f5f7ffa6450396ab,2,0.006,object_pos_x+,0.006,0.006,0.0,0.0,1,1,,1,1,0.33333333333333337,3.379368782043457,0.0,0.0,0.0,0.0008638329454697669,0.011228892020881176
PickCube-v1,1,35,1.0,dcf81c42416fe779737fb3c3c81a8f870dfefbf673e438b3f5f7ffa6450396ab,2,0.006,object_pos_x-,0.006,-0.006,0.0,0.0,0,1,,1,1,0.33333333333333337,3.379368782043457,0.0,0.0,0.0,0.0008638329454697669,0.011228892020881176
PickCube-v1,1,35,1.0,dcf81c42416fe779737fb3c3c81a8f870dfefbf673e438b3f5f7ffa6450396ab,2,0.006,object_pos_y+,0.006,0.0,0.006,0.0,1,1,,1,1,0.33333333333333337,3.379368782043457,0.0,0.0,0.0,0.0008638329454697669,0.011228892020881176
PickCube-v1,1,35,1.0,dcf81c42416fe779737fb3c3c81a8f870dfefbf673e438b3f5f7ffa6450396ab,2,0.006,object_pos_y-,0.006,0.0,-0.006,0.0,1,1,,1,1,0.33333333333333337,3.379368782043457,0.0,0.0,0.0,0.0008638329454697669,0.011228892020881176
PickCube-v1,1,35,1.0,dcf81c42416fe779737fb3c3c81a8f870dfefbf673e438b3f5f7ffa6450396ab,2,0.006,eef_joint_1+,0.04,0.0,0.04,0.0,0,1,,1,1,0.33333333333333337,3.379368782043457,0.0,0.0,0.0,0.0008638329454697669,0.011228892020881176
PickCube-v1,1,35,1.0,dcf81c42416fe779737fb3c3c81a8f870dfefbf673e438b3f5f7ffa6450396ab,2,0.006,eef_joint_1-,0.04,0.0,-0.04,0.0,1,1,,1,1,0.33333333333333337,3.379368782043457,0.0,0.0,0.0,0.0008638329454697669,0.011228892020881176
PickCube-v1,2,0,0.0,21deafa62139ffbd056b9d7aafa6d760e99a721c74497d7f22dc6135e35afd2c,0,0.0015,object_pos_x+,0.0015,0.0015,0.0,0.0,1,1,,1,1,0.0,3.3671298027038574,3.3671298027038574,3.3671298027038574,1.0,0.16414763033390045,0.031266406178474426
PickCube-v1,2,0,0.0,21deafa62139ffbd056b9d7aafa6d760e99a721c74497d7f22dc6135e35afd2c,0,0.0015,object_pos_x-,0.0015,-0.0015,0.0,0.0,1,1,,1,1,0.0,3.3671298027038574,3.3671298027038574,3.3671298027038574,1.0,0.16414763033390045,0.031266406178474426
PickCube-v1,2,0,0.0,21deafa62139ffbd056b9d7aafa6d760e99a721c74497d7f22dc6135e35afd2c,0,0.0015,object_pos_y+,0.0015,0.0,0.0015,0.0,1,1,,1,1,0.0,3.3671298027038574,3.3671298027038574,3.3671298027038574,1.0,0.16414763033390045,0.031266406178474426
PickCube-v1,2,0,0.0,21deafa62139ffbd056b9d7aafa6d760e99a721c74497d7f22dc6135e35afd2c,0,0.0015,object_pos_y-,0.0015,0.0,-0.0015,0.0,1,1,,1,1,0.0,3.3671298027038574,3.3671298027038574,3.3671298027038574,1.0,0.16414763033390045,0.031266406178474426
PickCube-v1,2,0,0.0,21deafa62139ffbd056b9d7aafa6d760e99a721c74497d7f22dc6135e35afd2c,0,0.0015,eef_joint_1+,0.01,0.0,0.01,0.0,1,1,,1,1,0.0,3.3671298027038574,3.3671298027038574,3.3671298027038574,1.0,0.16414763033390045,0.031266406178474426
PickCube-v1,2,0,0.0,21deafa62139ffbd056b9d7aafa6d760e99a721c74497d7f22dc6135e35afd2c,0,0.0015,eef_joint_1-,0.01,0.0,-0.01,0.0,1,1,,1,1,0.0,3.3671298027038574,3.3671298027038574,3.3671298027038574,1.0,0.16414763033390045,0.031266406178474426
PickCube-v1,2,0,0.0,21deafa62139ffbd056b9d7aafa6d760e99a721c74497d7f22dc6135e35afd2c,1,0.003,object_pos_x+,0.003,0.003,0.0,0.0,1,1,,1,1,0.0,3.3671298027038574,3.3671298027038574,3.3671298027038574,1.0,0.16414763033390045,0.031266406178474426
PickCube-v1,2,0,0.0,21deafa62139ffbd056b9d7aafa6d760e99a721c74497d7f22dc6135e35afd2c,1,0.003,object_pos_x-,0.003,-0.003,0.0,0.0,1,1,,1,1,0.0,3.3671298027038574,3.3671298027038574,3.3671298027038574,1.0,0.16414763033390045,0.031266406178474426
PickCube-v1,2,0,0.0,21deafa62139ffbd056b9d7aafa6d760e99a721c74497d7f22dc6135e35afd2c,1,0.003,object_pos_y+,0.003,0.0,0.003,0.0,1,1,,1,1,0.0,3.3671298027038574,3.3671298027038574,3.3671298027038574,1.0,0.16414763033390045,0.031266406178474426
PickCube-v1,2,0,0.0,21deafa62139ffbd056b9d7aafa6d760e99a721c74497d7f22dc6135e35afd2c,1,0.003,object_pos_y-,0.003,0.0,-0.003,0.0,1,1,,1,1,0.0,3.3671298027038574,3.3671298027038574,3.3671298027038574,1.0,0.16414763033390045,0.031266406178474426
PickCube-v1,2,0,0.0,21deafa62139ffbd056b9d7aafa6d760e99a721c74497d7f22dc6135e35afd2c,1,0.003,eef_joint_1+,0.02,0.0,0.02,0.0,1,1,,1,1,0.0,3.3671298027038574,3.3671298027038574,3.3671298027038574,1.0,0.16414763033390045,0.031266406178474426
PickCube-v1,2,0,0.0,21deafa62139ffbd056b9d7aafa6d760e99a721c74497d7f22dc6135e35afd2c,1,0.003,eef_joint_1-,0.02,0.0,-0.02,0.0,1,1,,1,1,0.0,3.3671298027038574,3.3671298027038574,3.3671298027038574,1.0,0.16414763033390045,0.031266406178474426
PickCube-v1,2,0,0.0,21deafa62139ffbd056b9d7aafa6d760e99a721c74497d7f22dc6135e35afd2c,2,0.006,object_pos_x+,0.006,0.006,0.0,0.0,0,1,,1,1,0.5,3.3671298027038574,3.3671298027038574,3.3671298027038574,1.0,0.16414763033390045,0.031266406178474426
PickCube-v1,2,0,0.0,21deafa62139ffbd056b9d7aafa6d760e99a721c74497d7f22dc6135e35afd2c,2,0.006,object_pos_x-,0.006,-0.006,0.0,0.0,1,1,,1,1,0.5,3.3671298027038574,3.3671298027038574,3.3671298027038574,1.0,0.16414763033390045,0.031266406178474426
PickCube-v1,2,0,0.0,21deafa62139ffbd056b9d7aafa6d760e99a721c74497d7f22dc6135e35afd2c,2,0.006,object_pos_y+,0.006,0.0,0.006,0.0,1,1,,1,1,0.5,3.3671298027038574,3.3671298027038574,3.3671298027038574,1.0,0.16414763033390045,0.031266406178474426
PickCube-v1,2,0,0.0,21deafa62139ffbd056b9d7aafa6d760e99a721c74497d7f22dc6135e35afd2c,2,0.006,object_pos_y-,0.006,0.0,-0.006,0.0,1,1,,1,1,0.5,3.3671298027038574,3.3671298027038574,3.3671298027038574,1.0,0.16414763033390045,0.031266406178474426
PickCube-v1,2,0,0.0,21deafa62139ffbd056b9d7aafa6d760e99a721c74497d7f22dc6135e35afd2c,2,0.006,eef_joint_1+,0.04,0.0,0.04,0.0,0,1,,1,1,0.5,3.3671298027038574,3.3671298027038574,3.3671298027038574,1.0,0.16414763033390045,0.031266406178474426
PickCube-v1,2,0,0.0,21deafa62139ffbd056b9d7aafa6d760e99a721c74497d7f22dc6135e35afd2c,2,0.006,eef_joint_1-,0.04,0.0,-0.04,0.0,0,1,,1,1,0.5,3.3671298027038574,3.3671298027038574,3.3671298027038574,1.0,0.16414763033390045,0.031266406178474426
PickCube-v1,2,5,0.13513513513513514,1ed6eeb5c5141e6745b1b996c92eb4e2ae557625c1af4b76a388d988fe7104eb,0,0.0015,object_pos_x+,0.0015,0.0015,0.0,0.0,1,1,,1,1,0.0,3.3671298027038574,0.0,0.0,0.0,0.0722273588180542,0.0312664732336998
PickCube-v1,2,5,0.13513513513513514,1ed6eeb5c5141e6745b1b996c92eb4e2ae557625c1af4b76a388d988fe7104eb,0,0.0015,object_pos_x-,0.0015,-0.0015,0.0,0.0,1,1,,1,1,0.0,3.3671298027038574,0.0,0.0,0.0,0.0722273588180542,0.0312664732336998
PickCube-v1,2,5,0.13513513513513514,1ed6eeb5c5141e6745b1b996c92eb4e2ae557625c1af4b76a388d988fe7104eb,0,0.0015,object_pos_y+,0.0015,0.0,0.0015,0.0,1,1,,1,1,0.0,3.3671298027038574,0.0,0.0,0.0,0.0722273588180542,0.0312664732336998
PickCube-v1,2,5,0.13513513513513514,1ed6eeb5c5141e6745b1b996c92eb4e2ae557625c1af4b76a388d988fe7104eb,0,0.0015,object_pos_y-,0.0015,0.0,-0.0015,0.0,1,1,,1,1,0.0,3.3671298027038574,0.0,0.0,0.0,0.0722273588180542,0.0312664732336998
PickCube-v1,2,5,0.13513513513513514,1ed6eeb5c5141e6745b1b996c92eb4e2ae557625c1af4b76a388d988fe7104eb,0,0.0015,eef_joint_1+,0.01,0.0,0.01,0.0,1,1,,1,1,0.0,3.3671298027038574,0.0,0.0,0.0,0.0722273588180542,0.0312664732336998
PickCube-v1,2,5,0.13513513513513514,1ed6eeb5c5141e6745b1b996c92eb4e2ae557625c1af4b76a388d988fe7104eb,0,0.0015,eef_joint_1-,0.01,0.0,-0.01,0.0,1,1,,1,1,0.0,3.3671298027038574,0.0,0.0,0.0,0.0722273588180542,0.0312664732336998
PickCube-v1,2,5,0.13513513513513514,1ed6eeb5c5141e6745b1b996c92eb4e2ae557625c1af4b76a388d988fe7104eb,1,0.003,object_pos_x+,0.003,0.003,0.0,0.0,1,1,,1,1,0.0,3.3671298027038574,0.0,0.0,0.0,0.0722273588180542,0.0312664732336998
PickCube-v1,2,5,0.13513513513513514,1ed6eeb5c5141e6745b1b996c92eb4e2ae557625c1af4b76a388d988fe7104eb,1,0.003,object_pos_x-,0.003,-0.003,0.0,0.0,1,1,,1,1,0.0,3.3671298027038574,0.0,0.0,0.0,0.0722273588180542,0.0312664732336998
PickCube-v1,2,5,0.13513513513513514,1ed6eeb5c5141e6745b1b996c92eb4e2ae557625c1af4b76a388d988fe7104eb,1,0.003,object_pos_y+,0.003,0.0,0.003,0.0,1,1,,1,1,0.0,3.3671298027038574,0.0,0.0,0.0,0.0722273588180542,0.0312664732336998
PickCube-v1,2,5,0.13513513513513514,1ed6eeb5c5141e6745b1b996c92eb4e2ae557625c1af4b76a388d988fe7104eb,1,0.003,object_pos_y-,0.003,0.0,-0.003,0.0,1,1,,1,1,0.0,3.3671298027038574,0.0,0.0,0.0,0.0722273588180542,0.0312664732336998
PickCube-v1,2,5,0.13513513513513514,1ed6eeb5c5141e6745b1b996c92eb4e2ae557625c1af4b76a388d988fe7104eb,1,0.003,eef_joint_1+,0.02,0.0,0.02,0.0,1,1,,1,1,0.0,3.3671298027038574,0.0,0.0,0.0,0.0722273588180542,0.0312664732336998
PickCube-v1,2,5,0.13513513513513514,1ed6eeb5c5141e6745b1b996c92eb4e2ae557625c1af4b76a388d988fe7104eb,1,0.003,eef_joint_1-,0.02,0.0,-0.02,0.0,1,1,,1,1,0.0,3.3671298027038574,0.0,0.0,0.0,0.0722273588180542,0.0312664732336998
PickCube-v1,2,5,0.13513513513513514,1ed6eeb5c5141e6745b1b996c92eb4e2ae557625c1af4b76a388d988fe7104eb,2,0.006,object_pos_x+,0.006,0.006,0.0,0.0,0,1,,1,1,0.5,3.3671298027038574,0.0,0.0,0.0,0.0722273588180542,0.0312664732336998
PickCube-v1,2,5,0.13513513513513514,1ed6eeb5c5141e6745b1b996c92eb4e2ae557625c1af4b76a388d988fe7104eb,2,0.006,object_pos_x-,0.006,-0.006,0.0,0.0,1,1,,1,1,0.5,3.3671298027038574,0.0,0.0,0.0,0.0722273588180542,0.0312664732336998
PickCube-v1,2,5,0.13513513513513514,1ed6eeb5c5141e6745b1b996c92eb4e2ae557625c1af4b76a388d988fe7104eb,2,0.006,object_pos_y+,0.006,0.0,0.006,0.0,1,1,,1,1,0.5,3.3671298027038574,0.0,0.0,0.0,0.0722273588180542,0.0312664732336998
PickCube-v1,2,5,0.13513513513513514,1ed6eeb5c5141e6745b1b996c92eb4e2ae557625c1af4b76a388d988fe7104eb,2,0.006,object_pos_y-,0.006,0.0,-0.006,0.0,1,1,,1,1,0.5,3.3671298027038574,0.0,0.0,0.0,0.0722273588180542,0.0312664732336998
PickCube-v1,2,5,0.13513513513513514,1ed6eeb5c5141e6745b1b996c92eb4e2ae557625c1af4b76a388d988fe7104eb,2,0.006,eef_joint_1+,0.04,0.0,0.04,0.0,0,1,,1,1,0.5,3.3671298027038574,0.0,0.0,0.0,0.0722273588180542,0.0312664732336998
PickCube-v1,2,5,0.13513513513513514,1ed6eeb5c5141e6745b1b996c92eb4e2ae557625c1af4b76a388d988fe7104eb,2,0.006,eef_joint_1-,0.04,0.0,-0.04,0.0,0,1,,1,1,0.5,3.3671298027038574,0.0,0.0,0.0,0.0722273588180542,0.0312664732336998
PickCube-v1,2,10,0.2702702702702703,133b4481042adbee4c4b73b60d2a41caf8db596b3b178bc377c038ba473cb779,0,0.0015,object_pos_x+,0.0015,0.0015,0.0,0.0,1,1,,1,1,0.0,3.3659861087799072,0.0,0.0,0.0,0.03185412287712097,0.03126645088195801
PickCube-v1,2,10,0.2702702702702703,133b4481042adbee4c4b73b60d2a41caf8db596b3b178bc377c038ba473cb779,0,0.0015,object_pos_x-,0.0015,-0.0015,0.0,0.0,1,1,,1,1,0.0,3.3659861087799072,0.0,0.0,0.0,0.03185412287712097,0.03126645088195801
PickCube-v1,2,10,0.2702702702702703,133b4481042adbee4c4b73b60d2a41caf8db596b3b178bc377c038ba473cb779,0,0.0015,object_pos_y+,0.0015,0.0,0.0015,0.0,1,1,,1,1,0.0,3.3659861087799072,0.0,0.0,0.0,0.03185412287712097,0.03126645088195801
PickCube-v1,2,10,0.2702702702702703,133b4481042adbee4c4b73b60d2a41caf8db596b3b178bc377c038ba473cb779,0,0.0015,object_pos_y-,0.0015,0.0,-0.0015,0.0,1,1,,1,1,0.0,3.3659861087799072,0.0,0.0,0.0,0.03185412287712097,0.03126645088195801
PickCube-v1,2,10,0.2702702702702703,133b4481042adbee4c4b73b60d2a41caf8db596b3b178bc377c038ba473cb779,0,0.0015,eef_joint_1+,0.01,0.0,0.01,0.0,1,1,,1,1,0.0,3.3659861087799072,0.0,0.0,0.0,0.03185412287712097,0.03126645088195801
PickCube-v1,2,10,0.2702702702702703,133b4481042adbee4c4b73b60d2a41caf8db596b3b178bc377c038ba473cb779,0,0.0015,eef_joint_1-,0.01,0.0,-0.01,0.0,1,1,,1,1,0.0,3.3659861087799072,0.0,0.0,0.0,0.03185412287712097,0.03126645088195801
PickCube-v1,2,10,0.2702702702702703,133b4481042adbee4c4b73b60d2a41caf8db596b3b178bc377c038ba473cb779,1,0.003,object_pos_x+,0.003,0.003,0.0,0.0,1,1,,1,1,0.0,3.3659861087799072,0.0,0.0,0.0,0.03185412287712097,0.03126645088195801
PickCube-v1,2,10,0.2702702702702703,133b4481042adbee4c4b73b60d2a41caf8db596b3b178bc377c038ba473cb779,1,0.003,object_pos_x-,0.003,-0.003,0.0,0.0,1,1,,1,1,0.0,3.3659861087799072,0.0,0.0,0.0,0.03185412287712097,0.03126645088195801
PickCube-v1,2,10,0.2702702702702703,133b4481042adbee4c4b73b60d2a41caf8db596b3b178bc377c038ba473cb779,1,0.003,object_pos_y+,0.003,0.0,0.003,0.0,1,1,,1,1,0.0,3.3659861087799072,0.0,0.0,0.0,0.03185412287712097,0.03126645088195801
PickCube-v1,2,10,0.2702702702702703,133b4481042adbee4c4b73b60d2a41caf8db596b3b178bc377c038ba473cb779,1,0.003,object_pos_y-,0.003,0.0,-0.003,0.0,1,1,,1,1,0.0,3.3659861087799072,0.0,0.0,0.0,0.03185412287712097,0.03126645088195801
PickCube-v1,2,10,0.2702702702702703,133b4481042adbee4c4b73b60d2a41caf8db596b3b178bc377c038ba473cb779,1,0.003,eef_joint_1+,0.02,0.0,0.02,0.0,1,1,,1,1,0.0,3.3659861087799072,0.0,0.0,0.0,0.03185412287712097,0.03126645088195801
PickCube-v1,2,10,0.2702702702702703,133b4481042adbee4c4b73b60d2a41caf8db596b3b178bc377c038ba473cb779,1,0.003,eef_joint_1-,0.02,0.0,-0.02,0.0,1,1,,1,1,0.0,3.3659861087799072,0.0,0.0,0.0,0.03185412287712097,0.03126645088195801
PickCube-v1,2,10,0.2702702702702703,133b4481042adbee4c4b73b60d2a41caf8db596b3b178bc377c038ba473cb779,2,0.006,object_pos_x+,0.006,0.006,0.0,0.0,0,1,,1,1,0.5,3.3659861087799072,0.0,0.0,0.0,0.03185412287712097,0.03126645088195801
PickCube-v1,2,10,0.2702702702702703,133b4481042adbee4c4b73b60d2a41caf8db596b3b178bc377c038ba473cb779,2,0.006,object_pos_x-,0.006,-0.006,0.0,0.0,1,1,,1,1,0.5,3.3659861087799072,0.0,0.0,0.0,0.03185412287712097,0.03126645088195801
PickCube-v1,2,10,0.2702702702702703,133b4481042adbee4c4b73b60d2a41caf8db596b3b178bc377c038ba473cb779,2,0.006,object_pos_y+,0.006,0.0,0.006,0.0,1,1,,1,1,0.5,3.3659861087799072,0.0,0.0,0.0,0.03185412287712097,0.03126645088195801
PickCube-v1,2,10,0.2702702702702703,133b4481042adbee4c4b73b60d2a41caf8db596b3b178bc377c038ba473cb779,2,0.006,object_pos_y-,0.006,0.0,-0.006,0.0,1,1,,1,1,0.5,3.3659861087799072,0.0,0.0,0.0,0.03185412287712097,0.03126645088195801
PickCube-v1,2,10,0.2702702702702703,133b4481042adbee4c4b73b60d2a41caf8db596b3b178bc377c038ba473cb779,2,0.006,eef_joint_1+,0.04,0.0,0.04,0.0,0,1,,1,1,0.5,3.3659861087799072,0.0,0.0,0.0,0.03185412287712097,0.03126645088195801
PickCube-v1,2,10,0.2702702702702703,133b4481042adbee4c4b73b60d2a41caf8db596b3b178bc377c038ba473cb779,2,0.006,eef_joint_1-,0.04,0.0,-0.04,0.0,0,1,,1,1,0.5,3.3659861087799072,0.0,0.0,0.0,0.03185412287712097,0.03126645088195801
PickCube-v1,2,15,0.40540540540540543,efb4da018a24370cdad52ae700302b9693fdef1d6d107a62ee0d1ff75fb8a259,0,0.0015,object_pos_x+,0.0015,0.0015,0.0,0.0,1,1,,1,1,0.0,3.3659861087799072,0.0,0.0,0.0,0.0017285175854340196,0.03126644715666771
PickCube-v1,2,15,0.40540540540540543,efb4da018a24370cdad52ae700302b9693fdef1d6d107a62ee0d1ff75fb8a259,0,0.0015,object_pos_x-,0.0015,-0.0015,0.0,0.0,1,1,,1,1,0.0,3.3659861087799072,0.0,0.0,0.0,0.0017285175854340196,0.03126644715666771
PickCube-v1,2,15,0.40540540540540543,efb4da018a24370cdad52ae700302b9693fdef1d6d107a62ee0d1ff75fb8a259,0,0.0015,object_pos_y+,0.0015,0.0,0.0015,0.0,1,1,,1,1,0.0,3.3659861087799072,0.0,0.0,0.0,0.0017285175854340196,0.03126644715666771
PickCube-v1,2,15,0.40540540540540543,efb4da018a24370cdad52ae700302b9693fdef1d6d107a62ee0d1ff75fb8a259,0,0.0015,object_pos_y-,0.0015,0.0,-0.0015,0.0,1,1,,1,1,0.0,3.3659861087799072,0.0,0.0,0.0,0.0017285175854340196,0.03126644715666771
PickCube-v1,2,15,0.40540540540540543,efb4da018a24370cdad52ae700302b9693fdef1d6d107a62ee0d1ff75fb8a259,0,0.0015,eef_joint_1+,0.01,0.0,0.01,0.0,1,1,,1,1,0.0,3.3659861087799072,0.0,0.0,0.0,0.0017285175854340196,0.03126644715666771
PickCube-v1,2,15,0.40540540540540543,efb4da018a24370cdad52ae700302b9693fdef1d6d107a62ee0d1ff75fb8a259,0,0.0015,eef_joint_1-,0.01,0.0,-0.01,0.0,1,1,,1,1,0.0,3.3659861087799072,0.0,0.0,0.0,0.0017285175854340196,0.03126644715666771
PickCube-v1,2,15,0.40540540540540543,efb4da018a24370cdad52ae700302b9693fdef1d6d107a62ee0d1ff75fb8a259,1,0.003,object_pos_x+,0.003,0.003,0.0,0.0,1,1,,1,1,0.0,3.3659861087799072,0.0,0.0,0.0,0.0017285175854340196,0.03126644715666771
PickCube-v1,2,15,0.40540540540540543,efb4da018a24370cdad52ae700302b9693fdef1d6d107a62ee0d1ff75fb8a259,1,0.003,object_pos_x-,0.003,-0.003,0.0,0.0,1,1,,1,1,0.0,3.3659861087799072,0.0,0.0,0.0,0.0017285175854340196,0.03126644715666771
PickCube-v1,2,15,0.40540540540540543,efb4da018a24370cdad52ae700302b9693fdef1d6d107a62ee0d1ff75fb8a259,1,0.003,object_pos_y+,0.003,0.0,0.003,0.0,1,1,,1,1,0.0,3.3659861087799072,0.0,0.0,0.0,0.0017285175854340196,0.03126644715666771
PickCube-v1,2,15,0.40540540540540543,efb4da018a24370cdad52ae700302b9693fdef1d6d107a62ee0d1ff75fb8a259,1,0.003,object_pos_y-,0.003,0.0,-0.003,0.0,1,1,,1,1,0.0,3.3659861087799072,0.0,0.0,0.0,0.0017285175854340196,0.03126644715666771
PickCube-v1,2,15,0.40540540540540543,efb4da018a24370cdad52ae700302b9693fdef1d6d107a62ee0d1ff75fb8a259,1,0.003,eef_joint_1+,0.02,0.0,0.02,0.0,1,1,,1,1,0.0,3.3659861087799072,0.0,0.0,0.0,0.0017285175854340196,0.03126644715666771
PickCube-v1,2,15,0.40540540540540543,efb4da018a24370cdad52ae700302b9693fdef1d6d107a62ee0d1ff75fb8a259,1,0.003,eef_joint_1-,0.02,0.0,-0.02,0.0,1,1,,1,1,0.0,3.3659861087799072,0.0,0.0,0.0,0.0017285175854340196,0.03126644715666771
PickCube-v1,2,15,0.40540540540540543,efb4da018a24370cdad52ae700302b9693fdef1d6d107a62ee0d1ff75fb8a259,2,0.006,object_pos_x+,0.006,0.006,0.0,0.0,1,1,,1,1,0.16666666666666663,3.3659861087799072,0.0,0.0,0.0,0.0017285175854340196,0.03126644715666771
PickCube-v1,2,15,0.40540540540540543,efb4da018a24370cdad52ae700302b9693fdef1d6d107a62ee0d1ff75fb8a259,2,0.006,object_pos_x-,0.006,-0.006,0.0,0.0,1,1,,1,1,0.16666666666666663,3.3659861087799072,0.0,0.0,0.0,0.0017285175854340196,0.03126644715666771
PickCube-v1,2,15,0.40540540540540543,efb4da018a24370cdad52ae700302b9693fdef1d6d107a62ee0d1ff75fb8a259,2,0.006,object_pos_y+,0.006,0.0,0.006,0.0,1,1,,1,1,0.16666666666666663,3.3659861087799072,0.0,0.0,0.0,0.0017285175854340196,0.03126644715666771
PickCube-v1,2,15,0.40540540540540543,efb4da018a24370cdad52ae700302b9693fdef1d6d107a62ee0d1ff75fb8a259,2,0.006,object_pos_y-,0.006,0.0,-0.006,0.0,1,1,,1,1,0.16666666666666663,3.3659861087799072,0.0,0.0,0.0,0.0017285175854340196,0.03126644715666771
PickCube-v1,2,15,0.40540540540540543,efb4da018a24370cdad52ae700302b9693fdef1d6d107a62ee0d1ff75fb8a259,2,0.006,eef_joint_1+,0.04,0.0,0.04,0.0,1,1,,1,1,0.16666666666666663,3.3659861087799072,0.0,0.0,0.0,0.0017285175854340196,0.03126644715666771
PickCube-v1,2,15,0.40540540540540543,efb4da018a24370cdad52ae700302b9693fdef1d6d107a62ee0d1ff75fb8a259,2,0.006,eef_joint_1-,0.04,0.0,-0.04,0.0,0,1,,1,1,0.16666666666666663,3.3659861087799072,0.0,0.0,0.0,0.0017285175854340196,0.03126644715666771
PickCube-v1,2,20,0.5405405405405406,d232fa093e162c82bc532d17470ef2fbff32e1e2fcc8145b52e4fa1e742b433c,0,0.0015,object_pos_x+,0.0015,0.0015,0.0,0.0,1,1,,1,1,0.0,3.3659861087799072,0.0,0.0,0.0,0.0006109150126576424,0.03064175508916378
PickCube-v1,2,20,0.5405405405405406,d232fa093e162c82bc532d17470ef2fbff32e1e2fcc8145b52e4fa1e742b433c,0,0.0015,object_pos_x-,0.0015,-0.0015,0.0,0.0,1,1,,1,1,0.0,3.3659861087799072,0.0,0.0,0.0,0.0006109150126576424,0.03064175508916378
PickCube-v1,2,20,0.5405405405405406,d232fa093e162c82bc532d17470ef2fbff32e1e2fcc8145b52e4fa1e742b433c,0,0.0015,object_pos_y+,0.0015,0.0,0.0015,0.0,1,1,,1,1,0.0,3.3659861087799072,0.0,0.0,0.0,0.0006109150126576424,0.03064175508916378
PickCube-v1,2,20,0.5405405405405406,d232fa093e162c82bc532d17470ef2fbff32e1e2fcc8145b52e4fa1e742b433c,0,0.0015,object_pos_y-,0.0015,0.0,-0.0015,0.0,1,1,,1,1,0.0,3.3659861087799072,0.0,0.0,0.0,0.0006109150126576424,0.03064175508916378
PickCube-v1,2,20,0.5405405405405406,d232fa093e162c82bc532d17470ef2fbff32e1e2fcc8145b52e4fa1e742b433c,0,0.0015,eef_joint_1+,0.01,0.0,0.01,0.0,1,1,,1,1,0.0,3.3659861087799072,0.0,0.0,0.0,0.0006109150126576424,0.03064175508916378
PickCube-v1,2,20,0.5405405405405406,d232fa093e162c82bc532d17470ef2fbff32e1e2fcc8145b52e4fa1e742b433c,0,0.0015,eef_joint_1-,0.01,0.0,-0.01,0.0,1,1,,1,1,0.0,3.3659861087799072,0.0,0.0,0.0,0.0006109150126576424,0.03064175508916378
PickCube-v1,2,20,0.5405405405405406,d232fa093e162c82bc532d17470ef2fbff32e1e2fcc8145b52e4fa1e742b433c,1,0.003,object_pos_x+,0.003,0.003,0.0,0.0,1,1,,1,1,0.0,3.3659861087799072,0.0,0.0,0.0,0.0006109150126576424,0.03064175508916378
PickCube-v1,2,20,0.5405405405405406,d232fa093e162c82bc532d17470ef2fbff32e1e2fcc8145b52e4fa1e742b433c,1,0.003,object_pos_x-,0.003,-0.003,0.0,0.0,1,1,,1,1,0.0,3.3659861087799072,0.0,0.0,0.0,0.0006109150126576424,0.03064175508916378
PickCube-v1,2,20,0.5405405405405406,d232fa093e162c82bc532d17470ef2fbff32e1e2fcc8145b52e4fa1e742b433c,1,0.003,object_pos_y+,0.003,0.0,0.003,0.0,1,1,,1,1,0.0,3.3659861087799072,0.0,0.0,0.0,0.0006109150126576424,0.03064175508916378
PickCube-v1,2,20,0.5405405405405406,d232fa093e162c82bc532d17470ef2fbff32e1e2fcc8145b52e4fa1e742b433c,1,0.003,object_pos_y-,0.003,0.0,-0.003,0.0,1,1,,1,1,0.0,3.3659861087799072,0.0,0.0,0.0,0.0006109150126576424,0.03064175508916378
PickCube-v1,2,20,0.5405405405405406,d232fa093e162c82bc532d17470ef2fbff32e1e2fcc8145b52e4fa1e742b433c,1,0.003,eef_joint_1+,0.02,0.0,0.02,0.0,1,1,,1,1,0.0,3.3659861087799072,0.0,0.0,0.0,0.0006109150126576424,0.03064175508916378
PickCube-v1,2,20,0.5405405405405406,d232fa093e162c82bc532d17470ef2fbff32e1e2fcc8145b52e4fa1e742b433c,1,0.003,eef_joint_1-,0.02,0.0,-0.02,0.0,1,1,,1,1,0.0,3.3659861087799072,0.0,0.0,0.0,0.0006109150126576424,0.03064175508916378
PickCube-v1,2,20,0.5405405405405406,d232fa093e162c82bc532d17470ef2fbff32e1e2fcc8145b52e4fa1e742b433c,2,0.006,object_pos_x+,0.006,0.006,0.0,0.0,1,1,,1,1,0.33333333333333337,3.3659861087799072,0.0,0.0,0.0,0.0006109150126576424,0.03064175508916378
PickCube-v1,2,20,0.5405405405405406,d232fa093e162c82bc532d17470ef2fbff32e1e2fcc8145b52e4fa1e742b433c,2,0.006,object_pos_x-,0.006,-0.006,0.0,0.0,1,1,,1,1,0.33333333333333337,3.3659861087799072,0.0,0.0,0.0,0.0006109150126576424,0.03064175508916378
PickCube-v1,2,20,0.5405405405405406,d232fa093e162c82bc532d17470ef2fbff32e1e2fcc8145b52e4fa1e742b433c,2,0.006,object_pos_y+,0.006,0.0,0.006,0.0,1,1,,1,1,0.33333333333333337,3.3659861087799072,0.0,0.0,0.0,0.0006109150126576424,0.03064175508916378
PickCube-v1,2,20,0.5405405405405406,d232fa093e162c82bc532d17470ef2fbff32e1e2fcc8145b52e4fa1e742b433c,2,0.006,object_pos_y-,0.006,0.0,-0.006,0.0,1,1,,1,1,0.33333333333333337,3.3659861087799072,0.0,0.0,0.0,0.0006109150126576424,0.03064175508916378
PickCube-v1,2,20,0.5405405405405406,d232fa093e162c82bc532d17470ef2fbff32e1e2fcc8145b52e4fa1e742b433c,2,0.006,eef_joint_1+,0.04,0.0,0.04,0.0,0,1,,1,1,0.33333333333333337,3.3659861087799072,0.0,0.0,0.0,0.0006109150126576424,0.03064175508916378
PickCube-v1,2,20,0.5405405405405406,d232fa093e162c82bc532d17470ef2fbff32e1e2fcc8145b52e4fa1e742b433c,2,0.006,eef_joint_1-,0.04,0.0,-0.04,0.0,0,1,,1,1,0.33333333333333337,3.3659861087799072,0.0,0.0,0.0,0.0006109150126576424,0.03064175508916378
PickCube-v1,2,25,0.6756756756756757,4637503931be178b0d623f3538efe8ba13f375c9d152c7e66a60ac62e0507a95,0,0.0015,object_pos_x+,0.0015,0.0015,0.0,0.0,1,1,,1,1,0.0,3.37186336517334,0.0,0.18000003695487976,0.0,0.0005830065929330885,0.02101150155067444
PickCube-v1,2,25,0.6756756756756757,4637503931be178b0d623f3538efe8ba13f375c9d152c7e66a60ac62e0507a95,0,0.0015,object_pos_x-,0.0015,-0.0015,0.0,0.0,1,1,,1,1,0.0,3.37186336517334,0.0,0.18000003695487976,0.0,0.0005830065929330885,0.02101150155067444
PickCube-v1,2,25,0.6756756756756757,4637503931be178b0d623f3538efe8ba13f375c9d152c7e66a60ac62e0507a95,0,0.0015,object_pos_y+,0.0015,0.0,0.0015,0.0,1,1,,1,1,0.0,3.37186336517334,0.0,0.18000003695487976,0.0,0.0005830065929330885,0.02101150155067444
PickCube-v1,2,25,0.6756756756756757,4637503931be178b0d623f3538efe8ba13f375c9d152c7e66a60ac62e0507a95,0,0.0015,object_pos_y-,0.0015,0.0,-0.0015,0.0,1,1,,1,1,0.0,3.37186336517334,0.0,0.18000003695487976,0.0,0.0005830065929330885,0.02101150155067444
PickCube-v1,2,25,0.6756756756756757,4637503931be178b0d623f3538efe8ba13f375c9d152c7e66a60ac62e0507a95,0,0.0015,eef_joint_1+,0.01,0.0,0.01,0.0,1,1,,1,1,0.0,3.37186336517334,0.0,0.18000003695487976,0.0,0.0005830065929330885,0.02101150155067444
PickCube-v1,2,25,0.6756756756756757,4637503931be178b0d623f3538efe8ba13f375c9d152c7e66a60ac62e0507a95,0,0.0015,eef_joint_1-,0.01,0.0,-0.01,0.0,1,1,,1,1,0.0,3.37186336517334,0.0,0.18000003695487976,0.0,0.0005830065929330885,0.02101150155067444
PickCube-v1,2,25,0.6756756756756757,4637503931be178b0d623f3538efe8ba13f375c9d152c7e66a60ac62e0507a95,1,0.003,object_pos_x+,0.003,0.003,0.0,0.0,1,1,,1,1,0.0,3.37186336517334,0.0,0.18000003695487976,0.0,0.0005830065929330885,0.02101150155067444
PickCube-v1,2,25,0.6756756756756757,4637503931be178b0d623f3538efe8ba13f375c9d152c7e66a60ac62e0507a95,1,0.003,object_pos_x-,0.003,-0.003,0.0,0.0,1,1,,1,1,0.0,3.37186336517334,0.0,0.18000003695487976,0.0,0.0005830065929330885,0.02101150155067444
PickCube-v1,2,25,0.6756756756756757,4637503931be178b0d623f3538efe8ba13f375c9d152c7e66a60ac62e0507a95,1,0.003,object_pos_y+,0.003,0.0,0.003,0.0,1,1,,1,1,0.0,3.37186336517334,0.0,0.18000003695487976,0.0,0.0005830065929330885,0.02101150155067444
PickCube-v1,2,25,0.6756756756756757,4637503931be178b0d623f3538efe8ba13f375c9d152c7e66a60ac62e0507a95,1,0.003,object_pos_y-,0.003,0.0,-0.003,0.0,1,1,,1,1,0.0,3.37186336517334,0.0,0.18000003695487976,0.0,0.0005830065929330885,0.02101150155067444
PickCube-v1,2,25,0.6756756756756757,4637503931be178b0d623f3538efe8ba13f375c9d152c7e66a60ac62e0507a95,1,0.003,eef_joint_1+,0.02,0.0,0.02,0.0,1,1,,1,1,0.0,3.37186336517334,0.0,0.18000003695487976,0.0,0.0005830065929330885,0.02101150155067444
PickCube-v1,2,25,0.6756756756756757,4637503931be178b0d623f3538efe8ba13f375c9d152c7e66a60ac62e0507a95,1,0.003,eef_joint_1-,0.02,0.0,-0.02,0.0,1,1,,1,1,0.0,3.37186336517334,0.0,0.18000003695487976,0.0,0.0005830065929330885,0.02101150155067444
PickCube-v1,2,25,0.6756756756756757,4637503931be178b0d623f3538efe8ba13f375c9d152c7e66a60ac62e0507a95,2,0.006,object_pos_x+,0.006,0.006,0.0,0.0,1,1,,1,1,0.33333333333333337,3.37186336517334,0.0,0.18000003695487976,0.0,0.0005830065929330885,0.02101150155067444
PickCube-v1,2,25,0.6756756756756757,4637503931be178b0d623f3538efe8ba13f375c9d152c7e66a60ac62e0507a95,2,0.006,object_pos_x-,0.006,-0.006,0.0,0.0,1,1,,1,1,0.33333333333333337,3.37186336517334,0.0,0.18000003695487976,0.0,0.0005830065929330885,0.02101150155067444
PickCube-v1,2,25,0.6756756756756757,4637503931be178b0d623f3538efe8ba13f375c9d152c7e66a60ac62e0507a95,2,0.006,object_pos_y+,0.006,0.0,0.006,0.0,1,1,,1,1,0.33333333333333337,3.37186336517334,0.0,0.18000003695487976,0.0,0.0005830065929330885,0.02101150155067444
PickCube-v1,2,25,0.6756756756756757,4637503931be178b0d623f3538efe8ba13f375c9d152c7e66a60ac62e0507a95,2,0.006,object_pos_y-,0.006,0.0,-0.006,0.0,1,1,,1,1,0.33333333333333337,3.37186336517334,0.0,0.18000003695487976,0.0,0.0005830065929330885,0.02101150155067444
PickCube-v1,2,25,0.6756756756756757,4637503931be178b0d623f3538efe8ba13f375c9d152c7e66a60ac62e0507a95,2,0.006,eef_joint_1+,0.04,0.0,0.04,0.0,0,1,,1,1,0.33333333333333337,3.37186336517334,0.0,0.18000003695487976,0.0,0.0005830065929330885,0.02101150155067444
PickCube-v1,2,25,0.6756756756756757,4637503931be178b0d623f3538efe8ba13f375c9d152c7e66a60ac62e0507a95,2,0.006,eef_joint_1-,0.04,0.0,-0.04,0.0,0,1,,1,1,0.33333333333333337,3.37186336517334,0.0,0.18000003695487976,0.0,0.0005830065929330885,0.02101150155067444
PickCube-v1,2,30,0.8108108108108109,76369c74f14f770026980e1af3c9d1f81f9b0d6cfcf31d257ceb07f5a9b950a7,0,0.0015,object_pos_x+,0.0015,0.0015,0.0,0.0,1,1,,1,1,0.0,3.37186336517334,0.0,0.0,0.0,0.0006026191986165941,0.152732715010643
PickCube-v1,2,30,0.8108108108108109,76369c74f14f770026980e1af3c9d1f81f9b0d6cfcf31d257ceb07f5a9b950a7,0,0.0015,object_pos_x-,0.0015,-0.0015,0.0,0.0,1,1,,1,1,0.0,3.37186336517334,0.0,0.0,0.0,0.0006026191986165941,0.152732715010643
PickCube-v1,2,30,0.8108108108108109,76369c74f14f770026980e1af3c9d1f81f9b0d6cfcf31d257ceb07f5a9b950a7,0,0.0015,object_pos_y+,0.0015,0.0,0.0015,0.0,1,1,,1,1,0.0,3.37186336517334,0.0,0.0,0.0,0.0006026191986165941,0.152732715010643
PickCube-v1,2,30,0.8108108108108109,76369c74f14f770026980e1af3c9d1f81f9b0d6cfcf31d257ceb07f5a9b950a7,0,0.0015,object_pos_y-,0.0015,0.0,-0.0015,0.0,1,1,,1,1,0.0,3.37186336517334,0.0,0.0,0.0,0.0006026191986165941,0.152732715010643
PickCube-v1,2,30,0.8108108108108109,76369c74f14f770026980e1af3c9d1f81f9b0d6cfcf31d257ceb07f5a9b950a7,0,0.0015,eef_joint_1+,0.01,0.0,0.01,0.0,1,1,,1,1,0.0,3.37186336517334,0.0,0.0,0.0,0.0006026191986165941,0.152732715010643
PickCube-v1,2,30,0.8108108108108109,76369c74f14f770026980e1af3c9d1f81f9b0d6cfcf31d257ceb07f5a9b950a7,0,0.0015,eef_joint_1-,0.01,0.0,-0.01,0.0,1,1,,1,1,0.0,3.37186336517334,0.0,0.0,0.0,0.0006026191986165941,0.152732715010643
PickCube-v1,2,30,0.8108108108108109,76369c74f14f770026980e1af3c9d1f81f9b0d6cfcf31d257ceb07f5a9b950a7,1,0.003,object_pos_x+,0.003,0.003,0.0,0.0,1,1,,1,1,0.0,3.37186336517334,0.0,0.0,0.0,0.0006026191986165941,0.152732715010643
PickCube-v1,2,30,0.8108108108108109,76369c74f14f770026980e1af3c9d1f81f9b0d6cfcf31d257ceb07f5a9b950a7,1,0.003,object_pos_x-,0.003,-0.003,0.0,0.0,1,1,,1,1,0.0,3.37186336517334,0.0,0.0,0.0,0.0006026191986165941,0.152732715010643
PickCube-v1,2,30,0.8108108108108109,76369c74f14f770026980e1af3c9d1f81f9b0d6cfcf31d257ceb07f5a9b950a7,1,0.003,object_pos_y+,0.003,0.0,0.003,0.0,1,1,,1,1,0.0,3.37186336517334,0.0,0.0,0.0,0.0006026191986165941,0.152732715010643
PickCube-v1,2,30,0.8108108108108109,76369c74f14f770026980e1af3c9d1f81f9b0d6cfcf31d257ceb07f5a9b950a7,1,0.003,object_pos_y-,0.003,0.0,-0.003,0.0,1,1,,1,1,0.0,3.37186336517334,0.0,0.0,0.0,0.0006026191986165941,0.152732715010643
PickCube-v1,2,30,0.8108108108108109,76369c74f14f770026980e1af3c9d1f81f9b0d6cfcf31d257ceb07f5a9b950a7,1,0.003,eef_joint_1+,0.02,0.0,0.02,0.0,1,1,,1,1,0.0,3.37186336517334,0.0,0.0,0.0,0.0006026191986165941,0.152732715010643
PickCube-v1,2,30,0.8108108108108109,76369c74f14f770026980e1af3c9d1f81f9b0d6cfcf31d257ceb07f5a9b950a7,1,0.003,eef_joint_1-,0.02,0.0,-0.02,0.0,1,1,,1,1,0.0,3.37186336517334,0.0,0.0,0.0,0.0006026191986165941,0.152732715010643
PickCube-v1,2,30,0.8108108108108109,76369c74f14f770026980e1af3c9d1f81f9b0d6cfcf31d257ceb07f5a9b950a7,2,0.006,object_pos_x+,0.006,0.006,0.0,0.0,1,1,,1,1,0.33333333333333337,3.37186336517334,0.0,0.0,0.0,0.0006026191986165941,0.152732715010643
PickCube-v1,2,30,0.8108108108108109,76369c74f14f770026980e1af3c9d1f81f9b0d6cfcf31d257ceb07f5a9b950a7,2,0.006,object_pos_x-,0.006,-0.006,0.0,0.0,1,1,,1,1,0.33333333333333337,3.37186336517334,0.0,0.0,0.0,0.0006026191986165941,0.152732715010643
PickCube-v1,2,30,0.8108108108108109,76369c74f14f770026980e1af3c9d1f81f9b0d6cfcf31d257ceb07f5a9b950a7,2,0.006,object_pos_y+,0.006,0.0,0.006,0.0,1,1,,1,1,0.33333333333333337,3.37186336517334,0.0,0.0,0.0,0.0006026191986165941,0.152732715010643
PickCube-v1,2,30,0.8108108108108109,76369c74f14f770026980e1af3c9d1f81f9b0d6cfcf31d257ceb07f5a9b950a7,2,0.006,object_pos_y-,0.006,0.0,-0.006,0.0,1,1,,1,1,0.33333333333333337,3.37186336517334,0.0,0.0,0.0,0.0006026191986165941,0.152732715010643
PickCube-v1,2,30,0.8108108108108109,76369c74f14f770026980e1af3c9d1f81f9b0d6cfcf31d257ceb07f5a9b950a7,2,0.006,eef_joint_1+,0.04,0.0,0.04,0.0,0,1,,1,1,0.33333333333333337,3.37186336517334,0.0,0.0,0.0,0.0006026191986165941,0.152732715010643
PickCube-v1,2,30,0.8108108108108109,76369c74f14f770026980e1af3c9d1f81f9b0d6cfcf31d257ceb07f5a9b950a7,2,0.006,eef_joint_1-,0.04,0.0,-0.04,0.0,0,1,,1,1,0.33333333333333337,3.37186336517334,0.0,0.0,0.0,0.0006026191986165941,0.152732715010643
PickCube-v1,2,35,0.9459459459459459,d81126830f4e3b9d90950bbff570159cdceee884ace7480127961768d9260f5c,0,0.0015,object_pos_x+,0.0015,0.0015,0.0,0.0,1,1,,1,1,0.0,3.366379737854004,0.0,0.0,0.0,0.0006048762588761747,0.037204544991254807
PickCube-v1,2,35,0.9459459459459459,d81126830f4e3b9d90950bbff570159cdceee884ace7480127961768d9260f5c,0,0.0015,object_pos_x-,0.0015,-0.0015,0.0,0.0,1,1,,1,1,0.0,3.366379737854004,0.0,0.0,0.0,0.0006048762588761747,0.037204544991254807
PickCube-v1,2,35,0.9459459459459459,d81126830f4e3b9d90950bbff570159cdceee884ace7480127961768d9260f5c,0,0.0015,object_pos_y+,0.0015,0.0,0.0015,0.0,1,1,,1,1,0.0,3.366379737854004,0.0,0.0,0.0,0.0006048762588761747,0.037204544991254807
PickCube-v1,2,35,0.9459459459459459,d81126830f4e3b9d90950bbff570159cdceee884ace7480127961768d9260f5c,0,0.0015,object_pos_y-,0.0015,0.0,-0.0015,0.0,1,1,,1,1,0.0,3.366379737854004,0.0,0.0,0.0,0.0006048762588761747,0.037204544991254807
PickCube-v1,2,35,0.9459459459459459,d81126830f4e3b9d90950bbff570159cdceee884ace7480127961768d9260f5c,0,0.0015,eef_joint_1+,0.01,0.0,0.01,0.0,1,1,,1,1,0.0,3.366379737854004,0.0,0.0,0.0,0.0006048762588761747,0.037204544991254807
PickCube-v1,2,35,0.9459459459459459,d81126830f4e3b9d90950bbff570159cdceee884ace7480127961768d9260f5c,0,0.0015,eef_joint_1-,0.01,0.0,-0.01,0.0,1,1,,1,1,0.0,3.366379737854004,0.0,0.0,0.0,0.0006048762588761747,0.037204544991254807
PickCube-v1,2,35,0.9459459459459459,d81126830f4e3b9d90950bbff570159cdceee884ace7480127961768d9260f5c,1,0.003,object_pos_x+,0.003,0.003,0.0,0.0,1,1,,1,1,0.0,3.366379737854004,0.0,0.0,0.0,0.0006048762588761747,0.037204544991254807
PickCube-v1,2,35,0.9459459459459459,d81126830f4e3b9d90950bbff570159cdceee884ace7480127961768d9260f5c,1,0.003,object_pos_x-,0.003,-0.003,0.0,0.0,1,1,,1,1,0.0,3.366379737854004,0.0,0.0,0.0,0.0006048762588761747,0.037204544991254807
PickCube-v1,2,35,0.9459459459459459,d81126830f4e3b9d90950bbff570159cdceee884ace7480127961768d9260f5c,1,0.003,object_pos_y+,0.003,0.0,0.003,0.0,1,1,,1,1,0.0,3.366379737854004,0.0,0.0,0.0,0.0006048762588761747,0.037204544991254807
PickCube-v1,2,35,0.9459459459459459,d81126830f4e3b9d90950bbff570159cdceee884ace7480127961768d9260f5c,1,0.003,object_pos_y-,0.003,0.0,-0.003,0.0,1,1,,1,1,0.0,3.366379737854004,0.0,0.0,0.0,0.0006048762588761747,0.037204544991254807
PickCube-v1,2,35,0.9459459459459459,d81126830f4e3b9d90950bbff570159cdceee884ace7480127961768d9260f5c,1,0.003,eef_joint_1+,0.02,0.0,0.02,0.0,1,1,,1,1,0.0,3.366379737854004,0.0,0.0,0.0,0.0006048762588761747,0.037204544991254807
PickCube-v1,2,35,0.9459459459459459,d81126830f4e3b9d90950bbff570159cdceee884ace7480127961768d9260f5c,1,0.003,eef_joint_1-,0.02,0.0,-0.02,0.0,1,1,,1,1,0.0,3.366379737854004,0.0,0.0,0.0,0.0006048762588761747,0.037204544991254807
PickCube-v1,2,35,0.9459459459459459,d81126830f4e3b9d90950bbff570159cdceee884ace7480127961768d9260f5c,2,0.006,object_pos_x+,0.006,0.006,0.0,0.0,1,1,,1,1,0.33333333333333337,3.366379737854004,0.0,0.0,0.0,0.0006048762588761747,0.037204544991254807
PickCube-v1,2,35,0.9459459459459459,d81126830f4e3b9d90950bbff570159cdceee884ace7480127961768d9260f5c,2,0.006,object_pos_x-,0.006,-0.006,0.0,0.0,1,1,,1,1,0.33333333333333337,3.366379737854004,0.0,0.0,0.0,0.0006048762588761747,0.037204544991254807
PickCube-v1,2,35,0.9459459459459459,d81126830f4e3b9d90950bbff570159cdceee884ace7480127961768d9260f5c,2,0.006,object_pos_y+,0.006,0.0,0.006,0.0,1,1,,1,1,0.33333333333333337,3.366379737854004,0.0,0.0,0.0,0.0006048762588761747,0.037204544991254807
PickCube-v1,2,35,0.9459459459459459,d81126830f4e3b9d90950bbff570159cdceee884ace7480127961768d9260f5c,2,0.006,object_pos_y-,0.006,0.0,-0.006,0.0,1,1,,1,1,0.33333333333333337,3.366379737854004,0.0,0.0,0.0,0.0006048762588761747,0.037204544991254807
PickCube-v1,2,35,0.9459459459459459,d81126830f4e3b9d90950bbff570159cdceee884ace7480127961768d9260f5c,2,0.006,eef_joint_1+,0.04,0.0,0.04,0.0,0,1,,1,1,0.33333333333333337,3.366379737854004,0.0,0.0,0.0,0.0006048762588761747,0.037204544991254807
PickCube-v1,2,35,0.9459459459459459,d81126830f4e3b9d90950bbff570159cdceee884ace7480127961768d9260f5c,2,0.006,eef_joint_1-,0.04,0.0,-0.04,0.0,0,1,,1,1,0.33333333333333337,3.366379737854004,0.0,0.0,0.0,0.0006048762588761747,0.037204544991254807
PickCube-v1,3,0,0.0,abfec3db42a3a632f5a5e03d2c547ea0b602f4f567378fe6ee00983e0818861d,0,0.0015,object_pos_x+,0.0015,0.0015,0.0,0.0,1,1,,1,1,0.0,3.343926191329956,3.343926191329956,3.343926191329956,1.0,0.1818988025188446,0.26011693477630615
PickCube-v1,3,0,0.0,abfec3db42a3a632f5a5e03d2c547ea0b602f4f567378fe6ee00983e0818861d,0,0.0015,object_pos_x-,0.0015,-0.0015,0.0,0.0,1,1,,1,1,0.0,3.343926191329956,3.343926191329956,3.343926191329956,1.0,0.1818988025188446,0.26011693477630615
PickCube-v1,3,0,0.0,abfec3db42a3a632f5a5e03d2c547ea0b602f4f567378fe6ee00983e0818861d,0,0.0015,object_pos_y+,0.0015,0.0,0.0015,0.0,1,1,,1,1,0.0,3.343926191329956,3.343926191329956,3.343926191329956,1.0,0.1818988025188446,0.26011693477630615
PickCube-v1,3,0,0.0,abfec3db42a3a632f5a5e03d2c547ea0b602f4f567378fe6ee00983e0818861d,0,0.0015,object_pos_y-,0.0015,0.0,-0.0015,0.0,1,1,,1,1,0.0,3.343926191329956,3.343926191329956,3.343926191329956,1.0,0.1818988025188446,0.26011693477630615
PickCube-v1,3,0,0.0,abfec3db42a3a632f5a5e03d2c547ea0b602f4f567378fe6ee00983e0818861d,0,0.0015,eef_joint_1+,0.01,0.0,0.01,0.0,1,1,,1,1,0.0,3.343926191329956,3.343926191329956,3.343926191329956,1.0,0.1818988025188446,0.26011693477630615
PickCube-v1,3,0,0.0,abfec3db42a3a632f5a5e03d2c547ea0b602f4f567378fe6ee00983e0818861d,0,0.0015,eef_joint_1-,0.01,0.0,-0.01,0.0,1,1,,1,1,0.0,3.343926191329956,3.343926191329956,3.343926191329956,1.0,0.1818988025188446,0.26011693477630615
PickCube-v1,3,0,0.0,abfec3db42a3a632f5a5e03d2c547ea0b602f4f567378fe6ee00983e0818861d,1,0.003,object_pos_x+,0.003,0.003,0.0,0.0,1,1,,1,1,0.33333333333333337,3.343926191329956,3.343926191329956,3.343926191329956,1.0,0.1818988025188446,0.26011693477630615
PickCube-v1,3,0,0.0,abfec3db42a3a632f5a5e03d2c547ea0b602f4f567378fe6ee00983e0818861d,1,0.003,object_pos_x-,0.003,-0.003,0.0,0.0,1,1,,1,1,0.33333333333333337,3.343926191329956,3.343926191329956,3.343926191329956,1.0,0.1818988025188446,0.26011693477630615
PickCube-v1,3,0,0.0,abfec3db42a3a632f5a5e03d2c547ea0b602f4f567378fe6ee00983e0818861d,1,0.003,object_pos_y+,0.003,0.0,0.003,0.0,1,1,,1,1,0.33333333333333337,3.343926191329956,3.343926191329956,3.343926191329956,1.0,0.1818988025188446,0.26011693477630615
PickCube-v1,3,0,0.0,abfec3db42a3a632f5a5e03d2c547ea0b602f4f567378fe6ee00983e0818861d,1,0.003,object_pos_y-,0.003,0.0,-0.003,0.0,1,1,,1,1,0.33333333333333337,3.343926191329956,3.343926191329956,3.343926191329956,1.0,0.1818988025188446,0.26011693477630615
PickCube-v1,3,0,0.0,abfec3db42a3a632f5a5e03d2c547ea0b602f4f567378fe6ee00983e0818861d,1,0.003,eef_joint_1+,0.02,0.0,0.02,0.0,0,1,,1,1,0.33333333333333337,3.343926191329956,3.343926191329956,3.343926191329956,1.0,0.1818988025188446,0.26011693477630615
PickCube-v1,3,0,0.0,abfec3db42a3a632f5a5e03d2c547ea0b602f4f567378fe6ee00983e0818861d,1,0.003,eef_joint_1-,0.02,0.0,-0.02,0.0,0,1,,1,1,0.33333333333333337,3.343926191329956,3.343926191329956,3.343926191329956,1.0,0.1818988025188446,0.26011693477630615
PickCube-v1,3,0,0.0,abfec3db42a3a632f5a5e03d2c547ea0b602f4f567378fe6ee00983e0818861d,2,0.006,object_pos_x+,0.006,0.006,0.0,0.0,1,1,,1,1,0.33333333333333337,3.343926191329956,3.343926191329956,3.343926191329956,1.0,0.1818988025188446,0.26011693477630615
PickCube-v1,3,0,0.0,abfec3db42a3a632f5a5e03d2c547ea0b602f4f567378fe6ee00983e0818861d,2,0.006,object_pos_x-,0.006,-0.006,0.0,0.0,1,1,,1,1,0.33333333333333337,3.343926191329956,3.343926191329956,3.343926191329956,1.0,0.1818988025188446,0.26011693477630615
PickCube-v1,3,0,0.0,abfec3db42a3a632f5a5e03d2c547ea0b602f4f567378fe6ee00983e0818861d,2,0.006,object_pos_y+,0.006,0.0,0.006,0.0,1,1,,1,1,0.33333333333333337,3.343926191329956,3.343926191329956,3.343926191329956,1.0,0.1818988025188446,0.26011693477630615
PickCube-v1,3,0,0.0,abfec3db42a3a632f5a5e03d2c547ea0b602f4f567378fe6ee00983e0818861d,2,0.006,object_pos_y-,0.006,0.0,-0.006,0.0,1,1,,1,1,0.33333333333333337,3.343926191329956,3.343926191329956,3.343926191329956,1.0,0.1818988025188446,0.26011693477630615
PickCube-v1,3,0,0.0,abfec3db42a3a632f5a5e03d2c547ea0b602f4f567378fe6ee00983e0818861d,2,0.006,eef_joint_1+,0.04,0.0,0.04,0.0,0,1,,1,1,0.33333333333333337,3.343926191329956,3.343926191329956,3.343926191329956,1.0,0.1818988025188446,0.26011693477630615
PickCube-v1,3,0,0.0,abfec3db42a3a632f5a5e03d2c547ea0b602f4f567378fe6ee00983e0818861d,2,0.006,eef_joint_1-,0.04,0.0,-0.04,0.0,0,1,,1,1,0.33333333333333337,3.343926191329956,3.343926191329956,3.343926191329956,1.0,0.1818988025188446,0.26011693477630615
PickCube-v1,3,5,0.1388888888888889,4fa1792ec472e1f057e463d20897744dbda49a271ec08eec32a517be375f59cc,0,0.0015,object_pos_x+,0.0015,0.0015,0.0,0.0,1,1,,1,1,0.0,3.343926191329956,0.0,0.0,0.0,0.07172738760709763,0.2601165771484375
PickCube-v1,3,5,0.1388888888888889,4fa1792ec472e1f057e463d20897744dbda49a271ec08eec32a517be375f59cc,0,0.0015,object_pos_x-,0.0015,-0.0015,0.0,0.0,1,1,,1,1,0.0,3.343926191329956,0.0,0.0,0.0,0.07172738760709763,0.2601165771484375
PickCube-v1,3,5,0.1388888888888889,4fa1792ec472e1f057e463d20897744dbda49a271ec08eec32a517be375f59cc,0,0.0015,object_pos_y+,0.0015,0.0,0.0015,0.0,1,1,,1,1,0.0,3.343926191329956,0.0,0.0,0.0,0.07172738760709763,0.2601165771484375
PickCube-v1,3,5,0.1388888888888889,4fa1792ec472e1f057e463d20897744dbda49a271ec08eec32a517be375f59cc,0,0.0015,object_pos_y-,0.0015,0.0,-0.0015,0.0,1,1,,1,1,0.0,3.343926191329956,0.0,0.0,0.0,0.07172738760709763,0.2601165771484375
PickCube-v1,3,5,0.1388888888888889,4fa1792ec472e1f057e463d20897744dbda49a271ec08eec32a517be375f59cc,0,0.0015,eef_joint_1+,0.01,0.0,0.01,0.0,1,1,,1,1,0.0,3.343926191329956,0.0,0.0,0.0,0.07172738760709763,0.2601165771484375
PickCube-v1,3,5,0.1388888888888889,4fa1792ec472e1f057e463d20897744dbda49a271ec08eec32a517be375f59cc,0,0.0015,eef_joint_1-,0.01,0.0,-0.01,0.0,1,1,,1,1,0.0,3.343926191329956,0.0,0.0,0.0,0.07172738760709763,0.2601165771484375
PickCube-v1,3,5,0.1388888888888889,4fa1792ec472e1f057e463d20897744dbda49a271ec08eec32a517be375f59cc,1,0.003,object_pos_x+,0.003,0.003,0.0,0.0,1,1,,1,1,0.33333333333333337,3.343926191329956,0.0,0.0,0.0,0.07172738760709763,0.2601165771484375
PickCube-v1,3,5,0.1388888888888889,4fa1792ec472e1f057e463d20897744dbda49a271ec08eec32a517be375f59cc,1,0.003,object_pos_x-,0.003,-0.003,0.0,0.0,1,1,,1,1,0.33333333333333337,3.343926191329956,0.0,0.0,0.0,0.07172738760709763,0.2601165771484375
PickCube-v1,3,5,0.1388888888888889,4fa1792ec472e1f057e463d20897744dbda49a271ec08eec32a517be375f59cc,1,0.003,object_pos_y+,0.003,0.0,0.003,0.0,1,1,,1,1,0.33333333333333337,3.343926191329956,0.0,0.0,0.0,0.07172738760709763,0.2601165771484375
PickCube-v1,3,5,0.1388888888888889,4fa1792ec472e1f057e463d20897744dbda49a271ec08eec32a517be375f59cc,1,0.003,object_pos_y-,0.003,0.0,-0.003,0.0,1,1,,1,1,0.33333333333333337,3.343926191329956,0.0,0.0,0.0,0.07172738760709763,0.2601165771484375
PickCube-v1,3,5,0.1388888888888889,4fa1792ec472e1f057e463d20897744dbda49a271ec08eec32a517be375f59cc,1,0.003,eef_joint_1+,0.02,0.0,0.02,0.0,0,1,,1,1,0.33333333333333337,3.343926191329956,0.0,0.0,0.0,0.07172738760709763,0.2601165771484375
PickCube-v1,3,5,0.1388888888888889,4fa1792ec472e1f057e463d20897744dbda49a271ec08eec32a517be375f59cc,1,0.003,eef_joint_1-,0.02,0.0,-0.02,0.0,0,1,,1,1,0.33333333333333337,3.343926191329956,0.0,0.0,0.0,0.07172738760709763,0.2601165771484375
PickCube-v1,3,5,0.1388888888888889,4fa1792ec472e1f057e463d20897744dbda49a271ec08eec32a517be375f59cc,2,0.006,object_pos_x+,0.006,0.006,0.0,0.0,1,1,,1,1,0.33333333333333337,3.343926191329956,0.0,0.0,0.0,0.07172738760709763,0.2601165771484375
PickCube-v1,3,5,0.1388888888888889,4fa1792ec472e1f057e463d20897744dbda49a271ec08eec32a517be375f59cc,2,0.006,object_pos_x-,0.006,-0.006,0.0,0.0,1,1,,1,1,0.33333333333333337,3.343926191329956,0.0,0.0,0.0,0.07172738760709763,0.2601165771484375
PickCube-v1,3,5,0.1388888888888889,4fa1792ec472e1f057e463d20897744dbda49a271ec08eec32a517be375f59cc,2,0.006,object_pos_y+,0.006,0.0,0.006,0.0,1,1,,1,1,0.33333333333333337,3.343926191329956,0.0,0.0,0.0,0.07172738760709763,0.2601165771484375
PickCube-v1,3,5,0.1388888888888889,4fa1792ec472e1f057e463d20897744dbda49a271ec08eec32a517be375f59cc,2,0.006,object_pos_y-,0.006,0.0,-0.006,0.0,1,1,,1,1,0.33333333333333337,3.343926191329956,0.0,0.0,0.0,0.07172738760709763,0.2601165771484375
PickCube-v1,3,5,0.1388888888888889,4fa1792ec472e1f057e463d20897744dbda49a271ec08eec32a517be375f59cc,2,0.006,eef_joint_1+,0.04,0.0,0.04,0.0,0,1,,1,1,0.33333333333333337,3.343926191329956,0.0,0.0,0.0,0.07172738760709763,0.2601165771484375
PickCube-v1,3,5,0.1388888888888889,4fa1792ec472e1f057e463d20897744dbda49a271ec08eec32a517be375f59cc,2,0.006,eef_joint_1-,0.04,0.0,-0.04,0.0,0,1,,1,1,0.33333333333333337,3.343926191329956,0.0,0.0,0.0,0.07172738760709763,0.2601165771484375
PickCube-v1,3,10,0.2777777777777778,8d74cbd703c473aa0efafb13b9ae13b577c5c7c2bda7c11246f283051e264e55,0,0.0015,object_pos_x+,0.0015,0.0015,0.0,0.0,1,1,,1,1,0.0,3.3427746295928955,0.0,0.0,0.0,0.029896238818764687,0.260116308927536
PickCube-v1,3,10,0.2777777777777778,8d74cbd703c473aa0efafb13b9ae13b577c5c7c2bda7c11246f283051e264e55,0,0.0015,object_pos_x-,0.0015,-0.0015,0.0,0.0,1,1,,1,1,0.0,3.3427746295928955,0.0,0.0,0.0,0.029896238818764687,0.260116308927536
PickCube-v1,3,10,0.2777777777777778,8d74cbd703c473aa0efafb13b9ae13b577c5c7c2bda7c11246f283051e264e55,0,0.0015,object_pos_y+,0.0015,0.0,0.0015,0.0,1,1,,1,1,0.0,3.3427746295928955,0.0,0.0,0.0,0.029896238818764687,0.260116308927536
PickCube-v1,3,10,0.2777777777777778,8d74cbd703c473aa0efafb13b9ae13b577c5c7c2bda7c11246f283051e264e55,0,0.0015,object_pos_y-,0.0015,0.0,-0.0015,0.0,1,1,,1,1,0.0,3.3427746295928955,0.0,0.0,0.0,0.029896238818764687,0.260116308927536
PickCube-v1,3,10,0.2777777777777778,8d74cbd703c473aa0efafb13b9ae13b577c5c7c2bda7c11246f283051e264e55,0,0.0015,eef_joint_1+,0.01,0.0,0.01,0.0,1,1,,1,1,0.0,3.3427746295928955,0.0,0.0,0.0,0.029896238818764687,0.260116308927536
PickCube-v1,3,10,0.2777777777777778,8d74cbd703c473aa0efafb13b9ae13b577c5c7c2bda7c11246f283051e264e55,0,0.0015,eef_joint_1-,0.01,0.0,-0.01,0.0,1,1,,1,1,0.0,3.3427746295928955,0.0,0.0,0.0,0.029896238818764687,0.260116308927536
PickCube-v1,3,10,0.2777777777777778,8d74cbd703c473aa0efafb13b9ae13b577c5c7c2bda7c11246f283051e264e55,1,0.003,object_pos_x+,0.003,0.003,0.0,0.0,1,1,,1,1,0.33333333333333337,3.3427746295928955,0.0,0.0,0.0,0.029896238818764687,0.260116308927536
PickCube-v1,3,10,0.2777777777777778,8d74cbd703c473aa0efafb13b9ae13b577c5c7c2bda7c11246f283051e264e55,1,0.003,object_pos_x-,0.003,-0.003,0.0,0.0,1,1,,1,1,0.33333333333333337,3.3427746295928955,0.0,0.0,0.0,0.029896238818764687,0.260116308927536
PickCube-v1,3,10,0.2777777777777778,8d74cbd703c473aa0efafb13b9ae13b577c5c7c2bda7c11246f283051e264e55,1,0.003,object_pos_y+,0.003,0.0,0.003,0.0,1,1,,1,1,0.33333333333333337,3.3427746295928955,0.0,0.0,0.0,0.029896238818764687,0.260116308927536
PickCube-v1,3,10,0.2777777777777778,8d74cbd703c473aa0efafb13b9ae13b577c5c7c2bda7c11246f283051e264e55,1,0.003,object_pos_y-,0.003,0.0,-0.003,0.0,1,1,,1,1,0.33333333333333337,3.3427746295928955,0.0,0.0,0.0,0.029896238818764687,0.260116308927536
PickCube-v1,3,10,0.2777777777777778,8d74cbd703c473aa0efafb13b9ae13b577c5c7c2bda7c11246f283051e264e55,1,0.003,eef_joint_1+,0.02,0.0,0.02,0.0,0,1,,1,1,0.33333333333333337,3.3427746295928955,0.0,0.0,0.0,0.029896238818764687,0.260116308927536
PickCube-v1,3,10,0.2777777777777778,8d74cbd703c473aa0efafb13b9ae13b577c5c7c2bda7c11246f283051e264e55,1,0.003,eef_joint_1-,0.02,0.0,-0.02,0.0,0,1,,1,1,0.33333333333333337,3.3427746295928955,0.0,0.0,0.0,0.029896238818764687,0.260116308927536
PickCube-v1,3,10,0.2777777777777778,8d74cbd703c473aa0efafb13b9ae13b577c5c7c2bda7c11246f283051e264e55,2,0.006,object_pos_x+,0.006,0.006,0.0,0.0,1,1,,1,1,0.33333333333333337,3.3427746295928955,0.0,0.0,0.0,0.029896238818764687,0.260116308927536
PickCube-v1,3,10,0.2777777777777778,8d74cbd703c473aa0efafb13b9ae13b577c5c7c2bda7c11246f283051e264e55,2,0.006,object_pos_x-,0.006,-0.006,0.0,0.0,1,1,,1,1,0.33333333333333337,3.3427746295928955,0.0,0.0,0.0,0.029896238818764687,0.260116308927536
PickCube-v1,3,10,0.2777777777777778,8d74cbd703c473aa0efafb13b9ae13b577c5c7c2bda7c11246f283051e264e55,2,0.006,object_pos_y+,0.006,0.0,0.006,0.0,1,1,,1,1,0.33333333333333337,3.3427746295928955,0.0,0.0,0.0,0.029896238818764687,0.260116308927536
PickCube-v1,3,10,0.2777777777777778,8d74cbd703c473aa0efafb13b9ae13b577c5c7c2bda7c11246f283051e264e55,2,0.006,object_pos_y-,0.006,0.0,-0.006,0.0,1,1,,1,1,0.33333333333333337,3.3427746295928955,0.0,0.0,0.0,0.029896238818764687,0.260116308927536
PickCube-v1,3,10,0.2777777777777778,8d74cbd703c473aa0efafb13b9ae13b577c5c7c2bda7c11246f283051e264e55,2,0.006,eef_joint_1+,0.04,0.0,0.04,0.0,0,1,,1,1,0.33333333333333337,3.3427746295928955,0.0,0.0,0.0,0.029896238818764687,0.260116308927536
PickCube-v1,3,10,0.2777777777777778,8d74cbd703c473aa0efafb13b9ae13b577c5c7c2bda7c11246f283051e264e55,2,0.006,eef_joint_1-,0.04,0.0,-0.04,0.0,0,1,,1,1,0.33333333333333337,3.3427746295928955,0.0,0.0,0.0,0.029896238818764687,0.260116308927536
PickCube-v1,3,15,0.4166666666666667,29c50188dd8c4f50f55633f291ac620810fdd5481403207f5e2c80d2ef3cff7e,0,0.0015,object_pos_x+,0.0015,0.0015,0.0,0.0,1,1,,1,1,0.0,3.3427746295928955,0.0,0.0,0.0,0.0013475213199853897,0.260116308927536
PickCube-v1,3,15,0.4166666666666667,29c50188dd8c4f50f55633f291ac620810fdd5481403207f5e2c80d2ef3cff7e,0,0.0015,object_pos_x-,0.0015,-0.0015,0.0,0.0,1,1,,1,1,0.0,3.3427746295928955,0.0,0.0,0.0,0.0013475213199853897,0.260116308927536
PickCube-v1,3,15,0.4166666666666667,29c50188dd8c4f50f55633f291ac620810fdd5481403207f5e2c80d2ef3cff7e,0,0.0015,object_pos_y+,0.0015,0.0,0.0015,0.0,1,1,,1,1,0.0,3.3427746295928955,0.0,0.0,0.0,0.0013475213199853897,0.260116308927536
PickCube-v1,3,15,0.4166666666666667,29c50188dd8c4f50f55633f291ac620810fdd5481403207f5e2c80d2ef3cff7e,0,0.0015,object_pos_y-,0.0015,0.0,-0.0015,0.0,1,1,,1,1,0.0,3.3427746295928955,0.0,0.0,0.0,0.0013475213199853897,0.260116308927536
PickCube-v1,3,15,0.4166666666666667,29c50188dd8c4f50f55633f291ac620810fdd5481403207f5e2c80d2ef3cff7e,0,0.0015,eef_joint_1+,0.01,0.0,0.01,0.0,1,1,,1,1,0.0,3.3427746295928955,0.0,0.0,0.0,0.0013475213199853897,0.260116308927536
PickCube-v1,3,15,0.4166666666666667,29c50188dd8c4f50f55633f291ac620810fdd5481403207f5e2c80d2ef3cff7e,0,0.0015,eef_joint_1-,0.01,0.0,-0.01,0.0,1,1,,1,1,0.0,3.3427746295928955,0.0,0.0,0.0,0.0013475213199853897,0.260116308927536
PickCube-v1,3,15,0.4166666666666667,29c50188dd8c4f50f55633f291ac620810fdd5481403207f5e2c80d2ef3cff7e,1,0.003,object_pos_x+,0.003,0.003,0.0,0.0,1,1,,1,1,0.33333333333333337,3.3427746295928955,0.0,0.0,0.0,0.0013475213199853897,0.260116308927536
PickCube-v1,3,15,0.4166666666666667,29c50188dd8c4f50f55633f291ac620810fdd5481403207f5e2c80d2ef3cff7e,1,0.003,object_pos_x-,0.003,-0.003,0.0,0.0,1,1,,1,1,0.33333333333333337,3.3427746295928955,0.0,0.0,0.0,0.0013475213199853897,0.260116308927536
PickCube-v1,3,15,0.4166666666666667,29c50188dd8c4f50f55633f291ac620810fdd5481403207f5e2c80d2ef3cff7e,1,0.003,object_pos_y+,0.003,0.0,0.003,0.0,1,1,,1,1,0.33333333333333337,3.3427746295928955,0.0,0.0,0.0,0.0013475213199853897,0.260116308927536
PickCube-v1,3,15,0.4166666666666667,29c50188dd8c4f50f55633f291ac620810fdd5481403207f5e2c80d2ef3cff7e,1,0.003,object_pos_y-,0.003,0.0,-0.003,0.0,1,1,,1,1,0.33333333333333337,3.3427746295928955,0.0,0.0,0.0,0.0013475213199853897,0.260116308927536
PickCube-v1,3,15,0.4166666666666667,29c50188dd8c4f50f55633f291ac620810fdd5481403207f5e2c80d2ef3cff7e,1,0.003,eef_joint_1+,0.02,0.0,0.02,0.0,0,1,,1,1,0.33333333333333337,3.3427746295928955,0.0,0.0,0.0,0.0013475213199853897,0.260116308927536
PickCube-v1,3,15,0.4166666666666667,29c50188dd8c4f50f55633f291ac620810fdd5481403207f5e2c80d2ef3cff7e,1,0.003,eef_joint_1-,0.02,0.0,-0.02,0.0,0,1,,1,1,0.33333333333333337,3.3427746295928955,0.0,0.0,0.0,0.0013475213199853897,0.260116308927536
PickCube-v1,3,15,0.4166666666666667,29c50188dd8c4f50f55633f291ac620810fdd5481403207f5e2c80d2ef3cff7e,2,0.006,object_pos_x+,0.006,0.006,0.0,0.0,1,1,,1,1,0.33333333333333337,3.3427746295928955,0.0,0.0,0.0,0.0013475213199853897,0.260116308927536
PickCube-v1,3,15,0.4166666666666667,29c50188dd8c4f50f55633f291ac620810fdd5481403207f5e2c80d2ef3cff7e,2,0.006,object_pos_x-,0.006,-0.006,0.0,0.0,1,1,,1,1,0.33333333333333337,3.3427746295928955,0.0,0.0,0.0,0.0013475213199853897,0.260116308927536
PickCube-v1,3,15,0.4166666666666667,29c50188dd8c4f50f55633f291ac620810fdd5481403207f5e2c80d2ef3cff7e,2,0.006,object_pos_y+,0.006,0.0,0.006,0.0,1,1,,1,1,0.33333333333333337,3.3427746295928955,0.0,0.0,0.0,0.0013475213199853897,0.260116308927536
PickCube-v1,3,15,0.4166666666666667,29c50188dd8c4f50f55633f291ac620810fdd5481403207f5e2c80d2ef3cff7e,2,0.006,object_pos_y-,0.006,0.0,-0.006,0.0,1,1,,1,1,0.33333333333333337,3.3427746295928955,0.0,0.0,0.0,0.0013475213199853897,0.260116308927536
PickCube-v1,3,15,0.4166666666666667,29c50188dd8c4f50f55633f291ac620810fdd5481403207f5e2c80d2ef3cff7e,2,0.006,eef_joint_1+,0.04,0.0,0.04,0.0,0,1,,1,1,0.33333333333333337,3.3427746295928955,0.0,0.0,0.0,0.0013475213199853897,0.260116308927536
PickCube-v1,3,15,0.4166666666666667,29c50188dd8c4f50f55633f291ac620810fdd5481403207f5e2c80d2ef3cff7e,2,0.006,eef_joint_1-,0.04,0.0,-0.04,0.0,0,1,,1,1,0.33333333333333337,3.3427746295928955,0.0,0.0,0.0,0.0013475213199853897,0.260116308927536
PickCube-v1,3,20,0.5555555555555556,7e1b1ea3f6e425ccaa492eeb90b6958589ada72398628252f1d0b5f22a6d78a7,0,0.0015,object_pos_x+,0.0015,0.0015,0.0,0.0,1,1,,1,1,0.16666666666666663,3.3427746295928955,0.0,0.0,0.0,0.00017784246301744133,0.25968316197395325
PickCube-v1,3,20,0.5555555555555556,7e1b1ea3f6e425ccaa492eeb90b6958589ada72398628252f1d0b5f22a6d78a7,0,0.0015,object_pos_x-,0.0015,-0.0015,0.0,0.0,1,1,,1,1,0.16666666666666663,3.3427746295928955,0.0,0.0,0.0,0.00017784246301744133,0.25968316197395325
PickCube-v1,3,20,0.5555555555555556,7e1b1ea3f6e425ccaa492eeb90b6958589ada72398628252f1d0b5f22a6d78a7,0,0.0015,object_pos_y+,0.0015,0.0,0.0015,0.0,1,1,,1,1,0.16666666666666663,3.3427746295928955,0.0,0.0,0.0,0.00017784246301744133,0.25968316197395325
PickCube-v1,3,20,0.5555555555555556,7e1b1ea3f6e425ccaa492eeb90b6958589ada72398628252f1d0b5f22a6d78a7,0,0.0015,object_pos_y-,0.0015,0.0,-0.0015,0.0,1,1,,1,1,0.16666666666666663,3.3427746295928955,0.0,0.0,0.0,0.00017784246301744133,0.25968316197395325
PickCube-v1,3,20,0.5555555555555556,7e1b1ea3f6e425ccaa492eeb90b6958589ada72398628252f1d0b5f22a6d78a7,0,0.0015,eef_joint_1+,0.01,0.0,0.01,0.0,1,1,,1,1,0.16666666666666663,3.3427746295928955,0.0,0.0,0.0,0.00017784246301744133,0.25968316197395325
PickCube-v1,3,20,0.5555555555555556,7e1b1ea3f6e425ccaa492eeb90b6958589ada72398628252f1d0b5f22a6d78a7,0,0.0015,eef_joint_1-,0.01,0.0,-0.01,0.0,0,1,,1,1,0.16666666666666663,3.3427746295928955,0.0,0.0,0.0,0.00017784246301744133,0.25968316197395325
PickCube-v1,3,20,0.5555555555555556,7e1b1ea3f6e425ccaa492eeb90b6958589ada72398628252f1d0b5f22a6d78a7,1,0.003,object_pos_x+,0.003,0.003,0.0,0.0,1,1,,1,1,0.33333333333333337,3.3427746295928955,0.0,0.0,0.0,0.00017784246301744133,0.25968316197395325
PickCube-v1,3,20,0.5555555555555556,7e1b1ea3f6e425ccaa492eeb90b6958589ada72398628252f1d0b5f22a6d78a7,1,0.003,object_pos_x-,0.003,-0.003,0.0,0.0,1,1,,1,1,0.33333333333333337,3.3427746295928955,0.0,0.0,0.0,0.00017784246301744133,0.25968316197395325
PickCube-v1,3,20,0.5555555555555556,7e1b1ea3f6e425ccaa492eeb90b6958589ada72398628252f1d0b5f22a6d78a7,1,0.003,object_pos_y+,0.003,0.0,0.003,0.0,1,1,,1,1,0.33333333333333337,3.3427746295928955,0.0,0.0,0.0,0.00017784246301744133,0.25968316197395325
PickCube-v1,3,20,0.5555555555555556,7e1b1ea3f6e425ccaa492eeb90b6958589ada72398628252f1d0b5f22a6d78a7,1,0.003,object_pos_y-,0.003,0.0,-0.003,0.0,1,1,,1,1,0.33333333333333337,3.3427746295928955,0.0,0.0,0.0,0.00017784246301744133,0.25968316197395325
PickCube-v1,3,20,0.5555555555555556,7e1b1ea3f6e425ccaa492eeb90b6958589ada72398628252f1d0b5f22a6d78a7,1,0.003,eef_joint_1+,0.02,0.0,0.02,0.0,0,1,,1,1,0.33333333333333337,3.3427746295928955,0.0,0.0,0.0,0.00017784246301744133,0.25968316197395325
PickCube-v1,3,20,0.5555555555555556,7e1b1ea3f6e425ccaa492eeb90b6958589ada72398628252f1d0b5f22a6d78a7,1,0.003,eef_joint_1-,0.02,0.0,-0.02,0.0,0,1,,1,1,0.33333333333333337,3.3427746295928955,0.0,0.0,0.0,0.00017784246301744133,0.25968316197395325
PickCube-v1,3,20,0.5555555555555556,7e1b1ea3f6e425ccaa492eeb90b6958589ada72398628252f1d0b5f22a6d78a7,2,0.006,object_pos_x+,0.006,0.006,0.0,0.0,1,1,,1,1,0.5,3.3427746295928955,0.0,0.0,0.0,0.00017784246301744133,0.25968316197395325
PickCube-v1,3,20,0.5555555555555556,7e1b1ea3f6e425ccaa492eeb90b6958589ada72398628252f1d0b5f22a6d78a7,2,0.006,object_pos_x-,0.006,-0.006,0.0,0.0,1,1,,1,1,0.5,3.3427746295928955,0.0,0.0,0.0,0.00017784246301744133,0.25968316197395325
PickCube-v1,3,20,0.5555555555555556,7e1b1ea3f6e425ccaa492eeb90b6958589ada72398628252f1d0b5f22a6d78a7,2,0.006,object_pos_y+,0.006,0.0,0.006,0.0,0,1,,1,1,0.5,3.3427746295928955,0.0,0.0,0.0,0.00017784246301744133,0.25968316197395325
PickCube-v1,3,20,0.5555555555555556,7e1b1ea3f6e425ccaa492eeb90b6958589ada72398628252f1d0b5f22a6d78a7,2,0.006,object_pos_y-,0.006,0.0,-0.006,0.0,1,1,,1,1,0.5,3.3427746295928955,0.0,0.0,0.0,0.00017784246301744133,0.25968316197395325
PickCube-v1,3,20,0.5555555555555556,7e1b1ea3f6e425ccaa492eeb90b6958589ada72398628252f1d0b5f22a6d78a7,2,0.006,eef_joint_1+,0.04,0.0,0.04,0.0,0,1,,1,1,0.5,3.3427746295928955,0.0,0.0,0.0,0.00017784246301744133,0.25968316197395325
PickCube-v1,3,20,0.5555555555555556,7e1b1ea3f6e425ccaa492eeb90b6958589ada72398628252f1d0b5f22a6d78a7,2,0.006,eef_joint_1-,0.04,0.0,-0.04,0.0,0,1,,1,1,0.5,3.3427746295928955,0.0,0.0,0.0,0.00017784246301744133,0.25968316197395325
PickCube-v1,3,25,0.6944444444444444,f6904d9ae3711d7363016365f3d048668f01e98a0640979d52c012a20311484d,0,0.0015,object_pos_x+,0.0015,0.0015,0.0,0.0,1,1,,1,1,0.33333333333333337,3.3486924171447754,0.0,0.18000003695487976,0.0,0.00046348292380571365,0.23462358117103577
PickCube-v1,3,25,0.6944444444444444,f6904d9ae3711d7363016365f3d048668f01e98a0640979d52c012a20311484d,0,0.0015,object_pos_x-,0.0015,-0.0015,0.0,0.0,1,1,,1,1,0.33333333333333337,3.3486924171447754,0.0,0.18000003695487976,0.0,0.00046348292380571365,0.23462358117103577
PickCube-v1,3,25,0.6944444444444444,f6904d9ae3711d7363016365f3d048668f01e98a0640979d52c012a20311484d,0,0.0015,object_pos_y+,0.0015,0.0,0.0015,0.0,1,1,,1,1,0.33333333333333337,3.3486924171447754,0.0,0.18000003695487976,0.0,0.00046348292380571365,0.23462358117103577
PickCube-v1,3,25,0.6944444444444444,f6904d9ae3711d7363016365f3d048668f01e98a0640979d52c012a20311484d,0,0.0015,object_pos_y-,0.0015,0.0,-0.0015,0.0,1,1,,1,1,0.33333333333333337,3.3486924171447754,0.0,0.18000003695487976,0.0,0.00046348292380571365,0.23462358117103577
PickCube-v1,3,25,0.6944444444444444,f6904d9ae3711d7363016365f3d048668f01e98a0640979d52c012a20311484d,0,0.0015,eef_joint_1+,0.01,0.0,0.01,0.0,0,1,,1,1,0.33333333333333337,3.3486924171447754,0.0,0.18000003695487976,0.0,0.00046348292380571365,0.23462358117103577
PickCube-v1,3,25,0.6944444444444444,f6904d9ae3711d7363016365f3d048668f01e98a0640979d52c012a20311484d,0,0.0015,eef_joint_1-,0.01,0.0,-0.01,0.0,0,1,,1,1,0.33333333333333337,3.3486924171447754,0.0,0.18000003695487976,0.0,0.00046348292380571365,0.23462358117103577
PickCube-v1,3,25,0.6944444444444444,f6904d9ae3711d7363016365f3d048668f01e98a0640979d52c012a20311484d,1,0.003,object_pos_x+,0.003,0.003,0.0,0.0,1,1,,1,1,0.33333333333333337,3.3486924171447754,0.0,0.18000003695487976,0.0,0.00046348292380571365,0.23462358117103577
PickCube-v1,3,25,0.6944444444444444,f6904d9ae3711d7363016365f3d048668f01e98a0640979d52c012a20311484d,1,0.003,object_pos_x-,0.003,-0.003,0.0,0.0,1,1,,1,1,0.33333333333333337,3.3486924171447754,0.0,0.18000003695487976,0.0,0.00046348292380571365,0.23462358117103577
PickCube-v1,3,25,0.6944444444444444,f6904d9ae3711d7363016365f3d048668f01e98a0640979d52c012a20311484d,1,0.003,object_pos_y+,0.003,0.0,0.003,0.0,1,1,,1,1,0.33333333333333337,3.3486924171447754,0.0,0.18000003695487976,0.0,0.00046348292380571365,0.23462358117103577
PickCube-v1,3,25,0.6944444444444444,f6904d9ae3711d7363016365f3d048668f01e98a0640979d52c012a20311484d,1,0.003,object_pos_y-,0.003,0.0,-0.003,0.0,1,1,,1,1,0.33333333333333337,3.3486924171447754,0.0,0.18000003695487976,0.0,0.00046348292380571365,0.23462358117103577
PickCube-v1,3,25,0.6944444444444444,f6904d9ae3711d7363016365f3d048668f01e98a0640979d52c012a20311484d,1,0.003,eef_joint_1+,0.02,0.0,0.02,0.0,0,1,,1,1,0.33333333333333337,3.3486924171447754,0.0,0.18000003695487976,0.0,0.00046348292380571365,0.23462358117103577
PickCube-v1,3,25,0.6944444444444444,f6904d9ae3711d7363016365f3d048668f01e98a0640979d52c012a20311484d,1,0.003,eef_joint_1-,0.02,0.0,-0.02,0.0,0,1,,1,1,0.33333333333333337,3.3486924171447754,0.0,0.18000003695487976,0.0,0.00046348292380571365,0.23462358117103577
PickCube-v1,3,25,0.6944444444444444,f6904d9ae3711d7363016365f3d048668f01e98a0640979d52c012a20311484d,2,0.006,object_pos_x+,0.006,0.006,0.0,0.0,1,1,,1,1,0.5,3.3486924171447754,0.0,0.18000003695487976,0.0,0.00046348292380571365,0.23462358117103577
PickCube-v1,3,25,0.6944444444444444,f6904d9ae3711d7363016365f3d048668f01e98a0640979d52c012a20311484d,2,0.006,object_pos_x-,0.006,-0.006,0.0,0.0,1,1,,1,1,0.5,3.3486924171447754,0.0,0.18000003695487976,0.0,0.00046348292380571365,0.23462358117103577
PickCube-v1,3,25,0.6944444444444444,f6904d9ae3711d7363016365f3d048668f01e98a0640979d52c012a20311484d,2,0.006,object_pos_y+,0.006,0.0,0.006,0.0,0,1,,1,1,0.5,3.3486924171447754,0.0,0.18000003695487976,0.0,0.00046348292380571365,0.23462358117103577
PickCube-v1,3,25,0.6944444444444444,f6904d9ae3711d7363016365f3d048668f01e98a0640979d52c012a20311484d,2,0.006,object_pos_y-,0.006,0.0,-0.006,0.0,1,1,,1,1,0.5,3.3486924171447754,0.0,0.18000003695487976,0.0,0.00046348292380571365,0.23462358117103577
PickCube-v1,3,25,0.6944444444444444,f6904d9ae3711d7363016365f3d048668f01e98a0640979d52c012a20311484d,2,0.006,eef_joint_1+,0.04,0.0,0.04,0.0,0,1,,1,1,0.5,3.3486924171447754,0.0,0.18000003695487976,0.0,0.00046348292380571365,0.23462358117103577
PickCube-v1,3,25,0.6944444444444444,f6904d9ae3711d7363016365f3d048668f01e98a0640979d52c012a20311484d,2,0.006,eef_joint_1-,0.04,0.0,-0.04,0.0,0,1,,1,1,0.5,3.3486924171447754,0.0,0.18000003695487976,0.0,0.00046348292380571365,0.23462358117103577
PickCube-v1,3,30,0.8333333333333334,b03afdd6e9f71dc3462dd260c268276a94826860b8b4eaa5e7f9952b23dbc2b0,0,0.0015,object_pos_x+,0.0015,0.0015,0.0,0.0,1,1,,1,1,0.33333333333333337,3.3486924171447754,0.0,0.0,0.0,0.0004737066337838769,0.14155100286006927
PickCube-v1,3,30,0.8333333333333334,b03afdd6e9f71dc3462dd260c268276a94826860b8b4eaa5e7f9952b23dbc2b0,0,0.0015,object_pos_x-,0.0015,-0.0015,0.0,0.0,1,1,,1,1,0.33333333333333337,3.3486924171447754,0.0,0.0,0.0,0.0004737066337838769,0.14155100286006927
PickCube-v1,3,30,0.8333333333333334,b03afdd6e9f71dc3462dd260c268276a94826860b8b4eaa5e7f9952b23dbc2b0,0,0.0015,object_pos_y+,0.0015,0.0,0.0015,0.0,1,1,,1,1,0.33333333333333337,3.3486924171447754,0.0,0.0,0.0,0.0004737066337838769,0.14155100286006927
PickCube-v1,3,30,0.8333333333333334,b03afdd6e9f71dc3462dd260c268276a94826860b8b4eaa5e7f9952b23dbc2b0,0,0.0015,object_pos_y-,0.0015,0.0,-0.0015,0.0,1,1,,1,1,0.33333333333333337,3.3486924171447754,0.0,0.0,0.0,0.0004737066337838769,0.14155100286006927
PickCube-v1,3,30,0.8333333333333334,b03afdd6e9f71dc3462dd260c268276a94826860b8b4eaa5e7f9952b23dbc2b0,0,0.0015,eef_joint_1+,0.01,0.0,0.01,0.0,0,1,,1,1,0.33333333333333337,3.3486924171447754,0.0,0.0,0.0,0.0004737066337838769,0.14155100286006927
PickCube-v1,3,30,0.8333333333333334,b03afdd6e9f71dc3462dd260c268276a94826860b8b4eaa5e7f9952b23dbc2b0,0,0.0015,eef_joint_1-,0.01,0.0,-0.01,0.0,0,1,,1,1,0.33333333333333337,3.3486924171447754,0.0,0.0,0.0,0.0004737066337838769,0.14155100286006927
PickCube-v1,3,30,0.8333333333333334,b03afdd6e9f71dc3462dd260c268276a94826860b8b4eaa5e7f9952b23dbc2b0,1,0.003,object_pos_x+,0.003,0.003,0.0,0.0,1,1,,1,1,0.33333333333333337,3.3486924171447754,0.0,0.0,0.0,0.0004737066337838769,0.14155100286006927
PickCube-v1,3,30,0.8333333333333334,b03afdd6e9f71dc3462dd260c268276a94826860b8b4eaa5e7f9952b23dbc2b0,1,0.003,object_pos_x-,0.003,-0.003,0.0,0.0,1,1,,1,1,0.33333333333333337,3.3486924171447754,0.0,0.0,0.0,0.0004737066337838769,0.14155100286006927
PickCube-v1,3,30,0.8333333333333334,b03afdd6e9f71dc3462dd260c268276a94826860b8b4eaa5e7f9952b23dbc2b0,1,0.003,object_pos_y+,0.003,0.0,0.003,0.0,1,1,,1,1,0.33333333333333337,3.3486924171447754,0.0,0.0,0.0,0.0004737066337838769,0.14155100286006927
PickCube-v1,3,30,0.8333333333333334,b03afdd6e9f71dc3462dd260c268276a94826860b8b4eaa5e7f9952b23dbc2b0,1,0.003,object_pos_y-,0.003,0.0,-0.003,0.0,1,1,,1,1,0.33333333333333337,3.3486924171447754,0.0,0.0,0.0,0.0004737066337838769,0.14155100286006927
PickCube-v1,3,30,0.8333333333333334,b03afdd6e9f71dc3462dd260c268276a94826860b8b4eaa5e7f9952b23dbc2b0,1,0.003,eef_joint_1+,0.02,0.0,0.02,0.0,0,1,,1,1,0.33333333333333337,3.3486924171447754,0.0,0.0,0.0,0.0004737066337838769,0.14155100286006927
PickCube-v1,3,30,0.8333333333333334,b03afdd6e9f71dc3462dd260c268276a94826860b8b4eaa5e7f9952b23dbc2b0,1,0.003,eef_joint_1-,0.02,0.0,-0.02,0.0,0,1,,1,1,0.33333333333333337,3.3486924171447754,0.0,0.0,0.0,0.0004737066337838769,0.14155100286006927
PickCube-v1,3,30,0.8333333333333334,b03afdd6e9f71dc3462dd260c268276a94826860b8b4eaa5e7f9952b23dbc2b0,2,0.006,object_pos_x+,0.006,0.006,0.0,0.0,1,1,,1,1,0.5,3.3486924171447754,0.0,0.0,0.0,0.0004737066337838769,0.14155100286006927
PickCube-v1,3,30,0.8333333333333334,b03afdd6e9f71dc3462dd260c268276a94826860b8b4eaa5e7f9952b23dbc2b0,2,0.006,object_pos_x-,0.006,-0.006,0.0,0.0,1,1,,1,1,0.5,3.3486924171447754,0.0,0.0,0.0,0.0004737066337838769,0.14155100286006927
PickCube-v1,3,30,0.8333333333333334,b03afdd6e9f71dc3462dd260c268276a94826860b8b4eaa5e7f9952b23dbc2b0,2,0.006,object_pos_y+,0.006,0.0,0.006,0.0,0,1,,1,1,0.5,3.3486924171447754,0.0,0.0,0.0,0.0004737066337838769,0.14155100286006927
PickCube-v1,3,30,0.8333333333333334,b03afdd6e9f71dc3462dd260c268276a94826860b8b4eaa5e7f9952b23dbc2b0,2,0.006,object_pos_y-,0.006,0.0,-0.006,0.0,1,1,,1,1,0.5,3.3486924171447754,0.0,0.0,0.0,0.0004737066337838769,0.14155100286006927
PickCube-v1,3,30,0.8333333333333334,b03afdd6e9f71dc3462dd260c268276a94826860b8b4eaa5e7f9952b23dbc2b0,2,0.006,eef_joint_1+,0.04,0.0,0.04,0.0,0,1,,1,1,0.5,3.3486924171447754,0.0,0.0,0.0,0.0004737066337838769,0.14155100286006927
PickCube-v1,3,30,0.8333333333333334,b03afdd6e9f71dc3462dd260c268276a94826860b8b4eaa5e7f9952b23dbc2b0,2,0.006,eef_joint_1-,0.04,0.0,-0.04,0.0,0,1,,1,1,0.5,3.3486924171447754,0.0,0.0,0.0,0.0004737066337838769,0.14155100286006927
PickCube-v1,3,35,0.9722222222222222,c4e5da85d8b02fdc49971ddf2546de2a85ff5f9fea5fec632718d69b6760caf2,0,0.0015,object_pos_x+,0.0015,0.0015,0.0,0.0,1,1,,1,1,0.16666666666666663,3.3527939319610596,0.0,0.0,0.0,0.00047504829126410186,0.03264041617512703
PickCube-v1,3,35,0.9722222222222222,c4e5da85d8b02fdc49971ddf2546de2a85ff5f9fea5fec632718d69b6760caf2,0,0.0015,object_pos_x-,0.0015,-0.0015,0.0,0.0,1,1,,1,1,0.16666666666666663,3.3527939319610596,0.0,0.0,0.0,0.00047504829126410186,0.03264041617512703
PickCube-v1,3,35,0.9722222222222222,c4e5da85d8b02fdc49971ddf2546de2a85ff5f9fea5fec632718d69b6760caf2,0,0.0015,object_pos_y+,0.0015,0.0,0.0015,0.0,1,1,,1,1,0.16666666666666663,3.3527939319610596,0.0,0.0,0.0,0.00047504829126410186,0.03264041617512703
PickCube-v1,3,35,0.9722222222222222,c4e5da85d8b02fdc49971ddf2546de2a85ff5f9fea5fec632718d69b6760caf2,0,0.0015,object_pos_y-,0.0015,0.0,-0.0015,0.0,1,1,,1,1,0.16666666666666663,3.3527939319610596,0.0,0.0,0.0,0.00047504829126410186,0.03264041617512703
PickCube-v1,3,35,0.9722222222222222,c4e5da85d8b02fdc49971ddf2546de2a85ff5f9fea5fec632718d69b6760caf2,0,0.0015,eef_joint_1+,0.01,0.0,0.01,0.0,1,1,,1,1,0.16666666666666663,3.3527939319610596,0.0,0.0,0.0,0.00047504829126410186,0.03264041617512703
PickCube-v1,3,35,0.9722222222222222,c4e5da85d8b02fdc49971ddf2546de2a85ff5f9fea5fec632718d69b6760caf2,0,0.0015,eef_joint_1-,0.01,0.0,-0.01,0.0,0,1,,1,1,0.16666666666666663,3.3527939319610596,0.0,0.0,0.0,0.00047504829126410186,0.03264041617512703
PickCube-v1,3,35,0.9722222222222222,c4e5da85d8b02fdc49971ddf2546de2a85ff5f9fea5fec632718d69b6760caf2,1,0.003,object_pos_x+,0.003,0.003,0.0,0.0,1,1,,1,1,0.33333333333333337,3.3527939319610596,0.0,0.0,0.0,0.00047504829126410186,0.03264041617512703
PickCube-v1,3,35,0.9722222222222222,c4e5da85d8b02fdc49971ddf2546de2a85ff5f9fea5fec632718d69b6760caf2,1,0.003,object_pos_x-,0.003,-0.003,0.0,0.0,1,1,,1,1,0.33333333333333337,3.3527939319610596,0.0,0.0,0.0,0.00047504829126410186,0.03264041617512703
PickCube-v1,3,35,0.9722222222222222,c4e5da85d8b02fdc49971ddf2546de2a85ff5f9fea5fec632718d69b6760caf2,1,0.003,object_pos_y+,0.003,0.0,0.003,0.0,1,1,,1,1,0.33333333333333337,3.3527939319610596,0.0,0.0,0.0,0.00047504829126410186,0.03264041617512703
PickCube-v1,3,35,0.9722222222222222,c4e5da85d8b02fdc49971ddf2546de2a85ff5f9fea5fec632718d69b6760caf2,1,0.003,object_pos_y-,0.003,0.0,-0.003,0.0,1,1,,1,1,0.33333333333333337,3.3527939319610596,0.0,0.0,0.0,0.00047504829126410186,0.03264041617512703
PickCube-v1,3,35,0.9722222222222222,c4e5da85d8b02fdc49971ddf2546de2a85ff5f9fea5fec632718d69b6760caf2,1,0.003,eef_joint_1+,0.02,0.0,0.02,0.0,0,1,,1,1,0.33333333333333337,3.3527939319610596,0.0,0.0,0.0,0.00047504829126410186,0.03264041617512703
PickCube-v1,3,35,0.9722222222222222,c4e5da85d8b02fdc49971ddf2546de2a85ff5f9fea5fec632718d69b6760caf2,1,0.003,eef_joint_1-,0.02,0.0,-0.02,0.0,0,1,,1,1,0.33333333333333337,3.3527939319610596,0.0,0.0,0.0,0.00047504829126410186,0.03264041617512703
PickCube-v1,3,35,0.9722222222222222,c4e5da85d8b02fdc49971ddf2546de2a85ff5f9fea5fec632718d69b6760caf2,2,0.006,object_pos_x+,0.006,0.006,0.0,0.0,1,1,,1,1,0.5,3.3527939319610596,0.0,0.0,0.0,0.00047504829126410186,0.03264041617512703
PickCube-v1,3,35,0.9722222222222222,c4e5da85d8b02fdc49971ddf2546de2a85ff5f9fea5fec632718d69b6760caf2,2,0.006,object_pos_x-,0.006,-0.006,0.0,0.0,1,1,,1,1,0.5,3.3527939319610596,0.0,0.0,0.0,0.00047504829126410186,0.03264041617512703
PickCube-v1,3,35,0.9722222222222222,c4e5da85d8b02fdc49971ddf2546de2a85ff5f9fea5fec632718d69b6760caf2,2,0.006,object_pos_y+,0.006,0.0,0.006,0.0,0,1,,1,1,0.5,3.3527939319610596,0.0,0.0,0.0,0.00047504829126410186,0.03264041617512703
PickCube-v1,3,35,0.9722222222222222,c4e5da85d8b02fdc49971ddf2546de2a85ff5f9fea5fec632718d69b6760caf2,2,0.006,object_pos_y-,0.006,0.0,-0.006,0.0,1,1,,1,1,0.5,3.3527939319610596,0.0,0.0,0.0,0.00047504829126410186,0.03264041617512703
PickCube-v1,3,35,0.9722222222222222,c4e5da85d8b02fdc49971ddf2546de2a85ff5f9fea5fec632718d69b6760caf2,2,0.006,eef_joint_1+,0.04,0.0,0.04,0.0,0,1,,1,1,0.5,3.3527939319610596,0.0,0.0,0.0,0.00047504829126410186,0.03264041617512703
PickCube-v1,3,35,0.9722222222222222,c4e5da85d8b02fdc49971ddf2546de2a85ff5f9fea5fec632718d69b6760caf2,2,0.006,eef_joint_1-,0.04,0.0,-0.04,0.0,0,1,,1,1,0.5,3.3527939319610596,0.0,0.0,0.0,0.00047504829126410186,0.03264041617512703
PickCube-v1,4,0,0.0,79982e0900eca610f89f61fd102d532c629e503a56a7a36ba3137fd4ff5e1013,0,0.0015,object_pos_x+,0.0015,0.0015,0.0,0.0,1,1,,1,1,0.0,3.357517957687378,3.357517957687378,3.357517957687378,1.0,0.14950326085090637,0.30563271045684814
PickCube-v1,4,0,0.0,79982e0900eca610f89f61fd102d532c629e503a56a7a36ba3137fd4ff5e1013,0,0.0015,object_pos_x-,0.0015,-0.0015,0.0,0.0,1,1,,1,1,0.0,3.357517957687378,3.357517957687378,3.357517957687378,1.0,0.14950326085090637,0.30563271045684814
PickCube-v1,4,0,0.0,79982e0900eca610f89f61fd102d532c629e503a56a7a36ba3137fd4ff5e1013,0,0.0015,object_pos_y+,0.0015,0.0,0.0015,0.0,1,1,,1,1,0.0,3.357517957687378,3.357517957687378,3.357517957687378,1.0,0.14950326085090637,0.30563271045684814
PickCube-v1,4,0,0.0,79982e0900eca610f89f61fd102d532c629e503a56a7a36ba3137fd4ff5e1013,0,0.0015,object_pos_y-,0.0015,0.0,-0.0015,0.0,1,1,,1,1,0.0,3.357517957687378,3.357517957687378,3.357517957687378,1.0,0.14950326085090637,0.30563271045684814
PickCube-v1,4,0,0.0,79982e0900eca610f89f61fd102d532c629e503a56a7a36ba3137fd4ff5e1013,0,0.0015,eef_joint_1+,0.01,0.0,0.01,0.0,1,1,,1,1,0.0,3.357517957687378,3.357517957687378,3.357517957687378,1.0,0.14950326085090637,0.30563271045684814
PickCube-v1,4,0,0.0,79982e0900eca610f89f61fd102d532c629e503a56a7a36ba3137fd4ff5e1013,0,0.0015,eef_joint_1-,0.01,0.0,-0.01,0.0,1,1,,1,1,0.0,3.357517957687378,3.357517957687378,3.357517957687378,1.0,0.14950326085090637,0.30563271045684814
PickCube-v1,4,0,0.0,79982e0900eca610f89f61fd102d532c629e503a56a7a36ba3137fd4ff5e1013,1,0.003,object_pos_x+,0.003,0.003,0.0,0.0,1,1,,1,1,0.16666666666666663,3.357517957687378,3.357517957687378,3.357517957687378,1.0,0.14950326085090637,0.30563271045684814
PickCube-v1,4,0,0.0,79982e0900eca610f89f61fd102d532c629e503a56a7a36ba3137fd4ff5e1013,1,0.003,object_pos_x-,0.003,-0.003,0.0,0.0,1,1,,1,1,0.16666666666666663,3.357517957687378,3.357517957687378,3.357517957687378,1.0,0.14950326085090637,0.30563271045684814
PickCube-v1,4,0,0.0,79982e0900eca610f89f61fd102d532c629e503a56a7a36ba3137fd4ff5e1013,1,0.003,object_pos_y+,0.003,0.0,0.003,0.0,1,1,,1,1,0.16666666666666663,3.357517957687378,3.357517957687378,3.357517957687378,1.0,0.14950326085090637,0.30563271045684814
PickCube-v1,4,0,0.0,79982e0900eca610f89f61fd102d532c629e503a56a7a36ba3137fd4ff5e1013,1,0.003,object_pos_y-,0.003,0.0,-0.003,0.0,1,1,,1,1,0.16666666666666663,3.357517957687378,3.357517957687378,3.357517957687378,1.0,0.14950326085090637,0.30563271045684814
PickCube-v1,4,0,0.0,79982e0900eca610f89f61fd102d532c629e503a56a7a36ba3137fd4ff5e1013,1,0.003,eef_joint_1+,0.02,0.0,0.02,0.0,0,1,,1,1,0.16666666666666663,3.357517957687378,3.357517957687378,3.357517957687378,1.0,0.14950326085090637,0.30563271045684814
PickCube-v1,4,0,0.0,79982e0900eca610f89f61fd102d532c629e503a56a7a36ba3137fd4ff5e1013,1,0.003,eef_joint_1-,0.02,0.0,-0.02,0.0,1,1,,1,1,0.16666666666666663,3.357517957687378,3.357517957687378,3.357517957687378,1.0,0.14950326085090637,0.30563271045684814
PickCube-v1,4,0,0.0,79982e0900eca610f89f61fd102d532c629e503a56a7a36ba3137fd4ff5e1013,2,0.006,object_pos_x+,0.006,0.006,0.0,0.0,1,1,,1,1,0.33333333333333337,3.357517957687378,3.357517957687378,3.357517957687378,1.0,0.14950326085090637,0.30563271045684814
PickCube-v1,4,0,0.0,79982e0900eca610f89f61fd102d532c629e503a56a7a36ba3137fd4ff5e1013,2,0.006,object_pos_x-,0.006,-0.006,0.0,0.0,1,1,,1,1,0.33333333333333337,3.357517957687378,3.357517957687378,3.357517957687378,1.0,0.14950326085090637,0.30563271045684814
PickCube-v1,4,0,0.0,79982e0900eca610f89f61fd102d532c629e503a56a7a36ba3137fd4ff5e1013,2,0.006,object_pos_y+,0.006,0.0,0.006,0.0,1,1,,1,1,0.33333333333333337,3.357517957687378,3.357517957687378,3.357517957687378,1.0,0.14950326085090637,0.30563271045684814
PickCube-v1,4,0,0.0,79982e0900eca610f89f61fd102d532c629e503a56a7a36ba3137fd4ff5e1013,2,0.006,object_pos_y-,0.006,0.0,-0.006,0.0,1,1,,1,1,0.33333333333333337,3.357517957687378,3.357517957687378,3.357517957687378,1.0,0.14950326085090637,0.30563271045684814
PickCube-v1,4,0,0.0,79982e0900eca610f89f61fd102d532c629e503a56a7a36ba3137fd4ff5e1013,2,0.006,eef_joint_1+,0.04,0.0,0.04,0.0,0,1,,1,1,0.33333333333333337,3.357517957687378,3.357517957687378,3.357517957687378,1.0,0.14950326085090637,0.30563271045684814
PickCube-v1,4,0,0.0,79982e0900eca610f89f61fd102d532c629e503a56a7a36ba3137fd4ff5e1013,2,0.006,eef_joint_1-,0.04,0.0,-0.04,0.0,0,1,,1,1,0.33333333333333337,3.357517957687378,3.357517957687378,3.357517957687378,1.0,0.14950326085090637,0.30563271045684814
PickCube-v1,4,5,0.13513513513513514,9073a202450d0e06322ad3b90c86751cc2704d5b23da0ca355d24dc9ae13bb7e,0,0.0015,object_pos_x+,0.0015,0.0015,0.0,0.0,1,1,,1,1,0.0,3.357517957687378,0.0,0.0,0.0,0.07185542583465576,0.3056327998638153
PickCube-v1,4,5,0.13513513513513514,9073a202450d0e06322ad3b90c86751cc2704d5b23da0ca355d24dc9ae13bb7e,0,0.0015,object_pos_x-,0.0015,-0.0015,0.0,0.0,1,1,,1,1,0.0,3.357517957687378,0.0,0.0,0.0,0.07185542583465576,0.3056327998638153
PickCube-v1,4,5,0.13513513513513514,9073a202450d0e06322ad3b90c86751cc2704d5b23da0ca355d24dc9ae13bb7e,0,0.0015,object_pos_y+,0.0015,0.0,0.0015,0.0,1,1,,1,1,0.0,3.357517957687378,0.0,0.0,0.0,0.07185542583465576,0.3056327998638153
PickCube-v1,4,5,0.13513513513513514,9073a202450d0e06322ad3b90c86751cc2704d5b23da0ca355d24dc9ae13bb7e,0,0.0015,object_pos_y-,0.0015,0.0,-0.0015,0.0,1,1,,1,1,0.0,3.357517957687378,0.0,0.0,0.0,0.07185542583465576,0.3056327998638153
PickCube-v1,4,5,0.13513513513513514,9073a202450d0e06322ad3b90c86751cc2704d5b23da0ca355d24dc9ae13bb7e,0,0.0015,eef_joint_1+,0.01,0.0,0.01,0.0,1,1,,1,1,0.0,3.357517957687378,0.0,0.0,0.0,0.07185542583465576,0.3056327998638153
PickCube-v1,4,5,0.13513513513513514,9073a202450d0e06322ad3b90c86751cc2704d5b23da0ca355d24dc9ae13bb7e,0,0.0015,eef_joint_1-,0.01,0.0,-0.01,0.0,1,1,,1,1,0.0,3.357517957687378,0.0,0.0,0.0,0.07185542583465576,0.3056327998638153
PickCube-v1,4,5,0.13513513513513514,9073a202450d0e06322ad3b90c86751cc2704d5b23da0ca355d24dc9ae13bb7e,1,0.003,object_pos_x+,0.003,0.003,0.0,0.0,1,1,,1,1,0.16666666666666663,3.357517957687378,0.0,0.0,0.0,0.07185542583465576,0.3056327998638153
PickCube-v1,4,5,0.13513513513513514,9073a202450d0e06322ad3b90c86751cc2704d5b23da0ca355d24dc9ae13bb7e,1,0.003,object_pos_x-,0.003,-0.003,0.0,0.0,1,1,,1,1,0.16666666666666663,3.357517957687378,0.0,0.0,0.0,0.07185542583465576,0.3056327998638153
PickCube-v1,4,5,0.13513513513513514,9073a202450d0e06322ad3b90c86751cc2704d5b23da0ca355d24dc9ae13bb7e,1,0.003,object_pos_y+,0.003,0.0,0.003,0.0,1,1,,1,1,0.16666666666666663,3.357517957687378,0.0,0.0,0.0,0.07185542583465576,0.3056327998638153
PickCube-v1,4,5,0.13513513513513514,9073a202450d0e06322ad3b90c86751cc2704d5b23da0ca355d24dc9ae13bb7e,1,0.003,object_pos_y-,0.003,0.0,-0.003,0.0,1,1,,1,1,0.16666666666666663,3.357517957687378,0.0,0.0,0.0,0.07185542583465576,0.3056327998638153
PickCube-v1,4,5,0.13513513513513514,9073a202450d0e06322ad3b90c86751cc2704d5b23da0ca355d24dc9ae13bb7e,1,0.003,eef_joint_1+,0.02,0.0,0.02,0.0,0,1,,1,1,0.16666666666666663,3.357517957687378,0.0,0.0,0.0,0.07185542583465576,0.3056327998638153
PickCube-v1,4,5,0.13513513513513514,9073a202450d0e06322ad3b90c86751cc2704d5b23da0ca355d24dc9ae13bb7e,1,0.003,eef_joint_1-,0.02,0.0,-0.02,0.0,1,1,,1,1,0.16666666666666663,3.357517957687378,0.0,0.0,0.0,0.07185542583465576,0.3056327998638153
PickCube-v1,4,5,0.13513513513513514,9073a202450d0e06322ad3b90c86751cc2704d5b23da0ca355d24dc9ae13bb7e,2,0.006,object_pos_x+,0.006,0.006,0.0,0.0,1,1,,1,1,0.33333333333333337,3.357517957687378,0.0,0.0,0.0,0.07185542583465576,0.3056327998638153
PickCube-v1,4,5,0.13513513513513514,9073a202450d0e06322ad3b90c86751cc2704d5b23da0ca355d24dc9ae13bb7e,2,0.006,object_pos_x-,0.006,-0.006,0.0,0.0,1,1,,1,1,0.33333333333333337,3.357517957687378,0.0,0.0,0.0,0.07185542583465576,0.3056327998638153
PickCube-v1,4,5,0.13513513513513514,9073a202450d0e06322ad3b90c86751cc2704d5b23da0ca355d24dc9ae13bb7e,2,0.006,object_pos_y+,0.006,0.0,0.006,0.0,1,1,,1,1,0.33333333333333337,3.357517957687378,0.0,0.0,0.0,0.07185542583465576,0.3056327998638153
PickCube-v1,4,5,0.13513513513513514,9073a202450d0e06322ad3b90c86751cc2704d5b23da0ca355d24dc9ae13bb7e,2,0.006,object_pos_y-,0.006,0.0,-0.006,0.0,1,1,,1,1,0.33333333333333337,3.357517957687378,0.0,0.0,0.0,0.07185542583465576,0.3056327998638153
PickCube-v1,4,5,0.13513513513513514,9073a202450d0e06322ad3b90c86751cc2704d5b23da0ca355d24dc9ae13bb7e,2,0.006,eef_joint_1+,0.04,0.0,0.04,0.0,0,1,,1,1,0.33333333333333337,3.357517957687378,0.0,0.0,0.0,0.07185542583465576,0.3056327998638153
PickCube-v1,4,5,0.13513513513513514,9073a202450d0e06322ad3b90c86751cc2704d5b23da0ca355d24dc9ae13bb7e,2,0.006,eef_joint_1-,0.04,0.0,-0.04,0.0,0,1,,1,1,0.33333333333333337,3.357517957687378,0.0,0.0,0.0,0.07185542583465576,0.3056327998638153
PickCube-v1,4,10,0.2702702702702703,1bcc542a7b7d33ca059cd536d1c8bec370852ebc53b912f62d0c75e943409735,0,0.0015,object_pos_x+,0.0015,0.0015,0.0,0.0,1,1,,1,1,0.0,3.3563709259033203,0.0,0.0,0.0,0.03160804882645607,0.3056327998638153
PickCube-v1,4,10,0.2702702702702703,1bcc542a7b7d33ca059cd536d1c8bec370852ebc53b912f62d0c75e943409735,0,0.0015,object_pos_x-,0.0015,-0.0015,0.0,0.0,1,1,,1,1,0.0,3.3563709259033203,0.0,0.0,0.0,0.03160804882645607,0.3056327998638153
PickCube-v1,4,10,0.2702702702702703,1bcc542a7b7d33ca059cd536d1c8bec370852ebc53b912f62d0c75e943409735,0,0.0015,object_pos_y+,0.0015,0.0,0.0015,0.0,1,1,,1,1,0.0,3.3563709259033203,0.0,0.0,0.0,0.03160804882645607,0.3056327998638153
PickCube-v1,4,10,0.2702702702702703,1bcc542a7b7d33ca059cd536d1c8bec370852ebc53b912f62d0c75e943409735,0,0.0015,object_pos_y-,0.0015,0.0,-0.0015,0.0,1,1,,1,1,0.0,3.3563709259033203,0.0,0.0,0.0,0.03160804882645607,0.3056327998638153
PickCube-v1,4,10,0.2702702702702703,1bcc542a7b7d33ca059cd536d1c8bec370852ebc53b912f62d0c75e943409735,0,0.0015,eef_joint_1+,0.01,0.0,0.01,0.0,1,1,,1,1,0.0,3.3563709259033203,0.0,0.0,0.0,0.03160804882645607,0.3056327998638153
PickCube-v1,4,10,0.2702702702702703,1bcc542a7b7d33ca059cd536d1c8bec370852ebc53b912f62d0c75e943409735,0,0.0015,eef_joint_1-,0.01,0.0,-0.01,0.0,1,1,,1,1,0.0,3.3563709259033203,0.0,0.0,0.0,0.03160804882645607,0.3056327998638153
PickCube-v1,4,10,0.2702702702702703,1bcc542a7b7d33ca059cd536d1c8bec370852ebc53b912f62d0c75e943409735,1,0.003,object_pos_x+,0.003,0.003,0.0,0.0,1,1,,1,1,0.16666666666666663,3.3563709259033203,0.0,0.0,0.0,0.03160804882645607,0.3056327998638153
PickCube-v1,4,10,0.2702702702702703,1bcc542a7b7d33ca059cd536d1c8bec370852ebc53b912f62d0c75e943409735,1,0.003,object_pos_x-,0.003,-0.003,0.0,0.0,1,1,,1,1,0.16666666666666663,3.3563709259033203,0.0,0.0,0.0,0.03160804882645607,0.3056327998638153
PickCube-v1,4,10,0.2702702702702703,1bcc542a7b7d33ca059cd536d1c8bec370852ebc53b912f62d0c75e943409735,1,0.003,object_pos_y+,0.003,0.0,0.003,0.0,1,1,,1,1,0.16666666666666663,3.3563709259033203,0.0,0.0,0.0,0.03160804882645607,0.3056327998638153
PickCube-v1,4,10,0.2702702702702703,1bcc542a7b7d33ca059cd536d1c8bec370852ebc53b912f62d0c75e943409735,1,0.003,object_pos_y-,0.003,0.0,-0.003,0.0,1,1,,1,1,0.16666666666666663,3.3563709259033203,0.0,0.0,0.0,0.03160804882645607,0.3056327998638153
PickCube-v1,4,10,0.2702702702702703,1bcc542a7b7d33ca059cd536d1c8bec370852ebc53b912f62d0c75e943409735,1,0.003,eef_joint_1+,0.02,0.0,0.02,0.0,0,1,,1,1,0.16666666666666663,3.3563709259033203,0.0,0.0,0.0,0.03160804882645607,0.3056327998638153
PickCube-v1,4,10,0.2702702702702703,1bcc542a7b7d33ca059cd536d1c8bec370852ebc53b912f62d0c75e943409735,1,0.003,eef_joint_1-,0.02,0.0,-0.02,0.0,1,1,,1,1,0.16666666666666663,3.3563709259033203,0.0,0.0,0.0,0.03160804882645607,0.3056327998638153
PickCube-v1,4,10,0.2702702702702703,1bcc542a7b7d33ca059cd536d1c8bec370852ebc53b912f62d0c75e943409735,2,0.006,object_pos_x+,0.006,0.006,0.0,0.0,1,1,,1,1,0.33333333333333337,3.3563709259033203,0.0,0.0,0.0,0.03160804882645607,0.3056327998638153
PickCube-v1,4,10,0.2702702702702703,1bcc542a7b7d33ca059cd536d1c8bec370852ebc53b912f62d0c75e943409735,2,0.006,object_pos_x-,0.006,-0.006,0.0,0.0,1,1,,1,1,0.33333333333333337,3.3563709259033203,0.0,0.0,0.0,0.03160804882645607,0.3056327998638153
PickCube-v1,4,10,0.2702702702702703,1bcc542a7b7d33ca059cd536d1c8bec370852ebc53b912f62d0c75e943409735,2,0.006,object_pos_y+,0.006,0.0,0.006,0.0,1,1,,1,1,0.33333333333333337,3.3563709259033203,0.0,0.0,0.0,0.03160804882645607,0.3056327998638153
PickCube-v1,4,10,0.2702702702702703,1bcc542a7b7d33ca059cd536d1c8bec370852ebc53b912f62d0c75e943409735,2,0.006,object_pos_y-,0.006,0.0,-0.006,0.0,1,1,,1,1,0.33333333333333337,3.3563709259033203,0.0,0.0,0.0,0.03160804882645607,0.3056327998638153
PickCube-v1,4,10,0.2702702702702703,1bcc542a7b7d33ca059cd536d1c8bec370852ebc53b912f62d0c75e943409735,2,0.006,eef_joint_1+,0.04,0.0,0.04,0.0,0,1,,1,1,0.33333333333333337,3.3563709259033203,0.0,0.0,0.0,0.03160804882645607,0.3056327998638153
PickCube-v1,4,10,0.2702702702702703,1bcc542a7b7d33ca059cd536d1c8bec370852ebc53b912f62d0c75e943409735,2,0.006,eef_joint_1-,0.04,0.0,-0.04,0.0,0,1,,1,1,0.33333333333333337,3.3563709259033203,0.0,0.0,0.0,0.03160804882645607,0.3056327998638153
PickCube-v1,4,15,0.40540540540540543,c1b549a58ff43253f689b8c2d5dcc87f4c74e8dc4ef8f241a089a162aea728ec,0,0.0015,object_pos_x+,0.0015,0.0015,0.0,0.0,1,1,,1,1,0.0,3.3563709259033203,0.0,0.0,0.0,0.001660084817558527,0.3056327998638153
PickCube-v1,4,15,0.40540540540540543,c1b549a58ff43253f689b8c2d5dcc87f4c74e8dc4ef8f241a089a162aea728ec,0,0.0015,object_pos_x-,0.0015,-0.0015,0.0,0.0,1,1,,1,1,0.0,3.3563709259033203,0.0,0.0,0.0,0.001660084817558527,0.3056327998638153
PickCube-v1,4,15,0.40540540540540543,c1b549a58ff43253f689b8c2d5dcc87f4c74e8dc4ef8f241a089a162aea728ec,0,0.0015,object_pos_y+,0.0015,0.0,0.0015,0.0,1,1,,1,1,0.0,3.3563709259033203,0.0,0.0,0.0,0.001660084817558527,0.3056327998638153
PickCube-v1,4,15,0.40540540540540543,c1b549a58ff43253f689b8c2d5dcc87f4c74e8dc4ef8f241a089a162aea728ec,0,0.0015,object_pos_y-,0.0015,0.0,-0.0015,0.0,1,1,,1,1,0.0,3.3563709259033203,0.0,0.0,0.0,0.001660084817558527,0.3056327998638153
PickCube-v1,4,15,0.40540540540540543,c1b549a58ff43253f689b8c2d5dcc87f4c74e8dc4ef8f241a089a162aea728ec,0,0.0015,eef_joint_1+,0.01,0.0,0.01,0.0,1,1,,1,1,0.0,3.3563709259033203,0.0,0.0,0.0,0.001660084817558527,0.3056327998638153
PickCube-v1,4,15,0.40540540540540543,c1b549a58ff43253f689b8c2d5dcc87f4c74e8dc4ef8f241a089a162aea728ec,0,0.0015,eef_joint_1-,0.01,0.0,-0.01,0.0,1,1,,1,1,0.0,3.3563709259033203,0.0,0.0,0.0,0.001660084817558527,0.3056327998638153
PickCube-v1,4,15,0.40540540540540543,c1b549a58ff43253f689b8c2d5dcc87f4c74e8dc4ef8f241a089a162aea728ec,1,0.003,object_pos_x+,0.003,0.003,0.0,0.0,1,1,,1,1,0.16666666666666663,3.3563709259033203,0.0,0.0,0.0,0.001660084817558527,0.3056327998638153
PickCube-v1,4,15,0.40540540540540543,c1b549a58ff43253f689b8c2d5dcc87f4c74e8dc4ef8f241a089a162aea728ec,1,0.003,object_pos_x-,0.003,-0.003,0.0,0.0,1,1,,1,1,0.16666666666666663,3.3563709259033203,0.0,0.0,0.0,0.001660084817558527,0.3056327998638153
PickCube-v1,4,15,0.40540540540540543,c1b549a58ff43253f689b8c2d5dcc87f4c74e8dc4ef8f241a089a162aea728ec,1,0.003,object_pos_y+,0.003,0.0,0.003,0.0,1,1,,1,1,0.16666666666666663,3.3563709259033203,0.0,0.0,0.0,0.001660084817558527,0.3056327998638153
PickCube-v1,4,15,0.40540540540540543,c1b549a58ff43253f689b8c2d5dcc87f4c74e8dc4ef8f241a089a162aea728ec,1,0.003,object_pos_y-,0.003,0.0,-0.003,0.0,1,1,,1,1,0.16666666666666663,3.3563709259033203,0.0,0.0,0.0,0.001660084817558527,0.3056327998638153
PickCube-v1,4,15,0.40540540540540543,c1b549a58ff43253f689b8c2d5dcc87f4c74e8dc4ef8f241a089a162aea728ec,1,0.003,eef_joint_1+,0.02,0.0,0.02,0.0,0,1,,1,1,0.16666666666666663,3.3563709259033203,0.0,0.0,0.0,0.001660084817558527,0.3056327998638153
PickCube-v1,4,15,0.40540540540540543,c1b549a58ff43253f689b8c2d5dcc87f4c74e8dc4ef8f241a089a162aea728ec,1,0.003,eef_joint_1-,0.02,0.0,-0.02,0.0,1,1,,1,1,0.16666666666666663,3.3563709259033203,0.0,0.0,0.0,0.001660084817558527,0.3056327998638153
PickCube-v1,4,15,0.40540540540540543,c1b549a58ff43253f689b8c2d5dcc87f4c74e8dc4ef8f241a089a162aea728ec,2,0.006,object_pos_x+,0.006,0.006,0.0,0.0,1,1,,1,1,0.33333333333333337,3.3563709259033203,0.0,0.0,0.0,0.001660084817558527,0.3056327998638153
PickCube-v1,4,15,0.40540540540540543,c1b549a58ff43253f689b8c2d5dcc87f4c74e8dc4ef8f241a089a162aea728ec,2,0.006,object_pos_x-,0.006,-0.006,0.0,0.0,1,1,,1,1,0.33333333333333337,3.3563709259033203,0.0,0.0,0.0,0.001660084817558527,0.3056327998638153
PickCube-v1,4,15,0.40540540540540543,c1b549a58ff43253f689b8c2d5dcc87f4c74e8dc4ef8f241a089a162aea728ec,2,0.006,object_pos_y+,0.006,0.0,0.006,0.0,1,1,,1,1,0.33333333333333337,3.3563709259033203,0.0,0.0,0.0,0.001660084817558527,0.3056327998638153
PickCube-v1,4,15,0.40540540540540543,c1b549a58ff43253f689b8c2d5dcc87f4c74e8dc4ef8f241a089a162aea728ec,2,0.006,object_pos_y-,0.006,0.0,-0.006,0.0,1,1,,1,1,0.33333333333333337,3.3563709259033203,0.0,0.0,0.0,0.001660084817558527,0.3056327998638153
PickCube-v1,4,15,0.40540540540540543,c1b549a58ff43253f689b8c2d5dcc87f4c74e8dc4ef8f241a089a162aea728ec,2,0.006,eef_joint_1+,0.04,0.0,0.04,0.0,0,1,,1,1,0.33333333333333337,3.3563709259033203,0.0,0.0,0.0,0.001660084817558527,0.3056327998638153
PickCube-v1,4,15,0.40540540540540543,c1b549a58ff43253f689b8c2d5dcc87f4c74e8dc4ef8f241a089a162aea728ec,2,0.006,eef_joint_1-,0.04,0.0,-0.04,0.0,0,1,,1,1,0.33333333333333337,3.3563709259033203,0.0,0.0,0.0,0.001660084817558527,0.3056327998638153
PickCube-v1,4,20,0.5405405405405406,a5bd9a50980bba0ae6c8854b326a67c377959f15990069f233f88c35d568bb16,0,0.0015,object_pos_x+,0.0015,0.0015,0.0,0.0,1,1,,1,1,0.0,3.3563709259033203,0.0,0.0,0.0,0.0008010577294044197,0.3056534230709076
PickCube-v1,4,20,0.5405405405405406,a5bd9a50980bba0ae6c8854b326a67c377959f15990069f233f88c35d568bb16,0,0.0015,object_pos_x-,0.0015,-0.0015,0.0,0.0,1,1,,1,1,0.0,3.3563709259033203,0.0,0.0,0.0,0.0008010577294044197,0.3056534230709076
PickCube-v1,4,20,0.5405405405405406,a5bd9a50980bba0ae6c8854b326a67c377959f15990069f233f88c35d568bb16,0,0.0015,object_pos_y+,0.0015,0.0,0.0015,0.0,1,1,,1,1,0.0,3.3563709259033203,0.0,0.0,0.0,0.0008010577294044197,0.3056534230709076
PickCube-v1,4,20,0.5405405405405406,a5bd9a50980bba0ae6c8854b326a67c377959f15990069f233f88c35d568bb16,0,0.0015,object_pos_y-,0.0015,0.0,-0.0015,0.0,1,1,,1,1,0.0,3.3563709259033203,0.0,0.0,0.0,0.0008010577294044197,0.3056534230709076
PickCube-v1,4,20,0.5405405405405406,a5bd9a50980bba0ae6c8854b326a67c377959f15990069f233f88c35d568bb16,0,0.0015,eef_joint_1+,0.01,0.0,0.01,0.0,1,1,,1,1,0.0,3.3563709259033203,0.0,0.0,0.0,0.0008010577294044197,0.3056534230709076
PickCube-v1,4,20,0.5405405405405406,a5bd9a50980bba0ae6c8854b326a67c377959f15990069f233f88c35d568bb16,0,0.0015,eef_joint_1-,0.01,0.0,-0.01,0.0,1,1,,1,1,0.0,3.3563709259033203,0.0,0.0,0.0,0.0008010577294044197,0.3056534230709076
PickCube-v1,4,20,0.5405405405405406,a5bd9a50980bba0ae6c8854b326a67c377959f15990069f233f88c35d568bb16,1,0.003,object_pos_x+,0.003,0.003,0.0,0.0,1,1,,1,1,0.16666666666666663,3.3563709259033203,0.0,0.0,0.0,0.0008010577294044197,0.3056534230709076
PickCube-v1,4,20,0.5405405405405406,a5bd9a50980bba0ae6c8854b326a67c377959f15990069f233f88c35d568bb16,1,0.003,object_pos_x-,0.003,-0.003,0.0,0.0,1,1,,1,1,0.16666666666666663,3.3563709259033203,0.0,0.0,0.0,0.0008010577294044197,0.3056534230709076
PickCube-v1,4,20,0.5405405405405406,a5bd9a50980bba0ae6c8854b326a67c377959f15990069f233f88c35d568bb16,1,0.003,object_pos_y+,0.003,0.0,0.003,0.0,1,1,,1,1,0.16666666666666663,3.3563709259033203,0.0,0.0,0.0,0.0008010577294044197,0.3056534230709076
PickCube-v1,4,20,0.5405405405405406,a5bd9a50980bba0ae6c8854b326a67c377959f15990069f233f88c35d568bb16,1,0.003,object_pos_y-,0.003,0.0,-0.003,0.0,1,1,,1,1,0.16666666666666663,3.3563709259033203,0.0,0.0,0.0,0.0008010577294044197,0.3056534230709076
PickCube-v1,4,20,0.5405405405405406,a5bd9a50980bba0ae6c8854b326a67c377959f15990069f233f88c35d568bb16,1,0.003,eef_joint_1+,0.02,0.0,0.02,0.0,0,1,,1,1,0.16666666666666663,3.3563709259033203,0.0,0.0,0.0,0.0008010577294044197,0.3056534230709076
PickCube-v1,4,20,0.5405405405405406,a5bd9a50980bba0ae6c8854b326a67c377959f15990069f233f88c35d568bb16,1,0.003,eef_joint_1-,0.02,0.0,-0.02,0.0,1,1,,1,1,0.16666666666666663,3.3563709259033203,0.0,0.0,0.0,0.0008010577294044197,0.3056534230709076
PickCube-v1,4,20,0.5405405405405406,a5bd9a50980bba0ae6c8854b326a67c377959f15990069f233f88c35d568bb16,2,0.006,object_pos_x+,0.006,0.006,0.0,0.0,1,1,,1,1,0.33333333333333337,3.3563709259033203,0.0,0.0,0.0,0.0008010577294044197,0.3056534230709076
PickCube-v1,4,20,0.5405405405405406,a5bd9a50980bba0ae6c8854b326a67c377959f15990069f233f88c35d568bb16,2,0.006,object_pos_x-,0.006,-0.006,0.0,0.0,1,1,,1,1,0.33333333333333337,3.3563709259033203,0.0,0.0,0.0,0.0008010577294044197,0.3056534230709076
PickCube-v1,4,20,0.5405405405405406,a5bd9a50980bba0ae6c8854b326a67c377959f15990069f233f88c35d568bb16,2,0.006,object_pos_y+,0.006,0.0,0.006,0.0,1,1,,1,1,0.33333333333333337,3.3563709259033203,0.0,0.0,0.0,0.0008010577294044197,0.3056534230709076
PickCube-v1,4,20,0.5405405405405406,a5bd9a50980bba0ae6c8854b326a67c377959f15990069f233f88c35d568bb16,2,0.006,object_pos_y-,0.006,0.0,-0.006,0.0,1,1,,1,1,0.33333333333333337,3.3563709259033203,0.0,0.0,0.0,0.0008010577294044197,0.3056534230709076
PickCube-v1,4,20,0.5405405405405406,a5bd9a50980bba0ae6c8854b326a67c377959f15990069f233f88c35d568bb16,2,0.006,eef_joint_1+,0.04,0.0,0.04,0.0,0,1,,1,1,0.33333333333333337,3.3563709259033203,0.0,0.0,0.0,0.0008010577294044197,0.3056534230709076
PickCube-v1,4,20,0.5405405405405406,a5bd9a50980bba0ae6c8854b326a67c377959f15990069f233f88c35d568bb16,2,0.006,eef_joint_1-,0.04,0.0,-0.04,0.0,0,1,,1,1,0.33333333333333337,3.3563709259033203,0.0,0.0,0.0,0.0008010577294044197,0.3056534230709076
PickCube-v1,4,25,0.6756756756756757,f4e2fc37e6b9e96945e043d7d78f141762222ba04a19ebe5dd84c1e7f89c25b1,0,0.0015,object_pos_x+,0.0015,0.0015,0.0,0.0,1,1,,1,1,0.0,3.362265110015869,0.0,0.18000003695487976,0.0,0.0007876215968281031,0.2756442129611969
PickCube-v1,4,25,0.6756756756756757,f4e2fc37e6b9e96945e043d7d78f141762222ba04a19ebe5dd84c1e7f89c25b1,0,0.0015,object_pos_x-,0.0015,-0.0015,0.0,0.0,1,1,,1,1,0.0,3.362265110015869,0.0,0.18000003695487976,0.0,0.0007876215968281031,0.2756442129611969
PickCube-v1,4,25,0.6756756756756757,f4e2fc37e6b9e96945e043d7d78f141762222ba04a19ebe5dd84c1e7f89c25b1,0,0.0015,object_pos_y+,0.0015,0.0,0.0015,0.0,1,1,,1,1,0.0,3.362265110015869,0.0,0.18000003695487976,0.0,0.0007876215968281031,0.2756442129611969
PickCube-v1,4,25,0.6756756756756757,f4e2fc37e6b9e96945e043d7d78f141762222ba04a19ebe5dd84c1e7f89c25b1,0,0.0015,object_pos_y-,0.0015,0.0,-0.0015,0.0,1,1,,1,1,0.0,3.362265110015869,0.0,0.18000003695487976,0.0,0.0007876215968281031,0.2756442129611969
PickCube-v1,4,25,0.6756756756756757,f4e2fc37e6b9e96945e043d7d78f141762222ba04a19ebe5dd84c1e7f89c25b1,0,0.0015,eef_joint_1+,0.01,0.0,0.01,0.0,1,1,,1,1,0.0,3.362265110015869,0.0,0.18000003695487976,0.0,0.0007876215968281031,0.2756442129611969
PickCube-v1,4,25,0.6756756756756757,f4e2fc37e6b9e96945e043d7d78f141762222ba04a19ebe5dd84c1e7f89c25b1,0,0.0015,eef_joint_1-,0.01,0.0,-0.01,0.0,1,1,,1,1,0.0,3.362265110015869,0.0,0.18000003695487976,0.0,0.0007876215968281031,0.2756442129611969
PickCube-v1,4,25,0.6756756756756757,f4e2fc37e6b9e96945e043d7d78f141762222ba04a19ebe5dd84c1e7f89c25b1,1,0.003,object_pos_x+,0.003,0.003,0.0,0.0,1,1,,1,1,0.16666666666666663,3.362265110015869,0.0,0.18000003695487976,0.0,0.0007876215968281031,0.2756442129611969
PickCube-v1,4,25,0.6756756756756757,f4e2fc37e6b9e96945e043d7d78f141762222ba04a19ebe5dd84c1e7f89c25b1,1,0.003,object_pos_x-,0.003,-0.003,0.0,0.0,1,1,,1,1,0.16666666666666663,3.362265110015869,0.0,0.18000003695487976,0.0,0.0007876215968281031,0.2756442129611969
PickCube-v1,4,25,0.6756756756756757,f4e2fc37e6b9e96945e043d7d78f141762222ba04a19ebe5dd84c1e7f89c25b1,1,0.003,object_pos_y+,0.003,0.0,0.003,0.0,1,1,,1,1,0.16666666666666663,3.362265110015869,0.0,0.18000003695487976,0.0,0.0007876215968281031,0.2756442129611969
PickCube-v1,4,25,0.6756756756756757,f4e2fc37e6b9e96945e043d7d78f141762222ba04a19ebe5dd84c1e7f89c25b1,1,0.003,object_pos_y-,0.003,0.0,-0.003,0.0,1,1,,1,1,0.16666666666666663,3.362265110015869,0.0,0.18000003695487976,0.0,0.0007876215968281031,0.2756442129611969
PickCube-v1,4,25,0.6756756756756757,f4e2fc37e6b9e96945e043d7d78f141762222ba04a19ebe5dd84c1e7f89c25b1,1,0.003,eef_joint_1+,0.02,0.0,0.02,0.0,0,1,,1,1,0.16666666666666663,3.362265110015869,0.0,0.18000003695487976,0.0,0.0007876215968281031,0.2756442129611969
PickCube-v1,4,25,0.6756756756756757,f4e2fc37e6b9e96945e043d7d78f141762222ba04a19ebe5dd84c1e7f89c25b1,1,0.003,eef_joint_1-,0.02,0.0,-0.02,0.0,1,1,,1,1,0.16666666666666663,3.362265110015869,0.0,0.18000003695487976,0.0,0.0007876215968281031,0.2756442129611969
PickCube-v1,4,25,0.6756756756756757,f4e2fc37e6b9e96945e043d7d78f141762222ba04a19ebe5dd84c1e7f89c25b1,2,0.006,object_pos_x+,0.006,0.006,0.0,0.0,1,1,,1,1,0.33333333333333337,3.362265110015869,0.0,0.18000003695487976,0.0,0.0007876215968281031,0.2756442129611969
PickCube-v1,4,25,0.6756756756756757,f4e2fc37e6b9e96945e043d7d78f141762222ba04a19ebe5dd84c1e7f89c25b1,2,0.006,object_pos_x-,0.006,-0.006,0.0,0.0,1,1,,1,1,0.33333333333333337,3.362265110015869,0.0,0.18000003695487976,0.0,0.0007876215968281031,0.2756442129611969
PickCube-v1,4,25,0.6756756756756757,f4e2fc37e6b9e96945e043d7d78f141762222ba04a19ebe5dd84c1e7f89c25b1,2,0.006,object_pos_y+,0.006,0.0,0.006,0.0,1,1,,1,1,0.33333333333333337,3.362265110015869,0.0,0.18000003695487976,0.0,0.0007876215968281031,0.2756442129611969
PickCube-v1,4,25,0.6756756756756757,f4e2fc37e6b9e96945e043d7d78f141762222ba04a19ebe5dd84c1e7f89c25b1,2,0.006,object_pos_y-,0.006,0.0,-0.006,0.0,1,1,,1,1,0.33333333333333337,3.362265110015869,0.0,0.18000003695487976,0.0,0.0007876215968281031,0.2756442129611969
PickCube-v1,4,25,0.6756756756756757,f4e2fc37e6b9e96945e043d7d78f141762222ba04a19ebe5dd84c1e7f89c25b1,2,0.006,eef_joint_1+,0.04,0.0,0.04,0.0,0,1,,1,1,0.33333333333333337,3.362265110015869,0.0,0.18000003695487976,0.0,0.0007876215968281031,0.2756442129611969
PickCube-v1,4,25,0.6756756756756757,f4e2fc37e6b9e96945e043d7d78f141762222ba04a19ebe5dd84c1e7f89c25b1,2,0.006,eef_joint_1-,0.04,0.0,-0.04,0.0,0,1,,1,1,0.33333333333333337,3.362265110015869,0.0,0.18000003695487976,0.0,0.0007876215968281031,0.2756442129611969
PickCube-v1,4,30,0.8108108108108109,55dce4ea02d871d8b2f06829d35b2f566828bcef6c25399504ac04cf159adbc2,0,0.0015,object_pos_x+,0.0015,0.0015,0.0,0.0,1,1,,1,1,0.0,3.362265110015869,0.0,0.0,0.0,0.0008065411238931119,0.1684715747833252
PickCube-v1,4,30,0.8108108108108109,55dce4ea02d871d8b2f06829d35b2f566828bcef6c25399504ac04cf159adbc2,0,0.0015,object_pos_x-,0.0015,-0.0015,0.0,0.0,1,1,,1,1,0.0,3.362265110015869,0.0,0.0,0.0,0.0008065411238931119,0.1684715747833252
PickCube-v1,4,30,0.8108108108108109,55dce4ea02d871d8b2f06829d35b2f566828bcef6c25399504ac04cf159adbc2,0,0.0015,object_pos_y+,0.0015,0.0,0.0015,0.0,1,1,,1,1,0.0,3.362265110015869,0.0,0.0,0.0,0.0008065411238931119,0.1684715747833252
PickCube-v1,4,30,0.8108108108108109,55dce4ea02d871d8b2f06829d35b2f566828bcef6c25399504ac04cf159adbc2,0,0.0015,object_pos_y-,0.0015,0.0,-0.0015,0.0,1,1,,1,1,0.0,3.362265110015869,0.0,0.0,0.0,0.0008065411238931119,0.1684715747833252
PickCube-v1,4,30,0.8108108108108109,55dce4ea02d871d8b2f06829d35b2f566828bcef6c25399504ac04cf159adbc2,0,0.0015,eef_joint_1+,0.01,0.0,0.01,0.0,1,1,,1,1,0.0,3.362265110015869,0.0,0.0,0.0,0.0008065411238931119,0.1684715747833252
PickCube-v1,4,30,0.8108108108108109,55dce4ea02d871d8b2f06829d35b2f566828bcef6c25399504ac04cf159adbc2,0,0.0015,eef_joint_1-,0.01,0.0,-0.01,0.0,1,1,,1,1,0.0,3.362265110015869,0.0,0.0,0.0,0.0008065411238931119,0.1684715747833252
PickCube-v1,4,30,0.8108108108108109,55dce4ea02d871d8b2f06829d35b2f566828bcef6c25399504ac04cf159adbc2,1,0.003,object_pos_x+,0.003,0.003,0.0,0.0,1,1,,1,1,0.16666666666666663,3.362265110015869,0.0,0.0,0.0,0.0008065411238931119,0.1684715747833252
PickCube-v1,4,30,0.8108108108108109,55dce4ea02d871d8b2f06829d35b2f566828bcef6c25399504ac04cf159adbc2,1,0.003,object_pos_x-,0.003,-0.003,0.0,0.0,1,1,,1,1,0.16666666666666663,3.362265110015869,0.0,0.0,0.0,0.0008065411238931119,0.1684715747833252
PickCube-v1,4,30,0.8108108108108109,55dce4ea02d871d8b2f06829d35b2f566828bcef6c25399504ac04cf159adbc2,1,0.003,object_pos_y+,0.003,0.0,0.003,0.0,1,1,,1,1,0.16666666666666663,3.362265110015869,0.0,0.0,0.0,0.0008065411238931119,0.1684715747833252
PickCube-v1,4,30,0.8108108108108109,55dce4ea02d871d8b2f06829d35b2f566828bcef6c25399504ac04cf159adbc2,1,0.003,object_pos_y-,0.003,0.0,-0.003,0.0,1,1,,1,1,0.16666666666666663,3.362265110015869,0.0,0.0,0.0,0.0008065411238931119,0.1684715747833252
PickCube-v1,4,30,0.8108108108108109,55dce4ea02d871d8b2f06829d35b2f566828bcef6c25399504ac04cf159adbc2,1,0.003,eef_joint_1+,0.02,0.0,0.02,0.0,0,1,,1,1,0.16666666666666663,3.362265110015869,0.0,0.0,0.0,0.0008065411238931119,0.1684715747833252
PickCube-v1,4,30,0.8108108108108109,55dce4ea02d871d8b2f06829d35b2f566828bcef6c25399504ac04cf159adbc2,1,0.003,eef_joint_1-,0.02,0.0,-0.02,0.0,1,1,,1,1,0.16666666666666663,3.362265110015869,0.0,0.0,0.0,0.0008065411238931119,0.1684715747833252
PickCube-v1,4,30,0.8108108108108109,55dce4ea02d871d8b2f06829d35b2f566828bcef6c25399504ac04cf159adbc2,2,0.006,object_pos_x+,0.006,0.006,0.0,0.0,1,1,,1,1,0.33333333333333337,3.362265110015869,0.0,0.0,0.0,0.0008065411238931119,0.1684715747833252
PickCube-v1,4,30,0.8108108108108109,55dce4ea02d871d8b2f06829d35b2f566828bcef6c25399504ac04cf159adbc2,2,0.006,object_pos_x-,0.006,-0.006,0.0,0.0,1,1,,1,1,0.33333333333333337,3.362265110015869,0.0,0.0,0.0,0.0008065411238931119,0.1684715747833252
PickCube-v1,4,30,0.8108108108108109,55dce4ea02d871d8b2f06829d35b2f566828bcef6c25399504ac04cf159adbc2,2,0.006,object_pos_y+,0.006,0.0,0.006,0.0,1,1,,1,1,0.33333333333333337,3.362265110015869,0.0,0.0,0.0,0.0008065411238931119,0.1684715747833252
PickCube-v1,4,30,0.8108108108108109,55dce4ea02d871d8b2f06829d35b2f566828bcef6c25399504ac04cf159adbc2,2,0.006,object_pos_y-,0.006,0.0,-0.006,0.0,1,1,,1,1,0.33333333333333337,3.362265110015869,0.0,0.0,0.0,0.0008065411238931119,0.1684715747833252
PickCube-v1,4,30,0.8108108108108109,55dce4ea02d871d8b2f06829d35b2f566828bcef6c25399504ac04cf159adbc2,2,0.006,eef_joint_1+,0.04,0.0,0.04,0.0,0,1,,1,1,0.33333333333333337,3.362265110015869,0.0,0.0,0.0,0.0008065411238931119,0.1684715747833252
PickCube-v1,4,30,0.8108108108108109,55dce4ea02d871d8b2f06829d35b2f566828bcef6c25399504ac04cf159adbc2,2,0.006,eef_joint_1-,0.04,0.0,-0.04,0.0,0,1,,1,1,0.33333333333333337,3.362265110015869,0.0,0.0,0.0,0.0008065411238931119,0.1684715747833252
PickCube-v1,4,35,0.9459459459459459,008fa96ac5184ab70ca43de3656f92d7429390766362a6214845daf3b6ac62d1,0,0.0015,object_pos_x+,0.0015,0.0015,0.0,0.0,1,1,,1,1,0.0,3.352771282196045,0.0,0.0,0.0,0.0008128214976750314,0.03549310192465782
PickCube-v1,4,35,0.9459459459459459,008fa96ac5184ab70ca43de3656f92d7429390766362a6214845daf3b6ac62d1,0,0.0015,object_pos_x-,0.0015,-0.0015,0.0,0.0,1,1,,1,1,0.0,3.352771282196045,0.0,0.0,0.0,0.0008128214976750314,0.03549310192465782
PickCube-v1,4,35,0.9459459459459459,008fa96ac5184ab70ca43de3656f92d7429390766362a6214845daf3b6ac62d1,0,0.0015,object_pos_y+,0.0015,0.0,0.0015,0.0,1,1,,1,1,0.0,3.352771282196045,0.0,0.0,0.0,0.0008128214976750314,0.03549310192465782
PickCube-v1,4,35,0.9459459459459459,008fa96ac5184ab70ca43de3656f92d7429390766362a6214845daf3b6ac62d1,0,0.0015,object_pos_y-,0.0015,0.0,-0.0015,0.0,1,1,,1,1,0.0,3.352771282196045,0.0,0.0,0.0,0.0008128214976750314,0.03549310192465782
PickCube-v1,4,35,0.9459459459459459,008fa96ac5184ab70ca43de3656f92d7429390766362a6214845daf3b6ac62d1,0,0.0015,eef_joint_1+,0.01,0.0,0.01,0.0,1,1,,1,1,0.0,3.352771282196045,0.0,0.0,0.0,0.0008128214976750314,0.03549310192465782
PickCube-v1,4,35,0.9459459459459459,008fa96ac5184ab70ca43de3656f92d7429390766362a6214845daf3b6ac62d1,0,0.0015,eef_joint_1-,0.01,0.0,-0.01,0.0,1,1,,1,1,0.0,3.352771282196045,0.0,0.0,0.0,0.0008128214976750314,0.03549310192465782
PickCube-v1,4,35,0.9459459459459459,008fa96ac5184ab70ca43de3656f92d7429390766362a6214845daf3b6ac62d1,1,0.003,object_pos_x+,0.003,0.003,0.0,0.0,1,1,,1,1,0.16666666666666663,3.352771282196045,0.0,0.0,0.0,0.0008128214976750314,0.03549310192465782
PickCube-v1,4,35,0.9459459459459459,008fa96ac5184ab70ca43de3656f92d7429390766362a6214845daf3b6ac62d1,1,0.003,object_pos_x-,0.003,-0.003,0.0,0.0,1,1,,1,1,0.16666666666666663,3.352771282196045,0.0,0.0,0.0,0.0008128214976750314,0.03549310192465782
PickCube-v1,4,35,0.9459459459459459,008fa96ac5184ab70ca43de3656f92d7429390766362a6214845daf3b6ac62d1,1,0.003,object_pos_y+,0.003,0.0,0.003,0.0,1,1,,1,1,0.16666666666666663,3.352771282196045,0.0,0.0,0.0,0.0008128214976750314,0.03549310192465782
PickCube-v1,4,35,0.9459459459459459,008fa96ac5184ab70ca43de3656f92d7429390766362a6214845daf3b6ac62d1,1,0.003,object_pos_y-,0.003,0.0,-0.003,0.0,1,1,,1,1,0.16666666666666663,3.352771282196045,0.0,0.0,0.0,0.0008128214976750314,0.03549310192465782
PickCube-v1,4,35,0.9459459459459459,008fa96ac5184ab70ca43de3656f92d7429390766362a6214845daf3b6ac62d1,1,0.003,eef_joint_1+,0.02,0.0,0.02,0.0,0,1,,1,1,0.16666666666666663,3.352771282196045,0.0,0.0,0.0,0.0008128214976750314,0.03549310192465782
PickCube-v1,4,35,0.9459459459459459,008fa96ac5184ab70ca43de3656f92d7429390766362a6214845daf3b6ac62d1,1,0.003,eef_joint_1-,0.02,0.0,-0.02,0.0,1,1,,1,1,0.16666666666666663,3.352771282196045,0.0,0.0,0.0,0.0008128214976750314,0.03549310192465782
PickCube-v1,4,35,0.9459459459459459,008fa96ac5184ab70ca43de3656f92d7429390766362a6214845daf3b6ac62d1,2,0.006,object_pos_x+,0.006,0.006,0.0,0.0,1,1,,1,1,0.33333333333333337,3.352771282196045,0.0,0.0,0.0,0.0008128214976750314,0.03549310192465782
PickCube-v1,4,35,0.9459459459459459,008fa96ac5184ab70ca43de3656f92d7429390766362a6214845daf3b6ac62d1,2,0.006,object_pos_x-,0.006,-0.006,0.0,0.0,1,1,,1,1,0.33333333333333337,3.352771282196045,0.0,0.0,0.0,0.0008128214976750314,0.03549310192465782
PickCube-v1,4,35,0.9459459459459459,008fa96ac5184ab70ca43de3656f92d7429390766362a6214845daf3b6ac62d1,2,0.006,object_pos_y+,0.006,0.0,0.006,0.0,1,1,,1,1,0.33333333333333337,3.352771282196045,0.0,0.0,0.0,0.0008128214976750314,0.03549310192465782
PickCube-v1,4,35,0.9459459459459459,008fa96ac5184ab70ca43de3656f92d7429390766362a6214845daf3b6ac62d1,2,0.006,object_pos_y-,0.006,0.0,-0.006,0.0,1,1,,1,1,0.33333333333333337,3.352771282196045,0.0,0.0,0.0,0.0008128214976750314,0.03549310192465782
PickCube-v1,4,35,0.9459459459459459,008fa96ac5184ab70ca43de3656f92d7429390766362a6214845daf3b6ac62d1,2,0.006,eef_joint_1+,0.04,0.0,0.04,0.0,0,1,,1,1,0.33333333333333337,3.352771282196045,0.0,0.0,0.0,0.0008128214976750314,0.03549310192465782
PickCube-v1,4,35,0.9459459459459459,008fa96ac5184ab70ca43de3656f92d7429390766362a6214845daf3b6ac62d1,2,0.006,eef_joint_1-,0.04,0.0,-0.04,0.0,0,1,,1,1,0.33333333333333337,3.352771282196045,0.0,0.0,0.0,0.0008128214976750314,0.03549310192465782
PickCube-v1,5,0,0.0,4650c63ad33fc2ac9735a3b1b9c8efffd78628556ae46831123c9bacf29c82a2,0,0.0015,object_pos_x+,0.0015,0.0015,0.0,0.0,1,1,,1,1,0.0,3.405750274658203,3.405750274658203,3.405750274658203,1.0,0.20040163397789001,0.2635056972503662
PickCube-v1,5,0,0.0,4650c63ad33fc2ac9735a3b1b9c8efffd78628556ae46831123c9bacf29c82a2,0,0.0015,object_pos_x-,0.0015,-0.0015,0.0,0.0,1,1,,1,1,0.0,3.405750274658203,3.405750274658203,3.405750274658203,1.0,0.20040163397789001,0.2635056972503662
PickCube-v1,5,0,0.0,4650c63ad33fc2ac9735a3b1b9c8efffd78628556ae46831123c9bacf29c82a2,0,0.0015,object_pos_y+,0.0015,0.0,0.0015,0.0,1,1,,1,1,0.0,3.405750274658203,3.405750274658203,3.405750274658203,1.0,0.20040163397789001,0.2635056972503662
PickCube-v1,5,0,0.0,4650c63ad33fc2ac9735a3b1b9c8efffd78628556ae46831123c9bacf29c82a2,0,0.0015,object_pos_y-,0.0015,0.0,-0.0015,0.0,1,1,,1,1,0.0,3.405750274658203,3.405750274658203,3.405750274658203,1.0,0.20040163397789001,0.2635056972503662
PickCube-v1,5,0,0.0,4650c63ad33fc2ac9735a3b1b9c8efffd78628556ae46831123c9bacf29c82a2,0,0.0015,eef_joint_1+,0.01,0.0,0.01,0.0,1,1,,1,1,0.0,3.405750274658203,3.405750274658203,3.405750274658203,1.0,0.20040163397789001,0.2635056972503662
PickCube-v1,5,0,0.0,4650c63ad33fc2ac9735a3b1b9c8efffd78628556ae46831123c9bacf29c82a2,0,0.0015,eef_joint_1-,0.01,0.0,-0.01,0.0,1,1,,1,1,0.0,3.405750274658203,3.405750274658203,3.405750274658203,1.0,0.20040163397789001,0.2635056972503662
PickCube-v1,5,0,0.0,4650c63ad33fc2ac9735a3b1b9c8efffd78628556ae46831123c9bacf29c82a2,1,0.003,object_pos_x+,0.003,0.003,0.0,0.0,1,1,,1,1,0.0,3.405750274658203,3.405750274658203,3.405750274658203,1.0,0.20040163397789001,0.2635056972503662
PickCube-v1,5,0,0.0,4650c63ad33fc2ac9735a3b1b9c8efffd78628556ae46831123c9bacf29c82a2,1,0.003,object_pos_x-,0.003,-0.003,0.0,0.0,1,1,,1,1,0.0,3.405750274658203,3.405750274658203,3.405750274658203,1.0,0.20040163397789001,0.2635056972503662
PickCube-v1,5,0,0.0,4650c63ad33fc2ac9735a3b1b9c8efffd78628556ae46831123c9bacf29c82a2,1,0.003,object_pos_y+,0.003,0.0,0.003,0.0,1,1,,1,1,0.0,3.405750274658203,3.405750274658203,3.405750274658203,1.0,0.20040163397789001,0.2635056972503662
PickCube-v1,5,0,0.0,4650c63ad33fc2ac9735a3b1b9c8efffd78628556ae46831123c9bacf29c82a2,1,0.003,object_pos_y-,0.003,0.0,-0.003,0.0,1,1,,1,1,0.0,3.405750274658203,3.405750274658203,3.405750274658203,1.0,0.20040163397789001,0.2635056972503662
PickCube-v1,5,0,0.0,4650c63ad33fc2ac9735a3b1b9c8efffd78628556ae46831123c9bacf29c82a2,1,0.003,eef_joint_1+,0.02,0.0,0.02,0.0,1,1,,1,1,0.0,3.405750274658203,3.405750274658203,3.405750274658203,1.0,0.20040163397789001,0.2635056972503662
PickCube-v1,5,0,0.0,4650c63ad33fc2ac9735a3b1b9c8efffd78628556ae46831123c9bacf29c82a2,1,0.003,eef_joint_1-,0.02,0.0,-0.02,0.0,1,1,,1,1,0.0,3.405750274658203,3.405750274658203,3.405750274658203,1.0,0.20040163397789001,0.2635056972503662
PickCube-v1,5,0,0.0,4650c63ad33fc2ac9735a3b1b9c8efffd78628556ae46831123c9bacf29c82a2,2,0.006,object_pos_x+,0.006,0.006,0.0,0.0,1,1,,1,1,0.33333333333333337,3.405750274658203,3.405750274658203,3.405750274658203,1.0,0.20040163397789001,0.2635056972503662
PickCube-v1,5,0,0.0,4650c63ad33fc2ac9735a3b1b9c8efffd78628556ae46831123c9bacf29c82a2,2,0.006,object_pos_x-,0.006,-0.006,0.0,0.0,1,1,,1,1,0.33333333333333337,3.405750274658203,3.405750274658203,3.405750274658203,1.0,0.20040163397789001,0.2635056972503662
PickCube-v1,5,0,0.0,4650c63ad33fc2ac9735a3b1b9c8efffd78628556ae46831123c9bacf29c82a2,2,0.006,object_pos_y+,0.006,0.0,0.006,0.0,1,1,,1,1,0.33333333333333337,3.405750274658203,3.405750274658203,3.405750274658203,1.0,0.20040163397789001,0.2635056972503662
PickCube-v1,5,0,0.0,4650c63ad33fc2ac9735a3b1b9c8efffd78628556ae46831123c9bacf29c82a2,2,0.006,object_pos_y-,0.006,0.0,-0.006,0.0,1,1,,1,1,0.33333333333333337,3.405750274658203,3.405750274658203,3.405750274658203,1.0,0.20040163397789001,0.2635056972503662
PickCube-v1,5,0,0.0,4650c63ad33fc2ac9735a3b1b9c8efffd78628556ae46831123c9bacf29c82a2,2,0.006,eef_joint_1+,0.04,0.0,0.04,0.0,0,1,,1,1,0.33333333333333337,3.405750274658203,3.405750274658203,3.405750274658203,1.0,0.20040163397789001,0.2635056972503662
PickCube-v1,5,0,0.0,4650c63ad33fc2ac9735a3b1b9c8efffd78628556ae46831123c9bacf29c82a2,2,0.006,eef_joint_1-,0.04,0.0,-0.04,0.0,0,1,,1,1,0.33333333333333337,3.405750274658203,3.405750274658203,3.405750274658203,1.0,0.20040163397789001,0.2635056972503662
PickCube-v1,5,5,0.13157894736842105,418bfff976c69297661d2c689fec0c97295cf4bf869bae58a4e3beb0aec8aaad,0,0.0015,object_pos_x+,0.0015,0.0015,0.0,0.0,1,1,,1,1,0.0,3.405750274658203,0.0,0.0,0.0,0.07234125584363937,0.26350563764572144
PickCube-v1,5,5,0.13157894736842105,418bfff976c69297661d2c689fec0c97295cf4bf869bae58a4e3beb0aec8aaad,0,0.0015,object_pos_x-,0.0015,-0.0015,0.0,0.0,1,1,,1,1,0.0,3.405750274658203,0.0,0.0,0.0,0.07234125584363937,0.26350563764572144
PickCube-v1,5,5,0.13157894736842105,418bfff976c69297661d2c689fec0c97295cf4bf869bae58a4e3beb0aec8aaad,0,0.0015,object_pos_y+,0.0015,0.0,0.0015,0.0,1,1,,1,1,0.0,3.405750274658203,0.0,0.0,0.0,0.07234125584363937,0.26350563764572144
PickCube-v1,5,5,0.13157894736842105,418bfff976c69297661d2c689fec0c97295cf4bf869bae58a4e3beb0aec8aaad,0,0.0015,object_pos_y-,0.0015,0.0,-0.0015,0.0,1,1,,1,1,0.0,3.405750274658203,0.0,0.0,0.0,0.07234125584363937,0.26350563764572144
PickCube-v1,5,5,0.13157894736842105,418bfff976c69297661d2c689fec0c97295cf4bf869bae58a4e3beb0aec8aaad,0,0.0015,eef_joint_1+,0.01,0.0,0.01,0.0,1,1,,1,1,0.0,3.405750274658203,0.0,0.0,0.0,0.07234125584363937,0.26350563764572144
PickCube-v1,5,5,0.13157894736842105,418bfff976c69297661d2c689fec0c97295cf4bf869bae58a4e3beb0aec8aaad,0,0.0015,eef_joint_1-,0.01,0.0,-0.01,0.0,1,1,,1,1,0.0,3.405750274658203,0.0,0.0,0.0,0.07234125584363937,0.26350563764572144
PickCube-v1,5,5,0.13157894736842105,418bfff976c69297661d2c689fec0c97295cf4bf869bae58a4e3beb0aec8aaad,1,0.003,object_pos_x+,0.003,0.003,0.0,0.0,1,1,,1,1,0.0,3.405750274658203,0.0,0.0,0.0,0.07234125584363937,0.26350563764572144
PickCube-v1,5,5,0.13157894736842105,418bfff976c69297661d2c689fec0c97295cf4bf869bae58a4e3beb0aec8aaad,1,0.003,object_pos_x-,0.003,-0.003,0.0,0.0,1,1,,1,1,0.0,3.405750274658203,0.0,0.0,0.0,0.07234125584363937,0.26350563764572144
PickCube-v1,5,5,0.13157894736842105,418bfff976c69297661d2c689fec0c97295cf4bf869bae58a4e3beb0aec8aaad,1,0.003,object_pos_y+,0.003,0.0,0.003,0.0,1,1,,1,1,0.0,3.405750274658203,0.0,0.0,0.0,0.07234125584363937,0.26350563764572144
PickCube-v1,5,5,0.13157894736842105,418bfff976c69297661d2c689fec0c97295cf4bf869bae58a4e3beb0aec8aaad,1,0.003,object_pos_y-,0.003,0.0,-0.003,0.0,1,1,,1,1,0.0,3.405750274658203,0.0,0.0,0.0,0.07234125584363937,0.26350563764572144
PickCube-v1,5,5,0.13157894736842105,418bfff976c69297661d2c689fec0c97295cf4bf869bae58a4e3beb0aec8aaad,1,0.003,eef_joint_1+,0.02,0.0,0.02,0.0,1,1,,1,1,0.0,3.405750274658203,0.0,0.0,0.0,0.07234125584363937,0.26350563764572144
PickCube-v1,5,5,0.13157894736842105,418bfff976c69297661d2c689fec0c97295cf4bf869bae58a4e3beb0aec8aaad,1,0.003,eef_joint_1-,0.02,0.0,-0.02,0.0,1,1,,1,1,0.0,3.405750274658203,0.0,0.0,0.0,0.07234125584363937,0.26350563764572144
PickCube-v1,5,5,0.13157894736842105,418bfff976c69297661d2c689fec0c97295cf4bf869bae58a4e3beb0aec8aaad,2,0.006,object_pos_x+,0.006,0.006,0.0,0.0,1,1,,1,1,0.33333333333333337,3.405750274658203,0.0,0.0,0.0,0.07234125584363937,0.26350563764572144
PickCube-v1,5,5,0.13157894736842105,418bfff976c69297661d2c689fec0c97295cf4bf869bae58a4e3beb0aec8aaad,2,0.006,object_pos_x-,0.006,-0.006,0.0,0.0,1,1,,1,1,0.33333333333333337,3.405750274658203,0.0,0.0,0.0,0.07234125584363937,0.26350563764572144
PickCube-v1,5,5,0.13157894736842105,418bfff976c69297661d2c689fec0c97295cf4bf869bae58a4e3beb0aec8aaad,2,0.006,object_pos_y+,0.006,0.0,0.006,0.0,1,1,,1,1,0.33333333333333337,3.405750274658203,0.0,0.0,0.0,0.07234125584363937,0.26350563764572144
PickCube-v1,5,5,0.13157894736842105,418bfff976c69297661d2c689fec0c97295cf4bf869bae58a4e3beb0aec8aaad,2,0.006,object_pos_y-,0.006,0.0,-0.006,0.0,1,1,,1,1,0.33333333333333337,3.405750274658203,0.0,0.0,0.0,0.07234125584363937,0.26350563764572144
PickCube-v1,5,5,0.13157894736842105,418bfff976c69297661d2c689fec0c97295cf4bf869bae58a4e3beb0aec8aaad,2,0.006,eef_joint_1+,0.04,0.0,0.04,0.0,0,1,,1,1,0.33333333333333337,3.405750274658203,0.0,0.0,0.0,0.07234125584363937,0.26350563764572144
PickCube-v1,5,5,0.13157894736842105,418bfff976c69297661d2c689fec0c97295cf4bf869bae58a4e3beb0aec8aaad,2,0.006,eef_joint_1-,0.04,0.0,-0.04,0.0,0,1,,1,1,0.33333333333333337,3.405750274658203,0.0,0.0,0.0,0.07234125584363937,0.26350563764572144
PickCube-v1,5,10,0.2631578947368421,9b842959f202c7e8353e79343aff14d8081864eb54bd5198b466b2b3dbca272d,0,0.0015,object_pos_x+,0.0015,0.0015,0.0,0.0,1,1,,1,1,0.0,3.4046196937561035,0.0,0.0,0.0,0.032960306853055954,0.2635056674480438
PickCube-v1,5,10,0.2631578947368421,9b842959f202c7e8353e79343aff14d8081864eb54bd5198b466b2b3dbca272d,0,0.0015,object_pos_x-,0.0015,-0.0015,0.0,0.0,1,1,,1,1,0.0,3.4046196937561035,0.0,0.0,0.0,0.032960306853055954,0.2635056674480438
PickCube-v1,5,10,0.2631578947368421,9b842959f202c7e8353e79343aff14d8081864eb54bd5198b466b2b3dbca272d,0,0.0015,object_pos_y+,0.0015,0.0,0.0015,0.0,1,1,,1,1,0.0,3.4046196937561035,0.0,0.0,0.0,0.032960306853055954,0.2635056674480438
PickCube-v1,5,10,0.2631578947368421,9b842959f202c7e8353e79343aff14d8081864eb54bd5198b466b2b3dbca272d,0,0.0015,object_pos_y-,0.0015,0.0,-0.0015,0.0,1,1,,1,1,0.0,3.4046196937561035,0.0,0.0,0.0,0.032960306853055954,0.2635056674480438
PickCube-v1,5,10,0.2631578947368421,9b842959f202c7e8353e79343aff14d8081864eb54bd5198b466b2b3dbca272d,0,0.0015,eef_joint_1+,0.01,0.0,0.01,0.0,1,1,,1,1,0.0,3.4046196937561035,0.0,0.0,0.0,0.032960306853055954,0.2635056674480438
PickCube-v1,5,10,0.2631578947368421,9b842959f202c7e8353e79343aff14d8081864eb54bd5198b466b2b3dbca272d,0,0.0015,eef_joint_1-,0.01,0.0,-0.01,0.0,1,1,,1,1,0.0,3.4046196937561035,0.0,0.0,0.0,0.032960306853055954,0.2635056674480438
PickCube-v1,5,10,0.2631578947368421,9b842959f202c7e8353e79343aff14d8081864eb54bd5198b466b2b3dbca272d,1,0.003,object_pos_x+,0.003,0.003,0.0,0.0,1,1,,1,1,0.0,3.4046196937561035,0.0,0.0,0.0,0.032960306853055954,0.2635056674480438
PickCube-v1,5,10,0.2631578947368421,9b842959f202c7e8353e79343aff14d8081864eb54bd5198b466b2b3dbca272d,1,0.003,object_pos_x-,0.003,-0.003,0.0,0.0,1,1,,1,1,0.0,3.4046196937561035,0.0,0.0,0.0,0.032960306853055954,0.2635056674480438
PickCube-v1,5,10,0.2631578947368421,9b842959f202c7e8353e79343aff14d8081864eb54bd5198b466b2b3dbca272d,1,0.003,object_pos_y+,0.003,0.0,0.003,0.0,1,1,,1,1,0.0,3.4046196937561035,0.0,0.0,0.0,0.032960306853055954,0.2635056674480438
PickCube-v1,5,10,0.2631578947368421,9b842959f202c7e8353e79343aff14d8081864eb54bd5198b466b2b3dbca272d,1,0.003,object_pos_y-,0.003,0.0,-0.003,0.0,1,1,,1,1,0.0,3.4046196937561035,0.0,0.0,0.0,0.032960306853055954,0.2635056674480438
PickCube-v1,5,10,0.2631578947368421,9b842959f202c7e8353e79343aff14d8081864eb54bd5198b466b2b3dbca272d,1,0.003,eef_joint_1+,0.02,0.0,0.02,0.0,1,1,,1,1,0.0,3.4046196937561035,0.0,0.0,0.0,0.032960306853055954,0.2635056674480438
PickCube-v1,5,10,0.2631578947368421,9b842959f202c7e8353e79343aff14d8081864eb54bd5198b466b2b3dbca272d,1,0.003,eef_joint_1-,0.02,0.0,-0.02,0.0,1,1,,1,1,0.0,3.4046196937561035,0.0,0.0,0.0,0.032960306853055954,0.2635056674480438
PickCube-v1,5,10,0.2631578947368421,9b842959f202c7e8353e79343aff14d8081864eb54bd5198b466b2b3dbca272d,2,0.006,object_pos_x+,0.006,0.006,0.0,0.0,1,1,,1,1,0.33333333333333337,3.4046196937561035,0.0,0.0,0.0,0.032960306853055954,0.2635056674480438
PickCube-v1,5,10,0.2631578947368421,9b842959f202c7e8353e79343aff14d8081864eb54bd5198b466b2b3dbca272d,2,0.006,object_pos_x-,0.006,-0.006,0.0,0.0,1,1,,1,1,0.33333333333333337,3.4046196937561035,0.0,0.0,0.0,0.032960306853055954,0.2635056674480438
PickCube-v1,5,10,0.2631578947368421,9b842959f202c7e8353e79343aff14d8081864eb54bd5198b466b2b3dbca272d,2,0.006,object_pos_y+,0.006,0.0,0.006,0.0,1,1,,1,1,0.33333333333333337,3.4046196937561035,0.0,0.0,0.0,0.032960306853055954,0.2635056674480438
PickCube-v1,5,10,0.2631578947368421,9b842959f202c7e8353e79343aff14d8081864eb54bd5198b466b2b3dbca272d,2,0.006,object_pos_y-,0.006,0.0,-0.006,0.0,1,1,,1,1,0.33333333333333337,3.4046196937561035,0.0,0.0,0.0,0.032960306853055954,0.2635056674480438
PickCube-v1,5,10,0.2631578947368421,9b842959f202c7e8353e79343aff14d8081864eb54bd5198b466b2b3dbca272d,2,0.006,eef_joint_1+,0.04,0.0,0.04,0.0,0,1,,1,1,0.33333333333333337,3.4046196937561035,0.0,0.0,0.0,0.032960306853055954,0.2635056674480438
PickCube-v1,5,10,0.2631578947368421,9b842959f202c7e8353e79343aff14d8081864eb54bd5198b466b2b3dbca272d,2,0.006,eef_joint_1-,0.04,0.0,-0.04,0.0,0,1,,1,1,0.33333333333333337,3.4046196937561035,0.0,0.0,0.0,0.032960306853055954,0.2635056674480438
PickCube-v1,5,15,0.39473684210526316,cb69128b954f415584ce3842acf8a6d6f660331101eccbd3a6c5154a359b718d,0,0.0015,object_pos_x+,0.0015,0.0015,0.0,0.0,1,1,,1,1,0.0,3.4046196937561035,0.0,0.0,0.0,0.002119571901857853,0.26350581645965576
PickCube-v1,5,15,0.39473684210526316,cb69128b954f415584ce3842acf8a6d6f660331101eccbd3a6c5154a359b718d,0,0.0015,object_pos_x-,0.0015,-0.0015,0.0,0.0,1,1,,1,1,0.0,3.4046196937561035,0.0,0.0,0.0,0.002119571901857853,0.26350581645965576
PickCube-v1,5,15,0.39473684210526316,cb69128b954f415584ce3842acf8a6d6f660331101eccbd3a6c5154a359b718d,0,0.0015,object_pos_y+,0.0015,0.0,0.0015,0.0,1,1,,1,1,0.0,3.4046196937561035,0.0,0.0,0.0,0.002119571901857853,0.26350581645965576
PickCube-v1,5,15,0.39473684210526316,cb69128b954f415584ce3842acf8a6d6f660331101eccbd3a6c5154a359b718d,0,0.0015,object_pos_y-,0.0015,0.0,-0.0015,0.0,1,1,,1,1,0.0,3.4046196937561035,0.0,0.0,0.0,0.002119571901857853,0.26350581645965576
PickCube-v1,5,15,0.39473684210526316,cb69128b954f415584ce3842acf8a6d6f660331101eccbd3a6c5154a359b718d,0,0.0015,eef_joint_1+,0.01,0.0,0.01,0.0,1,1,,1,1,0.0,3.4046196937561035,0.0,0.0,0.0,0.002119571901857853,0.26350581645965576
PickCube-v1,5,15,0.39473684210526316,cb69128b954f415584ce3842acf8a6d6f660331101eccbd3a6c5154a359b718d,0,0.0015,eef_joint_1-,0.01,0.0,-0.01,0.0,1,1,,1,1,0.0,3.4046196937561035,0.0,0.0,0.0,0.002119571901857853,0.26350581645965576
PickCube-v1,5,15,0.39473684210526316,cb69128b954f415584ce3842acf8a6d6f660331101eccbd3a6c5154a359b718d,1,0.003,object_pos_x+,0.003,0.003,0.0,0.0,1,1,,1,1,0.0,3.4046196937561035,0.0,0.0,0.0,0.002119571901857853,0.26350581645965576
PickCube-v1,5,15,0.39473684210526316,cb69128b954f415584ce3842acf8a6d6f660331101eccbd3a6c5154a359b718d,1,0.003,object_pos_x-,0.003,-0.003,0.0,0.0,1,1,,1,1,0.0,3.4046196937561035,0.0,0.0,0.0,0.002119571901857853,0.26350581645965576
PickCube-v1,5,15,0.39473684210526316,cb69128b954f415584ce3842acf8a6d6f660331101eccbd3a6c5154a359b718d,1,0.003,object_pos_y+,0.003,0.0,0.003,0.0,1,1,,1,1,0.0,3.4046196937561035,0.0,0.0,0.0,0.002119571901857853,0.26350581645965576
PickCube-v1,5,15,0.39473684210526316,cb69128b954f415584ce3842acf8a6d6f660331101eccbd3a6c5154a359b718d,1,0.003,object_pos_y-,0.003,0.0,-0.003,0.0,1,1,,1,1,0.0,3.4046196937561035,0.0,0.0,0.0,0.002119571901857853,0.26350581645965576
PickCube-v1,5,15,0.39473684210526316,cb69128b954f415584ce3842acf8a6d6f660331101eccbd3a6c5154a359b718d,1,0.003,eef_joint_1+,0.02,0.0,0.02,0.0,1,1,,1,1,0.0,3.4046196937561035,0.0,0.0,0.0,0.002119571901857853,0.26350581645965576
PickCube-v1,5,15,0.39473684210526316,cb69128b954f415584ce3842acf8a6d6f660331101eccbd3a6c5154a359b718d,1,0.003,eef_joint_1-,0.02,0.0,-0.02,0.0,1,1,,1,1,0.0,3.4046196937561035,0.0,0.0,0.0,0.002119571901857853,0.26350581645965576
PickCube-v1,5,15,0.39473684210526316,cb69128b954f415584ce3842acf8a6d6f660331101eccbd3a6c5154a359b718d,2,0.006,object_pos_x+,0.006,0.006,0.0,0.0,1,1,,1,1,0.33333333333333337,3.4046196937561035,0.0,0.0,0.0,0.002119571901857853,0.26350581645965576
PickCube-v1,5,15,0.39473684210526316,cb69128b954f415584ce3842acf8a6d6f660331101eccbd3a6c5154a359b718d,2,0.006,object_pos_x-,0.006,-0.006,0.0,0.0,1,1,,1,1,0.33333333333333337,3.4046196937561035,0.0,0.0,0.0,0.002119571901857853,0.26350581645965576
PickCube-v1,5,15,0.39473684210526316,cb69128b954f415584ce3842acf8a6d6f660331101eccbd3a6c5154a359b718d,2,0.006,object_pos_y+,0.006,0.0,0.006,0.0,1,1,,1,1,0.33333333333333337,3.4046196937561035,0.0,0.0,0.0,0.002119571901857853,0.26350581645965576
PickCube-v1,5,15,0.39473684210526316,cb69128b954f415584ce3842acf8a6d6f660331101eccbd3a6c5154a359b718d,2,0.006,object_pos_y-,0.006,0.0,-0.006,0.0,1,1,,1,1,0.33333333333333337,3.4046196937561035,0.0,0.0,0.0,0.002119571901857853,0.26350581645965576
PickCube-v1,5,15,0.39473684210526316,cb69128b954f415584ce3842acf8a6d6f660331101eccbd3a6c5154a359b718d,2,0.006,eef_joint_1+,0.04,0.0,0.04,0.0,0,1,,1,1,0.33333333333333337,3.4046196937561035,0.0,0.0,0.0,0.002119571901857853,0.26350581645965576
PickCube-v1,5,15,0.39473684210526316,cb69128b954f415584ce3842acf8a6d6f660331101eccbd3a6c5154a359b718d,2,0.006,eef_joint_1-,0.04,0.0,-0.04,0.0,0,1,,1,1,0.33333333333333337,3.4046196937561035,0.0,0.0,0.0,0.002119571901857853,0.26350581645965576
PickCube-v1,5,20,0.5263157894736842,cff0cce83aa77cff2263924498812afb9f5502c0b1dd00fed0eec8b09a572f5f,0,0.0015,object_pos_x+,0.0015,0.0015,0.0,0.0,1,1,,1,1,0.0,3.4046196937561035,0.0,0.0,0.0,0.0010428555542603135,0.2634606957435608
PickCube-v1,5,20,0.5263157894736842,cff0cce83aa77cff2263924498812afb9f5502c0b1dd00fed0eec8b09a572f5f,0,0.0015,object_pos_x-,0.0015,-0.0015,0.0,0.0,1,1,,1,1,0.0,3.4046196937561035,0.0,0.0,0.0,0.0010428555542603135,0.2634606957435608
PickCube-v1,5,20,0.5263157894736842,cff0cce83aa77cff2263924498812afb9f5502c0b1dd00fed0eec8b09a572f5f,0,0.0015,object_pos_y+,0.0015,0.0,0.0015,0.0,1,1,,1,1,0.0,3.4046196937561035,0.0,0.0,0.0,0.0010428555542603135,0.2634606957435608
PickCube-v1,5,20,0.5263157894736842,cff0cce83aa77cff2263924498812afb9f5502c0b1dd00fed0eec8b09a572f5f,0,0.0015,object_pos_y-,0.0015,0.0,-0.0015,0.0,1,1,,1,1,0.0,3.4046196937561035,0.0,0.0,0.0,0.0010428555542603135,0.2634606957435608
PickCube-v1,5,20,0.5263157894736842,cff0cce83aa77cff2263924498812afb9f5502c0b1dd00fed0eec8b09a572f5f,0,0.0015,eef_joint_1+,0.01,0.0,0.01,0.0,1,1,,1,1,0.0,3.4046196937561035,0.0,0.0,0.0,0.0010428555542603135,0.2634606957435608
PickCube-v1,5,20,0.5263157894736842,cff0cce83aa77cff2263924498812afb9f5502c0b1dd00fed0eec8b09a572f5f,0,0.0015,eef_joint_1-,0.01,0.0,-0.01,0.0,1,1,,1,1,0.0,3.4046196937561035,0.0,0.0,0.0,0.0010428555542603135,0.2634606957435608
PickCube-v1,5,20,0.5263157894736842,cff0cce83aa77cff2263924498812afb9f5502c0b1dd00fed0eec8b09a572f5f,1,0.003,object_pos_x+,0.003,0.003,0.0,0.0,1,1,,1,1,0.33333333333333337,3.4046196937561035,0.0,0.0,0.0,0.0010428555542603135,0.2634606957435608
PickCube-v1,5,20,0.5263157894736842,cff0cce83aa77cff2263924498812afb9f5502c0b1dd00fed0eec8b09a572f5f,1,0.003,object_pos_x-,0.003,-0.003,0.0,0.0,1,1,,1,1,0.33333333333333337,3.4046196937561035,0.0,0.0,0.0,0.0010428555542603135,0.2634606957435608
PickCube-v1,5,20,0.5263157894736842,cff0cce83aa77cff2263924498812afb9f5502c0b1dd00fed0eec8b09a572f5f,1,0.003,object_pos_y+,0.003,0.0,0.003,0.0,1,1,,1,1,0.33333333333333337,3.4046196937561035,0.0,0.0,0.0,0.0010428555542603135,0.2634606957435608
PickCube-v1,5,20,0.5263157894736842,cff0cce83aa77cff2263924498812afb9f5502c0b1dd00fed0eec8b09a572f5f,1,0.003,object_pos_y-,0.003,0.0,-0.003,0.0,1,1,,1,1,0.33333333333333337,3.4046196937561035,0.0,0.0,0.0,0.0010428555542603135,0.2634606957435608
PickCube-v1,5,20,0.5263157894736842,cff0cce83aa77cff2263924498812afb9f5502c0b1dd00fed0eec8b09a572f5f,1,0.003,eef_joint_1+,0.02,0.0,0.02,0.0,0,1,,1,1,0.33333333333333337,3.4046196937561035,0.0,0.0,0.0,0.0010428555542603135,0.2634606957435608
PickCube-v1,5,20,0.5263157894736842,cff0cce83aa77cff2263924498812afb9f5502c0b1dd00fed0eec8b09a572f5f,1,0.003,eef_joint_1-,0.02,0.0,-0.02,0.0,0,1,,1,1,0.33333333333333337,3.4046196937561035,0.0,0.0,0.0,0.0010428555542603135,0.2634606957435608
PickCube-v1,5,20,0.5263157894736842,cff0cce83aa77cff2263924498812afb9f5502c0b1dd00fed0eec8b09a572f5f,2,0.006,object_pos_x+,0.006,0.006,0.0,0.0,1,1,,1,1,0.33333333333333337,3.4046196937561035,0.0,0.0,0.0,0.0010428555542603135,0.2634606957435608
PickCube-v1,5,20,0.5263157894736842,cff0cce83aa77cff2263924498812afb9f5502c0b1dd00fed0eec8b09a572f5f,2,0.006,object_pos_x-,0.006,-0.006,0.0,0.0,1,1,,1,1,0.33333333333333337,3.4046196937561035,0.0,0.0,0.0,0.0010428555542603135,0.2634606957435608
PickCube-v1,5,20,0.5263157894736842,cff0cce83aa77cff2263924498812afb9f5502c0b1dd00fed0eec8b09a572f5f,2,0.006,object_pos_y+,0.006,0.0,0.006,0.0,1,1,,1,1,0.33333333333333337,3.4046196937561035,0.0,0.0,0.0,0.0010428555542603135,0.2634606957435608
PickCube-v1,5,20,0.5263157894736842,cff0cce83aa77cff2263924498812afb9f5502c0b1dd00fed0eec8b09a572f5f,2,0.006,object_pos_y-,0.006,0.0,-0.006,0.0,1,1,,1,1,0.33333333333333337,3.4046196937561035,0.0,0.0,0.0,0.0010428555542603135,0.2634606957435608
PickCube-v1,5,20,0.5263157894736842,cff0cce83aa77cff2263924498812afb9f5502c0b1dd00fed0eec8b09a572f5f,2,0.006,eef_joint_1+,0.04,0.0,0.04,0.0,0,1,,1,1,0.33333333333333337,3.4046196937561035,0.0,0.0,0.0,0.0010428555542603135,0.2634606957435608
PickCube-v1,5,20,0.5263157894736842,cff0cce83aa77cff2263924498812afb9f5502c0b1dd00fed0eec8b09a572f5f,2,0.006,eef_joint_1-,0.04,0.0,-0.04,0.0,0,1,,1,1,0.33333333333333337,3.4046196937561035,0.0,0.0,0.0,0.0010428555542603135,0.2634606957435608
PickCube-v1,5,25,0.6578947368421053,f749db948d6762b2cabd1aca12ef67829f7f66918a0e949b784497a3bc53a60b,0,0.0015,object_pos_x+,0.0015,0.0015,0.0,0.0,1,1,,1,1,0.0,3.410430431365967,0.0,0.18000003695487976,0.0,0.0010243307333439589,0.23293536901474
PickCube-v1,5,25,0.6578947368421053,f749db948d6762b2cabd1aca12ef67829f7f66918a0e949b784497a3bc53a60b,0,0.0015,object_pos_x-,0.0015,-0.0015,0.0,0.0,1,1,,1,1,0.0,3.410430431365967,0.0,0.18000003695487976,0.0,0.0010243307333439589,0.23293536901474
PickCube-v1,5,25,0.6578947368421053,f749db948d6762b2cabd1aca12ef67829f7f66918a0e949b784497a3bc53a60b,0,0.0015,object_pos_y+,0.0015,0.0,0.0015,0.0,1,1,,1,1,0.0,3.410430431365967,0.0,0.18000003695487976,0.0,0.0010243307333439589,0.23293536901474
PickCube-v1,5,25,0.6578947368421053,f749db948d6762b2cabd1aca12ef67829f7f66918a0e949b784497a3bc53a60b,0,0.0015,object_pos_y-,0.0015,0.0,-0.0015,0.0,1,1,,1,1,0.0,3.410430431365967,0.0,0.18000003695487976,0.0,0.0010243307333439589,0.23293536901474
PickCube-v1,5,25,0.6578947368421053,f749db948d6762b2cabd1aca12ef67829f7f66918a0e949b784497a3bc53a60b,0,0.0015,eef_joint_1+,0.01,0.0,0.01,0.0,1,1,,1,1,0.0,3.410430431365967,0.0,0.18000003695487976,0.0,0.0010243307333439589,0.23293536901474
PickCube-v1,5,25,0.6578947368421053,f749db948d6762b2cabd1aca12ef67829f7f66918a0e949b784497a3bc53a60b,0,0.0015,eef_joint_1-,0.01,0.0,-0.01,0.0,1,1,,1,1,0.0,3.410430431365967,0.0,0.18000003695487976,0.0,0.0010243307333439589,0.23293536901474
PickCube-v1,5,25,0.6578947368421053,f749db948d6762b2cabd1aca12ef67829f7f66918a0e949b784497a3bc53a60b,1,0.003,object_pos_x+,0.003,0.003,0.0,0.0,1,1,,1,1,0.33333333333333337,3.410430431365967,0.0,0.18000003695487976,0.0,0.0010243307333439589,0.23293536901474
PickCube-v1,5,25,0.6578947368421053,f749db948d6762b2cabd1aca12ef67829f7f66918a0e949b784497a3bc53a60b,1,0.003,object_pos_x-,0.003,-0.003,0.0,0.0,1,1,,1,1,0.33333333333333337,3.410430431365967,0.0,0.18000003695487976,0.0,0.0010243307333439589,0.23293536901474
PickCube-v1,5,25,0.6578947368421053,f749db948d6762b2cabd1aca12ef67829f7f66918a0e949b784497a3bc53a60b,1,0.003,object_pos_y+,0.003,0.0,0.003,0.0,1,1,,1,1,0.33333333333333337,3.410430431365967,0.0,0.18000003695487976,0.0,0.0010243307333439589,0.23293536901474
PickCube-v1,5,25,0.6578947368421053,f749db948d6762b2cabd1aca12ef67829f7f66918a0e949b784497a3bc53a60b,1,0.003,object_pos_y-,0.003,0.0,-0.003,0.0,1,1,,1,1,0.33333333333333337,3.410430431365967,0.0,0.18000003695487976,0.0,0.0010243307333439589,0.23293536901474
PickCube-v1,5,25,0.6578947368421053,f749db948d6762b2cabd1aca12ef67829f7f66918a0e949b784497a3bc53a60b,1,0.003,eef_joint_1+,0.02,0.0,0.02,0.0,0,1,,1,1,0.33333333333333337,3.410430431365967,0.0,0.18000003695487976,0.0,0.0010243307333439589,0.23293536901474
PickCube-v1,5,25,0.6578947368421053,f749db948d6762b2cabd1aca12ef67829f7f66918a0e949b784497a3bc53a60b,1,0.003,eef_joint_1-,0.02,0.0,-0.02,0.0,0,1,,1,1,0.33333333333333337,3.410430431365967,0.0,0.18000003695487976,0.0,0.0010243307333439589,0.23293536901474
PickCube-v1,5,25,0.6578947368421053,f749db948d6762b2cabd1aca12ef67829f7f66918a0e949b784497a3bc53a60b,2,0.006,object_pos_x+,0.006,0.006,0.0,0.0,1,1,,1,1,0.33333333333333337,3.410430431365967,0.0,0.18000003695487976,0.0,0.0010243307333439589,0.23293536901474
PickCube-v1,5,25,0.6578947368421053,f749db948d6762b2cabd1aca12ef67829f7f66918a0e949b784497a3bc53a60b,2,0.006,object_pos_x-,0.006,-0.006,0.0,0.0,1,1,,1,1,0.33333333333333337,3.410430431365967,0.0,0.18000003695487976,0.0,0.0010243307333439589,0.23293536901474
PickCube-v1,5,25,0.6578947368421053,f749db948d6762b2cabd1aca12ef67829f7f66918a0e949b784497a3bc53a60b,2,0.006,object_pos_y+,0.006,0.0,0.006,0.0,1,1,,1,1,0.33333333333333337,3.410430431365967,0.0,0.18000003695487976,0.0,0.0010243307333439589,0.23293536901474
PickCube-v1,5,25,0.6578947368421053,f749db948d6762b2cabd1aca12ef67829f7f66918a0e949b784497a3bc53a60b,2,0.006,object_pos_y-,0.006,0.0,-0.006,0.0,1,1,,1,1,0.33333333333333337,3.410430431365967,0.0,0.18000003695487976,0.0,0.0010243307333439589,0.23293536901474
PickCube-v1,5,25,0.6578947368421053,f749db948d6762b2cabd1aca12ef67829f7f66918a0e949b784497a3bc53a60b,2,0.006,eef_joint_1+,0.04,0.0,0.04,0.0,0,1,,1,1,0.33333333333333337,3.410430431365967,0.0,0.18000003695487976,0.0,0.0010243307333439589,0.23293536901474
PickCube-v1,5,25,0.6578947368421053,f749db948d6762b2cabd1aca12ef67829f7f66918a0e949b784497a3bc53a60b,2,0.006,eef_joint_1-,0.04,0.0,-0.04,0.0,0,1,,1,1,0.33333333333333337,3.410430431365967,0.0,0.18000003695487976,0.0,0.0010243307333439589,0.23293536901474
PickCube-v1,5,30,0.7894736842105263,56bfa49260fa3a342669c1f90fc1ec8e4676336567355eeab9b4d86ca556e796,0,0.0015,object_pos_x+,0.0015,0.0015,0.0,0.0,1,1,,1,1,0.0,3.410430431365967,0.0,0.0,0.0,0.0010415399447083473,0.15399248898029327
PickCube-v1,5,30,0.7894736842105263,56bfa49260fa3a342669c1f90fc1ec8e4676336567355eeab9b4d86ca556e796,0,0.0015,object_pos_x-,0.0015,-0.0015,0.0,0.0,1,1,,1,1,0.0,3.410430431365967,0.0,0.0,0.0,0.0010415399447083473,0.15399248898029327
PickCube-v1,5,30,0.7894736842105263,56bfa49260fa3a342669c1f90fc1ec8e4676336567355eeab9b4d86ca556e796,0,0.0015,object_pos_y+,0.0015,0.0,0.0015,0.0,1,1,,1,1,0.0,3.410430431365967,0.0,0.0,0.0,0.0010415399447083473,0.15399248898029327
PickCube-v1,5,30,0.7894736842105263,56bfa49260fa3a342669c1f90fc1ec8e4676336567355eeab9b4d86ca556e796,0,0.0015,object_pos_y-,0.0015,0.0,-0.0015,0.0,1,1,,1,1,0.0,3.410430431365967,0.0,0.0,0.0,0.0010415399447083473,0.15399248898029327
PickCube-v1,5,30,0.7894736842105263,56bfa49260fa3a342669c1f90fc1ec8e4676336567355eeab9b4d86ca556e796,0,0.0015,eef_joint_1+,0.01,0.0,0.01,0.0,1,1,,1,1,0.0,3.410430431365967,0.0,0.0,0.0,0.0010415399447083473,0.15399248898029327
PickCube-v1,5,30,0.7894736842105263,56bfa49260fa3a342669c1f90fc1ec8e4676336567355eeab9b4d86ca556e796,0,0.0015,eef_joint_1-,0.01,0.0,-0.01,0.0,1,1,,1,1,0.0,3.410430431365967,0.0,0.0,0.0,0.0010415399447083473,0.15399248898029327
PickCube-v1,5,30,0.7894736842105263,56bfa49260fa3a342669c1f90fc1ec8e4676336567355eeab9b4d86ca556e796,1,0.003,object_pos_x+,0.003,0.003,0.0,0.0,1,1,,1,1,0.33333333333333337,3.410430431365967,0.0,0.0,0.0,0.0010415399447083473,0.15399248898029327
PickCube-v1,5,30,0.7894736842105263,56bfa49260fa3a342669c1f90fc1ec8e4676336567355eeab9b4d86ca556e796,1,0.003,object_pos_x-,0.003,-0.003,0.0,0.0,1,1,,1,1,0.33333333333333337,3.410430431365967,0.0,0.0,0.0,0.0010415399447083473,0.15399248898029327
PickCube-v1,5,30,0.7894736842105263,56bfa49260fa3a342669c1f90fc1ec8e4676336567355eeab9b4d86ca556e796,1,0.003,object_pos_y+,0.003,0.0,0.003,0.0,1,1,,1,1,0.33333333333333337,3.410430431365967,0.0,0.0,0.0,0.0010415399447083473,0.15399248898029327
PickCube-v1,5,30,0.7894736842105263,56bfa49260fa3a342669c1f90fc1ec8e4676336567355eeab9b4d86ca556e796,1,0.003,object_pos_y-,0.003,0.0,-0.003,0.0,1,1,,1,1,0.33333333333333337,3.410430431365967,0.0,0.0,0.0,0.0010415399447083473,0.15399248898029327
PickCube-v1,5,30,0.7894736842105263,56bfa49260fa3a342669c1f90fc1ec8e4676336567355eeab9b4d86ca556e796,1,0.003,eef_joint_1+,0.02,0.0,0.02,0.0,0,1,,1,1,0.33333333333333337,3.410430431365967,0.0,0.0,0.0,0.0010415399447083473,0.15399248898029327
PickCube-v1,5,30,0.7894736842105263,56bfa49260fa3a342669c1f90fc1ec8e4676336567355eeab9b4d86ca556e796,1,0.003,eef_joint_1-,0.02,0.0,-0.02,0.0,0,1,,1,1,0.33333333333333337,3.410430431365967,0.0,0.0,0.0,0.0010415399447083473,0.15399248898029327
PickCube-v1,5,30,0.7894736842105263,56bfa49260fa3a342669c1f90fc1ec8e4676336567355eeab9b4d86ca556e796,2,0.006,object_pos_x+,0.006,0.006,0.0,0.0,1,1,,1,1,0.33333333333333337,3.410430431365967,0.0,0.0,0.0,0.0010415399447083473,0.15399248898029327
PickCube-v1,5,30,0.7894736842105263,56bfa49260fa3a342669c1f90fc1ec8e4676336567355eeab9b4d86ca556e796,2,0.006,object_pos_x-,0.006,-0.006,0.0,0.0,1,1,,1,1,0.33333333333333337,3.410430431365967,0.0,0.0,0.0,0.0010415399447083473,0.15399248898029327
PickCube-v1,5,30,0.7894736842105263,56bfa49260fa3a342669c1f90fc1ec8e4676336567355eeab9b4d86ca556e796,2,0.006,object_pos_y+,0.006,0.0,0.006,0.0,1,1,,1,1,0.33333333333333337,3.410430431365967,0.0,0.0,0.0,0.0010415399447083473,0.15399248898029327
PickCube-v1,5,30,0.7894736842105263,56bfa49260fa3a342669c1f90fc1ec8e4676336567355eeab9b4d86ca556e796,2,0.006,object_pos_y-,0.006,0.0,-0.006,0.0,1,1,,1,1,0.33333333333333337,3.410430431365967,0.0,0.0,0.0,0.0010415399447083473,0.15399248898029327
PickCube-v1,5,30,0.7894736842105263,56bfa49260fa3a342669c1f90fc1ec8e4676336567355eeab9b4d86ca556e796,2,0.006,eef_joint_1+,0.04,0.0,0.04,0.0,0,1,,1,1,0.33333333333333337,3.410430431365967,0.0,0.0,0.0,0.0010415399447083473,0.15399248898029327
PickCube-v1,5,30,0.7894736842105263,56bfa49260fa3a342669c1f90fc1ec8e4676336567355eeab9b4d86ca556e796,2,0.006,eef_joint_1-,0.04,0.0,-0.04,0.0,0,1,,1,1,0.33333333333333337,3.410430431365967,0.0,0.0,0.0,0.0010415399447083473,0.15399248898029327
PickCube-v1,5,35,0.9210526315789473,26471be28b66d7cdc8d489ffeeff3bf3f175f97dec6925ce4b63c5bfdce20b8c,0,0.0015,object_pos_x+,0.0015,0.0015,0.0,0.0,1,1,,1,1,0.0,3.3873560428619385,0.0,0.0,0.0,0.0010398559970781207,0.03662075102329254
PickCube-v1,5,35,0.9210526315789473,26471be28b66d7cdc8d489ffeeff3bf3f175f97dec6925ce4b63c5bfdce20b8c,0,0.0015,object_pos_x-,0.0015,-0.0015,0.0,0.0,1,1,,1,1,0.0,3.3873560428619385,0.0,0.0,0.0,0.0010398559970781207,0.03662075102329254
PickCube-v1,5,35,0.9210526315789473,26471be28b66d7cdc8d489ffeeff3bf3f175f97dec6925ce4b63c5bfdce20b8c,0,0.0015,object_pos_y+,0.0015,0.0,0.0015,0.0,1,1,,1,1,0.0,3.3873560428619385,0.0,0.0,0.0,0.0010398559970781207,0.03662075102329254
PickCube-v1,5,35,0.9210526315789473,26471be28b66d7cdc8d489ffeeff3bf3f175f97dec6925ce4b63c5bfdce20b8c,0,0.0015,object_pos_y-,0.0015,0.0,-0.0015,0.0,1,1,,1,1,0.0,3.3873560428619385,0.0,0.0,0.0,0.0010398559970781207,0.03662075102329254
PickCube-v1,5,35,0.9210526315789473,26471be28b66d7cdc8d489ffeeff3bf3f175f97dec6925ce4b63c5bfdce20b8c,0,0.0015,eef_joint_1+,0.01,0.0,0.01,0.0,1,1,,1,1,0.0,3.3873560428619385,0.0,0.0,0.0,0.0010398559970781207,0.03662075102329254
PickCube-v1,5,35,0.9210526315789473,26471be28b66d7cdc8d489ffeeff3bf3f175f97dec6925ce4b63c5bfdce20b8c,0,0.0015,eef_joint_1-,0.01,0.0,-0.01,0.0,1,1,,1,1,0.0,3.3873560428619385,0.0,0.0,0.0,0.0010398559970781207,0.03662075102329254
PickCube-v1,5,35,0.9210526315789473,26471be28b66d7cdc8d489ffeeff3bf3f175f97dec6925ce4b63c5bfdce20b8c,1,0.003,object_pos_x+,0.003,0.003,0.0,0.0,1,1,,1,1,0.16666666666666663,3.3873560428619385,0.0,0.0,0.0,0.0010398559970781207,0.03662075102329254
PickCube-v1,5,35,0.9210526315789473,26471be28b66d7cdc8d489ffeeff3bf3f175f97dec6925ce4b63c5bfdce20b8c,1,0.003,object_pos_x-,0.003,-0.003,0.0,0.0,1,1,,1,1,0.16666666666666663,3.3873560428619385,0.0,0.0,0.0,0.0010398559970781207,0.03662075102329254
PickCube-v1,5,35,0.9210526315789473,26471be28b66d7cdc8d489ffeeff3bf3f175f97dec6925ce4b63c5bfdce20b8c,1,0.003,object_pos_y+,0.003,0.0,0.003,0.0,1,1,,1,1,0.16666666666666663,3.3873560428619385,0.0,0.0,0.0,0.0010398559970781207,0.03662075102329254
PickCube-v1,5,35,0.9210526315789473,26471be28b66d7cdc8d489ffeeff3bf3f175f97dec6925ce4b63c5bfdce20b8c,1,0.003,object_pos_y-,0.003,0.0,-0.003,0.0,1,1,,1,1,0.16666666666666663,3.3873560428619385,0.0,0.0,0.0,0.0010398559970781207,0.03662075102329254
PickCube-v1,5,35,0.9210526315789473,26471be28b66d7cdc8d489ffeeff3bf3f175f97dec6925ce4b63c5bfdce20b8c,1,0.003,eef_joint_1+,0.02,0.0,0.02,0.0,1,1,,1,1,0.16666666666666663,3.3873560428619385,0.0,0.0,0.0,0.0010398559970781207,0.03662075102329254
PickCube-v1,5,35,0.9210526315789473,26471be28b66d7cdc8d489ffeeff3bf3f175f97dec6925ce4b63c5bfdce20b8c,1,0.003,eef_joint_1-,0.02,0.0,-0.02,0.0,0,1,,1,1,0.16666666666666663,3.3873560428619385,0.0,0.0,0.0,0.0010398559970781207,0.03662075102329254
PickCube-v1,5,35,0.9210526315789473,26471be28b66d7cdc8d489ffeeff3bf3f175f97dec6925ce4b63c5bfdce20b8c,2,0.006,object_pos_x+,0.006,0.006,0.0,0.0,1,1,,1,1,0.33333333333333337,3.3873560428619385,0.0,0.0,0.0,0.0010398559970781207,0.03662075102329254
PickCube-v1,5,35,0.9210526315789473,26471be28b66d7cdc8d489ffeeff3bf3f175f97dec6925ce4b63c5bfdce20b8c,2,0.006,object_pos_x-,0.006,-0.006,0.0,0.0,1,1,,1,1,0.33333333333333337,3.3873560428619385,0.0,0.0,0.0,0.0010398559970781207,0.03662075102329254
PickCube-v1,5,35,0.9210526315789473,26471be28b66d7cdc8d489ffeeff3bf3f175f97dec6925ce4b63c5bfdce20b8c,2,0.006,object_pos_y+,0.006,0.0,0.006,0.0,1,1,,1,1,0.33333333333333337,3.3873560428619385,0.0,0.0,0.0,0.0010398559970781207,0.03662075102329254
PickCube-v1,5,35,0.9210526315789473,26471be28b66d7cdc8d489ffeeff3bf3f175f97dec6925ce4b63c5bfdce20b8c,2,0.006,object_pos_y-,0.006,0.0,-0.006,0.0,1,1,,1,1,0.33333333333333337,3.3873560428619385,0.0,0.0,0.0,0.0010398559970781207,0.03662075102329254
PickCube-v1,5,35,0.9210526315789473,26471be28b66d7cdc8d489ffeeff3bf3f175f97dec6925ce4b63c5bfdce20b8c,2,0.006,eef_joint_1+,0.04,0.0,0.04,0.0,0,1,,1,1,0.33333333333333337,3.3873560428619385,0.0,0.0,0.0,0.0010398559970781207,0.03662075102329254
PickCube-v1,5,35,0.9210526315789473,26471be28b66d7cdc8d489ffeeff3bf3f175f97dec6925ce4b63c5bfdce20b8c,2,0.006,eef_joint_1-,0.04,0.0,-0.04,0.0,0,1,,1,1,0.33333333333333337,3.3873560428619385,0.0,0.0,0.0,0.0010398559970781207,0.03662075102329254
PickCube-v1,6,0,0.0,e43d7573220b9a762456ed8d4d02e0286f25460bdf199d766874dd12fa5ffa3d,0,0.0015,object_pos_x+,0.0015,0.0015,0.0,0.0,1,1,,1,1,0.0,3.3590638637542725,3.3590638637542725,3.3590638637542725,1.0,0.1375885307788849,0.22702892124652863
PickCube-v1,6,0,0.0,e43d7573220b9a762456ed8d4d02e0286f25460bdf199d766874dd12fa5ffa3d,0,0.0015,object_pos_x-,0.0015,-0.0015,0.0,0.0,1,1,,1,1,0.0,3.3590638637542725,3.3590638637542725,3.3590638637542725,1.0,0.1375885307788849,0.22702892124652863
PickCube-v1,6,0,0.0,e43d7573220b9a762456ed8d4d02e0286f25460bdf199d766874dd12fa5ffa3d,0,0.0015,object_pos_y+,0.0015,0.0,0.0015,0.0,1,1,,1,1,0.0,3.3590638637542725,3.3590638637542725,3.3590638637542725,1.0,0.1375885307788849,0.22702892124652863
PickCube-v1,6,0,0.0,e43d7573220b9a762456ed8d4d02e0286f25460bdf199d766874dd12fa5ffa3d,0,0.0015,object_pos_y-,0.0015,0.0,-0.0015,0.0,1,1,,1,1,0.0,3.3590638637542725,3.3590638637542725,3.3590638637542725,1.0,0.1375885307788849,0.22702892124652863
PickCube-v1,6,0,0.0,e43d7573220b9a762456ed8d4d02e0286f25460bdf199d766874dd12fa5ffa3d,0,0.0015,eef_joint_1+,0.01,0.0,0.01,0.0,1,1,,1,1,0.0,3.3590638637542725,3.3590638637542725,3.3590638637542725,1.0,0.1375885307788849,0.22702892124652863
PickCube-v1,6,0,0.0,e43d7573220b9a762456ed8d4d02e0286f25460bdf199d766874dd12fa5ffa3d,0,0.0015,eef_joint_1-,0.01,0.0,-0.01,0.0,1,1,,1,1,0.0,3.3590638637542725,3.3590638637542725,3.3590638637542725,1.0,0.1375885307788849,0.22702892124652863
PickCube-v1,6,0,0.0,e43d7573220b9a762456ed8d4d02e0286f25460bdf199d766874dd12fa5ffa3d,1,0.003,object_pos_x+,0.003,0.003,0.0,0.0,1,1,,1,1,0.0,3.3590638637542725,3.3590638637542725,3.3590638637542725,1.0,0.1375885307788849,0.22702892124652863
PickCube-v1,6,0,0.0,e43d7573220b9a762456ed8d4d02e0286f25460bdf199d766874dd12fa5ffa3d,1,0.003,object_pos_x-,0.003,-0.003,0.0,0.0,1,1,,1,1,0.0,3.3590638637542725,3.3590638637542725,3.3590638637542725,1.0,0.1375885307788849,0.22702892124652863
PickCube-v1,6,0,0.0,e43d7573220b9a762456ed8d4d02e0286f25460bdf199d766874dd12fa5ffa3d,1,0.003,object_pos_y+,0.003,0.0,0.003,0.0,1,1,,1,1,0.0,3.3590638637542725,3.3590638637542725,3.3590638637542725,1.0,0.1375885307788849,0.22702892124652863
PickCube-v1,6,0,0.0,e43d7573220b9a762456ed8d4d02e0286f25460bdf199d766874dd12fa5ffa3d,1,0.003,object_pos_y-,0.003,0.0,-0.003,0.0,1,1,,1,1,0.0,3.3590638637542725,3.3590638637542725,3.3590638637542725,1.0,0.1375885307788849,0.22702892124652863
PickCube-v1,6,0,0.0,e43d7573220b9a762456ed8d4d02e0286f25460bdf199d766874dd12fa5ffa3d,1,0.003,eef_joint_1+,0.02,0.0,0.02,0.0,1,1,,1,1,0.0,3.3590638637542725,3.3590638637542725,3.3590638637542725,1.0,0.1375885307788849,0.22702892124652863
PickCube-v1,6,0,0.0,e43d7573220b9a762456ed8d4d02e0286f25460bdf199d766874dd12fa5ffa3d,1,0.003,eef_joint_1-,0.02,0.0,-0.02,0.0,1,1,,1,1,0.0,3.3590638637542725,3.3590638637542725,3.3590638637542725,1.0,0.1375885307788849,0.22702892124652863
PickCube-v1,6,0,0.0,e43d7573220b9a762456ed8d4d02e0286f25460bdf199d766874dd12fa5ffa3d,2,0.006,object_pos_x+,0.006,0.006,0.0,0.0,1,1,,1,1,0.33333333333333337,3.3590638637542725,3.3590638637542725,3.3590638637542725,1.0,0.1375885307788849,0.22702892124652863
PickCube-v1,6,0,0.0,e43d7573220b9a762456ed8d4d02e0286f25460bdf199d766874dd12fa5ffa3d,2,0.006,object_pos_x-,0.006,-0.006,0.0,0.0,1,1,,1,1,0.33333333333333337,3.3590638637542725,3.3590638637542725,3.3590638637542725,1.0,0.1375885307788849,0.22702892124652863
PickCube-v1,6,0,0.0,e43d7573220b9a762456ed8d4d02e0286f25460bdf199d766874dd12fa5ffa3d,2,0.006,object_pos_y+,0.006,0.0,0.006,0.0,1,1,,1,1,0.33333333333333337,3.3590638637542725,3.3590638637542725,3.3590638637542725,1.0,0.1375885307788849,0.22702892124652863
PickCube-v1,6,0,0.0,e43d7573220b9a762456ed8d4d02e0286f25460bdf199d766874dd12fa5ffa3d,2,0.006,object_pos_y-,0.006,0.0,-0.006,0.0,1,1,,1,1,0.33333333333333337,3.3590638637542725,3.3590638637542725,3.3590638637542725,1.0,0.1375885307788849,0.22702892124652863
PickCube-v1,6,0,0.0,e43d7573220b9a762456ed8d4d02e0286f25460bdf199d766874dd12fa5ffa3d,2,0.006,eef_joint_1+,0.04,0.0,0.04,0.0,0,1,,1,1,0.33333333333333337,3.3590638637542725,3.3590638637542725,3.3590638637542725,1.0,0.1375885307788849,0.22702892124652863
PickCube-v1,6,0,0.0,e43d7573220b9a762456ed8d4d02e0286f25460bdf199d766874dd12fa5ffa3d,2,0.006,eef_joint_1-,0.04,0.0,-0.04,0.0,0,1,,1,1,0.33333333333333337,3.3590638637542725,3.3590638637542725,3.3590638637542725,1.0,0.1375885307788849,0.22702892124652863
PickCube-v1,6,5,0.14285714285714285,906b6c2887302397d8b268671060efe926b7baa822247482a59ac9a11aa63ae2,0,0.0015,object_pos_x+,0.0015,0.0015,0.0,0.0,1,1,,1,1,0.0,3.3590638637542725,0.0,0.0,0.0,0.07162829488515854,0.22702914476394653
PickCube-v1,6,5,0.14285714285714285,906b6c2887302397d8b268671060efe926b7baa822247482a59ac9a11aa63ae2,0,0.0015,object_pos_x-,0.0015,-0.0015,0.0,0.0,1,1,,1,1,0.0,3.3590638637542725,0.0,0.0,0.0,0.07162829488515854,0.22702914476394653
PickCube-v1,6,5,0.14285714285714285,906b6c2887302397d8b268671060efe926b7baa822247482a59ac9a11aa63ae2,0,0.0015,object_pos_y+,0.0015,0.0,0.0015,0.0,1,1,,1,1,0.0,3.3590638637542725,0.0,0.0,0.0,0.07162829488515854,0.22702914476394653
PickCube-v1,6,5,0.14285714285714285,906b6c2887302397d8b268671060efe926b7baa822247482a59ac9a11aa63ae2,0,0.0015,object_pos_y-,0.0015,0.0,-0.0015,0.0,1,1,,1,1,0.0,3.3590638637542725,0.0,0.0,0.0,0.07162829488515854,0.22702914476394653
PickCube-v1,6,5,0.14285714285714285,906b6c2887302397d8b268671060efe926b7baa822247482a59ac9a11aa63ae2,0,0.0015,eef_joint_1+,0.01,0.0,0.01,0.0,1,1,,1,1,0.0,3.3590638637542725,0.0,0.0,0.0,0.07162829488515854,0.22702914476394653
PickCube-v1,6,5,0.14285714285714285,906b6c2887302397d8b268671060efe926b7baa822247482a59ac9a11aa63ae2,0,0.0015,eef_joint_1-,0.01,0.0,-0.01,0.0,1,1,,1,1,0.0,3.3590638637542725,0.0,0.0,0.0,0.07162829488515854,0.22702914476394653
PickCube-v1,6,5,0.14285714285714285,906b6c2887302397d8b268671060efe926b7baa822247482a59ac9a11aa63ae2,1,0.003,object_pos_x+,0.003,0.003,0.0,0.0,1,1,,1,1,0.0,3.3590638637542725,0.0,0.0,0.0,0.07162829488515854,0.22702914476394653
PickCube-v1,6,5,0.14285714285714285,906b6c2887302397d8b268671060efe926b7baa822247482a59ac9a11aa63ae2,1,0.003,object_pos_x-,0.003,-0.003,0.0,0.0,1,1,,1,1,0.0,3.3590638637542725,0.0,0.0,0.0,0.07162829488515854,0.22702914476394653
PickCube-v1,6,5,0.14285714285714285,906b6c2887302397d8b268671060efe926b7baa822247482a59ac9a11aa63ae2,1,0.003,object_pos_y+,0.003,0.0,0.003,0.0,1,1,,1,1,0.0,3.3590638637542725,0.0,0.0,0.0,0.07162829488515854,0.22702914476394653
PickCube-v1,6,5,0.14285714285714285,906b6c2887302397d8b268671060efe926b7baa822247482a59ac9a11aa63ae2,1,0.003,object_pos_y-,0.003,0.0,-0.003,0.0,1,1,,1,1,0.0,3.3590638637542725,0.0,0.0,0.0,0.07162829488515854,0.22702914476394653
PickCube-v1,6,5,0.14285714285714285,906b6c2887302397d8b268671060efe926b7baa822247482a59ac9a11aa63ae2,1,0.003,eef_joint_1+,0.02,0.0,0.02,0.0,1,1,,1,1,0.0,3.3590638637542725,0.0,0.0,0.0,0.07162829488515854,0.22702914476394653
PickCube-v1,6,5,0.14285714285714285,906b6c2887302397d8b268671060efe926b7baa822247482a59ac9a11aa63ae2,1,0.003,eef_joint_1-,0.02,0.0,-0.02,0.0,1,1,,1,1,0.0,3.3590638637542725,0.0,0.0,0.0,0.07162829488515854,0.22702914476394653
PickCube-v1,6,5,0.14285714285714285,906b6c2887302397d8b268671060efe926b7baa822247482a59ac9a11aa63ae2,2,0.006,object_pos_x+,0.006,0.006,0.0,0.0,1,1,,1,1,0.33333333333333337,3.3590638637542725,0.0,0.0,0.0,0.07162829488515854,0.22702914476394653
PickCube-v1,6,5,0.14285714285714285,906b6c2887302397d8b268671060efe926b7baa822247482a59ac9a11aa63ae2,2,0.006,object_pos_x-,0.006,-0.006,0.0,0.0,1,1,,1,1,0.33333333333333337,3.3590638637542725,0.0,0.0,0.0,0.07162829488515854,0.22702914476394653
PickCube-v1,6,5,0.14285714285714285,906b6c2887302397d8b268671060efe926b7baa822247482a59ac9a11aa63ae2,2,0.006,object_pos_y+,0.006,0.0,0.006,0.0,1,1,,1,1,0.33333333333333337,3.3590638637542725,0.0,0.0,0.0,0.07162829488515854,0.22702914476394653
PickCube-v1,6,5,0.14285714285714285,906b6c2887302397d8b268671060efe926b7baa822247482a59ac9a11aa63ae2,2,0.006,object_pos_y-,0.006,0.0,-0.006,0.0,1,1,,1,1,0.33333333333333337,3.3590638637542725,0.0,0.0,0.0,0.07162829488515854,0.22702914476394653
PickCube-v1,6,5,0.14285714285714285,906b6c2887302397d8b268671060efe926b7baa822247482a59ac9a11aa63ae2,2,0.006,eef_joint_1+,0.04,0.0,0.04,0.0,0,1,,1,1,0.33333333333333337,3.3590638637542725,0.0,0.0,0.0,0.07162829488515854,0.22702914476394653
PickCube-v1,6,5,0.14285714285714285,906b6c2887302397d8b268671060efe926b7baa822247482a59ac9a11aa63ae2,2,0.006,eef_joint_1-,0.04,0.0,-0.04,0.0,0,1,,1,1,0.33333333333333337,3.3590638637542725,0.0,0.0,0.0,0.07162829488515854,0.22702914476394653
PickCube-v1,6,10,0.2857142857142857,1333769e2730b81f5cbadf70d89da0e3baf33e35c46a6c8337703a4fad941641,0,0.0015,object_pos_x+,0.0015,0.0015,0.0,0.0,1,1,,1,1,0.0,3.357917547225952,0.0,0.0,0.0,0.03168291598558426,0.22702918946743011
PickCube-v1,6,10,0.2857142857142857,1333769e2730b81f5cbadf70d89da0e3baf33e35c46a6c8337703a4fad941641,0,0.0015,object_pos_x-,0.0015,-0.0015,0.0,0.0,1,1,,1,1,0.0,3.357917547225952,0.0,0.0,0.0,0.03168291598558426,0.22702918946743011
PickCube-v1,6,10,0.2857142857142857,1333769e2730b81f5cbadf70d89da0e3baf33e35c46a6c8337703a4fad941641,0,0.0015,object_pos_y+,0.0015,0.0,0.0015,0.0,1,1,,1,1,0.0,3.357917547225952,0.0,0.0,0.0,0.03168291598558426,0.22702918946743011
PickCube-v1,6,10,0.2857142857142857,1333769e2730b81f5cbadf70d89da0e3baf33e35c46a6c8337703a4fad941641,0,0.0015,object_pos_y-,0.0015,0.0,-0.0015,0.0,1,1,,1,1,0.0,3.357917547225952,0.0,0.0,0.0,0.03168291598558426,0.22702918946743011
PickCube-v1,6,10,0.2857142857142857,1333769e2730b81f5cbadf70d89da0e3baf33e35c46a6c8337703a4fad941641,0,0.0015,eef_joint_1+,0.01,0.0,0.01,0.0,1,1,,1,1,0.0,3.357917547225952,0.0,0.0,0.0,0.03168291598558426,0.22702918946743011
PickCube-v1,6,10,0.2857142857142857,1333769e2730b81f5cbadf70d89da0e3baf33e35c46a6c8337703a4fad941641,0,0.0015,eef_joint_1-,0.01,0.0,-0.01,0.0,1,1,,1,1,0.0,3.357917547225952,0.0,0.0,0.0,0.03168291598558426,0.22702918946743011
PickCube-v1,6,10,0.2857142857142857,1333769e2730b81f5cbadf70d89da0e3baf33e35c46a6c8337703a4fad941641,1,0.003,object_pos_x+,0.003,0.003,0.0,0.0,1,1,,1,1,0.0,3.357917547225952,0.0,0.0,0.0,0.03168291598558426,0.22702918946743011
PickCube-v1,6,10,0.2857142857142857,1333769e2730b81f5cbadf70d89da0e3baf33e35c46a6c8337703a4fad941641,1,0.003,object_pos_x-,0.003,-0.003,0.0,0.0,1,1,,1,1,0.0,3.357917547225952,0.0,0.0,0.0,0.03168291598558426,0.22702918946743011
PickCube-v1,6,10,0.2857142857142857,1333769e2730b81f5cbadf70d89da0e3baf33e35c46a6c8337703a4fad941641,1,0.003,object_pos_y+,0.003,0.0,0.003,0.0,1,1,,1,1,0.0,3.357917547225952,0.0,0.0,0.0,0.03168291598558426,0.22702918946743011
PickCube-v1,6,10,0.2857142857142857,1333769e2730b81f5cbadf70d89da0e3baf33e35c46a6c8337703a4fad941641,1,0.003,object_pos_y-,0.003,0.0,-0.003,0.0,1,1,,1,1,0.0,3.357917547225952,0.0,0.0,0.0,0.03168291598558426,0.22702918946743011
PickCube-v1,6,10,0.2857142857142857,1333769e2730b81f5cbadf70d89da0e3baf33e35c46a6c8337703a4fad941641,1,0.003,eef_joint_1+,0.02,0.0,0.02,0.0,1,1,,1,1,0.0,3.357917547225952,0.0,0.0,0.0,0.03168291598558426,0.22702918946743011
PickCube-v1,6,10,0.2857142857142857,1333769e2730b81f5cbadf70d89da0e3baf33e35c46a6c8337703a4fad941641,1,0.003,eef_joint_1-,0.02,0.0,-0.02,0.0,1,1,,1,1,0.0,3.357917547225952,0.0,0.0,0.0,0.03168291598558426,0.22702918946743011
PickCube-v1,6,10,0.2857142857142857,1333769e2730b81f5cbadf70d89da0e3baf33e35c46a6c8337703a4fad941641,2,0.006,object_pos_x+,0.006,0.006,0.0,0.0,1,1,,1,1,0.33333333333333337,3.357917547225952,0.0,0.0,0.0,0.03168291598558426,0.22702918946743011
PickCube-v1,6,10,0.2857142857142857,1333769e2730b81f5cbadf70d89da0e3baf33e35c46a6c8337703a4fad941641,2,0.006,object_pos_x-,0.006,-0.006,0.0,0.0,1,1,,1,1,0.33333333333333337,3.357917547225952,0.0,0.0,0.0,0.03168291598558426,0.22702918946743011
PickCube-v1,6,10,0.2857142857142857,1333769e2730b81f5cbadf70d89da0e3baf33e35c46a6c8337703a4fad941641,2,0.006,object_pos_y+,0.006,0.0,0.006,0.0,1,1,,1,1,0.33333333333333337,3.357917547225952,0.0,0.0,0.0,0.03168291598558426,0.22702918946743011
PickCube-v1,6,10,0.2857142857142857,1333769e2730b81f5cbadf70d89da0e3baf33e35c46a6c8337703a4fad941641,2,0.006,object_pos_y-,0.006,0.0,-0.006,0.0,1,1,,1,1,0.33333333333333337,3.357917547225952,0.0,0.0,0.0,0.03168291598558426,0.22702918946743011
PickCube-v1,6,10,0.2857142857142857,1333769e2730b81f5cbadf70d89da0e3baf33e35c46a6c8337703a4fad941641,2,0.006,eef_joint_1+,0.04,0.0,0.04,0.0,0,1,,1,1,0.33333333333333337,3.357917547225952,0.0,0.0,0.0,0.03168291598558426,0.22702918946743011
PickCube-v1,6,10,0.2857142857142857,1333769e2730b81f5cbadf70d89da0e3baf33e35c46a6c8337703a4fad941641,2,0.006,eef_joint_1-,0.04,0.0,-0.04,0.0,0,1,,1,1,0.33333333333333337,3.357917547225952,0.0,0.0,0.0,0.03168291598558426,0.22702918946743011
PickCube-v1,6,15,0.42857142857142855,bbcf817814baca2f405e5a183b19e7cf62f40f209c989a816389984b266a06b7,0,0.0015,object_pos_x+,0.0015,0.0015,0.0,0.0,1,1,,1,1,0.0,3.357917547225952,0.0,0.0,0.0,0.001672790851444006,0.22702918946743011
PickCube-v1,6,15,0.42857142857142855,bbcf817814baca2f405e5a183b19e7cf62f40f209c989a816389984b266a06b7,0,0.0015,object_pos_x-,0.0015,-0.0015,0.0,0.0,1,1,,1,1,0.0,3.357917547225952,0.0,0.0,0.0,0.001672790851444006,0.22702918946743011
PickCube-v1,6,15,0.42857142857142855,bbcf817814baca2f405e5a183b19e7cf62f40f209c989a816389984b266a06b7,0,0.0015,object_pos_y+,0.0015,0.0,0.0015,0.0,1,1,,1,1,0.0,3.357917547225952,0.0,0.0,0.0,0.001672790851444006,0.22702918946743011
PickCube-v1,6,15,0.42857142857142855,bbcf817814baca2f405e5a183b19e7cf62f40f209c989a816389984b266a06b7,0,0.0015,object_pos_y-,0.0015,0.0,-0.0015,0.0,1,1,,1,1,0.0,3.357917547225952,0.0,0.0,0.0,0.001672790851444006,0.22702918946743011
PickCube-v1,6,15,0.42857142857142855,bbcf817814baca2f405e5a183b19e7cf62f40f209c989a816389984b266a06b7,0,0.0015,eef_joint_1+,0.01,0.0,0.01,0.0,1,1,,1,1,0.0,3.357917547225952,0.0,0.0,0.0,0.001672790851444006,0.22702918946743011
PickCube-v1,6,15,0.42857142857142855,bbcf817814baca2f405e5a183b19e7cf62f40f209c989a816389984b266a06b7,0,0.0015,eef_joint_1-,0.01,0.0,-0.01,0.0,1,1,,1,1,0.0,3.357917547225952,0.0,0.0,0.0,0.001672790851444006,0.22702918946743011
PickCube-v1,6,15,0.42857142857142855,bbcf817814baca2f405e5a183b19e7cf62f40f209c989a816389984b266a06b7,1,0.003,object_pos_x+,0.003,0.003,0.0,0.0,1,1,,1,1,0.0,3.357917547225952,0.0,0.0,0.0,0.001672790851444006,0.22702918946743011
PickCube-v1,6,15,0.42857142857142855,bbcf817814baca2f405e5a183b19e7cf62f40f209c989a816389984b266a06b7,1,0.003,object_pos_x-,0.003,-0.003,0.0,0.0,1,1,,1,1,0.0,3.357917547225952,0.0,0.0,0.0,0.001672790851444006,0.22702918946743011
PickCube-v1,6,15,0.42857142857142855,bbcf817814baca2f405e5a183b19e7cf62f40f209c989a816389984b266a06b7,1,0.003,object_pos_y+,0.003,0.0,0.003,0.0,1,1,,1,1,0.0,3.357917547225952,0.0,0.0,0.0,0.001672790851444006,0.22702918946743011
PickCube-v1,6,15,0.42857142857142855,bbcf817814baca2f405e5a183b19e7cf62f40f209c989a816389984b266a06b7,1,0.003,object_pos_y-,0.003,0.0,-0.003,0.0,1,1,,1,1,0.0,3.357917547225952,0.0,0.0,0.0,0.001672790851444006,0.22702918946743011
PickCube-v1,6,15,0.42857142857142855,bbcf817814baca2f405e5a183b19e7cf62f40f209c989a816389984b266a06b7,1,0.003,eef_joint_1+,0.02,0.0,0.02,0.0,1,1,,1,1,0.0,3.357917547225952,0.0,0.0,0.0,0.001672790851444006,0.22702918946743011
PickCube-v1,6,15,0.42857142857142855,bbcf817814baca2f405e5a183b19e7cf62f40f209c989a816389984b266a06b7,1,0.003,eef_joint_1-,0.02,0.0,-0.02,0.0,1,1,,1,1,0.0,3.357917547225952,0.0,0.0,0.0,0.001672790851444006,0.22702918946743011
PickCube-v1,6,15,0.42857142857142855,bbcf817814baca2f405e5a183b19e7cf62f40f209c989a816389984b266a06b7,2,0.006,object_pos_x+,0.006,0.006,0.0,0.0,1,1,,1,1,0.33333333333333337,3.357917547225952,0.0,0.0,0.0,0.001672790851444006,0.22702918946743011
PickCube-v1,6,15,0.42857142857142855,bbcf817814baca2f405e5a183b19e7cf62f40f209c989a816389984b266a06b7,2,0.006,object_pos_x-,0.006,-0.006,0.0,0.0,1,1,,1,1,0.33333333333333337,3.357917547225952,0.0,0.0,0.0,0.001672790851444006,0.22702918946743011
PickCube-v1,6,15,0.42857142857142855,bbcf817814baca2f405e5a183b19e7cf62f40f209c989a816389984b266a06b7,2,0.006,object_pos_y+,0.006,0.0,0.006,0.0,1,1,,1,1,0.33333333333333337,3.357917547225952,0.0,0.0,0.0,0.001672790851444006,0.22702918946743011
PickCube-v1,6,15,0.42857142857142855,bbcf817814baca2f405e5a183b19e7cf62f40f209c989a816389984b266a06b7,2,0.006,object_pos_y-,0.006,0.0,-0.006,0.0,1,1,,1,1,0.33333333333333337,3.357917547225952,0.0,0.0,0.0,0.001672790851444006,0.22702918946743011
PickCube-v1,6,15,0.42857142857142855,bbcf817814baca2f405e5a183b19e7cf62f40f209c989a816389984b266a06b7,2,0.006,eef_joint_1+,0.04,0.0,0.04,0.0,0,1,,1,1,0.33333333333333337,3.357917547225952,0.0,0.0,0.0,0.001672790851444006,0.22702918946743011
PickCube-v1,6,15,0.42857142857142855,bbcf817814baca2f405e5a183b19e7cf62f40f209c989a816389984b266a06b7,2,0.006,eef_joint_1-,0.04,0.0,-0.04,0.0,0,1,,1,1,0.33333333333333337,3.357917547225952,0.0,0.0,0.0,0.001672790851444006,0.22702918946743011
PickCube-v1,6,20,0.5714285714285714,4cd6f2d05203a9575a8149b05e1e589d26c3bdd4f69aa12ef03b42cd7b0feaf4,0,0.0015,object_pos_x+,0.0015,0.0015,0.0,0.0,1,1,,1,1,0.0,3.357917547225952,0.0,0.0,0.0,0.0007066160906106234,0.22675922513008118
PickCube-v1,6,20,0.5714285714285714,4cd6f2d05203a9575a8149b05e1e589d26c3bdd4f69aa12ef03b42cd7b0feaf4,0,0.0015,object_pos_x-,0.0015,-0.0015,0.0,0.0,1,1,,1,1,0.0,3.357917547225952,0.0,0.0,0.0,0.0007066160906106234,0.22675922513008118
PickCube-v1,6,20,0.5714285714285714,4cd6f2d05203a9575a8149b05e1e589d26c3bdd4f69aa12ef03b42cd7b0feaf4,0,0.0015,object_pos_y+,0.0015,0.0,0.0015,0.0,1,1,,1,1,0.0,3.357917547225952,0.0,0.0,0.0,0.0007066160906106234,0.22675922513008118
PickCube-v1,6,20,0.5714285714285714,4cd6f2d05203a9575a8149b05e1e589d26c3bdd4f69aa12ef03b42cd7b0feaf4,0,0.0015,object_pos_y-,0.0015,0.0,-0.0015,0.0,1,1,,1,1,0.0,3.357917547225952,0.0,0.0,0.0,0.0007066160906106234,0.22675922513008118
PickCube-v1,6,20,0.5714285714285714,4cd6f2d05203a9575a8149b05e1e589d26c3bdd4f69aa12ef03b42cd7b0feaf4,0,0.0015,eef_joint_1+,0.01,0.0,0.01,0.0,1,1,,1,1,0.0,3.357917547225952,0.0,0.0,0.0,0.0007066160906106234,0.22675922513008118
PickCube-v1,6,20,0.5714285714285714,4cd6f2d05203a9575a8149b05e1e589d26c3bdd4f69aa12ef03b42cd7b0feaf4,0,0.0015,eef_joint_1-,0.01,0.0,-0.01,0.0,1,1,,1,1,0.0,3.357917547225952,0.0,0.0,0.0,0.0007066160906106234,0.22675922513008118
PickCube-v1,6,20,0.5714285714285714,4cd6f2d05203a9575a8149b05e1e589d26c3bdd4f69aa12ef03b42cd7b0feaf4,1,0.003,object_pos_x+,0.003,0.003,0.0,0.0,1,1,,1,1,0.0,3.357917547225952,0.0,0.0,0.0,0.0007066160906106234,0.22675922513008118
PickCube-v1,6,20,0.5714285714285714,4cd6f2d05203a9575a8149b05e1e589d26c3bdd4f69aa12ef03b42cd7b0feaf4,1,0.003,object_pos_x-,0.003,-0.003,0.0,0.0,1,1,,1,1,0.0,3.357917547225952,0.0,0.0,0.0,0.0007066160906106234,0.22675922513008118
PickCube-v1,6,20,0.5714285714285714,4cd6f2d05203a9575a8149b05e1e589d26c3bdd4f69aa12ef03b42cd7b0feaf4,1,0.003,object_pos_y+,0.003,0.0,0.003,0.0,1,1,,1,1,0.0,3.357917547225952,0.0,0.0,0.0,0.0007066160906106234,0.22675922513008118
PickCube-v1,6,20,0.5714285714285714,4cd6f2d05203a9575a8149b05e1e589d26c3bdd4f69aa12ef03b42cd7b0feaf4,1,0.003,object_pos_y-,0.003,0.0,-0.003,0.0,1,1,,1,1,0.0,3.357917547225952,0.0,0.0,0.0,0.0007066160906106234,0.22675922513008118
PickCube-v1,6,20,0.5714285714285714,4cd6f2d05203a9575a8149b05e1e589d26c3bdd4f69aa12ef03b42cd7b0feaf4,1,0.003,eef_joint_1+,0.02,0.0,0.02,0.0,1,1,,1,1,0.0,3.357917547225952,0.0,0.0,0.0,0.0007066160906106234,0.22675922513008118
PickCube-v1,6,20,0.5714285714285714,4cd6f2d05203a9575a8149b05e1e589d26c3bdd4f69aa12ef03b42cd7b0feaf4,1,0.003,eef_joint_1-,0.02,0.0,-0.02,0.0,1,1,,1,1,0.0,3.357917547225952,0.0,0.0,0.0,0.0007066160906106234,0.22675922513008118
PickCube-v1,6,20,0.5714285714285714,4cd6f2d05203a9575a8149b05e1e589d26c3bdd4f69aa12ef03b42cd7b0feaf4,2,0.006,object_pos_x+,0.006,0.006,0.0,0.0,1,1,,1,1,0.33333333333333337,3.357917547225952,0.0,0.0,0.0,0.0007066160906106234,0.22675922513008118
PickCube-v1,6,20,0.5714285714285714,4cd6f2d05203a9575a8149b05e1e589d26c3bdd4f69aa12ef03b42cd7b0feaf4,2,0.006,object_pos_x-,0.006,-0.006,0.0,0.0,1,1,,1,1,0.33333333333333337,3.357917547225952,0.0,0.0,0.0,0.0007066160906106234,0.22675922513008118
PickCube-v1,6,20,0.5714285714285714,4cd6f2d05203a9575a8149b05e1e589d26c3bdd4f69aa12ef03b42cd7b0feaf4,2,0.006,object_pos_y+,0.006,0.0,0.006,0.0,1,1,,1,1,0.33333333333333337,3.357917547225952,0.0,0.0,0.0,0.0007066160906106234,0.22675922513008118
PickCube-v1,6,20,0.5714285714285714,4cd6f2d05203a9575a8149b05e1e589d26c3bdd4f69aa12ef03b42cd7b0feaf4,2,0.006,object_pos_y-,0.006,0.0,-0.006,0.0,1,1,,1,1,0.33333333333333337,3.357917547225952,0.0,0.0,0.0,0.0007066160906106234,0.22675922513008118
PickCube-v1,6,20,0.5714285714285714,4cd6f2d05203a9575a8149b05e1e589d26c3bdd4f69aa12ef03b42cd7b0feaf4,2,0.006,eef_joint_1+,0.04,0.0,0.04,0.0,0,1,,1,1,0.33333333333333337,3.357917547225952,0.0,0.0,0.0,0.0007066160906106234,0.22675922513008118
PickCube-v1,6,20,0.5714285714285714,4cd6f2d05203a9575a8149b05e1e589d26c3bdd4f69aa12ef03b42cd7b0feaf4,2,0.006,eef_joint_1-,0.04,0.0,-0.04,0.0,0,1,,1,1,0.33333333333333337,3.357917547225952,0.0,0.0,0.0,0.0007066160906106234,0.22675922513008118
PickCube-v1,6,25,0.7142857142857143,9b8b948ba6394df32dcae899a2c4338852314e2fb27a08af8e4119efc7a1dee7,0,0.0015,object_pos_x+,0.0015,0.0015,0.0,0.0,1,1,,1,1,0.0,3.3638088703155518,0.0,0.18000003695487976,0.0,0.0006903133471496403,0.19824564456939697
PickCube-v1,6,25,0.7142857142857143,9b8b948ba6394df32dcae899a2c4338852314e2fb27a08af8e4119efc7a1dee7,0,0.0015,object_pos_x-,0.0015,-0.0015,0.0,0.0,1,1,,1,1,0.0,3.3638088703155518,0.0,0.18000003695487976,0.0,0.0006903133471496403,0.19824564456939697
PickCube-v1,6,25,0.7142857142857143,9b8b948ba6394df32dcae899a2c4338852314e2fb27a08af8e4119efc7a1dee7,0,0.0015,object_pos_y+,0.0015,0.0,0.0015,0.0,1,1,,1,1,0.0,3.3638088703155518,0.0,0.18000003695487976,0.0,0.0006903133471496403,0.19824564456939697
PickCube-v1,6,25,0.7142857142857143,9b8b948ba6394df32dcae899a2c4338852314e2fb27a08af8e4119efc7a1dee7,0,0.0015,object_pos_y-,0.0015,0.0,-0.0015,0.0,1,1,,1,1,0.0,3.3638088703155518,0.0,0.18000003695487976,0.0,0.0006903133471496403,0.19824564456939697
PickCube-v1,6,25,0.7142857142857143,9b8b948ba6394df32dcae899a2c4338852314e2fb27a08af8e4119efc7a1dee7,0,0.0015,eef_joint_1+,0.01,0.0,0.01,0.0,1,1,,1,1,0.0,3.3638088703155518,0.0,0.18000003695487976,0.0,0.0006903133471496403,0.19824564456939697
PickCube-v1,6,25,0.7142857142857143,9b8b948ba6394df32dcae899a2c4338852314e2fb27a08af8e4119efc7a1dee7,0,0.0015,eef_joint_1-,0.01,0.0,-0.01,0.0,1,1,,1,1,0.0,3.3638088703155518,0.0,0.18000003695487976,0.0,0.0006903133471496403,0.19824564456939697
PickCube-v1,6,25,0.7142857142857143,9b8b948ba6394df32dcae899a2c4338852314e2fb27a08af8e4119efc7a1dee7,1,0.003,object_pos_x+,0.003,0.003,0.0,0.0,1,1,,1,1,0.0,3.3638088703155518,0.0,0.18000003695487976,0.0,0.0006903133471496403,0.19824564456939697
PickCube-v1,6,25,0.7142857142857143,9b8b948ba6394df32dcae899a2c4338852314e2fb27a08af8e4119efc7a1dee7,1,0.003,object_pos_x-,0.003,-0.003,0.0,0.0,1,1,,1,1,0.0,3.3638088703155518,0.0,0.18000003695487976,0.0,0.0006903133471496403,0.19824564456939697
PickCube-v1,6,25,0.7142857142857143,9b8b948ba6394df32dcae899a2c4338852314e2fb27a08af8e4119efc7a1dee7,1,0.003,object_pos_y+,0.003,0.0,0.003,0.0,1,1,,1,1,0.0,3.3638088703155518,0.0,0.18000003695487976,0.0,0.0006903133471496403,0.19824564456939697
PickCube-v1,6,25,0.7142857142857143,9b8b948ba6394df32dcae899a2c4338852314e2fb27a08af8e4119efc7a1dee7,1,0.003,object_pos_y-,0.003,0.0,-0.003,0.0,1,1,,1,1,0.0,3.3638088703155518,0.0,0.18000003695487976,0.0,0.0006903133471496403,0.19824564456939697
PickCube-v1,6,25,0.7142857142857143,9b8b948ba6394df32dcae899a2c4338852314e2fb27a08af8e4119efc7a1dee7,1,0.003,eef_joint_1+,0.02,0.0,0.02,0.0,1,1,,1,1,0.0,3.3638088703155518,0.0,0.18000003695487976,0.0,0.0006903133471496403,0.19824564456939697
PickCube-v1,6,25,0.7142857142857143,9b8b948ba6394df32dcae899a2c4338852314e2fb27a08af8e4119efc7a1dee7,1,0.003,eef_joint_1-,0.02,0.0,-0.02,0.0,1,1,,1,1,0.0,3.3638088703155518,0.0,0.18000003695487976,0.0,0.0006903133471496403,0.19824564456939697
PickCube-v1,6,25,0.7142857142857143,9b8b948ba6394df32dcae899a2c4338852314e2fb27a08af8e4119efc7a1dee7,2,0.006,object_pos_x+,0.006,0.006,0.0,0.0,1,1,,1,1,0.33333333333333337,3.3638088703155518,0.0,0.18000003695487976,0.0,0.0006903133471496403,0.19824564456939697
PickCube-v1,6,25,0.7142857142857143,9b8b948ba6394df32dcae899a2c4338852314e2fb27a08af8e4119efc7a1dee7,2,0.006,object_pos_x-,0.006,-0.006,0.0,0.0,1,1,,1,1,0.33333333333333337,3.3638088703155518,0.0,0.18000003695487976,0.0,0.0006903133471496403,0.19824564456939697
PickCube-v1,6,25,0.7142857142857143,9b8b948ba6394df32dcae899a2c4338852314e2fb27a08af8e4119efc7a1dee7,2,0.006,object_pos_y+,0.006,0.0,0.006,0.0,1,1,,1,1,0.33333333333333337,3.3638088703155518,0.0,0.18000003695487976,0.0,0.0006903133471496403,0.19824564456939697
PickCube-v1,6,25,0.7142857142857143,9b8b948ba6394df32dcae899a2c4338852314e2fb27a08af8e4119efc7a1dee7,2,0.006,object_pos_y-,0.006,0.0,-0.006,0.0,1,1,,1,1,0.33333333333333337,3.3638088703155518,0.0,0.18000003695487976,0.0,0.0006903133471496403,0.19824564456939697
PickCube-v1,6,25,0.7142857142857143,9b8b948ba6394df32dcae899a2c4338852314e2fb27a08af8e4119efc7a1dee7,2,0.006,eef_joint_1+,0.04,0.0,0.04,0.0,0,1,,1,1,0.33333333333333337,3.3638088703155518,0.0,0.18000003695487976,0.0,0.0006903133471496403,0.19824564456939697
PickCube-v1,6,25,0.7142857142857143,9b8b948ba6394df32dcae899a2c4338852314e2fb27a08af8e4119efc7a1dee7,2,0.006,eef_joint_1-,0.04,0.0,-0.04,0.0,0,1,,1,1,0.33333333333333337,3.3638088703155518,0.0,0.18000003695487976,0.0,0.0006903133471496403,0.19824564456939697
PickCube-v1,6,30,0.8571428571428571,ac4c08666ddc749705f1e6e9dd685639d06f4901076672c9417297d2da5a8818,0,0.0015,object_pos_x+,0.0015,0.0015,0.0,0.0,1,1,,1,1,0.0,3.3638088703155518,0.0,0.0,0.0,0.0007107678102329373,0.05864189565181732
PickCube-v1,6,30,0.8571428571428571,ac4c08666ddc749705f1e6e9dd685639d06f4901076672c9417297d2da5a8818,0,0.0015,object_pos_x-,0.0015,-0.0015,0.0,0.0,1,1,,1,1,0.0,3.3638088703155518,0.0,0.0,0.0,0.0007107678102329373,0.05864189565181732
PickCube-v1,6,30,0.8571428571428571,ac4c08666ddc749705f1e6e9dd685639d06f4901076672c9417297d2da5a8818,0,0.0015,object_pos_y+,0.0015,0.0,0.0015,0.0,1,1,,1,1,0.0,3.3638088703155518,0.0,0.0,0.0,0.0007107678102329373,0.05864189565181732
PickCube-v1,6,30,0.8571428571428571,ac4c08666ddc749705f1e6e9dd685639d06f4901076672c9417297d2da5a8818,0,0.0015,object_pos_y-,0.0015,0.0,-0.0015,0.0,1,1,,1,1,0.0,3.3638088703155518,0.0,0.0,0.0,0.0007107678102329373,0.05864189565181732
PickCube-v1,6,30,0.8571428571428571,ac4c08666ddc749705f1e6e9dd685639d06f4901076672c9417297d2da5a8818,0,0.0015,eef_joint_1+,0.01,0.0,0.01,0.0,1,1,,1,1,0.0,3.3638088703155518,0.0,0.0,0.0,0.0007107678102329373,0.05864189565181732
PickCube-v1,6,30,0.8571428571428571,ac4c08666ddc749705f1e6e9dd685639d06f4901076672c9417297d2da5a8818,0,0.0015,eef_joint_1-,0.01,0.0,-0.01,0.0,1,1,,1,1,0.0,3.3638088703155518,0.0,0.0,0.0,0.0007107678102329373,0.05864189565181732
PickCube-v1,6,30,0.8571428571428571,ac4c08666ddc749705f1e6e9dd685639d06f4901076672c9417297d2da5a8818,1,0.003,object_pos_x+,0.003,0.003,0.0,0.0,1,1,,1,1,0.0,3.3638088703155518,0.0,0.0,0.0,0.0007107678102329373,0.05864189565181732
PickCube-v1,6,30,0.8571428571428571,ac4c08666ddc749705f1e6e9dd685639d06f4901076672c9417297d2da5a8818,1,0.003,object_pos_x-,0.003,-0.003,0.0,0.0,1,1,,1,1,0.0,3.3638088703155518,0.0,0.0,0.0,0.0007107678102329373,0.05864189565181732
PickCube-v1,6,30,0.8571428571428571,ac4c08666ddc749705f1e6e9dd685639d06f4901076672c9417297d2da5a8818,1,0.003,object_pos_y+,0.003,0.0,0.003,0.0,1,1,,1,1,0.0,3.3638088703155518,0.0,0.0,0.0,0.0007107678102329373,0.05864189565181732
PickCube-v1,6,30,0.8571428571428571,ac4c08666ddc749705f1e6e9dd685639d06f4901076672c9417297d2da5a8818,1,0.003,object_pos_y-,0.003,0.0,-0.003,0.0,1,1,,1,1,0.0,3.3638088703155518,0.0,0.0,0.0,0.0007107678102329373,0.05864189565181732
PickCube-v1,6,30,0.8571428571428571,ac4c08666ddc749705f1e6e9dd685639d06f4901076672c9417297d2da5a8818,1,0.003,eef_joint_1+,0.02,0.0,0.02,0.0,1,1,,1,1,0.0,3.3638088703155518,0.0,0.0,0.0,0.0007107678102329373,0.05864189565181732
PickCube-v1,6,30,0.8571428571428571,ac4c08666ddc749705f1e6e9dd685639d06f4901076672c9417297d2da5a8818,1,0.003,eef_joint_1-,0.02,0.0,-0.02,0.0,1,1,,1,1,0.0,3.3638088703155518,0.0,0.0,0.0,0.0007107678102329373,0.05864189565181732
PickCube-v1,6,30,0.8571428571428571,ac4c08666ddc749705f1e6e9dd685639d06f4901076672c9417297d2da5a8818,2,0.006,object_pos_x+,0.006,0.006,0.0,0.0,1,1,,1,1,0.33333333333333337,3.3638088703155518,0.0,0.0,0.0,0.0007107678102329373,0.05864189565181732
PickCube-v1,6,30,0.8571428571428571,ac4c08666ddc749705f1e6e9dd685639d06f4901076672c9417297d2da5a8818,2,0.006,object_pos_x-,0.006,-0.006,0.0,0.0,1,1,,1,1,0.33333333333333337,3.3638088703155518,0.0,0.0,0.0,0.0007107678102329373,0.05864189565181732
PickCube-v1,6,30,0.8571428571428571,ac4c08666ddc749705f1e6e9dd685639d06f4901076672c9417297d2da5a8818,2,0.006,object_pos_y+,0.006,0.0,0.006,0.0,1,1,,1,1,0.33333333333333337,3.3638088703155518,0.0,0.0,0.0,0.0007107678102329373,0.05864189565181732
PickCube-v1,6,30,0.8571428571428571,ac4c08666ddc749705f1e6e9dd685639d06f4901076672c9417297d2da5a8818,2,0.006,object_pos_y-,0.006,0.0,-0.006,0.0,1,1,,1,1,0.33333333333333337,3.3638088703155518,0.0,0.0,0.0,0.0007107678102329373,0.05864189565181732
PickCube-v1,6,30,0.8571428571428571,ac4c08666ddc749705f1e6e9dd685639d06f4901076672c9417297d2da5a8818,2,0.006,eef_joint_1+,0.04,0.0,0.04,0.0,0,1,,1,1,0.33333333333333337,3.3638088703155518,0.0,0.0,0.0,0.0007107678102329373,0.05864189565181732
PickCube-v1,6,30,0.8571428571428571,ac4c08666ddc749705f1e6e9dd685639d06f4901076672c9417297d2da5a8818,2,0.006,eef_joint_1-,0.04,0.0,-0.04,0.0,0,1,,1,1,0.33333333333333337,3.3638088703155518,0.0,0.0,0.0,0.0007107678102329373,0.05864189565181732
PickCube-v1,6,35,1.0,01e6d04842ef72ae695f6ecadfc3eb86840c5ccc550b4d7e9d382af9714a81f8,0,0.0015,object_pos_x+,0.0015,0.0015,0.0,0.0,1,1,,1,1,0.0,3.362391233444214,0.0,0.0,0.0,0.0007157478830777109,0.01233435608446598
PickCube-v1,6,35,1.0,01e6d04842ef72ae695f6ecadfc3eb86840c5ccc550b4d7e9d382af9714a81f8,0,0.0015,object_pos_x-,0.0015,-0.0015,0.0,0.0,1,1,,1,1,0.0,3.362391233444214,0.0,0.0,0.0,0.0007157478830777109,0.01233435608446598
PickCube-v1,6,35,1.0,01e6d04842ef72ae695f6ecadfc3eb86840c5ccc550b4d7e9d382af9714a81f8,0,0.0015,object_pos_y+,0.0015,0.0,0.0015,0.0,1,1,,1,1,0.0,3.362391233444214,0.0,0.0,0.0,0.0007157478830777109,0.01233435608446598
PickCube-v1,6,35,1.0,01e6d04842ef72ae695f6ecadfc3eb86840c5ccc550b4d7e9d382af9714a81f8,0,0.0015,object_pos_y-,0.0015,0.0,-0.0015,0.0,1,1,,1,1,0.0,3.362391233444214,0.0,0.0,0.0,0.0007157478830777109,0.01233435608446598
PickCube-v1,6,35,1.0,01e6d04842ef72ae695f6ecadfc3eb86840c5ccc550b4d7e9d382af9714a81f8,0,0.0015,eef_joint_1+,0.01,0.0,0.01,0.0,1,1,,1,1,0.0,3.362391233444214,0.0,0.0,0.0,0.0007157478830777109,0.01233435608446598
PickCube-v1,6,35,1.0,01e6d04842ef72ae695f6ecadfc3eb86840c5ccc550b4d7e9d382af9714a81f8,0,0.0015,eef_joint_1-,0.01,0.0,-0.01,0.0,1,1,,1,1,0.0,3.362391233444214,0.0,0.0,0.0,0.0007157478830777109,0.01233435608446598
PickCube-v1,6,35,1.0,01e6d04842ef72ae695f6ecadfc3eb86840c5ccc550b4d7e9d382af9714a81f8,1,0.003,object_pos_x+,0.003,0.003,0.0,0.0,1,1,,1,1,0.0,3.362391233444214,0.0,0.0,0.0,0.0007157478830777109,0.01233435608446598
PickCube-v1,6,35,1.0,01e6d04842ef72ae695f6ecadfc3eb86840c5ccc550b4d7e9d382af9714a81f8,1,0.003,object_pos_x-,0.003,-0.003,0.0,0.0,1,1,,1,1,0.0,3.362391233444214,0.0,0.0,0.0,0.0007157478830777109,0.01233435608446598
PickCube-v1,6,35,1.0,01e6d04842ef72ae695f6ecadfc3eb86840c5ccc550b4d7e9d382af9714a81f8,1,0.003,object_pos_y+,0.003,0.0,0.003,0.0,1,1,,1,1,0.0,3.362391233444214,0.0,0.0,0.0,0.0007157478830777109,0.01233435608446598
PickCube-v1,6,35,1.0,01e6d04842ef72ae695f6ecadfc3eb86840c5ccc550b4d7e9d382af9714a81f8,1,0.003,object_pos_y-,0.003,0.0,-0.003,0.0,1,1,,1,1,0.0,3.362391233444214,0.0,0.0,0.0,0.0007157478830777109,0.01233435608446598
PickCube-v1,6,35,1.0,01e6d04842ef72ae695f6ecadfc3eb86840c5ccc550b4d7e9d382af9714a81f8,1,0.003,eef_joint_1+,0.02,0.0,0.02,0.0,1,1,,1,1,0.0,3.362391233444214,0.0,0.0,0.0,0.0007157478830777109,0.01233435608446598
PickCube-v1,6,35,1.0,01e6d04842ef72ae695f6ecadfc3eb86840c5ccc550b4d7e9d382af9714a81f8,1,0.003,eef_joint_1-,0.02,0.0,-0.02,0.0,1,1,,1,1,0.0,3.362391233444214,0.0,0.0,0.0,0.0007157478830777109,0.01233435608446598
PickCube-v1,6,35,1.0,01e6d04842ef72ae695f6ecadfc3eb86840c5ccc550b4d7e9d382af9714a81f8,2,0.006,object_pos_x+,0.006,0.006,0.0,0.0,1,1,,1,1,0.33333333333333337,3.362391233444214,0.0,0.0,0.0,0.0007157478830777109,0.01233435608446598
PickCube-v1,6,35,1.0,01e6d04842ef72ae695f6ecadfc3eb86840c5ccc550b4d7e9d382af9714a81f8,2,0.006,object_pos_x-,0.006,-0.006,0.0,0.0,1,1,,1,1,0.33333333333333337,3.362391233444214,0.0,0.0,0.0,0.0007157478830777109,0.01233435608446598
PickCube-v1,6,35,1.0,01e6d04842ef72ae695f6ecadfc3eb86840c5ccc550b4d7e9d382af9714a81f8,2,0.006,object_pos_y+,0.006,0.0,0.006,0.0,1,1,,1,1,0.33333333333333337,3.362391233444214,0.0,0.0,0.0,0.0007157478830777109,0.01233435608446598
PickCube-v1,6,35,1.0,01e6d04842ef72ae695f6ecadfc3eb86840c5ccc550b4d7e9d382af9714a81f8,2,0.006,object_pos_y-,0.006,0.0,-0.006,0.0,1,1,,1,1,0.33333333333333337,3.362391233444214,0.0,0.0,0.0,0.0007157478830777109,0.01233435608446598
PickCube-v1,6,35,1.0,01e6d04842ef72ae695f6ecadfc3eb86840c5ccc550b4d7e9d382af9714a81f8,2,0.006,eef_joint_1+,0.04,0.0,0.04,0.0,0,1,,1,1,0.33333333333333337,3.362391233444214,0.0,0.0,0.0,0.0007157478830777109,0.01233435608446598
PickCube-v1,6,35,1.0,01e6d04842ef72ae695f6ecadfc3eb86840c5ccc550b4d7e9d382af9714a81f8,2,0.006,eef_joint_1-,0.04,0.0,-0.04,0.0,0,1,,1,1,0.33333333333333337,3.362391233444214,0.0,0.0,0.0,0.0007157478830777109,0.01233435608446598
PickCube-v1,7,0,0.0,e23ba4ce2ec95a2056a60b15b64f6ac8fb68bfcad9729ad80cb5677021a24e0e,0,0.0015,object_pos_x+,0.0015,0.0015,0.0,0.0,1,1,,1,1,0.0,3.358560800552368,3.358560800552368,3.358560800552368,1.0,0.17810292541980743,0.1902015656232834
PickCube-v1,7,0,0.0,e23ba4ce2ec95a2056a60b15b64f6ac8fb68bfcad9729ad80cb5677021a24e0e,0,0.0015,object_pos_x-,0.0015,-0.0015,0.0,0.0,1,1,,1,1,0.0,3.358560800552368,3.358560800552368,3.358560800552368,1.0,0.17810292541980743,0.1902015656232834
PickCube-v1,7,0,0.0,e23ba4ce2ec95a2056a60b15b64f6ac8fb68bfcad9729ad80cb5677021a24e0e,0,0.0015,object_pos_y+,0.0015,0.0,0.0015,0.0,1,1,,1,1,0.0,3.358560800552368,3.358560800552368,3.358560800552368,1.0,0.17810292541980743,0.1902015656232834
PickCube-v1,7,0,0.0,e23ba4ce2ec95a2056a60b15b64f6ac8fb68bfcad9729ad80cb5677021a24e0e,0,0.0015,object_pos_y-,0.0015,0.0,-0.0015,0.0,1,1,,1,1,0.0,3.358560800552368,3.358560800552368,3.358560800552368,1.0,0.17810292541980743,0.1902015656232834
PickCube-v1,7,0,0.0,e23ba4ce2ec95a2056a60b15b64f6ac8fb68bfcad9729ad80cb5677021a24e0e,0,0.0015,eef_joint_1+,0.01,0.0,0.01,0.0,1,1,,1,1,0.0,3.358560800552368,3.358560800552368,3.358560800552368,1.0,0.17810292541980743,0.1902015656232834
PickCube-v1,7,0,0.0,e23ba4ce2ec95a2056a60b15b64f6ac8fb68bfcad9729ad80cb5677021a24e0e,0,0.0015,eef_joint_1-,0.01,0.0,-0.01,0.0,1,1,,1,1,0.0,3.358560800552368,3.358560800552368,3.358560800552368,1.0,0.17810292541980743,0.1902015656232834
PickCube-v1,7,0,0.0,e23ba4ce2ec95a2056a60b15b64f6ac8fb68bfcad9729ad80cb5677021a24e0e,1,0.003,object_pos_x+,0.003,0.003,0.0,0.0,1,1,,1,1,0.0,3.358560800552368,3.358560800552368,3.358560800552368,1.0,0.17810292541980743,0.1902015656232834
PickCube-v1,7,0,0.0,e23ba4ce2ec95a2056a60b15b64f6ac8fb68bfcad9729ad80cb5677021a24e0e,1,0.003,object_pos_x-,0.003,-0.003,0.0,0.0,1,1,,1,1,0.0,3.358560800552368,3.358560800552368,3.358560800552368,1.0,0.17810292541980743,0.1902015656232834
PickCube-v1,7,0,0.0,e23ba4ce2ec95a2056a60b15b64f6ac8fb68bfcad9729ad80cb5677021a24e0e,1,0.003,object_pos_y+,0.003,0.0,0.003,0.0,1,1,,1,1,0.0,3.358560800552368,3.358560800552368,3.358560800552368,1.0,0.17810292541980743,0.1902015656232834
PickCube-v1,7,0,0.0,e23ba4ce2ec95a2056a60b15b64f6ac8fb68bfcad9729ad80cb5677021a24e0e,1,0.003,object_pos_y-,0.003,0.0,-0.003,0.0,1,1,,1,1,0.0,3.358560800552368,3.358560800552368,3.358560800552368,1.0,0.17810292541980743,0.1902015656232834
PickCube-v1,7,0,0.0,e23ba4ce2ec95a2056a60b15b64f6ac8fb68bfcad9729ad80cb5677021a24e0e,1,0.003,eef_joint_1+,0.02,0.0,0.02,0.0,1,1,,1,1,0.0,3.358560800552368,3.358560800552368,3.358560800552368,1.0,0.17810292541980743,0.1902015656232834
PickCube-v1,7,0,0.0,e23ba4ce2ec95a2056a60b15b64f6ac8fb68bfcad9729ad80cb5677021a24e0e,1,0.003,eef_joint_1-,0.02,0.0,-0.02,0.0,1,1,,1,1,0.0,3.358560800552368,3.358560800552368,3.358560800552368,1.0,0.17810292541980743,0.1902015656232834
PickCube-v1,7,0,0.0,e23ba4ce2ec95a2056a60b15b64f6ac8fb68bfcad9729ad80cb5677021a24e0e,2,0.006,object_pos_x+,0.006,0.006,0.0,0.0,1,1,,1,1,0.33333333333333337,3.358560800552368,3.358560800552368,3.358560800552368,1.0,0.17810292541980743,0.1902015656232834
PickCube-v1,7,0,0.0,e23ba4ce2ec95a2056a60b15b64f6ac8fb68bfcad9729ad80cb5677021a24e0e,2,0.006,object_pos_x-,0.006,-0.006,0.0,0.0,1,1,,1,1,0.33333333333333337,3.358560800552368,3.358560800552368,3.358560800552368,1.0,0.17810292541980743,0.1902015656232834
PickCube-v1,7,0,0.0,e23ba4ce2ec95a2056a60b15b64f6ac8fb68bfcad9729ad80cb5677021a24e0e,2,0.006,object_pos_y+,0.006,0.0,0.006,0.0,1,1,,1,1,0.33333333333333337,3.358560800552368,3.358560800552368,3.358560800552368,1.0,0.17810292541980743,0.1902015656232834
PickCube-v1,7,0,0.0,e23ba4ce2ec95a2056a60b15b64f6ac8fb68bfcad9729ad80cb5677021a24e0e,2,0.006,object_pos_y-,0.006,0.0,-0.006,0.0,1,1,,1,1,0.33333333333333337,3.358560800552368,3.358560800552368,3.358560800552368,1.0,0.17810292541980743,0.1902015656232834
PickCube-v1,7,0,0.0,e23ba4ce2ec95a2056a60b15b64f6ac8fb68bfcad9729ad80cb5677021a24e0e,2,0.006,eef_joint_1+,0.04,0.0,0.04,0.0,0,1,,1,1,0.33333333333333337,3.358560800552368,3.358560800552368,3.358560800552368,1.0,0.17810292541980743,0.1902015656232834
PickCube-v1,7,0,0.0,e23ba4ce2ec95a2056a60b15b64f6ac8fb68bfcad9729ad80cb5677021a24e0e,2,0.006,eef_joint_1-,0.04,0.0,-0.04,0.0,0,1,,1,1,0.33333333333333337,3.358560800552368,3.358560800552368,3.358560800552368,1.0,0.17810292541980743,0.1902015656232834
PickCube-v1,7,5,0.14705882352941177,b8d1efd9a53a6b178646dc9ad89e72a0bb2f6ca65e7e1fdb11b75cd41f66f049,0,0.0015,object_pos_x+,0.0015,0.0015,0.0,0.0,1,1,,1,1,0.0,3.358560800552368,0.0,0.0,0.0,0.0723194032907486,0.1902017593383789
PickCube-v1,7,5,0.14705882352941177,b8d1efd9a53a6b178646dc9ad89e72a0bb2f6ca65e7e1fdb11b75cd41f66f049,0,0.0015,object_pos_x-,0.0015,-0.0015,0.0,0.0,1,1,,1,1,0.0,3.358560800552368,0.0,0.0,0.0,0.0723194032907486,0.1902017593383789
PickCube-v1,7,5,0.14705882352941177,b8d1efd9a53a6b178646dc9ad89e72a0bb2f6ca65e7e1fdb11b75cd41f66f049,0,0.0015,object_pos_y+,0.0015,0.0,0.0015,0.0,1,1,,1,1,0.0,3.358560800552368,0.0,0.0,0.0,0.0723194032907486,0.1902017593383789
PickCube-v1,7,5,0.14705882352941177,b8d1efd9a53a6b178646dc9ad89e72a0bb2f6ca65e7e1fdb11b75cd41f66f049,0,0.0015,object_pos_y-,0.0015,0.0,-0.0015,0.0,1,1,,1,1,0.0,3.358560800552368,0.0,0.0,0.0,0.0723194032907486,0.1902017593383789
PickCube-v1,7,5,0.14705882352941177,b8d1efd9a53a6b178646dc9ad89e72a0bb2f6ca65e7e1fdb11b75cd41f66f049,0,0.0015,eef_joint_1+,0.01,0.0,0.01,0.0,1,1,,1,1,0.0,3.358560800552368,0.0,0.0,0.0,0.0723194032907486,0.1902017593383789
PickCube-v1,7,5,0.14705882352941177,b8d1efd9a53a6b178646dc9ad89e72a0bb2f6ca65e7e1fdb11b75cd41f66f049,0,0.0015,eef_joint_1-,0.01,0.0,-0.01,0.0,1,1,,1,1,0.0,3.358560800552368,0.0,0.0,0.0,0.0723194032907486,0.1902017593383789
PickCube-v1,7,5,0.14705882352941177,b8d1efd9a53a6b178646dc9ad89e72a0bb2f6ca65e7e1fdb11b75cd41f66f049,1,0.003,object_pos_x+,0.003,0.003,0.0,0.0,1,1,,1,1,0.0,3.358560800552368,0.0,0.0,0.0,0.0723194032907486,0.1902017593383789
PickCube-v1,7,5,0.14705882352941177,b8d1efd9a53a6b178646dc9ad89e72a0bb2f6ca65e7e1fdb11b75cd41f66f049,1,0.003,object_pos_x-,0.003,-0.003,0.0,0.0,1,1,,1,1,0.0,3.358560800552368,0.0,0.0,0.0,0.0723194032907486,0.1902017593383789
PickCube-v1,7,5,0.14705882352941177,b8d1efd9a53a6b178646dc9ad89e72a0bb2f6ca65e7e1fdb11b75cd41f66f049,1,0.003,object_pos_y+,0.003,0.0,0.003,0.0,1,1,,1,1,0.0,3.358560800552368,0.0,0.0,0.0,0.0723194032907486,0.1902017593383789
PickCube-v1,7,5,0.14705882352941177,b8d1efd9a53a6b178646dc9ad89e72a0bb2f6ca65e7e1fdb11b75cd41f66f049,1,0.003,object_pos_y-,0.003,0.0,-0.003,0.0,1,1,,1,1,0.0,3.358560800552368,0.0,0.0,0.0,0.0723194032907486,0.1902017593383789
PickCube-v1,7,5,0.14705882352941177,b8d1efd9a53a6b178646dc9ad89e72a0bb2f6ca65e7e1fdb11b75cd41f66f049,1,0.003,eef_joint_1+,0.02,0.0,0.02,0.0,1,1,,1,1,0.0,3.358560800552368,0.0,0.0,0.0,0.0723194032907486,0.1902017593383789
PickCube-v1,7,5,0.14705882352941177,b8d1efd9a53a6b178646dc9ad89e72a0bb2f6ca65e7e1fdb11b75cd41f66f049,1,0.003,eef_joint_1-,0.02,0.0,-0.02,0.0,1,1,,1,1,0.0,3.358560800552368,0.0,0.0,0.0,0.0723194032907486,0.1902017593383789
PickCube-v1,7,5,0.14705882352941177,b8d1efd9a53a6b178646dc9ad89e72a0bb2f6ca65e7e1fdb11b75cd41f66f049,2,0.006,object_pos_x+,0.006,0.006,0.0,0.0,1,1,,1,1,0.33333333333333337,3.358560800552368,0.0,0.0,0.0,0.0723194032907486,0.1902017593383789
PickCube-v1,7,5,0.14705882352941177,b8d1efd9a53a6b178646dc9ad89e72a0bb2f6ca65e7e1fdb11b75cd41f66f049,2,0.006,object_pos_x-,0.006,-0.006,0.0,0.0,1,1,,1,1,0.33333333333333337,3.358560800552368,0.0,0.0,0.0,0.0723194032907486,0.1902017593383789
PickCube-v1,7,5,0.14705882352941177,b8d1efd9a53a6b178646dc9ad89e72a0bb2f6ca65e7e1fdb11b75cd41f66f049,2,0.006,object_pos_y+,0.006,0.0,0.006,0.0,1,1,,1,1,0.33333333333333337,3.358560800552368,0.0,0.0,0.0,0.0723194032907486,0.1902017593383789
PickCube-v1,7,5,0.14705882352941177,b8d1efd9a53a6b178646dc9ad89e72a0bb2f6ca65e7e1fdb11b75cd41f66f049,2,0.006,object_pos_y-,0.006,0.0,-0.006,0.0,1,1,,1,1,0.33333333333333337,3.358560800552368,0.0,0.0,0.0,0.0723194032907486,0.1902017593383789
PickCube-v1,7,5,0.14705882352941177,b8d1efd9a53a6b178646dc9ad89e72a0bb2f6ca65e7e1fdb11b75cd41f66f049,2,0.006,eef_joint_1+,0.04,0.0,0.04,0.0,0,1,,1,1,0.33333333333333337,3.358560800552368,0.0,0.0,0.0,0.0723194032907486,0.1902017593383789
PickCube-v1,7,5,0.14705882352941177,b8d1efd9a53a6b178646dc9ad89e72a0bb2f6ca65e7e1fdb11b75cd41f66f049,2,0.006,eef_joint_1-,0.04,0.0,-0.04,0.0,0,1,,1,1,0.33333333333333337,3.358560800552368,0.0,0.0,0.0,0.0723194032907486,0.1902017593383789
PickCube-v1,7,10,0.29411764705882354,2396efd285dc80492c5f79ae1986329c48394a206db4c6989514b29e322b2dba,0,0.0015,object_pos_x+,0.0015,0.0015,0.0,0.0,1,1,,1,1,0.0,3.3574142456054688,0.0,0.0,0.0,0.031556665897369385,0.1902018040418625
PickCube-v1,7,10,0.29411764705882354,2396efd285dc80492c5f79ae1986329c48394a206db4c6989514b29e322b2dba,0,0.0015,object_pos_x-,0.0015,-0.0015,0.0,0.0,1,1,,1,1,0.0,3.3574142456054688,0.0,0.0,0.0,0.031556665897369385,0.1902018040418625
PickCube-v1,7,10,0.29411764705882354,2396efd285dc80492c5f79ae1986329c48394a206db4c6989514b29e322b2dba,0,0.0015,object_pos_y+,0.0015,0.0,0.0015,0.0,1,1,,1,1,0.0,3.3574142456054688,0.0,0.0,0.0,0.031556665897369385,0.1902018040418625
PickCube-v1,7,10,0.29411764705882354,2396efd285dc80492c5f79ae1986329c48394a206db4c6989514b29e322b2dba,0,0.0015,object_pos_y-,0.0015,0.0,-0.0015,0.0,1,1,,1,1,0.0,3.3574142456054688,0.0,0.0,0.0,0.031556665897369385,0.1902018040418625
PickCube-v1,7,10,0.29411764705882354,2396efd285dc80492c5f79ae1986329c48394a206db4c6989514b29e322b2dba,0,0.0015,eef_joint_1+,0.01,0.0,0.01,0.0,1,1,,1,1,0.0,3.3574142456054688,0.0,0.0,0.0,0.031556665897369385,0.1902018040418625
PickCube-v1,7,10,0.29411764705882354,2396efd285dc80492c5f79ae1986329c48394a206db4c6989514b29e322b2dba,0,0.0015,eef_joint_1-,0.01,0.0,-0.01,0.0,1,1,,1,1,0.0,3.3574142456054688,0.0,0.0,0.0,0.031556665897369385,0.1902018040418625
PickCube-v1,7,10,0.29411764705882354,2396efd285dc80492c5f79ae1986329c48394a206db4c6989514b29e322b2dba,1,0.003,object_pos_x+,0.003,0.003,0.0,0.0,1,1,,1,1,0.0,3.3574142456054688,0.0,0.0,0.0,0.031556665897369385,0.1902018040418625
PickCube-v1,7,10,0.29411764705882354,2396efd285dc80492c5f79ae1986329c48394a206db4c6989514b29e322b2dba,1,0.003,object_pos_x-,0.003,-0.003,0.0,0.0,1,1,,1,1,0.0,3.3574142456054688,0.0,0.0,0.0,0.031556665897369385,0.1902018040418625
PickCube-v1,7,10,0.29411764705882354,2396efd285dc80492c5f79ae1986329c48394a206db4c6989514b29e322b2dba,1,0.003,object_pos_y+,0.003,0.0,0.003,0.0,1,1,,1,1,0.0,3.3574142456054688,0.0,0.0,0.0,0.031556665897369385,0.1902018040418625
PickCube-v1,7,10,0.29411764705882354,2396efd285dc80492c5f79ae1986329c48394a206db4c6989514b29e322b2dba,1,0.003,object_pos_y-,0.003,0.0,-0.003,0.0,1,1,,1,1,0.0,3.3574142456054688,0.0,0.0,0.0,0.031556665897369385,0.1902018040418625
PickCube-v1,7,10,0.29411764705882354,2396efd285dc80492c5f79ae1986329c48394a206db4c6989514b29e322b2dba,1,0.003,eef_joint_1+,0.02,0.0,0.02,0.0,1,1,,1,1,0.0,3.3574142456054688,0.0,0.0,0.0,0.031556665897369385,0.1902018040418625
PickCube-v1,7,10,0.29411764705882354,2396efd285dc80492c5f79ae1986329c48394a206db4c6989514b29e322b2dba,1,0.003,eef_joint_1-,0.02,0.0,-0.02,0.0,1,1,,1,1,0.0,3.3574142456054688,0.0,0.0,0.0,0.031556665897369385,0.1902018040418625
PickCube-v1,7,10,0.29411764705882354,2396efd285dc80492c5f79ae1986329c48394a206db4c6989514b29e322b2dba,2,0.006,object_pos_x+,0.006,0.006,0.0,0.0,1,1,,1,1,0.33333333333333337,3.3574142456054688,0.0,0.0,0.0,0.031556665897369385,0.1902018040418625
PickCube-v1,7,10,0.29411764705882354,2396efd285dc80492c5f79ae1986329c48394a206db4c6989514b29e322b2dba,2,0.006,object_pos_x-,0.006,-0.006,0.0,0.0,1,1,,1,1,0.33333333333333337,3.3574142456054688,0.0,0.0,0.0,0.031556665897369385,0.1902018040418625
PickCube-v1,7,10,0.29411764705882354,2396efd285dc80492c5f79ae1986329c48394a206db4c6989514b29e322b2dba,2,0.006,object_pos_y+,0.006,0.0,0.006,0.0,1,1,,1,1,0.33333333333333337,3.3574142456054688,0.0,0.0,0.0,0.031556665897369385,0.1902018040418625
PickCube-v1,7,10,0.29411764705882354,2396efd285dc80492c5f79ae1986329c48394a206db4c6989514b29e322b2dba,2,0.006,object_pos_y-,0.006,0.0,-0.006,0.0,1,1,,1,1,0.33333333333333337,3.3574142456054688,0.0,0.0,0.0,0.031556665897369385,0.1902018040418625
PickCube-v1,7,10,0.29411764705882354,2396efd285dc80492c5f79ae1986329c48394a206db4c6989514b29e322b2dba,2,0.006,eef_joint_1+,0.04,0.0,0.04,0.0,0,1,,1,1,0.33333333333333337,3.3574142456054688,0.0,0.0,0.0,0.031556665897369385,0.1902018040418625
PickCube-v1,7,10,0.29411764705882354,2396efd285dc80492c5f79ae1986329c48394a206db4c6989514b29e322b2dba,2,0.006,eef_joint_1-,0.04,0.0,-0.04,0.0,0,1,,1,1,0.33333333333333337,3.3574142456054688,0.0,0.0,0.0,0.031556665897369385,0.1902018040418625
PickCube-v1,7,15,0.4411764705882353,d330b6e543012dabb925147d6dd71e67a4bd40ce25f9f3f7bf8645c4eb97b529,0,0.0015,object_pos_x+,0.0015,0.0015,0.0,0.0,1,1,,1,1,0.0,3.3574142456054688,0.0,0.0,0.0,0.001647590077482164,0.19020181894302368
PickCube-v1,7,15,0.4411764705882353,d330b6e543012dabb925147d6dd71e67a4bd40ce25f9f3f7bf8645c4eb97b529,0,0.0015,object_pos_x-,0.0015,-0.0015,0.0,0.0,1,1,,1,1,0.0,3.3574142456054688,0.0,0.0,0.0,0.001647590077482164,0.19020181894302368
PickCube-v1,7,15,0.4411764705882353,d330b6e543012dabb925147d6dd71e67a4bd40ce25f9f3f7bf8645c4eb97b529,0,0.0015,object_pos_y+,0.0015,0.0,0.0015,0.0,1,1,,1,1,0.0,3.3574142456054688,0.0,0.0,0.0,0.001647590077482164,0.19020181894302368
PickCube-v1,7,15,0.4411764705882353,d330b6e543012dabb925147d6dd71e67a4bd40ce25f9f3f7bf8645c4eb97b529,0,0.0015,object_pos_y-,0.0015,0.0,-0.0015,0.0,1,1,,1,1,0.0,3.3574142456054688,0.0,0.0,0.0,0.001647590077482164,0.19020181894302368
PickCube-v1,7,15,0.4411764705882353,d330b6e543012dabb925147d6dd71e67a4bd40ce25f9f3f7bf8645c4eb97b529,0,0.0015,eef_joint_1+,0.01,0.0,0.01,0.0,1,1,,1,1,0.0,3.3574142456054688,0.0,0.0,0.0,0.001647590077482164,0.19020181894302368
PickCube-v1,7,15,0.4411764705882353,d330b6e543012dabb925147d6dd71e67a4bd40ce25f9f3f7bf8645c4eb97b529,0,0.0015,eef_joint_1-,0.01,0.0,-0.01,0.0,1,1,,1,1,0.0,3.3574142456054688,0.0,0.0,0.0,0.001647590077482164,0.19020181894302368
PickCube-v1,7,15,0.4411764705882353,d330b6e543012dabb925147d6dd71e67a4bd40ce25f9f3f7bf8645c4eb97b529,1,0.003,object_pos_x+,0.003,0.003,0.0,0.0,1,1,,1,1,0.0,3.3574142456054688,0.0,0.0,0.0,0.001647590077482164,0.19020181894302368
PickCube-v1,7,15,0.4411764705882353,d330b6e543012dabb925147d6dd71e67a4bd40ce25f9f3f7bf8645c4eb97b529,1,0.003,object_pos_x-,0.003,-0.003,0.0,0.0,1,1,,1,1,0.0,3.3574142456054688,0.0,0.0,0.0,0.001647590077482164,0.19020181894302368
PickCube-v1,7,15,0.4411764705882353,d330b6e543012dabb925147d6dd71e67a4bd40ce25f9f3f7bf8645c4eb97b529,1,0.003,object_pos_y+,0.003,0.0,0.003,0.0,1,1,,1,1,0.0,3.3574142456054688,0.0,0.0,0.0,0.001647590077482164,0.19020181894302368
PickCube-v1,7,15,0.4411764705882353,d330b6e543012dabb925147d6dd71e67a4bd40ce25f9f3f7bf8645c4eb97b529,1,0.003,object_pos_y-,0.003,0.0,-0.003,0.0,1,1,,1,1,0.0,3.3574142456054688,0.0,0.0,0.0,0.001647590077482164,0.19020181894302368
PickCube-v1,7,15,0.4411764705882353,d330b6e543012dabb925147d6dd71e67a4bd40ce25f9f3f7bf8645c4eb97b529,1,0.003,eef_joint_1+,0.02,0.0,0.02,0.0,1,1,,1,1,0.0,3.3574142456054688,0.0,0.0,0.0,0.001647590077482164,0.19020181894302368
PickCube-v1,7,15,0.4411764705882353,d330b6e543012dabb925147d6dd71e67a4bd40ce25f9f3f7bf8645c4eb97b529,1,0.003,eef_joint_1-,0.02,0.0,-0.02,0.0,1,1,,1,1,0.0,3.3574142456054688,0.0,0.0,0.0,0.001647590077482164,0.19020181894302368
PickCube-v1,7,15,0.4411764705882353,d330b6e543012dabb925147d6dd71e67a4bd40ce25f9f3f7bf8645c4eb97b529,2,0.006,object_pos_x+,0.006,0.006,0.0,0.0,1,1,,1,1,0.33333333333333337,3.3574142456054688,0.0,0.0,0.0,0.001647590077482164,0.19020181894302368
PickCube-v1,7,15,0.4411764705882353,d330b6e543012dabb925147d6dd71e67a4bd40ce25f9f3f7bf8645c4eb97b529,2,0.006,object_pos_x-,0.006,-0.006,0.0,0.0,1,1,,1,1,0.33333333333333337,3.3574142456054688,0.0,0.0,0.0,0.001647590077482164,0.19020181894302368
PickCube-v1,7,15,0.4411764705882353,d330b6e543012dabb925147d6dd71e67a4bd40ce25f9f3f7bf8645c4eb97b529,2,0.006,object_pos_y+,0.006,0.0,0.006,0.0,1,1,,1,1,0.33333333333333337,3.3574142456054688,0.0,0.0,0.0,0.001647590077482164,0.19020181894302368
PickCube-v1,7,15,0.4411764705882353,d330b6e543012dabb925147d6dd71e67a4bd40ce25f9f3f7bf8645c4eb97b529,2,0.006,object_pos_y-,0.006,0.0,-0.006,0.0,1,1,,1,1,0.33333333333333337,3.3574142456054688,0.0,0.0,0.0,0.001647590077482164,0.19020181894302368
PickCube-v1,7,15,0.4411764705882353,d330b6e543012dabb925147d6dd71e67a4bd40ce25f9f3f7bf8645c4eb97b529,2,0.006,eef_joint_1+,0.04,0.0,0.04,0.0,0,1,,1,1,0.33333333333333337,3.3574142456054688,0.0,0.0,0.0,0.001647590077482164,0.19020181894302368
PickCube-v1,7,15,0.4411764705882353,d330b6e543012dabb925147d6dd71e67a4bd40ce25f9f3f7bf8645c4eb97b529,2,0.006,eef_joint_1-,0.04,0.0,-0.04,0.0,0,1,,1,1,0.33333333333333337,3.3574142456054688,0.0,0.0,0.0,0.001647590077482164,0.19020181894302368
PickCube-v1,7,20,0.5882352941176471,58634c2ca1f18912dc01750339303db9da1f9cc6073ad2b193e0a7e582ab533a,0,0.0015,object_pos_x+,0.0015,0.0015,0.0,0.0,1,1,,1,1,0.0,3.3574142456054688,0.0,0.0,0.0,0.0007037403993308544,0.18992558121681213
PickCube-v1,7,20,0.5882352941176471,58634c2ca1f18912dc01750339303db9da1f9cc6073ad2b193e0a7e582ab533a,0,0.0015,object_pos_x-,0.0015,-0.0015,0.0,0.0,1,1,,1,1,0.0,3.3574142456054688,0.0,0.0,0.0,0.0007037403993308544,0.18992558121681213
PickCube-v1,7,20,0.5882352941176471,58634c2ca1f18912dc01750339303db9da1f9cc6073ad2b193e0a7e582ab533a,0,0.0015,object_pos_y+,0.0015,0.0,0.0015,0.0,1,1,,1,1,0.0,3.3574142456054688,0.0,0.0,0.0,0.0007037403993308544,0.18992558121681213
PickCube-v1,7,20,0.5882352941176471,58634c2ca1f18912dc01750339303db9da1f9cc6073ad2b193e0a7e582ab533a,0,0.0015,object_pos_y-,0.0015,0.0,-0.0015,0.0,1,1,,1,1,0.0,3.3574142456054688,0.0,0.0,0.0,0.0007037403993308544,0.18992558121681213
PickCube-v1,7,20,0.5882352941176471,58634c2ca1f18912dc01750339303db9da1f9cc6073ad2b193e0a7e582ab533a,0,0.0015,eef_joint_1+,0.01,0.0,0.01,0.0,1,1,,1,1,0.0,3.3574142456054688,0.0,0.0,0.0,0.0007037403993308544,0.18992558121681213
PickCube-v1,7,20,0.5882352941176471,58634c2ca1f18912dc01750339303db9da1f9cc6073ad2b193e0a7e582ab533a,0,0.0015,eef_joint_1-,0.01,0.0,-0.01,0.0,1,1,,1,1,0.0,3.3574142456054688,0.0,0.0,0.0,0.0007037403993308544,0.18992558121681213
PickCube-v1,7,20,0.5882352941176471,58634c2ca1f18912dc01750339303db9da1f9cc6073ad2b193e0a7e582ab533a,1,0.003,object_pos_x+,0.003,0.003,0.0,0.0,1,1,,1,1,0.0,3.3574142456054688,0.0,0.0,0.0,0.0007037403993308544,0.18992558121681213
PickCube-v1,7,20,0.5882352941176471,58634c2ca1f18912dc01750339303db9da1f9cc6073ad2b193e0a7e582ab533a,1,0.003,object_pos_x-,0.003,-0.003,0.0,0.0,1,1,,1,1,0.0,3.3574142456054688,0.0,0.0,0.0,0.0007037403993308544,0.18992558121681213
PickCube-v1,7,20,0.5882352941176471,58634c2ca1f18912dc01750339303db9da1f9cc6073ad2b193e0a7e582ab533a,1,0.003,object_pos_y+,0.003,0.0,0.003,0.0,1,1,,1,1,0.0,3.3574142456054688,0.0,0.0,0.0,0.0007037403993308544,0.18992558121681213
PickCube-v1,7,20,0.5882352941176471,58634c2ca1f18912dc01750339303db9da1f9cc6073ad2b193e0a7e582ab533a,1,0.003,object_pos_y-,0.003,0.0,-0.003,0.0,1,1,,1,1,0.0,3.3574142456054688,0.0,0.0,0.0,0.0007037403993308544,0.18992558121681213
PickCube-v1,7,20,0.5882352941176471,58634c2ca1f18912dc01750339303db9da1f9cc6073ad2b193e0a7e582ab533a,1,0.003,eef_joint_1+,0.02,0.0,0.02,0.0,1,1,,1,1,0.0,3.3574142456054688,0.0,0.0,0.0,0.0007037403993308544,0.18992558121681213
PickCube-v1,7,20,0.5882352941176471,58634c2ca1f18912dc01750339303db9da1f9cc6073ad2b193e0a7e582ab533a,1,0.003,eef_joint_1-,0.02,0.0,-0.02,0.0,1,1,,1,1,0.0,3.3574142456054688,0.0,0.0,0.0,0.0007037403993308544,0.18992558121681213
PickCube-v1,7,20,0.5882352941176471,58634c2ca1f18912dc01750339303db9da1f9cc6073ad2b193e0a7e582ab533a,2,0.006,object_pos_x+,0.006,0.006,0.0,0.0,1,1,,1,1,0.33333333333333337,3.3574142456054688,0.0,0.0,0.0,0.0007037403993308544,0.18992558121681213
PickCube-v1,7,20,0.5882352941176471,58634c2ca1f18912dc01750339303db9da1f9cc6073ad2b193e0a7e582ab533a,2,0.006,object_pos_x-,0.006,-0.006,0.0,0.0,1,1,,1,1,0.33333333333333337,3.3574142456054688,0.0,0.0,0.0,0.0007037403993308544,0.18992558121681213
PickCube-v1,7,20,0.5882352941176471,58634c2ca1f18912dc01750339303db9da1f9cc6073ad2b193e0a7e582ab533a,2,0.006,object_pos_y+,0.006,0.0,0.006,0.0,1,1,,1,1,0.33333333333333337,3.3574142456054688,0.0,0.0,0.0,0.0007037403993308544,0.18992558121681213
PickCube-v1,7,20,0.5882352941176471,58634c2ca1f18912dc01750339303db9da1f9cc6073ad2b193e0a7e582ab533a,2,0.006,object_pos_y-,0.006,0.0,-0.006,0.0,1,1,,1,1,0.33333333333333337,3.3574142456054688,0.0,0.0,0.0,0.0007037403993308544,0.18992558121681213
PickCube-v1,7,20,0.5882352941176471,58634c2ca1f18912dc01750339303db9da1f9cc6073ad2b193e0a7e582ab533a,2,0.006,eef_joint_1+,0.04,0.0,0.04,0.0,0,1,,1,1,0.33333333333333337,3.3574142456054688,0.0,0.0,0.0,0.0007037403993308544,0.18992558121681213
PickCube-v1,7,20,0.5882352941176471,58634c2ca1f18912dc01750339303db9da1f9cc6073ad2b193e0a7e582ab533a,2,0.006,eef_joint_1-,0.04,0.0,-0.04,0.0,0,1,,1,1,0.33333333333333337,3.3574142456054688,0.0,0.0,0.0,0.0007037403993308544,0.18992558121681213
PickCube-v1,7,25,0.7352941176470589,95bcbdabd457121fe3aa790821b80e76723fb516757463eb1072b52b13ca4515,0,0.0015,object_pos_x+,0.0015,0.0015,0.0,0.0,1,1,,1,1,0.0,3.3633065223693848,0.0,0.18000003695487976,0.0,0.0006931724492460489,0.16105866432189941
PickCube-v1,7,25,0.7352941176470589,95bcbdabd457121fe3aa790821b80e76723fb516757463eb1072b52b13ca4515,0,0.0015,object_pos_x-,0.0015,-0.0015,0.0,0.0,1,1,,1,1,0.0,3.3633065223693848,0.0,0.18000003695487976,0.0,0.0006931724492460489,0.16105866432189941
PickCube-v1,7,25,0.7352941176470589,95bcbdabd457121fe3aa790821b80e76723fb516757463eb1072b52b13ca4515,0,0.0015,object_pos_y+,0.0015,0.0,0.0015,0.0,1,1,,1,1,0.0,3.3633065223693848,0.0,0.18000003695487976,0.0,0.0006931724492460489,0.16105866432189941
PickCube-v1,7,25,0.7352941176470589,95bcbdabd457121fe3aa790821b80e76723fb516757463eb1072b52b13ca4515,0,0.0015,object_pos_y-,0.0015,0.0,-0.0015,0.0,1,1,,1,1,0.0,3.3633065223693848,0.0,0.18000003695487976,0.0,0.0006931724492460489,0.16105866432189941
PickCube-v1,7,25,0.7352941176470589,95bcbdabd457121fe3aa790821b80e76723fb516757463eb1072b52b13ca4515,0,0.0015,eef_joint_1+,0.01,0.0,0.01,0.0,1,1,,1,1,0.0,3.3633065223693848,0.0,0.18000003695487976,0.0,0.0006931724492460489,0.16105866432189941
PickCube-v1,7,25,0.7352941176470589,95bcbdabd457121fe3aa790821b80e76723fb516757463eb1072b52b13ca4515,0,0.0015,eef_joint_1-,0.01,0.0,-0.01,0.0,1,1,,1,1,0.0,3.3633065223693848,0.0,0.18000003695487976,0.0,0.0006931724492460489,0.16105866432189941
PickCube-v1,7,25,0.7352941176470589,95bcbdabd457121fe3aa790821b80e76723fb516757463eb1072b52b13ca4515,1,0.003,object_pos_x+,0.003,0.003,0.0,0.0,1,1,,1,1,0.0,3.3633065223693848,0.0,0.18000003695487976,0.0,0.0006931724492460489,0.16105866432189941
PickCube-v1,7,25,0.7352941176470589,95bcbdabd457121fe3aa790821b80e76723fb516757463eb1072b52b13ca4515,1,0.003,object_pos_x-,0.003,-0.003,0.0,0.0,1,1,,1,1,0.0,3.3633065223693848,0.0,0.18000003695487976,0.0,0.0006931724492460489,0.16105866432189941
PickCube-v1,7,25,0.7352941176470589,95bcbdabd457121fe3aa790821b80e76723fb516757463eb1072b52b13ca4515,1,0.003,object_pos_y+,0.003,0.0,0.003,0.0,1,1,,1,1,0.0,3.3633065223693848,0.0,0.18000003695487976,0.0,0.0006931724492460489,0.16105866432189941
PickCube-v1,7,25,0.7352941176470589,95bcbdabd457121fe3aa790821b80e76723fb516757463eb1072b52b13ca4515,1,0.003,object_pos_y-,0.003,0.0,-0.003,0.0,1,1,,1,1,0.0,3.3633065223693848,0.0,0.18000003695487976,0.0,0.0006931724492460489,0.16105866432189941
PickCube-v1,7,25,0.7352941176470589,95bcbdabd457121fe3aa790821b80e76723fb516757463eb1072b52b13ca4515,1,0.003,eef_joint_1+,0.02,0.0,0.02,0.0,1,1,,1,1,0.0,3.3633065223693848,0.0,0.18000003695487976,0.0,0.0006931724492460489,0.16105866432189941
PickCube-v1,7,25,0.7352941176470589,95bcbdabd457121fe3aa790821b80e76723fb516757463eb1072b52b13ca4515,1,0.003,eef_joint_1-,0.02,0.0,-0.02,0.0,1,1,,1,1,0.0,3.3633065223693848,0.0,0.18000003695487976,0.0,0.0006931724492460489,0.16105866432189941
PickCube-v1,7,25,0.7352941176470589,95bcbdabd457121fe3aa790821b80e76723fb516757463eb1072b52b13ca4515,2,0.006,object_pos_x+,0.006,0.006,0.0,0.0,1,1,,1,1,0.33333333333333337,3.3633065223693848,0.0,0.18000003695487976,0.0,0.0006931724492460489,0.16105866432189941
PickCube-v1,7,25,0.7352941176470589,95bcbdabd457121fe3aa790821b80e76723fb516757463eb1072b52b13ca4515,2,0.006,object_pos_x-,0.006,-0.006,0.0,0.0,1,1,,1,1,0.33333333333333337,3.3633065223693848,0.0,0.18000003695487976,0.0,0.0006931724492460489,0.16105866432189941
PickCube-v1,7,25,0.7352941176470589,95bcbdabd457121fe3aa790821b80e76723fb516757463eb1072b52b13ca4515,2,0.006,object_pos_y+,0.006,0.0,0.006,0.0,1,1,,1,1,0.33333333333333337,3.3633065223693848,0.0,0.18000003695487976,0.0,0.0006931724492460489,0.16105866432189941
PickCube-v1,7,25,0.7352941176470589,95bcbdabd457121fe3aa790821b80e76723fb516757463eb1072b52b13ca4515,2,0.006,object_pos_y-,0.006,0.0,-0.006,0.0,1,1,,1,1,0.33333333333333337,3.3633065223693848,0.0,0.18000003695487976,0.0,0.0006931724492460489,0.16105866432189941
PickCube-v1,7,25,0.7352941176470589,95bcbdabd457121fe3aa790821b80e76723fb516757463eb1072b52b13ca4515,2,0.006,eef_joint_1+,0.04,0.0,0.04,0.0,0,1,,1,1,0.33333333333333337,3.3633065223693848,0.0,0.18000003695487976,0.0,0.0006931724492460489,0.16105866432189941
PickCube-v1,7,25,0.7352941176470589,95bcbdabd457121fe3aa790821b80e76723fb516757463eb1072b52b13ca4515,2,0.006,eef_joint_1-,0.04,0.0,-0.04,0.0,0,1,,1,1,0.33333333333333337,3.3633065223693848,0.0,0.18000003695487976,0.0,0.0006931724492460489,0.16105866432189941
PickCube-v1,7,30,0.8823529411764706,28bc5d491beed239c3e98662fb5ae16b4d8194c77be4512d40672481429ba36f,0,0.0015,object_pos_x+,0.0015,0.0015,0.0,0.0,1,1,,1,1,0.0,3.3633065223693848,0.0,0.0,0.0,0.0007132907048799098,0.029375579208135605
PickCube-v1,7,30,0.8823529411764706,28bc5d491beed239c3e98662fb5ae16b4d8194c77be4512d40672481429ba36f,0,0.0015,object_pos_x-,0.0015,-0.0015,0.0,0.0,1,1,,1,1,0.0,3.3633065223693848,0.0,0.0,0.0,0.0007132907048799098,0.029375579208135605
PickCube-v1,7,30,0.8823529411764706,28bc5d491beed239c3e98662fb5ae16b4d8194c77be4512d40672481429ba36f,0,0.0015,object_pos_y+,0.0015,0.0,0.0015,0.0,1,1,,1,1,0.0,3.3633065223693848,0.0,0.0,0.0,0.0007132907048799098,0.029375579208135605
PickCube-v1,7,30,0.8823529411764706,28bc5d491beed239c3e98662fb5ae16b4d8194c77be4512d40672481429ba36f,0,0.0015,object_pos_y-,0.0015,0.0,-0.0015,0.0,1,1,,1,1,0.0,3.3633065223693848,0.0,0.0,0.0,0.0007132907048799098,0.029375579208135605
PickCube-v1,7,30,0.8823529411764706,28bc5d491beed239c3e98662fb5ae16b4d8194c77be4512d40672481429ba36f,0,0.0015,eef_joint_1+,0.01,0.0,0.01,0.0,1,1,,1,1,0.0,3.3633065223693848,0.0,0.0,0.0,0.0007132907048799098,0.029375579208135605
PickCube-v1,7,30,0.8823529411764706,28bc5d491beed239c3e98662fb5ae16b4d8194c77be4512d40672481429ba36f,0,0.0015,eef_joint_1-,0.01,0.0,-0.01,0.0,1,1,,1,1,0.0,3.3633065223693848,0.0,0.0,0.0,0.0007132907048799098,0.029375579208135605
PickCube-v1,7,30,0.8823529411764706,28bc5d491beed239c3e98662fb5ae16b4d8194c77be4512d40672481429ba36f,1,0.003,object_pos_x+,0.003,0.003,0.0,0.0,1,1,,1,1,0.0,3.3633065223693848,0.0,0.0,0.0,0.0007132907048799098,0.029375579208135605
PickCube-v1,7,30,0.8823529411764706,28bc5d491beed239c3e98662fb5ae16b4d8194c77be4512d40672481429ba36f,1,0.003,object_pos_x-,0.003,-0.003,0.0,0.0,1,1,,1,1,0.0,3.3633065223693848,0.0,0.0,0.0,0.0007132907048799098,0.029375579208135605
PickCube-v1,7,30,0.8823529411764706,28bc5d491beed239c3e98662fb5ae16b4d8194c77be4512d40672481429ba36f,1,0.003,object_pos_y+,0.003,0.0,0.003,0.0,1,1,,1,1,0.0,3.3633065223693848,0.0,0.0,0.0,0.0007132907048799098,0.029375579208135605
PickCube-v1,7,30,0.8823529411764706,28bc5d491beed239c3e98662fb5ae16b4d8194c77be4512d40672481429ba36f,1,0.003,object_pos_y-,0.003,0.0,-0.003,0.0,1,1,,1,1,0.0,3.3633065223693848,0.0,0.0,0.0,0.0007132907048799098,0.029375579208135605
PickCube-v1,7,30,0.8823529411764706,28bc5d491beed239c3e98662fb5ae16b4d8194c77be4512d40672481429ba36f,1,0.003,eef_joint_1+,0.02,0.0,0.02,0.0,1,1,,1,1,0.0,3.3633065223693848,0.0,0.0,0.0,0.0007132907048799098,0.029375579208135605
PickCube-v1,7,30,0.8823529411764706,28bc5d491beed239c3e98662fb5ae16b4d8194c77be4512d40672481429ba36f,1,0.003,eef_joint_1-,0.02,0.0,-0.02,0.0,1,1,,1,1,0.0,3.3633065223693848,0.0,0.0,0.0,0.0007132907048799098,0.029375579208135605
PickCube-v1,7,30,0.8823529411764706,28bc5d491beed239c3e98662fb5ae16b4d8194c77be4512d40672481429ba36f,2,0.006,object_pos_x+,0.006,0.006,0.0,0.0,1,1,,1,1,0.33333333333333337,3.3633065223693848,0.0,0.0,0.0,0.0007132907048799098,0.029375579208135605
PickCube-v1,7,30,0.8823529411764706,28bc5d491beed239c3e98662fb5ae16b4d8194c77be4512d40672481429ba36f,2,0.006,object_pos_x-,0.006,-0.006,0.0,0.0,1,1,,1,1,0.33333333333333337,3.3633065223693848,0.0,0.0,0.0,0.0007132907048799098,0.029375579208135605
PickCube-v1,7,30,0.8823529411764706,28bc5d491beed239c3e98662fb5ae16b4d8194c77be4512d40672481429ba36f,2,0.006,object_pos_y+,0.006,0.0,0.006,0.0,1,1,,1,1,0.33333333333333337,3.3633065223693848,0.0,0.0,0.0,0.0007132907048799098,0.029375579208135605
PickCube-v1,7,30,0.8823529411764706,28bc5d491beed239c3e98662fb5ae16b4d8194c77be4512d40672481429ba36f,2,0.006,object_pos_y-,0.006,0.0,-0.006,0.0,1,1,,1,1,0.33333333333333337,3.3633065223693848,0.0,0.0,0.0,0.0007132907048799098,0.029375579208135605
PickCube-v1,7,30,0.8823529411764706,28bc5d491beed239c3e98662fb5ae16b4d8194c77be4512d40672481429ba36f,2,0.006,eef_joint_1+,0.04,0.0,0.04,0.0,0,1,,1,1,0.33333333333333337,3.3633065223693848,0.0,0.0,0.0,0.0007132907048799098,0.029375579208135605
PickCube-v1,7,30,0.8823529411764706,28bc5d491beed239c3e98662fb5ae16b4d8194c77be4512d40672481429ba36f,2,0.006,eef_joint_1-,0.04,0.0,-0.04,0.0,0,1,,1,1,0.33333333333333337,3.3633065223693848,0.0,0.0,0.0,0.0007132907048799098,0.029375579208135605
PickCube-v1,8,0,0.0,97abf2c1a9ef373b7dd28529aa7b6400cb1e49bbfab061fc555ed60606410ec1,0,0.0015,object_pos_x+,0.0015,0.0015,0.0,0.0,1,1,,1,1,0.0,3.3604602813720703,3.3604602813720703,3.3604602813720703,1.0,0.16327382624149323,0.014820819720625877
PickCube-v1,8,0,0.0,97abf2c1a9ef373b7dd28529aa7b6400cb1e49bbfab061fc555ed60606410ec1,0,0.0015,object_pos_x-,0.0015,-0.0015,0.0,0.0,1,1,,1,1,0.0,3.3604602813720703,3.3604602813720703,3.3604602813720703,1.0,0.16327382624149323,0.014820819720625877
PickCube-v1,8,0,0.0,97abf2c1a9ef373b7dd28529aa7b6400cb1e49bbfab061fc555ed60606410ec1,0,0.0015,object_pos_y+,0.0015,0.0,0.0015,0.0,1,1,,1,1,0.0,3.3604602813720703,3.3604602813720703,3.3604602813720703,1.0,0.16327382624149323,0.014820819720625877
PickCube-v1,8,0,0.0,97abf2c1a9ef373b7dd28529aa7b6400cb1e49bbfab061fc555ed60606410ec1,0,0.0015,object_pos_y-,0.0015,0.0,-0.0015,0.0,1,1,,1,1,0.0,3.3604602813720703,3.3604602813720703,3.3604602813720703,1.0,0.16327382624149323,0.014820819720625877
PickCube-v1,8,0,0.0,97abf2c1a9ef373b7dd28529aa7b6400cb1e49bbfab061fc555ed60606410ec1,0,0.0015,eef_joint_1+,0.01,0.0,0.01,0.0,1,1,,1,1,0.0,3.3604602813720703,3.3604602813720703,3.3604602813720703,1.0,0.16327382624149323,0.014820819720625877
PickCube-v1,8,0,0.0,97abf2c1a9ef373b7dd28529aa7b6400cb1e49bbfab061fc555ed60606410ec1,0,0.0015,eef_joint_1-,0.01,0.0,-0.01,0.0,1,1,,1,1,0.0,3.3604602813720703,3.3604602813720703,3.3604602813720703,1.0,0.16327382624149323,0.014820819720625877
PickCube-v1,8,0,0.0,97abf2c1a9ef373b7dd28529aa7b6400cb1e49bbfab061fc555ed60606410ec1,1,0.003,object_pos_x+,0.003,0.003,0.0,0.0,1,1,,1,1,0.0,3.3604602813720703,3.3604602813720703,3.3604602813720703,1.0,0.16327382624149323,0.014820819720625877
PickCube-v1,8,0,0.0,97abf2c1a9ef373b7dd28529aa7b6400cb1e49bbfab061fc555ed60606410ec1,1,0.003,object_pos_x-,0.003,-0.003,0.0,0.0,1,1,,1,1,0.0,3.3604602813720703,3.3604602813720703,3.3604602813720703,1.0,0.16327382624149323,0.014820819720625877
PickCube-v1,8,0,0.0,97abf2c1a9ef373b7dd28529aa7b6400cb1e49bbfab061fc555ed60606410ec1,1,0.003,object_pos_y+,0.003,0.0,0.003,0.0,1,1,,1,1,0.0,3.3604602813720703,3.3604602813720703,3.3604602813720703,1.0,0.16327382624149323,0.014820819720625877
PickCube-v1,8,0,0.0,97abf2c1a9ef373b7dd28529aa7b6400cb1e49bbfab061fc555ed60606410ec1,1,0.003,object_pos_y-,0.003,0.0,-0.003,0.0,1,1,,1,1,0.0,3.3604602813720703,3.3604602813720703,3.3604602813720703,1.0,0.16327382624149323,0.014820819720625877
PickCube-v1,8,0,0.0,97abf2c1a9ef373b7dd28529aa7b6400cb1e49bbfab061fc555ed60606410ec1,1,0.003,eef_joint_1+,0.02,0.0,0.02,0.0,1,1,,1,1,0.0,3.3604602813720703,3.3604602813720703,3.3604602813720703,1.0,0.16327382624149323,0.014820819720625877
PickCube-v1,8,0,0.0,97abf2c1a9ef373b7dd28529aa7b6400cb1e49bbfab061fc555ed60606410ec1,1,0.003,eef_joint_1-,0.02,0.0,-0.02,0.0,1,1,,1,1,0.0,3.3604602813720703,3.3604602813720703,3.3604602813720703,1.0,0.16327382624149323,0.014820819720625877
PickCube-v1,8,0,0.0,97abf2c1a9ef373b7dd28529aa7b6400cb1e49bbfab061fc555ed60606410ec1,2,0.006,object_pos_x+,0.006,0.006,0.0,0.0,1,1,,1,1,0.0,3.3604602813720703,3.3604602813720703,3.3604602813720703,1.0,0.16327382624149323,0.014820819720625877
PickCube-v1,8,0,0.0,97abf2c1a9ef373b7dd28529aa7b6400cb1e49bbfab061fc555ed60606410ec1,2,0.006,object_pos_x-,0.006,-0.006,0.0,0.0,1,1,,1,1,0.0,3.3604602813720703,3.3604602813720703,3.3604602813720703,1.0,0.16327382624149323,0.014820819720625877
PickCube-v1,8,0,0.0,97abf2c1a9ef373b7dd28529aa7b6400cb1e49bbfab061fc555ed60606410ec1,2,0.006,object_pos_y+,0.006,0.0,0.006,0.0,1,1,,1,1,0.0,3.3604602813720703,3.3604602813720703,3.3604602813720703,1.0,0.16327382624149323,0.014820819720625877
PickCube-v1,8,0,0.0,97abf2c1a9ef373b7dd28529aa7b6400cb1e49bbfab061fc555ed60606410ec1,2,0.006,object_pos_y-,0.006,0.0,-0.006,0.0,1,1,,1,1,0.0,3.3604602813720703,3.3604602813720703,3.3604602813720703,1.0,0.16327382624149323,0.014820819720625877
PickCube-v1,8,0,0.0,97abf2c1a9ef373b7dd28529aa7b6400cb1e49bbfab061fc555ed60606410ec1,2,0.006,eef_joint_1+,0.04,0.0,0.04,0.0,1,1,,1,1,0.0,3.3604602813720703,3.3604602813720703,3.3604602813720703,1.0,0.16327382624149323,0.014820819720625877
PickCube-v1,8,0,0.0,97abf2c1a9ef373b7dd28529aa7b6400cb1e49bbfab061fc555ed60606410ec1,2,0.006,eef_joint_1-,0.04,0.0,-0.04,0.0,1,1,,1,1,0.0,3.3604602813720703,3.3604602813720703,3.3604602813720703,1.0,0.16327382624149323,0.014820819720625877
PickCube-v1,9,0,0.0,bd9831a5be9b036cdcf8dfc06663d9f3ef91a7f9547f5e7a45088f9dcaa6371e,0,0.0015,object_pos_x+,0.0015,0.0015,0.0,0.0,1,1,,1,1,0.16666666666666663,3.4003639221191406,3.4003639221191406,3.4003639221191406,1.0,0.15785764157772064,0.2913956940174103
PickCube-v1,9,0,0.0,bd9831a5be9b036cdcf8dfc06663d9f3ef91a7f9547f5e7a45088f9dcaa6371e,0,0.0015,object_pos_x-,0.0015,-0.0015,0.0,0.0,1,1,,1,1,0.16666666666666663,3.4003639221191406,3.4003639221191406,3.4003639221191406,1.0,0.15785764157772064,0.2913956940174103
PickCube-v1,9,0,0.0,bd9831a5be9b036cdcf8dfc06663d9f3ef91a7f9547f5e7a45088f9dcaa6371e,0,0.0015,object_pos_y+,0.0015,0.0,0.0015,0.0,1,1,,1,1,0.16666666666666663,3.4003639221191406,3.4003639221191406,3.4003639221191406,1.0,0.15785764157772064,0.2913956940174103
PickCube-v1,9,0,0.0,bd9831a5be9b036cdcf8dfc06663d9f3ef91a7f9547f5e7a45088f9dcaa6371e,0,0.0015,object_pos_y-,0.0015,0.0,-0.0015,0.0,1,1,,1,1,0.16666666666666663,3.4003639221191406,3.4003639221191406,3.4003639221191406,1.0,0.15785764157772064,0.2913956940174103
PickCube-v1,9,0,0.0,bd9831a5be9b036cdcf8dfc06663d9f3ef91a7f9547f5e7a45088f9dcaa6371e,0,0.0015,eef_joint_1+,0.01,0.0,0.01,0.0,0,1,,1,1,0.16666666666666663,3.4003639221191406,3.4003639221191406,3.4003639221191406,1.0,0.15785764157772064,0.2913956940174103
PickCube-v1,9,0,0.0,bd9831a5be9b036cdcf8dfc06663d9f3ef91a7f9547f5e7a45088f9dcaa6371e,0,0.0015,eef_joint_1-,0.01,0.0,-0.01,0.0,1,1,,1,1,0.16666666666666663,3.4003639221191406,3.4003639221191406,3.4003639221191406,1.0,0.15785764157772064,0.2913956940174103
PickCube-v1,9,0,0.0,bd9831a5be9b036cdcf8dfc06663d9f3ef91a7f9547f5e7a45088f9dcaa6371e,1,0.003,object_pos_x+,0.003,0.003,0.0,0.0,1,1,,1,1,0.33333333333333337,3.4003639221191406,3.4003639221191406,3.4003639221191406,1.0,0.15785764157772064,0.2913956940174103
PickCube-v1,9,0,0.0,bd9831a5be9b036cdcf8dfc06663d9f3ef91a7f9547f5e7a45088f9dcaa6371e,1,0.003,object_pos_x-,0.003,-0.003,0.0,0.0,0,1,,1,1,0.33333333333333337,3.4003639221191406,3.4003639221191406,3.4003639221191406,1.0,0.15785764157772064,0.2913956940174103
PickCube-v1,9,0,0.0,bd9831a5be9b036cdcf8dfc06663d9f3ef91a7f9547f5e7a45088f9dcaa6371e,1,0.003,object_pos_y+,0.003,0.0,0.003,0.0,1,1,,1,1,0.33333333333333337,3.4003639221191406,3.4003639221191406,3.4003639221191406,1.0,0.15785764157772064,0.2913956940174103
PickCube-v1,9,0,0.0,bd9831a5be9b036cdcf8dfc06663d9f3ef91a7f9547f5e7a45088f9dcaa6371e,1,0.003,object_pos_y-,0.003,0.0,-0.003,0.0,1,1,,1,1,0.33333333333333337,3.4003639221191406,3.4003639221191406,3.4003639221191406,1.0,0.15785764157772064,0.2913956940174103
PickCube-v1,9,0,0.0,bd9831a5be9b036cdcf8dfc06663d9f3ef91a7f9547f5e7a45088f9dcaa6371e,1,0.003,eef_joint_1+,0.02,0.0,0.02,0.0,0,1,,1,1,0.33333333333333337,3.4003639221191406,3.4003639221191406,3.4003639221191406,1.0,0.15785764157772064,0.2913956940174103
PickCube-v1,9,0,0.0,bd9831a5be9b036cdcf8dfc06663d9f3ef91a7f9547f5e7a45088f9dcaa6371e,1,0.003,eef_joint_1-,0.02,0.0,-0.02,0.0,1,1,,1,1,0.33333333333333337,3.4003639221191406,3.4003639221191406,3.4003639221191406,1.0,0.15785764157772064,0.2913956940174103
PickCube-v1,9,0,0.0,bd9831a5be9b036cdcf8dfc06663d9f3ef91a7f9547f5e7a45088f9dcaa6371e,2,0.006,object_pos_x+,0.006,0.006,0.0,0.0,1,1,,1,1,0.5,3.4003639221191406,3.4003639221191406,3.4003639221191406,1.0,0.15785764157772064,0.2913956940174103
PickCube-v1,9,0,0.0,bd9831a5be9b036cdcf8dfc06663d9f3ef91a7f9547f5e7a45088f9dcaa6371e,2,0.006,object_pos_x-,0.006,-0.006,0.0,0.0,0,1,,1,1,0.5,3.4003639221191406,3.4003639221191406,3.4003639221191406,1.0,0.15785764157772064,0.2913956940174103
PickCube-v1,9,0,0.0,bd9831a5be9b036cdcf8dfc06663d9f3ef91a7f9547f5e7a45088f9dcaa6371e,2,0.006,object_pos_y+,0.006,0.0,0.006,0.0,1,1,,1,1,0.5,3.4003639221191406,3.4003639221191406,3.4003639221191406,1.0,0.15785764157772064,0.2913956940174103
PickCube-v1,9,0,0.0,bd9831a5be9b036cdcf8dfc06663d9f3ef91a7f9547f5e7a45088f9dcaa6371e,2,0.006,object_pos_y-,0.006,0.0,-0.006,0.0,1,1,,1,1,0.5,3.4003639221191406,3.4003639221191406,3.4003639221191406,1.0,0.15785764157772064,0.2913956940174103
PickCube-v1,9,0,0.0,bd9831a5be9b036cdcf8dfc06663d9f3ef91a7f9547f5e7a45088f9dcaa6371e,2,0.006,eef_joint_1+,0.04,0.0,0.04,0.0,0,1,,1,1,0.5,3.4003639221191406,3.4003639221191406,3.4003639221191406,1.0,0.15785764157772064,0.2913956940174103
PickCube-v1,9,0,0.0,bd9831a5be9b036cdcf8dfc06663d9f3ef91a7f9547f5e7a45088f9dcaa6371e,2,0.006,eef_joint_1-,0.04,0.0,-0.04,0.0,0,1,,1,1,0.5,3.4003639221191406,3.4003639221191406,3.4003639221191406,1.0,0.15785764157772064,0.2913956940174103
PickCube-v1,9,5,0.13513513513513514,1d0325f82ee0a88f687194c98c1fcc28407398092258b4abe170b68505b89dfd,0,0.0015,object_pos_x+,0.0015,0.0015,0.0,0.0,1,1,,1,1,0.16666666666666663,3.4003639221191406,0.0,0.0,0.0,0.07200819998979568,0.2913956344127655
PickCube-v1,9,5,0.13513513513513514,1d0325f82ee0a88f687194c98c1fcc28407398092258b4abe170b68505b89dfd,0,0.0015,object_pos_x-,0.0015,-0.0015,0.0,0.0,1,1,,1,1,0.16666666666666663,3.4003639221191406,0.0,0.0,0.0,0.07200819998979568,0.2913956344127655
PickCube-v1,9,5,0.13513513513513514,1d0325f82ee0a88f687194c98c1fcc28407398092258b4abe170b68505b89dfd,0,0.0015,object_pos_y+,0.0015,0.0,0.0015,0.0,1,1,,1,1,0.16666666666666663,3.4003639221191406,0.0,0.0,0.0,0.07200819998979568,0.2913956344127655
PickCube-v1,9,5,0.13513513513513514,1d0325f82ee0a88f687194c98c1fcc28407398092258b4abe170b68505b89dfd,0,0.0015,object_pos_y-,0.0015,0.0,-0.0015,0.0,1,1,,1,1,0.16666666666666663,3.4003639221191406,0.0,0.0,0.0,0.07200819998979568,0.2913956344127655
PickCube-v1,9,5,0.13513513513513514,1d0325f82ee0a88f687194c98c1fcc28407398092258b4abe170b68505b89dfd,0,0.0015,eef_joint_1+,0.01,0.0,0.01,0.0,0,1,,1,1,0.16666666666666663,3.4003639221191406,0.0,0.0,0.0,0.07200819998979568,0.2913956344127655
PickCube-v1,9,5,0.13513513513513514,1d0325f82ee0a88f687194c98c1fcc28407398092258b4abe170b68505b89dfd,0,0.0015,eef_joint_1-,0.01,0.0,-0.01,0.0,1,1,,1,1,0.16666666666666663,3.4003639221191406,0.0,0.0,0.0,0.07200819998979568,0.2913956344127655
PickCube-v1,9,5,0.13513513513513514,1d0325f82ee0a88f687194c98c1fcc28407398092258b4abe170b68505b89dfd,1,0.003,object_pos_x+,0.003,0.003,0.0,0.0,1,1,,1,1,0.33333333333333337,3.4003639221191406,0.0,0.0,0.0,0.07200819998979568,0.2913956344127655
PickCube-v1,9,5,0.13513513513513514,1d0325f82ee0a88f687194c98c1fcc28407398092258b4abe170b68505b89dfd,1,0.003,object_pos_x-,0.003,-0.003,0.0,0.0,0,1,,1,1,0.33333333333333337,3.4003639221191406,0.0,0.0,0.0,0.07200819998979568,0.2913956344127655
PickCube-v1,9,5,0.13513513513513514,1d0325f82ee0a88f687194c98c1fcc28407398092258b4abe170b68505b89dfd,1,0.003,object_pos_y+,0.003,0.0,0.003,0.0,1,1,,1,1,0.33333333333333337,3.4003639221191406,0.0,0.0,0.0,0.07200819998979568,0.2913956344127655
PickCube-v1,9,5,0.13513513513513514,1d0325f82ee0a88f687194c98c1fcc28407398092258b4abe170b68505b89dfd,1,0.003,object_pos_y-,0.003,0.0,-0.003,0.0,1,1,,1,1,0.33333333333333337,3.4003639221191406,0.0,0.0,0.0,0.07200819998979568,0.2913956344127655
PickCube-v1,9,5,0.13513513513513514,1d0325f82ee0a88f687194c98c1fcc28407398092258b4abe170b68505b89dfd,1,0.003,eef_joint_1+,0.02,0.0,0.02,0.0,0,1,,1,1,0.33333333333333337,3.4003639221191406,0.0,0.0,0.0,0.07200819998979568,0.2913956344127655
PickCube-v1,9,5,0.13513513513513514,1d0325f82ee0a88f687194c98c1fcc28407398092258b4abe170b68505b89dfd,1,0.003,eef_joint_1-,0.02,0.0,-0.02,0.0,1,1,,1,1,0.33333333333333337,3.4003639221191406,0.0,0.0,0.0,0.07200819998979568,0.2913956344127655
PickCube-v1,9,5,0.13513513513513514,1d0325f82ee0a88f687194c98c1fcc28407398092258b4abe170b68505b89dfd,2,0.006,object_pos_x+,0.006,0.006,0.0,0.0,1,1,,1,1,0.6666666666666667,3.4003639221191406,0.0,0.0,0.0,0.07200819998979568,0.2913956344127655
PickCube-v1,9,5,0.13513513513513514,1d0325f82ee0a88f687194c98c1fcc28407398092258b4abe170b68505b89dfd,2,0.006,object_pos_x-,0.006,-0.006,0.0,0.0,0,1,,1,1,0.6666666666666667,3.4003639221191406,0.0,0.0,0.0,0.07200819998979568,0.2913956344127655
PickCube-v1,9,5,0.13513513513513514,1d0325f82ee0a88f687194c98c1fcc28407398092258b4abe170b68505b89dfd,2,0.006,object_pos_y+,0.006,0.0,0.006,0.0,1,1,,1,1,0.6666666666666667,3.4003639221191406,0.0,0.0,0.0,0.07200819998979568,0.2913956344127655
PickCube-v1,9,5,0.13513513513513514,1d0325f82ee0a88f687194c98c1fcc28407398092258b4abe170b68505b89dfd,2,0.006,object_pos_y-,0.006,0.0,-0.006,0.0,0,1,,1,1,0.6666666666666667,3.4003639221191406,0.0,0.0,0.0,0.07200819998979568,0.2913956344127655
PickCube-v1,9,5,0.13513513513513514,1d0325f82ee0a88f687194c98c1fcc28407398092258b4abe170b68505b89dfd,2,0.006,eef_joint_1+,0.04,0.0,0.04,0.0,0,1,,1,1,0.6666666666666667,3.4003639221191406,0.0,0.0,0.0,0.07200819998979568,0.2913956344127655
PickCube-v1,9,5,0.13513513513513514,1d0325f82ee0a88f687194c98c1fcc28407398092258b4abe170b68505b89dfd,2,0.006,eef_joint_1-,0.04,0.0,-0.04,0.0,0,1,,1,1,0.6666666666666667,3.4003639221191406,0.0,0.0,0.0,0.07200819998979568,0.2913956344127655
PickCube-v1,9,10,0.2702702702702703,2d48e5fc8a438ea0bd88adee6f1d7af273a3451ca959b3b6f0f525e8c1bbd0a6,0,0.0015,object_pos_x+,0.0015,0.0015,0.0,0.0,1,1,,1,1,0.16666666666666663,3.3992316722869873,0.0,0.0,0.0,0.032056376338005066,0.2913955748081207
PickCube-v1,9,10,0.2702702702702703,2d48e5fc8a438ea0bd88adee6f1d7af273a3451ca959b3b6f0f525e8c1bbd0a6,0,0.0015,object_pos_x-,0.0015,-0.0015,0.0,0.0,1,1,,1,1,0.16666666666666663,3.3992316722869873,0.0,0.0,0.0,0.032056376338005066,0.2913955748081207
PickCube-v1,9,10,0.2702702702702703,2d48e5fc8a438ea0bd88adee6f1d7af273a3451ca959b3b6f0f525e8c1bbd0a6,0,0.0015,object_pos_y+,0.0015,0.0,0.0015,0.0,1,1,,1,1,0.16666666666666663,3.3992316722869873,0.0,0.0,0.0,0.032056376338005066,0.2913955748081207
PickCube-v1,9,10,0.2702702702702703,2d48e5fc8a438ea0bd88adee6f1d7af273a3451ca959b3b6f0f525e8c1bbd0a6,0,0.0015,object_pos_y-,0.0015,0.0,-0.0015,0.0,1,1,,1,1,0.16666666666666663,3.3992316722869873,0.0,0.0,0.0,0.032056376338005066,0.2913955748081207
PickCube-v1,9,10,0.2702702702702703,2d48e5fc8a438ea0bd88adee6f1d7af273a3451ca959b3b6f0f525e8c1bbd0a6,0,0.0015,eef_joint_1+,0.01,0.0,0.01,0.0,0,1,,1,1,0.16666666666666663,3.3992316722869873,0.0,0.0,0.0,0.032056376338005066,0.2913955748081207
PickCube-v1,9,10,0.2702702702702703,2d48e5fc8a438ea0bd88adee6f1d7af273a3451ca959b3b6f0f525e8c1bbd0a6,0,0.0015,eef_joint_1-,0.01,0.0,-0.01,0.0,1,1,,1,1,0.16666666666666663,3.3992316722869873,0.0,0.0,0.0,0.032056376338005066,0.2913955748081207
PickCube-v1,9,10,0.2702702702702703,2d48e5fc8a438ea0bd88adee6f1d7af273a3451ca959b3b6f0f525e8c1bbd0a6,1,0.003,object_pos_x+,0.003,0.003,0.0,0.0,1,1,,1,1,0.33333333333333337,3.3992316722869873,0.0,0.0,0.0,0.032056376338005066,0.2913955748081207
PickCube-v1,9,10,0.2702702702702703,2d48e5fc8a438ea0bd88adee6f1d7af273a3451ca959b3b6f0f525e8c1bbd0a6,1,0.003,object_pos_x-,0.003,-0.003,0.0,0.0,0,1,,1,1,0.33333333333333337,3.3992316722869873,0.0,0.0,0.0,0.032056376338005066,0.2913955748081207
PickCube-v1,9,10,0.2702702702702703,2d48e5fc8a438ea0bd88adee6f1d7af273a3451ca959b3b6f0f525e8c1bbd0a6,1,0.003,object_pos_y+,0.003,0.0,0.003,0.0,1,1,,1,1,0.33333333333333337,3.3992316722869873,0.0,0.0,0.0,0.032056376338005066,0.2913955748081207
PickCube-v1,9,10,0.2702702702702703,2d48e5fc8a438ea0bd88adee6f1d7af273a3451ca959b3b6f0f525e8c1bbd0a6,1,0.003,object_pos_y-,0.003,0.0,-0.003,0.0,1,1,,1,1,0.33333333333333337,3.3992316722869873,0.0,0.0,0.0,0.032056376338005066,0.2913955748081207
PickCube-v1,9,10,0.2702702702702703,2d48e5fc8a438ea0bd88adee6f1d7af273a3451ca959b3b6f0f525e8c1bbd0a6,1,0.003,eef_joint_1+,0.02,0.0,0.02,0.0,0,1,,1,1,0.33333333333333337,3.3992316722869873,0.0,0.0,0.0,0.032056376338005066,0.2913955748081207
PickCube-v1,9,10,0.2702702702702703,2d48e5fc8a438ea0bd88adee6f1d7af273a3451ca959b3b6f0f525e8c1bbd0a6,1,0.003,eef_joint_1-,0.02,0.0,-0.02,0.0,1,1,,1,1,0.33333333333333337,3.3992316722869873,0.0,0.0,0.0,0.032056376338005066,0.2913955748081207
PickCube-v1,9,10,0.2702702702702703,2d48e5fc8a438ea0bd88adee6f1d7af273a3451ca959b3b6f0f525e8c1bbd0a6,2,0.006,object_pos_x+,0.006,0.006,0.0,0.0,1,1,,1,1,0.5,3.3992316722869873,0.0,0.0,0.0,0.032056376338005066,0.2913955748081207
PickCube-v1,9,10,0.2702702702702703,2d48e5fc8a438ea0bd88adee6f1d7af273a3451ca959b3b6f0f525e8c1bbd0a6,2,0.006,object_pos_x-,0.006,-0.006,0.0,0.0,0,1,,1,1,0.5,3.3992316722869873,0.0,0.0,0.0,0.032056376338005066,0.2913955748081207
PickCube-v1,9,10,0.2702702702702703,2d48e5fc8a438ea0bd88adee6f1d7af273a3451ca959b3b6f0f525e8c1bbd0a6,2,0.006,object_pos_y+,0.006,0.0,0.006,0.0,1,1,,1,1,0.5,3.3992316722869873,0.0,0.0,0.0,0.032056376338005066,0.2913955748081207
PickCube-v1,9,10,0.2702702702702703,2d48e5fc8a438ea0bd88adee6f1d7af273a3451ca959b3b6f0f525e8c1bbd0a6,2,0.006,object_pos_y-,0.006,0.0,-0.006,0.0,1,1,,1,1,0.5,3.3992316722869873,0.0,0.0,0.0,0.032056376338005066,0.2913955748081207
PickCube-v1,9,10,0.2702702702702703,2d48e5fc8a438ea0bd88adee6f1d7af273a3451ca959b3b6f0f525e8c1bbd0a6,2,0.006,eef_joint_1+,0.04,0.0,0.04,0.0,0,1,,1,1,0.5,3.3992316722869873,0.0,0.0,0.0,0.032056376338005066,0.2913955748081207
PickCube-v1,9,10,0.2702702702702703,2d48e5fc8a438ea0bd88adee6f1d7af273a3451ca959b3b6f0f525e8c1bbd0a6,2,0.006,eef_joint_1-,0.04,0.0,-0.04,0.0,0,1,,1,1,0.5,3.3992316722869873,0.0,0.0,0.0,0.032056376338005066,0.2913955748081207
PickCube-v1,9,15,0.40540540540540543,ae9d6fd422ab7bab8e11e1078ea2749ef3a259e4302b89434db40264cba83fb8,0,0.0015,object_pos_x+,0.0015,0.0015,0.0,0.0,1,1,,1,1,0.16666666666666663,3.3992316722869873,0.0,0.0,0.0,0.0017924541607499123,0.2913955748081207
PickCube-v1,9,15,0.40540540540540543,ae9d6fd422ab7bab8e11e1078ea2749ef3a259e4302b89434db40264cba83fb8,0,0.0015,object_pos_x-,0.0015,-0.0015,0.0,0.0,1,1,,1,1,0.16666666666666663,3.3992316722869873,0.0,0.0,0.0,0.0017924541607499123,0.2913955748081207
PickCube-v1,9,15,0.40540540540540543,ae9d6fd422ab7bab8e11e1078ea2749ef3a259e4302b89434db40264cba83fb8,0,0.0015,object_pos_y+,0.0015,0.0,0.0015,0.0,1,1,,1,1,0.16666666666666663,3.3992316722869873,0.0,0.0,0.0,0.0017924541607499123,0.2913955748081207
PickCube-v1,9,15,0.40540540540540543,ae9d6fd422ab7bab8e11e1078ea2749ef3a259e4302b89434db40264cba83fb8,0,0.0015,object_pos_y-,0.0015,0.0,-0.0015,0.0,1,1,,1,1,0.16666666666666663,3.3992316722869873,0.0,0.0,0.0,0.0017924541607499123,0.2913955748081207
PickCube-v1,9,15,0.40540540540540543,ae9d6fd422ab7bab8e11e1078ea2749ef3a259e4302b89434db40264cba83fb8,0,0.0015,eef_joint_1+,0.01,0.0,0.01,0.0,0,1,,1,1,0.16666666666666663,3.3992316722869873,0.0,0.0,0.0,0.0017924541607499123,0.2913955748081207
PickCube-v1,9,15,0.40540540540540543,ae9d6fd422ab7bab8e11e1078ea2749ef3a259e4302b89434db40264cba83fb8,0,0.0015,eef_joint_1-,0.01,0.0,-0.01,0.0,1,1,,1,1,0.16666666666666663,3.3992316722869873,0.0,0.0,0.0,0.0017924541607499123,0.2913955748081207
PickCube-v1,9,15,0.40540540540540543,ae9d6fd422ab7bab8e11e1078ea2749ef3a259e4302b89434db40264cba83fb8,1,0.003,object_pos_x+,0.003,0.003,0.0,0.0,1,1,,1,1,0.33333333333333337,3.3992316722869873,0.0,0.0,0.0,0.0017924541607499123,0.2913955748081207
PickCube-v1,9,15,0.40540540540540543,ae9d6fd422ab7bab8e11e1078ea2749ef3a259e4302b89434db40264cba83fb8,1,0.003,object_pos_x-,0.003,-0.003,0.0,0.0,0,1,,1,1,0.33333333333333337,3.3992316722869873,0.0,0.0,0.0,0.0017924541607499123,0.2913955748081207
PickCube-v1,9,15,0.40540540540540543,ae9d6fd422ab7bab8e11e1078ea2749ef3a259e4302b89434db40264cba83fb8,1,0.003,object_pos_y+,0.003,0.0,0.003,0.0,1,1,,1,1,0.33333333333333337,3.3992316722869873,0.0,0.0,0.0,0.0017924541607499123,0.2913955748081207
PickCube-v1,9,15,0.40540540540540543,ae9d6fd422ab7bab8e11e1078ea2749ef3a259e4302b89434db40264cba83fb8,1,0.003,object_pos_y-,0.003,0.0,-0.003,0.0,1,1,,1,1,0.33333333333333337,3.3992316722869873,0.0,0.0,0.0,0.0017924541607499123,0.2913955748081207
PickCube-v1,9,15,0.40540540540540543,ae9d6fd422ab7bab8e11e1078ea2749ef3a259e4302b89434db40264cba83fb8,1,0.003,eef_joint_1+,0.02,0.0,0.02,0.0,0,1,,1,1,0.33333333333333337,3.3992316722869873,0.0,0.0,0.0,0.0017924541607499123,0.2913955748081207
PickCube-v1,9,15,0.40540540540540543,ae9d6fd422ab7bab8e11e1078ea2749ef3a259e4302b89434db40264cba83fb8,1,0.003,eef_joint_1-,0.02,0.0,-0.02,0.0,1,1,,1,1,0.33333333333333337,3.3992316722869873,0.0,0.0,0.0,0.0017924541607499123,0.2913955748081207
PickCube-v1,9,15,0.40540540540540543,ae9d6fd422ab7bab8e11e1078ea2749ef3a259e4302b89434db40264cba83fb8,2,0.006,object_pos_x+,0.006,0.006,0.0,0.0,1,1,,1,1,0.6666666666666667,3.3992316722869873,0.0,0.0,0.0,0.0017924541607499123,0.2913955748081207
PickCube-v1,9,15,0.40540540540540543,ae9d6fd422ab7bab8e11e1078ea2749ef3a259e4302b89434db40264cba83fb8,2,0.006,object_pos_x-,0.006,-0.006,0.0,0.0,0,1,,1,1,0.6666666666666667,3.3992316722869873,0.0,0.0,0.0,0.0017924541607499123,0.2913955748081207
PickCube-v1,9,15,0.40540540540540543,ae9d6fd422ab7bab8e11e1078ea2749ef3a259e4302b89434db40264cba83fb8,2,0.006,object_pos_y+,0.006,0.0,0.006,0.0,1,1,,1,1,0.6666666666666667,3.3992316722869873,0.0,0.0,0.0,0.0017924541607499123,0.2913955748081207
PickCube-v1,9,15,0.40540540540540543,ae9d6fd422ab7bab8e11e1078ea2749ef3a259e4302b89434db40264cba83fb8,2,0.006,object_pos_y-,0.006,0.0,-0.006,0.0,0,1,,1,1,0.6666666666666667,3.3992316722869873,0.0,0.0,0.0,0.0017924541607499123,0.2913955748081207
PickCube-v1,9,15,0.40540540540540543,ae9d6fd422ab7bab8e11e1078ea2749ef3a259e4302b89434db40264cba83fb8,2,0.006,eef_joint_1+,0.04,0.0,0.04,0.0,0,1,,1,1,0.6666666666666667,3.3992316722869873,0.0,0.0,0.0,0.0017924541607499123,0.2913955748081207
PickCube-v1,9,15,0.40540540540540543,ae9d6fd422ab7bab8e11e1078ea2749ef3a259e4302b89434db40264cba83fb8,2,0.006,eef_joint_1-,0.04,0.0,-0.04,0.0,0,1,,1,1,0.6666666666666667,3.3992316722869873,0.0,0.0,0.0,0.0017924541607499123,0.2913955748081207
PickCube-v1,9,20,0.5405405405405406,5682f8f450ec5577041f29e4c81701689de0cf03c3f455eb6c2b4efc55a617ab,0,0.0015,object_pos_x+,0.0015,0.0015,0.0,0.0,1,1,,1,1,0.0,3.3992316722869873,0.0,0.0,0.0,0.0009246318368241191,0.291113942861557
PickCube-v1,9,20,0.5405405405405406,5682f8f450ec5577041f29e4c81701689de0cf03c3f455eb6c2b4efc55a617ab,0,0.0015,object_pos_x-,0.0015,-0.0015,0.0,0.0,1,1,,1,1,0.0,3.3992316722869873,0.0,0.0,0.0,0.0009246318368241191,0.291113942861557
PickCube-v1,9,20,0.5405405405405406,5682f8f450ec5577041f29e4c81701689de0cf03c3f455eb6c2b4efc55a617ab,0,0.0015,object_pos_y+,0.0015,0.0,0.0015,0.0,1,1,,1,1,0.0,3.3992316722869873,0.0,0.0,0.0,0.0009246318368241191,0.291113942861557
PickCube-v1,9,20,0.5405405405405406,5682f8f450ec5577041f29e4c81701689de0cf03c3f455eb6c2b4efc55a617ab,0,0.0015,object_pos_y-,0.0015,0.0,-0.0015,0.0,1,1,,1,1,0.0,3.3992316722869873,0.0,0.0,0.0,0.0009246318368241191,0.291113942861557
PickCube-v1,9,20,0.5405405405405406,5682f8f450ec5577041f29e4c81701689de0cf03c3f455eb6c2b4efc55a617ab,0,0.0015,eef_joint_1+,0.01,0.0,0.01,0.0,1,1,,1,1,0.0,3.3992316722869873,0.0,0.0,0.0,0.0009246318368241191,0.291113942861557
PickCube-v1,9,20,0.5405405405405406,5682f8f450ec5577041f29e4c81701689de0cf03c3f455eb6c2b4efc55a617ab,0,0.0015,eef_joint_1-,0.01,0.0,-0.01,0.0,1,1,,1,1,0.0,3.3992316722869873,0.0,0.0,0.0,0.0009246318368241191,0.291113942861557
PickCube-v1,9,20,0.5405405405405406,5682f8f450ec5577041f29e4c81701689de0cf03c3f455eb6c2b4efc55a617ab,1,0.003,object_pos_x+,0.003,0.003,0.0,0.0,1,1,,1,1,0.33333333333333337,3.3992316722869873,0.0,0.0,0.0,0.0009246318368241191,0.291113942861557
PickCube-v1,9,20,0.5405405405405406,5682f8f450ec5577041f29e4c81701689de0cf03c3f455eb6c2b4efc55a617ab,1,0.003,object_pos_x-,0.003,-0.003,0.0,0.0,1,1,,1,1,0.33333333333333337,3.3992316722869873,0.0,0.0,0.0,0.0009246318368241191,0.291113942861557
PickCube-v1,9,20,0.5405405405405406,5682f8f450ec5577041f29e4c81701689de0cf03c3f455eb6c2b4efc55a617ab,1,0.003,object_pos_y+,0.003,0.0,0.003,0.0,1,1,,1,1,0.33333333333333337,3.3992316722869873,0.0,0.0,0.0,0.0009246318368241191,0.291113942861557
PickCube-v1,9,20,0.5405405405405406,5682f8f450ec5577041f29e4c81701689de0cf03c3f455eb6c2b4efc55a617ab,1,0.003,object_pos_y-,0.003,0.0,-0.003,0.0,1,1,,1,1,0.33333333333333337,3.3992316722869873,0.0,0.0,0.0,0.0009246318368241191,0.291113942861557
PickCube-v1,9,20,0.5405405405405406,5682f8f450ec5577041f29e4c81701689de0cf03c3f455eb6c2b4efc55a617ab,1,0.003,eef_joint_1+,0.02,0.0,0.02,0.0,0,1,,1,1,0.33333333333333337,3.3992316722869873,0.0,0.0,0.0,0.0009246318368241191,0.291113942861557
PickCube-v1,9,20,0.5405405405405406,5682f8f450ec5577041f29e4c81701689de0cf03c3f455eb6c2b4efc55a617ab,1,0.003,eef_joint_1-,0.02,0.0,-0.02,0.0,0,1,,1,1,0.33333333333333337,3.3992316722869873,0.0,0.0,0.0,0.0009246318368241191,0.291113942861557
PickCube-v1,9,20,0.5405405405405406,5682f8f450ec5577041f29e4c81701689de0cf03c3f455eb6c2b4efc55a617ab,2,0.006,object_pos_x+,0.006,0.006,0.0,0.0,1,1,,1,1,0.6666666666666667,3.3992316722869873,0.0,0.0,0.0,0.0009246318368241191,0.291113942861557
PickCube-v1,9,20,0.5405405405405406,5682f8f450ec5577041f29e4c81701689de0cf03c3f455eb6c2b4efc55a617ab,2,0.006,object_pos_x-,0.006,-0.006,0.0,0.0,0,1,,1,1,0.6666666666666667,3.3992316722869873,0.0,0.0,0.0,0.0009246318368241191,0.291113942861557
PickCube-v1,9,20,0.5405405405405406,5682f8f450ec5577041f29e4c81701689de0cf03c3f455eb6c2b4efc55a617ab,2,0.006,object_pos_y+,0.006,0.0,0.006,0.0,1,1,,1,1,0.6666666666666667,3.3992316722869873,0.0,0.0,0.0,0.0009246318368241191,0.291113942861557
PickCube-v1,9,20,0.5405405405405406,5682f8f450ec5577041f29e4c81701689de0cf03c3f455eb6c2b4efc55a617ab,2,0.006,object_pos_y-,0.006,0.0,-0.006,0.0,0,1,,1,1,0.6666666666666667,3.3992316722869873,0.0,0.0,0.0,0.0009246318368241191,0.291113942861557
PickCube-v1,9,20,0.5405405405405406,5682f8f450ec5577041f29e4c81701689de0cf03c3f455eb6c2b4efc55a617ab,2,0.006,eef_joint_1+,0.04,0.0,0.04,0.0,0,1,,1,1,0.6666666666666667,3.3992316722869873,0.0,0.0,0.0,0.0009246318368241191,0.291113942861557
PickCube-v1,9,20,0.5405405405405406,5682f8f450ec5577041f29e4c81701689de0cf03c3f455eb6c2b4efc55a617ab,2,0.006,eef_joint_1-,0.04,0.0,-0.04,0.0,0,1,,1,1,0.6666666666666667,3.3992316722869873,0.0,0.0,0.0,0.0009246318368241191,0.291113942861557
PickCube-v1,9,25,0.6756756756756757,e9b2fb43a879c9a15cff92473361d0605faa8cd0dfb0cf0bdc589192a400c3b4,0,0.0015,object_pos_x+,0.0015,0.0015,0.0,0.0,1,1,,1,1,0.0,3.4050514698028564,0.0,0.18000003695487976,0.0,0.002699651988223195,0.26839324831962585
PickCube-v1,9,25,0.6756756756756757,e9b2fb43a879c9a15cff92473361d0605faa8cd0dfb0cf0bdc589192a400c3b4,0,0.0015,object_pos_x-,0.0015,-0.0015,0.0,0.0,1,1,,1,1,0.0,3.4050514698028564,0.0,0.18000003695487976,0.0,0.002699651988223195,0.26839324831962585
PickCube-v1,9,25,0.6756756756756757,e9b2fb43a879c9a15cff92473361d0605faa8cd0dfb0cf0bdc589192a400c3b4,0,0.0015,object_pos_y+,0.0015,0.0,0.0015,0.0,1,1,,1,1,0.0,3.4050514698028564,0.0,0.18000003695487976,0.0,0.002699651988223195,0.26839324831962585
PickCube-v1,9,25,0.6756756756756757,e9b2fb43a879c9a15cff92473361d0605faa8cd0dfb0cf0bdc589192a400c3b4,0,0.0015,object_pos_y-,0.0015,0.0,-0.0015,0.0,1,1,,1,1,0.0,3.4050514698028564,0.0,0.18000003695487976,0.0,0.002699651988223195,0.26839324831962585
PickCube-v1,9,25,0.6756756756756757,e9b2fb43a879c9a15cff92473361d0605faa8cd0dfb0cf0bdc589192a400c3b4,0,0.0015,eef_joint_1+,0.01,0.0,0.01,0.0,1,1,,1,1,0.0,3.4050514698028564,0.0,0.18000003695487976,0.0,0.002699651988223195,0.26839324831962585
PickCube-v1,9,25,0.6756756756756757,e9b2fb43a879c9a15cff92473361d0605faa8cd0dfb0cf0bdc589192a400c3b4,0,0.0015,eef_joint_1-,0.01,0.0,-0.01,0.0,1,1,,1,1,0.0,3.4050514698028564,0.0,0.18000003695487976,0.0,0.002699651988223195,0.26839324831962585
PickCube-v1,9,25,0.6756756756756757,e9b2fb43a879c9a15cff92473361d0605faa8cd0dfb0cf0bdc589192a400c3b4,1,0.003,object_pos_x+,0.003,0.003,0.0,0.0,1,1,,1,1,0.33333333333333337,3.4050514698028564,0.0,0.18000003695487976,0.0,0.002699651988223195,0.26839324831962585
PickCube-v1,9,25,0.6756756756756757,e9b2fb43a879c9a15cff92473361d0605faa8cd0dfb0cf0bdc589192a400c3b4,1,0.003,object_pos_x-,0.003,-0.003,0.0,0.0,1,1,,1,1,0.33333333333333337,3.4050514698028564,0.0,0.18000003695487976,0.0,0.002699651988223195,0.26839324831962585
PickCube-v1,9,25,0.6756756756756757,e9b2fb43a879c9a15cff92473361d0605faa8cd0dfb0cf0bdc589192a400c3b4,1,0.003,object_pos_y+,0.003,0.0,0.003,0.0,1,1,,1,1,0.33333333333333337,3.4050514698028564,0.0,0.18000003695487976,0.0,0.002699651988223195,0.26839324831962585
PickCube-v1,9,25,0.6756756756756757,e9b2fb43a879c9a15cff92473361d0605faa8cd0dfb0cf0bdc589192a400c3b4,1,0.003,object_pos_y-,0.003,0.0,-0.003,0.0,1,1,,1,1,0.33333333333333337,3.4050514698028564,0.0,0.18000003695487976,0.0,0.002699651988223195,0.26839324831962585
PickCube-v1,9,25,0.6756756756756757,e9b2fb43a879c9a15cff92473361d0605faa8cd0dfb0cf0bdc589192a400c3b4,1,0.003,eef_joint_1+,0.02,0.0,0.02,0.0,0,1,,1,1,0.33333333333333337,3.4050514698028564,0.0,0.18000003695487976,0.0,0.002699651988223195,0.26839324831962585
PickCube-v1,9,25,0.6756756756756757,e9b2fb43a879c9a15cff92473361d0605faa8cd0dfb0cf0bdc589192a400c3b4,1,0.003,eef_joint_1-,0.02,0.0,-0.02,0.0,0,1,,1,1,0.33333333333333337,3.4050514698028564,0.0,0.18000003695487976,0.0,0.002699651988223195,0.26839324831962585
PickCube-v1,9,25,0.6756756756756757,e9b2fb43a879c9a15cff92473361d0605faa8cd0dfb0cf0bdc589192a400c3b4,2,0.006,object_pos_x+,0.006,0.006,0.0,0.0,1,1,,1,1,0.5,3.4050514698028564,0.0,0.18000003695487976,0.0,0.002699651988223195,0.26839324831962585
PickCube-v1,9,25,0.6756756756756757,e9b2fb43a879c9a15cff92473361d0605faa8cd0dfb0cf0bdc589192a400c3b4,2,0.006,object_pos_x-,0.006,-0.006,0.0,0.0,0,1,,1,1,0.5,3.4050514698028564,0.0,0.18000003695487976,0.0,0.002699651988223195,0.26839324831962585
PickCube-v1,9,25,0.6756756756756757,e9b2fb43a879c9a15cff92473361d0605faa8cd0dfb0cf0bdc589192a400c3b4,2,0.006,object_pos_y+,0.006,0.0,0.006,0.0,1,1,,1,1,0.5,3.4050514698028564,0.0,0.18000003695487976,0.0,0.002699651988223195,0.26839324831962585
PickCube-v1,9,25,0.6756756756756757,e9b2fb43a879c9a15cff92473361d0605faa8cd0dfb0cf0bdc589192a400c3b4,2,0.006,object_pos_y-,0.006,0.0,-0.006,0.0,1,1,,1,1,0.5,3.4050514698028564,0.0,0.18000003695487976,0.0,0.002699651988223195,0.26839324831962585
PickCube-v1,9,25,0.6756756756756757,e9b2fb43a879c9a15cff92473361d0605faa8cd0dfb0cf0bdc589192a400c3b4,2,0.006,eef_joint_1+,0.04,0.0,0.04,0.0,0,1,,1,1,0.5,3.4050514698028564,0.0,0.18000003695487976,0.0,0.002699651988223195,0.26839324831962585
PickCube-v1,9,25,0.6756756756756757,e9b2fb43a879c9a15cff92473361d0605faa8cd0dfb0cf0bdc589192a400c3b4,2,0.006,eef_joint_1-,0.04,0.0,-0.04,0.0,0,1,,1,1,0.5,3.4050514698028564,0.0,0.18000003695487976,0.0,0.002699651988223195,0.26839324831962585
PickCube-v1,9,30,0.8108108108108109,2bdd44c0b8908b6a0a8d55feaf40b599a5ac6347137c8eb59969c2ea325378b3,0,0.0015,object_pos_x+,0.0015,0.0015,0.0,0.0,1,1,,1,1,0.0,3.4050514698028564,0.0,0.0,0.0,0.0027082390151917934,0.11589723080396652
PickCube-v1,9,30,0.8108108108108109,2bdd44c0b8908b6a0a8d55feaf40b599a5ac6347137c8eb59969c2ea325378b3,0,0.0015,object_pos_x-,0.0015,-0.0015,0.0,0.0,1,1,,1,1,0.0,3.4050514698028564,0.0,0.0,0.0,0.0027082390151917934,0.11589723080396652
PickCube-v1,9,30,0.8108108108108109,2bdd44c0b8908b6a0a8d55feaf40b599a5ac6347137c8eb59969c2ea325378b3,0,0.0015,object_pos_y+,0.0015,0.0,0.0015,0.0,1,1,,1,1,0.0,3.4050514698028564,0.0,0.0,0.0,0.0027082390151917934,0.11589723080396652
PickCube-v1,9,30,0.8108108108108109,2bdd44c0b8908b6a0a8d55feaf40b599a5ac6347137c8eb59969c2ea325378b3,0,0.0015,object_pos_y-,0.0015,0.0,-0.0015,0.0,1,1,,1,1,0.0,3.4050514698028564,0.0,0.0,0.0,0.0027082390151917934,0.11589723080396652
PickCube-v1,9,30,0.8108108108108109,2bdd44c0b8908b6a0a8d55feaf40b599a5ac6347137c8eb59969c2ea325378b3,0,0.0015,eef_joint_1+,0.01,0.0,0.01,0.0,1,1,,1,1,0.0,3.4050514698028564,0.0,0.0,0.0,0.0027082390151917934,0.11589723080396652
PickCube-v1,9,30,0.8108108108108109,2bdd44c0b8908b6a0a8d55feaf40b599a5ac6347137c8eb59969c2ea325378b3,0,0.0015,eef_joint_1-,0.01,0.0,-0.01,0.0,1,1,,1,1,0.0,3.4050514698028564,0.0,0.0,0.0,0.0027082390151917934,0.11589723080396652
PickCube-v1,9,30,0.8108108108108109,2bdd44c0b8908b6a0a8d55feaf40b599a5ac6347137c8eb59969c2ea325378b3,1,0.003,object_pos_x+,0.003,0.003,0.0,0.0,1,1,,1,1,0.33333333333333337,3.4050514698028564,0.0,0.0,0.0,0.0027082390151917934,0.11589723080396652
PickCube-v1,9,30,0.8108108108108109,2bdd44c0b8908b6a0a8d55feaf40b599a5ac6347137c8eb59969c2ea325378b3,1,0.003,object_pos_x-,0.003,-0.003,0.0,0.0,1,1,,1,1,0.33333333333333337,3.4050514698028564,0.0,0.0,0.0,0.0027082390151917934,0.11589723080396652
PickCube-v1,9,30,0.8108108108108109,2bdd44c0b8908b6a0a8d55feaf40b599a5ac6347137c8eb59969c2ea325378b3,1,0.003,object_pos_y+,0.003,0.0,0.003,0.0,1,1,,1,1,0.33333333333333337,3.4050514698028564,0.0,0.0,0.0,0.0027082390151917934,0.11589723080396652
PickCube-v1,9,30,0.8108108108108109,2bdd44c0b8908b6a0a8d55feaf40b599a5ac6347137c8eb59969c2ea325378b3,1,0.003,object_pos_y-,0.003,0.0,-0.003,0.0,1,1,,1,1,0.33333333333333337,3.4050514698028564,0.0,0.0,0.0,0.0027082390151917934,0.11589723080396652
PickCube-v1,9,30,0.8108108108108109,2bdd44c0b8908b6a0a8d55feaf40b599a5ac6347137c8eb59969c2ea325378b3,1,0.003,eef_joint_1+,0.02,0.0,0.02,0.0,0,1,,1,1,0.33333333333333337,3.4050514698028564,0.0,0.0,0.0,0.0027082390151917934,0.11589723080396652
PickCube-v1,9,30,0.8108108108108109,2bdd44c0b8908b6a0a8d55feaf40b599a5ac6347137c8eb59969c2ea325378b3,1,0.003,eef_joint_1-,0.02,0.0,-0.02,0.0,0,1,,1,1,0.33333333333333337,3.4050514698028564,0.0,0.0,0.0,0.0027082390151917934,0.11589723080396652
PickCube-v1,9,30,0.8108108108108109,2bdd44c0b8908b6a0a8d55feaf40b599a5ac6347137c8eb59969c2ea325378b3,2,0.006,object_pos_x+,0.006,0.006,0.0,0.0,1,1,,1,1,0.5,3.4050514698028564,0.0,0.0,0.0,0.0027082390151917934,0.11589723080396652
PickCube-v1,9,30,0.8108108108108109,2bdd44c0b8908b6a0a8d55feaf40b599a5ac6347137c8eb59969c2ea325378b3,2,0.006,object_pos_x-,0.006,-0.006,0.0,0.0,0,1,,1,1,0.5,3.4050514698028564,0.0,0.0,0.0,0.0027082390151917934,0.11589723080396652
PickCube-v1,9,30,0.8108108108108109,2bdd44c0b8908b6a0a8d55feaf40b599a5ac6347137c8eb59969c2ea325378b3,2,0.006,object_pos_y+,0.006,0.0,0.006,0.0,1,1,,1,1,0.5,3.4050514698028564,0.0,0.0,0.0,0.0027082390151917934,0.11589723080396652
PickCube-v1,9,30,0.8108108108108109,2bdd44c0b8908b6a0a8d55feaf40b599a5ac6347137c8eb59969c2ea325378b3,2,0.006,object_pos_y-,0.006,0.0,-0.006,0.0,1,1,,1,1,0.5,3.4050514698028564,0.0,0.0,0.0,0.0027082390151917934,0.11589723080396652
PickCube-v1,9,30,0.8108108108108109,2bdd44c0b8908b6a0a8d55feaf40b599a5ac6347137c8eb59969c2ea325378b3,2,0.006,eef_joint_1+,0.04,0.0,0.04,0.0,0,1,,1,1,0.5,3.4050514698028564,0.0,0.0,0.0,0.0027082390151917934,0.11589723080396652
PickCube-v1,9,30,0.8108108108108109,2bdd44c0b8908b6a0a8d55feaf40b599a5ac6347137c8eb59969c2ea325378b3,2,0.006,eef_joint_1-,0.04,0.0,-0.04,0.0,0,1,,1,1,0.5,3.4050514698028564,0.0,0.0,0.0,0.0027082390151917934,0.11589723080396652
PickCube-v1,9,35,0.9459459459459459,a595979bc20ed605ead2ddd3c262e889f47ddae1cefd1020b8d8f3d5eee52cb3,0,0.0015,object_pos_x+,0.0015,0.0015,0.0,0.0,1,1,,1,1,0.0,3.4238765239715576,0.0,0.0,0.0,0.0027088194619864225,0.02574257366359234
PickCube-v1,9,35,0.9459459459459459,a595979bc20ed605ead2ddd3c262e889f47ddae1cefd1020b8d8f3d5eee52cb3,0,0.0015,object_pos_x-,0.0015,-0.0015,0.0,0.0,1,1,,1,1,0.0,3.4238765239715576,0.0,0.0,0.0,0.0027088194619864225,0.02574257366359234
PickCube-v1,9,35,0.9459459459459459,a595979bc20ed605ead2ddd3c262e889f47ddae1cefd1020b8d8f3d5eee52cb3,0,0.0015,object_pos_y+,0.0015,0.0,0.0015,0.0,1,1,,1,1,0.0,3.4238765239715576,0.0,0.0,0.0,0.0027088194619864225,0.02574257366359234
PickCube-v1,9,35,0.9459459459459459,a595979bc20ed605ead2ddd3c262e889f47ddae1cefd1020b8d8f3d5eee52cb3,0,0.0015,object_pos_y-,0.0015,0.0,-0.0015,0.0,1,1,,1,1,0.0,3.4238765239715576,0.0,0.0,0.0,0.0027088194619864225,0.02574257366359234
PickCube-v1,9,35,0.9459459459459459,a595979bc20ed605ead2ddd3c262e889f47ddae1cefd1020b8d8f3d5eee52cb3,0,0.0015,eef_joint_1+,0.01,0.0,0.01,0.0,1,1,,1,1,0.0,3.4238765239715576,0.0,0.0,0.0,0.0027088194619864225,0.02574257366359234
PickCube-v1,9,35,0.9459459459459459,a595979bc20ed605ead2ddd3c262e889f47ddae1cefd1020b8d8f3d5eee52cb3,0,0.0015,eef_joint_1-,0.01,0.0,-0.01,0.0,1,1,,1,1,0.0,3.4238765239715576,0.0,0.0,0.0,0.0027088194619864225,0.02574257366359234
PickCube-v1,9,35,0.9459459459459459,a595979bc20ed605ead2ddd3c262e889f47ddae1cefd1020b8d8f3d5eee52cb3,1,0.003,object_pos_x+,0.003,0.003,0.0,0.0,1,1,,1,1,0.33333333333333337,3.4238765239715576,0.0,0.0,0.0,0.0027088194619864225,0.02574257366359234
PickCube-v1,9,35,0.9459459459459459,a595979bc20ed605ead2ddd3c262e889f47ddae1cefd1020b8d8f3d5eee52cb3,1,0.003,object_pos_x-,0.003,-0.003,0.0,0.0,1,1,,1,1,0.33333333333333337,3.4238765239715576,0.0,0.0,0.0,0.0027088194619864225,0.02574257366359234
PickCube-v1,9,35,0.9459459459459459,a595979bc20ed605ead2ddd3c262e889f47ddae1cefd1020b8d8f3d5eee52cb3,1,0.003,object_pos_y+,0.003,0.0,0.003,0.0,1,1,,1,1,0.33333333333333337,3.4238765239715576,0.0,0.0,0.0,0.0027088194619864225,0.02574257366359234
PickCube-v1,9,35,0.9459459459459459,a595979bc20ed605ead2ddd3c262e889f47ddae1cefd1020b8d8f3d5eee52cb3,1,0.003,object_pos_y-,0.003,0.0,-0.003,0.0,1,1,,1,1,0.33333333333333337,3.4238765239715576,0.0,0.0,0.0,0.0027088194619864225,0.02574257366359234
PickCube-v1,9,35,0.9459459459459459,a595979bc20ed605ead2ddd3c262e889f47ddae1cefd1020b8d8f3d5eee52cb3,1,0.003,eef_joint_1+,0.02,0.0,0.02,0.0,0,1,,1,1,0.33333333333333337,3.4238765239715576,0.0,0.0,0.0,0.0027088194619864225,0.02574257366359234
PickCube-v1,9,35,0.9459459459459459,a595979bc20ed605ead2ddd3c262e889f47ddae1cefd1020b8d8f3d5eee52cb3,1,0.003,eef_joint_1-,0.02,0.0,-0.02,0.0,0,1,,1,1,0.33333333333333337,3.4238765239715576,0.0,0.0,0.0,0.0027088194619864225,0.02574257366359234
PickCube-v1,9,35,0.9459459459459459,a595979bc20ed605ead2ddd3c262e889f47ddae1cefd1020b8d8f3d5eee52cb3,2,0.006,object_pos_x+,0.006,0.006,0.0,0.0,1,1,,1,1,0.5,3.4238765239715576,0.0,0.0,0.0,0.0027088194619864225,0.02574257366359234
PickCube-v1,9,35,0.9459459459459459,a595979bc20ed605ead2ddd3c262e889f47ddae1cefd1020b8d8f3d5eee52cb3,2,0.006,object_pos_x-,0.006,-0.006,0.0,0.0,0,1,,1,1,0.5,3.4238765239715576,0.0,0.0,0.0,0.0027088194619864225,0.02574257366359234
PickCube-v1,9,35,0.9459459459459459,a595979bc20ed605ead2ddd3c262e889f47ddae1cefd1020b8d8f3d5eee52cb3,2,0.006,object_pos_y+,0.006,0.0,0.006,0.0,1,1,,1,1,0.5,3.4238765239715576,0.0,0.0,0.0,0.0027088194619864225,0.02574257366359234
PickCube-v1,9,35,0.9459459459459459,a595979bc20ed605ead2ddd3c262e889f47ddae1cefd1020b8d8f3d5eee52cb3,2,0.006,object_pos_y-,0.006,0.0,-0.006,0.0,1,1,,1,1,0.5,3.4238765239715576,0.0,0.0,0.0,0.0027088194619864225,0.02574257366359234
PickCube-v1,9,35,0.9459459459459459,a595979bc20ed605ead2ddd3c262e889f47ddae1cefd1020b8d8f3d5eee52cb3,2,0.006,eef_joint_1+,0.04,0.0,0.04,0.0,0,1,,1,1,0.5,3.4238765239715576,0.0,0.0,0.0,0.0027088194619864225,0.02574257366359234
PickCube-v1,9,35,0.9459459459459459,a595979bc20ed605ead2ddd3c262e889f47ddae1cefd1020b8d8f3d5eee52cb3,2,0.006,eef_joint_1-,0.04,0.0,-0.04,0.0,0,1,,1,1,0.5,3.4238765239715576,0.0,0.0,0.0,0.0027088194619864225,0.02574257366359234
StackCube-v1,0,0,0.0,998b750f55a5c7258756dc0e66adb129c7944b3c5163907717f26ce7cf103eca,0,0.0015,object_pos_x+,0.0015,0.0015,0.0,0.0,1,1,,1,1,0.0,3.583110809326172,3.583110809326172,3.583110809326172,1.0,0.22952860593795776,0.2093940353571869
StackCube-v1,0,0,0.0,998b750f55a5c7258756dc0e66adb129c7944b3c5163907717f26ce7cf103eca,0,0.0015,object_pos_x-,0.0015,-0.0015,0.0,0.0,1,1,,1,1,0.0,3.583110809326172,3.583110809326172,3.583110809326172,1.0,0.22952860593795776,0.2093940353571869
StackCube-v1,0,0,0.0,998b750f55a5c7258756dc0e66adb129c7944b3c5163907717f26ce7cf103eca,0,0.0015,object_pos_y+,0.0015,0.0,0.0015,0.0,1,1,,1,1,0.0,3.583110809326172,3.583110809326172,3.583110809326172,1.0,0.22952860593795776,0.2093940353571869
StackCube-v1,0,0,0.0,998b750f55a5c7258756dc0e66adb129c7944b3c5163907717f26ce7cf103eca,0,0.0015,object_pos_y-,0.0015,0.0,-0.0015,0.0,1,1,,1,1,0.0,3.583110809326172,3.583110809326172,3.583110809326172,1.0,0.22952860593795776,0.2093940353571869
StackCube-v1,0,0,0.0,998b750f55a5c7258756dc0e66adb129c7944b3c5163907717f26ce7cf103eca,0,0.0015,eef_joint_1+,0.01,0.0,0.01,0.0,1,1,,1,1,0.0,3.583110809326172,3.583110809326172,3.583110809326172,1.0,0.22952860593795776,0.2093940353571869
StackCube-v1,0,0,0.0,998b750f55a5c7258756dc0e66adb129c7944b3c5163907717f26ce7cf103eca,0,0.0015,eef_joint_1-,0.01,0.0,-0.01,0.0,1,1,,1,1,0.0,3.583110809326172,3.583110809326172,3.583110809326172,1.0,0.22952860593795776,0.2093940353571869
StackCube-v1,0,0,0.0,998b750f55a5c7258756dc0e66adb129c7944b3c5163907717f26ce7cf103eca,1,0.003,object_pos_x+,0.003,0.003,0.0,0.0,1,1,,1,1,0.33333333333333337,3.583110809326172,3.583110809326172,3.583110809326172,1.0,0.22952860593795776,0.2093940353571869
StackCube-v1,0,0,0.0,998b750f55a5c7258756dc0e66adb129c7944b3c5163907717f26ce7cf103eca,1,0.003,object_pos_x-,0.003,-0.003,0.0,0.0,1,1,,1,1,0.33333333333333337,3.583110809326172,3.583110809326172,3.583110809326172,1.0,0.22952860593795776,0.2093940353571869
StackCube-v1,0,0,0.0,998b750f55a5c7258756dc0e66adb129c7944b3c5163907717f26ce7cf103eca,1,0.003,object_pos_y+,0.003,0.0,0.003,0.0,1,1,,1,1,0.33333333333333337,3.583110809326172,3.583110809326172,3.583110809326172,1.0,0.22952860593795776,0.2093940353571869
StackCube-v1,0,0,0.0,998b750f55a5c7258756dc0e66adb129c7944b3c5163907717f26ce7cf103eca,1,0.003,object_pos_y-,0.003,0.0,-0.003,0.0,1,1,,1,1,0.33333333333333337,3.583110809326172,3.583110809326172,3.583110809326172,1.0,0.22952860593795776,0.2093940353571869
StackCube-v1,0,0,0.0,998b750f55a5c7258756dc0e66adb129c7944b3c5163907717f26ce7cf103eca,1,0.003,eef_joint_1+,0.02,0.0,0.02,0.0,0,1,,1,1,0.33333333333333337,3.583110809326172,3.583110809326172,3.583110809326172,1.0,0.22952860593795776,0.2093940353571869
StackCube-v1,0,0,0.0,998b750f55a5c7258756dc0e66adb129c7944b3c5163907717f26ce7cf103eca,1,0.003,eef_joint_1-,0.02,0.0,-0.02,0.0,0,1,,1,1,0.33333333333333337,3.583110809326172,3.583110809326172,3.583110809326172,1.0,0.22952860593795776,0.2093940353571869
StackCube-v1,0,0,0.0,998b750f55a5c7258756dc0e66adb129c7944b3c5163907717f26ce7cf103eca,2,0.006,object_pos_x+,0.006,0.006,0.0,0.0,1,1,,1,1,0.33333333333333337,3.583110809326172,3.583110809326172,3.583110809326172,1.0,0.22952860593795776,0.2093940353571869
StackCube-v1,0,0,0.0,998b750f55a5c7258756dc0e66adb129c7944b3c5163907717f26ce7cf103eca,2,0.006,object_pos_x-,0.006,-0.006,0.0,0.0,1,1,,1,1,0.33333333333333337,3.583110809326172,3.583110809326172,3.583110809326172,1.0,0.22952860593795776,0.2093940353571869
StackCube-v1,0,0,0.0,998b750f55a5c7258756dc0e66adb129c7944b3c5163907717f26ce7cf103eca,2,0.006,object_pos_y+,0.006,0.0,0.006,0.0,1,1,,1,1,0.33333333333333337,3.583110809326172,3.583110809326172,3.583110809326172,1.0,0.22952860593795776,0.2093940353571869
StackCube-v1,0,0,0.0,998b750f55a5c7258756dc0e66adb129c7944b3c5163907717f26ce7cf103eca,2,0.006,object_pos_y-,0.006,0.0,-0.006,0.0,1,1,,1,1,0.33333333333333337,3.583110809326172,3.583110809326172,3.583110809326172,1.0,0.22952860593795776,0.2093940353571869
StackCube-v1,0,0,0.0,998b750f55a5c7258756dc0e66adb129c7944b3c5163907717f26ce7cf103eca,2,0.006,eef_joint_1+,0.04,0.0,0.04,0.0,0,1,,1,1,0.33333333333333337,3.583110809326172,3.583110809326172,3.583110809326172,1.0,0.22952860593795776,0.2093940353571869
StackCube-v1,0,0,0.0,998b750f55a5c7258756dc0e66adb129c7944b3c5163907717f26ce7cf103eca,2,0.006,eef_joint_1-,0.04,0.0,-0.04,0.0,0,1,,1,1,0.33333333333333337,3.583110809326172,3.583110809326172,3.583110809326172,1.0,0.22952860593795776,0.2093940353571869
StackCube-v1,0,5,0.09090909090909091,95038e247cc67ae64af60476fc36485062b3000177fa2dc42506fd912317916d,0,0.0015,object_pos_x+,0.0015,0.0015,0.0,0.0,1,1,,1,1,0.0,3.583110809326172,0.0,0.0,0.0,0.06875243037939072,0.2093932851087279
StackCube-v1,0,5,0.09090909090909091,95038e247cc67ae64af60476fc36485062b3000177fa2dc42506fd912317916d,0,0.0015,object_pos_x-,0.0015,-0.0015,0.0,0.0,1,1,,1,1,0.0,3.583110809326172,0.0,0.0,0.0,0.06875243037939072,0.2093932851087279
StackCube-v1,0,5,0.09090909090909091,95038e247cc67ae64af60476fc36485062b3000177fa2dc42506fd912317916d,0,0.0015,object_pos_y+,0.0015,0.0,0.0015,0.0,1,1,,1,1,0.0,3.583110809326172,0.0,0.0,0.0,0.06875243037939072,0.2093932851087279
StackCube-v1,0,5,0.09090909090909091,95038e247cc67ae64af60476fc36485062b3000177fa2dc42506fd912317916d,0,0.0015,object_pos_y-,0.0015,0.0,-0.0015,0.0,1,1,,1,1,0.0,3.583110809326172,0.0,0.0,0.0,0.06875243037939072,0.2093932851087279
StackCube-v1,0,5,0.09090909090909091,95038e247cc67ae64af60476fc36485062b3000177fa2dc42506fd912317916d,0,0.0015,eef_joint_1+,0.01,0.0,0.01,0.0,1,1,,1,1,0.0,3.583110809326172,0.0,0.0,0.0,0.06875243037939072,0.2093932851087279
StackCube-v1,0,5,0.09090909090909091,95038e247cc67ae64af60476fc36485062b3000177fa2dc42506fd912317916d,0,0.0015,eef_joint_1-,0.01,0.0,-0.01,0.0,1,1,,1,1,0.0,3.583110809326172,0.0,0.0,0.0,0.06875243037939072,0.2093932851087279
StackCube-v1,0,5,0.09090909090909091,95038e247cc67ae64af60476fc36485062b3000177fa2dc42506fd912317916d,1,0.003,object_pos_x+,0.003,0.003,0.0,0.0,1,1,,1,1,0.33333333333333337,3.583110809326172,0.0,0.0,0.0,0.06875243037939072,0.2093932851087279
StackCube-v1,0,5,0.09090909090909091,95038e247cc67ae64af60476fc36485062b3000177fa2dc42506fd912317916d,1,0.003,object_pos_x-,0.003,-0.003,0.0,0.0,1,1,,1,1,0.33333333333333337,3.583110809326172,0.0,0.0,0.0,0.06875243037939072,0.2093932851087279
StackCube-v1,0,5,0.09090909090909091,95038e247cc67ae64af60476fc36485062b3000177fa2dc42506fd912317916d,1,0.003,object_pos_y+,0.003,0.0,0.003,0.0,1,1,,1,1,0.33333333333333337,3.583110809326172,0.0,0.0,0.0,0.06875243037939072,0.2093932851087279
StackCube-v1,0,5,0.09090909090909091,95038e247cc67ae64af60476fc36485062b3000177fa2dc42506fd912317916d,1,0.003,object_pos_y-,0.003,0.0,-0.003,0.0,1,1,,1,1,0.33333333333333337,3.583110809326172,0.0,0.0,0.0,0.06875243037939072,0.2093932851087279
StackCube-v1,0,5,0.09090909090909091,95038e247cc67ae64af60476fc36485062b3000177fa2dc42506fd912317916d,1,0.003,eef_joint_1+,0.02,0.0,0.02,0.0,0,1,,1,1,0.33333333333333337,3.583110809326172,0.0,0.0,0.0,0.06875243037939072,0.2093932851087279
StackCube-v1,0,5,0.09090909090909091,95038e247cc67ae64af60476fc36485062b3000177fa2dc42506fd912317916d,1,0.003,eef_joint_1-,0.02,0.0,-0.02,0.0,0,1,,1,1,0.33333333333333337,3.583110809326172,0.0,0.0,0.0,0.06875243037939072,0.2093932851087279
StackCube-v1,0,5,0.09090909090909091,95038e247cc67ae64af60476fc36485062b3000177fa2dc42506fd912317916d,2,0.006,object_pos_x+,0.006,0.006,0.0,0.0,1,1,,1,1,0.33333333333333337,3.583110809326172,0.0,0.0,0.0,0.06875243037939072,0.2093932851087279
StackCube-v1,0,5,0.09090909090909091,95038e247cc67ae64af60476fc36485062b3000177fa2dc42506fd912317916d,2,0.006,object_pos_x-,0.006,-0.006,0.0,0.0,1,1,,1,1,0.33333333333333337,3.583110809326172,0.0,0.0,0.0,0.06875243037939072,0.2093932851087279
StackCube-v1,0,5,0.09090909090909091,95038e247cc67ae64af60476fc36485062b3000177fa2dc42506fd912317916d,2,0.006,object_pos_y+,0.006,0.0,0.006,0.0,1,1,,1,1,0.33333333333333337,3.583110809326172,0.0,0.0,0.0,0.06875243037939072,0.2093932851087279
StackCube-v1,0,5,0.09090909090909091,95038e247cc67ae64af60476fc36485062b3000177fa2dc42506fd912317916d,2,0.006,object_pos_y-,0.006,0.0,-0.006,0.0,1,1,,1,1,0.33333333333333337,3.583110809326172,0.0,0.0,0.0,0.06875243037939072,0.2093932851087279
StackCube-v1,0,5,0.09090909090909091,95038e247cc67ae64af60476fc36485062b3000177fa2dc42506fd912317916d,2,0.006,eef_joint_1+,0.04,0.0,0.04,0.0,0,1,,1,1,0.33333333333333337,3.583110809326172,0.0,0.0,0.0,0.06875243037939072,0.2093932851087279
StackCube-v1,0,5,0.09090909090909091,95038e247cc67ae64af60476fc36485062b3000177fa2dc42506fd912317916d,2,0.006,eef_joint_1-,0.04,0.0,-0.04,0.0,0,1,,1,1,0.33333333333333337,3.583110809326172,0.0,0.0,0.0,0.06875243037939072,0.2093932851087279
StackCube-v1,0,10,0.18181818181818182,f266654bdba1ed93e393f8c2ddc60280bef5c464158e03e1360d38bfa76bf2fb,0,0.0015,object_pos_x+,0.0015,0.0015,0.0,0.0,1,1,,1,1,0.0,3.582036256790161,0.0,0.0,0.0,0.030789287760853767,0.20939328390645776
StackCube-v1,0,10,0.18181818181818182,f266654bdba1ed93e393f8c2ddc60280bef5c464158e03e1360d38bfa76bf2fb,0,0.0015,object_pos_x-,0.0015,-0.0015,0.0,0.0,1,1,,1,1,0.0,3.582036256790161,0.0,0.0,0.0,0.030789287760853767,0.20939328390645776
StackCube-v1,0,10,0.18181818181818182,f266654bdba1ed93e393f8c2ddc60280bef5c464158e03e1360d38bfa76bf2fb,0,0.0015,object_pos_y+,0.0015,0.0,0.0015,0.0,1,1,,1,1,0.0,3.582036256790161,0.0,0.0,0.0,0.030789287760853767,0.20939328390645776
StackCube-v1,0,10,0.18181818181818182,f266654bdba1ed93e393f8c2ddc60280bef5c464158e03e1360d38bfa76bf2fb,0,0.0015,object_pos_y-,0.0015,0.0,-0.0015,0.0,1,1,,1,1,0.0,3.582036256790161,0.0,0.0,0.0,0.030789287760853767,0.20939328390645776
StackCube-v1,0,10,0.18181818181818182,f266654bdba1ed93e393f8c2ddc60280bef5c464158e03e1360d38bfa76bf2fb,0,0.0015,eef_joint_1+,0.01,0.0,0.01,0.0,1,1,,1,1,0.0,3.582036256790161,0.0,0.0,0.0,0.030789287760853767,0.20939328390645776
StackCube-v1,0,10,0.18181818181818182,f266654bdba1ed93e393f8c2ddc60280bef5c464158e03e1360d38bfa76bf2fb,0,0.0015,eef_joint_1-,0.01,0.0,-0.01,0.0,1,1,,1,1,0.0,3.582036256790161,0.0,0.0,0.0,0.030789287760853767,0.20939328390645776
StackCube-v1,0,10,0.18181818181818182,f266654bdba1ed93e393f8c2ddc60280bef5c464158e03e1360d38bfa76bf2fb,1,0.003,object_pos_x+,0.003,0.003,0.0,0.0,1,1,,1,1,0.33333333333333337,3.582036256790161,0.0,0.0,0.0,0.030789287760853767,0.20939328390645776
StackCube-v1,0,10,0.18181818181818182,f266654bdba1ed93e393f8c2ddc60280bef5c464158e03e1360d38bfa76bf2fb,1,0.003,object_pos_x-,0.003,-0.003,0.0,0.0,1,1,,1,1,0.33333333333333337,3.582036256790161,0.0,0.0,0.0,0.030789287760853767,0.20939328390645776
StackCube-v1,0,10,0.18181818181818182,f266654bdba1ed93e393f8c2ddc60280bef5c464158e03e1360d38bfa76bf2fb,1,0.003,object_pos_y+,0.003,0.0,0.003,0.0,1,1,,1,1,0.33333333333333337,3.582036256790161,0.0,0.0,0.0,0.030789287760853767,0.20939328390645776
StackCube-v1,0,10,0.18181818181818182,f266654bdba1ed93e393f8c2ddc60280bef5c464158e03e1360d38bfa76bf2fb,1,0.003,object_pos_y-,0.003,0.0,-0.003,0.0,1,1,,1,1,0.33333333333333337,3.582036256790161,0.0,0.0,0.0,0.030789287760853767,0.20939328390645776
StackCube-v1,0,10,0.18181818181818182,f266654bdba1ed93e393f8c2ddc60280bef5c464158e03e1360d38bfa76bf2fb,1,0.003,eef_joint_1+,0.02,0.0,0.02,0.0,0,1,,1,1,0.33333333333333337,3.582036256790161,0.0,0.0,0.0,0.030789287760853767,0.20939328390645776
StackCube-v1,0,10,0.18181818181818182,f266654bdba1ed93e393f8c2ddc60280bef5c464158e03e1360d38bfa76bf2fb,1,0.003,eef_joint_1-,0.02,0.0,-0.02,0.0,0,1,,1,1,0.33333333333333337,3.582036256790161,0.0,0.0,0.0,0.030789287760853767,0.20939328390645776
StackCube-v1,0,10,0.18181818181818182,f266654bdba1ed93e393f8c2ddc60280bef5c464158e03e1360d38bfa76bf2fb,2,0.006,object_pos_x+,0.006,0.006,0.0,0.0,1,1,,1,1,0.33333333333333337,3.582036256790161,0.0,0.0,0.0,0.030789287760853767,0.20939328390645776
StackCube-v1,0,10,0.18181818181818182,f266654bdba1ed93e393f8c2ddc60280bef5c464158e03e1360d38bfa76bf2fb,2,0.006,object_pos_x-,0.006,-0.006,0.0,0.0,1,1,,1,1,0.33333333333333337,3.582036256790161,0.0,0.0,0.0,0.030789287760853767,0.20939328390645776
StackCube-v1,0,10,0.18181818181818182,f266654bdba1ed93e393f8c2ddc60280bef5c464158e03e1360d38bfa76bf2fb,2,0.006,object_pos_y+,0.006,0.0,0.006,0.0,1,1,,1,1,0.33333333333333337,3.582036256790161,0.0,0.0,0.0,0.030789287760853767,0.20939328390645776
StackCube-v1,0,10,0.18181818181818182,f266654bdba1ed93e393f8c2ddc60280bef5c464158e03e1360d38bfa76bf2fb,2,0.006,object_pos_y-,0.006,0.0,-0.006,0.0,1,1,,1,1,0.33333333333333337,3.582036256790161,0.0,0.0,0.0,0.030789287760853767,0.20939328390645776
StackCube-v1,0,10,0.18181818181818182,f266654bdba1ed93e393f8c2ddc60280bef5c464158e03e1360d38bfa76bf2fb,2,0.006,eef_joint_1+,0.04,0.0,0.04,0.0,0,1,,1,1,0.33333333333333337,3.582036256790161,0.0,0.0,0.0,0.030789287760853767,0.20939328390645776
StackCube-v1,0,10,0.18181818181818182,f266654bdba1ed93e393f8c2ddc60280bef5c464158e03e1360d38bfa76bf2fb,2,0.006,eef_joint_1-,0.04,0.0,-0.04,0.0,0,1,,1,1,0.33333333333333337,3.582036256790161,0.0,0.0,0.0,0.030789287760853767,0.20939328390645776
StackCube-v1,0,15,0.2727272727272727,ffd749cffb56a242e5da5178d688fc13e8d31408bf1c70e73488065d66e9c036,0,0.0015,object_pos_x+,0.0015,0.0015,0.0,0.0,1,1,,1,1,0.0,3.582036256790161,0.0,0.0,0.0,0.0013598620425909758,0.20939328108902022
StackCube-v1,0,15,0.2727272727272727,ffd749cffb56a242e5da5178d688fc13e8d31408bf1c70e73488065d66e9c036,0,0.0015,object_pos_x-,0.0015,-0.0015,0.0,0.0,1,1,,1,1,0.0,3.582036256790161,0.0,0.0,0.0,0.0013598620425909758,0.20939328108902022
StackCube-v1,0,15,0.2727272727272727,ffd749cffb56a242e5da5178d688fc13e8d31408bf1c70e73488065d66e9c036,0,0.0015,object_pos_y+,0.0015,0.0,0.0015,0.0,1,1,,1,1,0.0,3.582036256790161,0.0,0.0,0.0,0.0013598620425909758,0.20939328108902022
StackCube-v1,0,15,0.2727272727272727,ffd749cffb56a242e5da5178d688fc13e8d31408bf1c70e73488065d66e9c036,0,0.0015,object_pos_y-,0.0015,0.0,-0.0015,0.0,1,1,,1,1,0.0,3.582036256790161,0.0,0.0,0.0,0.0013598620425909758,0.20939328108902022
StackCube-v1,0,15,0.2727272727272727,ffd749cffb56a242e5da5178d688fc13e8d31408bf1c70e73488065d66e9c036,0,0.0015,eef_joint_1+,0.01,0.0,0.01,0.0,1,1,,1,1,0.0,3.582036256790161,0.0,0.0,0.0,0.0013598620425909758,0.20939328108902022
StackCube-v1,0,15,0.2727272727272727,ffd749cffb56a242e5da5178d688fc13e8d31408bf1c70e73488065d66e9c036,0,0.0015,eef_joint_1-,0.01,0.0,-0.01,0.0,1,1,,1,1,0.0,3.582036256790161,0.0,0.0,0.0,0.0013598620425909758,0.20939328108902022
StackCube-v1,0,15,0.2727272727272727,ffd749cffb56a242e5da5178d688fc13e8d31408bf1c70e73488065d66e9c036,1,0.003,object_pos_x+,0.003,0.003,0.0,0.0,1,1,,1,1,0.33333333333333337,3.582036256790161,0.0,0.0,0.0,0.0013598620425909758,0.20939328108902022
StackCube-v1,0,15,0.2727272727272727,ffd749cffb56a242e5da5178d688fc13e8d31408bf1c70e73488065d66e9c036,1,0.003,object_pos_x-,0.003,-0.003,0.0,0.0,1,1,,1,1,0.33333333333333337,3.582036256790161,0.0,0.0,0.0,0.0013598620425909758,0.20939328108902022
StackCube-v1,0,15,0.2727272727272727,ffd749cffb56a242e5da5178d688fc13e8d31408bf1c70e73488065d66e9c036,1,0.003,object_pos_y+,0.003,0.0,0.003,0.0,1,1,,1,1,0.33333333333333337,3.582036256790161,0.0,0.0,0.0,0.0013598620425909758,0.20939328108902022
StackCube-v1,0,15,0.2727272727272727,ffd749cffb56a242e5da5178d688fc13e8d31408bf1c70e73488065d66e9c036,1,0.003,object_pos_y-,0.003,0.0,-0.003,0.0,1,1,,1,1,0.33333333333333337,3.582036256790161,0.0,0.0,0.0,0.0013598620425909758,0.20939328108902022
StackCube-v1,0,15,0.2727272727272727,ffd749cffb56a242e5da5178d688fc13e8d31408bf1c70e73488065d66e9c036,1,0.003,eef_joint_1+,0.02,0.0,0.02,0.0,0,1,,1,1,0.33333333333333337,3.582036256790161,0.0,0.0,0.0,0.0013598620425909758,0.20939328108902022
StackCube-v1,0,15,0.2727272727272727,ffd749cffb56a242e5da5178d688fc13e8d31408bf1c70e73488065d66e9c036,1,0.003,eef_joint_1-,0.02,0.0,-0.02,0.0,0,1,,1,1,0.33333333333333337,3.582036256790161,0.0,0.0,0.0,0.0013598620425909758,0.20939328108902022
StackCube-v1,0,15,0.2727272727272727,ffd749cffb56a242e5da5178d688fc13e8d31408bf1c70e73488065d66e9c036,2,0.006,object_pos_x+,0.006,0.006,0.0,0.0,1,1,,1,1,0.33333333333333337,3.582036256790161,0.0,0.0,0.0,0.0013598620425909758,0.20939328108902022
StackCube-v1,0,15,0.2727272727272727,ffd749cffb56a242e5da5178d688fc13e8d31408bf1c70e73488065d66e9c036,2,0.006,object_pos_x-,0.006,-0.006,0.0,0.0,1,1,,1,1,0.33333333333333337,3.582036256790161,0.0,0.0,0.0,0.0013598620425909758,0.20939328108902022
StackCube-v1,0,15,0.2727272727272727,ffd749cffb56a242e5da5178d688fc13e8d31408bf1c70e73488065d66e9c036,2,0.006,object_pos_y+,0.006,0.0,0.006,0.0,1,1,,1,1,0.33333333333333337,3.582036256790161,0.0,0.0,0.0,0.0013598620425909758,0.20939328108902022
StackCube-v1,0,15,0.2727272727272727,ffd749cffb56a242e5da5178d688fc13e8d31408bf1c70e73488065d66e9c036,2,0.006,object_pos_y-,0.006,0.0,-0.006,0.0,1,1,,1,1,0.33333333333333337,3.582036256790161,0.0,0.0,0.0,0.0013598620425909758,0.20939328108902022
StackCube-v1,0,15,0.2727272727272727,ffd749cffb56a242e5da5178d688fc13e8d31408bf1c70e73488065d66e9c036,2,0.006,eef_joint_1+,0.04,0.0,0.04,0.0,0,1,,1,1,0.33333333333333337,3.582036256790161,0.0,0.0,0.0,0.0013598620425909758,0.20939328108902022
StackCube-v1,0,15,0.2727272727272727,ffd749cffb56a242e5da5178d688fc13e8d31408bf1c70e73488065d66e9c036,2,0.006,eef_joint_1-,0.04,0.0,-0.04,0.0,0,1,,1,1,0.33333333333333337,3.582036256790161,0.0,0.0,0.0,0.0013598620425909758,0.20939328108902022
StackCube-v1,0,20,0.36363636363636365,d35c7c9d7ae66a34287565df7587a0be8beb2ecd1d99d19abf1a823a211c3cbb,0,0.0015,object_pos_x+,0.0015,0.0015,0.0,0.0,1,1,,1,1,0.0,3.582036256790161,0.0,0.0,0.0,0.00048340472858399153,0.20991432635108628
StackCube-v1,0,20,0.36363636363636365,d35c7c9d7ae66a34287565df7587a0be8beb2ecd1d99d19abf1a823a211c3cbb,0,0.0015,object_pos_x-,0.0015,-0.0015,0.0,0.0,1,1,,1,1,0.0,3.582036256790161,0.0,0.0,0.0,0.00048340472858399153,0.20991432635108628
StackCube-v1,0,20,0.36363636363636365,d35c7c9d7ae66a34287565df7587a0be8beb2ecd1d99d19abf1a823a211c3cbb,0,0.0015,object_pos_y+,0.0015,0.0,0.0015,0.0,1,1,,1,1,0.0,3.582036256790161,0.0,0.0,0.0,0.00048340472858399153,0.20991432635108628
StackCube-v1,0,20,0.36363636363636365,d35c7c9d7ae66a34287565df7587a0be8beb2ecd1d99d19abf1a823a211c3cbb,0,0.0015,object_pos_y-,0.0015,0.0,-0.0015,0.0,1,1,,1,1,0.0,3.582036256790161,0.0,0.0,0.0,0.00048340472858399153,0.20991432635108628
StackCube-v1,0,20,0.36363636363636365,d35c7c9d7ae66a34287565df7587a0be8beb2ecd1d99d19abf1a823a211c3cbb,0,0.0015,eef_joint_1+,0.01,0.0,0.01,0.0,1,1,,1,1,0.0,3.582036256790161,0.0,0.0,0.0,0.00048340472858399153,0.20991432635108628
StackCube-v1,0,20,0.36363636363636365,d35c7c9d7ae66a34287565df7587a0be8beb2ecd1d99d19abf1a823a211c3cbb,0,0.0015,eef_joint_1-,0.01,0.0,-0.01,0.0,1,1,,1,1,0.0,3.582036256790161,0.0,0.0,0.0,0.00048340472858399153,0.20991432635108628
StackCube-v1,0,20,0.36363636363636365,d35c7c9d7ae66a34287565df7587a0be8beb2ecd1d99d19abf1a823a211c3cbb,1,0.003,object_pos_x+,0.003,0.003,0.0,0.0,1,1,,1,1,0.33333333333333337,3.582036256790161,0.0,0.0,0.0,0.00048340472858399153,0.20991432635108628
StackCube-v1,0,20,0.36363636363636365,d35c7c9d7ae66a34287565df7587a0be8beb2ecd1d99d19abf1a823a211c3cbb,1,0.003,object_pos_x-,0.003,-0.003,0.0,0.0,1,1,,1,1,0.33333333333333337,3.582036256790161,0.0,0.0,0.0,0.00048340472858399153,0.20991432635108628
StackCube-v1,0,20,0.36363636363636365,d35c7c9d7ae66a34287565df7587a0be8beb2ecd1d99d19abf1a823a211c3cbb,1,0.003,object_pos_y+,0.003,0.0,0.003,0.0,1,1,,1,1,0.33333333333333337,3.582036256790161,0.0,0.0,0.0,0.00048340472858399153,0.20991432635108628
StackCube-v1,0,20,0.36363636363636365,d35c7c9d7ae66a34287565df7587a0be8beb2ecd1d99d19abf1a823a211c3cbb,1,0.003,object_pos_y-,0.003,0.0,-0.003,0.0,1,1,,1,1,0.33333333333333337,3.582036256790161,0.0,0.0,0.0,0.00048340472858399153,0.20991432635108628
StackCube-v1,0,20,0.36363636363636365,d35c7c9d7ae66a34287565df7587a0be8beb2ecd1d99d19abf1a823a211c3cbb,1,0.003,eef_joint_1+,0.02,0.0,0.02,0.0,0,1,,1,1,0.33333333333333337,3.582036256790161,0.0,0.0,0.0,0.00048340472858399153,0.20991432635108628
StackCube-v1,0,20,0.36363636363636365,d35c7c9d7ae66a34287565df7587a0be8beb2ecd1d99d19abf1a823a211c3cbb,1,0.003,eef_joint_1-,0.02,0.0,-0.02,0.0,0,1,,1,1,0.33333333333333337,3.582036256790161,0.0,0.0,0.0,0.00048340472858399153,0.20991432635108628
StackCube-v1,0,20,0.36363636363636365,d35c7c9d7ae66a34287565df7587a0be8beb2ecd1d99d19abf1a823a211c3cbb,2,0.006,object_pos_x+,0.006,0.006,0.0,0.0,1,1,,1,1,0.33333333333333337,3.582036256790161,0.0,0.0,0.0,0.00048340472858399153,0.20991432635108628
StackCube-v1,0,20,0.36363636363636365,d35c7c9d7ae66a34287565df7587a0be8beb2ecd1d99d19abf1a823a211c3cbb,2,0.006,object_pos_x-,0.006,-0.006,0.0,0.0,1,1,,1,1,0.33333333333333337,3.582036256790161,0.0,0.0,0.0,0.00048340472858399153,0.20991432635108628
StackCube-v1,0,20,0.36363636363636365,d35c7c9d7ae66a34287565df7587a0be8beb2ecd1d99d19abf1a823a211c3cbb,2,0.006,object_pos_y+,0.006,0.0,0.006,0.0,1,1,,1,1,0.33333333333333337,3.582036256790161,0.0,0.0,0.0,0.00048340472858399153,0.20991432635108628
StackCube-v1,0,20,0.36363636363636365,d35c7c9d7ae66a34287565df7587a0be8beb2ecd1d99d19abf1a823a211c3cbb,2,0.006,object_pos_y-,0.006,0.0,-0.006,0.0,1,1,,1,1,0.33333333333333337,3.582036256790161,0.0,0.0,0.0,0.00048340472858399153,0.20991432635108628
StackCube-v1,0,20,0.36363636363636365,d35c7c9d7ae66a34287565df7587a0be8beb2ecd1d99d19abf1a823a211c3cbb,2,0.006,eef_joint_1+,0.04,0.0,0.04,0.0,0,1,,1,1,0.33333333333333337,3.582036256790161,0.0,0.0,0.0,0.00048340472858399153,0.20991432635108628
StackCube-v1,0,20,0.36363636363636365,d35c7c9d7ae66a34287565df7587a0be8beb2ecd1d99d19abf1a823a211c3cbb,2,0.006,eef_joint_1-,0.04,0.0,-0.04,0.0,0,1,,1,1,0.33333333333333337,3.582036256790161,0.0,0.0,0.0,0.00048340472858399153,0.20991432635108628
StackCube-v1,0,25,0.45454545454545453,d578fff36fe8cb66b2728efcb0b3c7bf2856c9305fc49164f7a1348ee47fe59c,0,0.0015,object_pos_x+,0.0015,0.0015,0.0,0.0,1,1,,1,1,0.0,3.5855519771575928,0.0,0.14000003039836884,0.0,0.0005005647544749081,0.210381615037215
StackCube-v1,0,25,0.45454545454545453,d578fff36fe8cb66b2728efcb0b3c7bf2856c9305fc49164f7a1348ee47fe59c,0,0.0015,object_pos_x-,0.0015,-0.0015,0.0,0.0,1,1,,1,1,0.0,3.5855519771575928,0.0,0.14000003039836884,0.0,0.0005005647544749081,0.210381615037215
StackCube-v1,0,25,0.45454545454545453,d578fff36fe8cb66b2728efcb0b3c7bf2856c9305fc49164f7a1348ee47fe59c,0,0.0015,object_pos_y+,0.0015,0.0,0.0015,0.0,1,1,,1,1,0.0,3.5855519771575928,0.0,0.14000003039836884,0.0,0.0005005647544749081,0.210381615037215
StackCube-v1,0,25,0.45454545454545453,d578fff36fe8cb66b2728efcb0b3c7bf2856c9305fc49164f7a1348ee47fe59c,0,0.0015,object_pos_y-,0.0015,0.0,-0.0015,0.0,1,1,,1,1,0.0,3.5855519771575928,0.0,0.14000003039836884,0.0,0.0005005647544749081,0.210381615037215
StackCube-v1,0,25,0.45454545454545453,d578fff36fe8cb66b2728efcb0b3c7bf2856c9305fc49164f7a1348ee47fe59c,0,0.0015,eef_joint_1+,0.01,0.0,0.01,0.0,1,1,,1,1,0.0,3.5855519771575928,0.0,0.14000003039836884,0.0,0.0005005647544749081,0.210381615037215
StackCube-v1,0,25,0.45454545454545453,d578fff36fe8cb66b2728efcb0b3c7bf2856c9305fc49164f7a1348ee47fe59c,0,0.0015,eef_joint_1-,0.01,0.0,-0.01,0.0,1,1,,1,1,0.0,3.5855519771575928,0.0,0.14000003039836884,0.0,0.0005005647544749081,0.210381615037215
StackCube-v1,0,25,0.45454545454545453,d578fff36fe8cb66b2728efcb0b3c7bf2856c9305fc49164f7a1348ee47fe59c,1,0.003,object_pos_x+,0.003,0.003,0.0,0.0,1,1,,1,1,0.33333333333333337,3.5855519771575928,0.0,0.14000003039836884,0.0,0.0005005647544749081,0.210381615037215
StackCube-v1,0,25,0.45454545454545453,d578fff36fe8cb66b2728efcb0b3c7bf2856c9305fc49164f7a1348ee47fe59c,1,0.003,object_pos_x-,0.003,-0.003,0.0,0.0,1,1,,1,1,0.33333333333333337,3.5855519771575928,0.0,0.14000003039836884,0.0,0.0005005647544749081,0.210381615037215
StackCube-v1,0,25,0.45454545454545453,d578fff36fe8cb66b2728efcb0b3c7bf2856c9305fc49164f7a1348ee47fe59c,1,0.003,object_pos_y+,0.003,0.0,0.003,0.0,1,1,,1,1,0.33333333333333337,3.5855519771575928,0.0,0.14000003039836884,0.0,0.0005005647544749081,0.210381615037215
StackCube-v1,0,25,0.45454545454545453,d578fff36fe8cb66b2728efcb0b3c7bf2856c9305fc49164f7a1348ee47fe59c,1,0.003,object_pos_y-,0.003,0.0,-0.003,0.0,1,1,,1,1,0.33333333333333337,3.5855519771575928,0.0,0.14000003039836884,0.0,0.0005005647544749081,0.210381615037215
StackCube-v1,0,25,0.45454545454545453,d578fff36fe8cb66b2728efcb0b3c7bf2856c9305fc49164f7a1348ee47fe59c,1,0.003,eef_joint_1+,0.02,0.0,0.02,0.0,0,1,,1,1,0.33333333333333337,3.5855519771575928,0.0,0.14000003039836884,0.0,0.0005005647544749081,0.210381615037215
StackCube-v1,0,25,0.45454545454545453,d578fff36fe8cb66b2728efcb0b3c7bf2856c9305fc49164f7a1348ee47fe59c,1,0.003,eef_joint_1-,0.02,0.0,-0.02,0.0,0,1,,1,1,0.33333333333333337,3.5855519771575928,0.0,0.14000003039836884,0.0,0.0005005647544749081,0.210381615037215
StackCube-v1,0,25,0.45454545454545453,d578fff36fe8cb66b2728efcb0b3c7bf2856c9305fc49164f7a1348ee47fe59c,2,0.006,object_pos_x+,0.006,0.006,0.0,0.0,1,1,,1,1,0.33333333333333337,3.5855519771575928,0.0,0.14000003039836884,0.0,0.0005005647544749081,0.210381615037215
StackCube-v1,0,25,0.45454545454545453,d578fff36fe8cb66b2728efcb0b3c7bf2856c9305fc49164f7a1348ee47fe59c,2,0.006,object_pos_x-,0.006,-0.006,0.0,0.0,1,1,,1,1,0.33333333333333337,3.5855519771575928,0.0,0.14000003039836884,0.0,0.0005005647544749081,0.210381615037215
StackCube-v1,0,25,0.45454545454545453,d578fff36fe8cb66b2728efcb0b3c7bf2856c9305fc49164f7a1348ee47fe59c,2,0.006,object_pos_y+,0.006,0.0,0.006,0.0,1,1,,1,1,0.33333333333333337,3.5855519771575928,0.0,0.14000003039836884,0.0,0.0005005647544749081,0.210381615037215
StackCube-v1,0,25,0.45454545454545453,d578fff36fe8cb66b2728efcb0b3c7bf2856c9305fc49164f7a1348ee47fe59c,2,0.006,object_pos_y-,0.006,0.0,-0.006,0.0,1,1,,1,1,0.33333333333333337,3.5855519771575928,0.0,0.14000003039836884,0.0,0.0005005647544749081,0.210381615037215
StackCube-v1,0,25,0.45454545454545453,d578fff36fe8cb66b2728efcb0b3c7bf2856c9305fc49164f7a1348ee47fe59c,2,0.006,eef_joint_1+,0.04,0.0,0.04,0.0,0,1,,1,1,0.33333333333333337,3.5855519771575928,0.0,0.14000003039836884,0.0,0.0005005647544749081,0.210381615037215
StackCube-v1,0,25,0.45454545454545453,d578fff36fe8cb66b2728efcb0b3c7bf2856c9305fc49164f7a1348ee47fe59c,2,0.006,eef_joint_1-,0.04,0.0,-0.04,0.0,0,1,,1,1,0.33333333333333337,3.5855519771575928,0.0,0.14000003039836884,0.0,0.0005005647544749081,0.210381615037215
StackCube-v1,0,30,0.5454545454545454,9422ac723351a1d2b096eecb3cd32ce4816af12ee7142610604bd5887d93ee91,0,0.0015,object_pos_x+,0.0015,0.0015,0.0,0.0,1,1,,1,1,0.0,3.5855519771575928,0.0,0.0,0.0,0.00048348045675083995,0.22782037116046083
StackCube-v1,0,30,0.5454545454545454,9422ac723351a1d2b096eecb3cd32ce4816af12ee7142610604bd5887d93ee91,0,0.0015,object_pos_x-,0.0015,-0.0015,0.0,0.0,1,1,,1,1,0.0,3.5855519771575928,0.0,0.0,0.0,0.00048348045675083995,0.22782037116046083
StackCube-v1,0,30,0.5454545454545454,9422ac723351a1d2b096eecb3cd32ce4816af12ee7142610604bd5887d93ee91,0,0.0015,object_pos_y+,0.0015,0.0,0.0015,0.0,1,1,,1,1,0.0,3.5855519771575928,0.0,0.0,0.0,0.00048348045675083995,0.22782037116046083
StackCube-v1,0,30,0.5454545454545454,9422ac723351a1d2b096eecb3cd32ce4816af12ee7142610604bd5887d93ee91,0,0.0015,object_pos_y-,0.0015,0.0,-0.0015,0.0,1,1,,1,1,0.0,3.5855519771575928,0.0,0.0,0.0,0.00048348045675083995,0.22782037116046083
StackCube-v1,0,30,0.5454545454545454,9422ac723351a1d2b096eecb3cd32ce4816af12ee7142610604bd5887d93ee91,0,0.0015,eef_joint_1+,0.01,0.0,0.01,0.0,1,1,,1,1,0.0,3.5855519771575928,0.0,0.0,0.0,0.00048348045675083995,0.22782037116046083
StackCube-v1,0,30,0.5454545454545454,9422ac723351a1d2b096eecb3cd32ce4816af12ee7142610604bd5887d93ee91,0,0.0015,eef_joint_1-,0.01,0.0,-0.01,0.0,1,1,,1,1,0.0,3.5855519771575928,0.0,0.0,0.0,0.00048348045675083995,0.22782037116046083
StackCube-v1,0,30,0.5454545454545454,9422ac723351a1d2b096eecb3cd32ce4816af12ee7142610604bd5887d93ee91,1,0.003,object_pos_x+,0.003,0.003,0.0,0.0,1,1,,1,1,0.33333333333333337,3.5855519771575928,0.0,0.0,0.0,0.00048348045675083995,0.22782037116046083
StackCube-v1,0,30,0.5454545454545454,9422ac723351a1d2b096eecb3cd32ce4816af12ee7142610604bd5887d93ee91,1,0.003,object_pos_x-,0.003,-0.003,0.0,0.0,1,1,,1,1,0.33333333333333337,3.5855519771575928,0.0,0.0,0.0,0.00048348045675083995,0.22782037116046083
StackCube-v1,0,30,0.5454545454545454,9422ac723351a1d2b096eecb3cd32ce4816af12ee7142610604bd5887d93ee91,1,0.003,object_pos_y+,0.003,0.0,0.003,0.0,1,1,,1,1,0.33333333333333337,3.5855519771575928,0.0,0.0,0.0,0.00048348045675083995,0.22782037116046083
StackCube-v1,0,30,0.5454545454545454,9422ac723351a1d2b096eecb3cd32ce4816af12ee7142610604bd5887d93ee91,1,0.003,object_pos_y-,0.003,0.0,-0.003,0.0,1,1,,1,1,0.33333333333333337,3.5855519771575928,0.0,0.0,0.0,0.00048348045675083995,0.22782037116046083
StackCube-v1,0,30,0.5454545454545454,9422ac723351a1d2b096eecb3cd32ce4816af12ee7142610604bd5887d93ee91,1,0.003,eef_joint_1+,0.02,0.0,0.02,0.0,0,1,,1,1,0.33333333333333337,3.5855519771575928,0.0,0.0,0.0,0.00048348045675083995,0.22782037116046083
StackCube-v1,0,30,0.5454545454545454,9422ac723351a1d2b096eecb3cd32ce4816af12ee7142610604bd5887d93ee91,1,0.003,eef_joint_1-,0.02,0.0,-0.02,0.0,0,1,,1,1,0.33333333333333337,3.5855519771575928,0.0,0.0,0.0,0.00048348045675083995,0.22782037116046083
StackCube-v1,0,30,0.5454545454545454,9422ac723351a1d2b096eecb3cd32ce4816af12ee7142610604bd5887d93ee91,2,0.006,object_pos_x+,0.006,0.006,0.0,0.0,1,1,,1,1,0.33333333333333337,3.5855519771575928,0.0,0.0,0.0,0.00048348045675083995,0.22782037116046083
StackCube-v1,0,30,0.5454545454545454,9422ac723351a1d2b096eecb3cd32ce4816af12ee7142610604bd5887d93ee91,2,0.006,object_pos_x-,0.006,-0.006,0.0,0.0,1,1,,1,1,0.33333333333333337,3.5855519771575928,0.0,0.0,0.0,0.00048348045675083995,0.22782037116046083
StackCube-v1,0,30,0.5454545454545454,9422ac723351a1d2b096eecb3cd32ce4816af12ee7142610604bd5887d93ee91,2,0.006,object_pos_y+,0.006,0.0,0.006,0.0,1,1,,1,1,0.33333333333333337,3.5855519771575928,0.0,0.0,0.0,0.00048348045675083995,0.22782037116046083
StackCube-v1,0,30,0.5454545454545454,9422ac723351a1d2b096eecb3cd32ce4816af12ee7142610604bd5887d93ee91,2,0.006,object_pos_y-,0.006,0.0,-0.006,0.0,1,1,,1,1,0.33333333333333337,3.5855519771575928,0.0,0.0,0.0,0.00048348045675083995,0.22782037116046083
StackCube-v1,0,30,0.5454545454545454,9422ac723351a1d2b096eecb3cd32ce4816af12ee7142610604bd5887d93ee91,2,0.006,eef_joint_1+,0.04,0.0,0.04,0.0,0,1,,1,1,0.33333333333333337,3.5855519771575928,0.0,0.0,0.0,0.00048348045675083995,0.22782037116046083
StackCube-v1,0,30,0.5454545454545454,9422ac723351a1d2b096eecb3cd32ce4816af12ee7142610604bd5887d93ee91,2,0.006,eef_joint_1-,0.04,0.0,-0.04,0.0,0,1,,1,1,0.33333333333333337,3.5855519771575928,0.0,0.0,0.0,0.00048348045675083995,0.22782037116046083
StackCube-v1,0,35,0.6363636363636364,1f32fff1bc224bde9dcaa58afaa40829e0cc074769e6140620fc11b1deae16aa,0,0.0015,object_pos_x+,0.0015,0.0015,0.0,0.0,1,1,,1,1,0.0,3.591858148574829,0.0,0.0,0.0,0.00046476791612803936,0.10252446416314247
StackCube-v1,0,35,0.6363636363636364,1f32fff1bc224bde9dcaa58afaa40829e0cc074769e6140620fc11b1deae16aa,0,0.0015,object_pos_x-,0.0015,-0.0015,0.0,0.0,1,1,,1,1,0.0,3.591858148574829,0.0,0.0,0.0,0.00046476791612803936,0.10252446416314247
StackCube-v1,0,35,0.6363636363636364,1f32fff1bc224bde9dcaa58afaa40829e0cc074769e6140620fc11b1deae16aa,0,0.0015,object_pos_y+,0.0015,0.0,0.0015,0.0,1,1,,1,1,0.0,3.591858148574829,0.0,0.0,0.0,0.00046476791612803936,0.10252446416314247
StackCube-v1,0,35,0.6363636363636364,1f32fff1bc224bde9dcaa58afaa40829e0cc074769e6140620fc11b1deae16aa,0,0.0015,object_pos_y-,0.0015,0.0,-0.0015,0.0,1,1,,1,1,0.0,3.591858148574829,0.0,0.0,0.0,0.00046476791612803936,0.10252446416314247
StackCube-v1,0,35,0.6363636363636364,1f32fff1bc224bde9dcaa58afaa40829e0cc074769e6140620fc11b1deae16aa,0,0.0015,eef_joint_1+,0.01,0.0,0.01,0.0,1,1,,1,1,0.0,3.591858148574829,0.0,0.0,0.0,0.00046476791612803936,0.10252446416314247
StackCube-v1,0,35,0.6363636363636364,1f32fff1bc224bde9dcaa58afaa40829e0cc074769e6140620fc11b1deae16aa,0,0.0015,eef_joint_1-,0.01,0.0,-0.01,0.0,1,1,,1,1,0.0,3.591858148574829,0.0,0.0,0.0,0.00046476791612803936,0.10252446416314247
StackCube-v1,0,35,0.6363636363636364,1f32fff1bc224bde9dcaa58afaa40829e0cc074769e6140620fc11b1deae16aa,1,0.003,object_pos_x+,0.003,0.003,0.0,0.0,1,1,,1,1,0.33333333333333337,3.591858148574829,0.0,0.0,0.0,0.00046476791612803936,0.10252446416314247
StackCube-v1,0,35,0.6363636363636364,1f32fff1bc224bde9dcaa58afaa40829e0cc074769e6140620fc11b1deae16aa,1,0.003,object_pos_x-,0.003,-0.003,0.0,0.0,1,1,,1,1,0.33333333333333337,3.591858148574829,0.0,0.0,0.0,0.00046476791612803936,0.10252446416314247
StackCube-v1,0,35,0.6363636363636364,1f32fff1bc224bde9dcaa58afaa40829e0cc074769e6140620fc11b1deae16aa,1,0.003,object_pos_y+,0.003,0.0,0.003,0.0,1,1,,1,1,0.33333333333333337,3.591858148574829,0.0,0.0,0.0,0.00046476791612803936,0.10252446416314247
StackCube-v1,0,35,0.6363636363636364,1f32fff1bc224bde9dcaa58afaa40829e0cc074769e6140620fc11b1deae16aa,1,0.003,object_pos_y-,0.003,0.0,-0.003,0.0,1,1,,1,1,0.33333333333333337,3.591858148574829,0.0,0.0,0.0,0.00046476791612803936,0.10252446416314247
StackCube-v1,0,35,0.6363636363636364,1f32fff1bc224bde9dcaa58afaa40829e0cc074769e6140620fc11b1deae16aa,1,0.003,eef_joint_1+,0.02,0.0,0.02,0.0,0,1,,1,1,0.33333333333333337,3.591858148574829,0.0,0.0,0.0,0.00046476791612803936,0.10252446416314247
StackCube-v1,0,35,0.6363636363636364,1f32fff1bc224bde9dcaa58afaa40829e0cc074769e6140620fc11b1deae16aa,1,0.003,eef_joint_1-,0.02,0.0,-0.02,0.0,0,1,,1,1,0.33333333333333337,3.591858148574829,0.0,0.0,0.0,0.00046476791612803936,0.10252446416314247
StackCube-v1,0,35,0.6363636363636364,1f32fff1bc224bde9dcaa58afaa40829e0cc074769e6140620fc11b1deae16aa,2,0.006,object_pos_x+,0.006,0.006,0.0,0.0,1,1,,1,1,0.33333333333333337,3.591858148574829,0.0,0.0,0.0,0.00046476791612803936,0.10252446416314247
StackCube-v1,0,35,0.6363636363636364,1f32fff1bc224bde9dcaa58afaa40829e0cc074769e6140620fc11b1deae16aa,2,0.006,object_pos_x-,0.006,-0.006,0.0,0.0,1,1,,1,1,0.33333333333333337,3.591858148574829,0.0,0.0,0.0,0.00046476791612803936,0.10252446416314247
StackCube-v1,0,35,0.6363636363636364,1f32fff1bc224bde9dcaa58afaa40829e0cc074769e6140620fc11b1deae16aa,2,0.006,object_pos_y+,0.006,0.0,0.006,0.0,1,1,,1,1,0.33333333333333337,3.591858148574829,0.0,0.0,0.0,0.00046476791612803936,0.10252446416314247
StackCube-v1,0,35,0.6363636363636364,1f32fff1bc224bde9dcaa58afaa40829e0cc074769e6140620fc11b1deae16aa,2,0.006,object_pos_y-,0.006,0.0,-0.006,0.0,1,1,,1,1,0.33333333333333337,3.591858148574829,0.0,0.0,0.0,0.00046476791612803936,0.10252446416314247
StackCube-v1,0,35,0.6363636363636364,1f32fff1bc224bde9dcaa58afaa40829e0cc074769e6140620fc11b1deae16aa,2,0.006,eef_joint_1+,0.04,0.0,0.04,0.0,0,1,,1,1,0.33333333333333337,3.591858148574829,0.0,0.0,0.0,0.00046476791612803936,0.10252446416314247
StackCube-v1,0,35,0.6363636363636364,1f32fff1bc224bde9dcaa58afaa40829e0cc074769e6140620fc11b1deae16aa,2,0.006,eef_joint_1-,0.04,0.0,-0.04,0.0,0,1,,1,1,0.33333333333333337,3.591858148574829,0.0,0.0,0.0,0.00046476791612803936,0.10252446416314247
StackCube-v1,0,40,0.7272727272727273,e38610b6fa0650bb8422ddb3a223963d1621c4a0fe72715be3cdf256ceef3b1a,0,0.0015,object_pos_x+,0.0015,0.0015,0.0,0.0,1,1,,1,1,0.0,3.589630365371704,0.08000001311302185,0.08000001311302185,0.0,0.0004844253708142787,0.07901623960917481
StackCube-v1,0,40,0.7272727272727273,e38610b6fa0650bb8422ddb3a223963d1621c4a0fe72715be3cdf256ceef3b1a,0,0.0015,object_pos_x-,0.0015,-0.0015,0.0,0.0,1,1,,1,1,0.0,3.589630365371704,0.08000001311302185,0.08000001311302185,0.0,0.0004844253708142787,0.07901623960917481
StackCube-v1,0,40,0.7272727272727273,e38610b6fa0650bb8422ddb3a223963d1621c4a0fe72715be3cdf256ceef3b1a,0,0.0015,object_pos_y+,0.0015,0.0,0.0015,0.0,1,1,,1,1,0.0,3.589630365371704,0.08000001311302185,0.08000001311302185,0.0,0.0004844253708142787,0.07901623960917481
StackCube-v1,0,40,0.7272727272727273,e38610b6fa0650bb8422ddb3a223963d1621c4a0fe72715be3cdf256ceef3b1a,0,0.0015,object_pos_y-,0.0015,0.0,-0.0015,0.0,1,1,,1,1,0.0,3.589630365371704,0.08000001311302185,0.08000001311302185,0.0,0.0004844253708142787,0.07901623960917481
StackCube-v1,0,40,0.7272727272727273,e38610b6fa0650bb8422ddb3a223963d1621c4a0fe72715be3cdf256ceef3b1a,0,0.0015,eef_joint_1+,0.01,0.0,0.01,0.0,1,1,,1,1,0.0,3.589630365371704,0.08000001311302185,0.08000001311302185,0.0,0.0004844253708142787,0.07901623960917481
StackCube-v1,0,40,0.7272727272727273,e38610b6fa0650bb8422ddb3a223963d1621c4a0fe72715be3cdf256ceef3b1a,0,0.0015,eef_joint_1-,0.01,0.0,-0.01,0.0,1,1,,1,1,0.0,3.589630365371704,0.08000001311302185,0.08000001311302185,0.0,0.0004844253708142787,0.07901623960917481
StackCube-v1,0,40,0.7272727272727273,e38610b6fa0650bb8422ddb3a223963d1621c4a0fe72715be3cdf256ceef3b1a,1,0.003,object_pos_x+,0.003,0.003,0.0,0.0,1,1,,1,1,0.33333333333333337,3.589630365371704,0.08000001311302185,0.08000001311302185,0.0,0.0004844253708142787,0.07901623960917481
StackCube-v1,0,40,0.7272727272727273,e38610b6fa0650bb8422ddb3a223963d1621c4a0fe72715be3cdf256ceef3b1a,1,0.003,object_pos_x-,0.003,-0.003,0.0,0.0,1,1,,1,1,0.33333333333333337,3.589630365371704,0.08000001311302185,0.08000001311302185,0.0,0.0004844253708142787,0.07901623960917481
StackCube-v1,0,40,0.7272727272727273,e38610b6fa0650bb8422ddb3a223963d1621c4a0fe72715be3cdf256ceef3b1a,1,0.003,object_pos_y+,0.003,0.0,0.003,0.0,1,1,,1,1,0.33333333333333337,3.589630365371704,0.08000001311302185,0.08000001311302185,0.0,0.0004844253708142787,0.07901623960917481
StackCube-v1,0,40,0.7272727272727273,e38610b6fa0650bb8422ddb3a223963d1621c4a0fe72715be3cdf256ceef3b1a,1,0.003,object_pos_y-,0.003,0.0,-0.003,0.0,1,1,,1,1,0.33333333333333337,3.589630365371704,0.08000001311302185,0.08000001311302185,0.0,0.0004844253708142787,0.07901623960917481
StackCube-v1,0,40,0.7272727272727273,e38610b6fa0650bb8422ddb3a223963d1621c4a0fe72715be3cdf256ceef3b1a,1,0.003,eef_joint_1+,0.02,0.0,0.02,0.0,0,1,,1,1,0.33333333333333337,3.589630365371704,0.08000001311302185,0.08000001311302185,0.0,0.0004844253708142787,0.07901623960917481
StackCube-v1,0,40,0.7272727272727273,e38610b6fa0650bb8422ddb3a223963d1621c4a0fe72715be3cdf256ceef3b1a,1,0.003,eef_joint_1-,0.02,0.0,-0.02,0.0,0,1,,1,1,0.33333333333333337,3.589630365371704,0.08000001311302185,0.08000001311302185,0.0,0.0004844253708142787,0.07901623960917481
StackCube-v1,0,40,0.7272727272727273,e38610b6fa0650bb8422ddb3a223963d1621c4a0fe72715be3cdf256ceef3b1a,2,0.006,object_pos_x+,0.006,0.006,0.0,0.0,1,1,,1,1,0.0,3.589630365371704,0.08000001311302185,0.08000001311302185,0.0,0.0004844253708142787,0.07901623960917481
StackCube-v1,0,40,0.7272727272727273,e38610b6fa0650bb8422ddb3a223963d1621c4a0fe72715be3cdf256ceef3b1a,2,0.006,object_pos_x-,0.006,-0.006,0.0,0.0,1,1,,1,1,0.0,3.589630365371704,0.08000001311302185,0.08000001311302185,0.0,0.0004844253708142787,0.07901623960917481
StackCube-v1,0,40,0.7272727272727273,e38610b6fa0650bb8422ddb3a223963d1621c4a0fe72715be3cdf256ceef3b1a,2,0.006,object_pos_y+,0.006,0.0,0.006,0.0,1,1,,1,1,0.0,3.589630365371704,0.08000001311302185,0.08000001311302185,0.0,0.0004844253708142787,0.07901623960917481
StackCube-v1,0,40,0.7272727272727273,e38610b6fa0650bb8422ddb3a223963d1621c4a0fe72715be3cdf256ceef3b1a,2,0.006,object_pos_y-,0.006,0.0,-0.006,0.0,1,1,,1,1,0.0,3.589630365371704,0.08000001311302185,0.08000001311302185,0.0,0.0004844253708142787,0.07901623960917481
StackCube-v1,0,40,0.7272727272727273,e38610b6fa0650bb8422ddb3a223963d1621c4a0fe72715be3cdf256ceef3b1a,2,0.006,eef_joint_1+,0.04,0.0,0.04,0.0,1,1,,1,1,0.0,3.589630365371704,0.08000001311302185,0.08000001311302185,0.0,0.0004844253708142787,0.07901623960917481
StackCube-v1,0,40,0.7272727272727273,e38610b6fa0650bb8422ddb3a223963d1621c4a0fe72715be3cdf256ceef3b1a,2,0.006,eef_joint_1-,0.04,0.0,-0.04,0.0,1,1,,1,1,0.0,3.589630365371704,0.08000001311302185,0.08000001311302185,0.0,0.0004844253708142787,0.07901623960917481
StackCube-v1,0,45,0.8181818181818182,509be87cef49da149fecd68692b784a76af9186b2b8fbb0fa1e3c899680fae4c,0,0.0015,object_pos_x+,0.0015,0.0015,0.0,0.0,1,1,,1,1,0.0,3.589630365371704,0.0,0.0,0.0,0.00048443011473864317,0.003608520221905983
StackCube-v1,0,45,0.8181818181818182,509be87cef49da149fecd68692b784a76af9186b2b8fbb0fa1e3c899680fae4c,0,0.0015,object_pos_x-,0.0015,-0.0015,0.0,0.0,1,1,,1,1,0.0,3.589630365371704,0.0,0.0,0.0,0.00048443011473864317,0.003608520221905983
StackCube-v1,0,45,0.8181818181818182,509be87cef49da149fecd68692b784a76af9186b2b8fbb0fa1e3c899680fae4c,0,0.0015,object_pos_y+,0.0015,0.0,0.0015,0.0,1,1,,1,1,0.0,3.589630365371704,0.0,0.0,0.0,0.00048443011473864317,0.003608520221905983
StackCube-v1,0,45,0.8181818181818182,509be87cef49da149fecd68692b784a76af9186b2b8fbb0fa1e3c899680fae4c,0,0.0015,object_pos_y-,0.0015,0.0,-0.0015,0.0,1,1,,1,1,0.0,3.589630365371704,0.0,0.0,0.0,0.00048443011473864317,0.003608520221905983
StackCube-v1,0,45,0.8181818181818182,509be87cef49da149fecd68692b784a76af9186b2b8fbb0fa1e3c899680fae4c,0,0.0015,eef_joint_1+,0.01,0.0,0.01,0.0,1,1,,1,1,0.0,3.589630365371704,0.0,0.0,0.0,0.00048443011473864317,0.003608520221905983
StackCube-v1,0,45,0.8181818181818182,509be87cef49da149fecd68692b784a76af9186b2b8fbb0fa1e3c899680fae4c,0,0.0015,eef_joint_1-,0.01,0.0,-0.01,0.0,1,1,,1,1,0.0,3.589630365371704,0.0,0.0,0.0,0.00048443011473864317,0.003608520221905983
StackCube-v1,0,45,0.8181818181818182,509be87cef49da149fecd68692b784a76af9186b2b8fbb0fa1e3c899680fae4c,1,0.003,object_pos_x+,0.003,0.003,0.0,0.0,1,1,,1,1,0.0,3.589630365371704,0.0,0.0,0.0,0.00048443011473864317,0.003608520221905983
StackCube-v1,0,45,0.8181818181818182,509be87cef49da149fecd68692b784a76af9186b2b8fbb0fa1e3c899680fae4c,1,0.003,object_pos_x-,0.003,-0.003,0.0,0.0,1,1,,1,1,0.0,3.589630365371704,0.0,0.0,0.0,0.00048443011473864317,0.003608520221905983
StackCube-v1,0,45,0.8181818181818182,509be87cef49da149fecd68692b784a76af9186b2b8fbb0fa1e3c899680fae4c,1,0.003,object_pos_y+,0.003,0.0,0.003,0.0,1,1,,1,1,0.0,3.589630365371704,0.0,0.0,0.0,0.00048443011473864317,0.003608520221905983
StackCube-v1,0,45,0.8181818181818182,509be87cef49da149fecd68692b784a76af9186b2b8fbb0fa1e3c899680fae4c,1,0.003,object_pos_y-,0.003,0.0,-0.003,0.0,1,1,,1,1,0.0,3.589630365371704,0.0,0.0,0.0,0.00048443011473864317,0.003608520221905983
StackCube-v1,0,45,0.8181818181818182,509be87cef49da149fecd68692b784a76af9186b2b8fbb0fa1e3c899680fae4c,1,0.003,eef_joint_1+,0.02,0.0,0.02,0.0,1,1,,1,1,0.0,3.589630365371704,0.0,0.0,0.0,0.00048443011473864317,0.003608520221905983
StackCube-v1,0,45,0.8181818181818182,509be87cef49da149fecd68692b784a76af9186b2b8fbb0fa1e3c899680fae4c,1,0.003,eef_joint_1-,0.02,0.0,-0.02,0.0,1,1,,1,1,0.0,3.589630365371704,0.0,0.0,0.0,0.00048443011473864317,0.003608520221905983
StackCube-v1,0,45,0.8181818181818182,509be87cef49da149fecd68692b784a76af9186b2b8fbb0fa1e3c899680fae4c,2,0.006,object_pos_x+,0.006,0.006,0.0,0.0,1,1,,1,1,0.0,3.589630365371704,0.0,0.0,0.0,0.00048443011473864317,0.003608520221905983
StackCube-v1,0,45,0.8181818181818182,509be87cef49da149fecd68692b784a76af9186b2b8fbb0fa1e3c899680fae4c,2,0.006,object_pos_x-,0.006,-0.006,0.0,0.0,1,1,,1,1,0.0,3.589630365371704,0.0,0.0,0.0,0.00048443011473864317,0.003608520221905983
StackCube-v1,0,45,0.8181818181818182,509be87cef49da149fecd68692b784a76af9186b2b8fbb0fa1e3c899680fae4c,2,0.006,object_pos_y+,0.006,0.0,0.006,0.0,1,1,,1,1,0.0,3.589630365371704,0.0,0.0,0.0,0.00048443011473864317,0.003608520221905983
StackCube-v1,0,45,0.8181818181818182,509be87cef49da149fecd68692b784a76af9186b2b8fbb0fa1e3c899680fae4c,2,0.006,object_pos_y-,0.006,0.0,-0.006,0.0,1,1,,1,1,0.0,3.589630365371704,0.0,0.0,0.0,0.00048443011473864317,0.003608520221905983
StackCube-v1,0,45,0.8181818181818182,509be87cef49da149fecd68692b784a76af9186b2b8fbb0fa1e3c899680fae4c,2,0.006,eef_joint_1+,0.04,0.0,0.04,0.0,1,1,,1,1,0.0,3.589630365371704,0.0,0.0,0.0,0.00048443011473864317,0.003608520221905983
StackCube-v1,0,45,0.8181818181818182,509be87cef49da149fecd68692b784a76af9186b2b8fbb0fa1e3c899680fae4c,2,0.006,eef_joint_1-,0.04,0.0,-0.04,0.0,1,1,,1,1,0.0,3.589630365371704,0.0,0.0,0.0,0.00048443011473864317,0.003608520221905983
StackCube-v1,0,50,0.9090909090909091,5c8abc54bb233a3cc6ae16999db09ec882b30ad5f971d3e45e3b20b96f21a8ab,0,0.0015,object_pos_x+,0.0015,0.0015,0.0,0.0,1,1,,1,1,0.0,3.589630365371704,0.0,0.0,0.0,0.0005485729197971523,0.0007900536643889532
StackCube-v1,0,50,0.9090909090909091,5c8abc54bb233a3cc6ae16999db09ec882b30ad5f971d3e45e3b20b96f21a8ab,0,0.0015,object_pos_x-,0.0015,-0.0015,0.0,0.0,1,1,,1,1,0.0,3.589630365371704,0.0,0.0,0.0,0.0005485729197971523,0.0007900536643889532
StackCube-v1,0,50,0.9090909090909091,5c8abc54bb233a3cc6ae16999db09ec882b30ad5f971d3e45e3b20b96f21a8ab,0,0.0015,object_pos_y+,0.0015,0.0,0.0015,0.0,1,1,,1,1,0.0,3.589630365371704,0.0,0.0,0.0,0.0005485729197971523,0.0007900536643889532
StackCube-v1,0,50,0.9090909090909091,5c8abc54bb233a3cc6ae16999db09ec882b30ad5f971d3e45e3b20b96f21a8ab,0,0.0015,object_pos_y-,0.0015,0.0,-0.0015,0.0,1,1,,1,1,0.0,3.589630365371704,0.0,0.0,0.0,0.0005485729197971523,0.0007900536643889532
StackCube-v1,0,50,0.9090909090909091,5c8abc54bb233a3cc6ae16999db09ec882b30ad5f971d3e45e3b20b96f21a8ab,0,0.0015,eef_joint_1+,0.01,0.0,0.01,0.0,1,1,,1,1,0.0,3.589630365371704,0.0,0.0,0.0,0.0005485729197971523,0.0007900536643889532
StackCube-v1,0,50,0.9090909090909091,5c8abc54bb233a3cc6ae16999db09ec882b30ad5f971d3e45e3b20b96f21a8ab,0,0.0015,eef_joint_1-,0.01,0.0,-0.01,0.0,1,1,,1,1,0.0,3.589630365371704,0.0,0.0,0.0,0.0005485729197971523,0.0007900536643889532
StackCube-v1,0,50,0.9090909090909091,5c8abc54bb233a3cc6ae16999db09ec882b30ad5f971d3e45e3b20b96f21a8ab,1,0.003,object_pos_x+,0.003,0.003,0.0,0.0,1,1,,1,1,0.0,3.589630365371704,0.0,0.0,0.0,0.0005485729197971523,0.0007900536643889532
StackCube-v1,0,50,0.9090909090909091,5c8abc54bb233a3cc6ae16999db09ec882b30ad5f971d3e45e3b20b96f21a8ab,1,0.003,object_pos_x-,0.003,-0.003,0.0,0.0,1,1,,1,1,0.0,3.589630365371704,0.0,0.0,0.0,0.0005485729197971523,0.0007900536643889532
StackCube-v1,0,50,0.9090909090909091,5c8abc54bb233a3cc6ae16999db09ec882b30ad5f971d3e45e3b20b96f21a8ab,1,0.003,object_pos_y+,0.003,0.0,0.003,0.0,1,1,,1,1,0.0,3.589630365371704,0.0,0.0,0.0,0.0005485729197971523,0.0007900536643889532
StackCube-v1,0,50,0.9090909090909091,5c8abc54bb233a3cc6ae16999db09ec882b30ad5f971d3e45e3b20b96f21a8ab,1,0.003,object_pos_y-,0.003,0.0,-0.003,0.0,1,1,,1,1,0.0,3.589630365371704,0.0,0.0,0.0,0.0005485729197971523,0.0007900536643889532
StackCube-v1,0,50,0.9090909090909091,5c8abc54bb233a3cc6ae16999db09ec882b30ad5f971d3e45e3b20b96f21a8ab,1,0.003,eef_joint_1+,0.02,0.0,0.02,0.0,1,1,,1,1,0.0,3.589630365371704,0.0,0.0,0.0,0.0005485729197971523,0.0007900536643889532
StackCube-v1,0,50,0.9090909090909091,5c8abc54bb233a3cc6ae16999db09ec882b30ad5f971d3e45e3b20b96f21a8ab,1,0.003,eef_joint_1-,0.02,0.0,-0.02,0.0,1,1,,1,1,0.0,3.589630365371704,0.0,0.0,0.0,0.0005485729197971523,0.0007900536643889532
StackCube-v1,0,50,0.9090909090909091,5c8abc54bb233a3cc6ae16999db09ec882b30ad5f971d3e45e3b20b96f21a8ab,2,0.006,object_pos_x+,0.006,0.006,0.0,0.0,1,1,,1,1,0.0,3.589630365371704,0.0,0.0,0.0,0.0005485729197971523,0.0007900536643889532
StackCube-v1,0,50,0.9090909090909091,5c8abc54bb233a3cc6ae16999db09ec882b30ad5f971d3e45e3b20b96f21a8ab,2,0.006,object_pos_x-,0.006,-0.006,0.0,0.0,1,1,,1,1,0.0,3.589630365371704,0.0,0.0,0.0,0.0005485729197971523,0.0007900536643889532
StackCube-v1,0,50,0.9090909090909091,5c8abc54bb233a3cc6ae16999db09ec882b30ad5f971d3e45e3b20b96f21a8ab,2,0.006,object_pos_y+,0.006,0.0,0.006,0.0,1,1,,1,1,0.0,3.589630365371704,0.0,0.0,0.0,0.0005485729197971523,0.0007900536643889532
StackCube-v1,0,50,0.9090909090909091,5c8abc54bb233a3cc6ae16999db09ec882b30ad5f971d3e45e3b20b96f21a8ab,2,0.006,object_pos_y-,0.006,0.0,-0.006,0.0,1,1,,1,1,0.0,3.589630365371704,0.0,0.0,0.0,0.0005485729197971523,0.0007900536643889532
StackCube-v1,0,50,0.9090909090909091,5c8abc54bb233a3cc6ae16999db09ec882b30ad5f971d3e45e3b20b96f21a8ab,2,0.006,eef_joint_1+,0.04,0.0,0.04,0.0,1,1,,1,1,0.0,3.589630365371704,0.0,0.0,0.0,0.0005485729197971523,0.0007900536643889532
StackCube-v1,0,50,0.9090909090909091,5c8abc54bb233a3cc6ae16999db09ec882b30ad5f971d3e45e3b20b96f21a8ab,2,0.006,eef_joint_1-,0.04,0.0,-0.04,0.0,1,1,,1,1,0.0,3.589630365371704,0.0,0.0,0.0,0.0005485729197971523,0.0007900536643889532
StackCube-v1,0,55,1.0,d0d4ad46c8672e28745623cb77ae4a4815dc4b65ee4160e72bfadf5aef6ed392,0,0.0015,object_pos_x+,0.0015,0.0015,0.0,0.0,1,1,,1,1,0.0,3.589630365371704,0.0,0.0,0.0,0.0007431360427290201,0.000795515937841467
StackCube-v1,0,55,1.0,d0d4ad46c8672e28745623cb77ae4a4815dc4b65ee4160e72bfadf5aef6ed392,0,0.0015,object_pos_x-,0.0015,-0.0015,0.0,0.0,1,1,,1,1,0.0,3.589630365371704,0.0,0.0,0.0,0.0007431360427290201,0.000795515937841467
StackCube-v1,0,55,1.0,d0d4ad46c8672e28745623cb77ae4a4815dc4b65ee4160e72bfadf5aef6ed392,0,0.0015,object_pos_y+,0.0015,0.0,0.0015,0.0,1,1,,1,1,0.0,3.589630365371704,0.0,0.0,0.0,0.0007431360427290201,0.000795515937841467
StackCube-v1,0,55,1.0,d0d4ad46c8672e28745623cb77ae4a4815dc4b65ee4160e72bfadf5aef6ed392,0,0.0015,object_pos_y-,0.0015,0.0,-0.0015,0.0,1,1,,1,1,0.0,3.589630365371704,0.0,0.0,0.0,0.0007431360427290201,0.000795515937841467
StackCube-v1,0,55,1.0,d0d4ad46c8672e28745623cb77ae4a4815dc4b65ee4160e72bfadf5aef6ed392,0,0.0015,eef_joint_1+,0.01,0.0,0.01,0.0,1,1,,1,1,0.0,3.589630365371704,0.0,0.0,0.0,0.0007431360427290201,0.000795515937841467
StackCube-v1,0,55,1.0,d0d4ad46c8672e28745623cb77ae4a4815dc4b65ee4160e72bfadf5aef6ed392,0,0.0015,eef_joint_1-,0.01,0.0,-0.01,0.0,1,1,,1,1,0.0,3.589630365371704,0.0,0.0,0.0,0.0007431360427290201,0.000795515937841467
StackCube-v1,0,55,1.0,d0d4ad46c8672e28745623cb77ae4a4815dc4b65ee4160e72bfadf5aef6ed392,1,0.003,object_pos_x+,0.003,0.003,0.0,0.0,1,1,,1,1,0.0,3.589630365371704,0.0,0.0,0.0,0.0007431360427290201,0.000795515937841467
StackCube-v1,0,55,1.0,d0d4ad46c8672e28745623cb77ae4a4815dc4b65ee4160e72bfadf5aef6ed392,1,0.003,object_pos_x-,0.003,-0.003,0.0,0.0,1,1,,1,1,0.0,3.589630365371704,0.0,0.0,0.0,0.0007431360427290201,0.000795515937841467
StackCube-v1,0,55,1.0,d0d4ad46c8672e28745623cb77ae4a4815dc4b65ee4160e72bfadf5aef6ed392,1,0.003,object_pos_y+,0.003,0.0,0.003,0.0,1,1,,1,1,0.0,3.589630365371704,0.0,0.0,0.0,0.0007431360427290201,0.000795515937841467
StackCube-v1,0,55,1.0,d0d4ad46c8672e28745623cb77ae4a4815dc4b65ee4160e72bfadf5aef6ed392,1,0.003,object_pos_y-,0.003,0.0,-0.003,0.0,1,1,,1,1,0.0,3.589630365371704,0.0,0.0,0.0,0.0007431360427290201,0.000795515937841467
StackCube-v1,0,55,1.0,d0d4ad46c8672e28745623cb77ae4a4815dc4b65ee4160e72bfadf5aef6ed392,1,0.003,eef_joint_1+,0.02,0.0,0.02,0.0,1,1,,1,1,0.0,3.589630365371704,0.0,0.0,0.0,0.0007431360427290201,0.000795515937841467
StackCube-v1,0,55,1.0,d0d4ad46c8672e28745623cb77ae4a4815dc4b65ee4160e72bfadf5aef6ed392,1,0.003,eef_joint_1-,0.02,0.0,-0.02,0.0,1,1,,1,1,0.0,3.589630365371704,0.0,0.0,0.0,0.0007431360427290201,0.000795515937841467
StackCube-v1,0,55,1.0,d0d4ad46c8672e28745623cb77ae4a4815dc4b65ee4160e72bfadf5aef6ed392,2,0.006,object_pos_x+,0.006,0.006,0.0,0.0,1,1,,1,1,0.0,3.589630365371704,0.0,0.0,0.0,0.0007431360427290201,0.000795515937841467
StackCube-v1,0,55,1.0,d0d4ad46c8672e28745623cb77ae4a4815dc4b65ee4160e72bfadf5aef6ed392,2,0.006,object_pos_x-,0.006,-0.006,0.0,0.0,1,1,,1,1,0.0,3.589630365371704,0.0,0.0,0.0,0.0007431360427290201,0.000795515937841467
StackCube-v1,0,55,1.0,d0d4ad46c8672e28745623cb77ae4a4815dc4b65ee4160e72bfadf5aef6ed392,2,0.006,object_pos_y+,0.006,0.0,0.006,0.0,1,1,,1,1,0.0,3.589630365371704,0.0,0.0,0.0,0.0007431360427290201,0.000795515937841467
StackCube-v1,0,55,1.0,d0d4ad46c8672e28745623cb77ae4a4815dc4b65ee4160e72bfadf5aef6ed392,2,0.006,object_pos_y-,0.006,0.0,-0.006,0.0,1,1,,1,1,0.0,3.589630365371704,0.0,0.0,0.0,0.0007431360427290201,0.000795515937841467
StackCube-v1,0,55,1.0,d0d4ad46c8672e28745623cb77ae4a4815dc4b65ee4160e72bfadf5aef6ed392,2,0.006,eef_joint_1+,0.04,0.0,0.04,0.0,1,1,,1,1,0.0,3.589630365371704,0.0,0.0,0.0,0.0007431360427290201,0.000795515937841467
StackCube-v1,0,55,1.0,d0d4ad46c8672e28745623cb77ae4a4815dc4b65ee4160e72bfadf5aef6ed392,2,0.006,eef_joint_1-,0.04,0.0,-0.04,0.0,1,1,,1,1,0.0,3.589630365371704,0.0,0.0,0.0,0.0007431360427290201,0.000795515937841467
StackCube-v1,1,0,0.0,f348a333498e870e91e3a39c0162255b252eaa787c97b148c149af95547eae81,0,0.0015,object_pos_x+,0.0015,0.0015,0.0,0.0,1,1,,1,1,0.0,3.91524600982666,3.91524600982666,3.91524600982666,1.0,0.15676230192184448,0.08870353732364147
StackCube-v1,1,0,0.0,f348a333498e870e91e3a39c0162255b252eaa787c97b148c149af95547eae81,0,0.0015,object_pos_x-,0.0015,-0.0015,0.0,0.0,1,1,,1,1,0.0,3.91524600982666,3.91524600982666,3.91524600982666,1.0,0.15676230192184448,0.08870353732364147
StackCube-v1,1,0,0.0,f348a333498e870e91e3a39c0162255b252eaa787c97b148c149af95547eae81,0,0.0015,object_pos_y+,0.0015,0.0,0.0015,0.0,1,1,,1,1,0.0,3.91524600982666,3.91524600982666,3.91524600982666,1.0,0.15676230192184448,0.08870353732364147
StackCube-v1,1,0,0.0,f348a333498e870e91e3a39c0162255b252eaa787c97b148c149af95547eae81,0,0.0015,object_pos_y-,0.0015,0.0,-0.0015,0.0,1,1,,1,1,0.0,3.91524600982666,3.91524600982666,3.91524600982666,1.0,0.15676230192184448,0.08870353732364147
StackCube-v1,1,0,0.0,f348a333498e870e91e3a39c0162255b252eaa787c97b148c149af95547eae81,0,0.0015,eef_joint_1+,0.01,0.0,0.01,0.0,1,1,,1,1,0.0,3.91524600982666,3.91524600982666,3.91524600982666,1.0,0.15676230192184448,0.08870353732364147
StackCube-v1,1,0,0.0,f348a333498e870e91e3a39c0162255b252eaa787c97b148c149af95547eae81,0,0.0015,eef_joint_1-,0.01,0.0,-0.01,0.0,1,1,,1,1,0.0,3.91524600982666,3.91524600982666,3.91524600982666,1.0,0.15676230192184448,0.08870353732364147
StackCube-v1,1,0,0.0,f348a333498e870e91e3a39c0162255b252eaa787c97b148c149af95547eae81,1,0.003,object_pos_x+,0.003,0.003,0.0,0.0,1,1,,1,1,0.33333333333333337,3.91524600982666,3.91524600982666,3.91524600982666,1.0,0.15676230192184448,0.08870353732364147
StackCube-v1,1,0,0.0,f348a333498e870e91e3a39c0162255b252eaa787c97b148c149af95547eae81,1,0.003,object_pos_x-,0.003,-0.003,0.0,0.0,1,1,,1,1,0.33333333333333337,3.91524600982666,3.91524600982666,3.91524600982666,1.0,0.15676230192184448,0.08870353732364147
StackCube-v1,1,0,0.0,f348a333498e870e91e3a39c0162255b252eaa787c97b148c149af95547eae81,1,0.003,object_pos_y+,0.003,0.0,0.003,0.0,1,1,,1,1,0.33333333333333337,3.91524600982666,3.91524600982666,3.91524600982666,1.0,0.15676230192184448,0.08870353732364147
StackCube-v1,1,0,0.0,f348a333498e870e91e3a39c0162255b252eaa787c97b148c149af95547eae81,1,0.003,object_pos_y-,0.003,0.0,-0.003,0.0,1,1,,1,1,0.33333333333333337,3.91524600982666,3.91524600982666,3.91524600982666,1.0,0.15676230192184448,0.08870353732364147
StackCube-v1,1,0,0.0,f348a333498e870e91e3a39c0162255b252eaa787c97b148c149af95547eae81,1,0.003,eef_joint_1+,0.02,0.0,0.02,0.0,0,1,,1,1,0.33333333333333337,3.91524600982666,3.91524600982666,3.91524600982666,1.0,0.15676230192184448,0.08870353732364147
StackCube-v1,1,0,0.0,f348a333498e870e91e3a39c0162255b252eaa787c97b148c149af95547eae81,1,0.003,eef_joint_1-,0.02,0.0,-0.02,0.0,0,1,,1,1,0.33333333333333337,3.91524600982666,3.91524600982666,3.91524600982666,1.0,0.15676230192184448,0.08870353732364147
StackCube-v1,1,0,0.0,f348a333498e870e91e3a39c0162255b252eaa787c97b148c149af95547eae81,2,0.006,object_pos_x+,0.006,0.006,0.0,0.0,1,1,,1,1,0.33333333333333337,3.91524600982666,3.91524600982666,3.91524600982666,1.0,0.15676230192184448,0.08870353732364147
StackCube-v1,1,0,0.0,f348a333498e870e91e3a39c0162255b252eaa787c97b148c149af95547eae81,2,0.006,object_pos_x-,0.006,-0.006,0.0,0.0,1,1,,1,1,0.33333333333333337,3.91524600982666,3.91524600982666,3.91524600982666,1.0,0.15676230192184448,0.08870353732364147
StackCube-v1,1,0,0.0,f348a333498e870e91e3a39c0162255b252eaa787c97b148c149af95547eae81,2,0.006,object_pos_y+,0.006,0.0,0.006,0.0,1,1,,1,1,0.33333333333333337,3.91524600982666,3.91524600982666,3.91524600982666,1.0,0.15676230192184448,0.08870353732364147
StackCube-v1,1,0,0.0,f348a333498e870e91e3a39c0162255b252eaa787c97b148c149af95547eae81,2,0.006,object_pos_y-,0.006,0.0,-0.006,0.0,1,1,,1,1,0.33333333333333337,3.91524600982666,3.91524600982666,3.91524600982666,1.0,0.15676230192184448,0.08870353732364147
StackCube-v1,1,0,0.0,f348a333498e870e91e3a39c0162255b252eaa787c97b148c149af95547eae81,2,0.006,eef_joint_1+,0.04,0.0,0.04,0.0,0,1,,1,1,0.33333333333333337,3.91524600982666,3.91524600982666,3.91524600982666,1.0,0.15676230192184448,0.08870353732364147
StackCube-v1,1,0,0.0,f348a333498e870e91e3a39c0162255b252eaa787c97b148c149af95547eae81,2,0.006,eef_joint_1-,0.04,0.0,-0.04,0.0,0,1,,1,1,0.33333333333333337,3.91524600982666,3.91524600982666,3.91524600982666,1.0,0.15676230192184448,0.08870353732364147
StackCube-v1,1,5,0.09090909090909091,d3f49a0874433eaa4ed6180fd4d2fb9d5b53287665cb41f75fd7f3af40374a42,0,0.0015,object_pos_x+,0.0015,0.0015,0.0,0.0,1,1,,1,1,0.0,3.91524600982666,0.0,0.0,0.0,0.06735282391309738,0.08870418331529184
StackCube-v1,1,5,0.09090909090909091,d3f49a0874433eaa4ed6180fd4d2fb9d5b53287665cb41f75fd7f3af40374a42,0,0.0015,object_pos_x-,0.0015,-0.0015,0.0,0.0,1,1,,1,1,0.0,3.91524600982666,0.0,0.0,0.0,0.06735282391309738,0.08870418331529184
StackCube-v1,1,5,0.09090909090909091,d3f49a0874433eaa4ed6180fd4d2fb9d5b53287665cb41f75fd7f3af40374a42,0,0.0015,object_pos_y+,0.0015,0.0,0.0015,0.0,1,1,,1,1,0.0,3.91524600982666,0.0,0.0,0.0,0.06735282391309738,0.08870418331529184
StackCube-v1,1,5,0.09090909090909091,d3f49a0874433eaa4ed6180fd4d2fb9d5b53287665cb41f75fd7f3af40374a42,0,0.0015,object_pos_y-,0.0015,0.0,-0.0015,0.0,1,1,,1,1,0.0,3.91524600982666,0.0,0.0,0.0,0.06735282391309738,0.08870418331529184
StackCube-v1,1,5,0.09090909090909091,d3f49a0874433eaa4ed6180fd4d2fb9d5b53287665cb41f75fd7f3af40374a42,0,0.0015,eef_joint_1+,0.01,0.0,0.01,0.0,1,1,,1,1,0.0,3.91524600982666,0.0,0.0,0.0,0.06735282391309738,0.08870418331529184
StackCube-v1,1,5,0.09090909090909091,d3f49a0874433eaa4ed6180fd4d2fb9d5b53287665cb41f75fd7f3af40374a42,0,0.0015,eef_joint_1-,0.01,0.0,-0.01,0.0,1,1,,1,1,0.0,3.91524600982666,0.0,0.0,0.0,0.06735282391309738,0.08870418331529184
StackCube-v1,1,5,0.09090909090909091,d3f49a0874433eaa4ed6180fd4d2fb9d5b53287665cb41f75fd7f3af40374a42,1,0.003,object_pos_x+,0.003,0.003,0.0,0.0,1,1,,1,1,0.33333333333333337,3.91524600982666,0.0,0.0,0.0,0.06735282391309738,0.08870418331529184
StackCube-v1,1,5,0.09090909090909091,d3f49a0874433eaa4ed6180fd4d2fb9d5b53287665cb41f75fd7f3af40374a42,1,0.003,object_pos_x-,0.003,-0.003,0.0,0.0,1,1,,1,1,0.33333333333333337,3.91524600982666,0.0,0.0,0.0,0.06735282391309738,0.08870418331529184
StackCube-v1,1,5,0.09090909090909091,d3f49a0874433eaa4ed6180fd4d2fb9d5b53287665cb41f75fd7f3af40374a42,1,0.003,object_pos_y+,0.003,0.0,0.003,0.0,1,1,,1,1,0.33333333333333337,3.91524600982666,0.0,0.0,0.0,0.06735282391309738,0.08870418331529184
StackCube-v1,1,5,0.09090909090909091,d3f49a0874433eaa4ed6180fd4d2fb9d5b53287665cb41f75fd7f3af40374a42,1,0.003,object_pos_y-,0.003,0.0,-0.003,0.0,1,1,,1,1,0.33333333333333337,3.91524600982666,0.0,0.0,0.0,0.06735282391309738,0.08870418331529184
StackCube-v1,1,5,0.09090909090909091,d3f49a0874433eaa4ed6180fd4d2fb9d5b53287665cb41f75fd7f3af40374a42,1,0.003,eef_joint_1+,0.02,0.0,0.02,0.0,0,1,,1,1,0.33333333333333337,3.91524600982666,0.0,0.0,0.0,0.06735282391309738,0.08870418331529184
StackCube-v1,1,5,0.09090909090909091,d3f49a0874433eaa4ed6180fd4d2fb9d5b53287665cb41f75fd7f3af40374a42,1,0.003,eef_joint_1-,0.02,0.0,-0.02,0.0,0,1,,1,1,0.33333333333333337,3.91524600982666,0.0,0.0,0.0,0.06735282391309738,0.08870418331529184
StackCube-v1,1,5,0.09090909090909091,d3f49a0874433eaa4ed6180fd4d2fb9d5b53287665cb41f75fd7f3af40374a42,2,0.006,object_pos_x+,0.006,0.006,0.0,0.0,1,1,,1,1,0.33333333333333337,3.91524600982666,0.0,0.0,0.0,0.06735282391309738,0.08870418331529184
StackCube-v1,1,5,0.09090909090909091,d3f49a0874433eaa4ed6180fd4d2fb9d5b53287665cb41f75fd7f3af40374a42,2,0.006,object_pos_x-,0.006,-0.006,0.0,0.0,1,1,,1,1,0.33333333333333337,3.91524600982666,0.0,0.0,0.0,0.06735282391309738,0.08870418331529184
StackCube-v1,1,5,0.09090909090909091,d3f49a0874433eaa4ed6180fd4d2fb9d5b53287665cb41f75fd7f3af40374a42,2,0.006,object_pos_y+,0.006,0.0,0.006,0.0,1,1,,1,1,0.33333333333333337,3.91524600982666,0.0,0.0,0.0,0.06735282391309738,0.08870418331529184
StackCube-v1,1,5,0.09090909090909091,d3f49a0874433eaa4ed6180fd4d2fb9d5b53287665cb41f75fd7f3af40374a42,2,0.006,object_pos_y-,0.006,0.0,-0.006,0.0,1,1,,1,1,0.33333333333333337,3.91524600982666,0.0,0.0,0.0,0.06735282391309738,0.08870418331529184
StackCube-v1,1,5,0.09090909090909091,d3f49a0874433eaa4ed6180fd4d2fb9d5b53287665cb41f75fd7f3af40374a42,2,0.006,eef_joint_1+,0.04,0.0,0.04,0.0,0,1,,1,1,0.33333333333333337,3.91524600982666,0.0,0.0,0.0,0.06735282391309738,0.08870418331529184
StackCube-v1,1,5,0.09090909090909091,d3f49a0874433eaa4ed6180fd4d2fb9d5b53287665cb41f75fd7f3af40374a42,2,0.006,eef_joint_1-,0.04,0.0,-0.04,0.0,0,1,,1,1,0.33333333333333337,3.91524600982666,0.0,0.0,0.0,0.06735282391309738,0.08870418331529184
StackCube-v1,1,10,0.18181818181818182,c1c060cfd7a074d75e0da58d3a9886ee5a057eca87279d56199447393bb71373,0,0.0015,object_pos_x+,0.0015,0.0015,0.0,0.0,1,1,,1,1,0.0,3.914262533187866,0.0,0.0,0.0,0.03230171650648117,0.08870397287077413
StackCube-v1,1,10,0.18181818181818182,c1c060cfd7a074d75e0da58d3a9886ee5a057eca87279d56199447393bb71373,0,0.0015,object_pos_x-,0.0015,-0.0015,0.0,0.0,1,1,,1,1,0.0,3.914262533187866,0.0,0.0,0.0,0.03230171650648117,0.08870397287077413
StackCube-v1,1,10,0.18181818181818182,c1c060cfd7a074d75e0da58d3a9886ee5a057eca87279d56199447393bb71373,0,0.0015,object_pos_y+,0.0015,0.0,0.0015,0.0,1,1,,1,1,0.0,3.914262533187866,0.0,0.0,0.0,0.03230171650648117,0.08870397287077413
StackCube-v1,1,10,0.18181818181818182,c1c060cfd7a074d75e0da58d3a9886ee5a057eca87279d56199447393bb71373,0,0.0015,object_pos_y-,0.0015,0.0,-0.0015,0.0,1,1,,1,1,0.0,3.914262533187866,0.0,0.0,0.0,0.03230171650648117,0.08870397287077413
StackCube-v1,1,10,0.18181818181818182,c1c060cfd7a074d75e0da58d3a9886ee5a057eca87279d56199447393bb71373,0,0.0015,eef_joint_1+,0.01,0.0,0.01,0.0,1,1,,1,1,0.0,3.914262533187866,0.0,0.0,0.0,0.03230171650648117,0.08870397287077413
StackCube-v1,1,10,0.18181818181818182,c1c060cfd7a074d75e0da58d3a9886ee5a057eca87279d56199447393bb71373,0,0.0015,eef_joint_1-,0.01,0.0,-0.01,0.0,1,1,,1,1,0.0,3.914262533187866,0.0,0.0,0.0,0.03230171650648117,0.08870397287077413
StackCube-v1,1,10,0.18181818181818182,c1c060cfd7a074d75e0da58d3a9886ee5a057eca87279d56199447393bb71373,1,0.003,object_pos_x+,0.003,0.003,0.0,0.0,1,1,,1,1,0.33333333333333337,3.914262533187866,0.0,0.0,0.0,0.03230171650648117,0.08870397287077413
StackCube-v1,1,10,0.18181818181818182,c1c060cfd7a074d75e0da58d3a9886ee5a057eca87279d56199447393bb71373,1,0.003,object_pos_x-,0.003,-0.003,0.0,0.0,1,1,,1,1,0.33333333333333337,3.914262533187866,0.0,0.0,0.0,0.03230171650648117,0.08870397287077413
StackCube-v1,1,10,0.18181818181818182,c1c060cfd7a074d75e0da58d3a9886ee5a057eca87279d56199447393bb71373,1,0.003,object_pos_y+,0.003,0.0,0.003,0.0,1,1,,1,1,0.33333333333333337,3.914262533187866,0.0,0.0,0.0,0.03230171650648117,0.08870397287077413
StackCube-v1,1,10,0.18181818181818182,c1c060cfd7a074d75e0da58d3a9886ee5a057eca87279d56199447393bb71373,1,0.003,object_pos_y-,0.003,0.0,-0.003,0.0,1,1,,1,1,0.33333333333333337,3.914262533187866,0.0,0.0,0.0,0.03230171650648117,0.08870397287077413
StackCube-v1,1,10,0.18181818181818182,c1c060cfd7a074d75e0da58d3a9886ee5a057eca87279d56199447393bb71373,1,0.003,eef_joint_1+,0.02,0.0,0.02,0.0,0,1,,1,1,0.33333333333333337,3.914262533187866,0.0,0.0,0.0,0.03230171650648117,0.08870397287077413
StackCube-v1,1,10,0.18181818181818182,c1c060cfd7a074d75e0da58d3a9886ee5a057eca87279d56199447393bb71373,1,0.003,eef_joint_1-,0.02,0.0,-0.02,0.0,0,1,,1,1,0.33333333333333337,3.914262533187866,0.0,0.0,0.0,0.03230171650648117,0.08870397287077413
StackCube-v1,1,10,0.18181818181818182,c1c060cfd7a074d75e0da58d3a9886ee5a057eca87279d56199447393bb71373,2,0.006,object_pos_x+,0.006,0.006,0.0,0.0,1,1,,1,1,0.33333333333333337,3.914262533187866,0.0,0.0,0.0,0.03230171650648117,0.08870397287077413
StackCube-v1,1,10,0.18181818181818182,c1c060cfd7a074d75e0da58d3a9886ee5a057eca87279d56199447393bb71373,2,0.006,object_pos_x-,0.006,-0.006,0.0,0.0,1,1,,1,1,0.33333333333333337,3.914262533187866,0.0,0.0,0.0,0.03230171650648117,0.08870397287077413
StackCube-v1,1,10,0.18181818181818182,c1c060cfd7a074d75e0da58d3a9886ee5a057eca87279d56199447393bb71373,2,0.006,object_pos_y+,0.006,0.0,0.006,0.0,1,1,,1,1,0.33333333333333337,3.914262533187866,0.0,0.0,0.0,0.03230171650648117,0.08870397287077413
StackCube-v1,1,10,0.18181818181818182,c1c060cfd7a074d75e0da58d3a9886ee5a057eca87279d56199447393bb71373,2,0.006,object_pos_y-,0.006,0.0,-0.006,0.0,1,1,,1,1,0.33333333333333337,3.914262533187866,0.0,0.0,0.0,0.03230171650648117,0.08870397287077413
StackCube-v1,1,10,0.18181818181818182,c1c060cfd7a074d75e0da58d3a9886ee5a057eca87279d56199447393bb71373,2,0.006,eef_joint_1+,0.04,0.0,0.04,0.0,0,1,,1,1,0.33333333333333337,3.914262533187866,0.0,0.0,0.0,0.03230171650648117,0.08870397287077413
StackCube-v1,1,10,0.18181818181818182,c1c060cfd7a074d75e0da58d3a9886ee5a057eca87279d56199447393bb71373,2,0.006,eef_joint_1-,0.04,0.0,-0.04,0.0,0,1,,1,1,0.33333333333333337,3.914262533187866,0.0,0.0,0.0,0.03230171650648117,0.08870397287077413
StackCube-v1,1,15,0.2727272727272727,bd7d13e3bbdbfee30653a6dd861b37964940e0678c3788fe605b68b578c92855,0,0.0015,object_pos_x+,0.0015,0.0015,0.0,0.0,1,1,,1,1,0.0,3.914262533187866,0.0,0.0,0.0,0.0018514891853556037,0.08870420738382434
StackCube-v1,1,15,0.2727272727272727,bd7d13e3bbdbfee30653a6dd861b37964940e0678c3788fe605b68b578c92855,0,0.0015,object_pos_x-,0.0015,-0.0015,0.0,0.0,1,1,,1,1,0.0,3.914262533187866,0.0,0.0,0.0,0.0018514891853556037,0.08870420738382434
StackCube-v1,1,15,0.2727272727272727,bd7d13e3bbdbfee30653a6dd861b37964940e0678c3788fe605b68b578c92855,0,0.0015,object_pos_y+,0.0015,0.0,0.0015,0.0,1,1,,1,1,0.0,3.914262533187866,0.0,0.0,0.0,0.0018514891853556037,0.08870420738382434
StackCube-v1,1,15,0.2727272727272727,bd7d13e3bbdbfee30653a6dd861b37964940e0678c3788fe605b68b578c92855,0,0.0015,object_pos_y-,0.0015,0.0,-0.0015,0.0,1,1,,1,1,0.0,3.914262533187866,0.0,0.0,0.0,0.0018514891853556037,0.08870420738382434
StackCube-v1,1,15,0.2727272727272727,bd7d13e3bbdbfee30653a6dd861b37964940e0678c3788fe605b68b578c92855,0,0.0015,eef_joint_1+,0.01,0.0,0.01,0.0,1,1,,1,1,0.0,3.914262533187866,0.0,0.0,0.0,0.0018514891853556037,0.08870420738382434
StackCube-v1,1,15,0.2727272727272727,bd7d13e3bbdbfee30653a6dd861b37964940e0678c3788fe605b68b578c92855,0,0.0015,eef_joint_1-,0.01,0.0,-0.01,0.0,1,1,,1,1,0.0,3.914262533187866,0.0,0.0,0.0,0.0018514891853556037,0.08870420738382434
StackCube-v1,1,15,0.2727272727272727,bd7d13e3bbdbfee30653a6dd861b37964940e0678c3788fe605b68b578c92855,1,0.003,object_pos_x+,0.003,0.003,0.0,0.0,1,1,,1,1,0.33333333333333337,3.914262533187866,0.0,0.0,0.0,0.0018514891853556037,0.08870420738382434
StackCube-v1,1,15,0.2727272727272727,bd7d13e3bbdbfee30653a6dd861b37964940e0678c3788fe605b68b578c92855,1,0.003,object_pos_x-,0.003,-0.003,0.0,0.0,1,1,,1,1,0.33333333333333337,3.914262533187866,0.0,0.0,0.0,0.0018514891853556037,0.08870420738382434
StackCube-v1,1,15,0.2727272727272727,bd7d13e3bbdbfee30653a6dd861b37964940e0678c3788fe605b68b578c92855,1,0.003,object_pos_y+,0.003,0.0,0.003,0.0,1,1,,1,1,0.33333333333333337,3.914262533187866,0.0,0.0,0.0,0.0018514891853556037,0.08870420738382434
StackCube-v1,1,15,0.2727272727272727,bd7d13e3bbdbfee30653a6dd861b37964940e0678c3788fe605b68b578c92855,1,0.003,object_pos_y-,0.003,0.0,-0.003,0.0,1,1,,1,1,0.33333333333333337,3.914262533187866,0.0,0.0,0.0,0.0018514891853556037,0.08870420738382434
StackCube-v1,1,15,0.2727272727272727,bd7d13e3bbdbfee30653a6dd861b37964940e0678c3788fe605b68b578c92855,1,0.003,eef_joint_1+,0.02,0.0,0.02,0.0,0,1,,1,1,0.33333333333333337,3.914262533187866,0.0,0.0,0.0,0.0018514891853556037,0.08870420738382434
StackCube-v1,1,15,0.2727272727272727,bd7d13e3bbdbfee30653a6dd861b37964940e0678c3788fe605b68b578c92855,1,0.003,eef_joint_1-,0.02,0.0,-0.02,0.0,0,1,,1,1,0.33333333333333337,3.914262533187866,0.0,0.0,0.0,0.0018514891853556037,0.08870420738382434
StackCube-v1,1,15,0.2727272727272727,bd7d13e3bbdbfee30653a6dd861b37964940e0678c3788fe605b68b578c92855,2,0.006,object_pos_x+,0.006,0.006,0.0,0.0,1,1,,1,1,0.33333333333333337,3.914262533187866,0.0,0.0,0.0,0.0018514891853556037,0.08870420738382434
StackCube-v1,1,15,0.2727272727272727,bd7d13e3bbdbfee30653a6dd861b37964940e0678c3788fe605b68b578c92855,2,0.006,object_pos_x-,0.006,-0.006,0.0,0.0,1,1,,1,1,0.33333333333333337,3.914262533187866,0.0,0.0,0.0,0.0018514891853556037,0.08870420738382434
StackCube-v1,1,15,0.2727272727272727,bd7d13e3bbdbfee30653a6dd861b37964940e0678c3788fe605b68b578c92855,2,0.006,object_pos_y+,0.006,0.0,0.006,0.0,1,1,,1,1,0.33333333333333337,3.914262533187866,0.0,0.0,0.0,0.0018514891853556037,0.08870420738382434
StackCube-v1,1,15,0.2727272727272727,bd7d13e3bbdbfee30653a6dd861b37964940e0678c3788fe605b68b578c92855,2,0.006,object_pos_y-,0.006,0.0,-0.006,0.0,1,1,,1,1,0.33333333333333337,3.914262533187866,0.0,0.0,0.0,0.0018514891853556037,0.08870420738382434
StackCube-v1,1,15,0.2727272727272727,bd7d13e3bbdbfee30653a6dd861b37964940e0678c3788fe605b68b578c92855,2,0.006,eef_joint_1+,0.04,0.0,0.04,0.0,0,1,,1,1,0.33333333333333337,3.914262533187866,0.0,0.0,0.0,0.0018514891853556037,0.08870420738382434
StackCube-v1,1,15,0.2727272727272727,bd7d13e3bbdbfee30653a6dd861b37964940e0678c3788fe605b68b578c92855,2,0.006,eef_joint_1-,0.04,0.0,-0.04,0.0,0,1,,1,1,0.33333333333333337,3.914262533187866,0.0,0.0,0.0,0.0018514891853556037,0.08870420738382434
StackCube-v1,1,20,0.36363636363636365,ef68d320cfa089910f6a17210a64840b7444b2c74f7082f61542c2189deda4d4,0,0.0015,object_pos_x+,0.0015,0.0015,0.0,0.0,1,1,,1,1,0.0,3.914262533187866,0.0,0.0,0.0,0.000605821143835783,0.08830848948415185
StackCube-v1,1,20,0.36363636363636365,ef68d320cfa089910f6a17210a64840b7444b2c74f7082f61542c2189deda4d4,0,0.0015,object_pos_x-,0.0015,-0.0015,0.0,0.0,1,1,,1,1,0.0,3.914262533187866,0.0,0.0,0.0,0.000605821143835783,0.08830848948415185
StackCube-v1,1,20,0.36363636363636365,ef68d320cfa089910f6a17210a64840b7444b2c74f7082f61542c2189deda4d4,0,0.0015,object_pos_y+,0.0015,0.0,0.0015,0.0,1,1,,1,1,0.0,3.914262533187866,0.0,0.0,0.0,0.000605821143835783,0.08830848948415185
StackCube-v1,1,20,0.36363636363636365,ef68d320cfa089910f6a17210a64840b7444b2c74f7082f61542c2189deda4d4,0,0.0015,object_pos_y-,0.0015,0.0,-0.0015,0.0,1,1,,1,1,0.0,3.914262533187866,0.0,0.0,0.0,0.000605821143835783,0.08830848948415185
StackCube-v1,1,20,0.36363636363636365,ef68d320cfa089910f6a17210a64840b7444b2c74f7082f61542c2189deda4d4,0,0.0015,eef_joint_1+,0.01,0.0,0.01,0.0,1,1,,1,1,0.0,3.914262533187866,0.0,0.0,0.0,0.000605821143835783,0.08830848948415185
StackCube-v1,1,20,0.36363636363636365,ef68d320cfa089910f6a17210a64840b7444b2c74f7082f61542c2189deda4d4,0,0.0015,eef_joint_1-,0.01,0.0,-0.01,0.0,1,1,,1,1,0.0,3.914262533187866,0.0,0.0,0.0,0.000605821143835783,0.08830848948415185
StackCube-v1,1,20,0.36363636363636365,ef68d320cfa089910f6a17210a64840b7444b2c74f7082f61542c2189deda4d4,1,0.003,object_pos_x+,0.003,0.003,0.0,0.0,1,1,,1,1,0.33333333333333337,3.914262533187866,0.0,0.0,0.0,0.000605821143835783,0.08830848948415185
StackCube-v1,1,20,0.36363636363636365,ef68d320cfa089910f6a17210a64840b7444b2c74f7082f61542c2189deda4d4,1,0.003,object_pos_x-,0.003,-0.003,0.0,0.0,1,1,,1,1,0.33333333333333337,3.914262533187866,0.0,0.0,0.0,0.000605821143835783,0.08830848948415185
StackCube-v1,1,20,0.36363636363636365,ef68d320cfa089910f6a17210a64840b7444b2c74f7082f61542c2189deda4d4,1,0.003,object_pos_y+,0.003,0.0,0.003,0.0,1,1,,1,1,0.33333333333333337,3.914262533187866,0.0,0.0,0.0,0.000605821143835783,0.08830848948415185
StackCube-v1,1,20,0.36363636363636365,ef68d320cfa089910f6a17210a64840b7444b2c74f7082f61542c2189deda4d4,1,0.003,object_pos_y-,0.003,0.0,-0.003,0.0,1,1,,1,1,0.33333333333333337,3.914262533187866,0.0,0.0,0.0,0.000605821143835783,0.08830848948415185
StackCube-v1,1,20,0.36363636363636365,ef68d320cfa089910f6a17210a64840b7444b2c74f7082f61542c2189deda4d4,1,0.003,eef_joint_1+,0.02,0.0,0.02,0.0,0,1,,1,1,0.33333333333333337,3.914262533187866,0.0,0.0,0.0,0.000605821143835783,0.08830848948415185
StackCube-v1,1,20,0.36363636363636365,ef68d320cfa089910f6a17210a64840b7444b2c74f7082f61542c2189deda4d4,1,0.003,eef_joint_1-,0.02,0.0,-0.02,0.0,0,1,,1,1,0.33333333333333337,3.914262533187866,0.0,0.0,0.0,0.000605821143835783,0.08830848948415185
StackCube-v1,1,20,0.36363636363636365,ef68d320cfa089910f6a17210a64840b7444b2c74f7082f61542c2189deda4d4,2,0.006,object_pos_x+,0.006,0.006,0.0,0.0,1,1,,1,1,0.33333333333333337,3.914262533187866,0.0,0.0,0.0,0.000605821143835783,0.08830848948415185
StackCube-v1,1,20,0.36363636363636365,ef68d320cfa089910f6a17210a64840b7444b2c74f7082f61542c2189deda4d4,2,0.006,object_pos_x-,0.006,-0.006,0.0,0.0,1,1,,1,1,0.33333333333333337,3.914262533187866,0.0,0.0,0.0,0.000605821143835783,0.08830848948415185
StackCube-v1,1,20,0.36363636363636365,ef68d320cfa089910f6a17210a64840b7444b2c74f7082f61542c2189deda4d4,2,0.006,object_pos_y+,0.006,0.0,0.006,0.0,1,1,,1,1,0.33333333333333337,3.914262533187866,0.0,0.0,0.0,0.000605821143835783,0.08830848948415185
StackCube-v1,1,20,0.36363636363636365,ef68d320cfa089910f6a17210a64840b7444b2c74f7082f61542c2189deda4d4,2,0.006,object_pos_y-,0.006,0.0,-0.006,0.0,1,1,,1,1,0.33333333333333337,3.914262533187866,0.0,0.0,0.0,0.000605821143835783,0.08830848948415185
StackCube-v1,1,20,0.36363636363636365,ef68d320cfa089910f6a17210a64840b7444b2c74f7082f61542c2189deda4d4,2,0.006,eef_joint_1+,0.04,0.0,0.04,0.0,0,1,,1,1,0.33333333333333337,3.914262533187866,0.0,0.0,0.0,0.000605821143835783,0.08830848948415185
StackCube-v1,1,20,0.36363636363636365,ef68d320cfa089910f6a17210a64840b7444b2c74f7082f61542c2189deda4d4,2,0.006,eef_joint_1-,0.04,0.0,-0.04,0.0,0,1,,1,1,0.33333333333333337,3.914262533187866,0.0,0.0,0.0,0.000605821143835783,0.08830848948415185
StackCube-v1,1,25,0.45454545454545453,9404bedb473e68ba668819c2116b6b02aa70ff375abfb9c2794c391900270b5d,0,0.0015,object_pos_x+,0.0015,0.0015,0.0,0.0,1,1,,1,1,0.0,3.917480230331421,0.0,0.14000003039836884,0.0,0.000593697011936456,0.06830342231752837
StackCube-v1,1,25,0.45454545454545453,9404bedb473e68ba668819c2116b6b02aa70ff375abfb9c2794c391900270b5d,0,0.0015,object_pos_x-,0.0015,-0.0015,0.0,0.0,1,1,,1,1,0.0,3.917480230331421,0.0,0.14000003039836884,0.0,0.000593697011936456,0.06830342231752837
StackCube-v1,1,25,0.45454545454545453,9404bedb473e68ba668819c2116b6b02aa70ff375abfb9c2794c391900270b5d,0,0.0015,object_pos_y+,0.0015,0.0,0.0015,0.0,1,1,,1,1,0.0,3.917480230331421,0.0,0.14000003039836884,0.0,0.000593697011936456,0.06830342231752837
StackCube-v1,1,25,0.45454545454545453,9404bedb473e68ba668819c2116b6b02aa70ff375abfb9c2794c391900270b5d,0,0.0015,object_pos_y-,0.0015,0.0,-0.0015,0.0,1,1,,1,1,0.0,3.917480230331421,0.0,0.14000003039836884,0.0,0.000593697011936456,0.06830342231752837
StackCube-v1,1,25,0.45454545454545453,9404bedb473e68ba668819c2116b6b02aa70ff375abfb9c2794c391900270b5d,0,0.0015,eef_joint_1+,0.01,0.0,0.01,0.0,1,1,,1,1,0.0,3.917480230331421,0.0,0.14000003039836884,0.0,0.000593697011936456,0.06830342231752837
StackCube-v1,1,25,0.45454545454545453,9404bedb473e68ba668819c2116b6b02aa70ff375abfb9c2794c391900270b5d,0,0.0015,eef_joint_1-,0.01,0.0,-0.01,0.0,1,1,,1,1,0.0,3.917480230331421,0.0,0.14000003039836884,0.0,0.000593697011936456,0.06830342231752837
StackCube-v1,1,25,0.45454545454545453,9404bedb473e68ba668819c2116b6b02aa70ff375abfb9c2794c391900270b5d,1,0.003,object_pos_x+,0.003,0.003,0.0,0.0,1,1,,1,1,0.33333333333333337,3.917480230331421,0.0,0.14000003039836884,0.0,0.000593697011936456,0.06830342231752837
StackCube-v1,1,25,0.45454545454545453,9404bedb473e68ba668819c2116b6b02aa70ff375abfb9c2794c391900270b5d,1,0.003,object_pos_x-,0.003,-0.003,0.0,0.0,1,1,,1,1,0.33333333333333337,3.917480230331421,0.0,0.14000003039836884,0.0,0.000593697011936456,0.06830342231752837
StackCube-v1,1,25,0.45454545454545453,9404bedb473e68ba668819c2116b6b02aa70ff375abfb9c2794c391900270b5d,1,0.003,object_pos_y+,0.003,0.0,0.003,0.0,1,1,,1,1,0.33333333333333337,3.917480230331421,0.0,0.14000003039836884,0.0,0.000593697011936456,0.06830342231752837
StackCube-v1,1,25,0.45454545454545453,9404bedb473e68ba668819c2116b6b02aa70ff375abfb9c2794c391900270b5d,1,0.003,object_pos_y-,0.003,0.0,-0.003,0.0,1,1,,1,1,0.33333333333333337,3.917480230331421,0.0,0.14000003039836884,0.0,0.000593697011936456,0.06830342231752837
StackCube-v1,1,25,0.45454545454545453,9404bedb473e68ba668819c2116b6b02aa70ff375abfb9c2794c391900270b5d,1,0.003,eef_joint_1+,0.02,0.0,0.02,0.0,0,1,,1,1,0.33333333333333337,3.917480230331421,0.0,0.14000003039836884,0.0,0.000593697011936456,0.06830342231752837
StackCube-v1,1,25,0.45454545454545453,9404bedb473e68ba668819c2116b6b02aa70ff375abfb9c2794c391900270b5d,1,0.003,eef_joint_1-,0.02,0.0,-0.02,0.0,0,1,,1,1,0.33333333333333337,3.917480230331421,0.0,0.14000003039836884,0.0,0.000593697011936456,0.06830342231752837
StackCube-v1,1,25,0.45454545454545453,9404bedb473e68ba668819c2116b6b02aa70ff375abfb9c2794c391900270b5d,2,0.006,object_pos_x+,0.006,0.006,0.0,0.0,1,1,,1,1,0.33333333333333337,3.917480230331421,0.0,0.14000003039836884,0.0,0.000593697011936456,0.06830342231752837
StackCube-v1,1,25,0.45454545454545453,9404bedb473e68ba668819c2116b6b02aa70ff375abfb9c2794c391900270b5d,2,0.006,object_pos_x-,0.006,-0.006,0.0,0.0,1,1,,1,1,0.33333333333333337,3.917480230331421,0.0,0.14000003039836884,0.0,0.000593697011936456,0.06830342231752837
StackCube-v1,1,25,0.45454545454545453,9404bedb473e68ba668819c2116b6b02aa70ff375abfb9c2794c391900270b5d,2,0.006,object_pos_y+,0.006,0.0,0.006,0.0,1,1,,1,1,0.33333333333333337,3.917480230331421,0.0,0.14000003039836884,0.0,0.000593697011936456,0.06830342231752837
StackCube-v1,1,25,0.45454545454545453,9404bedb473e68ba668819c2116b6b02aa70ff375abfb9c2794c391900270b5d,2,0.006,object_pos_y-,0.006,0.0,-0.006,0.0,1,1,,1,1,0.33333333333333337,3.917480230331421,0.0,0.14000003039836884,0.0,0.000593697011936456,0.06830342231752837
StackCube-v1,1,25,0.45454545454545453,9404bedb473e68ba668819c2116b6b02aa70ff375abfb9c2794c391900270b5d,2,0.006,eef_joint_1+,0.04,0.0,0.04,0.0,0,1,,1,1,0.33333333333333337,3.917480230331421,0.0,0.14000003039836884,0.0,0.000593697011936456,0.06830342231752837
StackCube-v1,1,25,0.45454545454545453,9404bedb473e68ba668819c2116b6b02aa70ff375abfb9c2794c391900270b5d,2,0.006,eef_joint_1-,0.04,0.0,-0.04,0.0,0,1,,1,1,0.33333333333333337,3.917480230331421,0.0,0.14000003039836884,0.0,0.000593697011936456,0.06830342231752837
StackCube-v1,1,30,0.5454545454545454,6d294065f88173b73201bd4fa5d3b051fb37754be1308750092bf39cab6fde4a,0,0.0015,object_pos_x+,0.0015,0.0015,0.0,0.0,1,1,,1,1,0.0,3.917480230331421,0.0,0.0,0.0,0.0005983985029160976,0.12992629318233742
StackCube-v1,1,30,0.5454545454545454,6d294065f88173b73201bd4fa5d3b051fb37754be1308750092bf39cab6fde4a,0,0.0015,object_pos_x-,0.0015,-0.0015,0.0,0.0,1,1,,1,1,0.0,3.917480230331421,0.0,0.0,0.0,0.0005983985029160976,0.12992629318233742
StackCube-v1,1,30,0.5454545454545454,6d294065f88173b73201bd4fa5d3b051fb37754be1308750092bf39cab6fde4a,0,0.0015,object_pos_y+,0.0015,0.0,0.0015,0.0,1,1,,1,1,0.0,3.917480230331421,0.0,0.0,0.0,0.0005983985029160976,0.12992629318233742
StackCube-v1,1,30,0.5454545454545454,6d294065f88173b73201bd4fa5d3b051fb37754be1308750092bf39cab6fde4a,0,0.0015,object_pos_y-,0.0015,0.0,-0.0015,0.0,1,1,,1,1,0.0,3.917480230331421,0.0,0.0,0.0,0.0005983985029160976,0.12992629318233742
StackCube-v1,1,30,0.5454545454545454,6d294065f88173b73201bd4fa5d3b051fb37754be1308750092bf39cab6fde4a,0,0.0015,eef_joint_1+,0.01,0.0,0.01,0.0,1,1,,1,1,0.0,3.917480230331421,0.0,0.0,0.0,0.0005983985029160976,0.12992629318233742
StackCube-v1,1,30,0.5454545454545454,6d294065f88173b73201bd4fa5d3b051fb37754be1308750092bf39cab6fde4a,0,0.0015,eef_joint_1-,0.01,0.0,-0.01,0.0,1,1,,1,1,0.0,3.917480230331421,0.0,0.0,0.0,0.0005983985029160976,0.12992629318233742
StackCube-v1,1,30,0.5454545454545454,6d294065f88173b73201bd4fa5d3b051fb37754be1308750092bf39cab6fde4a,1,0.003,object_pos_x+,0.003,0.003,0.0,0.0,1,1,,1,1,0.16666666666666663,3.917480230331421,0.0,0.0,0.0,0.0005983985029160976,0.12992629318233742
StackCube-v1,1,30,0.5454545454545454,6d294065f88173b73201bd4fa5d3b051fb37754be1308750092bf39cab6fde4a,1,0.003,object_pos_x-,0.003,-0.003,0.0,0.0,1,1,,1,1,0.16666666666666663,3.917480230331421,0.0,0.0,0.0,0.0005983985029160976,0.12992629318233742
StackCube-v1,1,30,0.5454545454545454,6d294065f88173b73201bd4fa5d3b051fb37754be1308750092bf39cab6fde4a,1,0.003,object_pos_y+,0.003,0.0,0.003,0.0,1,1,,1,1,0.16666666666666663,3.917480230331421,0.0,0.0,0.0,0.0005983985029160976,0.12992629318233742
StackCube-v1,1,30,0.5454545454545454,6d294065f88173b73201bd4fa5d3b051fb37754be1308750092bf39cab6fde4a,1,0.003,object_pos_y-,0.003,0.0,-0.003,0.0,1,1,,1,1,0.16666666666666663,3.917480230331421,0.0,0.0,0.0,0.0005983985029160976,0.12992629318233742
StackCube-v1,1,30,0.5454545454545454,6d294065f88173b73201bd4fa5d3b051fb37754be1308750092bf39cab6fde4a,1,0.003,eef_joint_1+,0.02,0.0,0.02,0.0,1,1,,1,1,0.16666666666666663,3.917480230331421,0.0,0.0,0.0,0.0005983985029160976,0.12992629318233742
StackCube-v1,1,30,0.5454545454545454,6d294065f88173b73201bd4fa5d3b051fb37754be1308750092bf39cab6fde4a,1,0.003,eef_joint_1-,0.02,0.0,-0.02,0.0,0,1,,1,1,0.16666666666666663,3.917480230331421,0.0,0.0,0.0,0.0005983985029160976,0.12992629318233742
StackCube-v1,1,30,0.5454545454545454,6d294065f88173b73201bd4fa5d3b051fb37754be1308750092bf39cab6fde4a,2,0.006,object_pos_x+,0.006,0.006,0.0,0.0,1,1,,1,1,0.33333333333333337,3.917480230331421,0.0,0.0,0.0,0.0005983985029160976,0.12992629318233742
StackCube-v1,1,30,0.5454545454545454,6d294065f88173b73201bd4fa5d3b051fb37754be1308750092bf39cab6fde4a,2,0.006,object_pos_x-,0.006,-0.006,0.0,0.0,1,1,,1,1,0.33333333333333337,3.917480230331421,0.0,0.0,0.0,0.0005983985029160976,0.12992629318233742
StackCube-v1,1,30,0.5454545454545454,6d294065f88173b73201bd4fa5d3b051fb37754be1308750092bf39cab6fde4a,2,0.006,object_pos_y+,0.006,0.0,0.006,0.0,1,1,,1,1,0.33333333333333337,3.917480230331421,0.0,0.0,0.0,0.0005983985029160976,0.12992629318233742
StackCube-v1,1,30,0.5454545454545454,6d294065f88173b73201bd4fa5d3b051fb37754be1308750092bf39cab6fde4a,2,0.006,object_pos_y-,0.006,0.0,-0.006,0.0,1,1,,1,1,0.33333333333333337,3.917480230331421,0.0,0.0,0.0,0.0005983985029160976,0.12992629318233742
StackCube-v1,1,30,0.5454545454545454,6d294065f88173b73201bd4fa5d3b051fb37754be1308750092bf39cab6fde4a,2,0.006,eef_joint_1+,0.04,0.0,0.04,0.0,0,1,,1,1,0.33333333333333337,3.917480230331421,0.0,0.0,0.0,0.0005983985029160976,0.12992629318233742
StackCube-v1,1,30,0.5454545454545454,6d294065f88173b73201bd4fa5d3b051fb37754be1308750092bf39cab6fde4a,2,0.006,eef_joint_1-,0.04,0.0,-0.04,0.0,0,1,,1,1,0.33333333333333337,3.917480230331421,0.0,0.0,0.0,0.0005983985029160976,0.12992629318233742
StackCube-v1,1,35,0.6363636363636364,d00cd94949f218d041178f61d5094e4ef92dbb9bbb180e9c453cf7a096ff3d4e,0,0.0015,object_pos_x+,0.0015,0.0015,0.0,0.0,1,1,,1,1,0.0,3.905477523803711,0.0,0.0,0.0,0.0006014787941239774,0.08714735475576714
StackCube-v1,1,35,0.6363636363636364,d00cd94949f218d041178f61d5094e4ef92dbb9bbb180e9c453cf7a096ff3d4e,0,0.0015,object_pos_x-,0.0015,-0.0015,0.0,0.0,1,1,,1,1,0.0,3.905477523803711,0.0,0.0,0.0,0.0006014787941239774,0.08714735475576714
StackCube-v1,1,35,0.6363636363636364,d00cd94949f218d041178f61d5094e4ef92dbb9bbb180e9c453cf7a096ff3d4e,0,0.0015,object_pos_y+,0.0015,0.0,0.0015,0.0,1,1,,1,1,0.0,3.905477523803711,0.0,0.0,0.0,0.0006014787941239774,0.08714735475576714
StackCube-v1,1,35,0.6363636363636364,d00cd94949f218d041178f61d5094e4ef92dbb9bbb180e9c453cf7a096ff3d4e,0,0.0015,object_pos_y-,0.0015,0.0,-0.0015,0.0,1,1,,1,1,0.0,3.905477523803711,0.0,0.0,0.0,0.0006014787941239774,0.08714735475576714
StackCube-v1,1,35,0.6363636363636364,d00cd94949f218d041178f61d5094e4ef92dbb9bbb180e9c453cf7a096ff3d4e,0,0.0015,eef_joint_1+,0.01,0.0,0.01,0.0,1,1,,1,1,0.0,3.905477523803711,0.0,0.0,0.0,0.0006014787941239774,0.08714735475576714
StackCube-v1,1,35,0.6363636363636364,d00cd94949f218d041178f61d5094e4ef92dbb9bbb180e9c453cf7a096ff3d4e,0,0.0015,eef_joint_1-,0.01,0.0,-0.01,0.0,1,1,,1,1,0.0,3.905477523803711,0.0,0.0,0.0,0.0006014787941239774,0.08714735475576714
StackCube-v1,1,35,0.6363636363636364,d00cd94949f218d041178f61d5094e4ef92dbb9bbb180e9c453cf7a096ff3d4e,1,0.003,object_pos_x+,0.003,0.003,0.0,0.0,1,1,,1,1,0.33333333333333337,3.905477523803711,0.0,0.0,0.0,0.0006014787941239774,0.08714735475576714
StackCube-v1,1,35,0.6363636363636364,d00cd94949f218d041178f61d5094e4ef92dbb9bbb180e9c453cf7a096ff3d4e,1,0.003,object_pos_x-,0.003,-0.003,0.0,0.0,1,1,,1,1,0.33333333333333337,3.905477523803711,0.0,0.0,0.0,0.0006014787941239774,0.08714735475576714
StackCube-v1,1,35,0.6363636363636364,d00cd94949f218d041178f61d5094e4ef92dbb9bbb180e9c453cf7a096ff3d4e,1,0.003,object_pos_y+,0.003,0.0,0.003,0.0,1,1,,1,1,0.33333333333333337,3.905477523803711,0.0,0.0,0.0,0.0006014787941239774,0.08714735475576714
StackCube-v1,1,35,0.6363636363636364,d00cd94949f218d041178f61d5094e4ef92dbb9bbb180e9c453cf7a096ff3d4e,1,0.003,object_pos_y-,0.003,0.0,-0.003,0.0,1,1,,1,1,0.33333333333333337,3.905477523803711,0.0,0.0,0.0,0.0006014787941239774,0.08714735475576714
StackCube-v1,1,35,0.6363636363636364,d00cd94949f218d041178f61d5094e4ef92dbb9bbb180e9c453cf7a096ff3d4e,1,0.003,eef_joint_1+,0.02,0.0,0.02,0.0,0,1,,1,1,0.33333333333333337,3.905477523803711,0.0,0.0,0.0,0.0006014787941239774,0.08714735475576714
StackCube-v1,1,35,0.6363636363636364,d00cd94949f218d041178f61d5094e4ef92dbb9bbb180e9c453cf7a096ff3d4e,1,0.003,eef_joint_1-,0.02,0.0,-0.02,0.0,0,1,,1,1,0.33333333333333337,3.905477523803711,0.0,0.0,0.0,0.0006014787941239774,0.08714735475576714
StackCube-v1,1,35,0.6363636363636364,d00cd94949f218d041178f61d5094e4ef92dbb9bbb180e9c453cf7a096ff3d4e,2,0.006,object_pos_x+,0.006,0.006,0.0,0.0,1,1,,1,1,0.16666666666666663,3.905477523803711,0.0,0.0,0.0,0.0006014787941239774,0.08714735475576714
StackCube-v1,1,35,0.6363636363636364,d00cd94949f218d041178f61d5094e4ef92dbb9bbb180e9c453cf7a096ff3d4e,2,0.006,object_pos_x-,0.006,-0.006,0.0,0.0,1,1,,1,1,0.16666666666666663,3.905477523803711,0.0,0.0,0.0,0.0006014787941239774,0.08714735475576714
StackCube-v1,1,35,0.6363636363636364,d00cd94949f218d041178f61d5094e4ef92dbb9bbb180e9c453cf7a096ff3d4e,2,0.006,object_pos_y+,0.006,0.0,0.006,0.0,1,1,,1,1,0.16666666666666663,3.905477523803711,0.0,0.0,0.0,0.0006014787941239774,0.08714735475576714
StackCube-v1,1,35,0.6363636363636364,d00cd94949f218d041178f61d5094e4ef92dbb9bbb180e9c453cf7a096ff3d4e,2,0.006,object_pos_y-,0.006,0.0,-0.006,0.0,1,1,,1,1,0.16666666666666663,3.905477523803711,0.0,0.0,0.0,0.0006014787941239774,0.08714735475576714
StackCube-v1,1,35,0.6363636363636364,d00cd94949f218d041178f61d5094e4ef92dbb9bbb180e9c453cf7a096ff3d4e,2,0.006,eef_joint_1+,0.04,0.0,0.04,0.0,0,1,,1,1,0.16666666666666663,3.905477523803711,0.0,0.0,0.0,0.0006014787941239774,0.08714735475576714
StackCube-v1,1,35,0.6363636363636364,d00cd94949f218d041178f61d5094e4ef92dbb9bbb180e9c453cf7a096ff3d4e,2,0.006,eef_joint_1-,0.04,0.0,-0.04,0.0,1,1,,1,1,0.16666666666666663,3.905477523803711,0.0,0.0,0.0,0.0006014787941239774,0.08714735475576714
StackCube-v1,1,40,0.7272727272727273,7dc89dfd00d7f50ba4325eb2a91c1d822efb164f3035f94514d19411f85182b0,0,0.0015,object_pos_x+,0.0015,0.0015,0.0,0.0,1,1,,1,1,0.0,3.903428554534912,0.08000001311302185,0.08000001311302185,0.0,0.0005970415659248829,0.08034787050022359
StackCube-v1,1,40,0.7272727272727273,7dc89dfd00d7f50ba4325eb2a91c1d822efb164f3035f94514d19411f85182b0,0,0.0015,object_pos_x-,0.0015,-0.0015,0.0,0.0,1,1,,1,1,0.0,3.903428554534912,0.08000001311302185,0.08000001311302185,0.0,0.0005970415659248829,0.08034787050022359
StackCube-v1,1,40,0.7272727272727273,7dc89dfd00d7f50ba4325eb2a91c1d822efb164f3035f94514d19411f85182b0,0,0.0015,object_pos_y+,0.0015,0.0,0.0015,0.0,1,1,,1,1,0.0,3.903428554534912,0.08000001311302185,0.08000001311302185,0.0,0.0005970415659248829,0.08034787050022359
StackCube-v1,1,40,0.7272727272727273,7dc89dfd00d7f50ba4325eb2a91c1d822efb164f3035f94514d19411f85182b0,0,0.0015,object_pos_y-,0.0015,0.0,-0.0015,0.0,1,1,,1,1,0.0,3.903428554534912,0.08000001311302185,0.08000001311302185,0.0,0.0005970415659248829,0.08034787050022359
StackCube-v1,1,40,0.7272727272727273,7dc89dfd00d7f50ba4325eb2a91c1d822efb164f3035f94514d19411f85182b0,0,0.0015,eef_joint_1+,0.01,0.0,0.01,0.0,1,1,,1,1,0.0,3.903428554534912,0.08000001311302185,0.08000001311302185,0.0,0.0005970415659248829,0.08034787050022359
StackCube-v1,1,40,0.7272727272727273,7dc89dfd00d7f50ba4325eb2a91c1d822efb164f3035f94514d19411f85182b0,0,0.0015,eef_joint_1-,0.01,0.0,-0.01,0.0,1,1,,1,1,0.0,3.903428554534912,0.08000001311302185,0.08000001311302185,0.0,0.0005970415659248829,0.08034787050022359
StackCube-v1,1,40,0.7272727272727273,7dc89dfd00d7f50ba4325eb2a91c1d822efb164f3035f94514d19411f85182b0,1,0.003,object_pos_x+,0.003,0.003,0.0,0.0,1,1,,1,1,0.16666666666666663,3.903428554534912,0.08000001311302185,0.08000001311302185,0.0,0.0005970415659248829,0.08034787050022359
StackCube-v1,1,40,0.7272727272727273,7dc89dfd00d7f50ba4325eb2a91c1d822efb164f3035f94514d19411f85182b0,1,0.003,object_pos_x-,0.003,-0.003,0.0,0.0,1,1,,1,1,0.16666666666666663,3.903428554534912,0.08000001311302185,0.08000001311302185,0.0,0.0005970415659248829,0.08034787050022359
StackCube-v1,1,40,0.7272727272727273,7dc89dfd00d7f50ba4325eb2a91c1d822efb164f3035f94514d19411f85182b0,1,0.003,object_pos_y+,0.003,0.0,0.003,0.0,1,1,,1,1,0.16666666666666663,3.903428554534912,0.08000001311302185,0.08000001311302185,0.0,0.0005970415659248829,0.08034787050022359
StackCube-v1,1,40,0.7272727272727273,7dc89dfd00d7f50ba4325eb2a91c1d822efb164f3035f94514d19411f85182b0,1,0.003,object_pos_y-,0.003,0.0,-0.003,0.0,1,1,,1,1,0.16666666666666663,3.903428554534912,0.08000001311302185,0.08000001311302185,0.0,0.0005970415659248829,0.08034787050022359
StackCube-v1,1,40,0.7272727272727273,7dc89dfd00d7f50ba4325eb2a91c1d822efb164f3035f94514d19411f85182b0,1,0.003,eef_joint_1+,0.02,0.0,0.02,0.0,1,1,,1,1,0.16666666666666663,3.903428554534912,0.08000001311302185,0.08000001311302185,0.0,0.0005970415659248829,0.08034787050022359
StackCube-v1,1,40,0.7272727272727273,7dc89dfd00d7f50ba4325eb2a91c1d822efb164f3035f94514d19411f85182b0,1,0.003,eef_joint_1-,0.02,0.0,-0.02,0.0,0,1,,1,1,0.16666666666666663,3.903428554534912,0.08000001311302185,0.08000001311302185,0.0,0.0005970415659248829,0.08034787050022359
StackCube-v1,1,40,0.7272727272727273,7dc89dfd00d7f50ba4325eb2a91c1d822efb164f3035f94514d19411f85182b0,2,0.006,object_pos_x+,0.006,0.006,0.0,0.0,1,1,,1,1,0.16666666666666663,3.903428554534912,0.08000001311302185,0.08000001311302185,0.0,0.0005970415659248829,0.08034787050022359
StackCube-v1,1,40,0.7272727272727273,7dc89dfd00d7f50ba4325eb2a91c1d822efb164f3035f94514d19411f85182b0,2,0.006,object_pos_x-,0.006,-0.006,0.0,0.0,1,1,,1,1,0.16666666666666663,3.903428554534912,0.08000001311302185,0.08000001311302185,0.0,0.0005970415659248829,0.08034787050022359
StackCube-v1,1,40,0.7272727272727273,7dc89dfd00d7f50ba4325eb2a91c1d822efb164f3035f94514d19411f85182b0,2,0.006,object_pos_y+,0.006,0.0,0.006,0.0,1,1,,1,1,0.16666666666666663,3.903428554534912,0.08000001311302185,0.08000001311302185,0.0,0.0005970415659248829,0.08034787050022359
StackCube-v1,1,40,0.7272727272727273,7dc89dfd00d7f50ba4325eb2a91c1d822efb164f3035f94514d19411f85182b0,2,0.006,object_pos_y-,0.006,0.0,-0.006,0.0,1,1,,1,1,0.16666666666666663,3.903428554534912,0.08000001311302185,0.08000001311302185,0.0,0.0005970415659248829,0.08034787050022359
StackCube-v1,1,40,0.7272727272727273,7dc89dfd00d7f50ba4325eb2a91c1d822efb164f3035f94514d19411f85182b0,2,0.006,eef_joint_1+,0.04,0.0,0.04,0.0,1,1,,1,1,0.16666666666666663,3.903428554534912,0.08000001311302185,0.08000001311302185,0.0,0.0005970415659248829,0.08034787050022359
StackCube-v1,1,40,0.7272727272727273,7dc89dfd00d7f50ba4325eb2a91c1d822efb164f3035f94514d19411f85182b0,2,0.006,eef_joint_1-,0.04,0.0,-0.04,0.0,0,1,,1,1,0.16666666666666663,3.903428554534912,0.08000001311302185,0.08000001311302185,0.0,0.0005970415659248829,0.08034787050022359
StackCube-v1,1,45,0.8181818181818182,31125c9d9635a93c121a2d0d0de7e00f2f7f0bf309e2f895b2718236471d480d,0,0.0015,object_pos_x+,0.0015,0.0015,0.0,0.0,1,1,,1,1,0.0,3.903428554534912,0.0,0.0,0.0,0.0005956765962764621,0.004285557112232654
StackCube-v1,1,45,0.8181818181818182,31125c9d9635a93c121a2d0d0de7e00f2f7f0bf309e2f895b2718236471d480d,0,0.0015,object_pos_x-,0.0015,-0.0015,0.0,0.0,1,1,,1,1,0.0,3.903428554534912,0.0,0.0,0.0,0.0005956765962764621,0.004285557112232654
StackCube-v1,1,45,0.8181818181818182,31125c9d9635a93c121a2d0d0de7e00f2f7f0bf309e2f895b2718236471d480d,0,0.0015,object_pos_y+,0.0015,0.0,0.0015,0.0,1,1,,1,1,0.0,3.903428554534912,0.0,0.0,0.0,0.0005956765962764621,0.004285557112232654
StackCube-v1,1,45,0.8181818181818182,31125c9d9635a93c121a2d0d0de7e00f2f7f0bf309e2f895b2718236471d480d,0,0.0015,object_pos_y-,0.0015,0.0,-0.0015,0.0,1,1,,1,1,0.0,3.903428554534912,0.0,0.0,0.0,0.0005956765962764621,0.004285557112232654
StackCube-v1,1,45,0.8181818181818182,31125c9d9635a93c121a2d0d0de7e00f2f7f0bf309e2f895b2718236471d480d,0,0.0015,eef_joint_1+,0.01,0.0,0.01,0.0,1,1,,1,1,0.0,3.903428554534912,0.0,0.0,0.0,0.0005956765962764621,0.004285557112232654
StackCube-v1,1,45,0.8181818181818182,31125c9d9635a93c121a2d0d0de7e00f2f7f0bf309e2f895b2718236471d480d,0,0.0015,eef_joint_1-,0.01,0.0,-0.01,0.0,1,1,,1,1,0.0,3.903428554534912,0.0,0.0,0.0,0.0005956765962764621,0.004285557112232654
StackCube-v1,1,45,0.8181818181818182,31125c9d9635a93c121a2d0d0de7e00f2f7f0bf309e2f895b2718236471d480d,1,0.003,object_pos_x+,0.003,0.003,0.0,0.0,1,1,,1,1,0.0,3.903428554534912,0.0,0.0,0.0,0.0005956765962764621,0.004285557112232654
StackCube-v1,1,45,0.8181818181818182,31125c9d9635a93c121a2d0d0de7e00f2f7f0bf309e2f895b2718236471d480d,1,0.003,object_pos_x-,0.003,-0.003,0.0,0.0,1,1,,1,1,0.0,3.903428554534912,0.0,0.0,0.0,0.0005956765962764621,0.004285557112232654
StackCube-v1,1,45,0.8181818181818182,31125c9d9635a93c121a2d0d0de7e00f2f7f0bf309e2f895b2718236471d480d,1,0.003,object_pos_y+,0.003,0.0,0.003,0.0,1,1,,1,1,0.0,3.903428554534912,0.0,0.0,0.0,0.0005956765962764621,0.004285557112232654
StackCube-v1,1,45,0.8181818181818182,31125c9d9635a93c121a2d0d0de7e00f2f7f0bf309e2f895b2718236471d480d,1,0.003,object_pos_y-,0.003,0.0,-0.003,0.0,1,1,,1,1,0.0,3.903428554534912,0.0,0.0,0.0,0.0005956765962764621,0.004285557112232654
StackCube-v1,1,45,0.8181818181818182,31125c9d9635a93c121a2d0d0de7e00f2f7f0bf309e2f895b2718236471d480d,1,0.003,eef_joint_1+,0.02,0.0,0.02,0.0,1,1,,1,1,0.0,3.903428554534912,0.0,0.0,0.0,0.0005956765962764621,0.004285557112232654
StackCube-v1,1,45,0.8181818181818182,31125c9d9635a93c121a2d0d0de7e00f2f7f0bf309e2f895b2718236471d480d,1,0.003,eef_joint_1-,0.02,0.0,-0.02,0.0,1,1,,1,1,0.0,3.903428554534912,0.0,0.0,0.0,0.0005956765962764621,0.004285557112232654
StackCube-v1,1,45,0.8181818181818182,31125c9d9635a93c121a2d0d0de7e00f2f7f0bf309e2f895b2718236471d480d,2,0.006,object_pos_x+,0.006,0.006,0.0,0.0,1,1,,1,1,0.0,3.903428554534912,0.0,0.0,0.0,0.0005956765962764621,0.004285557112232654
StackCube-v1,1,45,0.8181818181818182,31125c9d9635a93c121a2d0d0de7e00f2f7f0bf309e2f895b2718236471d480d,2,0.006,object_pos_x-,0.006,-0.006,0.0,0.0,1,1,,1,1,0.0,3.903428554534912,0.0,0.0,0.0,0.0005956765962764621,0.004285557112232654
StackCube-v1,1,45,0.8181818181818182,31125c9d9635a93c121a2d0d0de7e00f2f7f0bf309e2f895b2718236471d480d,2,0.006,object_pos_y+,0.006,0.0,0.006,0.0,1,1,,1,1,0.0,3.903428554534912,0.0,0.0,0.0,0.0005956765962764621,0.004285557112232654
StackCube-v1,1,45,0.8181818181818182,31125c9d9635a93c121a2d0d0de7e00f2f7f0bf309e2f895b2718236471d480d,2,0.006,object_pos_y-,0.006,0.0,-0.006,0.0,1,1,,1,1,0.0,3.903428554534912,0.0,0.0,0.0,0.0005956765962764621,0.004285557112232654
StackCube-v1,1,45,0.8181818181818182,31125c9d9635a93c121a2d0d0de7e00f2f7f0bf309e2f895b2718236471d480d,2,0.006,eef_joint_1+,0.04,0.0,0.04,0.0,1,1,,1,1,0.0,3.903428554534912,0.0,0.0,0.0,0.0005956765962764621,0.004285557112232654
StackCube-v1,1,45,0.8181818181818182,31125c9d9635a93c121a2d0d0de7e00f2f7f0bf309e2f895b2718236471d480d,2,0.006,eef_joint_1-,0.04,0.0,-0.04,0.0,1,1,,1,1,0.0,3.903428554534912,0.0,0.0,0.0,0.0005956765962764621,0.004285557112232654
StackCube-v1,1,50,0.9090909090909091,27f2354e3175323d55964f2b6257fd03fac430953e3a934256a2236fb6cba690,0,0.0015,object_pos_x+,0.0015,0.0015,0.0,0.0,1,1,,1,1,0.0,3.903428554534912,0.0,0.0,0.0,0.0003601267235353589,0.0007099703553331287
StackCube-v1,1,50,0.9090909090909091,27f2354e3175323d55964f2b6257fd03fac430953e3a934256a2236fb6cba690,0,0.0015,object_pos_x-,0.0015,-0.0015,0.0,0.0,1,1,,1,1,0.0,3.903428554534912,0.0,0.0,0.0,0.0003601267235353589,0.0007099703553331287
StackCube-v1,1,50,0.9090909090909091,27f2354e3175323d55964f2b6257fd03fac430953e3a934256a2236fb6cba690,0,0.0015,object_pos_y+,0.0015,0.0,0.0015,0.0,1,1,,1,1,0.0,3.903428554534912,0.0,0.0,0.0,0.0003601267235353589,0.0007099703553331287
StackCube-v1,1,50,0.9090909090909091,27f2354e3175323d55964f2b6257fd03fac430953e3a934256a2236fb6cba690,0,0.0015,object_pos_y-,0.0015,0.0,-0.0015,0.0,1,1,,1,1,0.0,3.903428554534912,0.0,0.0,0.0,0.0003601267235353589,0.0007099703553331287
StackCube-v1,1,50,0.9090909090909091,27f2354e3175323d55964f2b6257fd03fac430953e3a934256a2236fb6cba690,0,0.0015,eef_joint_1+,0.01,0.0,0.01,0.0,1,1,,1,1,0.0,3.903428554534912,0.0,0.0,0.0,0.0003601267235353589,0.0007099703553331287
StackCube-v1,1,50,0.9090909090909091,27f2354e3175323d55964f2b6257fd03fac430953e3a934256a2236fb6cba690,0,0.0015,eef_joint_1-,0.01,0.0,-0.01,0.0,1,1,,1,1,0.0,3.903428554534912,0.0,0.0,0.0,0.0003601267235353589,0.0007099703553331287
StackCube-v1,1,50,0.9090909090909091,27f2354e3175323d55964f2b6257fd03fac430953e3a934256a2236fb6cba690,1,0.003,object_pos_x+,0.003,0.003,0.0,0.0,1,1,,1,1,0.0,3.903428554534912,0.0,0.0,0.0,0.0003601267235353589,0.0007099703553331287
StackCube-v1,1,50,0.9090909090909091,27f2354e3175323d55964f2b6257fd03fac430953e3a934256a2236fb6cba690,1,0.003,object_pos_x-,0.003,-0.003,0.0,0.0,1,1,,1,1,0.0,3.903428554534912,0.0,0.0,0.0,0.0003601267235353589,0.0007099703553331287
StackCube-v1,1,50,0.9090909090909091,27f2354e3175323d55964f2b6257fd03fac430953e3a934256a2236fb6cba690,1,0.003,object_pos_y+,0.003,0.0,0.003,0.0,1,1,,1,1,0.0,3.903428554534912,0.0,0.0,0.0,0.0003601267235353589,0.0007099703553331287
StackCube-v1,1,50,0.9090909090909091,27f2354e3175323d55964f2b6257fd03fac430953e3a934256a2236fb6cba690,1,0.003,object_pos_y-,0.003,0.0,-0.003,0.0,1,1,,1,1,0.0,3.903428554534912,0.0,0.0,0.0,0.0003601267235353589,0.0007099703553331287
StackCube-v1,1,50,0.9090909090909091,27f2354e3175323d55964f2b6257fd03fac430953e3a934256a2236fb6cba690,1,0.003,eef_joint_1+,0.02,0.0,0.02,0.0,1,1,,1,1,0.0,3.903428554534912,0.0,0.0,0.0,0.0003601267235353589,0.0007099703553331287
StackCube-v1,1,50,0.9090909090909091,27f2354e3175323d55964f2b6257fd03fac430953e3a934256a2236fb6cba690,1,0.003,eef_joint_1-,0.02,0.0,-0.02,0.0,1,1,,1,1,0.0,3.903428554534912,0.0,0.0,0.0,0.0003601267235353589,0.0007099703553331287
StackCube-v1,1,50,0.9090909090909091,27f2354e3175323d55964f2b6257fd03fac430953e3a934256a2236fb6cba690,2,0.006,object_pos_x+,0.006,0.006,0.0,0.0,1,1,,1,1,0.0,3.903428554534912,0.0,0.0,0.0,0.0003601267235353589,0.0007099703553331287
StackCube-v1,1,50,0.9090909090909091,27f2354e3175323d55964f2b6257fd03fac430953e3a934256a2236fb6cba690,2,0.006,object_pos_x-,0.006,-0.006,0.0,0.0,1,1,,1,1,0.0,3.903428554534912,0.0,0.0,0.0,0.0003601267235353589,0.0007099703553331287
StackCube-v1,1,50,0.9090909090909091,27f2354e3175323d55964f2b6257fd03fac430953e3a934256a2236fb6cba690,2,0.006,object_pos_y+,0.006,0.0,0.006,0.0,1,1,,1,1,0.0,3.903428554534912,0.0,0.0,0.0,0.0003601267235353589,0.0007099703553331287
StackCube-v1,1,50,0.9090909090909091,27f2354e3175323d55964f2b6257fd03fac430953e3a934256a2236fb6cba690,2,0.006,object_pos_y-,0.006,0.0,-0.006,0.0,1,1,,1,1,0.0,3.903428554534912,0.0,0.0,0.0,0.0003601267235353589,0.0007099703553331287
StackCube-v1,1,50,0.9090909090909091,27f2354e3175323d55964f2b6257fd03fac430953e3a934256a2236fb6cba690,2,0.006,eef_joint_1+,0.04,0.0,0.04,0.0,1,1,,1,1,0.0,3.903428554534912,0.0,0.0,0.0,0.0003601267235353589,0.0007099703553331287
StackCube-v1,1,50,0.9090909090909091,27f2354e3175323d55964f2b6257fd03fac430953e3a934256a2236fb6cba690,2,0.006,eef_joint_1-,0.04,0.0,-0.04,0.0,1,1,,1,1,0.0,3.903428554534912,0.0,0.0,0.0,0.0003601267235353589,0.0007099703553331287
StackCube-v1,1,55,1.0,b20b069b2ea4dfa1ac0f7981c9e6da27d5492c7530b85c77241e3d7464f58bd9,0,0.0015,object_pos_x+,0.0015,0.0015,0.0,0.0,1,1,,1,1,0.0,3.903428554534912,0.0,0.0,0.0,0.0006592274876311421,0.0007131951465839405
StackCube-v1,1,55,1.0,b20b069b2ea4dfa1ac0f7981c9e6da27d5492c7530b85c77241e3d7464f58bd9,0,0.0015,object_pos_x-,0.0015,-0.0015,0.0,0.0,1,1,,1,1,0.0,3.903428554534912,0.0,0.0,0.0,0.0006592274876311421,0.0007131951465839405
StackCube-v1,1,55,1.0,b20b069b2ea4dfa1ac0f7981c9e6da27d5492c7530b85c77241e3d7464f58bd9,0,0.0015,object_pos_y+,0.0015,0.0,0.0015,0.0,1,1,,1,1,0.0,3.903428554534912,0.0,0.0,0.0,0.0006592274876311421,0.0007131951465839405
StackCube-v1,1,55,1.0,b20b069b2ea4dfa1ac0f7981c9e6da27d5492c7530b85c77241e3d7464f58bd9,0,0.0015,object_pos_y-,0.0015,0.0,-0.0015,0.0,1,1,,1,1,0.0,3.903428554534912,0.0,0.0,0.0,0.0006592274876311421,0.0007131951465839405
StackCube-v1,1,55,1.0,b20b069b2ea4dfa1ac0f7981c9e6da27d5492c7530b85c77241e3d7464f58bd9,0,0.0015,eef_joint_1+,0.01,0.0,0.01,0.0,1,1,,1,1,0.0,3.903428554534912,0.0,0.0,0.0,0.0006592274876311421,0.0007131951465839405
StackCube-v1,1,55,1.0,b20b069b2ea4dfa1ac0f7981c9e6da27d5492c7530b85c77241e3d7464f58bd9,0,0.0015,eef_joint_1-,0.01,0.0,-0.01,0.0,1,1,,1,1,0.0,3.903428554534912,0.0,0.0,0.0,0.0006592274876311421,0.0007131951465839405
StackCube-v1,1,55,1.0,b20b069b2ea4dfa1ac0f7981c9e6da27d5492c7530b85c77241e3d7464f58bd9,1,0.003,object_pos_x+,0.003,0.003,0.0,0.0,1,1,,1,1,0.0,3.903428554534912,0.0,0.0,0.0,0.0006592274876311421,0.0007131951465839405
StackCube-v1,1,55,1.0,b20b069b2ea4dfa1ac0f7981c9e6da27d5492c7530b85c77241e3d7464f58bd9,1,0.003,object_pos_x-,0.003,-0.003,0.0,0.0,1,1,,1,1,0.0,3.903428554534912,0.0,0.0,0.0,0.0006592274876311421,0.0007131951465839405
StackCube-v1,1,55,1.0,b20b069b2ea4dfa1ac0f7981c9e6da27d5492c7530b85c77241e3d7464f58bd9,1,0.003,object_pos_y+,0.003,0.0,0.003,0.0,1,1,,1,1,0.0,3.903428554534912,0.0,0.0,0.0,0.0006592274876311421,0.0007131951465839405
StackCube-v1,1,55,1.0,b20b069b2ea4dfa1ac0f7981c9e6da27d5492c7530b85c77241e3d7464f58bd9,1,0.003,object_pos_y-,0.003,0.0,-0.003,0.0,1,1,,1,1,0.0,3.903428554534912,0.0,0.0,0.0,0.0006592274876311421,0.0007131951465839405
StackCube-v1,1,55,1.0,b20b069b2ea4dfa1ac0f7981c9e6da27d5492c7530b85c77241e3d7464f58bd9,1,0.003,eef_joint_1+,0.02,0.0,0.02,0.0,1,1,,1,1,0.0,3.903428554534912,0.0,0.0,0.0,0.0006592274876311421,0.0007131951465839405
StackCube-v1,1,55,1.0,b20b069b2ea4dfa1ac0f7981c9e6da27d5492c7530b85c77241e3d7464f58bd9,1,0.003,eef_joint_1-,0.02,0.0,-0.02,0.0,1,1,,1,1,0.0,3.903428554534912,0.0,0.0,0.0,0.0006592274876311421,0.0007131951465839405
StackCube-v1,1,55,1.0,b20b069b2ea4dfa1ac0f7981c9e6da27d5492c7530b85c77241e3d7464f58bd9,2,0.006,object_pos_x+,0.006,0.006,0.0,0.0,1,1,,1,1,0.0,3.903428554534912,0.0,0.0,0.0,0.0006592274876311421,0.0007131951465839405
StackCube-v1,1,55,1.0,b20b069b2ea4dfa1ac0f7981c9e6da27d5492c7530b85c77241e3d7464f58bd9,2,0.006,object_pos_x-,0.006,-0.006,0.0,0.0,1,1,,1,1,0.0,3.903428554534912,0.0,0.0,0.0,0.0006592274876311421,0.0007131951465839405
StackCube-v1,1,55,1.0,b20b069b2ea4dfa1ac0f7981c9e6da27d5492c7530b85c77241e3d7464f58bd9,2,0.006,object_pos_y+,0.006,0.0,0.006,0.0,1,1,,1,1,0.0,3.903428554534912,0.0,0.0,0.0,0.0006592274876311421,0.0007131951465839405
StackCube-v1,1,55,1.0,b20b069b2ea4dfa1ac0f7981c9e6da27d5492c7530b85c77241e3d7464f58bd9,2,0.006,object_pos_y-,0.006,0.0,-0.006,0.0,1,1,,1,1,0.0,3.903428554534912,0.0,0.0,0.0,0.0006592274876311421,0.0007131951465839405
StackCube-v1,1,55,1.0,b20b069b2ea4dfa1ac0f7981c9e6da27d5492c7530b85c77241e3d7464f58bd9,2,0.006,eef_joint_1+,0.04,0.0,0.04,0.0,1,1,,1,1,0.0,3.903428554534912,0.0,0.0,0.0,0.0006592274876311421,0.0007131951465839405
StackCube-v1,1,55,1.0,b20b069b2ea4dfa1ac0f7981c9e6da27d5492c7530b85c77241e3d7464f58bd9,2,0.006,eef_joint_1-,0.04,0.0,-0.04,0.0,1,1,,1,1,0.0,3.903428554534912,0.0,0.0,0.0,0.0006592274876311421,0.0007131951465839405
StackCube-v1,2,0,0.0,ff0494ff02d56f5b7e8da88b377a48912651c83cb29c77a83316d04b966449ee,0,0.0015,object_pos_x+,0.0015,0.0015,0.0,0.0,1,1,,1,1,0.0,4.069007396697998,4.069007396697998,4.069007396697998,1.0,0.1682267040014267,0.07196031157494469
StackCube-v1,2,0,0.0,ff0494ff02d56f5b7e8da88b377a48912651c83cb29c77a83316d04b966449ee,0,0.0015,object_pos_x-,0.0015,-0.0015,0.0,0.0,1,1,,1,1,0.0,4.069007396697998,4.069007396697998,4.069007396697998,1.0,0.1682267040014267,0.07196031157494469
StackCube-v1,2,0,0.0,ff0494ff02d56f5b7e8da88b377a48912651c83cb29c77a83316d04b966449ee,0,0.0015,object_pos_y+,0.0015,0.0,0.0015,0.0,1,1,,1,1,0.0,4.069007396697998,4.069007396697998,4.069007396697998,1.0,0.1682267040014267,0.07196031157494469
StackCube-v1,2,0,0.0,ff0494ff02d56f5b7e8da88b377a48912651c83cb29c77a83316d04b966449ee,0,0.0015,object_pos_y-,0.0015,0.0,-0.0015,0.0,1,1,,1,1,0.0,4.069007396697998,4.069007396697998,4.069007396697998,1.0,0.1682267040014267,0.07196031157494469
StackCube-v1,2,0,0.0,ff0494ff02d56f5b7e8da88b377a48912651c83cb29c77a83316d04b966449ee,0,0.0015,eef_joint_1+,0.01,0.0,0.01,0.0,1,1,,1,1,0.0,4.069007396697998,4.069007396697998,4.069007396697998,1.0,0.1682267040014267,0.07196031157494469
StackCube-v1,2,0,0.0,ff0494ff02d56f5b7e8da88b377a48912651c83cb29c77a83316d04b966449ee,0,0.0015,eef_joint_1-,0.01,0.0,-0.01,0.0,1,1,,1,1,0.0,4.069007396697998,4.069007396697998,4.069007396697998,1.0,0.1682267040014267,0.07196031157494469
StackCube-v1,2,0,0.0,ff0494ff02d56f5b7e8da88b377a48912651c83cb29c77a83316d04b966449ee,1,0.003,object_pos_x+,0.003,0.003,0.0,0.0,1,1,,1,1,0.0,4.069007396697998,4.069007396697998,4.069007396697998,1.0,0.1682267040014267,0.07196031157494469
StackCube-v1,2,0,0.0,ff0494ff02d56f5b7e8da88b377a48912651c83cb29c77a83316d04b966449ee,1,0.003,object_pos_x-,0.003,-0.003,0.0,0.0,1,1,,1,1,0.0,4.069007396697998,4.069007396697998,4.069007396697998,1.0,0.1682267040014267,0.07196031157494469
StackCube-v1,2,0,0.0,ff0494ff02d56f5b7e8da88b377a48912651c83cb29c77a83316d04b966449ee,1,0.003,object_pos_y+,0.003,0.0,0.003,0.0,1,1,,1,1,0.0,4.069007396697998,4.069007396697998,4.069007396697998,1.0,0.1682267040014267,0.07196031157494469
StackCube-v1,2,0,0.0,ff0494ff02d56f5b7e8da88b377a48912651c83cb29c77a83316d04b966449ee,1,0.003,object_pos_y-,0.003,0.0,-0.003,0.0,1,1,,1,1,0.0,4.069007396697998,4.069007396697998,4.069007396697998,1.0,0.1682267040014267,0.07196031157494469
StackCube-v1,2,0,0.0,ff0494ff02d56f5b7e8da88b377a48912651c83cb29c77a83316d04b966449ee,1,0.003,eef_joint_1+,0.02,0.0,0.02,0.0,1,1,,1,1,0.0,4.069007396697998,4.069007396697998,4.069007396697998,1.0,0.1682267040014267,0.07196031157494469
StackCube-v1,2,0,0.0,ff0494ff02d56f5b7e8da88b377a48912651c83cb29c77a83316d04b966449ee,1,0.003,eef_joint_1-,0.02,0.0,-0.02,0.0,1,1,,1,1,0.0,4.069007396697998,4.069007396697998,4.069007396697998,1.0,0.1682267040014267,0.07196031157494469
StackCube-v1,2,0,0.0,ff0494ff02d56f5b7e8da88b377a48912651c83cb29c77a83316d04b966449ee,2,0.006,object_pos_x+,0.006,0.006,0.0,0.0,1,1,,1,1,0.33333333333333337,4.069007396697998,4.069007396697998,4.069007396697998,1.0,0.1682267040014267,0.07196031157494469
StackCube-v1,2,0,0.0,ff0494ff02d56f5b7e8da88b377a48912651c83cb29c77a83316d04b966449ee,2,0.006,object_pos_x-,0.006,-0.006,0.0,0.0,1,1,,1,1,0.33333333333333337,4.069007396697998,4.069007396697998,4.069007396697998,1.0,0.1682267040014267,0.07196031157494469
StackCube-v1,2,0,0.0,ff0494ff02d56f5b7e8da88b377a48912651c83cb29c77a83316d04b966449ee,2,0.006,object_pos_y+,0.006,0.0,0.006,0.0,1,1,,1,1,0.33333333333333337,4.069007396697998,4.069007396697998,4.069007396697998,1.0,0.1682267040014267,0.07196031157494469
StackCube-v1,2,0,0.0,ff0494ff02d56f5b7e8da88b377a48912651c83cb29c77a83316d04b966449ee,2,0.006,object_pos_y-,0.006,0.0,-0.006,0.0,1,1,,1,1,0.33333333333333337,4.069007396697998,4.069007396697998,4.069007396697998,1.0,0.1682267040014267,0.07196031157494469
StackCube-v1,2,0,0.0,ff0494ff02d56f5b7e8da88b377a48912651c83cb29c77a83316d04b966449ee,2,0.006,eef_joint_1+,0.04,0.0,0.04,0.0,0,1,,1,1,0.33333333333333337,4.069007396697998,4.069007396697998,4.069007396697998,1.0,0.1682267040014267,0.07196031157494469
StackCube-v1,2,0,0.0,ff0494ff02d56f5b7e8da88b377a48912651c83cb29c77a83316d04b966449ee,2,0.006,eef_joint_1-,0.04,0.0,-0.04,0.0,0,1,,1,1,0.33333333333333337,4.069007396697998,4.069007396697998,4.069007396697998,1.0,0.1682267040014267,0.07196031157494469
StackCube-v1,2,5,0.09090909090909091,3a46944a78acea83664b3b9a50bd1bafbf5e093f57b224e31464a8ca86c216dd,0,0.0015,object_pos_x+,0.0015,0.0015,0.0,0.0,1,1,,1,1,0.0,4.069007396697998,0.0,0.0,0.0,0.06779327988624573,0.07196055519917428
StackCube-v1,2,5,0.09090909090909091,3a46944a78acea83664b3b9a50bd1bafbf5e093f57b224e31464a8ca86c216dd,0,0.0015,object_pos_x-,0.0015,-0.0015,0.0,0.0,1,1,,1,1,0.0,4.069007396697998,0.0,0.0,0.0,0.06779327988624573,0.07196055519917428
StackCube-v1,2,5,0.09090909090909091,3a46944a78acea83664b3b9a50bd1bafbf5e093f57b224e31464a8ca86c216dd,0,0.0015,object_pos_y+,0.0015,0.0,0.0015,0.0,1,1,,1,1,0.0,4.069007396697998,0.0,0.0,0.0,0.06779327988624573,0.07196055519917428
StackCube-v1,2,5,0.09090909090909091,3a46944a78acea83664b3b9a50bd1bafbf5e093f57b224e31464a8ca86c216dd,0,0.0015,object_pos_y-,0.0015,0.0,-0.0015,0.0,1,1,,1,1,0.0,4.069007396697998,0.0,0.0,0.0,0.06779327988624573,0.07196055519917428
StackCube-v1,2,5,0.09090909090909091,3a46944a78acea83664b3b9a50bd1bafbf5e093f57b224e31464a8ca86c216dd,0,0.0015,eef_joint_1+,0.01,0.0,0.01,0.0,1,1,,1,1,0.0,4.069007396697998,0.0,0.0,0.0,0.06779327988624573,0.07196055519917428
StackCube-v1,2,5,0.09090909090909091,3a46944a78acea83664b3b9a50bd1bafbf5e093f57b224e31464a8ca86c216dd,0,0.0015,eef_joint_1-,0.01,0.0,-0.01,0.0,1,1,,1,1,0.0,4.069007396697998,0.0,0.0,0.0,0.06779327988624573,0.07196055519917428
StackCube-v1,2,5,0.09090909090909091,3a46944a78acea83664b3b9a50bd1bafbf5e093f57b224e31464a8ca86c216dd,1,0.003,object_pos_x+,0.003,0.003,0.0,0.0,1,1,,1,1,0.0,4.069007396697998,0.0,0.0,0.0,0.06779327988624573,0.07196055519917428
StackCube-v1,2,5,0.09090909090909091,3a46944a78acea83664b3b9a50bd1bafbf5e093f57b224e31464a8ca86c216dd,1,0.003,object_pos_x-,0.003,-0.003,0.0,0.0,1,1,,1,1,0.0,4.069007396697998,0.0,0.0,0.0,0.06779327988624573,0.07196055519917428
StackCube-v1,2,5,0.09090909090909091,3a46944a78acea83664b3b9a50bd1bafbf5e093f57b224e31464a8ca86c216dd,1,0.003,object_pos_y+,0.003,0.0,0.003,0.0,1,1,,1,1,0.0,4.069007396697998,0.0,0.0,0.0,0.06779327988624573,0.07196055519917428
StackCube-v1,2,5,0.09090909090909091,3a46944a78acea83664b3b9a50bd1bafbf5e093f57b224e31464a8ca86c216dd,1,0.003,object_pos_y-,0.003,0.0,-0.003,0.0,1,1,,1,1,0.0,4.069007396697998,0.0,0.0,0.0,0.06779327988624573,0.07196055519917428
StackCube-v1,2,5,0.09090909090909091,3a46944a78acea83664b3b9a50bd1bafbf5e093f57b224e31464a8ca86c216dd,1,0.003,eef_joint_1+,0.02,0.0,0.02,0.0,1,1,,1,1,0.0,4.069007396697998,0.0,0.0,0.0,0.06779327988624573,0.07196055519917428
StackCube-v1,2,5,0.09090909090909091,3a46944a78acea83664b3b9a50bd1bafbf5e093f57b224e31464a8ca86c216dd,1,0.003,eef_joint_1-,0.02,0.0,-0.02,0.0,1,1,,1,1,0.0,4.069007396697998,0.0,0.0,0.0,0.06779327988624573,0.07196055519917428
StackCube-v1,2,5,0.09090909090909091,3a46944a78acea83664b3b9a50bd1bafbf5e093f57b224e31464a8ca86c216dd,2,0.006,object_pos_x+,0.006,0.006,0.0,0.0,1,1,,1,1,0.33333333333333337,4.069007396697998,0.0,0.0,0.0,0.06779327988624573,0.07196055519917428
StackCube-v1,2,5,0.09090909090909091,3a46944a78acea83664b3b9a50bd1bafbf5e093f57b224e31464a8ca86c216dd,2,0.006,object_pos_x-,0.006,-0.006,0.0,0.0,1,1,,1,1,0.33333333333333337,4.069007396697998,0.0,0.0,0.0,0.06779327988624573,0.07196055519917428
StackCube-v1,2,5,0.09090909090909091,3a46944a78acea83664b3b9a50bd1bafbf5e093f57b224e31464a8ca86c216dd,2,0.006,object_pos_y+,0.006,0.0,0.006,0.0,1,1,,1,1,0.33333333333333337,4.069007396697998,0.0,0.0,0.0,0.06779327988624573,0.07196055519917428
StackCube-v1,2,5,0.09090909090909091,3a46944a78acea83664b3b9a50bd1bafbf5e093f57b224e31464a8ca86c216dd,2,0.006,object_pos_y-,0.006,0.0,-0.006,0.0,1,1,,1,1,0.33333333333333337,4.069007396697998,0.0,0.0,0.0,0.06779327988624573,0.07196055519917428
StackCube-v1,2,5,0.09090909090909091,3a46944a78acea83664b3b9a50bd1bafbf5e093f57b224e31464a8ca86c216dd,2,0.006,eef_joint_1+,0.04,0.0,0.04,0.0,0,1,,1,1,0.33333333333333337,4.069007396697998,0.0,0.0,0.0,0.06779327988624573,0.07196055519917428
StackCube-v1,2,5,0.09090909090909091,3a46944a78acea83664b3b9a50bd1bafbf5e093f57b224e31464a8ca86c216dd,2,0.006,eef_joint_1-,0.04,0.0,-0.04,0.0,0,1,,1,1,0.33333333333333337,4.069007396697998,0.0,0.0,0.0,0.06779327988624573,0.07196055519917428
StackCube-v1,2,10,0.18181818181818182,598a31bada5eee5fef2fe0ffd5f1b73af7124d2a0019160cf44e127f954eb1b5,0,0.0015,object_pos_x+,0.0015,0.0015,0.0,0.0,1,1,,1,1,0.0,4.068060874938965,0.0,0.0,0.0,0.03308830410242081,0.07196061416360998
StackCube-v1,2,10,0.18181818181818182,598a31bada5eee5fef2fe0ffd5f1b73af7124d2a0019160cf44e127f954eb1b5,0,0.0015,object_pos_x-,0.0015,-0.0015,0.0,0.0,1,1,,1,1,0.0,4.068060874938965,0.0,0.0,0.0,0.03308830410242081,0.07196061416360998
StackCube-v1,2,10,0.18181818181818182,598a31bada5eee5fef2fe0ffd5f1b73af7124d2a0019160cf44e127f954eb1b5,0,0.0015,object_pos_y+,0.0015,0.0,0.0015,0.0,1,1,,1,1,0.0,4.068060874938965,0.0,0.0,0.0,0.03308830410242081,0.07196061416360998
StackCube-v1,2,10,0.18181818181818182,598a31bada5eee5fef2fe0ffd5f1b73af7124d2a0019160cf44e127f954eb1b5,0,0.0015,object_pos_y-,0.0015,0.0,-0.0015,0.0,1,1,,1,1,0.0,4.068060874938965,0.0,0.0,0.0,0.03308830410242081,0.07196061416360998
StackCube-v1,2,10,0.18181818181818182,598a31bada5eee5fef2fe0ffd5f1b73af7124d2a0019160cf44e127f954eb1b5,0,0.0015,eef_joint_1+,0.01,0.0,0.01,0.0,1,1,,1,1,0.0,4.068060874938965,0.0,0.0,0.0,0.03308830410242081,0.07196061416360998
StackCube-v1,2,10,0.18181818181818182,598a31bada5eee5fef2fe0ffd5f1b73af7124d2a0019160cf44e127f954eb1b5,0,0.0015,eef_joint_1-,0.01,0.0,-0.01,0.0,1,1,,1,1,0.0,4.068060874938965,0.0,0.0,0.0,0.03308830410242081,0.07196061416360998
StackCube-v1,2,10,0.18181818181818182,598a31bada5eee5fef2fe0ffd5f1b73af7124d2a0019160cf44e127f954eb1b5,1,0.003,object_pos_x+,0.003,0.003,0.0,0.0,1,1,,1,1,0.0,4.068060874938965,0.0,0.0,0.0,0.03308830410242081,0.07196061416360998
StackCube-v1,2,10,0.18181818181818182,598a31bada5eee5fef2fe0ffd5f1b73af7124d2a0019160cf44e127f954eb1b5,1,0.003,object_pos_x-,0.003,-0.003,0.0,0.0,1,1,,1,1,0.0,4.068060874938965,0.0,0.0,0.0,0.03308830410242081,0.07196061416360998
StackCube-v1,2,10,0.18181818181818182,598a31bada5eee5fef2fe0ffd5f1b73af7124d2a0019160cf44e127f954eb1b5,1,0.003,object_pos_y+,0.003,0.0,0.003,0.0,1,1,,1,1,0.0,4.068060874938965,0.0,0.0,0.0,0.03308830410242081,0.07196061416360998
StackCube-v1,2,10,0.18181818181818182,598a31bada5eee5fef2fe0ffd5f1b73af7124d2a0019160cf44e127f954eb1b5,1,0.003,object_pos_y-,0.003,0.0,-0.003,0.0,1,1,,1,1,0.0,4.068060874938965,0.0,0.0,0.0,0.03308830410242081,0.07196061416360998
StackCube-v1,2,10,0.18181818181818182,598a31bada5eee5fef2fe0ffd5f1b73af7124d2a0019160cf44e127f954eb1b5,1,0.003,eef_joint_1+,0.02,0.0,0.02,0.0,1,1,,1,1,0.0,4.068060874938965,0.0,0.0,0.0,0.03308830410242081,0.07196061416360998
StackCube-v1,2,10,0.18181818181818182,598a31bada5eee5fef2fe0ffd5f1b73af7124d2a0019160cf44e127f954eb1b5,1,0.003,eef_joint_1-,0.02,0.0,-0.02,0.0,1,1,,1,1,0.0,4.068060874938965,0.0,0.0,0.0,0.03308830410242081,0.07196061416360998
StackCube-v1,2,10,0.18181818181818182,598a31bada5eee5fef2fe0ffd5f1b73af7124d2a0019160cf44e127f954eb1b5,2,0.006,object_pos_x+,0.006,0.006,0.0,0.0,1,1,,1,1,0.33333333333333337,4.068060874938965,0.0,0.0,0.0,0.03308830410242081,0.07196061416360998
StackCube-v1,2,10,0.18181818181818182,598a31bada5eee5fef2fe0ffd5f1b73af7124d2a0019160cf44e127f954eb1b5,2,0.006,object_pos_x-,0.006,-0.006,0.0,0.0,1,1,,1,1,0.33333333333333337,4.068060874938965,0.0,0.0,0.0,0.03308830410242081,0.07196061416360998
StackCube-v1,2,10,0.18181818181818182,598a31bada5eee5fef2fe0ffd5f1b73af7124d2a0019160cf44e127f954eb1b5,2,0.006,object_pos_y+,0.006,0.0,0.006,0.0,1,1,,1,1,0.33333333333333337,4.068060874938965,0.0,0.0,0.0,0.03308830410242081,0.07196061416360998
StackCube-v1,2,10,0.18181818181818182,598a31bada5eee5fef2fe0ffd5f1b73af7124d2a0019160cf44e127f954eb1b5,2,0.006,object_pos_y-,0.006,0.0,-0.006,0.0,1,1,,1,1,0.33333333333333337,4.068060874938965,0.0,0.0,0.0,0.03308830410242081,0.07196061416360998
StackCube-v1,2,10,0.18181818181818182,598a31bada5eee5fef2fe0ffd5f1b73af7124d2a0019160cf44e127f954eb1b5,2,0.006,eef_joint_1+,0.04,0.0,0.04,0.0,0,1,,1,1,0.33333333333333337,4.068060874938965,0.0,0.0,0.0,0.03308830410242081,0.07196061416360998
StackCube-v1,2,10,0.18181818181818182,598a31bada5eee5fef2fe0ffd5f1b73af7124d2a0019160cf44e127f954eb1b5,2,0.006,eef_joint_1-,0.04,0.0,-0.04,0.0,0,1,,1,1,0.33333333333333337,4.068060874938965,0.0,0.0,0.0,0.03308830410242081,0.07196061416360998
StackCube-v1,2,15,0.2727272727272727,9aa3163ab7435cdb4a26bf638a7d49eae0e1ac1ed7dec03becd457fd4dfc89be,0,0.0015,object_pos_x+,0.0015,0.0015,0.0,0.0,1,1,,1,1,0.0,4.068060874938965,0.0,0.0,0.0,0.002208362566307187,0.07196061152568059
StackCube-v1,2,15,0.2727272727272727,9aa3163ab7435cdb4a26bf638a7d49eae0e1ac1ed7dec03becd457fd4dfc89be,0,0.0015,object_pos_x-,0.0015,-0.0015,0.0,0.0,1,1,,1,1,0.0,4.068060874938965,0.0,0.0,0.0,0.002208362566307187,0.07196061152568059
StackCube-v1,2,15,0.2727272727272727,9aa3163ab7435cdb4a26bf638a7d49eae0e1ac1ed7dec03becd457fd4dfc89be,0,0.0015,object_pos_y+,0.0015,0.0,0.0015,0.0,1,1,,1,1,0.0,4.068060874938965,0.0,0.0,0.0,0.002208362566307187,0.07196061152568059
StackCube-v1,2,15,0.2727272727272727,9aa3163ab7435cdb4a26bf638a7d49eae0e1ac1ed7dec03becd457fd4dfc89be,0,0.0015,object_pos_y-,0.0015,0.0,-0.0015,0.0,1,1,,1,1,0.0,4.068060874938965,0.0,0.0,0.0,0.002208362566307187,0.07196061152568059
StackCube-v1,2,15,0.2727272727272727,9aa3163ab7435cdb4a26bf638a7d49eae0e1ac1ed7dec03becd457fd4dfc89be,0,0.0015,eef_joint_1+,0.01,0.0,0.01,0.0,1,1,,1,1,0.0,4.068060874938965,0.0,0.0,0.0,0.002208362566307187,0.07196061152568059
StackCube-v1,2,15,0.2727272727272727,9aa3163ab7435cdb4a26bf638a7d49eae0e1ac1ed7dec03becd457fd4dfc89be,0,0.0015,eef_joint_1-,0.01,0.0,-0.01,0.0,1,1,,1,1,0.0,4.068060874938965,0.0,0.0,0.0,0.002208362566307187,0.07196061152568059
StackCube-v1,2,15,0.2727272727272727,9aa3163ab7435cdb4a26bf638a7d49eae0e1ac1ed7dec03becd457fd4dfc89be,1,0.003,object_pos_x+,0.003,0.003,0.0,0.0,1,1,,1,1,0.0,4.068060874938965,0.0,0.0,0.0,0.002208362566307187,0.07196061152568059
StackCube-v1,2,15,0.2727272727272727,9aa3163ab7435cdb4a26bf638a7d49eae0e1ac1ed7dec03becd457fd4dfc89be,1,0.003,object_pos_x-,0.003,-0.003,0.0,0.0,1,1,,1,1,0.0,4.068060874938965,0.0,0.0,0.0,0.002208362566307187,0.07196061152568059
StackCube-v1,2,15,0.2727272727272727,9aa3163ab7435cdb4a26bf638a7d49eae0e1ac1ed7dec03becd457fd4dfc89be,1,0.003,object_pos_y+,0.003,0.0,0.003,0.0,1,1,,1,1,0.0,4.068060874938965,0.0,0.0,0.0,0.002208362566307187,0.07196061152568059
StackCube-v1,2,15,0.2727272727272727,9aa3163ab7435cdb4a26bf638a7d49eae0e1ac1ed7dec03becd457fd4dfc89be,1,0.003,object_pos_y-,0.003,0.0,-0.003,0.0,1,1,,1,1,0.0,4.068060874938965,0.0,0.0,0.0,0.002208362566307187,0.07196061152568059
StackCube-v1,2,15,0.2727272727272727,9aa3163ab7435cdb4a26bf638a7d49eae0e1ac1ed7dec03becd457fd4dfc89be,1,0.003,eef_joint_1+,0.02,0.0,0.02,0.0,1,1,,1,1,0.0,4.068060874938965,0.0,0.0,0.0,0.002208362566307187,0.07196061152568059
StackCube-v1,2,15,0.2727272727272727,9aa3163ab7435cdb4a26bf638a7d49eae0e1ac1ed7dec03becd457fd4dfc89be,1,0.003,eef_joint_1-,0.02,0.0,-0.02,0.0,1,1,,1,1,0.0,4.068060874938965,0.0,0.0,0.0,0.002208362566307187,0.07196061152568059
StackCube-v1,2,15,0.2727272727272727,9aa3163ab7435cdb4a26bf638a7d49eae0e1ac1ed7dec03becd457fd4dfc89be,2,0.006,object_pos_x+,0.006,0.006,0.0,0.0,1,1,,1,1,0.33333333333333337,4.068060874938965,0.0,0.0,0.0,0.002208362566307187,0.07196061152568059
StackCube-v1,2,15,0.2727272727272727,9aa3163ab7435cdb4a26bf638a7d49eae0e1ac1ed7dec03becd457fd4dfc89be,2,0.006,object_pos_x-,0.006,-0.006,0.0,0.0,1,1,,1,1,0.33333333333333337,4.068060874938965,0.0,0.0,0.0,0.002208362566307187,0.07196061152568059
StackCube-v1,2,15,0.2727272727272727,9aa3163ab7435cdb4a26bf638a7d49eae0e1ac1ed7dec03becd457fd4dfc89be,2,0.006,object_pos_y+,0.006,0.0,0.006,0.0,1,1,,1,1,0.33333333333333337,4.068060874938965,0.0,0.0,0.0,0.002208362566307187,0.07196061152568059
StackCube-v1,2,15,0.2727272727272727,9aa3163ab7435cdb4a26bf638a7d49eae0e1ac1ed7dec03becd457fd4dfc89be,2,0.006,object_pos_y-,0.006,0.0,-0.006,0.0,1,1,,1,1,0.33333333333333337,4.068060874938965,0.0,0.0,0.0,0.002208362566307187,0.07196061152568059
StackCube-v1,2,15,0.2727272727272727,9aa3163ab7435cdb4a26bf638a7d49eae0e1ac1ed7dec03becd457fd4dfc89be,2,0.006,eef_joint_1+,0.04,0.0,0.04,0.0,0,1,,1,1,0.33333333333333337,4.068060874938965,0.0,0.0,0.0,0.002208362566307187,0.07196061152568059
StackCube-v1,2,15,0.2727272727272727,9aa3163ab7435cdb4a26bf638a7d49eae0e1ac1ed7dec03becd457fd4dfc89be,2,0.006,eef_joint_1-,0.04,0.0,-0.04,0.0,0,1,,1,1,0.33333333333333337,4.068060874938965,0.0,0.0,0.0,0.002208362566307187,0.07196061152568059
StackCube-v1,2,20,0.36363636363636365,ff1edb75af942cc54c2e04ca822c74a4978aca7e611567c5ff958abf747c45ee,0,0.0015,object_pos_x+,0.0015,0.0015,0.0,0.0,1,1,,1,1,0.0,4.068060874938965,0.0,0.0,0.0,0.0007133042090572417,0.07169415644123198
StackCube-v1,2,20,0.36363636363636365,ff1edb75af942cc54c2e04ca822c74a4978aca7e611567c5ff958abf747c45ee,0,0.0015,object_pos_x-,0.0015,-0.0015,0.0,0.0,1,1,,1,1,0.0,4.068060874938965,0.0,0.0,0.0,0.0007133042090572417,0.07169415644123198
StackCube-v1,2,20,0.36363636363636365,ff1edb75af942cc54c2e04ca822c74a4978aca7e611567c5ff958abf747c45ee,0,0.0015,object_pos_y+,0.0015,0.0,0.0015,0.0,1,1,,1,1,0.0,4.068060874938965,0.0,0.0,0.0,0.0007133042090572417,0.07169415644123198
StackCube-v1,2,20,0.36363636363636365,ff1edb75af942cc54c2e04ca822c74a4978aca7e611567c5ff958abf747c45ee,0,0.0015,object_pos_y-,0.0015,0.0,-0.0015,0.0,1,1,,1,1,0.0,4.068060874938965,0.0,0.0,0.0,0.0007133042090572417,0.07169415644123198
StackCube-v1,2,20,0.36363636363636365,ff1edb75af942cc54c2e04ca822c74a4978aca7e611567c5ff958abf747c45ee,0,0.0015,eef_joint_1+,0.01,0.0,0.01,0.0,1,1,,1,1,0.0,4.068060874938965,0.0,0.0,0.0,0.0007133042090572417,0.07169415644123198
StackCube-v1,2,20,0.36363636363636365,ff1edb75af942cc54c2e04ca822c74a4978aca7e611567c5ff958abf747c45ee,0,0.0015,eef_joint_1-,0.01,0.0,-0.01,0.0,1,1,,1,1,0.0,4.068060874938965,0.0,0.0,0.0,0.0007133042090572417,0.07169415644123198
StackCube-v1,2,20,0.36363636363636365,ff1edb75af942cc54c2e04ca822c74a4978aca7e611567c5ff958abf747c45ee,1,0.003,object_pos_x+,0.003,0.003,0.0,0.0,1,1,,1,1,0.33333333333333337,4.068060874938965,0.0,0.0,0.0,0.0007133042090572417,0.07169415644123198
StackCube-v1,2,20,0.36363636363636365,ff1edb75af942cc54c2e04ca822c74a4978aca7e611567c5ff958abf747c45ee,1,0.003,object_pos_x-,0.003,-0.003,0.0,0.0,1,1,,1,1,0.33333333333333337,4.068060874938965,0.0,0.0,0.0,0.0007133042090572417,0.07169415644123198
StackCube-v1,2,20,0.36363636363636365,ff1edb75af942cc54c2e04ca822c74a4978aca7e611567c5ff958abf747c45ee,1,0.003,object_pos_y+,0.003,0.0,0.003,0.0,1,1,,1,1,0.33333333333333337,4.068060874938965,0.0,0.0,0.0,0.0007133042090572417,0.07169415644123198
StackCube-v1,2,20,0.36363636363636365,ff1edb75af942cc54c2e04ca822c74a4978aca7e611567c5ff958abf747c45ee,1,0.003,object_pos_y-,0.003,0.0,-0.003,0.0,1,1,,1,1,0.33333333333333337,4.068060874938965,0.0,0.0,0.0,0.0007133042090572417,0.07169415644123198
StackCube-v1,2,20,0.36363636363636365,ff1edb75af942cc54c2e04ca822c74a4978aca7e611567c5ff958abf747c45ee,1,0.003,eef_joint_1+,0.02,0.0,0.02,0.0,0,1,,1,1,0.33333333333333337,4.068060874938965,0.0,0.0,0.0,0.0007133042090572417,0.07169415644123198
StackCube-v1,2,20,0.36363636363636365,ff1edb75af942cc54c2e04ca822c74a4978aca7e611567c5ff958abf747c45ee,1,0.003,eef_joint_1-,0.02,0.0,-0.02,0.0,0,1,,1,1,0.33333333333333337,4.068060874938965,0.0,0.0,0.0,0.0007133042090572417,0.07169415644123198
StackCube-v1,2,20,0.36363636363636365,ff1edb75af942cc54c2e04ca822c74a4978aca7e611567c5ff958abf747c45ee,2,0.006,object_pos_x+,0.006,0.006,0.0,0.0,1,1,,1,1,0.33333333333333337,4.068060874938965,0.0,0.0,0.0,0.0007133042090572417,0.07169415644123198
StackCube-v1,2,20,0.36363636363636365,ff1edb75af942cc54c2e04ca822c74a4978aca7e611567c5ff958abf747c45ee,2,0.006,object_pos_x-,0.006,-0.006,0.0,0.0,1,1,,1,1,0.33333333333333337,4.068060874938965,0.0,0.0,0.0,0.0007133042090572417,0.07169415644123198
StackCube-v1,2,20,0.36363636363636365,ff1edb75af942cc54c2e04ca822c74a4978aca7e611567c5ff958abf747c45ee,2,0.006,object_pos_y+,0.006,0.0,0.006,0.0,1,1,,1,1,0.33333333333333337,4.068060874938965,0.0,0.0,0.0,0.0007133042090572417,0.07169415644123198
StackCube-v1,2,20,0.36363636363636365,ff1edb75af942cc54c2e04ca822c74a4978aca7e611567c5ff958abf747c45ee,2,0.006,object_pos_y-,0.006,0.0,-0.006,0.0,1,1,,1,1,0.33333333333333337,4.068060874938965,0.0,0.0,0.0,0.0007133042090572417,0.07169415644123198
StackCube-v1,2,20,0.36363636363636365,ff1edb75af942cc54c2e04ca822c74a4978aca7e611567c5ff958abf747c45ee,2,0.006,eef_joint_1+,0.04,0.0,0.04,0.0,0,1,,1,1,0.33333333333333337,4.068060874938965,0.0,0.0,0.0,0.0007133042090572417,0.07169415644123198
StackCube-v1,2,20,0.36363636363636365,ff1edb75af942cc54c2e04ca822c74a4978aca7e611567c5ff958abf747c45ee,2,0.006,eef_joint_1-,0.04,0.0,-0.04,0.0,0,1,,1,1,0.33333333333333337,4.068060874938965,0.0,0.0,0.0,0.0007133042090572417,0.07169415644123198
StackCube-v1,2,25,0.45454545454545453,9aa543e9b861f525a07b5b65569218d407f945d2d6dfcdf4e10594616a03f856,0,0.0015,object_pos_x+,0.0015,0.0015,0.0,0.0,1,1,,1,1,0.0,4.071156978607178,0.0,0.14000003039836884,0.0,0.0006976163713261485,0.06370211829651394
StackCube-v1,2,25,0.45454545454545453,9aa543e9b861f525a07b5b65569218d407f945d2d6dfcdf4e10594616a03f856,0,0.0015,object_pos_x-,0.0015,-0.0015,0.0,0.0,1,1,,1,1,0.0,4.071156978607178,0.0,0.14000003039836884,0.0,0.0006976163713261485,0.06370211829651394
StackCube-v1,2,25,0.45454545454545453,9aa543e9b861f525a07b5b65569218d407f945d2d6dfcdf4e10594616a03f856,0,0.0015,object_pos_y+,0.0015,0.0,0.0015,0.0,1,1,,1,1,0.0,4.071156978607178,0.0,0.14000003039836884,0.0,0.0006976163713261485,0.06370211829651394
StackCube-v1,2,25,0.45454545454545453,9aa543e9b861f525a07b5b65569218d407f945d2d6dfcdf4e10594616a03f856,0,0.0015,object_pos_y-,0.0015,0.0,-0.0015,0.0,1,1,,1,1,0.0,4.071156978607178,0.0,0.14000003039836884,0.0,0.0006976163713261485,0.06370211829651394
StackCube-v1,2,25,0.45454545454545453,9aa543e9b861f525a07b5b65569218d407f945d2d6dfcdf4e10594616a03f856,0,0.0015,eef_joint_1+,0.01,0.0,0.01,0.0,1,1,,1,1,0.0,4.071156978607178,0.0,0.14000003039836884,0.0,0.0006976163713261485,0.06370211829651394
StackCube-v1,2,25,0.45454545454545453,9aa543e9b861f525a07b5b65569218d407f945d2d6dfcdf4e10594616a03f856,0,0.0015,eef_joint_1-,0.01,0.0,-0.01,0.0,1,1,,1,1,0.0,4.071156978607178,0.0,0.14000003039836884,0.0,0.0006976163713261485,0.06370211829651394
StackCube-v1,2,25,0.45454545454545453,9aa543e9b861f525a07b5b65569218d407f945d2d6dfcdf4e10594616a03f856,1,0.003,object_pos_x+,0.003,0.003,0.0,0.0,1,1,,1,1,0.33333333333333337,4.071156978607178,0.0,0.14000003039836884,0.0,0.0006976163713261485,0.06370211829651394
StackCube-v1,2,25,0.45454545454545453,9aa543e9b861f525a07b5b65569218d407f945d2d6dfcdf4e10594616a03f856,1,0.003,object_pos_x-,0.003,-0.003,0.0,0.0,1,1,,1,1,0.33333333333333337,4.071156978607178,0.0,0.14000003039836884,0.0,0.0006976163713261485,0.06370211829651394
StackCube-v1,2,25,0.45454545454545453,9aa543e9b861f525a07b5b65569218d407f945d2d6dfcdf4e10594616a03f856,1,0.003,object_pos_y+,0.003,0.0,0.003,0.0,1,1,,1,1,0.33333333333333337,4.071156978607178,0.0,0.14000003039836884,0.0,0.0006976163713261485,0.06370211829651394
StackCube-v1,2,25,0.45454545454545453,9aa543e9b861f525a07b5b65569218d407f945d2d6dfcdf4e10594616a03f856,1,0.003,object_pos_y-,0.003,0.0,-0.003,0.0,1,1,,1,1,0.33333333333333337,4.071156978607178,0.0,0.14000003039836884,0.0,0.0006976163713261485,0.06370211829651394
StackCube-v1,2,25,0.45454545454545453,9aa543e9b861f525a07b5b65569218d407f945d2d6dfcdf4e10594616a03f856,1,0.003,eef_joint_1+,0.02,0.0,0.02,0.0,0,1,,1,1,0.33333333333333337,4.071156978607178,0.0,0.14000003039836884,0.0,0.0006976163713261485,0.06370211829651394
StackCube-v1,2,25,0.45454545454545453,9aa543e9b861f525a07b5b65569218d407f945d2d6dfcdf4e10594616a03f856,1,0.003,eef_joint_1-,0.02,0.0,-0.02,0.0,0,1,,1,1,0.33333333333333337,4.071156978607178,0.0,0.14000003039836884,0.0,0.0006976163713261485,0.06370211829651394
StackCube-v1,2,25,0.45454545454545453,9aa543e9b861f525a07b5b65569218d407f945d2d6dfcdf4e10594616a03f856,2,0.006,object_pos_x+,0.006,0.006,0.0,0.0,1,1,,1,1,0.33333333333333337,4.071156978607178,0.0,0.14000003039836884,0.0,0.0006976163713261485,0.06370211829651394
StackCube-v1,2,25,0.45454545454545453,9aa543e9b861f525a07b5b65569218d407f945d2d6dfcdf4e10594616a03f856,2,0.006,object_pos_x-,0.006,-0.006,0.0,0.0,1,1,,1,1,0.33333333333333337,4.071156978607178,0.0,0.14000003039836884,0.0,0.0006976163713261485,0.06370211829651394
StackCube-v1,2,25,0.45454545454545453,9aa543e9b861f525a07b5b65569218d407f945d2d6dfcdf4e10594616a03f856,2,0.006,object_pos_y+,0.006,0.0,0.006,0.0,1,1,,1,1,0.33333333333333337,4.071156978607178,0.0,0.14000003039836884,0.0,0.0006976163713261485,0.06370211829651394
StackCube-v1,2,25,0.45454545454545453,9aa543e9b861f525a07b5b65569218d407f945d2d6dfcdf4e10594616a03f856,2,0.006,object_pos_y-,0.006,0.0,-0.006,0.0,1,1,,1,1,0.33333333333333337,4.071156978607178,0.0,0.14000003039836884,0.0,0.0006976163713261485,0.06370211829651394
StackCube-v1,2,25,0.45454545454545453,9aa543e9b861f525a07b5b65569218d407f945d2d6dfcdf4e10594616a03f856,2,0.006,eef_joint_1+,0.04,0.0,0.04,0.0,0,1,,1,1,0.33333333333333337,4.071156978607178,0.0,0.14000003039836884,0.0,0.0006976163713261485,0.06370211829651394
StackCube-v1,2,25,0.45454545454545453,9aa543e9b861f525a07b5b65569218d407f945d2d6dfcdf4e10594616a03f856,2,0.006,eef_joint_1-,0.04,0.0,-0.04,0.0,0,1,,1,1,0.33333333333333337,4.071156978607178,0.0,0.14000003039836884,0.0,0.0006976163713261485,0.06370211829651394
StackCube-v1,2,30,0.5454545454545454,1ed059962802e6565ec3878e1985c4e9ccfb9191f91b890dcd65cfdbe132cb6b,0,0.0015,object_pos_x+,0.0015,0.0015,0.0,0.0,1,1,,1,1,0.0,4.071156978607178,0.0,0.0,0.0,0.0007128301076591015,0.11743208939386568
StackCube-v1,2,30,0.5454545454545454,1ed059962802e6565ec3878e1985c4e9ccfb9191f91b890dcd65cfdbe132cb6b,0,0.0015,object_pos_x-,0.0015,-0.0015,0.0,0.0,1,1,,1,1,0.0,4.071156978607178,0.0,0.0,0.0,0.0007128301076591015,0.11743208939386568
StackCube-v1,2,30,0.5454545454545454,1ed059962802e6565ec3878e1985c4e9ccfb9191f91b890dcd65cfdbe132cb6b,0,0.0015,object_pos_y+,0.0015,0.0,0.0015,0.0,1,1,,1,1,0.0,4.071156978607178,0.0,0.0,0.0,0.0007128301076591015,0.11743208939386568
StackCube-v1,2,30,0.5454545454545454,1ed059962802e6565ec3878e1985c4e9ccfb9191f91b890dcd65cfdbe132cb6b,0,0.0015,object_pos_y-,0.0015,0.0,-0.0015,0.0,1,1,,1,1,0.0,4.071156978607178,0.0,0.0,0.0,0.0007128301076591015,0.11743208939386568
StackCube-v1,2,30,0.5454545454545454,1ed059962802e6565ec3878e1985c4e9ccfb9191f91b890dcd65cfdbe132cb6b,0,0.0015,eef_joint_1+,0.01,0.0,0.01,0.0,1,1,,1,1,0.0,4.071156978607178,0.0,0.0,0.0,0.0007128301076591015,0.11743208939386568
StackCube-v1,2,30,0.5454545454545454,1ed059962802e6565ec3878e1985c4e9ccfb9191f91b890dcd65cfdbe132cb6b,0,0.0015,eef_joint_1-,0.01,0.0,-0.01,0.0,1,1,,1,1,0.0,4.071156978607178,0.0,0.0,0.0,0.0007128301076591015,0.11743208939386568
StackCube-v1,2,30,0.5454545454545454,1ed059962802e6565ec3878e1985c4e9ccfb9191f91b890dcd65cfdbe132cb6b,1,0.003,object_pos_x+,0.003,0.003,0.0,0.0,1,1,,1,1,0.33333333333333337,4.071156978607178,0.0,0.0,0.0,0.0007128301076591015,0.11743208939386568
StackCube-v1,2,30,0.5454545454545454,1ed059962802e6565ec3878e1985c4e9ccfb9191f91b890dcd65cfdbe132cb6b,1,0.003,object_pos_x-,0.003,-0.003,0.0,0.0,1,1,,1,1,0.33333333333333337,4.071156978607178,0.0,0.0,0.0,0.0007128301076591015,0.11743208939386568
StackCube-v1,2,30,0.5454545454545454,1ed059962802e6565ec3878e1985c4e9ccfb9191f91b890dcd65cfdbe132cb6b,1,0.003,object_pos_y+,0.003,0.0,0.003,0.0,1,1,,1,1,0.33333333333333337,4.071156978607178,0.0,0.0,0.0,0.0007128301076591015,0.11743208939386568
StackCube-v1,2,30,0.5454545454545454,1ed059962802e6565ec3878e1985c4e9ccfb9191f91b890dcd65cfdbe132cb6b,1,0.003,object_pos_y-,0.003,0.0,-0.003,0.0,1,1,,1,1,0.33333333333333337,4.071156978607178,0.0,0.0,0.0,0.0007128301076591015,0.11743208939386568
StackCube-v1,2,30,0.5454545454545454,1ed059962802e6565ec3878e1985c4e9ccfb9191f91b890dcd65cfdbe132cb6b,1,0.003,eef_joint_1+,0.02,0.0,0.02,0.0,0,1,,1,1,0.33333333333333337,4.071156978607178,0.0,0.0,0.0,0.0007128301076591015,0.11743208939386568
StackCube-v1,2,30,0.5454545454545454,1ed059962802e6565ec3878e1985c4e9ccfb9191f91b890dcd65cfdbe132cb6b,1,0.003,eef_joint_1-,0.02,0.0,-0.02,0.0,0,1,,1,1,0.33333333333333337,4.071156978607178,0.0,0.0,0.0,0.0007128301076591015,0.11743208939386568
StackCube-v1,2,30,0.5454545454545454,1ed059962802e6565ec3878e1985c4e9ccfb9191f91b890dcd65cfdbe132cb6b,2,0.006,object_pos_x+,0.006,0.006,0.0,0.0,1,1,,1,1,0.33333333333333337,4.071156978607178,0.0,0.0,0.0,0.0007128301076591015,0.11743208939386568
StackCube-v1,2,30,0.5454545454545454,1ed059962802e6565ec3878e1985c4e9ccfb9191f91b890dcd65cfdbe132cb6b,2,0.006,object_pos_x-,0.006,-0.006,0.0,0.0,1,1,,1,1,0.33333333333333337,4.071156978607178,0.0,0.0,0.0,0.0007128301076591015,0.11743208939386568
StackCube-v1,2,30,0.5454545454545454,1ed059962802e6565ec3878e1985c4e9ccfb9191f91b890dcd65cfdbe132cb6b,2,0.006,object_pos_y+,0.006,0.0,0.006,0.0,1,1,,1,1,0.33333333333333337,4.071156978607178,0.0,0.0,0.0,0.0007128301076591015,0.11743208939386568
StackCube-v1,2,30,0.5454545454545454,1ed059962802e6565ec3878e1985c4e9ccfb9191f91b890dcd65cfdbe132cb6b,2,0.006,object_pos_y-,0.006,0.0,-0.006,0.0,1,1,,1,1,0.33333333333333337,4.071156978607178,0.0,0.0,0.0,0.0007128301076591015,0.11743208939386568
StackCube-v1,2,30,0.5454545454545454,1ed059962802e6565ec3878e1985c4e9ccfb9191f91b890dcd65cfdbe132cb6b,2,0.006,eef_joint_1+,0.04,0.0,0.04,0.0,0,1,,1,1,0.33333333333333337,4.071156978607178,0.0,0.0,0.0,0.0007128301076591015,0.11743208939386568
StackCube-v1,2,30,0.5454545454545454,1ed059962802e6565ec3878e1985c4e9ccfb9191f91b890dcd65cfdbe132cb6b,2,0.006,eef_joint_1-,0.04,0.0,-0.04,0.0,0,1,,1,1,0.33333333333333337,4.071156978607178,0.0,0.0,0.0,0.0007128301076591015,0.11743208939386568
StackCube-v1,2,35,0.6363636363636364,774cddddeaa063f90ffc7ad72a6fda9f69f16c69c3d38796df4eb8012be26cd4,0,0.0015,object_pos_x+,0.0015,0.0015,0.0,0.0,1,1,,1,1,0.0,4.0728759765625,0.0,0.0,0.0,0.0007095347973518074,0.08522972810842071
StackCube-v1,2,35,0.6363636363636364,774cddddeaa063f90ffc7ad72a6fda9f69f16c69c3d38796df4eb8012be26cd4,0,0.0015,object_pos_x-,0.0015,-0.0015,0.0,0.0,1,1,,1,1,0.0,4.0728759765625,0.0,0.0,0.0,0.0007095347973518074,0.08522972810842071
StackCube-v1,2,35,0.6363636363636364,774cddddeaa063f90ffc7ad72a6fda9f69f16c69c3d38796df4eb8012be26cd4,0,0.0015,object_pos_y+,0.0015,0.0,0.0015,0.0,1,1,,1,1,0.0,4.0728759765625,0.0,0.0,0.0,0.0007095347973518074,0.08522972810842071
StackCube-v1,2,35,0.6363636363636364,774cddddeaa063f90ffc7ad72a6fda9f69f16c69c3d38796df4eb8012be26cd4,0,0.0015,object_pos_y-,0.0015,0.0,-0.0015,0.0,1,1,,1,1,0.0,4.0728759765625,0.0,0.0,0.0,0.0007095347973518074,0.08522972810842071
StackCube-v1,2,35,0.6363636363636364,774cddddeaa063f90ffc7ad72a6fda9f69f16c69c3d38796df4eb8012be26cd4,0,0.0015,eef_joint_1+,0.01,0.0,0.01,0.0,1,1,,1,1,0.0,4.0728759765625,0.0,0.0,0.0,0.0007095347973518074,0.08522972810842071
StackCube-v1,2,35,0.6363636363636364,774cddddeaa063f90ffc7ad72a6fda9f69f16c69c3d38796df4eb8012be26cd4,0,0.0015,eef_joint_1-,0.01,0.0,-0.01,0.0,1,1,,1,1,0.0,4.0728759765625,0.0,0.0,0.0,0.0007095347973518074,0.08522972810842071
StackCube-v1,2,35,0.6363636363636364,774cddddeaa063f90ffc7ad72a6fda9f69f16c69c3d38796df4eb8012be26cd4,1,0.003,object_pos_x+,0.003,0.003,0.0,0.0,1,1,,1,1,0.33333333333333337,4.0728759765625,0.0,0.0,0.0,0.0007095347973518074,0.08522972810842071
StackCube-v1,2,35,0.6363636363636364,774cddddeaa063f90ffc7ad72a6fda9f69f16c69c3d38796df4eb8012be26cd4,1,0.003,object_pos_x-,0.003,-0.003,0.0,0.0,1,1,,1,1,0.33333333333333337,4.0728759765625,0.0,0.0,0.0,0.0007095347973518074,0.08522972810842071
StackCube-v1,2,35,0.6363636363636364,774cddddeaa063f90ffc7ad72a6fda9f69f16c69c3d38796df4eb8012be26cd4,1,0.003,object_pos_y+,0.003,0.0,0.003,0.0,1,1,,1,1,0.33333333333333337,4.0728759765625,0.0,0.0,0.0,0.0007095347973518074,0.08522972810842071
StackCube-v1,2,35,0.6363636363636364,774cddddeaa063f90ffc7ad72a6fda9f69f16c69c3d38796df4eb8012be26cd4,1,0.003,object_pos_y-,0.003,0.0,-0.003,0.0,1,1,,1,1,0.33333333333333337,4.0728759765625,0.0,0.0,0.0,0.0007095347973518074,0.08522972810842071
StackCube-v1,2,35,0.6363636363636364,774cddddeaa063f90ffc7ad72a6fda9f69f16c69c3d38796df4eb8012be26cd4,1,0.003,eef_joint_1+,0.02,0.0,0.02,0.0,0,1,,1,1,0.33333333333333337,4.0728759765625,0.0,0.0,0.0,0.0007095347973518074,0.08522972810842071
StackCube-v1,2,35,0.6363636363636364,774cddddeaa063f90ffc7ad72a6fda9f69f16c69c3d38796df4eb8012be26cd4,1,0.003,eef_joint_1-,0.02,0.0,-0.02,0.0,0,1,,1,1,0.33333333333333337,4.0728759765625,0.0,0.0,0.0,0.0007095347973518074,0.08522972810842071
StackCube-v1,2,35,0.6363636363636364,774cddddeaa063f90ffc7ad72a6fda9f69f16c69c3d38796df4eb8012be26cd4,2,0.006,object_pos_x+,0.006,0.006,0.0,0.0,1,1,,1,1,0.33333333333333337,4.0728759765625,0.0,0.0,0.0,0.0007095347973518074,0.08522972810842071
StackCube-v1,2,35,0.6363636363636364,774cddddeaa063f90ffc7ad72a6fda9f69f16c69c3d38796df4eb8012be26cd4,2,0.006,object_pos_x-,0.006,-0.006,0.0,0.0,1,1,,1,1,0.33333333333333337,4.0728759765625,0.0,0.0,0.0,0.0007095347973518074,0.08522972810842071
StackCube-v1,2,35,0.6363636363636364,774cddddeaa063f90ffc7ad72a6fda9f69f16c69c3d38796df4eb8012be26cd4,2,0.006,object_pos_y+,0.006,0.0,0.006,0.0,1,1,,1,1,0.33333333333333337,4.0728759765625,0.0,0.0,0.0,0.0007095347973518074,0.08522972810842071
StackCube-v1,2,35,0.6363636363636364,774cddddeaa063f90ffc7ad72a6fda9f69f16c69c3d38796df4eb8012be26cd4,2,0.006,object_pos_y-,0.006,0.0,-0.006,0.0,1,1,,1,1,0.33333333333333337,4.0728759765625,0.0,0.0,0.0,0.0007095347973518074,0.08522972810842071
StackCube-v1,2,35,0.6363636363636364,774cddddeaa063f90ffc7ad72a6fda9f69f16c69c3d38796df4eb8012be26cd4,2,0.006,eef_joint_1+,0.04,0.0,0.04,0.0,0,1,,1,1,0.33333333333333337,4.0728759765625,0.0,0.0,0.0,0.0007095347973518074,0.08522972810842071
StackCube-v1,2,35,0.6363636363636364,774cddddeaa063f90ffc7ad72a6fda9f69f16c69c3d38796df4eb8012be26cd4,2,0.006,eef_joint_1-,0.04,0.0,-0.04,0.0,0,1,,1,1,0.33333333333333337,4.0728759765625,0.0,0.0,0.0,0.0007095347973518074,0.08522972810842071
StackCube-v1,2,40,0.7272727272727273,f35e72c953eadf56184f9072059f05092afd5ee13de7a8ec3632607228cb8443,0,0.0015,object_pos_x+,0.0015,0.0015,0.0,0.0,1,1,,1,1,0.0,4.070911407470703,0.08000001311302185,0.08000001311302185,0.0,0.0007122100214473903,0.08027745194529208
StackCube-v1,2,40,0.7272727272727273,f35e72c953eadf56184f9072059f05092afd5ee13de7a8ec3632607228cb8443,0,0.0015,object_pos_x-,0.0015,-0.0015,0.0,0.0,1,1,,1,1,0.0,4.070911407470703,0.08000001311302185,0.08000001311302185,0.0,0.0007122100214473903,0.08027745194529208
StackCube-v1,2,40,0.7272727272727273,f35e72c953eadf56184f9072059f05092afd5ee13de7a8ec3632607228cb8443,0,0.0015,object_pos_y+,0.0015,0.0,0.0015,0.0,1,1,,1,1,0.0,4.070911407470703,0.08000001311302185,0.08000001311302185,0.0,0.0007122100214473903,0.08027745194529208
StackCube-v1,2,40,0.7272727272727273,f35e72c953eadf56184f9072059f05092afd5ee13de7a8ec3632607228cb8443,0,0.0015,object_pos_y-,0.0015,0.0,-0.0015,0.0,1,1,,1,1,0.0,4.070911407470703,0.08000001311302185,0.08000001311302185,0.0,0.0007122100214473903,0.08027745194529208
StackCube-v1,2,40,0.7272727272727273,f35e72c953eadf56184f9072059f05092afd5ee13de7a8ec3632607228cb8443,0,0.0015,eef_joint_1+,0.01,0.0,0.01,0.0,1,1,,1,1,0.0,4.070911407470703,0.08000001311302185,0.08000001311302185,0.0,0.0007122100214473903,0.08027745194529208
StackCube-v1,2,40,0.7272727272727273,f35e72c953eadf56184f9072059f05092afd5ee13de7a8ec3632607228cb8443,0,0.0015,eef_joint_1-,0.01,0.0,-0.01,0.0,1,1,,1,1,0.0,4.070911407470703,0.08000001311302185,0.08000001311302185,0.0,0.0007122100214473903,0.08027745194529208
StackCube-v1,2,40,0.7272727272727273,f35e72c953eadf56184f9072059f05092afd5ee13de7a8ec3632607228cb8443,1,0.003,object_pos_x+,0.003,0.003,0.0,0.0,1,1,,1,1,0.33333333333333337,4.070911407470703,0.08000001311302185,0.08000001311302185,0.0,0.0007122100214473903,0.08027745194529208
StackCube-v1,2,40,0.7272727272727273,f35e72c953eadf56184f9072059f05092afd5ee13de7a8ec3632607228cb8443,1,0.003,object_pos_x-,0.003,-0.003,0.0,0.0,1,1,,1,1,0.33333333333333337,4.070911407470703,0.08000001311302185,0.08000001311302185,0.0,0.0007122100214473903,0.08027745194529208
StackCube-v1,2,40,0.7272727272727273,f35e72c953eadf56184f9072059f05092afd5ee13de7a8ec3632607228cb8443,1,0.003,object_pos_y+,0.003,0.0,0.003,0.0,1,1,,1,1,0.33333333333333337,4.070911407470703,0.08000001311302185,0.08000001311302185,0.0,0.0007122100214473903,0.08027745194529208
StackCube-v1,2,40,0.7272727272727273,f35e72c953eadf56184f9072059f05092afd5ee13de7a8ec3632607228cb8443,1,0.003,object_pos_y-,0.003,0.0,-0.003,0.0,1,1,,1,1,0.33333333333333337,4.070911407470703,0.08000001311302185,0.08000001311302185,0.0,0.0007122100214473903,0.08027745194529208
StackCube-v1,2,40,0.7272727272727273,f35e72c953eadf56184f9072059f05092afd5ee13de7a8ec3632607228cb8443,1,0.003,eef_joint_1+,0.02,0.0,0.02,0.0,0,1,,1,1,0.33333333333333337,4.070911407470703,0.08000001311302185,0.08000001311302185,0.0,0.0007122100214473903,0.08027745194529208
StackCube-v1,2,40,0.7272727272727273,f35e72c953eadf56184f9072059f05092afd5ee13de7a8ec3632607228cb8443,1,0.003,eef_joint_1-,0.02,0.0,-0.02,0.0,0,1,,1,1,0.33333333333333337,4.070911407470703,0.08000001311302185,0.08000001311302185,0.0,0.0007122100214473903,0.08027745194529208
StackCube-v1,2,40,0.7272727272727273,f35e72c953eadf56184f9072059f05092afd5ee13de7a8ec3632607228cb8443,2,0.006,object_pos_x+,0.006,0.006,0.0,0.0,1,1,,1,1,0.16666666666666663,4.070911407470703,0.08000001311302185,0.08000001311302185,0.0,0.0007122100214473903,0.08027745194529208
StackCube-v1,2,40,0.7272727272727273,f35e72c953eadf56184f9072059f05092afd5ee13de7a8ec3632607228cb8443,2,0.006,object_pos_x-,0.006,-0.006,0.0,0.0,1,1,,1,1,0.16666666666666663,4.070911407470703,0.08000001311302185,0.08000001311302185,0.0,0.0007122100214473903,0.08027745194529208
StackCube-v1,2,40,0.7272727272727273,f35e72c953eadf56184f9072059f05092afd5ee13de7a8ec3632607228cb8443,2,0.006,object_pos_y+,0.006,0.0,0.006,0.0,1,1,,1,1,0.16666666666666663,4.070911407470703,0.08000001311302185,0.08000001311302185,0.0,0.0007122100214473903,0.08027745194529208
StackCube-v1,2,40,0.7272727272727273,f35e72c953eadf56184f9072059f05092afd5ee13de7a8ec3632607228cb8443,2,0.006,object_pos_y-,0.006,0.0,-0.006,0.0,1,1,,1,1,0.16666666666666663,4.070911407470703,0.08000001311302185,0.08000001311302185,0.0,0.0007122100214473903,0.08027745194529208
StackCube-v1,2,40,0.7272727272727273,f35e72c953eadf56184f9072059f05092afd5ee13de7a8ec3632607228cb8443,2,0.006,eef_joint_1+,0.04,0.0,0.04,0.0,1,1,,1,1,0.16666666666666663,4.070911407470703,0.08000001311302185,0.08000001311302185,0.0,0.0007122100214473903,0.08027745194529208
StackCube-v1,2,40,0.7272727272727273,f35e72c953eadf56184f9072059f05092afd5ee13de7a8ec3632607228cb8443,2,0.006,eef_joint_1-,0.04,0.0,-0.04,0.0,0,1,,1,1,0.16666666666666663,4.070911407470703,0.08000001311302185,0.08000001311302185,0.0,0.0007122100214473903,0.08027745194529208
StackCube-v1,2,45,0.8181818181818182,3a4cd39d6748f2ace01f4913ea2f9928e842e67ff1a3c8406865053215ef1257,0,0.0015,object_pos_x+,0.0015,0.0015,0.0,0.0,1,1,,1,1,0.0,4.070911407470703,0.0,0.0,0.0,0.000710505701135844,0.0028590620829693565
StackCube-v1,2,45,0.8181818181818182,3a4cd39d6748f2ace01f4913ea2f9928e842e67ff1a3c8406865053215ef1257,0,0.0015,object_pos_x-,0.0015,-0.0015,0.0,0.0,1,1,,1,1,0.0,4.070911407470703,0.0,0.0,0.0,0.000710505701135844,0.0028590620829693565
StackCube-v1,2,45,0.8181818181818182,3a4cd39d6748f2ace01f4913ea2f9928e842e67ff1a3c8406865053215ef1257,0,0.0015,object_pos_y+,0.0015,0.0,0.0015,0.0,1,1,,1,1,0.0,4.070911407470703,0.0,0.0,0.0,0.000710505701135844,0.0028590620829693565
StackCube-v1,2,45,0.8181818181818182,3a4cd39d6748f2ace01f4913ea2f9928e842e67ff1a3c8406865053215ef1257,0,0.0015,object_pos_y-,0.0015,0.0,-0.0015,0.0,1,1,,1,1,0.0,4.070911407470703,0.0,0.0,0.0,0.000710505701135844,0.0028590620829693565
StackCube-v1,2,45,0.8181818181818182,3a4cd39d6748f2ace01f4913ea2f9928e842e67ff1a3c8406865053215ef1257,0,0.0015,eef_joint_1+,0.01,0.0,0.01,0.0,1,1,,1,1,0.0,4.070911407470703,0.0,0.0,0.0,0.000710505701135844,0.0028590620829693565
StackCube-v1,2,45,0.8181818181818182,3a4cd39d6748f2ace01f4913ea2f9928e842e67ff1a3c8406865053215ef1257,0,0.0015,eef_joint_1-,0.01,0.0,-0.01,0.0,1,1,,1,1,0.0,4.070911407470703,0.0,0.0,0.0,0.000710505701135844,0.0028590620829693565
StackCube-v1,2,45,0.8181818181818182,3a4cd39d6748f2ace01f4913ea2f9928e842e67ff1a3c8406865053215ef1257,1,0.003,object_pos_x+,0.003,0.003,0.0,0.0,1,1,,1,1,0.33333333333333337,4.070911407470703,0.0,0.0,0.0,0.000710505701135844,0.0028590620829693565
StackCube-v1,2,45,0.8181818181818182,3a4cd39d6748f2ace01f4913ea2f9928e842e67ff1a3c8406865053215ef1257,1,0.003,object_pos_x-,0.003,-0.003,0.0,0.0,1,1,,1,1,0.33333333333333337,4.070911407470703,0.0,0.0,0.0,0.000710505701135844,0.0028590620829693565
StackCube-v1,2,45,0.8181818181818182,3a4cd39d6748f2ace01f4913ea2f9928e842e67ff1a3c8406865053215ef1257,1,0.003,object_pos_y+,0.003,0.0,0.003,0.0,1,1,,1,1,0.33333333333333337,4.070911407470703,0.0,0.0,0.0,0.000710505701135844,0.0028590620829693565
StackCube-v1,2,45,0.8181818181818182,3a4cd39d6748f2ace01f4913ea2f9928e842e67ff1a3c8406865053215ef1257,1,0.003,object_pos_y-,0.003,0.0,-0.003,0.0,1,1,,1,1,0.33333333333333337,4.070911407470703,0.0,0.0,0.0,0.000710505701135844,0.0028590620829693565
StackCube-v1,2,45,0.8181818181818182,3a4cd39d6748f2ace01f4913ea2f9928e842e67ff1a3c8406865053215ef1257,1,0.003,eef_joint_1+,0.02,0.0,0.02,0.0,0,1,,1,1,0.33333333333333337,4.070911407470703,0.0,0.0,0.0,0.000710505701135844,0.0028590620829693565
StackCube-v1,2,45,0.8181818181818182,3a4cd39d6748f2ace01f4913ea2f9928e842e67ff1a3c8406865053215ef1257,1,0.003,eef_joint_1-,0.02,0.0,-0.02,0.0,0,1,,1,1,0.33333333333333337,4.070911407470703,0.0,0.0,0.0,0.000710505701135844,0.0028590620829693565
StackCube-v1,2,45,0.8181818181818182,3a4cd39d6748f2ace01f4913ea2f9928e842e67ff1a3c8406865053215ef1257,2,0.006,object_pos_x+,0.006,0.006,0.0,0.0,1,1,,1,1,0.0,4.070911407470703,0.0,0.0,0.0,0.000710505701135844,0.0028590620829693565
StackCube-v1,2,45,0.8181818181818182,3a4cd39d6748f2ace01f4913ea2f9928e842e67ff1a3c8406865053215ef1257,2,0.006,object_pos_x-,0.006,-0.006,0.0,0.0,1,1,,1,1,0.0,4.070911407470703,0.0,0.0,0.0,0.000710505701135844,0.0028590620829693565
StackCube-v1,2,45,0.8181818181818182,3a4cd39d6748f2ace01f4913ea2f9928e842e67ff1a3c8406865053215ef1257,2,0.006,object_pos_y+,0.006,0.0,0.006,0.0,1,1,,1,1,0.0,4.070911407470703,0.0,0.0,0.0,0.000710505701135844,0.0028590620829693565
StackCube-v1,2,45,0.8181818181818182,3a4cd39d6748f2ace01f4913ea2f9928e842e67ff1a3c8406865053215ef1257,2,0.006,object_pos_y-,0.006,0.0,-0.006,0.0,1,1,,1,1,0.0,4.070911407470703,0.0,0.0,0.0,0.000710505701135844,0.0028590620829693565
StackCube-v1,2,45,0.8181818181818182,3a4cd39d6748f2ace01f4913ea2f9928e842e67ff1a3c8406865053215ef1257,2,0.006,eef_joint_1+,0.04,0.0,0.04,0.0,1,1,,1,1,0.0,4.070911407470703,0.0,0.0,0.0,0.000710505701135844,0.0028590620829693565
StackCube-v1,2,45,0.8181818181818182,3a4cd39d6748f2ace01f4913ea2f9928e842e67ff1a3c8406865053215ef1257,2,0.006,eef_joint_1-,0.04,0.0,-0.04,0.0,1,1,,1,1,0.0,4.070911407470703,0.0,0.0,0.0,0.000710505701135844,0.0028590620829693565
StackCube-v1,2,50,0.9090909090909091,122fdfe9dea0686c3c79e6946ba74d96302c06693aa9071797a47c02b74f9c5e,0,0.0015,object_pos_x+,0.0015,0.0015,0.0,0.0,1,1,,1,1,0.0,4.070911407470703,0.0,0.0,0.0,0.00022902466298546642,0.0005055755292877687
StackCube-v1,2,50,0.9090909090909091,122fdfe9dea0686c3c79e6946ba74d96302c06693aa9071797a47c02b74f9c5e,0,0.0015,object_pos_x-,0.0015,-0.0015,0.0,0.0,1,1,,1,1,0.0,4.070911407470703,0.0,0.0,0.0,0.00022902466298546642,0.0005055755292877687
StackCube-v1,2,50,0.9090909090909091,122fdfe9dea0686c3c79e6946ba74d96302c06693aa9071797a47c02b74f9c5e,0,0.0015,object_pos_y+,0.0015,0.0,0.0015,0.0,1,1,,1,1,0.0,4.070911407470703,0.0,0.0,0.0,0.00022902466298546642,0.0005055755292877687
StackCube-v1,2,50,0.9090909090909091,122fdfe9dea0686c3c79e6946ba74d96302c06693aa9071797a47c02b74f9c5e,0,0.0015,object_pos_y-,0.0015,0.0,-0.0015,0.0,1,1,,1,1,0.0,4.070911407470703,0.0,0.0,0.0,0.00022902466298546642,0.0005055755292877687
StackCube-v1,2,50,0.9090909090909091,122fdfe9dea0686c3c79e6946ba74d96302c06693aa9071797a47c02b74f9c5e,0,0.0015,eef_joint_1+,0.01,0.0,0.01,0.0,1,1,,1,1,0.0,4.070911407470703,0.0,0.0,0.0,0.00022902466298546642,0.0005055755292877687
StackCube-v1,2,50,0.9090909090909091,122fdfe9dea0686c3c79e6946ba74d96302c06693aa9071797a47c02b74f9c5e,0,0.0015,eef_joint_1-,0.01,0.0,-0.01,0.0,1,1,,1,1,0.0,4.070911407470703,0.0,0.0,0.0,0.00022902466298546642,0.0005055755292877687
StackCube-v1,2,50,0.9090909090909091,122fdfe9dea0686c3c79e6946ba74d96302c06693aa9071797a47c02b74f9c5e,1,0.003,object_pos_x+,0.003,0.003,0.0,0.0,1,1,,1,1,0.0,4.070911407470703,0.0,0.0,0.0,0.00022902466298546642,0.0005055755292877687
StackCube-v1,2,50,0.9090909090909091,122fdfe9dea0686c3c79e6946ba74d96302c06693aa9071797a47c02b74f9c5e,1,0.003,object_pos_x-,0.003,-0.003,0.0,0.0,1,1,,1,1,0.0,4.070911407470703,0.0,0.0,0.0,0.00022902466298546642,0.0005055755292877687
StackCube-v1,2,50,0.9090909090909091,122fdfe9dea0686c3c79e6946ba74d96302c06693aa9071797a47c02b74f9c5e,1,0.003,object_pos_y+,0.003,0.0,0.003,0.0,1,1,,1,1,0.0,4.070911407470703,0.0,0.0,0.0,0.00022902466298546642,0.0005055755292877687
StackCube-v1,2,50,0.9090909090909091,122fdfe9dea0686c3c79e6946ba74d96302c06693aa9071797a47c02b74f9c5e,1,0.003,object_pos_y-,0.003,0.0,-0.003,0.0,1,1,,1,1,0.0,4.070911407470703,0.0,0.0,0.0,0.00022902466298546642,0.0005055755292877687
StackCube-v1,2,50,0.9090909090909091,122fdfe9dea0686c3c79e6946ba74d96302c06693aa9071797a47c02b74f9c5e,1,0.003,eef_joint_1+,0.02,0.0,0.02,0.0,1,1,,1,1,0.0,4.070911407470703,0.0,0.0,0.0,0.00022902466298546642,0.0005055755292877687
StackCube-v1,2,50,0.9090909090909091,122fdfe9dea0686c3c79e6946ba74d96302c06693aa9071797a47c02b74f9c5e,1,0.003,eef_joint_1-,0.02,0.0,-0.02,0.0,1,1,,1,1,0.0,4.070911407470703,0.0,0.0,0.0,0.00022902466298546642,0.0005055755292877687
StackCube-v1,2,50,0.9090909090909091,122fdfe9dea0686c3c79e6946ba74d96302c06693aa9071797a47c02b74f9c5e,2,0.006,object_pos_x+,0.006,0.006,0.0,0.0,1,1,,1,1,0.0,4.070911407470703,0.0,0.0,0.0,0.00022902466298546642,0.0005055755292877687
StackCube-v1,2,50,0.9090909090909091,122fdfe9dea0686c3c79e6946ba74d96302c06693aa9071797a47c02b74f9c5e,2,0.006,object_pos_x-,0.006,-0.006,0.0,0.0,1,1,,1,1,0.0,4.070911407470703,0.0,0.0,0.0,0.00022902466298546642,0.0005055755292877687
StackCube-v1,2,50,0.9090909090909091,122fdfe9dea0686c3c79e6946ba74d96302c06693aa9071797a47c02b74f9c5e,2,0.006,object_pos_y+,0.006,0.0,0.006,0.0,1,1,,1,1,0.0,4.070911407470703,0.0,0.0,0.0,0.00022902466298546642,0.0005055755292877687
StackCube-v1,2,50,0.9090909090909091,122fdfe9dea0686c3c79e6946ba74d96302c06693aa9071797a47c02b74f9c5e,2,0.006,object_pos_y-,0.006,0.0,-0.006,0.0,1,1,,1,1,0.0,4.070911407470703,0.0,0.0,0.0,0.00022902466298546642,0.0005055755292877687
StackCube-v1,2,50,0.9090909090909091,122fdfe9dea0686c3c79e6946ba74d96302c06693aa9071797a47c02b74f9c5e,2,0.006,eef_joint_1+,0.04,0.0,0.04,0.0,1,1,,1,1,0.0,4.070911407470703,0.0,0.0,0.0,0.00022902466298546642,0.0005055755292877687
StackCube-v1,2,50,0.9090909090909091,122fdfe9dea0686c3c79e6946ba74d96302c06693aa9071797a47c02b74f9c5e,2,0.006,eef_joint_1-,0.04,0.0,-0.04,0.0,1,1,,1,1,0.0,4.070911407470703,0.0,0.0,0.0,0.00022902466298546642,0.0005055755292877687
StackCube-v1,2,55,1.0,8300e7da169f08b22be5767ab0ea957bc6ef8b2095e92ebaa6d9423f80fc02aa,0,0.0015,object_pos_x+,0.0015,0.0015,0.0,0.0,1,1,,1,1,0.0,4.070911407470703,0.0,0.0,0.0,0.00045303849037736654,0.0005037345348229301
StackCube-v1,2,55,1.0,8300e7da169f08b22be5767ab0ea957bc6ef8b2095e92ebaa6d9423f80fc02aa,0,0.0015,object_pos_x-,0.0015,-0.0015,0.0,0.0,1,1,,1,1,0.0,4.070911407470703,0.0,0.0,0.0,0.00045303849037736654,0.0005037345348229301
StackCube-v1,2,55,1.0,8300e7da169f08b22be5767ab0ea957bc6ef8b2095e92ebaa6d9423f80fc02aa,0,0.0015,object_pos_y+,0.0015,0.0,0.0015,0.0,1,1,,1,1,0.0,4.070911407470703,0.0,0.0,0.0,0.00045303849037736654,0.0005037345348229301
StackCube-v1,2,55,1.0,8300e7da169f08b22be5767ab0ea957bc6ef8b2095e92ebaa6d9423f80fc02aa,0,0.0015,object_pos_y-,0.0015,0.0,-0.0015,0.0,1,1,,1,1,0.0,4.070911407470703,0.0,0.0,0.0,0.00045303849037736654,0.0005037345348229301
StackCube-v1,2,55,1.0,8300e7da169f08b22be5767ab0ea957bc6ef8b2095e92ebaa6d9423f80fc02aa,0,0.0015,eef_joint_1+,0.01,0.0,0.01,0.0,1,1,,1,1,0.0,4.070911407470703,0.0,0.0,0.0,0.00045303849037736654,0.0005037345348229301
StackCube-v1,2,55,1.0,8300e7da169f08b22be5767ab0ea957bc6ef8b2095e92ebaa6d9423f80fc02aa,0,0.0015,eef_joint_1-,0.01,0.0,-0.01,0.0,1,1,,1,1,0.0,4.070911407470703,0.0,0.0,0.0,0.00045303849037736654,0.0005037345348229301
StackCube-v1,2,55,1.0,8300e7da169f08b22be5767ab0ea957bc6ef8b2095e92ebaa6d9423f80fc02aa,1,0.003,object_pos_x+,0.003,0.003,0.0,0.0,1,1,,1,1,0.0,4.070911407470703,0.0,0.0,0.0,0.00045303849037736654,0.0005037345348229301
StackCube-v1,2,55,1.0,8300e7da169f08b22be5767ab0ea957bc6ef8b2095e92ebaa6d9423f80fc02aa,1,0.003,object_pos_x-,0.003,-0.003,0.0,0.0,1,1,,1,1,0.0,4.070911407470703,0.0,0.0,0.0,0.00045303849037736654,0.0005037345348229301
StackCube-v1,2,55,1.0,8300e7da169f08b22be5767ab0ea957bc6ef8b2095e92ebaa6d9423f80fc02aa,1,0.003,object_pos_y+,0.003,0.0,0.003,0.0,1,1,,1,1,0.0,4.070911407470703,0.0,0.0,0.0,0.00045303849037736654,0.0005037345348229301
StackCube-v1,2,55,1.0,8300e7da169f08b22be5767ab0ea957bc6ef8b2095e92ebaa6d9423f80fc02aa,1,0.003,object_pos_y-,0.003,0.0,-0.003,0.0,1,1,,1,1,0.0,4.070911407470703,0.0,0.0,0.0,0.00045303849037736654,0.0005037345348229301
StackCube-v1,2,55,1.0,8300e7da169f08b22be5767ab0ea957bc6ef8b2095e92ebaa6d9423f80fc02aa,1,0.003,eef_joint_1+,0.02,0.0,0.02,0.0,1,1,,1,1,0.0,4.070911407470703,0.0,0.0,0.0,0.00045303849037736654,0.0005037345348229301
StackCube-v1,2,55,1.0,8300e7da169f08b22be5767ab0ea957bc6ef8b2095e92ebaa6d9423f80fc02aa,1,0.003,eef_joint_1-,0.02,0.0,-0.02,0.0,1,1,,1,1,0.0,4.070911407470703,0.0,0.0,0.0,0.00045303849037736654,0.0005037345348229301
StackCube-v1,2,55,1.0,8300e7da169f08b22be5767ab0ea957bc6ef8b2095e92ebaa6d9423f80fc02aa,2,0.006,object_pos_x+,0.006,0.006,0.0,0.0,1,1,,1,1,0.0,4.070911407470703,0.0,0.0,0.0,0.00045303849037736654,0.0005037345348229301
StackCube-v1,2,55,1.0,8300e7da169f08b22be5767ab0ea957bc6ef8b2095e92ebaa6d9423f80fc02aa,2,0.006,object_pos_x-,0.006,-0.006,0.0,0.0,1,1,,1,1,0.0,4.070911407470703,0.0,0.0,0.0,0.00045303849037736654,0.0005037345348229301
StackCube-v1,2,55,1.0,8300e7da169f08b22be5767ab0ea957bc6ef8b2095e92ebaa6d9423f80fc02aa,2,0.006,object_pos_y+,0.006,0.0,0.006,0.0,1,1,,1,1,0.0,4.070911407470703,0.0,0.0,0.0,0.00045303849037736654,0.0005037345348229301
StackCube-v1,2,55,1.0,8300e7da169f08b22be5767ab0ea957bc6ef8b2095e92ebaa6d9423f80fc02aa,2,0.006,object_pos_y-,0.006,0.0,-0.006,0.0,1,1,,1,1,0.0,4.070911407470703,0.0,0.0,0.0,0.00045303849037736654,0.0005037345348229301
StackCube-v1,2,55,1.0,8300e7da169f08b22be5767ab0ea957bc6ef8b2095e92ebaa6d9423f80fc02aa,2,0.006,eef_joint_1+,0.04,0.0,0.04,0.0,1,1,,1,1,0.0,4.070911407470703,0.0,0.0,0.0,0.00045303849037736654,0.0005037345348229301
StackCube-v1,2,55,1.0,8300e7da169f08b22be5767ab0ea957bc6ef8b2095e92ebaa6d9423f80fc02aa,2,0.006,eef_joint_1-,0.04,0.0,-0.04,0.0,1,1,,1,1,0.0,4.070911407470703,0.0,0.0,0.0,0.00045303849037736654,0.0005037345348229301
StackCube-v1,3,0,0.0,c59f3e69004dfdb3ae806cfd7ca0b5535590e1d0a155da27a402a8cd8167e55c,0,0.0015,object_pos_x+,0.0015,0.0015,0.0,0.0,1,1,,1,1,0.0,3.57334566116333,3.57334566116333,3.57334566116333,1.0,0.340188205242157,0.305359433377526
StackCube-v1,3,0,0.0,c59f3e69004dfdb3ae806cfd7ca0b5535590e1d0a155da27a402a8cd8167e55c,0,0.0015,object_pos_x-,0.0015,-0.0015,0.0,0.0,1,1,,1,1,0.0,3.57334566116333,3.57334566116333,3.57334566116333,1.0,0.340188205242157,0.305359433377526
StackCube-v1,3,0,0.0,c59f3e69004dfdb3ae806cfd7ca0b5535590e1d0a155da27a402a8cd8167e55c,0,0.0015,object_pos_y+,0.0015,0.0,0.0015,0.0,1,1,,1,1,0.0,3.57334566116333,3.57334566116333,3.57334566116333,1.0,0.340188205242157,0.305359433377526
StackCube-v1,3,0,0.0,c59f3e69004dfdb3ae806cfd7ca0b5535590e1d0a155da27a402a8cd8167e55c,0,0.0015,object_pos_y-,0.0015,0.0,-0.0015,0.0,1,1,,1,1,0.0,3.57334566116333,3.57334566116333,3.57334566116333,1.0,0.340188205242157,0.305359433377526
StackCube-v1,3,0,0.0,c59f3e69004dfdb3ae806cfd7ca0b5535590e1d0a155da27a402a8cd8167e55c,0,0.0015,eef_joint_1+,0.01,0.0,0.01,0.0,1,1,,1,1,0.0,3.57334566116333,3.57334566116333,3.57334566116333,1.0,0.340188205242157,0.305359433377526
StackCube-v1,3,0,0.0,c59f3e69004dfdb3ae806cfd7ca0b5535590e1d0a155da27a402a8cd8167e55c,0,0.0015,eef_joint_1-,0.01,0.0,-0.01,0.0,1,1,,1,1,0.0,3.57334566116333,3.57334566116333,3.57334566116333,1.0,0.340188205242157,0.305359433377526
StackCube-v1,3,0,0.0,c59f3e69004dfdb3ae806cfd7ca0b5535590e1d0a155da27a402a8cd8167e55c,1,0.003,object_pos_x+,0.003,0.003,0.0,0.0,1,1,,1,1,0.33333333333333337,3.57334566116333,3.57334566116333,3.57334566116333,1.0,0.340188205242157,0.305359433377526
StackCube-v1,3,0,0.0,c59f3e69004dfdb3ae806cfd7ca0b5535590e1d0a155da27a402a8cd8167e55c,1,0.003,object_pos_x-,0.003,-0.003,0.0,0.0,1,1,,1,1,0.33333333333333337,3.57334566116333,3.57334566116333,3.57334566116333,1.0,0.340188205242157,0.305359433377526
StackCube-v1,3,0,0.0,c59f3e69004dfdb3ae806cfd7ca0b5535590e1d0a155da27a402a8cd8167e55c,1,0.003,object_pos_y+,0.003,0.0,0.003,0.0,1,1,,1,1,0.33333333333333337,3.57334566116333,3.57334566116333,3.57334566116333,1.0,0.340188205242157,0.305359433377526
StackCube-v1,3,0,0.0,c59f3e69004dfdb3ae806cfd7ca0b5535590e1d0a155da27a402a8cd8167e55c,1,0.003,object_pos_y-,0.003,0.0,-0.003,0.0,1,1,,1,1,0.33333333333333337,3.57334566116333,3.57334566116333,3.57334566116333,1.0,0.340188205242157,0.305359433377526
StackCube-v1,3,0,0.0,c59f3e69004dfdb3ae806cfd7ca0b5535590e1d0a155da27a402a8cd8167e55c,1,0.003,eef_joint_1+,0.02,0.0,0.02,0.0,0,1,,1,1,0.33333333333333337,3.57334566116333,3.57334566116333,3.57334566116333,1.0,0.340188205242157,0.305359433377526
StackCube-v1,3,0,0.0,c59f3e69004dfdb3ae806cfd7ca0b5535590e1d0a155da27a402a8cd8167e55c,1,0.003,eef_joint_1-,0.02,0.0,-0.02,0.0,0,1,,1,1,0.33333333333333337,3.57334566116333,3.57334566116333,3.57334566116333,1.0,0.340188205242157,0.305359433377526
StackCube-v1,3,0,0.0,c59f3e69004dfdb3ae806cfd7ca0b5535590e1d0a155da27a402a8cd8167e55c,2,0.006,object_pos_x+,0.006,0.006,0.0,0.0,1,1,,1,1,0.33333333333333337,3.57334566116333,3.57334566116333,3.57334566116333,1.0,0.340188205242157,0.305359433377526
StackCube-v1,3,0,0.0,c59f3e69004dfdb3ae806cfd7ca0b5535590e1d0a155da27a402a8cd8167e55c,2,0.006,object_pos_x-,0.006,-0.006,0.0,0.0,1,1,,1,1,0.33333333333333337,3.57334566116333,3.57334566116333,3.57334566116333,1.0,0.340188205242157,0.305359433377526
StackCube-v1,3,0,0.0,c59f3e69004dfdb3ae806cfd7ca0b5535590e1d0a155da27a402a8cd8167e55c,2,0.006,object_pos_y+,0.006,0.0,0.006,0.0,1,1,,1,1,0.33333333333333337,3.57334566116333,3.57334566116333,3.57334566116333,1.0,0.340188205242157,0.305359433377526
StackCube-v1,3,0,0.0,c59f3e69004dfdb3ae806cfd7ca0b5535590e1d0a155da27a402a8cd8167e55c,2,0.006,object_pos_y-,0.006,0.0,-0.006,0.0,1,1,,1,1,0.33333333333333337,3.57334566116333,3.57334566116333,3.57334566116333,1.0,0.340188205242157,0.305359433377526
StackCube-v1,3,0,0.0,c59f3e69004dfdb3ae806cfd7ca0b5535590e1d0a155da27a402a8cd8167e55c,2,0.006,eef_joint_1+,0.04,0.0,0.04,0.0,0,1,,1,1,0.33333333333333337,3.57334566116333,3.57334566116333,3.57334566116333,1.0,0.340188205242157,0.305359433377526
StackCube-v1,3,0,0.0,c59f3e69004dfdb3ae806cfd7ca0b5535590e1d0a155da27a402a8cd8167e55c,2,0.006,eef_joint_1-,0.04,0.0,-0.04,0.0,0,1,,1,1,0.33333333333333337,3.57334566116333,3.57334566116333,3.57334566116333,1.0,0.340188205242157,0.305359433377526
StackCube-v1,3,5,0.09090909090909091,a43ade0cf8ede89d0ba2a09d98cc51b908f33328368b9da1f9d6d2e8be89955b,0,0.0015,object_pos_x+,0.0015,0.0015,0.0,0.0,1,1,,1,1,0.0,3.57334566116333,0.0,0.0,0.0,0.06951840966939926,0.305358754923162
StackCube-v1,3,5,0.09090909090909091,a43ade0cf8ede89d0ba2a09d98cc51b908f33328368b9da1f9d6d2e8be89955b,0,0.0015,object_pos_x-,0.0015,-0.0015,0.0,0.0,1,1,,1,1,0.0,3.57334566116333,0.0,0.0,0.0,0.06951840966939926,0.305358754923162
StackCube-v1,3,5,0.09090909090909091,a43ade0cf8ede89d0ba2a09d98cc51b908f33328368b9da1f9d6d2e8be89955b,0,0.0015,object_pos_y+,0.0015,0.0,0.0015,0.0,1,1,,1,1,0.0,3.57334566116333,0.0,0.0,0.0,0.06951840966939926,0.305358754923162
StackCube-v1,3,5,0.09090909090909091,a43ade0cf8ede89d0ba2a09d98cc51b908f33328368b9da1f9d6d2e8be89955b,0,0.0015,object_pos_y-,0.0015,0.0,-0.0015,0.0,1,1,,1,1,0.0,3.57334566116333,0.0,0.0,0.0,0.06951840966939926,0.305358754923162
StackCube-v1,3,5,0.09090909090909091,a43ade0cf8ede89d0ba2a09d98cc51b908f33328368b9da1f9d6d2e8be89955b,0,0.0015,eef_joint_1+,0.01,0.0,0.01,0.0,1,1,,1,1,0.0,3.57334566116333,0.0,0.0,0.0,0.06951840966939926,0.305358754923162
StackCube-v1,3,5,0.09090909090909091,a43ade0cf8ede89d0ba2a09d98cc51b908f33328368b9da1f9d6d2e8be89955b,0,0.0015,eef_joint_1-,0.01,0.0,-0.01,0.0,1,1,,1,1,0.0,3.57334566116333,0.0,0.0,0.0,0.06951840966939926,0.305358754923162
StackCube-v1,3,5,0.09090909090909091,a43ade0cf8ede89d0ba2a09d98cc51b908f33328368b9da1f9d6d2e8be89955b,1,0.003,object_pos_x+,0.003,0.003,0.0,0.0,1,1,,1,1,0.33333333333333337,3.57334566116333,0.0,0.0,0.0,0.06951840966939926,0.305358754923162
StackCube-v1,3,5,0.09090909090909091,a43ade0cf8ede89d0ba2a09d98cc51b908f33328368b9da1f9d6d2e8be89955b,1,0.003,object_pos_x-,0.003,-0.003,0.0,0.0,1,1,,1,1,0.33333333333333337,3.57334566116333,0.0,0.0,0.0,0.06951840966939926,0.305358754923162
StackCube-v1,3,5,0.09090909090909091,a43ade0cf8ede89d0ba2a09d98cc51b908f33328368b9da1f9d6d2e8be89955b,1,0.003,object_pos_y+,0.003,0.0,0.003,0.0,1,1,,1,1,0.33333333333333337,3.57334566116333,0.0,0.0,0.0,0.06951840966939926,0.305358754923162
StackCube-v1,3,5,0.09090909090909091,a43ade0cf8ede89d0ba2a09d98cc51b908f33328368b9da1f9d6d2e8be89955b,1,0.003,object_pos_y-,0.003,0.0,-0.003,0.0,1,1,,1,1,0.33333333333333337,3.57334566116333,0.0,0.0,0.0,0.06951840966939926,0.305358754923162
StackCube-v1,3,5,0.09090909090909091,a43ade0cf8ede89d0ba2a09d98cc51b908f33328368b9da1f9d6d2e8be89955b,1,0.003,eef_joint_1+,0.02,0.0,0.02,0.0,0,1,,1,1,0.33333333333333337,3.57334566116333,0.0,0.0,0.0,0.06951840966939926,0.305358754923162
StackCube-v1,3,5,0.09090909090909091,a43ade0cf8ede89d0ba2a09d98cc51b908f33328368b9da1f9d6d2e8be89955b,1,0.003,eef_joint_1-,0.02,0.0,-0.02,0.0,0,1,,1,1,0.33333333333333337,3.57334566116333,0.0,0.0,0.0,0.06951840966939926,0.305358754923162
StackCube-v1,3,5,0.09090909090909091,a43ade0cf8ede89d0ba2a09d98cc51b908f33328368b9da1f9d6d2e8be89955b,2,0.006,object_pos_x+,0.006,0.006,0.0,0.0,1,1,,1,1,0.33333333333333337,3.57334566116333,0.0,0.0,0.0,0.06951840966939926,0.305358754923162
StackCube-v1,3,5,0.09090909090909091,a43ade0cf8ede89d0ba2a09d98cc51b908f33328368b9da1f9d6d2e8be89955b,2,0.006,object_pos_x-,0.006,-0.006,0.0,0.0,1,1,,1,1,0.33333333333333337,3.57334566116333,0.0,0.0,0.0,0.06951840966939926,0.305358754923162
StackCube-v1,3,5,0.09090909090909091,a43ade0cf8ede89d0ba2a09d98cc51b908f33328368b9da1f9d6d2e8be89955b,2,0.006,object_pos_y+,0.006,0.0,0.006,0.0,1,1,,1,1,0.33333333333333337,3.57334566116333,0.0,0.0,0.0,0.06951840966939926,0.305358754923162
StackCube-v1,3,5,0.09090909090909091,a43ade0cf8ede89d0ba2a09d98cc51b908f33328368b9da1f9d6d2e8be89955b,2,0.006,object_pos_y-,0.006,0.0,-0.006,0.0,1,1,,1,1,0.33333333333333337,3.57334566116333,0.0,0.0,0.0,0.06951840966939926,0.305358754923162
StackCube-v1,3,5,0.09090909090909091,a43ade0cf8ede89d0ba2a09d98cc51b908f33328368b9da1f9d6d2e8be89955b,2,0.006,eef_joint_1+,0.04,0.0,0.04,0.0,0,1,,1,1,0.33333333333333337,3.57334566116333,0.0,0.0,0.0,0.06951840966939926,0.305358754923162
StackCube-v1,3,5,0.09090909090909091,a43ade0cf8ede89d0ba2a09d98cc51b908f33328368b9da1f9d6d2e8be89955b,2,0.006,eef_joint_1-,0.04,0.0,-0.04,0.0,0,1,,1,1,0.33333333333333337,3.57334566116333,0.0,0.0,0.0,0.06951840966939926,0.305358754923162
StackCube-v1,3,10,0.18181818181818182,04c2915cd0f6e54db9d33da8636f98a69ad2abc41e969cb1856a91db2a57085a,0,0.0015,object_pos_x+,0.0015,0.0015,0.0,0.0,1,1,,1,1,0.0,3.572268009185791,0.0,0.0,0.0,0.030948877334594727,0.30535831794243984
StackCube-v1,3,10,0.18181818181818182,04c2915cd0f6e54db9d33da8636f98a69ad2abc41e969cb1856a91db2a57085a,0,0.0015,object_pos_x-,0.0015,-0.0015,0.0,0.0,1,1,,1,1,0.0,3.572268009185791,0.0,0.0,0.0,0.030948877334594727,0.30535831794243984
StackCube-v1,3,10,0.18181818181818182,04c2915cd0f6e54db9d33da8636f98a69ad2abc41e969cb1856a91db2a57085a,0,0.0015,object_pos_y+,0.0015,0.0,0.0015,0.0,1,1,,1,1,0.0,3.572268009185791,0.0,0.0,0.0,0.030948877334594727,0.30535831794243984
StackCube-v1,3,10,0.18181818181818182,04c2915cd0f6e54db9d33da8636f98a69ad2abc41e969cb1856a91db2a57085a,0,0.0015,object_pos_y-,0.0015,0.0,-0.0015,0.0,1,1,,1,1,0.0,3.572268009185791,0.0,0.0,0.0,0.030948877334594727,0.30535831794243984
StackCube-v1,3,10,0.18181818181818182,04c2915cd0f6e54db9d33da8636f98a69ad2abc41e969cb1856a91db2a57085a,0,0.0015,eef_joint_1+,0.01,0.0,0.01,0.0,1,1,,1,1,0.0,3.572268009185791,0.0,0.0,0.0,0.030948877334594727,0.30535831794243984
StackCube-v1,3,10,0.18181818181818182,04c2915cd0f6e54db9d33da8636f98a69ad2abc41e969cb1856a91db2a57085a,0,0.0015,eef_joint_1-,0.01,0.0,-0.01,0.0,1,1,,1,1,0.0,3.572268009185791,0.0,0.0,0.0,0.030948877334594727,0.30535831794243984
StackCube-v1,3,10,0.18181818181818182,04c2915cd0f6e54db9d33da8636f98a69ad2abc41e969cb1856a91db2a57085a,1,0.003,object_pos_x+,0.003,0.003,0.0,0.0,1,1,,1,1,0.33333333333333337,3.572268009185791,0.0,0.0,0.0,0.030948877334594727,0.30535831794243984
StackCube-v1,3,10,0.18181818181818182,04c2915cd0f6e54db9d33da8636f98a69ad2abc41e969cb1856a91db2a57085a,1,0.003,object_pos_x-,0.003,-0.003,0.0,0.0,1,1,,1,1,0.33333333333333337,3.572268009185791,0.0,0.0,0.0,0.030948877334594727,0.30535831794243984
StackCube-v1,3,10,0.18181818181818182,04c2915cd0f6e54db9d33da8636f98a69ad2abc41e969cb1856a91db2a57085a,1,0.003,object_pos_y+,0.003,0.0,0.003,0.0,1,1,,1,1,0.33333333333333337,3.572268009185791,0.0,0.0,0.0,0.030948877334594727,0.30535831794243984
StackCube-v1,3,10,0.18181818181818182,04c2915cd0f6e54db9d33da8636f98a69ad2abc41e969cb1856a91db2a57085a,1,0.003,object_pos_y-,0.003,0.0,-0.003,0.0,1,1,,1,1,0.33333333333333337,3.572268009185791,0.0,0.0,0.0,0.030948877334594727,0.30535831794243984
StackCube-v1,3,10,0.18181818181818182,04c2915cd0f6e54db9d33da8636f98a69ad2abc41e969cb1856a91db2a57085a,1,0.003,eef_joint_1+,0.02,0.0,0.02,0.0,0,1,,1,1,0.33333333333333337,3.572268009185791,0.0,0.0,0.0,0.030948877334594727,0.30535831794243984
StackCube-v1,3,10,0.18181818181818182,04c2915cd0f6e54db9d33da8636f98a69ad2abc41e969cb1856a91db2a57085a,1,0.003,eef_joint_1-,0.02,0.0,-0.02,0.0,0,1,,1,1,0.33333333333333337,3.572268009185791,0.0,0.0,0.0,0.030948877334594727,0.30535831794243984
StackCube-v1,3,10,0.18181818181818182,04c2915cd0f6e54db9d33da8636f98a69ad2abc41e969cb1856a91db2a57085a,2,0.006,object_pos_x+,0.006,0.006,0.0,0.0,1,1,,1,1,0.33333333333333337,3.572268009185791,0.0,0.0,0.0,0.030948877334594727,0.30535831794243984
StackCube-v1,3,10,0.18181818181818182,04c2915cd0f6e54db9d33da8636f98a69ad2abc41e969cb1856a91db2a57085a,2,0.006,object_pos_x-,0.006,-0.006,0.0,0.0,1,1,,1,1,0.33333333333333337,3.572268009185791,0.0,0.0,0.0,0.030948877334594727,0.30535831794243984
StackCube-v1,3,10,0.18181818181818182,04c2915cd0f6e54db9d33da8636f98a69ad2abc41e969cb1856a91db2a57085a,2,0.006,object_pos_y+,0.006,0.0,0.006,0.0,1,1,,1,1,0.33333333333333337,3.572268009185791,0.0,0.0,0.0,0.030948877334594727,0.30535831794243984
StackCube-v1,3,10,0.18181818181818182,04c2915cd0f6e54db9d33da8636f98a69ad2abc41e969cb1856a91db2a57085a,2,0.006,object_pos_y-,0.006,0.0,-0.006,0.0,1,1,,1,1,0.33333333333333337,3.572268009185791,0.0,0.0,0.0,0.030948877334594727,0.30535831794243984
StackCube-v1,3,10,0.18181818181818182,04c2915cd0f6e54db9d33da8636f98a69ad2abc41e969cb1856a91db2a57085a,2,0.006,eef_joint_1+,0.04,0.0,0.04,0.0,0,1,,1,1,0.33333333333333337,3.572268009185791,0.0,0.0,0.0,0.030948877334594727,0.30535831794243984
StackCube-v1,3,10,0.18181818181818182,04c2915cd0f6e54db9d33da8636f98a69ad2abc41e969cb1856a91db2a57085a,2,0.006,eef_joint_1-,0.04,0.0,-0.04,0.0,0,1,,1,1,0.33333333333333337,3.572268009185791,0.0,0.0,0.0,0.030948877334594727,0.30535831794243984
StackCube-v1,3,15,0.2727272727272727,db0df65900f184d211ca6af8688ebbb6b1c36d345f9b37db3638bbe623fadad1,0,0.0015,object_pos_x+,0.0015,0.0015,0.0,0.0,1,1,,1,1,0.0,3.572268009185791,0.0,0.0,0.0,0.0013460868503898382,0.3053583186744252
StackCube-v1,3,15,0.2727272727272727,db0df65900f184d211ca6af8688ebbb6b1c36d345f9b37db3638bbe623fadad1,0,0.0015,object_pos_x-,0.0015,-0.0015,0.0,0.0,1,1,,1,1,0.0,3.572268009185791,0.0,0.0,0.0,0.0013460868503898382,0.3053583186744252
StackCube-v1,3,15,0.2727272727272727,db0df65900f184d211ca6af8688ebbb6b1c36d345f9b37db3638bbe623fadad1,0,0.0015,object_pos_y+,0.0015,0.0,0.0015,0.0,1,1,,1,1,0.0,3.572268009185791,0.0,0.0,0.0,0.0013460868503898382,0.3053583186744252
StackCube-v1,3,15,0.2727272727272727,db0df65900f184d211ca6af8688ebbb6b1c36d345f9b37db3638bbe623fadad1,0,0.0015,object_pos_y-,0.0015,0.0,-0.0015,0.0,1,1,,1,1,0.0,3.572268009185791,0.0,0.0,0.0,0.0013460868503898382,0.3053583186744252
StackCube-v1,3,15,0.2727272727272727,db0df65900f184d211ca6af8688ebbb6b1c36d345f9b37db3638bbe623fadad1,0,0.0015,eef_joint_1+,0.01,0.0,0.01,0.0,1,1,,1,1,0.0,3.572268009185791,0.0,0.0,0.0,0.0013460868503898382,0.3053583186744252
StackCube-v1,3,15,0.2727272727272727,db0df65900f184d211ca6af8688ebbb6b1c36d345f9b37db3638bbe623fadad1,0,0.0015,eef_joint_1-,0.01,0.0,-0.01,0.0,1,1,,1,1,0.0,3.572268009185791,0.0,0.0,0.0,0.0013460868503898382,0.3053583186744252
StackCube-v1,3,15,0.2727272727272727,db0df65900f184d211ca6af8688ebbb6b1c36d345f9b37db3638bbe623fadad1,1,0.003,object_pos_x+,0.003,0.003,0.0,0.0,1,1,,1,1,0.33333333333333337,3.572268009185791,0.0,0.0,0.0,0.0013460868503898382,0.3053583186744252
StackCube-v1,3,15,0.2727272727272727,db0df65900f184d211ca6af8688ebbb6b1c36d345f9b37db3638bbe623fadad1,1,0.003,object_pos_x-,0.003,-0.003,0.0,0.0,1,1,,1,1,0.33333333333333337,3.572268009185791,0.0,0.0,0.0,0.0013460868503898382,0.3053583186744252
StackCube-v1,3,15,0.2727272727272727,db0df65900f184d211ca6af8688ebbb6b1c36d345f9b37db3638bbe623fadad1,1,0.003,object_pos_y+,0.003,0.0,0.003,0.0,1,1,,1,1,0.33333333333333337,3.572268009185791,0.0,0.0,0.0,0.0013460868503898382,0.3053583186744252
StackCube-v1,3,15,0.2727272727272727,db0df65900f184d211ca6af8688ebbb6b1c36d345f9b37db3638bbe623fadad1,1,0.003,object_pos_y-,0.003,0.0,-0.003,0.0,1,1,,1,1,0.33333333333333337,3.572268009185791,0.0,0.0,0.0,0.0013460868503898382,0.3053583186744252
StackCube-v1,3,15,0.2727272727272727,db0df65900f184d211ca6af8688ebbb6b1c36d345f9b37db3638bbe623fadad1,1,0.003,eef_joint_1+,0.02,0.0,0.02,0.0,0,1,,1,1,0.33333333333333337,3.572268009185791,0.0,0.0,0.0,0.0013460868503898382,0.3053583186744252
StackCube-v1,3,15,0.2727272727272727,db0df65900f184d211ca6af8688ebbb6b1c36d345f9b37db3638bbe623fadad1,1,0.003,eef_joint_1-,0.02,0.0,-0.02,0.0,0,1,,1,1,0.33333333333333337,3.572268009185791,0.0,0.0,0.0,0.0013460868503898382,0.3053583186744252
StackCube-v1,3,15,0.2727272727272727,db0df65900f184d211ca6af8688ebbb6b1c36d345f9b37db3638bbe623fadad1,2,0.006,object_pos_x+,0.006,0.006,0.0,0.0,1,1,,1,1,0.33333333333333337,3.572268009185791,0.0,0.0,0.0,0.0013460868503898382,0.3053583186744252
StackCube-v1,3,15,0.2727272727272727,db0df65900f184d211ca6af8688ebbb6b1c36d345f9b37db3638bbe623fadad1,2,0.006,object_pos_x-,0.006,-0.006,0.0,0.0,1,1,,1,1,0.33333333333333337,3.572268009185791,0.0,0.0,0.0,0.0013460868503898382,0.3053583186744252
StackCube-v1,3,15,0.2727272727272727,db0df65900f184d211ca6af8688ebbb6b1c36d345f9b37db3638bbe623fadad1,2,0.006,object_pos_y+,0.006,0.0,0.006,0.0,1,1,,1,1,0.33333333333333337,3.572268009185791,0.0,0.0,0.0,0.0013460868503898382,0.3053583186744252
StackCube-v1,3,15,0.2727272727272727,db0df65900f184d211ca6af8688ebbb6b1c36d345f9b37db3638bbe623fadad1,2,0.006,object_pos_y-,0.006,0.0,-0.006,0.0,1,1,,1,1,0.33333333333333337,3.572268009185791,0.0,0.0,0.0,0.0013460868503898382,0.3053583186744252
StackCube-v1,3,15,0.2727272727272727,db0df65900f184d211ca6af8688ebbb6b1c36d345f9b37db3638bbe623fadad1,2,0.006,eef_joint_1+,0.04,0.0,0.04,0.0,0,1,,1,1,0.33333333333333337,3.572268009185791,0.0,0.0,0.0,0.0013460868503898382,0.3053583186744252
StackCube-v1,3,15,0.2727272727272727,db0df65900f184d211ca6af8688ebbb6b1c36d345f9b37db3638bbe623fadad1,2,0.006,eef_joint_1-,0.04,0.0,-0.04,0.0,0,1,,1,1,0.33333333333333337,3.572268009185791,0.0,0.0,0.0,0.0013460868503898382,0.3053583186744252
StackCube-v1,3,20,0.36363636363636365,5248a32e9753d2e665d07ab93a36c7785b8a5fe27a02682205a783a9fcd2a98b,0,0.0015,object_pos_x+,0.0015,0.0015,0.0,0.0,1,1,,1,1,0.0,3.572268009185791,0.0,0.0,0.0,0.0006036132690496743,0.3060357934635462
StackCube-v1,3,20,0.36363636363636365,5248a32e9753d2e665d07ab93a36c7785b8a5fe27a02682205a783a9fcd2a98b,0,0.0015,object_pos_x-,0.0015,-0.0015,0.0,0.0,1,1,,1,1,0.0,3.572268009185791,0.0,0.0,0.0,0.0006036132690496743,0.3060357934635462
StackCube-v1,3,20,0.36363636363636365,5248a32e9753d2e665d07ab93a36c7785b8a5fe27a02682205a783a9fcd2a98b,0,0.0015,object_pos_y+,0.0015,0.0,0.0015,0.0,1,1,,1,1,0.0,3.572268009185791,0.0,0.0,0.0,0.0006036132690496743,0.3060357934635462
StackCube-v1,3,20,0.36363636363636365,5248a32e9753d2e665d07ab93a36c7785b8a5fe27a02682205a783a9fcd2a98b,0,0.0015,object_pos_y-,0.0015,0.0,-0.0015,0.0,1,1,,1,1,0.0,3.572268009185791,0.0,0.0,0.0,0.0006036132690496743,0.3060357934635462
StackCube-v1,3,20,0.36363636363636365,5248a32e9753d2e665d07ab93a36c7785b8a5fe27a02682205a783a9fcd2a98b,0,0.0015,eef_joint_1+,0.01,0.0,0.01,0.0,1,1,,1,1,0.0,3.572268009185791,0.0,0.0,0.0,0.0006036132690496743,0.3060357934635462
StackCube-v1,3,20,0.36363636363636365,5248a32e9753d2e665d07ab93a36c7785b8a5fe27a02682205a783a9fcd2a98b,0,0.0015,eef_joint_1-,0.01,0.0,-0.01,0.0,1,1,,1,1,0.0,3.572268009185791,0.0,0.0,0.0,0.0006036132690496743,0.3060357934635462
StackCube-v1,3,20,0.36363636363636365,5248a32e9753d2e665d07ab93a36c7785b8a5fe27a02682205a783a9fcd2a98b,1,0.003,object_pos_x+,0.003,0.003,0.0,0.0,1,1,,1,1,0.33333333333333337,3.572268009185791,0.0,0.0,0.0,0.0006036132690496743,0.3060357934635462
StackCube-v1,3,20,0.36363636363636365,5248a32e9753d2e665d07ab93a36c7785b8a5fe27a02682205a783a9fcd2a98b,1,0.003,object_pos_x-,0.003,-0.003,0.0,0.0,1,1,,1,1,0.33333333333333337,3.572268009185791,0.0,0.0,0.0,0.0006036132690496743,0.3060357934635462
StackCube-v1,3,20,0.36363636363636365,5248a32e9753d2e665d07ab93a36c7785b8a5fe27a02682205a783a9fcd2a98b,1,0.003,object_pos_y+,0.003,0.0,0.003,0.0,1,1,,1,1,0.33333333333333337,3.572268009185791,0.0,0.0,0.0,0.0006036132690496743,0.3060357934635462
StackCube-v1,3,20,0.36363636363636365,5248a32e9753d2e665d07ab93a36c7785b8a5fe27a02682205a783a9fcd2a98b,1,0.003,object_pos_y-,0.003,0.0,-0.003,0.0,1,1,,1,1,0.33333333333333337,3.572268009185791,0.0,0.0,0.0,0.0006036132690496743,0.3060357934635462
StackCube-v1,3,20,0.36363636363636365,5248a32e9753d2e665d07ab93a36c7785b8a5fe27a02682205a783a9fcd2a98b,1,0.003,eef_joint_1+,0.02,0.0,0.02,0.0,0,1,,1,1,0.33333333333333337,3.572268009185791,0.0,0.0,0.0,0.0006036132690496743,0.3060357934635462
StackCube-v1,3,20,0.36363636363636365,5248a32e9753d2e665d07ab93a36c7785b8a5fe27a02682205a783a9fcd2a98b,1,0.003,eef_joint_1-,0.02,0.0,-0.02,0.0,0,1,,1,1,0.33333333333333337,3.572268009185791,0.0,0.0,0.0,0.0006036132690496743,0.3060357934635462
StackCube-v1,3,20,0.36363636363636365,5248a32e9753d2e665d07ab93a36c7785b8a5fe27a02682205a783a9fcd2a98b,2,0.006,object_pos_x+,0.006,0.006,0.0,0.0,1,1,,1,1,0.33333333333333337,3.572268009185791,0.0,0.0,0.0,0.0006036132690496743,0.3060357934635462
StackCube-v1,3,20,0.36363636363636365,5248a32e9753d2e665d07ab93a36c7785b8a5fe27a02682205a783a9fcd2a98b,2,0.006,object_pos_x-,0.006,-0.006,0.0,0.0,1,1,,1,1,0.33333333333333337,3.572268009185791,0.0,0.0,0.0,0.0006036132690496743,0.3060357934635462
StackCube-v1,3,20,0.36363636363636365,5248a32e9753d2e665d07ab93a36c7785b8a5fe27a02682205a783a9fcd2a98b,2,0.006,object_pos_y+,0.006,0.0,0.006,0.0,1,1,,1,1,0.33333333333333337,3.572268009185791,0.0,0.0,0.0,0.0006036132690496743,0.3060357934635462
StackCube-v1,3,20,0.36363636363636365,5248a32e9753d2e665d07ab93a36c7785b8a5fe27a02682205a783a9fcd2a98b,2,0.006,object_pos_y-,0.006,0.0,-0.006,0.0,1,1,,1,1,0.33333333333333337,3.572268009185791,0.0,0.0,0.0,0.0006036132690496743,0.3060357934635462
StackCube-v1,3,20,0.36363636363636365,5248a32e9753d2e665d07ab93a36c7785b8a5fe27a02682205a783a9fcd2a98b,2,0.006,eef_joint_1+,0.04,0.0,0.04,0.0,0,1,,1,1,0.33333333333333337,3.572268009185791,0.0,0.0,0.0,0.0006036132690496743,0.3060357934635462
StackCube-v1,3,20,0.36363636363636365,5248a32e9753d2e665d07ab93a36c7785b8a5fe27a02682205a783a9fcd2a98b,2,0.006,eef_joint_1-,0.04,0.0,-0.04,0.0,0,1,,1,1,0.33333333333333337,3.572268009185791,0.0,0.0,0.0,0.0006036132690496743,0.3060357934635462
StackCube-v1,3,25,0.45454545454545453,451a9a42d75e13dc27d2dcd075e031f782ff9b70c20c84c3fd01b223734bbfeb,0,0.0015,object_pos_x+,0.0015,0.0015,0.0,0.0,1,1,,1,1,0.0,3.575793504714966,0.0,0.14000003039836884,0.0,0.0006119670579209924,0.30530421684167885
StackCube-v1,3,25,0.45454545454545453,451a9a42d75e13dc27d2dcd075e031f782ff9b70c20c84c3fd01b223734bbfeb,0,0.0015,object_pos_x-,0.0015,-0.0015,0.0,0.0,1,1,,1,1,0.0,3.575793504714966,0.0,0.14000003039836884,0.0,0.0006119670579209924,0.30530421684167885
StackCube-v1,3,25,0.45454545454545453,451a9a42d75e13dc27d2dcd075e031f782ff9b70c20c84c3fd01b223734bbfeb,0,0.0015,object_pos_y+,0.0015,0.0,0.0015,0.0,1,1,,1,1,0.0,3.575793504714966,0.0,0.14000003039836884,0.0,0.0006119670579209924,0.30530421684167885
StackCube-v1,3,25,0.45454545454545453,451a9a42d75e13dc27d2dcd075e031f782ff9b70c20c84c3fd01b223734bbfeb,0,0.0015,object_pos_y-,0.0015,0.0,-0.0015,0.0,1,1,,1,1,0.0,3.575793504714966,0.0,0.14000003039836884,0.0,0.0006119670579209924,0.30530421684167885
StackCube-v1,3,25,0.45454545454545453,451a9a42d75e13dc27d2dcd075e031f782ff9b70c20c84c3fd01b223734bbfeb,0,0.0015,eef_joint_1+,0.01,0.0,0.01,0.0,1,1,,1,1,0.0,3.575793504714966,0.0,0.14000003039836884,0.0,0.0006119670579209924,0.30530421684167885
StackCube-v1,3,25,0.45454545454545453,451a9a42d75e13dc27d2dcd075e031f782ff9b70c20c84c3fd01b223734bbfeb,0,0.0015,eef_joint_1-,0.01,0.0,-0.01,0.0,1,1,,1,1,0.0,3.575793504714966,0.0,0.14000003039836884,0.0,0.0006119670579209924,0.30530421684167885
StackCube-v1,3,25,0.45454545454545453,451a9a42d75e13dc27d2dcd075e031f782ff9b70c20c84c3fd01b223734bbfeb,1,0.003,object_pos_x+,0.003,0.003,0.0,0.0,1,1,,1,1,0.33333333333333337,3.575793504714966,0.0,0.14000003039836884,0.0,0.0006119670579209924,0.30530421684167885
StackCube-v1,3,25,0.45454545454545453,451a9a42d75e13dc27d2dcd075e031f782ff9b70c20c84c3fd01b223734bbfeb,1,0.003,object_pos_x-,0.003,-0.003,0.0,0.0,1,1,,1,1,0.33333333333333337,3.575793504714966,0.0,0.14000003039836884,0.0,0.0006119670579209924,0.30530421684167885
StackCube-v1,3,25,0.45454545454545453,451a9a42d75e13dc27d2dcd075e031f782ff9b70c20c84c3fd01b223734bbfeb,1,0.003,object_pos_y+,0.003,0.0,0.003,0.0,1,1,,1,1,0.33333333333333337,3.575793504714966,0.0,0.14000003039836884,0.0,0.0006119670579209924,0.30530421684167885
StackCube-v1,3,25,0.45454545454545453,451a9a42d75e13dc27d2dcd075e031f782ff9b70c20c84c3fd01b223734bbfeb,1,0.003,object_pos_y-,0.003,0.0,-0.003,0.0,1,1,,1,1,0.33333333333333337,3.575793504714966,0.0,0.14000003039836884,0.0,0.0006119670579209924,0.30530421684167885
StackCube-v1,3,25,0.45454545454545453,451a9a42d75e13dc27d2dcd075e031f782ff9b70c20c84c3fd01b223734bbfeb,1,0.003,eef_joint_1+,0.02,0.0,0.02,0.0,0,1,,1,1,0.33333333333333337,3.575793504714966,0.0,0.14000003039836884,0.0,0.0006119670579209924,0.30530421684167885
StackCube-v1,3,25,0.45454545454545453,451a9a42d75e13dc27d2dcd075e031f782ff9b70c20c84c3fd01b223734bbfeb,1,0.003,eef_joint_1-,0.02,0.0,-0.02,0.0,0,1,,1,1,0.33333333333333337,3.575793504714966,0.0,0.14000003039836884,0.0,0.0006119670579209924,0.30530421684167885
StackCube-v1,3,25,0.45454545454545453,451a9a42d75e13dc27d2dcd075e031f782ff9b70c20c84c3fd01b223734bbfeb,2,0.006,object_pos_x+,0.006,0.006,0.0,0.0,1,1,,1,1,0.33333333333333337,3.575793504714966,0.0,0.14000003039836884,0.0,0.0006119670579209924,0.30530421684167885
StackCube-v1,3,25,0.45454545454545453,451a9a42d75e13dc27d2dcd075e031f782ff9b70c20c84c3fd01b223734bbfeb,2,0.006,object_pos_x-,0.006,-0.006,0.0,0.0,1,1,,1,1,0.33333333333333337,3.575793504714966,0.0,0.14000003039836884,0.0,0.0006119670579209924,0.30530421684167885
StackCube-v1,3,25,0.45454545454545453,451a9a42d75e13dc27d2dcd075e031f782ff9b70c20c84c3fd01b223734bbfeb,2,0.006,object_pos_y+,0.006,0.0,0.006,0.0,1,1,,1,1,0.33333333333333337,3.575793504714966,0.0,0.14000003039836884,0.0,0.0006119670579209924,0.30530421684167885
StackCube-v1,3,25,0.45454545454545453,451a9a42d75e13dc27d2dcd075e031f782ff9b70c20c84c3fd01b223734bbfeb,2,0.006,object_pos_y-,0.006,0.0,-0.006,0.0,1,1,,1,1,0.33333333333333337,3.575793504714966,0.0,0.14000003039836884,0.0,0.0006119670579209924,0.30530421684167885
StackCube-v1,3,25,0.45454545454545453,451a9a42d75e13dc27d2dcd075e031f782ff9b70c20c84c3fd01b223734bbfeb,2,0.006,eef_joint_1+,0.04,0.0,0.04,0.0,0,1,,1,1,0.33333333333333337,3.575793504714966,0.0,0.14000003039836884,0.0,0.0006119670579209924,0.30530421684167885
StackCube-v1,3,25,0.45454545454545453,451a9a42d75e13dc27d2dcd075e031f782ff9b70c20c84c3fd01b223734bbfeb,2,0.006,eef_joint_1-,0.04,0.0,-0.04,0.0,0,1,,1,1,0.33333333333333337,3.575793504714966,0.0,0.14000003039836884,0.0,0.0006119670579209924,0.30530421684167885
StackCube-v1,3,30,0.5454545454545454,3eb3c401db8303f91ad90855762a5927647d2a0f1e7b5dc874d81da87de27e17,0,0.0015,object_pos_x+,0.0015,0.0015,0.0,0.0,1,1,,1,1,0.0,3.575793504714966,0.0,0.0,0.0,0.0006110339309088886,0.3193129010076285
StackCube-v1,3,30,0.5454545454545454,3eb3c401db8303f91ad90855762a5927647d2a0f1e7b5dc874d81da87de27e17,0,0.0015,object_pos_x-,0.0015,-0.0015,0.0,0.0,1,1,,1,1,0.0,3.575793504714966,0.0,0.0,0.0,0.0006110339309088886,0.3193129010076285
StackCube-v1,3,30,0.5454545454545454,3eb3c401db8303f91ad90855762a5927647d2a0f1e7b5dc874d81da87de27e17,0,0.0015,object_pos_y+,0.0015,0.0,0.0015,0.0,1,1,,1,1,0.0,3.575793504714966,0.0,0.0,0.0,0.0006110339309088886,0.3193129010076285
StackCube-v1,3,30,0.5454545454545454,3eb3c401db8303f91ad90855762a5927647d2a0f1e7b5dc874d81da87de27e17,0,0.0015,object_pos_y-,0.0015,0.0,-0.0015,0.0,1,1,,1,1,0.0,3.575793504714966,0.0,0.0,0.0,0.0006110339309088886,0.3193129010076285
StackCube-v1,3,30,0.5454545454545454,3eb3c401db8303f91ad90855762a5927647d2a0f1e7b5dc874d81da87de27e17,0,0.0015,eef_joint_1+,0.01,0.0,0.01,0.0,1,1,,1,1,0.0,3.575793504714966,0.0,0.0,0.0,0.0006110339309088886,0.3193129010076285
StackCube-v1,3,30,0.5454545454545454,3eb3c401db8303f91ad90855762a5927647d2a0f1e7b5dc874d81da87de27e17,0,0.0015,eef_joint_1-,0.01,0.0,-0.01,0.0,1,1,,1,1,0.0,3.575793504714966,0.0,0.0,0.0,0.0006110339309088886,0.3193129010076285
StackCube-v1,3,30,0.5454545454545454,3eb3c401db8303f91ad90855762a5927647d2a0f1e7b5dc874d81da87de27e17,1,0.003,object_pos_x+,0.003,0.003,0.0,0.0,1,1,,1,1,0.33333333333333337,3.575793504714966,0.0,0.0,0.0,0.0006110339309088886,0.3193129010076285
StackCube-v1,3,30,0.5454545454545454,3eb3c401db8303f91ad90855762a5927647d2a0f1e7b5dc874d81da87de27e17,1,0.003,object_pos_x-,0.003,-0.003,0.0,0.0,1,1,,1,1,0.33333333333333337,3.575793504714966,0.0,0.0,0.0,0.0006110339309088886,0.3193129010076285
StackCube-v1,3,30,0.5454545454545454,3eb3c401db8303f91ad90855762a5927647d2a0f1e7b5dc874d81da87de27e17,1,0.003,object_pos_y+,0.003,0.0,0.003,0.0,1,1,,1,1,0.33333333333333337,3.575793504714966,0.0,0.0,0.0,0.0006110339309088886,0.3193129010076285
StackCube-v1,3,30,0.5454545454545454,3eb3c401db8303f91ad90855762a5927647d2a0f1e7b5dc874d81da87de27e17,1,0.003,object_pos_y-,0.003,0.0,-0.003,0.0,1,1,,1,1,0.33333333333333337,3.575793504714966,0.0,0.0,0.0,0.0006110339309088886,0.3193129010076285
StackCube-v1,3,30,0.5454545454545454,3eb3c401db8303f91ad90855762a5927647d2a0f1e7b5dc874d81da87de27e17,1,0.003,eef_joint_1+,0.02,0.0,0.02,0.0,0,1,,1,1,0.33333333333333337,3.575793504714966,0.0,0.0,0.0,0.0006110339309088886,0.3193129010076285
StackCube-v1,3,30,0.5454545454545454,3eb3c401db8303f91ad90855762a5927647d2a0f1e7b5dc874d81da87de27e17,1,0.003,eef_joint_1-,0.02,0.0,-0.02,0.0,0,1,,1,1,0.33333333333333337,3.575793504714966,0.0,0.0,0.0,0.0006110339309088886,0.3193129010076285
StackCube-v1,3,30,0.5454545454545454,3eb3c401db8303f91ad90855762a5927647d2a0f1e7b5dc874d81da87de27e17,2,0.006,object_pos_x+,0.006,0.006,0.0,0.0,1,1,,1,1,0.33333333333333337,3.575793504714966,0.0,0.0,0.0,0.0006110339309088886,0.3193129010076285
StackCube-v1,3,30,0.5454545454545454,3eb3c401db8303f91ad90855762a5927647d2a0f1e7b5dc874d81da87de27e17,2,0.006,object_pos_x-,0.006,-0.006,0.0,0.0,1,1,,1,1,0.33333333333333337,3.575793504714966,0.0,0.0,0.0,0.0006110339309088886,0.3193129010076285
StackCube-v1,3,30,0.5454545454545454,3eb3c401db8303f91ad90855762a5927647d2a0f1e7b5dc874d81da87de27e17,2,0.006,object_pos_y+,0.006,0.0,0.006,0.0,1,1,,1,1,0.33333333333333337,3.575793504714966,0.0,0.0,0.0,0.0006110339309088886,0.3193129010076285
StackCube-v1,3,30,0.5454545454545454,3eb3c401db8303f91ad90855762a5927647d2a0f1e7b5dc874d81da87de27e17,2,0.006,object_pos_y-,0.006,0.0,-0.006,0.0,1,1,,1,1,0.33333333333333337,3.575793504714966,0.0,0.0,0.0,0.0006110339309088886,0.3193129010076285
StackCube-v1,3,30,0.5454545454545454,3eb3c401db8303f91ad90855762a5927647d2a0f1e7b5dc874d81da87de27e17,2,0.006,eef_joint_1+,0.04,0.0,0.04,0.0,0,1,,1,1,0.33333333333333337,3.575793504714966,0.0,0.0,0.0,0.0006110339309088886,0.3193129010076285
StackCube-v1,3,30,0.5454545454545454,3eb3c401db8303f91ad90855762a5927647d2a0f1e7b5dc874d81da87de27e17,2,0.006,eef_joint_1-,0.04,0.0,-0.04,0.0,0,1,,1,1,0.33333333333333337,3.575793504714966,0.0,0.0,0.0,0.0006110339309088886,0.3193129010076285
StackCube-v1,3,35,0.6363636363636364,1e09632d1fe6ac404f69fd9ded101c82fc9a550c17f3ad92cdca81f921ea71f5,0,0.0015,object_pos_x+,0.0015,0.0015,0.0,0.0,1,1,,1,1,0.0,3.5791304111480713,0.0,0.0,0.0,0.0005859198281541467,0.1260350537313877
StackCube-v1,3,35,0.6363636363636364,1e09632d1fe6ac404f69fd9ded101c82fc9a550c17f3ad92cdca81f921ea71f5,0,0.0015,object_pos_x-,0.0015,-0.0015,0.0,0.0,1,1,,1,1,0.0,3.5791304111480713,0.0,0.0,0.0,0.0005859198281541467,0.1260350537313877
StackCube-v1,3,35,0.6363636363636364,1e09632d1fe6ac404f69fd9ded101c82fc9a550c17f3ad92cdca81f921ea71f5,0,0.0015,object_pos_y+,0.0015,0.0,0.0015,0.0,1,1,,1,1,0.0,3.5791304111480713,0.0,0.0,0.0,0.0005859198281541467,0.1260350537313877
StackCube-v1,3,35,0.6363636363636364,1e09632d1fe6ac404f69fd9ded101c82fc9a550c17f3ad92cdca81f921ea71f5,0,0.0015,object_pos_y-,0.0015,0.0,-0.0015,0.0,1,1,,1,1,0.0,3.5791304111480713,0.0,0.0,0.0,0.0005859198281541467,0.1260350537313877
StackCube-v1,3,35,0.6363636363636364,1e09632d1fe6ac404f69fd9ded101c82fc9a550c17f3ad92cdca81f921ea71f5,0,0.0015,eef_joint_1+,0.01,0.0,0.01,0.0,1,1,,1,1,0.0,3.5791304111480713,0.0,0.0,0.0,0.0005859198281541467,0.1260350537313877
StackCube-v1,3,35,0.6363636363636364,1e09632d1fe6ac404f69fd9ded101c82fc9a550c17f3ad92cdca81f921ea71f5,0,0.0015,eef_joint_1-,0.01,0.0,-0.01,0.0,1,1,,1,1,0.0,3.5791304111480713,0.0,0.0,0.0,0.0005859198281541467,0.1260350537313877
StackCube-v1,3,35,0.6363636363636364,1e09632d1fe6ac404f69fd9ded101c82fc9a550c17f3ad92cdca81f921ea71f5,1,0.003,object_pos_x+,0.003,0.003,0.0,0.0,1,1,,1,1,0.33333333333333337,3.5791304111480713,0.0,0.0,0.0,0.0005859198281541467,0.1260350537313877
StackCube-v1,3,35,0.6363636363636364,1e09632d1fe6ac404f69fd9ded101c82fc9a550c17f3ad92cdca81f921ea71f5,1,0.003,object_pos_x-,0.003,-0.003,0.0,0.0,1,1,,1,1,0.33333333333333337,3.5791304111480713,0.0,0.0,0.0,0.0005859198281541467,0.1260350537313877
StackCube-v1,3,35,0.6363636363636364,1e09632d1fe6ac404f69fd9ded101c82fc9a550c17f3ad92cdca81f921ea71f5,1,0.003,object_pos_y+,0.003,0.0,0.003,0.0,1,1,,1,1,0.33333333333333337,3.5791304111480713,0.0,0.0,0.0,0.0005859198281541467,0.1260350537313877
StackCube-v1,3,35,0.6363636363636364,1e09632d1fe6ac404f69fd9ded101c82fc9a550c17f3ad92cdca81f921ea71f5,1,0.003,object_pos_y-,0.003,0.0,-0.003,0.0,1,1,,1,1,0.33333333333333337,3.5791304111480713,0.0,0.0,0.0,0.0005859198281541467,0.1260350537313877
StackCube-v1,3,35,0.6363636363636364,1e09632d1fe6ac404f69fd9ded101c82fc9a550c17f3ad92cdca81f921ea71f5,1,0.003,eef_joint_1+,0.02,0.0,0.02,0.0,0,1,,1,1,0.33333333333333337,3.5791304111480713,0.0,0.0,0.0,0.0005859198281541467,0.1260350537313877
StackCube-v1,3,35,0.6363636363636364,1e09632d1fe6ac404f69fd9ded101c82fc9a550c17f3ad92cdca81f921ea71f5,1,0.003,eef_joint_1-,0.02,0.0,-0.02,0.0,0,1,,1,1,0.33333333333333337,3.5791304111480713,0.0,0.0,0.0,0.0005859198281541467,0.1260350537313877
StackCube-v1,3,35,0.6363636363636364,1e09632d1fe6ac404f69fd9ded101c82fc9a550c17f3ad92cdca81f921ea71f5,2,0.006,object_pos_x+,0.006,0.006,0.0,0.0,1,1,,1,1,0.33333333333333337,3.5791304111480713,0.0,0.0,0.0,0.0005859198281541467,0.1260350537313877
StackCube-v1,3,35,0.6363636363636364,1e09632d1fe6ac404f69fd9ded101c82fc9a550c17f3ad92cdca81f921ea71f5,2,0.006,object_pos_x-,0.006,-0.006,0.0,0.0,1,1,,1,1,0.33333333333333337,3.5791304111480713,0.0,0.0,0.0,0.0005859198281541467,0.1260350537313877
StackCube-v1,3,35,0.6363636363636364,1e09632d1fe6ac404f69fd9ded101c82fc9a550c17f3ad92cdca81f921ea71f5,2,0.006,object_pos_y+,0.006,0.0,0.006,0.0,1,1,,1,1,0.33333333333333337,3.5791304111480713,0.0,0.0,0.0,0.0005859198281541467,0.1260350537313877
StackCube-v1,3,35,0.6363636363636364,1e09632d1fe6ac404f69fd9ded101c82fc9a550c17f3ad92cdca81f921ea71f5,2,0.006,object_pos_y-,0.006,0.0,-0.006,0.0,1,1,,1,1,0.33333333333333337,3.5791304111480713,0.0,0.0,0.0,0.0005859198281541467,0.1260350537313877
StackCube-v1,3,35,0.6363636363636364,1e09632d1fe6ac404f69fd9ded101c82fc9a550c17f3ad92cdca81f921ea71f5,2,0.006,eef_joint_1+,0.04,0.0,0.04,0.0,0,1,,1,1,0.33333333333333337,3.5791304111480713,0.0,0.0,0.0,0.0005859198281541467,0.1260350537313877
StackCube-v1,3,35,0.6363636363636364,1e09632d1fe6ac404f69fd9ded101c82fc9a550c17f3ad92cdca81f921ea71f5,2,0.006,eef_joint_1-,0.04,0.0,-0.04,0.0,0,1,,1,1,0.33333333333333337,3.5791304111480713,0.0,0.0,0.0,0.0005859198281541467,0.1260350537313877
StackCube-v1,3,40,0.7272727272727273,111f51a5788e432718611bf0e36cddf73e835907d42cbacced3bdec8d414f0ce,0,0.0015,object_pos_x+,0.0015,0.0015,0.0,0.0,1,1,,1,1,0.0,3.5768942832946777,0.08000001311302185,0.08000001311302185,0.0,0.0006117441807873547,0.07883338370153917
StackCube-v1,3,40,0.7272727272727273,111f51a5788e432718611bf0e36cddf73e835907d42cbacced3bdec8d414f0ce,0,0.0015,object_pos_x-,0.0015,-0.0015,0.0,0.0,1,1,,1,1,0.0,3.5768942832946777,0.08000001311302185,0.08000001311302185,0.0,0.0006117441807873547,0.07883338370153917
StackCube-v1,3,40,0.7272727272727273,111f51a5788e432718611bf0e36cddf73e835907d42cbacced3bdec8d414f0ce,0,0.0015,object_pos_y+,0.0015,0.0,0.0015,0.0,1,1,,1,1,0.0,3.5768942832946777,0.08000001311302185,0.08000001311302185,0.0,0.0006117441807873547,0.07883338370153917
StackCube-v1,3,40,0.7272727272727273,111f51a5788e432718611bf0e36cddf73e835907d42cbacced3bdec8d414f0ce,0,0.0015,object_pos_y-,0.0015,0.0,-0.0015,0.0,1,1,,1,1,0.0,3.5768942832946777,0.08000001311302185,0.08000001311302185,0.0,0.0006117441807873547,0.07883338370153917
StackCube-v1,3,40,0.7272727272727273,111f51a5788e432718611bf0e36cddf73e835907d42cbacced3bdec8d414f0ce,0,0.0015,eef_joint_1+,0.01,0.0,0.01,0.0,1,1,,1,1,0.0,3.5768942832946777,0.08000001311302185,0.08000001311302185,0.0,0.0006117441807873547,0.07883338370153917
StackCube-v1,3,40,0.7272727272727273,111f51a5788e432718611bf0e36cddf73e835907d42cbacced3bdec8d414f0ce,0,0.0015,eef_joint_1-,0.01,0.0,-0.01,0.0,1,1,,1,1,0.0,3.5768942832946777,0.08000001311302185,0.08000001311302185,0.0,0.0006117441807873547,0.07883338370153917
StackCube-v1,3,40,0.7272727272727273,111f51a5788e432718611bf0e36cddf73e835907d42cbacced3bdec8d414f0ce,1,0.003,object_pos_x+,0.003,0.003,0.0,0.0,1,1,,1,1,0.0,3.5768942832946777,0.08000001311302185,0.08000001311302185,0.0,0.0006117441807873547,0.07883338370153917
StackCube-v1,3,40,0.7272727272727273,111f51a5788e432718611bf0e36cddf73e835907d42cbacced3bdec8d414f0ce,1,0.003,object_pos_x-,0.003,-0.003,0.0,0.0,1,1,,1,1,0.0,3.5768942832946777,0.08000001311302185,0.08000001311302185,0.0,0.0006117441807873547,0.07883338370153917
StackCube-v1,3,40,0.7272727272727273,111f51a5788e432718611bf0e36cddf73e835907d42cbacced3bdec8d414f0ce,1,0.003,object_pos_y+,0.003,0.0,0.003,0.0,1,1,,1,1,0.0,3.5768942832946777,0.08000001311302185,0.08000001311302185,0.0,0.0006117441807873547,0.07883338370153917
StackCube-v1,3,40,0.7272727272727273,111f51a5788e432718611bf0e36cddf73e835907d42cbacced3bdec8d414f0ce,1,0.003,object_pos_y-,0.003,0.0,-0.003,0.0,1,1,,1,1,0.0,3.5768942832946777,0.08000001311302185,0.08000001311302185,0.0,0.0006117441807873547,0.07883338370153917
StackCube-v1,3,40,0.7272727272727273,111f51a5788e432718611bf0e36cddf73e835907d42cbacced3bdec8d414f0ce,1,0.003,eef_joint_1+,0.02,0.0,0.02,0.0,1,1,,1,1,0.0,3.5768942832946777,0.08000001311302185,0.08000001311302185,0.0,0.0006117441807873547,0.07883338370153917
StackCube-v1,3,40,0.7272727272727273,111f51a5788e432718611bf0e36cddf73e835907d42cbacced3bdec8d414f0ce,1,0.003,eef_joint_1-,0.02,0.0,-0.02,0.0,1,1,,1,1,0.0,3.5768942832946777,0.08000001311302185,0.08000001311302185,0.0,0.0006117441807873547,0.07883338370153917
StackCube-v1,3,40,0.7272727272727273,111f51a5788e432718611bf0e36cddf73e835907d42cbacced3bdec8d414f0ce,2,0.006,object_pos_x+,0.006,0.006,0.0,0.0,1,1,,1,1,0.16666666666666663,3.5768942832946777,0.08000001311302185,0.08000001311302185,0.0,0.0006117441807873547,0.07883338370153917
StackCube-v1,3,40,0.7272727272727273,111f51a5788e432718611bf0e36cddf73e835907d42cbacced3bdec8d414f0ce,2,0.006,object_pos_x-,0.006,-0.006,0.0,0.0,1,1,,1,1,0.16666666666666663,3.5768942832946777,0.08000001311302185,0.08000001311302185,0.0,0.0006117441807873547,0.07883338370153917
StackCube-v1,3,40,0.7272727272727273,111f51a5788e432718611bf0e36cddf73e835907d42cbacced3bdec8d414f0ce,2,0.006,object_pos_y+,0.006,0.0,0.006,0.0,1,1,,1,1,0.16666666666666663,3.5768942832946777,0.08000001311302185,0.08000001311302185,0.0,0.0006117441807873547,0.07883338370153917
StackCube-v1,3,40,0.7272727272727273,111f51a5788e432718611bf0e36cddf73e835907d42cbacced3bdec8d414f0ce,2,0.006,object_pos_y-,0.006,0.0,-0.006,0.0,1,1,,1,1,0.16666666666666663,3.5768942832946777,0.08000001311302185,0.08000001311302185,0.0,0.0006117441807873547,0.07883338370153917
StackCube-v1,3,40,0.7272727272727273,111f51a5788e432718611bf0e36cddf73e835907d42cbacced3bdec8d414f0ce,2,0.006,eef_joint_1+,0.04,0.0,0.04,0.0,0,1,,1,1,0.16666666666666663,3.5768942832946777,0.08000001311302185,0.08000001311302185,0.0,0.0006117441807873547,0.07883338370153917
StackCube-v1,3,40,0.7272727272727273,111f51a5788e432718611bf0e36cddf73e835907d42cbacced3bdec8d414f0ce,2,0.006,eef_joint_1-,0.04,0.0,-0.04,0.0,1,1,,1,1,0.16666666666666663,3.5768942832946777,0.08000001311302185,0.08000001311302185,0.0,0.0006117441807873547,0.07883338370153917
StackCube-v1,3,45,0.8181818181818182,7fb6919ccbb67e8d8efa7933e76af896c1ab841e3f39e79117855f5da213787f,0,0.0015,object_pos_x+,0.0015,0.0015,0.0,0.0,1,1,,1,1,0.0,3.5768942832946777,0.0,0.0,0.0,0.0006117226439528167,0.003602967447063389
StackCube-v1,3,45,0.8181818181818182,7fb6919ccbb67e8d8efa7933e76af896c1ab841e3f39e79117855f5da213787f,0,0.0015,object_pos_x-,0.0015,-0.0015,0.0,0.0,1,1,,1,1,0.0,3.5768942832946777,0.0,0.0,0.0,0.0006117226439528167,0.003602967447063389
StackCube-v1,3,45,0.8181818181818182,7fb6919ccbb67e8d8efa7933e76af896c1ab841e3f39e79117855f5da213787f,0,0.0015,object_pos_y+,0.0015,0.0,0.0015,0.0,1,1,,1,1,0.0,3.5768942832946777,0.0,0.0,0.0,0.0006117226439528167,0.003602967447063389
StackCube-v1,3,45,0.8181818181818182,7fb6919ccbb67e8d8efa7933e76af896c1ab841e3f39e79117855f5da213787f,0,0.0015,object_pos_y-,0.0015,0.0,-0.0015,0.0,1,1,,1,1,0.0,3.5768942832946777,0.0,0.0,0.0,0.0006117226439528167,0.003602967447063389
StackCube-v1,3,45,0.8181818181818182,7fb6919ccbb67e8d8efa7933e76af896c1ab841e3f39e79117855f5da213787f,0,0.0015,eef_joint_1+,0.01,0.0,0.01,0.0,1,1,,1,1,0.0,3.5768942832946777,0.0,0.0,0.0,0.0006117226439528167,0.003602967447063389
StackCube-v1,3,45,0.8181818181818182,7fb6919ccbb67e8d8efa7933e76af896c1ab841e3f39e79117855f5da213787f,0,0.0015,eef_joint_1-,0.01,0.0,-0.01,0.0,1,1,,1,1,0.0,3.5768942832946777,0.0,0.0,0.0,0.0006117226439528167,0.003602967447063389
StackCube-v1,3,45,0.8181818181818182,7fb6919ccbb67e8d8efa7933e76af896c1ab841e3f39e79117855f5da213787f,1,0.003,object_pos_x+,0.003,0.003,0.0,0.0,1,1,,1,1,0.0,3.5768942832946777,0.0,0.0,0.0,0.0006117226439528167,0.003602967447063389
StackCube-v1,3,45,0.8181818181818182,7fb6919ccbb67e8d8efa7933e76af896c1ab841e3f39e79117855f5da213787f,1,0.003,object_pos_x-,0.003,-0.003,0.0,0.0,1,1,,1,1,0.0,3.5768942832946777,0.0,0.0,0.0,0.0006117226439528167,0.003602967447063389
StackCube-v1,3,45,0.8181818181818182,7fb6919ccbb67e8d8efa7933e76af896c1ab841e3f39e79117855f5da213787f,1,0.003,object_pos_y+,0.003,0.0,0.003,0.0,1,1,,1,1,0.0,3.5768942832946777,0.0,0.0,0.0,0.0006117226439528167,0.003602967447063389
StackCube-v1,3,45,0.8181818181818182,7fb6919ccbb67e8d8efa7933e76af896c1ab841e3f39e79117855f5da213787f,1,0.003,object_pos_y-,0.003,0.0,-0.003,0.0,1,1,,1,1,0.0,3.5768942832946777,0.0,0.0,0.0,0.0006117226439528167,0.003602967447063389
StackCube-v1,3,45,0.8181818181818182,7fb6919ccbb67e8d8efa7933e76af896c1ab841e3f39e79117855f5da213787f,1,0.003,eef_joint_1+,0.02,0.0,0.02,0.0,1,1,,1,1,0.0,3.5768942832946777,0.0,0.0,0.0,0.0006117226439528167,0.003602967447063389
StackCube-v1,3,45,0.8181818181818182,7fb6919ccbb67e8d8efa7933e76af896c1ab841e3f39e79117855f5da213787f,1,0.003,eef_joint_1-,0.02,0.0,-0.02,0.0,1,1,,1,1,0.0,3.5768942832946777,0.0,0.0,0.0,0.0006117226439528167,0.003602967447063389
StackCube-v1,3,45,0.8181818181818182,7fb6919ccbb67e8d8efa7933e76af896c1ab841e3f39e79117855f5da213787f,2,0.006,object_pos_x+,0.006,0.006,0.0,0.0,1,1,,1,1,0.0,3.5768942832946777,0.0,0.0,0.0,0.0006117226439528167,0.003602967447063389
StackCube-v1,3,45,0.8181818181818182,7fb6919ccbb67e8d8efa7933e76af896c1ab841e3f39e79117855f5da213787f,2,0.006,object_pos_x-,0.006,-0.006,0.0,0.0,1,1,,1,1,0.0,3.5768942832946777,0.0,0.0,0.0,0.0006117226439528167,0.003602967447063389
StackCube-v1,3,45,0.8181818181818182,7fb6919ccbb67e8d8efa7933e76af896c1ab841e3f39e79117855f5da213787f,2,0.006,object_pos_y+,0.006,0.0,0.006,0.0,1,1,,1,1,0.0,3.5768942832946777,0.0,0.0,0.0,0.0006117226439528167,0.003602967447063389
StackCube-v1,3,45,0.8181818181818182,7fb6919ccbb67e8d8efa7933e76af896c1ab841e3f39e79117855f5da213787f,2,0.006,object_pos_y-,0.006,0.0,-0.006,0.0,1,1,,1,1,0.0,3.5768942832946777,0.0,0.0,0.0,0.0006117226439528167,0.003602967447063389
StackCube-v1,3,45,0.8181818181818182,7fb6919ccbb67e8d8efa7933e76af896c1ab841e3f39e79117855f5da213787f,2,0.006,eef_joint_1+,0.04,0.0,0.04,0.0,1,1,,1,1,0.0,3.5768942832946777,0.0,0.0,0.0,0.0006117226439528167,0.003602967447063389
StackCube-v1,3,45,0.8181818181818182,7fb6919ccbb67e8d8efa7933e76af896c1ab841e3f39e79117855f5da213787f,2,0.006,eef_joint_1-,0.04,0.0,-0.04,0.0,1,1,,1,1,0.0,3.5768942832946777,0.0,0.0,0.0,0.0006117226439528167,0.003602967447063389
StackCube-v1,3,50,0.9090909090909091,6ec88aad1e5b7e437d7c46157323491f18d7a1549d16d088d371250f7962a97b,0,0.0015,object_pos_x+,0.0015,0.0015,0.0,0.0,1,1,,1,1,0.0,3.5768942832946777,0.0,0.0,0.0,0.0006189786945469677,0.0008352887323203588
StackCube-v1,3,50,0.9090909090909091,6ec88aad1e5b7e437d7c46157323491f18d7a1549d16d088d371250f7962a97b,0,0.0015,object_pos_x-,0.0015,-0.0015,0.0,0.0,1,1,,1,1,0.0,3.5768942832946777,0.0,0.0,0.0,0.0006189786945469677,0.0008352887323203588
StackCube-v1,3,50,0.9090909090909091,6ec88aad1e5b7e437d7c46157323491f18d7a1549d16d088d371250f7962a97b,0,0.0015,object_pos_y+,0.0015,0.0,0.0015,0.0,1,1,,1,1,0.0,3.5768942832946777,0.0,0.0,0.0,0.0006189786945469677,0.0008352887323203588
StackCube-v1,3,50,0.9090909090909091,6ec88aad1e5b7e437d7c46157323491f18d7a1549d16d088d371250f7962a97b,0,0.0015,object_pos_y-,0.0015,0.0,-0.0015,0.0,1,1,,1,1,0.0,3.5768942832946777,0.0,0.0,0.0,0.0006189786945469677,0.0008352887323203588
StackCube-v1,3,50,0.9090909090909091,6ec88aad1e5b7e437d7c46157323491f18d7a1549d16d088d371250f7962a97b,0,0.0015,eef_joint_1+,0.01,0.0,0.01,0.0,1,1,,1,1,0.0,3.5768942832946777,0.0,0.0,0.0,0.0006189786945469677,0.0008352887323203588
StackCube-v1,3,50,0.9090909090909091,6ec88aad1e5b7e437d7c46157323491f18d7a1549d16d088d371250f7962a97b,0,0.0015,eef_joint_1-,0.01,0.0,-0.01,0.0,1,1,,1,1,0.0,3.5768942832946777,0.0,0.0,0.0,0.0006189786945469677,0.0008352887323203588
StackCube-v1,3,50,0.9090909090909091,6ec88aad1e5b7e437d7c46157323491f18d7a1549d16d088d371250f7962a97b,1,0.003,object_pos_x+,0.003,0.003,0.0,0.0,1,1,,1,1,0.0,3.5768942832946777,0.0,0.0,0.0,0.0006189786945469677,0.0008352887323203588
StackCube-v1,3,50,0.9090909090909091,6ec88aad1e5b7e437d7c46157323491f18d7a1549d16d088d371250f7962a97b,1,0.003,object_pos_x-,0.003,-0.003,0.0,0.0,1,1,,1,1,0.0,3.5768942832946777,0.0,0.0,0.0,0.0006189786945469677,0.0008352887323203588
StackCube-v1,3,50,0.9090909090909091,6ec88aad1e5b7e437d7c46157323491f18d7a1549d16d088d371250f7962a97b,1,0.003,object_pos_y+,0.003,0.0,0.003,0.0,1,1,,1,1,0.0,3.5768942832946777,0.0,0.0,0.0,0.0006189786945469677,0.0008352887323203588
StackCube-v1,3,50,0.9090909090909091,6ec88aad1e5b7e437d7c46157323491f18d7a1549d16d088d371250f7962a97b,1,0.003,object_pos_y-,0.003,0.0,-0.003,0.0,1,1,,1,1,0.0,3.5768942832946777,0.0,0.0,0.0,0.0006189786945469677,0.0008352887323203588
StackCube-v1,3,50,0.9090909090909091,6ec88aad1e5b7e437d7c46157323491f18d7a1549d16d088d371250f7962a97b,1,0.003,eef_joint_1+,0.02,0.0,0.02,0.0,1,1,,1,1,0.0,3.5768942832946777,0.0,0.0,0.0,0.0006189786945469677,0.0008352887323203588
StackCube-v1,3,50,0.9090909090909091,6ec88aad1e5b7e437d7c46157323491f18d7a1549d16d088d371250f7962a97b,1,0.003,eef_joint_1-,0.02,0.0,-0.02,0.0,1,1,,1,1,0.0,3.5768942832946777,0.0,0.0,0.0,0.0006189786945469677,0.0008352887323203588
StackCube-v1,3,50,0.9090909090909091,6ec88aad1e5b7e437d7c46157323491f18d7a1549d16d088d371250f7962a97b,2,0.006,object_pos_x+,0.006,0.006,0.0,0.0,1,1,,1,1,0.0,3.5768942832946777,0.0,0.0,0.0,0.0006189786945469677,0.0008352887323203588
StackCube-v1,3,50,0.9090909090909091,6ec88aad1e5b7e437d7c46157323491f18d7a1549d16d088d371250f7962a97b,2,0.006,object_pos_x-,0.006,-0.006,0.0,0.0,1,1,,1,1,0.0,3.5768942832946777,0.0,0.0,0.0,0.0006189786945469677,0.0008352887323203588
StackCube-v1,3,50,0.9090909090909091,6ec88aad1e5b7e437d7c46157323491f18d7a1549d16d088d371250f7962a97b,2,0.006,object_pos_y+,0.006,0.0,0.006,0.0,1,1,,1,1,0.0,3.5768942832946777,0.0,0.0,0.0,0.0006189786945469677,0.0008352887323203588
StackCube-v1,3,50,0.9090909090909091,6ec88aad1e5b7e437d7c46157323491f18d7a1549d16d088d371250f7962a97b,2,0.006,object_pos_y-,0.006,0.0,-0.006,0.0,1,1,,1,1,0.0,3.5768942832946777,0.0,0.0,0.0,0.0006189786945469677,0.0008352887323203588
StackCube-v1,3,50,0.9090909090909091,6ec88aad1e5b7e437d7c46157323491f18d7a1549d16d088d371250f7962a97b,2,0.006,eef_joint_1+,0.04,0.0,0.04,0.0,1,1,,1,1,0.0,3.5768942832946777,0.0,0.0,0.0,0.0006189786945469677,0.0008352887323203588
StackCube-v1,3,50,0.9090909090909091,6ec88aad1e5b7e437d7c46157323491f18d7a1549d16d088d371250f7962a97b,2,0.006,eef_joint_1-,0.04,0.0,-0.04,0.0,1,1,,1,1,0.0,3.5768942832946777,0.0,0.0,0.0,0.0006189786945469677,0.0008352887323203588
StackCube-v1,3,55,1.0,697251c76675da1a09b4eb88677f607fe5a8370a697f291592a88bfe7ea2664e,0,0.0015,object_pos_x+,0.0015,0.0015,0.0,0.0,1,1,,1,1,0.0,3.5768942832946777,0.0,0.0,0.0,0.0007922396180219948,0.0008396279658746678
StackCube-v1,3,55,1.0,697251c76675da1a09b4eb88677f607fe5a8370a697f291592a88bfe7ea2664e,0,0.0015,object_pos_x-,0.0015,-0.0015,0.0,0.0,1,1,,1,1,0.0,3.5768942832946777,0.0,0.0,0.0,0.0007922396180219948,0.0008396279658746678
StackCube-v1,3,55,1.0,697251c76675da1a09b4eb88677f607fe5a8370a697f291592a88bfe7ea2664e,0,0.0015,object_pos_y+,0.0015,0.0,0.0015,0.0,1,1,,1,1,0.0,3.5768942832946777,0.0,0.0,0.0,0.0007922396180219948,0.0008396279658746678
StackCube-v1,3,55,1.0,697251c76675da1a09b4eb88677f607fe5a8370a697f291592a88bfe7ea2664e,0,0.0015,object_pos_y-,0.0015,0.0,-0.0015,0.0,1,1,,1,1,0.0,3.5768942832946777,0.0,0.0,0.0,0.0007922396180219948,0.0008396279658746678
StackCube-v1,3,55,1.0,697251c76675da1a09b4eb88677f607fe5a8370a697f291592a88bfe7ea2664e,0,0.0015,eef_joint_1+,0.01,0.0,0.01,0.0,1,1,,1,1,0.0,3.5768942832946777,0.0,0.0,0.0,0.0007922396180219948,0.0008396279658746678
StackCube-v1,3,55,1.0,697251c76675da1a09b4eb88677f607fe5a8370a697f291592a88bfe7ea2664e,0,0.0015,eef_joint_1-,0.01,0.0,-0.01,0.0,1,1,,1,1,0.0,3.5768942832946777,0.0,0.0,0.0,0.0007922396180219948,0.0008396279658746678
StackCube-v1,3,55,1.0,697251c76675da1a09b4eb88677f607fe5a8370a697f291592a88bfe7ea2664e,1,0.003,object_pos_x+,0.003,0.003,0.0,0.0,1,1,,1,1,0.0,3.5768942832946777,0.0,0.0,0.0,0.0007922396180219948,0.0008396279658746678
StackCube-v1,3,55,1.0,697251c76675da1a09b4eb88677f607fe5a8370a697f291592a88bfe7ea2664e,1,0.003,object_pos_x-,0.003,-0.003,0.0,0.0,1,1,,1,1,0.0,3.5768942832946777,0.0,0.0,0.0,0.0007922396180219948,0.0008396279658746678
StackCube-v1,3,55,1.0,697251c76675da1a09b4eb88677f607fe5a8370a697f291592a88bfe7ea2664e,1,0.003,object_pos_y+,0.003,0.0,0.003,0.0,1,1,,1,1,0.0,3.5768942832946777,0.0,0.0,0.0,0.0007922396180219948,0.0008396279658746678
StackCube-v1,3,55,1.0,697251c76675da1a09b4eb88677f607fe5a8370a697f291592a88bfe7ea2664e,1,0.003,object_pos_y-,0.003,0.0,-0.003,0.0,1,1,,1,1,0.0,3.5768942832946777,0.0,0.0,0.0,0.0007922396180219948,0.0008396279658746678
StackCube-v1,3,55,1.0,697251c76675da1a09b4eb88677f607fe5a8370a697f291592a88bfe7ea2664e,1,0.003,eef_joint_1+,0.02,0.0,0.02,0.0,1,1,,1,1,0.0,3.5768942832946777,0.0,0.0,0.0,0.0007922396180219948,0.0008396279658746678
StackCube-v1,3,55,1.0,697251c76675da1a09b4eb88677f607fe5a8370a697f291592a88bfe7ea2664e,1,0.003,eef_joint_1-,0.02,0.0,-0.02,0.0,1,1,,1,1,0.0,3.5768942832946777,0.0,0.0,0.0,0.0007922396180219948,0.0008396279658746678
StackCube-v1,3,55,1.0,697251c76675da1a09b4eb88677f607fe5a8370a697f291592a88bfe7ea2664e,2,0.006,object_pos_x+,0.006,0.006,0.0,0.0,1,1,,1,1,0.0,3.5768942832946777,0.0,0.0,0.0,0.0007922396180219948,0.0008396279658746678
StackCube-v1,3,55,1.0,697251c76675da1a09b4eb88677f607fe5a8370a697f291592a88bfe7ea2664e,2,0.006,object_pos_x-,0.006,-0.006,0.0,0.0,1,1,,1,1,0.0,3.5768942832946777,0.0,0.0,0.0,0.0007922396180219948,0.0008396279658746678
StackCube-v1,3,55,1.0,697251c76675da1a09b4eb88677f607fe5a8370a697f291592a88bfe7ea2664e,2,0.006,object_pos_y+,0.006,0.0,0.006,0.0,1,1,,1,1,0.0,3.5768942832946777,0.0,0.0,0.0,0.0007922396180219948,0.0008396279658746678
StackCube-v1,3,55,1.0,697251c76675da1a09b4eb88677f607fe5a8370a697f291592a88bfe7ea2664e,2,0.006,object_pos_y-,0.006,0.0,-0.006,0.0,1,1,,1,1,0.0,3.5768942832946777,0.0,0.0,0.0,0.0007922396180219948,0.0008396279658746678
StackCube-v1,3,55,1.0,697251c76675da1a09b4eb88677f607fe5a8370a697f291592a88bfe7ea2664e,2,0.006,eef_joint_1+,0.04,0.0,0.04,0.0,1,1,,1,1,0.0,3.5768942832946777,0.0,0.0,0.0,0.0007922396180219948,0.0008396279658746678
StackCube-v1,3,55,1.0,697251c76675da1a09b4eb88677f607fe5a8370a697f291592a88bfe7ea2664e,2,0.006,eef_joint_1-,0.04,0.0,-0.04,0.0,1,1,,1,1,0.0,3.5768942832946777,0.0,0.0,0.0,0.0007922396180219948,0.0008396279658746678
StackCube-v1,4,0,0.0,7b02e88a871157c33edfa0aede2937d415b7b8948b32a9f2958b79a1d39606bc,0,0.0015,object_pos_x+,0.0015,0.0015,0.0,0.0,1,1,,1,1,0.0,4.068044662475586,4.068044662475586,4.068044662475586,1.0,0.1855531930923462,0.08102361719135165
StackCube-v1,4,0,0.0,7b02e88a871157c33edfa0aede2937d415b7b8948b32a9f2958b79a1d39606bc,0,0.0015,object_pos_x-,0.0015,-0.0015,0.0,0.0,1,1,,1,1,0.0,4.068044662475586,4.068044662475586,4.068044662475586,1.0,0.1855531930923462,0.08102361719135165
StackCube-v1,4,0,0.0,7b02e88a871157c33edfa0aede2937d415b7b8948b32a9f2958b79a1d39606bc,0,0.0015,object_pos_y+,0.0015,0.0,0.0015,0.0,1,1,,1,1,0.0,4.068044662475586,4.068044662475586,4.068044662475586,1.0,0.1855531930923462,0.08102361719135165
StackCube-v1,4,0,0.0,7b02e88a871157c33edfa0aede2937d415b7b8948b32a9f2958b79a1d39606bc,0,0.0015,object_pos_y-,0.0015,0.0,-0.0015,0.0,1,1,,1,1,0.0,4.068044662475586,4.068044662475586,4.068044662475586,1.0,0.1855531930923462,0.08102361719135165
StackCube-v1,4,0,0.0,7b02e88a871157c33edfa0aede2937d415b7b8948b32a9f2958b79a1d39606bc,0,0.0015,eef_joint_1+,0.01,0.0,0.01,0.0,1,1,,1,1,0.0,4.068044662475586,4.068044662475586,4.068044662475586,1.0,0.1855531930923462,0.08102361719135165
StackCube-v1,4,0,0.0,7b02e88a871157c33edfa0aede2937d415b7b8948b32a9f2958b79a1d39606bc,0,0.0015,eef_joint_1-,0.01,0.0,-0.01,0.0,1,1,,1,1,0.0,4.068044662475586,4.068044662475586,4.068044662475586,1.0,0.1855531930923462,0.08102361719135165
StackCube-v1,4,0,0.0,7b02e88a871157c33edfa0aede2937d415b7b8948b32a9f2958b79a1d39606bc,1,0.003,object_pos_x+,0.003,0.003,0.0,0.0,1,1,,1,1,0.0,4.068044662475586,4.068044662475586,4.068044662475586,1.0,0.1855531930923462,0.08102361719135165
StackCube-v1,4,0,0.0,7b02e88a871157c33edfa0aede2937d415b7b8948b32a9f2958b79a1d39606bc,1,0.003,object_pos_x-,0.003,-0.003,0.0,0.0,1,1,,1,1,0.0,4.068044662475586,4.068044662475586,4.068044662475586,1.0,0.1855531930923462,0.08102361719135165
StackCube-v1,4,0,0.0,7b02e88a871157c33edfa0aede2937d415b7b8948b32a9f2958b79a1d39606bc,1,0.003,object_pos_y+,0.003,0.0,0.003,0.0,1,1,,1,1,0.0,4.068044662475586,4.068044662475586,4.068044662475586,1.0,0.1855531930923462,0.08102361719135165
StackCube-v1,4,0,0.0,7b02e88a871157c33edfa0aede2937d415b7b8948b32a9f2958b79a1d39606bc,1,0.003,object_pos_y-,0.003,0.0,-0.003,0.0,1,1,,1,1,0.0,4.068044662475586,4.068044662475586,4.068044662475586,1.0,0.1855531930923462,0.08102361719135165
StackCube-v1,4,0,0.0,7b02e88a871157c33edfa0aede2937d415b7b8948b32a9f2958b79a1d39606bc,1,0.003,eef_joint_1+,0.02,0.0,0.02,0.0,1,1,,1,1,0.0,4.068044662475586,4.068044662475586,4.068044662475586,1.0,0.1855531930923462,0.08102361719135165
StackCube-v1,4,0,0.0,7b02e88a871157c33edfa0aede2937d415b7b8948b32a9f2958b79a1d39606bc,1,0.003,eef_joint_1-,0.02,0.0,-0.02,0.0,1,1,,1,1,0.0,4.068044662475586,4.068044662475586,4.068044662475586,1.0,0.1855531930923462,0.08102361719135165
StackCube-v1,4,0,0.0,7b02e88a871157c33edfa0aede2937d415b7b8948b32a9f2958b79a1d39606bc,2,0.006,object_pos_x+,0.006,0.006,0.0,0.0,1,1,,1,1,0.33333333333333337,4.068044662475586,4.068044662475586,4.068044662475586,1.0,0.1855531930923462,0.08102361719135165
StackCube-v1,4,0,0.0,7b02e88a871157c33edfa0aede2937d415b7b8948b32a9f2958b79a1d39606bc,2,0.006,object_pos_x-,0.006,-0.006,0.0,0.0,1,1,,1,1,0.33333333333333337,4.068044662475586,4.068044662475586,4.068044662475586,1.0,0.1855531930923462,0.08102361719135165
StackCube-v1,4,0,0.0,7b02e88a871157c33edfa0aede2937d415b7b8948b32a9f2958b79a1d39606bc,2,0.006,object_pos_y+,0.006,0.0,0.006,0.0,1,1,,1,1,0.33333333333333337,4.068044662475586,4.068044662475586,4.068044662475586,1.0,0.1855531930923462,0.08102361719135165
StackCube-v1,4,0,0.0,7b02e88a871157c33edfa0aede2937d415b7b8948b32a9f2958b79a1d39606bc,2,0.006,object_pos_y-,0.006,0.0,-0.006,0.0,1,1,,1,1,0.33333333333333337,4.068044662475586,4.068044662475586,4.068044662475586,1.0,0.1855531930923462,0.08102361719135165
StackCube-v1,4,0,0.0,7b02e88a871157c33edfa0aede2937d415b7b8948b32a9f2958b79a1d39606bc,2,0.006,eef_joint_1+,0.04,0.0,0.04,0.0,0,1,,1,1,0.33333333333333337,4.068044662475586,4.068044662475586,4.068044662475586,1.0,0.1855531930923462,0.08102361719135165
StackCube-v1,4,0,0.0,7b02e88a871157c33edfa0aede2937d415b7b8948b32a9f2958b79a1d39606bc,2,0.006,eef_joint_1-,0.04,0.0,-0.04,0.0,0,1,,1,1,0.33333333333333337,4.068044662475586,4.068044662475586,4.068044662475586,1.0,0.1855531930923462,0.08102361719135165
StackCube-v1,4,5,0.09090909090909091,3eb0d78d580bc086fb88c5bcc22693b075690a38923f028e4a977625fbd5c49c,0,0.0015,object_pos_x+,0.0015,0.0015,0.0,0.0,1,1,,1,1,0.0,4.068044662475586,0.0,0.0,0.0,0.06948684900999069,0.08102339438560871
StackCube-v1,4,5,0.09090909090909091,3eb0d78d580bc086fb88c5bcc22693b075690a38923f028e4a977625fbd5c49c,0,0.0015,object_pos_x-,0.0015,-0.0015,0.0,0.0,1,1,,1,1,0.0,4.068044662475586,0.0,0.0,0.0,0.06948684900999069,0.08102339438560871
StackCube-v1,4,5,0.09090909090909091,3eb0d78d580bc086fb88c5bcc22693b075690a38923f028e4a977625fbd5c49c,0,0.0015,object_pos_y+,0.0015,0.0,0.0015,0.0,1,1,,1,1,0.0,4.068044662475586,0.0,0.0,0.0,0.06948684900999069,0.08102339438560871
StackCube-v1,4,5,0.09090909090909091,3eb0d78d580bc086fb88c5bcc22693b075690a38923f028e4a977625fbd5c49c,0,0.0015,object_pos_y-,0.0015,0.0,-0.0015,0.0,1,1,,1,1,0.0,4.068044662475586,0.0,0.0,0.0,0.06948684900999069,0.08102339438560871
StackCube-v1,4,5,0.09090909090909091,3eb0d78d580bc086fb88c5bcc22693b075690a38923f028e4a977625fbd5c49c,0,0.0015,eef_joint_1+,0.01,0.0,0.01,0.0,1,1,,1,1,0.0,4.068044662475586,0.0,0.0,0.0,0.06948684900999069,0.08102339438560871
StackCube-v1,4,5,0.09090909090909091,3eb0d78d580bc086fb88c5bcc22693b075690a38923f028e4a977625fbd5c49c,0,0.0015,eef_joint_1-,0.01,0.0,-0.01,0.0,1,1,,1,1,0.0,4.068044662475586,0.0,0.0,0.0,0.06948684900999069,0.08102339438560871
StackCube-v1,4,5,0.09090909090909091,3eb0d78d580bc086fb88c5bcc22693b075690a38923f028e4a977625fbd5c49c,1,0.003,object_pos_x+,0.003,0.003,0.0,0.0,1,1,,1,1,0.0,4.068044662475586,0.0,0.0,0.0,0.06948684900999069,0.08102339438560871
StackCube-v1,4,5,0.09090909090909091,3eb0d78d580bc086fb88c5bcc22693b075690a38923f028e4a977625fbd5c49c,1,0.003,object_pos_x-,0.003,-0.003,0.0,0.0,1,1,,1,1,0.0,4.068044662475586,0.0,0.0,0.0,0.06948684900999069,0.08102339438560871
StackCube-v1,4,5,0.09090909090909091,3eb0d78d580bc086fb88c5bcc22693b075690a38923f028e4a977625fbd5c49c,1,0.003,object_pos_y+,0.003,0.0,0.003,0.0,1,1,,1,1,0.0,4.068044662475586,0.0,0.0,0.0,0.06948684900999069,0.08102339438560871
StackCube-v1,4,5,0.09090909090909091,3eb0d78d580bc086fb88c5bcc22693b075690a38923f028e4a977625fbd5c49c,1,0.003,object_pos_y-,0.003,0.0,-0.003,0.0,1,1,,1,1,0.0,4.068044662475586,0.0,0.0,0.0,0.06948684900999069,0.08102339438560871
StackCube-v1,4,5,0.09090909090909091,3eb0d78d580bc086fb88c5bcc22693b075690a38923f028e4a977625fbd5c49c,1,0.003,eef_joint_1+,0.02,0.0,0.02,0.0,1,1,,1,1,0.0,4.068044662475586,0.0,0.0,0.0,0.06948684900999069,0.08102339438560871
StackCube-v1,4,5,0.09090909090909091,3eb0d78d580bc086fb88c5bcc22693b075690a38923f028e4a977625fbd5c49c,1,0.003,eef_joint_1-,0.02,0.0,-0.02,0.0,1,1,,1,1,0.0,4.068044662475586,0.0,0.0,0.0,0.06948684900999069,0.08102339438560871
StackCube-v1,4,5,0.09090909090909091,3eb0d78d580bc086fb88c5bcc22693b075690a38923f028e4a977625fbd5c49c,2,0.006,object_pos_x+,0.006,0.006,0.0,0.0,1,1,,1,1,0.33333333333333337,4.068044662475586,0.0,0.0,0.0,0.06948684900999069,0.08102339438560871
StackCube-v1,4,5,0.09090909090909091,3eb0d78d580bc086fb88c5bcc22693b075690a38923f028e4a977625fbd5c49c,2,0.006,object_pos_x-,0.006,-0.006,0.0,0.0,1,1,,1,1,0.33333333333333337,4.068044662475586,0.0,0.0,0.0,0.06948684900999069,0.08102339438560871
StackCube-v1,4,5,0.09090909090909091,3eb0d78d580bc086fb88c5bcc22693b075690a38923f028e4a977625fbd5c49c,2,0.006,object_pos_y+,0.006,0.0,0.006,0.0,1,1,,1,1,0.33333333333333337,4.068044662475586,0.0,0.0,0.0,0.06948684900999069,0.08102339438560871
StackCube-v1,4,5,0.09090909090909091,3eb0d78d580bc086fb88c5bcc22693b075690a38923f028e4a977625fbd5c49c,2,0.006,object_pos_y-,0.006,0.0,-0.006,0.0,1,1,,1,1,0.33333333333333337,4.068044662475586,0.0,0.0,0.0,0.06948684900999069,0.08102339438560871
StackCube-v1,4,5,0.09090909090909091,3eb0d78d580bc086fb88c5bcc22693b075690a38923f028e4a977625fbd5c49c,2,0.006,eef_joint_1+,0.04,0.0,0.04,0.0,0,1,,1,1,0.33333333333333337,4.068044662475586,0.0,0.0,0.0,0.06948684900999069,0.08102339438560871
StackCube-v1,4,5,0.09090909090909091,3eb0d78d580bc086fb88c5bcc22693b075690a38923f028e4a977625fbd5c49c,2,0.006,eef_joint_1-,0.04,0.0,-0.04,0.0,0,1,,1,1,0.33333333333333337,4.068044662475586,0.0,0.0,0.0,0.06948684900999069,0.08102339438560871
StackCube-v1,4,10,0.18181818181818182,37cf38ac346b68c8a1d4f52258455b1cd212390c99e73da1671711735f78b1cd,0,0.0015,object_pos_x+,0.0015,0.0015,0.0,0.0,1,1,,1,1,0.0,4.067098140716553,0.0,0.0,0.0,0.030661417171359062,0.08102334778589669
StackCube-v1,4,10,0.18181818181818182,37cf38ac346b68c8a1d4f52258455b1cd212390c99e73da1671711735f78b1cd,0,0.0015,object_pos_x-,0.0015,-0.0015,0.0,0.0,1,1,,1,1,0.0,4.067098140716553,0.0,0.0,0.0,0.030661417171359062,0.08102334778589669
StackCube-v1,4,10,0.18181818181818182,37cf38ac346b68c8a1d4f52258455b1cd212390c99e73da1671711735f78b1cd,0,0.0015,object_pos_y+,0.0015,0.0,0.0015,0.0,1,1,,1,1,0.0,4.067098140716553,0.0,0.0,0.0,0.030661417171359062,0.08102334778589669
StackCube-v1,4,10,0.18181818181818182,37cf38ac346b68c8a1d4f52258455b1cd212390c99e73da1671711735f78b1cd,0,0.0015,object_pos_y-,0.0015,0.0,-0.0015,0.0,1,1,,1,1,0.0,4.067098140716553,0.0,0.0,0.0,0.030661417171359062,0.08102334778589669
StackCube-v1,4,10,0.18181818181818182,37cf38ac346b68c8a1d4f52258455b1cd212390c99e73da1671711735f78b1cd,0,0.0015,eef_joint_1+,0.01,0.0,0.01,0.0,1,1,,1,1,0.0,4.067098140716553,0.0,0.0,0.0,0.030661417171359062,0.08102334778589669
StackCube-v1,4,10,0.18181818181818182,37cf38ac346b68c8a1d4f52258455b1cd212390c99e73da1671711735f78b1cd,0,0.0015,eef_joint_1-,0.01,0.0,-0.01,0.0,1,1,,1,1,0.0,4.067098140716553,0.0,0.0,0.0,0.030661417171359062,0.08102334778589669
StackCube-v1,4,10,0.18181818181818182,37cf38ac346b68c8a1d4f52258455b1cd212390c99e73da1671711735f78b1cd,1,0.003,object_pos_x+,0.003,0.003,0.0,0.0,1,1,,1,1,0.0,4.067098140716553,0.0,0.0,0.0,0.030661417171359062,0.08102334778589669
StackCube-v1,4,10,0.18181818181818182,37cf38ac346b68c8a1d4f52258455b1cd212390c99e73da1671711735f78b1cd,1,0.003,object_pos_x-,0.003,-0.003,0.0,0.0,1,1,,1,1,0.0,4.067098140716553,0.0,0.0,0.0,0.030661417171359062,0.08102334778589669
StackCube-v1,4,10,0.18181818181818182,37cf38ac346b68c8a1d4f52258455b1cd212390c99e73da1671711735f78b1cd,1,0.003,object_pos_y+,0.003,0.0,0.003,0.0,1,1,,1,1,0.0,4.067098140716553,0.0,0.0,0.0,0.030661417171359062,0.08102334778589669
StackCube-v1,4,10,0.18181818181818182,37cf38ac346b68c8a1d4f52258455b1cd212390c99e73da1671711735f78b1cd,1,0.003,object_pos_y-,0.003,0.0,-0.003,0.0,1,1,,1,1,0.0,4.067098140716553,0.0,0.0,0.0,0.030661417171359062,0.08102334778589669
StackCube-v1,4,10,0.18181818181818182,37cf38ac346b68c8a1d4f52258455b1cd212390c99e73da1671711735f78b1cd,1,0.003,eef_joint_1+,0.02,0.0,0.02,0.0,1,1,,1,1,0.0,4.067098140716553,0.0,0.0,0.0,0.030661417171359062,0.08102334778589669
StackCube-v1,4,10,0.18181818181818182,37cf38ac346b68c8a1d4f52258455b1cd212390c99e73da1671711735f78b1cd,1,0.003,eef_joint_1-,0.02,0.0,-0.02,0.0,1,1,,1,1,0.0,4.067098140716553,0.0,0.0,0.0,0.030661417171359062,0.08102334778589669
StackCube-v1,4,10,0.18181818181818182,37cf38ac346b68c8a1d4f52258455b1cd212390c99e73da1671711735f78b1cd,2,0.006,object_pos_x+,0.006,0.006,0.0,0.0,1,1,,1,1,0.33333333333333337,4.067098140716553,0.0,0.0,0.0,0.030661417171359062,0.08102334778589669
StackCube-v1,4,10,0.18181818181818182,37cf38ac346b68c8a1d4f52258455b1cd212390c99e73da1671711735f78b1cd,2,0.006,object_pos_x-,0.006,-0.006,0.0,0.0,1,1,,1,1,0.33333333333333337,4.067098140716553,0.0,0.0,0.0,0.030661417171359062,0.08102334778589669
StackCube-v1,4,10,0.18181818181818182,37cf38ac346b68c8a1d4f52258455b1cd212390c99e73da1671711735f78b1cd,2,0.006,object_pos_y+,0.006,0.0,0.006,0.0,1,1,,1,1,0.33333333333333337,4.067098140716553,0.0,0.0,0.0,0.030661417171359062,0.08102334778589669
StackCube-v1,4,10,0.18181818181818182,37cf38ac346b68c8a1d4f52258455b1cd212390c99e73da1671711735f78b1cd,2,0.006,object_pos_y-,0.006,0.0,-0.006,0.0,1,1,,1,1,0.33333333333333337,4.067098140716553,0.0,0.0,0.0,0.030661417171359062,0.08102334778589669
StackCube-v1,4,10,0.18181818181818182,37cf38ac346b68c8a1d4f52258455b1cd212390c99e73da1671711735f78b1cd,2,0.006,eef_joint_1+,0.04,0.0,0.04,0.0,0,1,,1,1,0.33333333333333337,4.067098140716553,0.0,0.0,0.0,0.030661417171359062,0.08102334778589669
StackCube-v1,4,10,0.18181818181818182,37cf38ac346b68c8a1d4f52258455b1cd212390c99e73da1671711735f78b1cd,2,0.006,eef_joint_1-,0.04,0.0,-0.04,0.0,0,1,,1,1,0.33333333333333337,4.067098140716553,0.0,0.0,0.0,0.030661417171359062,0.08102334778589669
StackCube-v1,4,15,0.2727272727272727,a9467b936c747e7fbf7cd49ca7f1a1fffbe8b958d82d145c6e06ff12c359cca6,0,0.0015,object_pos_x+,0.0015,0.0015,0.0,0.0,1,1,,1,1,0.0,4.067098140716553,0.0,0.0,0.0,0.0014686809154227376,0.08102333731469123
StackCube-v1,4,15,0.2727272727272727,a9467b936c747e7fbf7cd49ca7f1a1fffbe8b958d82d145c6e06ff12c359cca6,0,0.0015,object_pos_x-,0.0015,-0.0015,0.0,0.0,1,1,,1,1,0.0,4.067098140716553,0.0,0.0,0.0,0.0014686809154227376,0.08102333731469123
StackCube-v1,4,15,0.2727272727272727,a9467b936c747e7fbf7cd49ca7f1a1fffbe8b958d82d145c6e06ff12c359cca6,0,0.0015,object_pos_y+,0.0015,0.0,0.0015,0.0,1,1,,1,1,0.0,4.067098140716553,0.0,0.0,0.0,0.0014686809154227376,0.08102333731469123
StackCube-v1,4,15,0.2727272727272727,a9467b936c747e7fbf7cd49ca7f1a1fffbe8b958d82d145c6e06ff12c359cca6,0,0.0015,object_pos_y-,0.0015,0.0,-0.0015,0.0,1,1,,1,1,0.0,4.067098140716553,0.0,0.0,0.0,0.0014686809154227376,0.08102333731469123
StackCube-v1,4,15,0.2727272727272727,a9467b936c747e7fbf7cd49ca7f1a1fffbe8b958d82d145c6e06ff12c359cca6,0,0.0015,eef_joint_1+,0.01,0.0,0.01,0.0,1,1,,1,1,0.0,4.067098140716553,0.0,0.0,0.0,0.0014686809154227376,0.08102333731469123
StackCube-v1,4,15,0.2727272727272727,a9467b936c747e7fbf7cd49ca7f1a1fffbe8b958d82d145c6e06ff12c359cca6,0,0.0015,eef_joint_1-,0.01,0.0,-0.01,0.0,1,1,,1,1,0.0,4.067098140716553,0.0,0.0,0.0,0.0014686809154227376,0.08102333731469123
StackCube-v1,4,15,0.2727272727272727,a9467b936c747e7fbf7cd49ca7f1a1fffbe8b958d82d145c6e06ff12c359cca6,1,0.003,object_pos_x+,0.003,0.003,0.0,0.0,1,1,,1,1,0.0,4.067098140716553,0.0,0.0,0.0,0.0014686809154227376,0.08102333731469123
StackCube-v1,4,15,0.2727272727272727,a9467b936c747e7fbf7cd49ca7f1a1fffbe8b958d82d145c6e06ff12c359cca6,1,0.003,object_pos_x-,0.003,-0.003,0.0,0.0,1,1,,1,1,0.0,4.067098140716553,0.0,0.0,0.0,0.0014686809154227376,0.08102333731469123
StackCube-v1,4,15,0.2727272727272727,a9467b936c747e7fbf7cd49ca7f1a1fffbe8b958d82d145c6e06ff12c359cca6,1,0.003,object_pos_y+,0.003,0.0,0.003,0.0,1,1,,1,1,0.0,4.067098140716553,0.0,0.0,0.0,0.0014686809154227376,0.08102333731469123
StackCube-v1,4,15,0.2727272727272727,a9467b936c747e7fbf7cd49ca7f1a1fffbe8b958d82d145c6e06ff12c359cca6,1,0.003,object_pos_y-,0.003,0.0,-0.003,0.0,1,1,,1,1,0.0,4.067098140716553,0.0,0.0,0.0,0.0014686809154227376,0.08102333731469123
StackCube-v1,4,15,0.2727272727272727,a9467b936c747e7fbf7cd49ca7f1a1fffbe8b958d82d145c6e06ff12c359cca6,1,0.003,eef_joint_1+,0.02,0.0,0.02,0.0,1,1,,1,1,0.0,4.067098140716553,0.0,0.0,0.0,0.0014686809154227376,0.08102333731469123
StackCube-v1,4,15,0.2727272727272727,a9467b936c747e7fbf7cd49ca7f1a1fffbe8b958d82d145c6e06ff12c359cca6,1,0.003,eef_joint_1-,0.02,0.0,-0.02,0.0,1,1,,1,1,0.0,4.067098140716553,0.0,0.0,0.0,0.0014686809154227376,0.08102333731469123
StackCube-v1,4,15,0.2727272727272727,a9467b936c747e7fbf7cd49ca7f1a1fffbe8b958d82d145c6e06ff12c359cca6,2,0.006,object_pos_x+,0.006,0.006,0.0,0.0,1,1,,1,1,0.33333333333333337,4.067098140716553,0.0,0.0,0.0,0.0014686809154227376,0.08102333731469123
StackCube-v1,4,15,0.2727272727272727,a9467b936c747e7fbf7cd49ca7f1a1fffbe8b958d82d145c6e06ff12c359cca6,2,0.006,object_pos_x-,0.006,-0.006,0.0,0.0,1,1,,1,1,0.33333333333333337,4.067098140716553,0.0,0.0,0.0,0.0014686809154227376,0.08102333731469123
StackCube-v1,4,15,0.2727272727272727,a9467b936c747e7fbf7cd49ca7f1a1fffbe8b958d82d145c6e06ff12c359cca6,2,0.006,object_pos_y+,0.006,0.0,0.006,0.0,1,1,,1,1,0.33333333333333337,4.067098140716553,0.0,0.0,0.0,0.0014686809154227376,0.08102333731469123
StackCube-v1,4,15,0.2727272727272727,a9467b936c747e7fbf7cd49ca7f1a1fffbe8b958d82d145c6e06ff12c359cca6,2,0.006,object_pos_y-,0.006,0.0,-0.006,0.0,1,1,,1,1,0.33333333333333337,4.067098140716553,0.0,0.0,0.0,0.0014686809154227376,0.08102333731469123
StackCube-v1,4,15,0.2727272727272727,a9467b936c747e7fbf7cd49ca7f1a1fffbe8b958d82d145c6e06ff12c359cca6,2,0.006,eef_joint_1+,0.04,0.0,0.04,0.0,0,1,,1,1,0.33333333333333337,4.067098140716553,0.0,0.0,0.0,0.0014686809154227376,0.08102333731469123
StackCube-v1,4,15,0.2727272727272727,a9467b936c747e7fbf7cd49ca7f1a1fffbe8b958d82d145c6e06ff12c359cca6,2,0.006,eef_joint_1-,0.04,0.0,-0.04,0.0,0,1,,1,1,0.33333333333333337,4.067098140716553,0.0,0.0,0.0,0.0014686809154227376,0.08102333731469123
StackCube-v1,4,20,0.36363636363636365,ad12b5161dd0479f28db602652d49d5c96b88adff1e03430dafc0b67d1b478bf,0,0.0015,object_pos_x+,0.0015,0.0015,0.0,0.0,1,1,,1,1,0.0,4.067098140716553,0.0,0.0,0.0,0.0006127908127382398,0.0812618418157095
StackCube-v1,4,20,0.36363636363636365,ad12b5161dd0479f28db602652d49d5c96b88adff1e03430dafc0b67d1b478bf,0,0.0015,object_pos_x-,0.0015,-0.0015,0.0,0.0,1,1,,1,1,0.0,4.067098140716553,0.0,0.0,0.0,0.0006127908127382398,0.0812618418157095
StackCube-v1,4,20,0.36363636363636365,ad12b5161dd0479f28db602652d49d5c96b88adff1e03430dafc0b67d1b478bf,0,0.0015,object_pos_y+,0.0015,0.0,0.0015,0.0,1,1,,1,1,0.0,4.067098140716553,0.0,0.0,0.0,0.0006127908127382398,0.0812618418157095
StackCube-v1,4,20,0.36363636363636365,ad12b5161dd0479f28db602652d49d5c96b88adff1e03430dafc0b67d1b478bf,0,0.0015,object_pos_y-,0.0015,0.0,-0.0015,0.0,1,1,,1,1,0.0,4.067098140716553,0.0,0.0,0.0,0.0006127908127382398,0.0812618418157095
StackCube-v1,4,20,0.36363636363636365,ad12b5161dd0479f28db602652d49d5c96b88adff1e03430dafc0b67d1b478bf,0,0.0015,eef_joint_1+,0.01,0.0,0.01,0.0,1,1,,1,1,0.0,4.067098140716553,0.0,0.0,0.0,0.0006127908127382398,0.0812618418157095
StackCube-v1,4,20,0.36363636363636365,ad12b5161dd0479f28db602652d49d5c96b88adff1e03430dafc0b67d1b478bf,0,0.0015,eef_joint_1-,0.01,0.0,-0.01,0.0,1,1,,1,1,0.0,4.067098140716553,0.0,0.0,0.0,0.0006127908127382398,0.0812618418157095
StackCube-v1,4,20,0.36363636363636365,ad12b5161dd0479f28db602652d49d5c96b88adff1e03430dafc0b67d1b478bf,1,0.003,object_pos_x+,0.003,0.003,0.0,0.0,1,1,,1,1,0.16666666666666663,4.067098140716553,0.0,0.0,0.0,0.0006127908127382398,0.0812618418157095
StackCube-v1,4,20,0.36363636363636365,ad12b5161dd0479f28db602652d49d5c96b88adff1e03430dafc0b67d1b478bf,1,0.003,object_pos_x-,0.003,-0.003,0.0,0.0,1,1,,1,1,0.16666666666666663,4.067098140716553,0.0,0.0,0.0,0.0006127908127382398,0.0812618418157095
StackCube-v1,4,20,0.36363636363636365,ad12b5161dd0479f28db602652d49d5c96b88adff1e03430dafc0b67d1b478bf,1,0.003,object_pos_y+,0.003,0.0,0.003,0.0,1,1,,1,1,0.16666666666666663,4.067098140716553,0.0,0.0,0.0,0.0006127908127382398,0.0812618418157095
StackCube-v1,4,20,0.36363636363636365,ad12b5161dd0479f28db602652d49d5c96b88adff1e03430dafc0b67d1b478bf,1,0.003,object_pos_y-,0.003,0.0,-0.003,0.0,1,1,,1,1,0.16666666666666663,4.067098140716553,0.0,0.0,0.0,0.0006127908127382398,0.0812618418157095
StackCube-v1,4,20,0.36363636363636365,ad12b5161dd0479f28db602652d49d5c96b88adff1e03430dafc0b67d1b478bf,1,0.003,eef_joint_1+,0.02,0.0,0.02,0.0,1,1,,1,1,0.16666666666666663,4.067098140716553,0.0,0.0,0.0,0.0006127908127382398,0.0812618418157095
StackCube-v1,4,20,0.36363636363636365,ad12b5161dd0479f28db602652d49d5c96b88adff1e03430dafc0b67d1b478bf,1,0.003,eef_joint_1-,0.02,0.0,-0.02,0.0,0,1,,1,1,0.16666666666666663,4.067098140716553,0.0,0.0,0.0,0.0006127908127382398,0.0812618418157095
StackCube-v1,4,20,0.36363636363636365,ad12b5161dd0479f28db602652d49d5c96b88adff1e03430dafc0b67d1b478bf,2,0.006,object_pos_x+,0.006,0.006,0.0,0.0,1,1,,1,1,0.33333333333333337,4.067098140716553,0.0,0.0,0.0,0.0006127908127382398,0.0812618418157095
StackCube-v1,4,20,0.36363636363636365,ad12b5161dd0479f28db602652d49d5c96b88adff1e03430dafc0b67d1b478bf,2,0.006,object_pos_x-,0.006,-0.006,0.0,0.0,1,1,,1,1,0.33333333333333337,4.067098140716553,0.0,0.0,0.0,0.0006127908127382398,0.0812618418157095
StackCube-v1,4,20,0.36363636363636365,ad12b5161dd0479f28db602652d49d5c96b88adff1e03430dafc0b67d1b478bf,2,0.006,object_pos_y+,0.006,0.0,0.006,0.0,1,1,,1,1,0.33333333333333337,4.067098140716553,0.0,0.0,0.0,0.0006127908127382398,0.0812618418157095
StackCube-v1,4,20,0.36363636363636365,ad12b5161dd0479f28db602652d49d5c96b88adff1e03430dafc0b67d1b478bf,2,0.006,object_pos_y-,0.006,0.0,-0.006,0.0,1,1,,1,1,0.33333333333333337,4.067098140716553,0.0,0.0,0.0,0.0006127908127382398,0.0812618418157095
StackCube-v1,4,20,0.36363636363636365,ad12b5161dd0479f28db602652d49d5c96b88adff1e03430dafc0b67d1b478bf,2,0.006,eef_joint_1+,0.04,0.0,0.04,0.0,0,1,,1,1,0.33333333333333337,4.067098140716553,0.0,0.0,0.0,0.0006127908127382398,0.0812618418157095
StackCube-v1,4,20,0.36363636363636365,ad12b5161dd0479f28db602652d49d5c96b88adff1e03430dafc0b67d1b478bf,2,0.006,eef_joint_1-,0.04,0.0,-0.04,0.0,0,1,,1,1,0.33333333333333337,4.067098140716553,0.0,0.0,0.0,0.0006127908127382398,0.0812618418157095
StackCube-v1,4,25,0.45454545454545453,9c1ec7facca4950054344ee752c02e9accb2e08c428d65c9a494dfa29f660691,0,0.0015,object_pos_x+,0.0015,0.0015,0.0,0.0,1,1,,1,1,0.0,4.070194721221924,0.0,0.14000003039836884,0.0,0.000582442560698837,0.07435111624231507
StackCube-v1,4,25,0.45454545454545453,9c1ec7facca4950054344ee752c02e9accb2e08c428d65c9a494dfa29f660691,0,0.0015,object_pos_x-,0.0015,-0.0015,0.0,0.0,1,1,,1,1,0.0,4.070194721221924,0.0,0.14000003039836884,0.0,0.000582442560698837,0.07435111624231507
StackCube-v1,4,25,0.45454545454545453,9c1ec7facca4950054344ee752c02e9accb2e08c428d65c9a494dfa29f660691,0,0.0015,object_pos_y+,0.0015,0.0,0.0015,0.0,1,1,,1,1,0.0,4.070194721221924,0.0,0.14000003039836884,0.0,0.000582442560698837,0.07435111624231507
StackCube-v1,4,25,0.45454545454545453,9c1ec7facca4950054344ee752c02e9accb2e08c428d65c9a494dfa29f660691,0,0.0015,object_pos_y-,0.0015,0.0,-0.0015,0.0,1,1,,1,1,0.0,4.070194721221924,0.0,0.14000003039836884,0.0,0.000582442560698837,0.07435111624231507
StackCube-v1,4,25,0.45454545454545453,9c1ec7facca4950054344ee752c02e9accb2e08c428d65c9a494dfa29f660691,0,0.0015,eef_joint_1+,0.01,0.0,0.01,0.0,1,1,,1,1,0.0,4.070194721221924,0.0,0.14000003039836884,0.0,0.000582442560698837,0.07435111624231507
StackCube-v1,4,25,0.45454545454545453,9c1ec7facca4950054344ee752c02e9accb2e08c428d65c9a494dfa29f660691,0,0.0015,eef_joint_1-,0.01,0.0,-0.01,0.0,1,1,,1,1,0.0,4.070194721221924,0.0,0.14000003039836884,0.0,0.000582442560698837,0.07435111624231507
StackCube-v1,4,25,0.45454545454545453,9c1ec7facca4950054344ee752c02e9accb2e08c428d65c9a494dfa29f660691,1,0.003,object_pos_x+,0.003,0.003,0.0,0.0,1,1,,1,1,0.16666666666666663,4.070194721221924,0.0,0.14000003039836884,0.0,0.000582442560698837,0.07435111624231507
StackCube-v1,4,25,0.45454545454545453,9c1ec7facca4950054344ee752c02e9accb2e08c428d65c9a494dfa29f660691,1,0.003,object_pos_x-,0.003,-0.003,0.0,0.0,1,1,,1,1,0.16666666666666663,4.070194721221924,0.0,0.14000003039836884,0.0,0.000582442560698837,0.07435111624231507
StackCube-v1,4,25,0.45454545454545453,9c1ec7facca4950054344ee752c02e9accb2e08c428d65c9a494dfa29f660691,1,0.003,object_pos_y+,0.003,0.0,0.003,0.0,1,1,,1,1,0.16666666666666663,4.070194721221924,0.0,0.14000003039836884,0.0,0.000582442560698837,0.07435111624231507
StackCube-v1,4,25,0.45454545454545453,9c1ec7facca4950054344ee752c02e9accb2e08c428d65c9a494dfa29f660691,1,0.003,object_pos_y-,0.003,0.0,-0.003,0.0,1,1,,1,1,0.16666666666666663,4.070194721221924,0.0,0.14000003039836884,0.0,0.000582442560698837,0.07435111624231507
StackCube-v1,4,25,0.45454545454545453,9c1ec7facca4950054344ee752c02e9accb2e08c428d65c9a494dfa29f660691,1,0.003,eef_joint_1+,0.02,0.0,0.02,0.0,1,1,,1,1,0.16666666666666663,4.070194721221924,0.0,0.14000003039836884,0.0,0.000582442560698837,0.07435111624231507
StackCube-v1,4,25,0.45454545454545453,9c1ec7facca4950054344ee752c02e9accb2e08c428d65c9a494dfa29f660691,1,0.003,eef_joint_1-,0.02,0.0,-0.02,0.0,0,1,,1,1,0.16666666666666663,4.070194721221924,0.0,0.14000003039836884,0.0,0.000582442560698837,0.07435111624231507
StackCube-v1,4,25,0.45454545454545453,9c1ec7facca4950054344ee752c02e9accb2e08c428d65c9a494dfa29f660691,2,0.006,object_pos_x+,0.006,0.006,0.0,0.0,1,1,,1,1,0.33333333333333337,4.070194721221924,0.0,0.14000003039836884,0.0,0.000582442560698837,0.07435111624231507
StackCube-v1,4,25,0.45454545454545453,9c1ec7facca4950054344ee752c02e9accb2e08c428d65c9a494dfa29f660691,2,0.006,object_pos_x-,0.006,-0.006,0.0,0.0,1,1,,1,1,0.33333333333333337,4.070194721221924,0.0,0.14000003039836884,0.0,0.000582442560698837,0.07435111624231507
StackCube-v1,4,25,0.45454545454545453,9c1ec7facca4950054344ee752c02e9accb2e08c428d65c9a494dfa29f660691,2,0.006,object_pos_y+,0.006,0.0,0.006,0.0,1,1,,1,1,0.33333333333333337,4.070194721221924,0.0,0.14000003039836884,0.0,0.000582442560698837,0.07435111624231507
StackCube-v1,4,25,0.45454545454545453,9c1ec7facca4950054344ee752c02e9accb2e08c428d65c9a494dfa29f660691,2,0.006,object_pos_y-,0.006,0.0,-0.006,0.0,1,1,,1,1,0.33333333333333337,4.070194721221924,0.0,0.14000003039836884,0.0,0.000582442560698837,0.07435111624231507
StackCube-v1,4,25,0.45454545454545453,9c1ec7facca4950054344ee752c02e9accb2e08c428d65c9a494dfa29f660691,2,0.006,eef_joint_1+,0.04,0.0,0.04,0.0,0,1,,1,1,0.33333333333333337,4.070194721221924,0.0,0.14000003039836884,0.0,0.000582442560698837,0.07435111624231507
StackCube-v1,4,25,0.45454545454545453,9c1ec7facca4950054344ee752c02e9accb2e08c428d65c9a494dfa29f660691,2,0.006,eef_joint_1-,0.04,0.0,-0.04,0.0,0,1,,1,1,0.33333333333333337,4.070194721221924,0.0,0.14000003039836884,0.0,0.000582442560698837,0.07435111624231507
StackCube-v1,4,30,0.5454545454545454,dda8341fe71369cdad092e5139f97582bce7d805a5f1e4190048e09e6f0b62c5,0,0.0015,object_pos_x+,0.0015,0.0015,0.0,0.0,1,1,,1,1,0.0,4.070194721221924,0.0,0.0,0.0,0.0006110221729613841,0.12154487379602215
StackCube-v1,4,30,0.5454545454545454,dda8341fe71369cdad092e5139f97582bce7d805a5f1e4190048e09e6f0b62c5,0,0.0015,object_pos_x-,0.0015,-0.0015,0.0,0.0,1,1,,1,1,0.0,4.070194721221924,0.0,0.0,0.0,0.0006110221729613841,0.12154487379602215
StackCube-v1,4,30,0.5454545454545454,dda8341fe71369cdad092e5139f97582bce7d805a5f1e4190048e09e6f0b62c5,0,0.0015,object_pos_y+,0.0015,0.0,0.0015,0.0,1,1,,1,1,0.0,4.070194721221924,0.0,0.0,0.0,0.0006110221729613841,0.12154487379602215
StackCube-v1,4,30,0.5454545454545454,dda8341fe71369cdad092e5139f97582bce7d805a5f1e4190048e09e6f0b62c5,0,0.0015,object_pos_y-,0.0015,0.0,-0.0015,0.0,1,1,,1,1,0.0,4.070194721221924,0.0,0.0,0.0,0.0006110221729613841,0.12154487379602215
StackCube-v1,4,30,0.5454545454545454,dda8341fe71369cdad092e5139f97582bce7d805a5f1e4190048e09e6f0b62c5,0,0.0015,eef_joint_1+,0.01,0.0,0.01,0.0,1,1,,1,1,0.0,4.070194721221924,0.0,0.0,0.0,0.0006110221729613841,0.12154487379602215
StackCube-v1,4,30,0.5454545454545454,dda8341fe71369cdad092e5139f97582bce7d805a5f1e4190048e09e6f0b62c5,0,0.0015,eef_joint_1-,0.01,0.0,-0.01,0.0,1,1,,1,1,0.0,4.070194721221924,0.0,0.0,0.0,0.0006110221729613841,0.12154487379602215
StackCube-v1,4,30,0.5454545454545454,dda8341fe71369cdad092e5139f97582bce7d805a5f1e4190048e09e6f0b62c5,1,0.003,object_pos_x+,0.003,0.003,0.0,0.0,1,1,,1,1,0.16666666666666663,4.070194721221924,0.0,0.0,0.0,0.0006110221729613841,0.12154487379602215
StackCube-v1,4,30,0.5454545454545454,dda8341fe71369cdad092e5139f97582bce7d805a5f1e4190048e09e6f0b62c5,1,0.003,object_pos_x-,0.003,-0.003,0.0,0.0,1,1,,1,1,0.16666666666666663,4.070194721221924,0.0,0.0,0.0,0.0006110221729613841,0.12154487379602215
StackCube-v1,4,30,0.5454545454545454,dda8341fe71369cdad092e5139f97582bce7d805a5f1e4190048e09e6f0b62c5,1,0.003,object_pos_y+,0.003,0.0,0.003,0.0,1,1,,1,1,0.16666666666666663,4.070194721221924,0.0,0.0,0.0,0.0006110221729613841,0.12154487379602215
StackCube-v1,4,30,0.5454545454545454,dda8341fe71369cdad092e5139f97582bce7d805a5f1e4190048e09e6f0b62c5,1,0.003,object_pos_y-,0.003,0.0,-0.003,0.0,1,1,,1,1,0.16666666666666663,4.070194721221924,0.0,0.0,0.0,0.0006110221729613841,0.12154487379602215
StackCube-v1,4,30,0.5454545454545454,dda8341fe71369cdad092e5139f97582bce7d805a5f1e4190048e09e6f0b62c5,1,0.003,eef_joint_1+,0.02,0.0,0.02,0.0,1,1,,1,1,0.16666666666666663,4.070194721221924,0.0,0.0,0.0,0.0006110221729613841,0.12154487379602215
StackCube-v1,4,30,0.5454545454545454,dda8341fe71369cdad092e5139f97582bce7d805a5f1e4190048e09e6f0b62c5,1,0.003,eef_joint_1-,0.02,0.0,-0.02,0.0,0,1,,1,1,0.16666666666666663,4.070194721221924,0.0,0.0,0.0,0.0006110221729613841,0.12154487379602215
StackCube-v1,4,30,0.5454545454545454,dda8341fe71369cdad092e5139f97582bce7d805a5f1e4190048e09e6f0b62c5,2,0.006,object_pos_x+,0.006,0.006,0.0,0.0,1,1,,1,1,0.33333333333333337,4.070194721221924,0.0,0.0,0.0,0.0006110221729613841,0.12154487379602215
StackCube-v1,4,30,0.5454545454545454,dda8341fe71369cdad092e5139f97582bce7d805a5f1e4190048e09e6f0b62c5,2,0.006,object_pos_x-,0.006,-0.006,0.0,0.0,1,1,,1,1,0.33333333333333337,4.070194721221924,0.0,0.0,0.0,0.0006110221729613841,0.12154487379602215
StackCube-v1,4,30,0.5454545454545454,dda8341fe71369cdad092e5139f97582bce7d805a5f1e4190048e09e6f0b62c5,2,0.006,object_pos_y+,0.006,0.0,0.006,0.0,1,1,,1,1,0.33333333333333337,4.070194721221924,0.0,0.0,0.0,0.0006110221729613841,0.12154487379602215
StackCube-v1,4,30,0.5454545454545454,dda8341fe71369cdad092e5139f97582bce7d805a5f1e4190048e09e6f0b62c5,2,0.006,object_pos_y-,0.006,0.0,-0.006,0.0,1,1,,1,1,0.33333333333333337,4.070194721221924,0.0,0.0,0.0,0.0006110221729613841,0.12154487379602215
StackCube-v1,4,30,0.5454545454545454,dda8341fe71369cdad092e5139f97582bce7d805a5f1e4190048e09e6f0b62c5,2,0.006,eef_joint_1+,0.04,0.0,0.04,0.0,0,1,,1,1,0.33333333333333337,4.070194721221924,0.0,0.0,0.0,0.0006110221729613841,0.12154487379602215
StackCube-v1,4,30,0.5454545454545454,dda8341fe71369cdad092e5139f97582bce7d805a5f1e4190048e09e6f0b62c5,2,0.006,eef_joint_1-,0.04,0.0,-0.04,0.0,0,1,,1,1,0.33333333333333337,4.070194721221924,0.0,0.0,0.0,0.0006110221729613841,0.12154487379602215
StackCube-v1,4,35,0.6363636363636364,722896c5a16dbd2f366586d92acae7b5818d83279f261c8784939d1bef0a8660,0,0.0015,object_pos_x+,0.0015,0.0015,0.0,0.0,1,1,,1,1,0.0,4.06956148147583,0.0,0.0,0.0,0.0006097588920965791,0.08589880367282873
StackCube-v1,4,35,0.6363636363636364,722896c5a16dbd2f366586d92acae7b5818d83279f261c8784939d1bef0a8660,0,0.0015,object_pos_x-,0.0015,-0.0015,0.0,0.0,1,1,,1,1,0.0,4.06956148147583,0.0,0.0,0.0,0.0006097588920965791,0.08589880367282873
StackCube-v1,4,35,0.6363636363636364,722896c5a16dbd2f366586d92acae7b5818d83279f261c8784939d1bef0a8660,0,0.0015,object_pos_y+,0.0015,0.0,0.0015,0.0,1,1,,1,1,0.0,4.06956148147583,0.0,0.0,0.0,0.0006097588920965791,0.08589880367282873
StackCube-v1,4,35,0.6363636363636364,722896c5a16dbd2f366586d92acae7b5818d83279f261c8784939d1bef0a8660,0,0.0015,object_pos_y-,0.0015,0.0,-0.0015,0.0,1,1,,1,1,0.0,4.06956148147583,0.0,0.0,0.0,0.0006097588920965791,0.08589880367282873
StackCube-v1,4,35,0.6363636363636364,722896c5a16dbd2f366586d92acae7b5818d83279f261c8784939d1bef0a8660,0,0.0015,eef_joint_1+,0.01,0.0,0.01,0.0,1,1,,1,1,0.0,4.06956148147583,0.0,0.0,0.0,0.0006097588920965791,0.08589880367282873
StackCube-v1,4,35,0.6363636363636364,722896c5a16dbd2f366586d92acae7b5818d83279f261c8784939d1bef0a8660,0,0.0015,eef_joint_1-,0.01,0.0,-0.01,0.0,1,1,,1,1,0.0,4.06956148147583,0.0,0.0,0.0,0.0006097588920965791,0.08589880367282873
StackCube-v1,4,35,0.6363636363636364,722896c5a16dbd2f366586d92acae7b5818d83279f261c8784939d1bef0a8660,1,0.003,object_pos_x+,0.003,0.003,0.0,0.0,1,1,,1,1,0.16666666666666663,4.06956148147583,0.0,0.0,0.0,0.0006097588920965791,0.08589880367282873
StackCube-v1,4,35,0.6363636363636364,722896c5a16dbd2f366586d92acae7b5818d83279f261c8784939d1bef0a8660,1,0.003,object_pos_x-,0.003,-0.003,0.0,0.0,1,1,,1,1,0.16666666666666663,4.06956148147583,0.0,0.0,0.0,0.0006097588920965791,0.08589880367282873
StackCube-v1,4,35,0.6363636363636364,722896c5a16dbd2f366586d92acae7b5818d83279f261c8784939d1bef0a8660,1,0.003,object_pos_y+,0.003,0.0,0.003,0.0,1,1,,1,1,0.16666666666666663,4.06956148147583,0.0,0.0,0.0,0.0006097588920965791,0.08589880367282873
StackCube-v1,4,35,0.6363636363636364,722896c5a16dbd2f366586d92acae7b5818d83279f261c8784939d1bef0a8660,1,0.003,object_pos_y-,0.003,0.0,-0.003,0.0,1,1,,1,1,0.16666666666666663,4.06956148147583,0.0,0.0,0.0,0.0006097588920965791,0.08589880367282873
StackCube-v1,4,35,0.6363636363636364,722896c5a16dbd2f366586d92acae7b5818d83279f261c8784939d1bef0a8660,1,0.003,eef_joint_1+,0.02,0.0,0.02,0.0,1,1,,1,1,0.16666666666666663,4.06956148147583,0.0,0.0,0.0,0.0006097588920965791,0.08589880367282873
StackCube-v1,4,35,0.6363636363636364,722896c5a16dbd2f366586d92acae7b5818d83279f261c8784939d1bef0a8660,1,0.003,eef_joint_1-,0.02,0.0,-0.02,0.0,0,1,,1,1,0.16666666666666663,4.06956148147583,0.0,0.0,0.0,0.0006097588920965791,0.08589880367282873
StackCube-v1,4,35,0.6363636363636364,722896c5a16dbd2f366586d92acae7b5818d83279f261c8784939d1bef0a8660,2,0.006,object_pos_x+,0.006,0.006,0.0,0.0,1,1,,1,1,0.33333333333333337,4.06956148147583,0.0,0.0,0.0,0.0006097588920965791,0.08589880367282873
StackCube-v1,4,35,0.6363636363636364,722896c5a16dbd2f366586d92acae7b5818d83279f261c8784939d1bef0a8660,2,0.006,object_pos_x-,0.006,-0.006,0.0,0.0,1,1,,1,1,0.33333333333333337,4.06956148147583,0.0,0.0,0.0,0.0006097588920965791,0.08589880367282873
StackCube-v1,4,35,0.6363636363636364,722896c5a16dbd2f366586d92acae7b5818d83279f261c8784939d1bef0a8660,2,0.006,object_pos_y+,0.006,0.0,0.006,0.0,1,1,,1,1,0.33333333333333337,4.06956148147583,0.0,0.0,0.0,0.0006097588920965791,0.08589880367282873
StackCube-v1,4,35,0.6363636363636364,722896c5a16dbd2f366586d92acae7b5818d83279f261c8784939d1bef0a8660,2,0.006,object_pos_y-,0.006,0.0,-0.006,0.0,1,1,,1,1,0.33333333333333337,4.06956148147583,0.0,0.0,0.0,0.0006097588920965791,0.08589880367282873
StackCube-v1,4,35,0.6363636363636364,722896c5a16dbd2f366586d92acae7b5818d83279f261c8784939d1bef0a8660,2,0.006,eef_joint_1+,0.04,0.0,0.04,0.0,0,1,,1,1,0.33333333333333337,4.06956148147583,0.0,0.0,0.0,0.0006097588920965791,0.08589880367282873
StackCube-v1,4,35,0.6363636363636364,722896c5a16dbd2f366586d92acae7b5818d83279f261c8784939d1bef0a8660,2,0.006,eef_joint_1-,0.04,0.0,-0.04,0.0,0,1,,1,1,0.33333333333333337,4.06956148147583,0.0,0.0,0.0,0.0006097588920965791,0.08589880367282873
StackCube-v1,4,40,0.7272727272727273,df28556fd53a53369345353a00380ec3d5cf010ba3f58e9d7fa59991f50b4d03,0,0.0015,object_pos_x+,0.0015,0.0015,0.0,0.0,1,1,,1,1,0.0,4.0675950050354,0.08000001311302185,0.08000001311302185,0.0,0.0006117737502790987,0.07945243121999124
StackCube-v1,4,40,0.7272727272727273,df28556fd53a53369345353a00380ec3d5cf010ba3f58e9d7fa59991f50b4d03,0,0.0015,object_pos_x-,0.0015,-0.0015,0.0,0.0,1,1,,1,1,0.0,4.0675950050354,0.08000001311302185,0.08000001311302185,0.0,0.0006117737502790987,0.07945243121999124
StackCube-v1,4,40,0.7272727272727273,df28556fd53a53369345353a00380ec3d5cf010ba3f58e9d7fa59991f50b4d03,0,0.0015,object_pos_y+,0.0015,0.0,0.0015,0.0,1,1,,1,1,0.0,4.0675950050354,0.08000001311302185,0.08000001311302185,0.0,0.0006117737502790987,0.07945243121999124
StackCube-v1,4,40,0.7272727272727273,df28556fd53a53369345353a00380ec3d5cf010ba3f58e9d7fa59991f50b4d03,0,0.0015,object_pos_y-,0.0015,0.0,-0.0015,0.0,1,1,,1,1,0.0,4.0675950050354,0.08000001311302185,0.08000001311302185,0.0,0.0006117737502790987,0.07945243121999124
StackCube-v1,4,40,0.7272727272727273,df28556fd53a53369345353a00380ec3d5cf010ba3f58e9d7fa59991f50b4d03,0,0.0015,eef_joint_1+,0.01,0.0,0.01,0.0,1,1,,1,1,0.0,4.0675950050354,0.08000001311302185,0.08000001311302185,0.0,0.0006117737502790987,0.07945243121999124
StackCube-v1,4,40,0.7272727272727273,df28556fd53a53369345353a00380ec3d5cf010ba3f58e9d7fa59991f50b4d03,0,0.0015,eef_joint_1-,0.01,0.0,-0.01,0.0,1,1,,1,1,0.0,4.0675950050354,0.08000001311302185,0.08000001311302185,0.0,0.0006117737502790987,0.07945243121999124
StackCube-v1,4,40,0.7272727272727273,df28556fd53a53369345353a00380ec3d5cf010ba3f58e9d7fa59991f50b4d03,1,0.003,object_pos_x+,0.003,0.003,0.0,0.0,1,1,,1,1,0.16666666666666663,4.0675950050354,0.08000001311302185,0.08000001311302185,0.0,0.0006117737502790987,0.07945243121999124
StackCube-v1,4,40,0.7272727272727273,df28556fd53a53369345353a00380ec3d5cf010ba3f58e9d7fa59991f50b4d03,1,0.003,object_pos_x-,0.003,-0.003,0.0,0.0,1,1,,1,1,0.16666666666666663,4.0675950050354,0.08000001311302185,0.08000001311302185,0.0,0.0006117737502790987,0.07945243121999124
StackCube-v1,4,40,0.7272727272727273,df28556fd53a53369345353a00380ec3d5cf010ba3f58e9d7fa59991f50b4d03,1,0.003,object_pos_y+,0.003,0.0,0.003,0.0,1,1,,1,1,0.16666666666666663,4.0675950050354,0.08000001311302185,0.08000001311302185,0.0,0.0006117737502790987,0.07945243121999124
StackCube-v1,4,40,0.7272727272727273,df28556fd53a53369345353a00380ec3d5cf010ba3f58e9d7fa59991f50b4d03,1,0.003,object_pos_y-,0.003,0.0,-0.003,0.0,1,1,,1,1,0.16666666666666663,4.0675950050354,0.08000001311302185,0.08000001311302185,0.0,0.0006117737502790987,0.07945243121999124
StackCube-v1,4,40,0.7272727272727273,df28556fd53a53369345353a00380ec3d5cf010ba3f58e9d7fa59991f50b4d03,1,0.003,eef_joint_1+,0.02,0.0,0.02,0.0,1,1,,1,1,0.16666666666666663,4.0675950050354,0.08000001311302185,0.08000001311302185,0.0,0.0006117737502790987,0.07945243121999124
StackCube-v1,4,40,0.7272727272727273,df28556fd53a53369345353a00380ec3d5cf010ba3f58e9d7fa59991f50b4d03,1,0.003,eef_joint_1-,0.02,0.0,-0.02,0.0,0,1,,1,1,0.16666666666666663,4.0675950050354,0.08000001311302185,0.08000001311302185,0.0,0.0006117737502790987,0.07945243121999124
StackCube-v1,4,40,0.7272727272727273,df28556fd53a53369345353a00380ec3d5cf010ba3f58e9d7fa59991f50b4d03,2,0.006,object_pos_x+,0.006,0.006,0.0,0.0,1,1,,1,1,0.33333333333333337,4.0675950050354,0.08000001311302185,0.08000001311302185,0.0,0.0006117737502790987,0.07945243121999124
StackCube-v1,4,40,0.7272727272727273,df28556fd53a53369345353a00380ec3d5cf010ba3f58e9d7fa59991f50b4d03,2,0.006,object_pos_x-,0.006,-0.006,0.0,0.0,1,1,,1,1,0.33333333333333337,4.0675950050354,0.08000001311302185,0.08000001311302185,0.0,0.0006117737502790987,0.07945243121999124
StackCube-v1,4,40,0.7272727272727273,df28556fd53a53369345353a00380ec3d5cf010ba3f58e9d7fa59991f50b4d03,2,0.006,object_pos_y+,0.006,0.0,0.006,0.0,1,1,,1,1,0.33333333333333337,4.0675950050354,0.08000001311302185,0.08000001311302185,0.0,0.0006117737502790987,0.07945243121999124
StackCube-v1,4,40,0.7272727272727273,df28556fd53a53369345353a00380ec3d5cf010ba3f58e9d7fa59991f50b4d03,2,0.006,object_pos_y-,0.006,0.0,-0.006,0.0,1,1,,1,1,0.33333333333333337,4.0675950050354,0.08000001311302185,0.08000001311302185,0.0,0.0006117737502790987,0.07945243121999124
StackCube-v1,4,40,0.7272727272727273,df28556fd53a53369345353a00380ec3d5cf010ba3f58e9d7fa59991f50b4d03,2,0.006,eef_joint_1+,0.04,0.0,0.04,0.0,0,1,,1,1,0.33333333333333337,4.0675950050354,0.08000001311302185,0.08000001311302185,0.0,0.0006117737502790987,0.07945243121999124
StackCube-v1,4,40,0.7272727272727273,df28556fd53a53369345353a00380ec3d5cf010ba3f58e9d7fa59991f50b4d03,2,0.006,eef_joint_1-,0.04,0.0,-0.04,0.0,0,1,,1,1,0.33333333333333337,4.0675950050354,0.08000001311302185,0.08000001311302185,0.0,0.0006117737502790987,0.07945243121999124
StackCube-v1,4,45,0.8181818181818182,e989587579d683d779823a723e463727ceaa8f2f482f28578f32fb854ef2a222,0,0.0015,object_pos_x+,0.0015,0.0015,0.0,0.0,1,1,,1,1,0.0,4.0675950050354,0.0,0.0,0.0,0.0006101655308157206,0.004167090381926245
StackCube-v1,4,45,0.8181818181818182,e989587579d683d779823a723e463727ceaa8f2f482f28578f32fb854ef2a222,0,0.0015,object_pos_x-,0.0015,-0.0015,0.0,0.0,1,1,,1,1,0.0,4.0675950050354,0.0,0.0,0.0,0.0006101655308157206,0.004167090381926245
StackCube-v1,4,45,0.8181818181818182,e989587579d683d779823a723e463727ceaa8f2f482f28578f32fb854ef2a222,0,0.0015,object_pos_y+,0.0015,0.0,0.0015,0.0,1,1,,1,1,0.0,4.0675950050354,0.0,0.0,0.0,0.0006101655308157206,0.004167090381926245
StackCube-v1,4,45,0.8181818181818182,e989587579d683d779823a723e463727ceaa8f2f482f28578f32fb854ef2a222,0,0.0015,object_pos_y-,0.0015,0.0,-0.0015,0.0,1,1,,1,1,0.0,4.0675950050354,0.0,0.0,0.0,0.0006101655308157206,0.004167090381926245
StackCube-v1,4,45,0.8181818181818182,e989587579d683d779823a723e463727ceaa8f2f482f28578f32fb854ef2a222,0,0.0015,eef_joint_1+,0.01,0.0,0.01,0.0,1,1,,1,1,0.0,4.0675950050354,0.0,0.0,0.0,0.0006101655308157206,0.004167090381926245
StackCube-v1,4,45,0.8181818181818182,e989587579d683d779823a723e463727ceaa8f2f482f28578f32fb854ef2a222,0,0.0015,eef_joint_1-,0.01,0.0,-0.01,0.0,1,1,,1,1,0.0,4.0675950050354,0.0,0.0,0.0,0.0006101655308157206,0.004167090381926245
StackCube-v1,4,45,0.8181818181818182,e989587579d683d779823a723e463727ceaa8f2f482f28578f32fb854ef2a222,1,0.003,object_pos_x+,0.003,0.003,0.0,0.0,1,1,,1,1,0.16666666666666663,4.0675950050354,0.0,0.0,0.0,0.0006101655308157206,0.004167090381926245
StackCube-v1,4,45,0.8181818181818182,e989587579d683d779823a723e463727ceaa8f2f482f28578f32fb854ef2a222,1,0.003,object_pos_x-,0.003,-0.003,0.0,0.0,1,1,,1,1,0.16666666666666663,4.0675950050354,0.0,0.0,0.0,0.0006101655308157206,0.004167090381926245
StackCube-v1,4,45,0.8181818181818182,e989587579d683d779823a723e463727ceaa8f2f482f28578f32fb854ef2a222,1,0.003,object_pos_y+,0.003,0.0,0.003,0.0,1,1,,1,1,0.16666666666666663,4.0675950050354,0.0,0.0,0.0,0.0006101655308157206,0.004167090381926245
StackCube-v1,4,45,0.8181818181818182,e989587579d683d779823a723e463727ceaa8f2f482f28578f32fb854ef2a222,1,0.003,object_pos_y-,0.003,0.0,-0.003,0.0,1,1,,1,1,0.16666666666666663,4.0675950050354,0.0,0.0,0.0,0.0006101655308157206,0.004167090381926245
StackCube-v1,4,45,0.8181818181818182,e989587579d683d779823a723e463727ceaa8f2f482f28578f32fb854ef2a222,1,0.003,eef_joint_1+,0.02,0.0,0.02,0.0,1,1,,1,1,0.16666666666666663,4.0675950050354,0.0,0.0,0.0,0.0006101655308157206,0.004167090381926245
StackCube-v1,4,45,0.8181818181818182,e989587579d683d779823a723e463727ceaa8f2f482f28578f32fb854ef2a222,1,0.003,eef_joint_1-,0.02,0.0,-0.02,0.0,0,1,,1,1,0.16666666666666663,4.0675950050354,0.0,0.0,0.0,0.0006101655308157206,0.004167090381926245
StackCube-v1,4,45,0.8181818181818182,e989587579d683d779823a723e463727ceaa8f2f482f28578f32fb854ef2a222,2,0.006,object_pos_x+,0.006,0.006,0.0,0.0,1,1,,1,1,0.0,4.0675950050354,0.0,0.0,0.0,0.0006101655308157206,0.004167090381926245
StackCube-v1,4,45,0.8181818181818182,e989587579d683d779823a723e463727ceaa8f2f482f28578f32fb854ef2a222,2,0.006,object_pos_x-,0.006,-0.006,0.0,0.0,1,1,,1,1,0.0,4.0675950050354,0.0,0.0,0.0,0.0006101655308157206,0.004167090381926245
StackCube-v1,4,45,0.8181818181818182,e989587579d683d779823a723e463727ceaa8f2f482f28578f32fb854ef2a222,2,0.006,object_pos_y+,0.006,0.0,0.006,0.0,1,1,,1,1,0.0,4.0675950050354,0.0,0.0,0.0,0.0006101655308157206,0.004167090381926245
StackCube-v1,4,45,0.8181818181818182,e989587579d683d779823a723e463727ceaa8f2f482f28578f32fb854ef2a222,2,0.006,object_pos_y-,0.006,0.0,-0.006,0.0,1,1,,1,1,0.0,4.0675950050354,0.0,0.0,0.0,0.0006101655308157206,0.004167090381926245
StackCube-v1,4,45,0.8181818181818182,e989587579d683d779823a723e463727ceaa8f2f482f28578f32fb854ef2a222,2,0.006,eef_joint_1+,0.04,0.0,0.04,0.0,1,1,,1,1,0.0,4.0675950050354,0.0,0.0,0.0,0.0006101655308157206,0.004167090381926245
StackCube-v1,4,45,0.8181818181818182,e989587579d683d779823a723e463727ceaa8f2f482f28578f32fb854ef2a222,2,0.006,eef_joint_1-,0.04,0.0,-0.04,0.0,1,1,,1,1,0.0,4.0675950050354,0.0,0.0,0.0,0.0006101655308157206,0.004167090381926245
StackCube-v1,4,50,0.9090909090909091,7c16493d283de8419711751c9a3ce3524defc27cf33e444192dde3da0bfb1d67,0,0.0015,object_pos_x+,0.0015,0.0015,0.0,0.0,1,1,,1,1,0.0,4.0675950050354,0.0,0.0,0.0,0.0004701480211224407,0.0007751555807791359
StackCube-v1,4,50,0.9090909090909091,7c16493d283de8419711751c9a3ce3524defc27cf33e444192dde3da0bfb1d67,0,0.0015,object_pos_x-,0.0015,-0.0015,0.0,0.0,1,1,,1,1,0.0,4.0675950050354,0.0,0.0,0.0,0.0004701480211224407,0.0007751555807791359
StackCube-v1,4,50,0.9090909090909091,7c16493d283de8419711751c9a3ce3524defc27cf33e444192dde3da0bfb1d67,0,0.0015,object_pos_y+,0.0015,0.0,0.0015,0.0,1,1,,1,1,0.0,4.0675950050354,0.0,0.0,0.0,0.0004701480211224407,0.0007751555807791359
StackCube-v1,4,50,0.9090909090909091,7c16493d283de8419711751c9a3ce3524defc27cf33e444192dde3da0bfb1d67,0,0.0015,object_pos_y-,0.0015,0.0,-0.0015,0.0,1,1,,1,1,0.0,4.0675950050354,0.0,0.0,0.0,0.0004701480211224407,0.0007751555807791359
StackCube-v1,4,50,0.9090909090909091,7c16493d283de8419711751c9a3ce3524defc27cf33e444192dde3da0bfb1d67,0,0.0015,eef_joint_1+,0.01,0.0,0.01,0.0,1,1,,1,1,0.0,4.0675950050354,0.0,0.0,0.0,0.0004701480211224407,0.0007751555807791359
StackCube-v1,4,50,0.9090909090909091,7c16493d283de8419711751c9a3ce3524defc27cf33e444192dde3da0bfb1d67,0,0.0015,eef_joint_1-,0.01,0.0,-0.01,0.0,1,1,,1,1,0.0,4.0675950050354,0.0,0.0,0.0,0.0004701480211224407,0.0007751555807791359
StackCube-v1,4,50,0.9090909090909091,7c16493d283de8419711751c9a3ce3524defc27cf33e444192dde3da0bfb1d67,1,0.003,object_pos_x+,0.003,0.003,0.0,0.0,1,1,,1,1,0.0,4.0675950050354,0.0,0.0,0.0,0.0004701480211224407,0.0007751555807791359
StackCube-v1,4,50,0.9090909090909091,7c16493d283de8419711751c9a3ce3524defc27cf33e444192dde3da0bfb1d67,1,0.003,object_pos_x-,0.003,-0.003,0.0,0.0,1,1,,1,1,0.0,4.0675950050354,0.0,0.0,0.0,0.0004701480211224407,0.0007751555807791359
StackCube-v1,4,50,0.9090909090909091,7c16493d283de8419711751c9a3ce3524defc27cf33e444192dde3da0bfb1d67,1,0.003,object_pos_y+,0.003,0.0,0.003,0.0,1,1,,1,1,0.0,4.0675950050354,0.0,0.0,0.0,0.0004701480211224407,0.0007751555807791359
StackCube-v1,4,50,0.9090909090909091,7c16493d283de8419711751c9a3ce3524defc27cf33e444192dde3da0bfb1d67,1,0.003,object_pos_y-,0.003,0.0,-0.003,0.0,1,1,,1,1,0.0,4.0675950050354,0.0,0.0,0.0,0.0004701480211224407,0.0007751555807791359
StackCube-v1,4,50,0.9090909090909091,7c16493d283de8419711751c9a3ce3524defc27cf33e444192dde3da0bfb1d67,1,0.003,eef_joint_1+,0.02,0.0,0.02,0.0,1,1,,1,1,0.0,4.0675950050354,0.0,0.0,0.0,0.0004701480211224407,0.0007751555807791359
StackCube-v1,4,50,0.9090909090909091,7c16493d283de8419711751c9a3ce3524defc27cf33e444192dde3da0bfb1d67,1,0.003,eef_joint_1-,0.02,0.0,-0.02,0.0,1,1,,1,1,0.0,4.0675950050354,0.0,0.0,0.0,0.0004701480211224407,0.0007751555807791359
StackCube-v1,4,50,0.9090909090909091,7c16493d283de8419711751c9a3ce3524defc27cf33e444192dde3da0bfb1d67,2,0.006,object_pos_x+,0.006,0.006,0.0,0.0,1,1,,1,1,0.0,4.0675950050354,0.0,0.0,0.0,0.0004701480211224407,0.0007751555807791359
StackCube-v1,4,50,0.9090909090909091,7c16493d283de8419711751c9a3ce3524defc27cf33e444192dde3da0bfb1d67,2,0.006,object_pos_x-,0.006,-0.006,0.0,0.0,1,1,,1,1,0.0,4.0675950050354,0.0,0.0,0.0,0.0004701480211224407,0.0007751555807791359
StackCube-v1,4,50,0.9090909090909091,7c16493d283de8419711751c9a3ce3524defc27cf33e444192dde3da0bfb1d67,2,0.006,object_pos_y+,0.006,0.0,0.006,0.0,1,1,,1,1,0.0,4.0675950050354,0.0,0.0,0.0,0.0004701480211224407,0.0007751555807791359
StackCube-v1,4,50,0.9090909090909091,7c16493d283de8419711751c9a3ce3524defc27cf33e444192dde3da0bfb1d67,2,0.006,object_pos_y-,0.006,0.0,-0.006,0.0,1,1,,1,1,0.0,4.0675950050354,0.0,0.0,0.0,0.0004701480211224407,0.0007751555807791359
StackCube-v1,4,50,0.9090909090909091,7c16493d283de8419711751c9a3ce3524defc27cf33e444192dde3da0bfb1d67,2,0.006,eef_joint_1+,0.04,0.0,0.04,0.0,1,1,,1,1,0.0,4.0675950050354,0.0,0.0,0.0,0.0004701480211224407,0.0007751555807791359
StackCube-v1,4,50,0.9090909090909091,7c16493d283de8419711751c9a3ce3524defc27cf33e444192dde3da0bfb1d67,2,0.006,eef_joint_1-,0.04,0.0,-0.04,0.0,1,1,,1,1,0.0,4.0675950050354,0.0,0.0,0.0,0.0004701480211224407,0.0007751555807791359
StackCube-v1,4,55,1.0,dd2ea2389b2e2d974bcb55ee98797c1b7cab54365781c493459c02ce3d4e194c,0,0.0015,object_pos_x+,0.0015,0.0015,0.0,0.0,1,1,,1,1,0.0,4.0675950050354,0.0,0.0,0.0,0.0007348775397986174,0.000770595220424138
StackCube-v1,4,55,1.0,dd2ea2389b2e2d974bcb55ee98797c1b7cab54365781c493459c02ce3d4e194c,0,0.0015,object_pos_x-,0.0015,-0.0015,0.0,0.0,1,1,,1,1,0.0,4.0675950050354,0.0,0.0,0.0,0.0007348775397986174,0.000770595220424138
StackCube-v1,4,55,1.0,dd2ea2389b2e2d974bcb55ee98797c1b7cab54365781c493459c02ce3d4e194c,0,0.0015,object_pos_y+,0.0015,0.0,0.0015,0.0,1,1,,1,1,0.0,4.0675950050354,0.0,0.0,0.0,0.0007348775397986174,0.000770595220424138
StackCube-v1,4,55,1.0,dd2ea2389b2e2d974bcb55ee98797c1b7cab54365781c493459c02ce3d4e194c,0,0.0015,object_pos_y-,0.0015,0.0,-0.0015,0.0,1,1,,1,1,0.0,4.0675950050354,0.0,0.0,0.0,0.0007348775397986174,0.000770595220424138
StackCube-v1,4,55,1.0,dd2ea2389b2e2d974bcb55ee98797c1b7cab54365781c493459c02ce3d4e194c,0,0.0015,eef_joint_1+,0.01,0.0,0.01,0.0,1,1,,1,1,0.0,4.0675950050354,0.0,0.0,0.0,0.0007348775397986174,0.000770595220424138
StackCube-v1,4,55,1.0,dd2ea2389b2e2d974bcb55ee98797c1b7cab54365781c493459c02ce3d4e194c,0,0.0015,eef_joint_1-,0.01,0.0,-0.01,0.0,1,1,,1,1,0.0,4.0675950050354,0.0,0.0,0.0,0.0007348775397986174,0.000770595220424138
StackCube-v1,4,55,1.0,dd2ea2389b2e2d974bcb55ee98797c1b7cab54365781c493459c02ce3d4e194c,1,0.003,object_pos_x+,0.003,0.003,0.0,0.0,1,1,,1,1,0.0,4.0675950050354,0.0,0.0,0.0,0.0007348775397986174,0.000770595220424138
StackCube-v1,4,55,1.0,dd2ea2389b2e2d974bcb55ee98797c1b7cab54365781c493459c02ce3d4e194c,1,0.003,object_pos_x-,0.003,-0.003,0.0,0.0,1,1,,1,1,0.0,4.0675950050354,0.0,0.0,0.0,0.0007348775397986174,0.000770595220424138
StackCube-v1,4,55,1.0,dd2ea2389b2e2d974bcb55ee98797c1b7cab54365781c493459c02ce3d4e194c,1,0.003,object_pos_y+,0.003,0.0,0.003,0.0,1,1,,1,1,0.0,4.0675950050354,0.0,0.0,0.0,0.0007348775397986174,0.000770595220424138
StackCube-v1,4,55,1.0,dd2ea2389b2e2d974bcb55ee98797c1b7cab54365781c493459c02ce3d4e194c,1,0.003,object_pos_y-,0.003,0.0,-0.003,0.0,1,1,,1,1,0.0,4.0675950050354,0.0,0.0,0.0,0.0007348775397986174,0.000770595220424138
StackCube-v1,4,55,1.0,dd2ea2389b2e2d974bcb55ee98797c1b7cab54365781c493459c02ce3d4e194c,1,0.003,eef_joint_1+,0.02,0.0,0.02,0.0,1,1,,1,1,0.0,4.0675950050354,0.0,0.0,0.0,0.0007348775397986174,0.000770595220424138
StackCube-v1,4,55,1.0,dd2ea2389b2e2d974bcb55ee98797c1b7cab54365781c493459c02ce3d4e194c,1,0.003,eef_joint_1-,0.02,0.0,-0.02,0.0,1,1,,1,1,0.0,4.0675950050354,0.0,0.0,0.0,0.0007348775397986174,0.000770595220424138
StackCube-v1,4,55,1.0,dd2ea2389b2e2d974bcb55ee98797c1b7cab54365781c493459c02ce3d4e194c,2,0.006,object_pos_x+,0.006,0.006,0.0,0.0,1,1,,1,1,0.0,4.0675950050354,0.0,0.0,0.0,0.0007348775397986174,0.000770595220424138
StackCube-v1,4,55,1.0,dd2ea2389b2e2d974bcb55ee98797c1b7cab54365781c493459c02ce3d4e194c,2,0.006,object_pos_x-,0.006,-0.006,0.0,0.0,1,1,,1,1,0.0,4.0675950050354,0.0,0.0,0.0,0.0007348775397986174,0.000770595220424138
StackCube-v1,4,55,1.0,dd2ea2389b2e2d974bcb55ee98797c1b7cab54365781c493459c02ce3d4e194c,2,0.006,object_pos_y+,0.006,0.0,0.006,0.0,1,1,,1,1,0.0,4.0675950050354,0.0,0.0,0.0,0.0007348775397986174,0.000770595220424138
StackCube-v1,4,55,1.0,dd2ea2389b2e2d974bcb55ee98797c1b7cab54365781c493459c02ce3d4e194c,2,0.006,object_pos_y-,0.006,0.0,-0.006,0.0,1,1,,1,1,0.0,4.0675950050354,0.0,0.0,0.0,0.0007348775397986174,0.000770595220424138
StackCube-v1,4,55,1.0,dd2ea2389b2e2d974bcb55ee98797c1b7cab54365781c493459c02ce3d4e194c,2,0.006,eef_joint_1+,0.04,0.0,0.04,0.0,1,1,,1,1,0.0,4.0675950050354,0.0,0.0,0.0,0.0007348775397986174,0.000770595220424138
StackCube-v1,4,55,1.0,dd2ea2389b2e2d974bcb55ee98797c1b7cab54365781c493459c02ce3d4e194c,2,0.006,eef_joint_1-,0.04,0.0,-0.04,0.0,1,1,,1,1,0.0,4.0675950050354,0.0,0.0,0.0,0.0007348775397986174,0.000770595220424138
StackCube-v1,5,0,0.0,b4c205a2f6bdd5e71f6e83116e5e222574e5d50e71f689e5e7f6cc60fcc067d8,0,0.0015,object_pos_x+,0.0015,0.0015,0.0,0.0,1,1,,1,1,0.0,3.824880599975586,3.824880599975586,3.824880599975586,1.0,0.21148353815078735,0.2841535551090043
StackCube-v1,5,0,0.0,b4c205a2f6bdd5e71f6e83116e5e222574e5d50e71f689e5e7f6cc60fcc067d8,0,0.0015,object_pos_x-,0.0015,-0.0015,0.0,0.0,1,1,,1,1,0.0,3.824880599975586,3.824880599975586,3.824880599975586,1.0,0.21148353815078735,0.2841535551090043
StackCube-v1,5,0,0.0,b4c205a2f6bdd5e71f6e83116e5e222574e5d50e71f689e5e7f6cc60fcc067d8,0,0.0015,object_pos_y+,0.0015,0.0,0.0015,0.0,1,1,,1,1,0.0,3.824880599975586,3.824880599975586,3.824880599975586,1.0,0.21148353815078735,0.2841535551090043
StackCube-v1,5,0,0.0,b4c205a2f6bdd5e71f6e83116e5e222574e5d50e71f689e5e7f6cc60fcc067d8,0,0.0015,object_pos_y-,0.0015,0.0,-0.0015,0.0,1,1,,1,1,0.0,3.824880599975586,3.824880599975586,3.824880599975586,1.0,0.21148353815078735,0.2841535551090043
StackCube-v1,5,0,0.0,b4c205a2f6bdd5e71f6e83116e5e222574e5d50e71f689e5e7f6cc60fcc067d8,0,0.0015,eef_joint_1+,0.01,0.0,0.01,0.0,1,1,,1,1,0.0,3.824880599975586,3.824880599975586,3.824880599975586,1.0,0.21148353815078735,0.2841535551090043
StackCube-v1,5,0,0.0,b4c205a2f6bdd5e71f6e83116e5e222574e5d50e71f689e5e7f6cc60fcc067d8,0,0.0015,eef_joint_1-,0.01,0.0,-0.01,0.0,1,1,,1,1,0.0,3.824880599975586,3.824880599975586,3.824880599975586,1.0,0.21148353815078735,0.2841535551090043
StackCube-v1,5,0,0.0,b4c205a2f6bdd5e71f6e83116e5e222574e5d50e71f689e5e7f6cc60fcc067d8,1,0.003,object_pos_x+,0.003,0.003,0.0,0.0,1,1,,1,1,0.33333333333333337,3.824880599975586,3.824880599975586,3.824880599975586,1.0,0.21148353815078735,0.2841535551090043
StackCube-v1,5,0,0.0,b4c205a2f6bdd5e71f6e83116e5e222574e5d50e71f689e5e7f6cc60fcc067d8,1,0.003,object_pos_x-,0.003,-0.003,0.0,0.0,1,1,,1,1,0.33333333333333337,3.824880599975586,3.824880599975586,3.824880599975586,1.0,0.21148353815078735,0.2841535551090043
StackCube-v1,5,0,0.0,b4c205a2f6bdd5e71f6e83116e5e222574e5d50e71f689e5e7f6cc60fcc067d8,1,0.003,object_pos_y+,0.003,0.0,0.003,0.0,1,1,,1,1,0.33333333333333337,3.824880599975586,3.824880599975586,3.824880599975586,1.0,0.21148353815078735,0.2841535551090043
StackCube-v1,5,0,0.0,b4c205a2f6bdd5e71f6e83116e5e222574e5d50e71f689e5e7f6cc60fcc067d8,1,0.003,object_pos_y-,0.003,0.0,-0.003,0.0,1,1,,1,1,0.33333333333333337,3.824880599975586,3.824880599975586,3.824880599975586,1.0,0.21148353815078735,0.2841535551090043
StackCube-v1,5,0,0.0,b4c205a2f6bdd5e71f6e83116e5e222574e5d50e71f689e5e7f6cc60fcc067d8,1,0.003,eef_joint_1+,0.02,0.0,0.02,0.0,0,1,,1,1,0.33333333333333337,3.824880599975586,3.824880599975586,3.824880599975586,1.0,0.21148353815078735,0.2841535551090043
StackCube-v1,5,0,0.0,b4c205a2f6bdd5e71f6e83116e5e222574e5d50e71f689e5e7f6cc60fcc067d8,1,0.003,eef_joint_1-,0.02,0.0,-0.02,0.0,0,1,,1,1,0.33333333333333337,3.824880599975586,3.824880599975586,3.824880599975586,1.0,0.21148353815078735,0.2841535551090043
StackCube-v1,5,0,0.0,b4c205a2f6bdd5e71f6e83116e5e222574e5d50e71f689e5e7f6cc60fcc067d8,2,0.006,object_pos_x+,0.006,0.006,0.0,0.0,1,1,,1,1,0.33333333333333337,3.824880599975586,3.824880599975586,3.824880599975586,1.0,0.21148353815078735,0.2841535551090043
StackCube-v1,5,0,0.0,b4c205a2f6bdd5e71f6e83116e5e222574e5d50e71f689e5e7f6cc60fcc067d8,2,0.006,object_pos_x-,0.006,-0.006,0.0,0.0,1,1,,1,1,0.33333333333333337,3.824880599975586,3.824880599975586,3.824880599975586,1.0,0.21148353815078735,0.2841535551090043
StackCube-v1,5,0,0.0,b4c205a2f6bdd5e71f6e83116e5e222574e5d50e71f689e5e7f6cc60fcc067d8,2,0.006,object_pos_y+,0.006,0.0,0.006,0.0,1,1,,1,1,0.33333333333333337,3.824880599975586,3.824880599975586,3.824880599975586,1.0,0.21148353815078735,0.2841535551090043
StackCube-v1,5,0,0.0,b4c205a2f6bdd5e71f6e83116e5e222574e5d50e71f689e5e7f6cc60fcc067d8,2,0.006,object_pos_y-,0.006,0.0,-0.006,0.0,1,1,,1,1,0.33333333333333337,3.824880599975586,3.824880599975586,3.824880599975586,1.0,0.21148353815078735,0.2841535551090043
StackCube-v1,5,0,0.0,b4c205a2f6bdd5e71f6e83116e5e222574e5d50e71f689e5e7f6cc60fcc067d8,2,0.006,eef_joint_1+,0.04,0.0,0.04,0.0,0,1,,1,1,0.33333333333333337,3.824880599975586,3.824880599975586,3.824880599975586,1.0,0.21148353815078735,0.2841535551090043
StackCube-v1,5,0,0.0,b4c205a2f6bdd5e71f6e83116e5e222574e5d50e71f689e5e7f6cc60fcc067d8,2,0.006,eef_joint_1-,0.04,0.0,-0.04,0.0,0,1,,1,1,0.33333333333333337,3.824880599975586,3.824880599975586,3.824880599975586,1.0,0.21148353815078735,0.2841535551090043
StackCube-v1,5,5,0.09090909090909091,3d98681ff595b246bb78cc4de992535bd08944c33ff857428c91783fc7d97495,0,0.0015,object_pos_x+,0.0015,0.0015,0.0,0.0,1,1,,1,1,0.0,3.824880599975586,0.0,0.0,0.0,0.07188229262828827,0.2841532085387475
StackCube-v1,5,5,0.09090909090909091,3d98681ff595b246bb78cc4de992535bd08944c33ff857428c91783fc7d97495,0,0.0015,object_pos_x-,0.0015,-0.0015,0.0,0.0,1,1,,1,1,0.0,3.824880599975586,0.0,0.0,0.0,0.07188229262828827,0.2841532085387475
StackCube-v1,5,5,0.09090909090909091,3d98681ff595b246bb78cc4de992535bd08944c33ff857428c91783fc7d97495,0,0.0015,object_pos_y+,0.0015,0.0,0.0015,0.0,1,1,,1,1,0.0,3.824880599975586,0.0,0.0,0.0,0.07188229262828827,0.2841532085387475
StackCube-v1,5,5,0.09090909090909091,3d98681ff595b246bb78cc4de992535bd08944c33ff857428c91783fc7d97495,0,0.0015,object_pos_y-,0.0015,0.0,-0.0015,0.0,1,1,,1,1,0.0,3.824880599975586,0.0,0.0,0.0,0.07188229262828827,0.2841532085387475
StackCube-v1,5,5,0.09090909090909091,3d98681ff595b246bb78cc4de992535bd08944c33ff857428c91783fc7d97495,0,0.0015,eef_joint_1+,0.01,0.0,0.01,0.0,1,1,,1,1,0.0,3.824880599975586,0.0,0.0,0.0,0.07188229262828827,0.2841532085387475
StackCube-v1,5,5,0.09090909090909091,3d98681ff595b246bb78cc4de992535bd08944c33ff857428c91783fc7d97495,0,0.0015,eef_joint_1-,0.01,0.0,-0.01,0.0,1,1,,1,1,0.0,3.824880599975586,0.0,0.0,0.0,0.07188229262828827,0.2841532085387475
StackCube-v1,5,5,0.09090909090909091,3d98681ff595b246bb78cc4de992535bd08944c33ff857428c91783fc7d97495,1,0.003,object_pos_x+,0.003,0.003,0.0,0.0,1,1,,1,1,0.33333333333333337,3.824880599975586,0.0,0.0,0.0,0.07188229262828827,0.2841532085387475
StackCube-v1,5,5,0.09090909090909091,3d98681ff595b246bb78cc4de992535bd08944c33ff857428c91783fc7d97495,1,0.003,object_pos_x-,0.003,-0.003,0.0,0.0,1,1,,1,1,0.33333333333333337,3.824880599975586,0.0,0.0,0.0,0.07188229262828827,0.2841532085387475
StackCube-v1,5,5,0.09090909090909091,3d98681ff595b246bb78cc4de992535bd08944c33ff857428c91783fc7d97495,1,0.003,object_pos_y+,0.003,0.0,0.003,0.0,1,1,,1,1,0.33333333333333337,3.824880599975586,0.0,0.0,0.0,0.07188229262828827,0.2841532085387475
StackCube-v1,5,5,0.09090909090909091,3d98681ff595b246bb78cc4de992535bd08944c33ff857428c91783fc7d97495,1,0.003,object_pos_y-,0.003,0.0,-0.003,0.0,1,1,,1,1,0.33333333333333337,3.824880599975586,0.0,0.0,0.0,0.07188229262828827,0.2841532085387475
StackCube-v1,5,5,0.09090909090909091,3d98681ff595b246bb78cc4de992535bd08944c33ff857428c91783fc7d97495,1,0.003,eef_joint_1+,0.02,0.0,0.02,0.0,0,1,,1,1,0.33333333333333337,3.824880599975586,0.0,0.0,0.0,0.07188229262828827,0.2841532085387475
StackCube-v1,5,5,0.09090909090909091,3d98681ff595b246bb78cc4de992535bd08944c33ff857428c91783fc7d97495,1,0.003,eef_joint_1-,0.02,0.0,-0.02,0.0,0,1,,1,1,0.33333333333333337,3.824880599975586,0.0,0.0,0.0,0.07188229262828827,0.2841532085387475
StackCube-v1,5,5,0.09090909090909091,3d98681ff595b246bb78cc4de992535bd08944c33ff857428c91783fc7d97495,2,0.006,object_pos_x+,0.006,0.006,0.0,0.0,1,1,,1,1,0.33333333333333337,3.824880599975586,0.0,0.0,0.0,0.07188229262828827,0.2841532085387475
StackCube-v1,5,5,0.09090909090909091,3d98681ff595b246bb78cc4de992535bd08944c33ff857428c91783fc7d97495,2,0.006,object_pos_x-,0.006,-0.006,0.0,0.0,1,1,,1,1,0.33333333333333337,3.824880599975586,0.0,0.0,0.0,0.07188229262828827,0.2841532085387475
StackCube-v1,5,5,0.09090909090909091,3d98681ff595b246bb78cc4de992535bd08944c33ff857428c91783fc7d97495,2,0.006,object_pos_y+,0.006,0.0,0.006,0.0,1,1,,1,1,0.33333333333333337,3.824880599975586,0.0,0.0,0.0,0.07188229262828827,0.2841532085387475
StackCube-v1,5,5,0.09090909090909091,3d98681ff595b246bb78cc4de992535bd08944c33ff857428c91783fc7d97495,2,0.006,object_pos_y-,0.006,0.0,-0.006,0.0,1,1,,1,1,0.33333333333333337,3.824880599975586,0.0,0.0,0.0,0.07188229262828827,0.2841532085387475
StackCube-v1,5,5,0.09090909090909091,3d98681ff595b246bb78cc4de992535bd08944c33ff857428c91783fc7d97495,2,0.006,eef_joint_1+,0.04,0.0,0.04,0.0,0,1,,1,1,0.33333333333333337,3.824880599975586,0.0,0.0,0.0,0.07188229262828827,0.2841532085387475
StackCube-v1,5,5,0.09090909090909091,3d98681ff595b246bb78cc4de992535bd08944c33ff857428c91783fc7d97495,2,0.006,eef_joint_1-,0.04,0.0,-0.04,0.0,0,1,,1,1,0.33333333333333337,3.824880599975586,0.0,0.0,0.0,0.07188229262828827,0.2841532085387475
StackCube-v1,5,10,0.18181818181818182,b87d534ae64eeefaee6b5cfb3525bfd5e720506da48a4982272181a37b8e1552,0,0.0015,object_pos_x+,0.0015,0.0015,0.0,0.0,1,1,,1,1,0.0,3.823873996734619,0.0,0.0,0.0,0.03512728959321976,0.28415320181958986
StackCube-v1,5,10,0.18181818181818182,b87d534ae64eeefaee6b5cfb3525bfd5e720506da48a4982272181a37b8e1552,0,0.0015,object_pos_x-,0.0015,-0.0015,0.0,0.0,1,1,,1,1,0.0,3.823873996734619,0.0,0.0,0.0,0.03512728959321976,0.28415320181958986
StackCube-v1,5,10,0.18181818181818182,b87d534ae64eeefaee6b5cfb3525bfd5e720506da48a4982272181a37b8e1552,0,0.0015,object_pos_y+,0.0015,0.0,0.0015,0.0,1,1,,1,1,0.0,3.823873996734619,0.0,0.0,0.0,0.03512728959321976,0.28415320181958986
StackCube-v1,5,10,0.18181818181818182,b87d534ae64eeefaee6b5cfb3525bfd5e720506da48a4982272181a37b8e1552,0,0.0015,object_pos_y-,0.0015,0.0,-0.0015,0.0,1,1,,1,1,0.0,3.823873996734619,0.0,0.0,0.0,0.03512728959321976,0.28415320181958986
StackCube-v1,5,10,0.18181818181818182,b87d534ae64eeefaee6b5cfb3525bfd5e720506da48a4982272181a37b8e1552,0,0.0015,eef_joint_1+,0.01,0.0,0.01,0.0,1,1,,1,1,0.0,3.823873996734619,0.0,0.0,0.0,0.03512728959321976,0.28415320181958986
StackCube-v1,5,10,0.18181818181818182,b87d534ae64eeefaee6b5cfb3525bfd5e720506da48a4982272181a37b8e1552,0,0.0015,eef_joint_1-,0.01,0.0,-0.01,0.0,1,1,,1,1,0.0,3.823873996734619,0.0,0.0,0.0,0.03512728959321976,0.28415320181958986
StackCube-v1,5,10,0.18181818181818182,b87d534ae64eeefaee6b5cfb3525bfd5e720506da48a4982272181a37b8e1552,1,0.003,object_pos_x+,0.003,0.003,0.0,0.0,1,1,,1,1,0.33333333333333337,3.823873996734619,0.0,0.0,0.0,0.03512728959321976,0.28415320181958986
StackCube-v1,5,10,0.18181818181818182,b87d534ae64eeefaee6b5cfb3525bfd5e720506da48a4982272181a37b8e1552,1,0.003,object_pos_x-,0.003,-0.003,0.0,0.0,1,1,,1,1,0.33333333333333337,3.823873996734619,0.0,0.0,0.0,0.03512728959321976,0.28415320181958986
StackCube-v1,5,10,0.18181818181818182,b87d534ae64eeefaee6b5cfb3525bfd5e720506da48a4982272181a37b8e1552,1,0.003,object_pos_y+,0.003,0.0,0.003,0.0,1,1,,1,1,0.33333333333333337,3.823873996734619,0.0,0.0,0.0,0.03512728959321976,0.28415320181958986
StackCube-v1,5,10,0.18181818181818182,b87d534ae64eeefaee6b5cfb3525bfd5e720506da48a4982272181a37b8e1552,1,0.003,object_pos_y-,0.003,0.0,-0.003,0.0,1,1,,1,1,0.33333333333333337,3.823873996734619,0.0,0.0,0.0,0.03512728959321976,0.28415320181958986
StackCube-v1,5,10,0.18181818181818182,b87d534ae64eeefaee6b5cfb3525bfd5e720506da48a4982272181a37b8e1552,1,0.003,eef_joint_1+,0.02,0.0,0.02,0.0,0,1,,1,1,0.33333333333333337,3.823873996734619,0.0,0.0,0.0,0.03512728959321976,0.28415320181958986
StackCube-v1,5,10,0.18181818181818182,b87d534ae64eeefaee6b5cfb3525bfd5e720506da48a4982272181a37b8e1552,1,0.003,eef_joint_1-,0.02,0.0,-0.02,0.0,0,1,,1,1,0.33333333333333337,3.823873996734619,0.0,0.0,0.0,0.03512728959321976,0.28415320181958986
StackCube-v1,5,10,0.18181818181818182,b87d534ae64eeefaee6b5cfb3525bfd5e720506da48a4982272181a37b8e1552,2,0.006,object_pos_x+,0.006,0.006,0.0,0.0,1,1,,1,1,0.33333333333333337,3.823873996734619,0.0,0.0,0.0,0.03512728959321976,0.28415320181958986
StackCube-v1,5,10,0.18181818181818182,b87d534ae64eeefaee6b5cfb3525bfd5e720506da48a4982272181a37b8e1552,2,0.006,object_pos_x-,0.006,-0.006,0.0,0.0,1,1,,1,1,0.33333333333333337,3.823873996734619,0.0,0.0,0.0,0.03512728959321976,0.28415320181958986
StackCube-v1,5,10,0.18181818181818182,b87d534ae64eeefaee6b5cfb3525bfd5e720506da48a4982272181a37b8e1552,2,0.006,object_pos_y+,0.006,0.0,0.006,0.0,1,1,,1,1,0.33333333333333337,3.823873996734619,0.0,0.0,0.0,0.03512728959321976,0.28415320181958986
StackCube-v1,5,10,0.18181818181818182,b87d534ae64eeefaee6b5cfb3525bfd5e720506da48a4982272181a37b8e1552,2,0.006,object_pos_y-,0.006,0.0,-0.006,0.0,1,1,,1,1,0.33333333333333337,3.823873996734619,0.0,0.0,0.0,0.03512728959321976,0.28415320181958986
StackCube-v1,5,10,0.18181818181818182,b87d534ae64eeefaee6b5cfb3525bfd5e720506da48a4982272181a37b8e1552,2,0.006,eef_joint_1+,0.04,0.0,0.04,0.0,0,1,,1,1,0.33333333333333337,3.823873996734619,0.0,0.0,0.0,0.03512728959321976,0.28415320181958986
StackCube-v1,5,10,0.18181818181818182,b87d534ae64eeefaee6b5cfb3525bfd5e720506da48a4982272181a37b8e1552,2,0.006,eef_joint_1-,0.04,0.0,-0.04,0.0,0,1,,1,1,0.33333333333333337,3.823873996734619,0.0,0.0,0.0,0.03512728959321976,0.28415320181958986
StackCube-v1,5,15,0.2727272727272727,43ce062b9bf7487008e54d63a51a09e5ab6f5d4dab75132507c37f038d22902d,0,0.0015,object_pos_x+,0.0015,0.0015,0.0,0.0,1,1,,1,1,0.0,3.823873996734619,0.0,0.0,0.0,0.00402970751747489,0.2841532007707761
StackCube-v1,5,15,0.2727272727272727,43ce062b9bf7487008e54d63a51a09e5ab6f5d4dab75132507c37f038d22902d,0,0.0015,object_pos_x-,0.0015,-0.0015,0.0,0.0,1,1,,1,1,0.0,3.823873996734619,0.0,0.0,0.0,0.00402970751747489,0.2841532007707761
StackCube-v1,5,15,0.2727272727272727,43ce062b9bf7487008e54d63a51a09e5ab6f5d4dab75132507c37f038d22902d,0,0.0015,object_pos_y+,0.0015,0.0,0.0015,0.0,1,1,,1,1,0.0,3.823873996734619,0.0,0.0,0.0,0.00402970751747489,0.2841532007707761
StackCube-v1,5,15,0.2727272727272727,43ce062b9bf7487008e54d63a51a09e5ab6f5d4dab75132507c37f038d22902d,0,0.0015,object_pos_y-,0.0015,0.0,-0.0015,0.0,1,1,,1,1,0.0,3.823873996734619,0.0,0.0,0.0,0.00402970751747489,0.2841532007707761
StackCube-v1,5,15,0.2727272727272727,43ce062b9bf7487008e54d63a51a09e5ab6f5d4dab75132507c37f038d22902d,0,0.0015,eef_joint_1+,0.01,0.0,0.01,0.0,1,1,,1,1,0.0,3.823873996734619,0.0,0.0,0.0,0.00402970751747489,0.2841532007707761
StackCube-v1,5,15,0.2727272727272727,43ce062b9bf7487008e54d63a51a09e5ab6f5d4dab75132507c37f038d22902d,0,0.0015,eef_joint_1-,0.01,0.0,-0.01,0.0,1,1,,1,1,0.0,3.823873996734619,0.0,0.0,0.0,0.00402970751747489,0.2841532007707761
StackCube-v1,5,15,0.2727272727272727,43ce062b9bf7487008e54d63a51a09e5ab6f5d4dab75132507c37f038d22902d,1,0.003,object_pos_x+,0.003,0.003,0.0,0.0,1,1,,1,1,0.33333333333333337,3.823873996734619,0.0,0.0,0.0,0.00402970751747489,0.2841532007707761
StackCube-v1,5,15,0.2727272727272727,43ce062b9bf7487008e54d63a51a09e5ab6f5d4dab75132507c37f038d22902d,1,0.003,object_pos_x-,0.003,-0.003,0.0,0.0,1,1,,1,1,0.33333333333333337,3.823873996734619,0.0,0.0,0.0,0.00402970751747489,0.2841532007707761
StackCube-v1,5,15,0.2727272727272727,43ce062b9bf7487008e54d63a51a09e5ab6f5d4dab75132507c37f038d22902d,1,0.003,object_pos_y+,0.003,0.0,0.003,0.0,1,1,,1,1,0.33333333333333337,3.823873996734619,0.0,0.0,0.0,0.00402970751747489,0.2841532007707761
StackCube-v1,5,15,0.2727272727272727,43ce062b9bf7487008e54d63a51a09e5ab6f5d4dab75132507c37f038d22902d,1,0.003,object_pos_y-,0.003,0.0,-0.003,0.0,1,1,,1,1,0.33333333333333337,3.823873996734619,0.0,0.0,0.0,0.00402970751747489,0.2841532007707761
StackCube-v1,5,15,0.2727272727272727,43ce062b9bf7487008e54d63a51a09e5ab6f5d4dab75132507c37f038d22902d,1,0.003,eef_joint_1+,0.02,0.0,0.02,0.0,0,1,,1,1,0.33333333333333337,3.823873996734619,0.0,0.0,0.0,0.00402970751747489,0.2841532007707761
StackCube-v1,5,15,0.2727272727272727,43ce062b9bf7487008e54d63a51a09e5ab6f5d4dab75132507c37f038d22902d,1,0.003,eef_joint_1-,0.02,0.0,-0.02,0.0,0,1,,1,1,0.33333333333333337,3.823873996734619,0.0,0.0,0.0,0.00402970751747489,0.2841532007707761
StackCube-v1,5,15,0.2727272727272727,43ce062b9bf7487008e54d63a51a09e5ab6f5d4dab75132507c37f038d22902d,2,0.006,object_pos_x+,0.006,0.006,0.0,0.0,1,1,,1,1,0.33333333333333337,3.823873996734619,0.0,0.0,0.0,0.00402970751747489,0.2841532007707761
StackCube-v1,5,15,0.2727272727272727,43ce062b9bf7487008e54d63a51a09e5ab6f5d4dab75132507c37f038d22902d,2,0.006,object_pos_x-,0.006,-0.006,0.0,0.0,1,1,,1,1,0.33333333333333337,3.823873996734619,0.0,0.0,0.0,0.00402970751747489,0.2841532007707761
StackCube-v1,5,15,0.2727272727272727,43ce062b9bf7487008e54d63a51a09e5ab6f5d4dab75132507c37f038d22902d,2,0.006,object_pos_y+,0.006,0.0,0.006,0.0,1,1,,1,1,0.33333333333333337,3.823873996734619,0.0,0.0,0.0,0.00402970751747489,0.2841532007707761
StackCube-v1,5,15,0.2727272727272727,43ce062b9bf7487008e54d63a51a09e5ab6f5d4dab75132507c37f038d22902d,2,0.006,object_pos_y-,0.006,0.0,-0.006,0.0,1,1,,1,1,0.33333333333333337,3.823873996734619,0.0,0.0,0.0,0.00402970751747489,0.2841532007707761
StackCube-v1,5,15,0.2727272727272727,43ce062b9bf7487008e54d63a51a09e5ab6f5d4dab75132507c37f038d22902d,2,0.006,eef_joint_1+,0.04,0.0,0.04,0.0,0,1,,1,1,0.33333333333333337,3.823873996734619,0.0,0.0,0.0,0.00402970751747489,0.2841532007707761
StackCube-v1,5,15,0.2727272727272727,43ce062b9bf7487008e54d63a51a09e5ab6f5d4dab75132507c37f038d22902d,2,0.006,eef_joint_1-,0.04,0.0,-0.04,0.0,0,1,,1,1,0.33333333333333337,3.823873996734619,0.0,0.0,0.0,0.00402970751747489,0.2841532007707761
StackCube-v1,5,20,0.36363636363636365,2c74561d26181b6bea2c2304f6c01e12e3f0d60b03dd32320512c1380e79db50,0,0.0015,object_pos_x+,0.0015,0.0015,0.0,0.0,1,1,,1,1,0.33333333333333337,3.823873996734619,0.0,0.0,0.0,0.002053210511803627,0.2840524155647578
StackCube-v1,5,20,0.36363636363636365,2c74561d26181b6bea2c2304f6c01e12e3f0d60b03dd32320512c1380e79db50,0,0.0015,object_pos_x-,0.0015,-0.0015,0.0,0.0,1,1,,1,1,0.33333333333333337,3.823873996734619,0.0,0.0,0.0,0.002053210511803627,0.2840524155647578
StackCube-v1,5,20,0.36363636363636365,2c74561d26181b6bea2c2304f6c01e12e3f0d60b03dd32320512c1380e79db50,0,0.0015,object_pos_y+,0.0015,0.0,0.0015,0.0,1,1,,1,1,0.33333333333333337,3.823873996734619,0.0,0.0,0.0,0.002053210511803627,0.2840524155647578
StackCube-v1,5,20,0.36363636363636365,2c74561d26181b6bea2c2304f6c01e12e3f0d60b03dd32320512c1380e79db50,0,0.0015,object_pos_y-,0.0015,0.0,-0.0015,0.0,1,1,,1,1,0.33333333333333337,3.823873996734619,0.0,0.0,0.0,0.002053210511803627,0.2840524155647578
StackCube-v1,5,20,0.36363636363636365,2c74561d26181b6bea2c2304f6c01e12e3f0d60b03dd32320512c1380e79db50,0,0.0015,eef_joint_1+,0.01,0.0,0.01,0.0,0,1,,1,1,0.33333333333333337,3.823873996734619,0.0,0.0,0.0,0.002053210511803627,0.2840524155647578
StackCube-v1,5,20,0.36363636363636365,2c74561d26181b6bea2c2304f6c01e12e3f0d60b03dd32320512c1380e79db50,0,0.0015,eef_joint_1-,0.01,0.0,-0.01,0.0,0,1,,1,1,0.33333333333333337,3.823873996734619,0.0,0.0,0.0,0.002053210511803627,0.2840524155647578
StackCube-v1,5,20,0.36363636363636365,2c74561d26181b6bea2c2304f6c01e12e3f0d60b03dd32320512c1380e79db50,1,0.003,object_pos_x+,0.003,0.003,0.0,0.0,1,1,,1,1,0.33333333333333337,3.823873996734619,0.0,0.0,0.0,0.002053210511803627,0.2840524155647578
StackCube-v1,5,20,0.36363636363636365,2c74561d26181b6bea2c2304f6c01e12e3f0d60b03dd32320512c1380e79db50,1,0.003,object_pos_x-,0.003,-0.003,0.0,0.0,1,1,,1,1,0.33333333333333337,3.823873996734619,0.0,0.0,0.0,0.002053210511803627,0.2840524155647578
StackCube-v1,5,20,0.36363636363636365,2c74561d26181b6bea2c2304f6c01e12e3f0d60b03dd32320512c1380e79db50,1,0.003,object_pos_y+,0.003,0.0,0.003,0.0,1,1,,1,1,0.33333333333333337,3.823873996734619,0.0,0.0,0.0,0.002053210511803627,0.2840524155647578
StackCube-v1,5,20,0.36363636363636365,2c74561d26181b6bea2c2304f6c01e12e3f0d60b03dd32320512c1380e79db50,1,0.003,object_pos_y-,0.003,0.0,-0.003,0.0,1,1,,1,1,0.33333333333333337,3.823873996734619,0.0,0.0,0.0,0.002053210511803627,0.2840524155647578
StackCube-v1,5,20,0.36363636363636365,2c74561d26181b6bea2c2304f6c01e12e3f0d60b03dd32320512c1380e79db50,1,0.003,eef_joint_1+,0.02,0.0,0.02,0.0,0,1,,1,1,0.33333333333333337,3.823873996734619,0.0,0.0,0.0,0.002053210511803627,0.2840524155647578
StackCube-v1,5,20,0.36363636363636365,2c74561d26181b6bea2c2304f6c01e12e3f0d60b03dd32320512c1380e79db50,1,0.003,eef_joint_1-,0.02,0.0,-0.02,0.0,0,1,,1,1,0.33333333333333337,3.823873996734619,0.0,0.0,0.0,0.002053210511803627,0.2840524155647578
StackCube-v1,5,20,0.36363636363636365,2c74561d26181b6bea2c2304f6c01e12e3f0d60b03dd32320512c1380e79db50,2,0.006,object_pos_x+,0.006,0.006,0.0,0.0,1,1,,1,1,0.33333333333333337,3.823873996734619,0.0,0.0,0.0,0.002053210511803627,0.2840524155647578
StackCube-v1,5,20,0.36363636363636365,2c74561d26181b6bea2c2304f6c01e12e3f0d60b03dd32320512c1380e79db50,2,0.006,object_pos_x-,0.006,-0.006,0.0,0.0,1,1,,1,1,0.33333333333333337,3.823873996734619,0.0,0.0,0.0,0.002053210511803627,0.2840524155647578
StackCube-v1,5,20,0.36363636363636365,2c74561d26181b6bea2c2304f6c01e12e3f0d60b03dd32320512c1380e79db50,2,0.006,object_pos_y+,0.006,0.0,0.006,0.0,1,1,,1,1,0.33333333333333337,3.823873996734619,0.0,0.0,0.0,0.002053210511803627,0.2840524155647578
StackCube-v1,5,20,0.36363636363636365,2c74561d26181b6bea2c2304f6c01e12e3f0d60b03dd32320512c1380e79db50,2,0.006,object_pos_y-,0.006,0.0,-0.006,0.0,1,1,,1,1,0.33333333333333337,3.823873996734619,0.0,0.0,0.0,0.002053210511803627,0.2840524155647578
StackCube-v1,5,20,0.36363636363636365,2c74561d26181b6bea2c2304f6c01e12e3f0d60b03dd32320512c1380e79db50,2,0.006,eef_joint_1+,0.04,0.0,0.04,0.0,0,1,,1,1,0.33333333333333337,3.823873996734619,0.0,0.0,0.0,0.002053210511803627,0.2840524155647578
StackCube-v1,5,20,0.36363636363636365,2c74561d26181b6bea2c2304f6c01e12e3f0d60b03dd32320512c1380e79db50,2,0.006,eef_joint_1-,0.04,0.0,-0.04,0.0,0,1,,1,1,0.33333333333333337,3.823873996734619,0.0,0.0,0.0,0.002053210511803627,0.2840524155647578
StackCube-v1,5,25,0.45454545454545453,aefd7861ba941cf4c57c8f2c4c299ecc83c5f6893cb6b3b95516ec565ae2e566,0,0.0015,object_pos_x+,0.0015,0.0015,0.0,0.0,1,1,,1,1,0.33333333333333337,3.827167510986328,0.0,0.14000003039836884,0.0,0.002035558456555009,0.28437313805378034
StackCube-v1,5,25,0.45454545454545453,aefd7861ba941cf4c57c8f2c4c299ecc83c5f6893cb6b3b95516ec565ae2e566,0,0.0015,object_pos_x-,0.0015,-0.0015,0.0,0.0,1,1,,1,1,0.33333333333333337,3.827167510986328,0.0,0.14000003039836884,0.0,0.002035558456555009,0.28437313805378034
StackCube-v1,5,25,0.45454545454545453,aefd7861ba941cf4c57c8f2c4c299ecc83c5f6893cb6b3b95516ec565ae2e566,0,0.0015,object_pos_y+,0.0015,0.0,0.0015,0.0,1,1,,1,1,0.33333333333333337,3.827167510986328,0.0,0.14000003039836884,0.0,0.002035558456555009,0.28437313805378034
StackCube-v1,5,25,0.45454545454545453,aefd7861ba941cf4c57c8f2c4c299ecc83c5f6893cb6b3b95516ec565ae2e566,0,0.0015,object_pos_y-,0.0015,0.0,-0.0015,0.0,1,1,,1,1,0.33333333333333337,3.827167510986328,0.0,0.14000003039836884,0.0,0.002035558456555009,0.28437313805378034
StackCube-v1,5,25,0.45454545454545453,aefd7861ba941cf4c57c8f2c4c299ecc83c5f6893cb6b3b95516ec565ae2e566,0,0.0015,eef_joint_1+,0.01,0.0,0.01,0.0,0,1,,1,1,0.33333333333333337,3.827167510986328,0.0,0.14000003039836884,0.0,0.002035558456555009,0.28437313805378034
StackCube-v1,5,25,0.45454545454545453,aefd7861ba941cf4c57c8f2c4c299ecc83c5f6893cb6b3b95516ec565ae2e566,0,0.0015,eef_joint_1-,0.01,0.0,-0.01,0.0,0,1,,1,1,0.33333333333333337,3.827167510986328,0.0,0.14000003039836884,0.0,0.002035558456555009,0.28437313805378034
StackCube-v1,5,25,0.45454545454545453,aefd7861ba941cf4c57c8f2c4c299ecc83c5f6893cb6b3b95516ec565ae2e566,1,0.003,object_pos_x+,0.003,0.003,0.0,0.0,1,1,,1,1,0.33333333333333337,3.827167510986328,0.0,0.14000003039836884,0.0,0.002035558456555009,0.28437313805378034
StackCube-v1,5,25,0.45454545454545453,aefd7861ba941cf4c57c8f2c4c299ecc83c5f6893cb6b3b95516ec565ae2e566,1,0.003,object_pos_x-,0.003,-0.003,0.0,0.0,1,1,,1,1,0.33333333333333337,3.827167510986328,0.0,0.14000003039836884,0.0,0.002035558456555009,0.28437313805378034
StackCube-v1,5,25,0.45454545454545453,aefd7861ba941cf4c57c8f2c4c299ecc83c5f6893cb6b3b95516ec565ae2e566,1,0.003,object_pos_y+,0.003,0.0,0.003,0.0,1,1,,1,1,0.33333333333333337,3.827167510986328,0.0,0.14000003039836884,0.0,0.002035558456555009,0.28437313805378034
StackCube-v1,5,25,0.45454545454545453,aefd7861ba941cf4c57c8f2c4c299ecc83c5f6893cb6b3b95516ec565ae2e566,1,0.003,object_pos_y-,0.003,0.0,-0.003,0.0,1,1,,1,1,0.33333333333333337,3.827167510986328,0.0,0.14000003039836884,0.0,0.002035558456555009,0.28437313805378034
StackCube-v1,5,25,0.45454545454545453,aefd7861ba941cf4c57c8f2c4c299ecc83c5f6893cb6b3b95516ec565ae2e566,1,0.003,eef_joint_1+,0.02,0.0,0.02,0.0,0,1,,1,1,0.33333333333333337,3.827167510986328,0.0,0.14000003039836884,0.0,0.002035558456555009,0.28437313805378034
StackCube-v1,5,25,0.45454545454545453,aefd7861ba941cf4c57c8f2c4c299ecc83c5f6893cb6b3b95516ec565ae2e566,1,0.003,eef_joint_1-,0.02,0.0,-0.02,0.0,0,1,,1,1,0.33333333333333337,3.827167510986328,0.0,0.14000003039836884,0.0,0.002035558456555009,0.28437313805378034
StackCube-v1,5,25,0.45454545454545453,aefd7861ba941cf4c57c8f2c4c299ecc83c5f6893cb6b3b95516ec565ae2e566,2,0.006,object_pos_x+,0.006,0.006,0.0,0.0,1,1,,1,1,0.33333333333333337,3.827167510986328,0.0,0.14000003039836884,0.0,0.002035558456555009,0.28437313805378034
StackCube-v1,5,25,0.45454545454545453,aefd7861ba941cf4c57c8f2c4c299ecc83c5f6893cb6b3b95516ec565ae2e566,2,0.006,object_pos_x-,0.006,-0.006,0.0,0.0,1,1,,1,1,0.33333333333333337,3.827167510986328,0.0,0.14000003039836884,0.0,0.002035558456555009,0.28437313805378034
StackCube-v1,5,25,0.45454545454545453,aefd7861ba941cf4c57c8f2c4c299ecc83c5f6893cb6b3b95516ec565ae2e566,2,0.006,object_pos_y+,0.006,0.0,0.006,0.0,1,1,,1,1,0.33333333333333337,3.827167510986328,0.0,0.14000003039836884,0.0,0.002035558456555009,0.28437313805378034
StackCube-v1,5,25,0.45454545454545453,aefd7861ba941cf4c57c8f2c4c299ecc83c5f6893cb6b3b95516ec565ae2e566,2,0.006,object_pos_y-,0.006,0.0,-0.006,0.0,1,1,,1,1,0.33333333333333337,3.827167510986328,0.0,0.14000003039836884,0.0,0.002035558456555009,0.28437313805378034
StackCube-v1,5,25,0.45454545454545453,aefd7861ba941cf4c57c8f2c4c299ecc83c5f6893cb6b3b95516ec565ae2e566,2,0.006,eef_joint_1+,0.04,0.0,0.04,0.0,0,1,,1,1,0.33333333333333337,3.827167510986328,0.0,0.14000003039836884,0.0,0.002035558456555009,0.28437313805378034
StackCube-v1,5,25,0.45454545454545453,aefd7861ba941cf4c57c8f2c4c299ecc83c5f6893cb6b3b95516ec565ae2e566,2,0.006,eef_joint_1-,0.04,0.0,-0.04,0.0,0,1,,1,1,0.33333333333333337,3.827167510986328,0.0,0.14000003039836884,0.0,0.002035558456555009,0.28437313805378034
StackCube-v1,5,30,0.5454545454545454,f2abcc89b0d7c37156c39a6444fc42f5bb2c64b3649d7de6b286b24cbb618499,0,0.0015,object_pos_x+,0.0015,0.0015,0.0,0.0,1,1,,1,1,0.33333333333333337,3.827167510986328,0.0,0.0,0.0,0.002053643809631467,0.29991164924033265
StackCube-v1,5,30,0.5454545454545454,f2abcc89b0d7c37156c39a6444fc42f5bb2c64b3649d7de6b286b24cbb618499,0,0.0015,object_pos_x-,0.0015,-0.0015,0.0,0.0,1,1,,1,1,0.33333333333333337,3.827167510986328,0.0,0.0,0.0,0.002053643809631467,0.29991164924033265
StackCube-v1,5,30,0.5454545454545454,f2abcc89b0d7c37156c39a6444fc42f5bb2c64b3649d7de6b286b24cbb618499,0,0.0015,object_pos_y+,0.0015,0.0,0.0015,0.0,1,1,,1,1,0.33333333333333337,3.827167510986328,0.0,0.0,0.0,0.002053643809631467,0.29991164924033265
StackCube-v1,5,30,0.5454545454545454,f2abcc89b0d7c37156c39a6444fc42f5bb2c64b3649d7de6b286b24cbb618499,0,0.0015,object_pos_y-,0.0015,0.0,-0.0015,0.0,1,1,,1,1,0.33333333333333337,3.827167510986328,0.0,0.0,0.0,0.002053643809631467,0.29991164924033265
StackCube-v1,5,30,0.5454545454545454,f2abcc89b0d7c37156c39a6444fc42f5bb2c64b3649d7de6b286b24cbb618499,0,0.0015,eef_joint_1+,0.01,0.0,0.01,0.0,0,1,,1,1,0.33333333333333337,3.827167510986328,0.0,0.0,0.0,0.002053643809631467,0.29991164924033265
StackCube-v1,5,30,0.5454545454545454,f2abcc89b0d7c37156c39a6444fc42f5bb2c64b3649d7de6b286b24cbb618499,0,0.0015,eef_joint_1-,0.01,0.0,-0.01,0.0,0,1,,1,1,0.33333333333333337,3.827167510986328,0.0,0.0,0.0,0.002053643809631467,0.29991164924033265
StackCube-v1,5,30,0.5454545454545454,f2abcc89b0d7c37156c39a6444fc42f5bb2c64b3649d7de6b286b24cbb618499,1,0.003,object_pos_x+,0.003,0.003,0.0,0.0,1,1,,1,1,0.33333333333333337,3.827167510986328,0.0,0.0,0.0,0.002053643809631467,0.29991164924033265
StackCube-v1,5,30,0.5454545454545454,f2abcc89b0d7c37156c39a6444fc42f5bb2c64b3649d7de6b286b24cbb618499,1,0.003,object_pos_x-,0.003,-0.003,0.0,0.0,1,1,,1,1,0.33333333333333337,3.827167510986328,0.0,0.0,0.0,0.002053643809631467,0.29991164924033265
StackCube-v1,5,30,0.5454545454545454,f2abcc89b0d7c37156c39a6444fc42f5bb2c64b3649d7de6b286b24cbb618499,1,0.003,object_pos_y+,0.003,0.0,0.003,0.0,1,1,,1,1,0.33333333333333337,3.827167510986328,0.0,0.0,0.0,0.002053643809631467,0.29991164924033265
StackCube-v1,5,30,0.5454545454545454,f2abcc89b0d7c37156c39a6444fc42f5bb2c64b3649d7de6b286b24cbb618499,1,0.003,object_pos_y-,0.003,0.0,-0.003,0.0,1,1,,1,1,0.33333333333333337,3.827167510986328,0.0,0.0,0.0,0.002053643809631467,0.29991164924033265
StackCube-v1,5,30,0.5454545454545454,f2abcc89b0d7c37156c39a6444fc42f5bb2c64b3649d7de6b286b24cbb618499,1,0.003,eef_joint_1+,0.02,0.0,0.02,0.0,0,1,,1,1,0.33333333333333337,3.827167510986328,0.0,0.0,0.0,0.002053643809631467,0.29991164924033265
StackCube-v1,5,30,0.5454545454545454,f2abcc89b0d7c37156c39a6444fc42f5bb2c64b3649d7de6b286b24cbb618499,1,0.003,eef_joint_1-,0.02,0.0,-0.02,0.0,0,1,,1,1,0.33333333333333337,3.827167510986328,0.0,0.0,0.0,0.002053643809631467,0.29991164924033265
StackCube-v1,5,30,0.5454545454545454,f2abcc89b0d7c37156c39a6444fc42f5bb2c64b3649d7de6b286b24cbb618499,2,0.006,object_pos_x+,0.006,0.006,0.0,0.0,1,1,,1,1,0.33333333333333337,3.827167510986328,0.0,0.0,0.0,0.002053643809631467,0.29991164924033265
StackCube-v1,5,30,0.5454545454545454,f2abcc89b0d7c37156c39a6444fc42f5bb2c64b3649d7de6b286b24cbb618499,2,0.006,object_pos_x-,0.006,-0.006,0.0,0.0,1,1,,1,1,0.33333333333333337,3.827167510986328,0.0,0.0,0.0,0.002053643809631467,0.29991164924033265
StackCube-v1,5,30,0.5454545454545454,f2abcc89b0d7c37156c39a6444fc42f5bb2c64b3649d7de6b286b24cbb618499,2,0.006,object_pos_y+,0.006,0.0,0.006,0.0,1,1,,1,1,0.33333333333333337,3.827167510986328,0.0,0.0,0.0,0.002053643809631467,0.29991164924033265
StackCube-v1,5,30,0.5454545454545454,f2abcc89b0d7c37156c39a6444fc42f5bb2c64b3649d7de6b286b24cbb618499,2,0.006,object_pos_y-,0.006,0.0,-0.006,0.0,1,1,,1,1,0.33333333333333337,3.827167510986328,0.0,0.0,0.0,0.002053643809631467,0.29991164924033265
StackCube-v1,5,30,0.5454545454545454,f2abcc89b0d7c37156c39a6444fc42f5bb2c64b3649d7de6b286b24cbb618499,2,0.006,eef_joint_1+,0.04,0.0,0.04,0.0,0,1,,1,1,0.33333333333333337,3.827167510986328,0.0,0.0,0.0,0.002053643809631467,0.29991164924033265
StackCube-v1,5,30,0.5454545454545454,f2abcc89b0d7c37156c39a6444fc42f5bb2c64b3649d7de6b286b24cbb618499,2,0.006,eef_joint_1-,0.04,0.0,-0.04,0.0,0,1,,1,1,0.33333333333333337,3.827167510986328,0.0,0.0,0.0,0.002053643809631467,0.29991164924033265
StackCube-v1,5,35,0.6363636363636364,d4a8e9c1d68426092054e1528ca6d01eab1683d8b3450b5a6d5430ab8963e51b,0,0.0015,object_pos_x+,0.0015,0.0015,0.0,0.0,1,1,,1,1,0.16666666666666663,3.8333120346069336,0.0,0.0,0.0,0.0020578436087816954,0.12932514541710932
StackCube-v1,5,35,0.6363636363636364,d4a8e9c1d68426092054e1528ca6d01eab1683d8b3450b5a6d5430ab8963e51b,0,0.0015,object_pos_x-,0.0015,-0.0015,0.0,0.0,1,1,,1,1,0.16666666666666663,3.8333120346069336,0.0,0.0,0.0,0.0020578436087816954,0.12932514541710932
StackCube-v1,5,35,0.6363636363636364,d4a8e9c1d68426092054e1528ca6d01eab1683d8b3450b5a6d5430ab8963e51b,0,0.0015,object_pos_y+,0.0015,0.0,0.0015,0.0,1,1,,1,1,0.16666666666666663,3.8333120346069336,0.0,0.0,0.0,0.0020578436087816954,0.12932514541710932
StackCube-v1,5,35,0.6363636363636364,d4a8e9c1d68426092054e1528ca6d01eab1683d8b3450b5a6d5430ab8963e51b,0,0.0015,object_pos_y-,0.0015,0.0,-0.0015,0.0,1,1,,1,1,0.16666666666666663,3.8333120346069336,0.0,0.0,0.0,0.0020578436087816954,0.12932514541710932
StackCube-v1,5,35,0.6363636363636364,d4a8e9c1d68426092054e1528ca6d01eab1683d8b3450b5a6d5430ab8963e51b,0,0.0015,eef_joint_1+,0.01,0.0,0.01,0.0,0,1,,1,1,0.16666666666666663,3.8333120346069336,0.0,0.0,0.0,0.0020578436087816954,0.12932514541710932
StackCube-v1,5,35,0.6363636363636364,d4a8e9c1d68426092054e1528ca6d01eab1683d8b3450b5a6d5430ab8963e51b,0,0.0015,eef_joint_1-,0.01,0.0,-0.01,0.0,1,1,,1,1,0.16666666666666663,3.8333120346069336,0.0,0.0,0.0,0.0020578436087816954,0.12932514541710932
StackCube-v1,5,35,0.6363636363636364,d4a8e9c1d68426092054e1528ca6d01eab1683d8b3450b5a6d5430ab8963e51b,1,0.003,object_pos_x+,0.003,0.003,0.0,0.0,1,1,,1,1,0.33333333333333337,3.8333120346069336,0.0,0.0,0.0,0.0020578436087816954,0.12932514541710932
StackCube-v1,5,35,0.6363636363636364,d4a8e9c1d68426092054e1528ca6d01eab1683d8b3450b5a6d5430ab8963e51b,1,0.003,object_pos_x-,0.003,-0.003,0.0,0.0,1,1,,1,1,0.33333333333333337,3.8333120346069336,0.0,0.0,0.0,0.0020578436087816954,0.12932514541710932
StackCube-v1,5,35,0.6363636363636364,d4a8e9c1d68426092054e1528ca6d01eab1683d8b3450b5a6d5430ab8963e51b,1,0.003,object_pos_y+,0.003,0.0,0.003,0.0,1,1,,1,1,0.33333333333333337,3.8333120346069336,0.0,0.0,0.0,0.0020578436087816954,0.12932514541710932
StackCube-v1,5,35,0.6363636363636364,d4a8e9c1d68426092054e1528ca6d01eab1683d8b3450b5a6d5430ab8963e51b,1,0.003,object_pos_y-,0.003,0.0,-0.003,0.0,1,1,,1,1,0.33333333333333337,3.8333120346069336,0.0,0.0,0.0,0.0020578436087816954,0.12932514541710932
StackCube-v1,5,35,0.6363636363636364,d4a8e9c1d68426092054e1528ca6d01eab1683d8b3450b5a6d5430ab8963e51b,1,0.003,eef_joint_1+,0.02,0.0,0.02,0.0,0,1,,1,1,0.33333333333333337,3.8333120346069336,0.0,0.0,0.0,0.0020578436087816954,0.12932514541710932
StackCube-v1,5,35,0.6363636363636364,d4a8e9c1d68426092054e1528ca6d01eab1683d8b3450b5a6d5430ab8963e51b,1,0.003,eef_joint_1-,0.02,0.0,-0.02,0.0,0,1,,1,1,0.33333333333333337,3.8333120346069336,0.0,0.0,0.0,0.0020578436087816954,0.12932514541710932
StackCube-v1,5,35,0.6363636363636364,d4a8e9c1d68426092054e1528ca6d01eab1683d8b3450b5a6d5430ab8963e51b,2,0.006,object_pos_x+,0.006,0.006,0.0,0.0,1,1,,1,1,0.33333333333333337,3.8333120346069336,0.0,0.0,0.0,0.0020578436087816954,0.12932514541710932
StackCube-v1,5,35,0.6363636363636364,d4a8e9c1d68426092054e1528ca6d01eab1683d8b3450b5a6d5430ab8963e51b,2,0.006,object_pos_x-,0.006,-0.006,0.0,0.0,1,1,,1,1,0.33333333333333337,3.8333120346069336,0.0,0.0,0.0,0.0020578436087816954,0.12932514541710932
StackCube-v1,5,35,0.6363636363636364,d4a8e9c1d68426092054e1528ca6d01eab1683d8b3450b5a6d5430ab8963e51b,2,0.006,object_pos_y+,0.006,0.0,0.006,0.0,1,1,,1,1,0.33333333333333337,3.8333120346069336,0.0,0.0,0.0,0.0020578436087816954,0.12932514541710932
StackCube-v1,5,35,0.6363636363636364,d4a8e9c1d68426092054e1528ca6d01eab1683d8b3450b5a6d5430ab8963e51b,2,0.006,object_pos_y-,0.006,0.0,-0.006,0.0,1,1,,1,1,0.33333333333333337,3.8333120346069336,0.0,0.0,0.0,0.0020578436087816954,0.12932514541710932
StackCube-v1,5,35,0.6363636363636364,d4a8e9c1d68426092054e1528ca6d01eab1683d8b3450b5a6d5430ab8963e51b,2,0.006,eef_joint_1+,0.04,0.0,0.04,0.0,0,1,,1,1,0.33333333333333337,3.8333120346069336,0.0,0.0,0.0,0.0020578436087816954,0.12932514541710932
StackCube-v1,5,35,0.6363636363636364,d4a8e9c1d68426092054e1528ca6d01eab1683d8b3450b5a6d5430ab8963e51b,2,0.006,eef_joint_1-,0.04,0.0,-0.04,0.0,0,1,,1,1,0.33333333333333337,3.8333120346069336,0.0,0.0,0.0,0.0020578436087816954,0.12932514541710932
StackCube-v1,5,40,0.7272727272727273,838971697802a9ff9eb3dacbde7ee7251698726427d15db3f18544a4aeafa276,0,0.0015,object_pos_x+,0.0015,0.0015,0.0,0.0,1,1,,1,1,0.33333333333333337,3.8312244415283203,0.08000001311302185,0.08000001311302185,0.0,0.002052412601187825,0.08152805477273828
StackCube-v1,5,40,0.7272727272727273,838971697802a9ff9eb3dacbde7ee7251698726427d15db3f18544a4aeafa276,0,0.0015,object_pos_x-,0.0015,-0.0015,0.0,0.0,1,1,,1,1,0.33333333333333337,3.8312244415283203,0.08000001311302185,0.08000001311302185,0.0,0.002052412601187825,0.08152805477273828
StackCube-v1,5,40,0.7272727272727273,838971697802a9ff9eb3dacbde7ee7251698726427d15db3f18544a4aeafa276,0,0.0015,object_pos_y+,0.0015,0.0,0.0015,0.0,1,1,,1,1,0.33333333333333337,3.8312244415283203,0.08000001311302185,0.08000001311302185,0.0,0.002052412601187825,0.08152805477273828
StackCube-v1,5,40,0.7272727272727273,838971697802a9ff9eb3dacbde7ee7251698726427d15db3f18544a4aeafa276,0,0.0015,object_pos_y-,0.0015,0.0,-0.0015,0.0,1,1,,1,1,0.33333333333333337,3.8312244415283203,0.08000001311302185,0.08000001311302185,0.0,0.002052412601187825,0.08152805477273828
StackCube-v1,5,40,0.7272727272727273,838971697802a9ff9eb3dacbde7ee7251698726427d15db3f18544a4aeafa276,0,0.0015,eef_joint_1+,0.01,0.0,0.01,0.0,0,1,,1,1,0.33333333333333337,3.8312244415283203,0.08000001311302185,0.08000001311302185,0.0,0.002052412601187825,0.08152805477273828
StackCube-v1,5,40,0.7272727272727273,838971697802a9ff9eb3dacbde7ee7251698726427d15db3f18544a4aeafa276,0,0.0015,eef_joint_1-,0.01,0.0,-0.01,0.0,0,1,,1,1,0.33333333333333337,3.8312244415283203,0.08000001311302185,0.08000001311302185,0.0,0.002052412601187825,0.08152805477273828
StackCube-v1,5,40,0.7272727272727273,838971697802a9ff9eb3dacbde7ee7251698726427d15db3f18544a4aeafa276,1,0.003,object_pos_x+,0.003,0.003,0.0,0.0,1,1,,1,1,0.33333333333333337,3.8312244415283203,0.08000001311302185,0.08000001311302185,0.0,0.002052412601187825,0.08152805477273828
StackCube-v1,5,40,0.7272727272727273,838971697802a9ff9eb3dacbde7ee7251698726427d15db3f18544a4aeafa276,1,0.003,object_pos_x-,0.003,-0.003,0.0,0.0,1,1,,1,1,0.33333333333333337,3.8312244415283203,0.08000001311302185,0.08000001311302185,0.0,0.002052412601187825,0.08152805477273828
StackCube-v1,5,40,0.7272727272727273,838971697802a9ff9eb3dacbde7ee7251698726427d15db3f18544a4aeafa276,1,0.003,object_pos_y+,0.003,0.0,0.003,0.0,1,1,,1,1,0.33333333333333337,3.8312244415283203,0.08000001311302185,0.08000001311302185,0.0,0.002052412601187825,0.08152805477273828
StackCube-v1,5,40,0.7272727272727273,838971697802a9ff9eb3dacbde7ee7251698726427d15db3f18544a4aeafa276,1,0.003,object_pos_y-,0.003,0.0,-0.003,0.0,1,1,,1,1,0.33333333333333337,3.8312244415283203,0.08000001311302185,0.08000001311302185,0.0,0.002052412601187825,0.08152805477273828
StackCube-v1,5,40,0.7272727272727273,838971697802a9ff9eb3dacbde7ee7251698726427d15db3f18544a4aeafa276,1,0.003,eef_joint_1+,0.02,0.0,0.02,0.0,0,1,,1,1,0.33333333333333337,3.8312244415283203,0.08000001311302185,0.08000001311302185,0.0,0.002052412601187825,0.08152805477273828
StackCube-v1,5,40,0.7272727272727273,838971697802a9ff9eb3dacbde7ee7251698726427d15db3f18544a4aeafa276,1,0.003,eef_joint_1-,0.02,0.0,-0.02,0.0,0,1,,1,1,0.33333333333333337,3.8312244415283203,0.08000001311302185,0.08000001311302185,0.0,0.002052412601187825,0.08152805477273828
StackCube-v1,5,40,0.7272727272727273,838971697802a9ff9eb3dacbde7ee7251698726427d15db3f18544a4aeafa276,2,0.006,object_pos_x+,0.006,0.006,0.0,0.0,1,1,,1,1,0.0,3.8312244415283203,0.08000001311302185,0.08000001311302185,0.0,0.002052412601187825,0.08152805477273828
StackCube-v1,5,40,0.7272727272727273,838971697802a9ff9eb3dacbde7ee7251698726427d15db3f18544a4aeafa276,2,0.006,object_pos_x-,0.006,-0.006,0.0,0.0,1,1,,1,1,0.0,3.8312244415283203,0.08000001311302185,0.08000001311302185,0.0,0.002052412601187825,0.08152805477273828
StackCube-v1,5,40,0.7272727272727273,838971697802a9ff9eb3dacbde7ee7251698726427d15db3f18544a4aeafa276,2,0.006,object_pos_y+,0.006,0.0,0.006,0.0,1,1,,1,1,0.0,3.8312244415283203,0.08000001311302185,0.08000001311302185,0.0,0.002052412601187825,0.08152805477273828
StackCube-v1,5,40,0.7272727272727273,838971697802a9ff9eb3dacbde7ee7251698726427d15db3f18544a4aeafa276,2,0.006,object_pos_y-,0.006,0.0,-0.006,0.0,1,1,,1,1,0.0,3.8312244415283203,0.08000001311302185,0.08000001311302185,0.0,0.002052412601187825,0.08152805477273828
StackCube-v1,5,40,0.7272727272727273,838971697802a9ff9eb3dacbde7ee7251698726427d15db3f18544a4aeafa276,2,0.006,eef_joint_1+,0.04,0.0,0.04,0.0,1,1,,1,1,0.0,3.8312244415283203,0.08000001311302185,0.08000001311302185,0.0,0.002052412601187825,0.08152805477273828
StackCube-v1,5,40,0.7272727272727273,838971697802a9ff9eb3dacbde7ee7251698726427d15db3f18544a4aeafa276,2,0.006,eef_joint_1-,0.04,0.0,-0.04,0.0,1,1,,1,1,0.0,3.8312244415283203,0.08000001311302185,0.08000001311302185,0.0,0.002052412601187825,0.08152805477273828
StackCube-v1,5,45,0.8181818181818182,3c289ea2c5007e6a4afa58f3d1de732d057f5db795b3a011977adf1702ac3362,0,0.0015,object_pos_x+,0.0015,0.0015,0.0,0.0,1,1,,1,1,0.16666666666666663,3.8312244415283203,0.0,0.0,0.0,0.0020497997757047415,0.002808689737912789
StackCube-v1,5,45,0.8181818181818182,3c289ea2c5007e6a4afa58f3d1de732d057f5db795b3a011977adf1702ac3362,0,0.0015,object_pos_x-,0.0015,-0.0015,0.0,0.0,1,1,,1,1,0.16666666666666663,3.8312244415283203,0.0,0.0,0.0,0.0020497997757047415,0.002808689737912789
StackCube-v1,5,45,0.8181818181818182,3c289ea2c5007e6a4afa58f3d1de732d057f5db795b3a011977adf1702ac3362,0,0.0015,object_pos_y+,0.0015,0.0,0.0015,0.0,1,1,,1,1,0.16666666666666663,3.8312244415283203,0.0,0.0,0.0,0.0020497997757047415,0.002808689737912789
StackCube-v1,5,45,0.8181818181818182,3c289ea2c5007e6a4afa58f3d1de732d057f5db795b3a011977adf1702ac3362,0,0.0015,object_pos_y-,0.0015,0.0,-0.0015,0.0,1,1,,1,1,0.16666666666666663,3.8312244415283203,0.0,0.0,0.0,0.0020497997757047415,0.002808689737912789
StackCube-v1,5,45,0.8181818181818182,3c289ea2c5007e6a4afa58f3d1de732d057f5db795b3a011977adf1702ac3362,0,0.0015,eef_joint_1+,0.01,0.0,0.01,0.0,0,1,,1,1,0.16666666666666663,3.8312244415283203,0.0,0.0,0.0,0.0020497997757047415,0.002808689737912789
StackCube-v1,5,45,0.8181818181818182,3c289ea2c5007e6a4afa58f3d1de732d057f5db795b3a011977adf1702ac3362,0,0.0015,eef_joint_1-,0.01,0.0,-0.01,0.0,1,1,,1,1,0.16666666666666663,3.8312244415283203,0.0,0.0,0.0,0.0020497997757047415,0.002808689737912789
StackCube-v1,5,45,0.8181818181818182,3c289ea2c5007e6a4afa58f3d1de732d057f5db795b3a011977adf1702ac3362,1,0.003,object_pos_x+,0.003,0.003,0.0,0.0,1,1,,1,1,0.16666666666666663,3.8312244415283203,0.0,0.0,0.0,0.0020497997757047415,0.002808689737912789
StackCube-v1,5,45,0.8181818181818182,3c289ea2c5007e6a4afa58f3d1de732d057f5db795b3a011977adf1702ac3362,1,0.003,object_pos_x-,0.003,-0.003,0.0,0.0,1,1,,1,1,0.16666666666666663,3.8312244415283203,0.0,0.0,0.0,0.0020497997757047415,0.002808689737912789
StackCube-v1,5,45,0.8181818181818182,3c289ea2c5007e6a4afa58f3d1de732d057f5db795b3a011977adf1702ac3362,1,0.003,object_pos_y+,0.003,0.0,0.003,0.0,1,1,,1,1,0.16666666666666663,3.8312244415283203,0.0,0.0,0.0,0.0020497997757047415,0.002808689737912789
StackCube-v1,5,45,0.8181818181818182,3c289ea2c5007e6a4afa58f3d1de732d057f5db795b3a011977adf1702ac3362,1,0.003,object_pos_y-,0.003,0.0,-0.003,0.0,1,1,,1,1,0.16666666666666663,3.8312244415283203,0.0,0.0,0.0,0.0020497997757047415,0.002808689737912789
StackCube-v1,5,45,0.8181818181818182,3c289ea2c5007e6a4afa58f3d1de732d057f5db795b3a011977adf1702ac3362,1,0.003,eef_joint_1+,0.02,0.0,0.02,0.0,0,1,,1,1,0.16666666666666663,3.8312244415283203,0.0,0.0,0.0,0.0020497997757047415,0.002808689737912789
StackCube-v1,5,45,0.8181818181818182,3c289ea2c5007e6a4afa58f3d1de732d057f5db795b3a011977adf1702ac3362,1,0.003,eef_joint_1-,0.02,0.0,-0.02,0.0,1,1,,1,1,0.16666666666666663,3.8312244415283203,0.0,0.0,0.0,0.0020497997757047415,0.002808689737912789
StackCube-v1,5,45,0.8181818181818182,3c289ea2c5007e6a4afa58f3d1de732d057f5db795b3a011977adf1702ac3362,2,0.006,object_pos_x+,0.006,0.006,0.0,0.0,1,1,,1,1,0.0,3.8312244415283203,0.0,0.0,0.0,0.0020497997757047415,0.002808689737912789
StackCube-v1,5,45,0.8181818181818182,3c289ea2c5007e6a4afa58f3d1de732d057f5db795b3a011977adf1702ac3362,2,0.006,object_pos_x-,0.006,-0.006,0.0,0.0,1,1,,1,1,0.0,3.8312244415283203,0.0,0.0,0.0,0.0020497997757047415,0.002808689737912789
StackCube-v1,5,45,0.8181818181818182,3c289ea2c5007e6a4afa58f3d1de732d057f5db795b3a011977adf1702ac3362,2,0.006,object_pos_y+,0.006,0.0,0.006,0.0,1,1,,1,1,0.0,3.8312244415283203,0.0,0.0,0.0,0.0020497997757047415,0.002808689737912789
StackCube-v1,5,45,0.8181818181818182,3c289ea2c5007e6a4afa58f3d1de732d057f5db795b3a011977adf1702ac3362,2,0.006,object_pos_y-,0.006,0.0,-0.006,0.0,1,1,,1,1,0.0,3.8312244415283203,0.0,0.0,0.0,0.0020497997757047415,0.002808689737912789
StackCube-v1,5,45,0.8181818181818182,3c289ea2c5007e6a4afa58f3d1de732d057f5db795b3a011977adf1702ac3362,2,0.006,eef_joint_1+,0.04,0.0,0.04,0.0,1,1,,1,1,0.0,3.8312244415283203,0.0,0.0,0.0,0.0020497997757047415,0.002808689737912789
StackCube-v1,5,45,0.8181818181818182,3c289ea2c5007e6a4afa58f3d1de732d057f5db795b3a011977adf1702ac3362,2,0.006,eef_joint_1-,0.04,0.0,-0.04,0.0,1,1,,1,1,0.0,3.8312244415283203,0.0,0.0,0.0,0.0020497997757047415,0.002808689737912789
StackCube-v1,5,50,0.9090909090909091,b74d21ff00af26bca4b59970a6635d1d236d5bbc82510f718d89343982a39770,0,0.0015,object_pos_x+,0.0015,0.0015,0.0,0.0,1,1,,1,1,0.0,3.8312244415283203,0.0,0.0,0.0,0.0009254511678591371,0.001068780469236739
StackCube-v1,5,50,0.9090909090909091,b74d21ff00af26bca4b59970a6635d1d236d5bbc82510f718d89343982a39770,0,0.0015,object_pos_x-,0.0015,-0.0015,0.0,0.0,1,1,,1,1,0.0,3.8312244415283203,0.0,0.0,0.0,0.0009254511678591371,0.001068780469236739
StackCube-v1,5,50,0.9090909090909091,b74d21ff00af26bca4b59970a6635d1d236d5bbc82510f718d89343982a39770,0,0.0015,object_pos_y+,0.0015,0.0,0.0015,0.0,1,1,,1,1,0.0,3.8312244415283203,0.0,0.0,0.0,0.0009254511678591371,0.001068780469236739
StackCube-v1,5,50,0.9090909090909091,b74d21ff00af26bca4b59970a6635d1d236d5bbc82510f718d89343982a39770,0,0.0015,object_pos_y-,0.0015,0.0,-0.0015,0.0,1,1,,1,1,0.0,3.8312244415283203,0.0,0.0,0.0,0.0009254511678591371,0.001068780469236739
StackCube-v1,5,50,0.9090909090909091,b74d21ff00af26bca4b59970a6635d1d236d5bbc82510f718d89343982a39770,0,0.0015,eef_joint_1+,0.01,0.0,0.01,0.0,1,1,,1,1,0.0,3.8312244415283203,0.0,0.0,0.0,0.0009254511678591371,0.001068780469236739
StackCube-v1,5,50,0.9090909090909091,b74d21ff00af26bca4b59970a6635d1d236d5bbc82510f718d89343982a39770,0,0.0015,eef_joint_1-,0.01,0.0,-0.01,0.0,1,1,,1,1,0.0,3.8312244415283203,0.0,0.0,0.0,0.0009254511678591371,0.001068780469236739
StackCube-v1,5,50,0.9090909090909091,b74d21ff00af26bca4b59970a6635d1d236d5bbc82510f718d89343982a39770,1,0.003,object_pos_x+,0.003,0.003,0.0,0.0,1,1,,1,1,0.0,3.8312244415283203,0.0,0.0,0.0,0.0009254511678591371,0.001068780469236739
StackCube-v1,5,50,0.9090909090909091,b74d21ff00af26bca4b59970a6635d1d236d5bbc82510f718d89343982a39770,1,0.003,object_pos_x-,0.003,-0.003,0.0,0.0,1,1,,1,1,0.0,3.8312244415283203,0.0,0.0,0.0,0.0009254511678591371,0.001068780469236739
StackCube-v1,5,50,0.9090909090909091,b74d21ff00af26bca4b59970a6635d1d236d5bbc82510f718d89343982a39770,1,0.003,object_pos_y+,0.003,0.0,0.003,0.0,1,1,,1,1,0.0,3.8312244415283203,0.0,0.0,0.0,0.0009254511678591371,0.001068780469236739
StackCube-v1,5,50,0.9090909090909091,b74d21ff00af26bca4b59970a6635d1d236d5bbc82510f718d89343982a39770,1,0.003,object_pos_y-,0.003,0.0,-0.003,0.0,1,1,,1,1,0.0,3.8312244415283203,0.0,0.0,0.0,0.0009254511678591371,0.001068780469236739
StackCube-v1,5,50,0.9090909090909091,b74d21ff00af26bca4b59970a6635d1d236d5bbc82510f718d89343982a39770,1,0.003,eef_joint_1+,0.02,0.0,0.02,0.0,1,1,,1,1,0.0,3.8312244415283203,0.0,0.0,0.0,0.0009254511678591371,0.001068780469236739
StackCube-v1,5,50,0.9090909090909091,b74d21ff00af26bca4b59970a6635d1d236d5bbc82510f718d89343982a39770,1,0.003,eef_joint_1-,0.02,0.0,-0.02,0.0,1,1,,1,1,0.0,3.8312244415283203,0.0,0.0,0.0,0.0009254511678591371,0.001068780469236739
StackCube-v1,5,50,0.9090909090909091,b74d21ff00af26bca4b59970a6635d1d236d5bbc82510f718d89343982a39770,2,0.006,object_pos_x+,0.006,0.006,0.0,0.0,1,1,,1,1,0.0,3.8312244415283203,0.0,0.0,0.0,0.0009254511678591371,0.001068780469236739
StackCube-v1,5,50,0.9090909090909091,b74d21ff00af26bca4b59970a6635d1d236d5bbc82510f718d89343982a39770,2,0.006,object_pos_x-,0.006,-0.006,0.0,0.0,1,1,,1,1,0.0,3.8312244415283203,0.0,0.0,0.0,0.0009254511678591371,0.001068780469236739
StackCube-v1,5,50,0.9090909090909091,b74d21ff00af26bca4b59970a6635d1d236d5bbc82510f718d89343982a39770,2,0.006,object_pos_y+,0.006,0.0,0.006,0.0,1,1,,1,1,0.0,3.8312244415283203,0.0,0.0,0.0,0.0009254511678591371,0.001068780469236739
StackCube-v1,5,50,0.9090909090909091,b74d21ff00af26bca4b59970a6635d1d236d5bbc82510f718d89343982a39770,2,0.006,object_pos_y-,0.006,0.0,-0.006,0.0,1,1,,1,1,0.0,3.8312244415283203,0.0,0.0,0.0,0.0009254511678591371,0.001068780469236739
StackCube-v1,5,50,0.9090909090909091,b74d21ff00af26bca4b59970a6635d1d236d5bbc82510f718d89343982a39770,2,0.006,eef_joint_1+,0.04,0.0,0.04,0.0,1,1,,1,1,0.0,3.8312244415283203,0.0,0.0,0.0,0.0009254511678591371,0.001068780469236739
StackCube-v1,5,50,0.9090909090909091,b74d21ff00af26bca4b59970a6635d1d236d5bbc82510f718d89343982a39770,2,0.006,eef_joint_1-,0.04,0.0,-0.04,0.0,1,1,,1,1,0.0,3.8312244415283203,0.0,0.0,0.0,0.0009254511678591371,0.001068780469236739
StackCube-v1,5,55,1.0,b41ecf3dc698cc609c328252280a0c3d6feedd5458744e02218a0ee9f61c6e16,0,0.0015,object_pos_x+,0.0015,0.0015,0.0,0.0,1,1,,1,1,0.0,3.8312244415283203,0.0,0.0,0.0,0.0010365929920226336,0.0010759893241742567
StackCube-v1,5,55,1.0,b41ecf3dc698cc609c328252280a0c3d6feedd5458744e02218a0ee9f61c6e16,0,0.0015,object_pos_x-,0.0015,-0.0015,0.0,0.0,1,1,,1,1,0.0,3.8312244415283203,0.0,0.0,0.0,0.0010365929920226336,0.0010759893241742567
StackCube-v1,5,55,1.0,b41ecf3dc698cc609c328252280a0c3d6feedd5458744e02218a0ee9f61c6e16,0,0.0015,object_pos_y+,0.0015,0.0,0.0015,0.0,1,1,,1,1,0.0,3.8312244415283203,0.0,0.0,0.0,0.0010365929920226336,0.0010759893241742567
StackCube-v1,5,55,1.0,b41ecf3dc698cc609c328252280a0c3d6feedd5458744e02218a0ee9f61c6e16,0,0.0015,object_pos_y-,0.0015,0.0,-0.0015,0.0,1,1,,1,1,0.0,3.8312244415283203,0.0,0.0,0.0,0.0010365929920226336,0.0010759893241742567
StackCube-v1,5,55,1.0,b41ecf3dc698cc609c328252280a0c3d6feedd5458744e02218a0ee9f61c6e16,0,0.0015,eef_joint_1+,0.01,0.0,0.01,0.0,1,1,,1,1,0.0,3.8312244415283203,0.0,0.0,0.0,0.0010365929920226336,0.0010759893241742567
StackCube-v1,5,55,1.0,b41ecf3dc698cc609c328252280a0c3d6feedd5458744e02218a0ee9f61c6e16,0,0.0015,eef_joint_1-,0.01,0.0,-0.01,0.0,1,1,,1,1,0.0,3.8312244415283203,0.0,0.0,0.0,0.0010365929920226336,0.0010759893241742567
StackCube-v1,5,55,1.0,b41ecf3dc698cc609c328252280a0c3d6feedd5458744e02218a0ee9f61c6e16,1,0.003,object_pos_x+,0.003,0.003,0.0,0.0,1,1,,1,1,0.0,3.8312244415283203,0.0,0.0,0.0,0.0010365929920226336,0.0010759893241742567
StackCube-v1,5,55,1.0,b41ecf3dc698cc609c328252280a0c3d6feedd5458744e02218a0ee9f61c6e16,1,0.003,object_pos_x-,0.003,-0.003,0.0,0.0,1,1,,1,1,0.0,3.8312244415283203,0.0,0.0,0.0,0.0010365929920226336,0.0010759893241742567
StackCube-v1,5,55,1.0,b41ecf3dc698cc609c328252280a0c3d6feedd5458744e02218a0ee9f61c6e16,1,0.003,object_pos_y+,0.003,0.0,0.003,0.0,1,1,,1,1,0.0,3.8312244415283203,0.0,0.0,0.0,0.0010365929920226336,0.0010759893241742567
StackCube-v1,5,55,1.0,b41ecf3dc698cc609c328252280a0c3d6feedd5458744e02218a0ee9f61c6e16,1,0.003,object_pos_y-,0.003,0.0,-0.003,0.0,1,1,,1,1,0.0,3.8312244415283203,0.0,0.0,0.0,0.0010365929920226336,0.0010759893241742567
StackCube-v1,5,55,1.0,b41ecf3dc698cc609c328252280a0c3d6feedd5458744e02218a0ee9f61c6e16,1,0.003,eef_joint_1+,0.02,0.0,0.02,0.0,1,1,,1,1,0.0,3.8312244415283203,0.0,0.0,0.0,0.0010365929920226336,0.0010759893241742567
StackCube-v1,5,55,1.0,b41ecf3dc698cc609c328252280a0c3d6feedd5458744e02218a0ee9f61c6e16,1,0.003,eef_joint_1-,0.02,0.0,-0.02,0.0,1,1,,1,1,0.0,3.8312244415283203,0.0,0.0,0.0,0.0010365929920226336,0.0010759893241742567
StackCube-v1,5,55,1.0,b41ecf3dc698cc609c328252280a0c3d6feedd5458744e02218a0ee9f61c6e16,2,0.006,object_pos_x+,0.006,0.006,0.0,0.0,1,1,,1,1,0.0,3.8312244415283203,0.0,0.0,0.0,0.0010365929920226336,0.0010759893241742567
StackCube-v1,5,55,1.0,b41ecf3dc698cc609c328252280a0c3d6feedd5458744e02218a0ee9f61c6e16,2,0.006,object_pos_x-,0.006,-0.006,0.0,0.0,1,1,,1,1,0.0,3.8312244415283203,0.0,0.0,0.0,0.0010365929920226336,0.0010759893241742567
StackCube-v1,5,55,1.0,b41ecf3dc698cc609c328252280a0c3d6feedd5458744e02218a0ee9f61c6e16,2,0.006,object_pos_y+,0.006,0.0,0.006,0.0,1,1,,1,1,0.0,3.8312244415283203,0.0,0.0,0.0,0.0010365929920226336,0.0010759893241742567
StackCube-v1,5,55,1.0,b41ecf3dc698cc609c328252280a0c3d6feedd5458744e02218a0ee9f61c6e16,2,0.006,object_pos_y-,0.006,0.0,-0.006,0.0,1,1,,1,1,0.0,3.8312244415283203,0.0,0.0,0.0,0.0010365929920226336,0.0010759893241742567
StackCube-v1,5,55,1.0,b41ecf3dc698cc609c328252280a0c3d6feedd5458744e02218a0ee9f61c6e16,2,0.006,eef_joint_1+,0.04,0.0,0.04,0.0,1,1,,1,1,0.0,3.8312244415283203,0.0,0.0,0.0,0.0010365929920226336,0.0010759893241742567
StackCube-v1,5,55,1.0,b41ecf3dc698cc609c328252280a0c3d6feedd5458744e02218a0ee9f61c6e16,2,0.006,eef_joint_1-,0.04,0.0,-0.04,0.0,1,1,,1,1,0.0,3.8312244415283203,0.0,0.0,0.0,0.0010365929920226336,0.0010759893241742567
StackCube-v1,6,0,0.0,f186dee1eeec58b10596266cbbb59d3df0cc79aacc838bfa8656c321fd1b038f,0,0.0015,object_pos_x+,0.0015,0.0015,0.0,0.0,1,1,,1,1,0.0,3.899412155151367,3.899412155151367,3.899412155151367,1.0,0.18891815841197968,0.16813079520573918
StackCube-v1,6,0,0.0,f186dee1eeec58b10596266cbbb59d3df0cc79aacc838bfa8656c321fd1b038f,0,0.0015,object_pos_x-,0.0015,-0.0015,0.0,0.0,1,1,,1,1,0.0,3.899412155151367,3.899412155151367,3.899412155151367,1.0,0.18891815841197968,0.16813079520573918
StackCube-v1,6,0,0.0,f186dee1eeec58b10596266cbbb59d3df0cc79aacc838bfa8656c321fd1b038f,0,0.0015,object_pos_y+,0.0015,0.0,0.0015,0.0,1,1,,1,1,0.0,3.899412155151367,3.899412155151367,3.899412155151367,1.0,0.18891815841197968,0.16813079520573918
StackCube-v1,6,0,0.0,f186dee1eeec58b10596266cbbb59d3df0cc79aacc838bfa8656c321fd1b038f,0,0.0015,object_pos_y-,0.0015,0.0,-0.0015,0.0,1,1,,1,1,0.0,3.899412155151367,3.899412155151367,3.899412155151367,1.0,0.18891815841197968,0.16813079520573918
StackCube-v1,6,0,0.0,f186dee1eeec58b10596266cbbb59d3df0cc79aacc838bfa8656c321fd1b038f,0,0.0015,eef_joint_1+,0.01,0.0,0.01,0.0,1,1,,1,1,0.0,3.899412155151367,3.899412155151367,3.899412155151367,1.0,0.18891815841197968,0.16813079520573918
StackCube-v1,6,0,0.0,f186dee1eeec58b10596266cbbb59d3df0cc79aacc838bfa8656c321fd1b038f,0,0.0015,eef_joint_1-,0.01,0.0,-0.01,0.0,1,1,,1,1,0.0,3.899412155151367,3.899412155151367,3.899412155151367,1.0,0.18891815841197968,0.16813079520573918
StackCube-v1,6,0,0.0,f186dee1eeec58b10596266cbbb59d3df0cc79aacc838bfa8656c321fd1b038f,1,0.003,object_pos_x+,0.003,0.003,0.0,0.0,1,1,,1,1,0.16666666666666663,3.899412155151367,3.899412155151367,3.899412155151367,1.0,0.18891815841197968,0.16813079520573918
StackCube-v1,6,0,0.0,f186dee1eeec58b10596266cbbb59d3df0cc79aacc838bfa8656c321fd1b038f,1,0.003,object_pos_x-,0.003,-0.003,0.0,0.0,1,1,,1,1,0.16666666666666663,3.899412155151367,3.899412155151367,3.899412155151367,1.0,0.18891815841197968,0.16813079520573918
StackCube-v1,6,0,0.0,f186dee1eeec58b10596266cbbb59d3df0cc79aacc838bfa8656c321fd1b038f,1,0.003,object_pos_y+,0.003,0.0,0.003,0.0,1,1,,1,1,0.16666666666666663,3.899412155151367,3.899412155151367,3.899412155151367,1.0,0.18891815841197968,0.16813079520573918
StackCube-v1,6,0,0.0,f186dee1eeec58b10596266cbbb59d3df0cc79aacc838bfa8656c321fd1b038f,1,0.003,object_pos_y-,0.003,0.0,-0.003,0.0,1,1,,1,1,0.16666666666666663,3.899412155151367,3.899412155151367,3.899412155151367,1.0,0.18891815841197968,0.16813079520573918
StackCube-v1,6,0,0.0,f186dee1eeec58b10596266cbbb59d3df0cc79aacc838bfa8656c321fd1b038f,1,0.003,eef_joint_1+,0.02,0.0,0.02,0.0,1,1,,1,1,0.16666666666666663,3.899412155151367,3.899412155151367,3.899412155151367,1.0,0.18891815841197968,0.16813079520573918
StackCube-v1,6,0,0.0,f186dee1eeec58b10596266cbbb59d3df0cc79aacc838bfa8656c321fd1b038f,1,0.003,eef_joint_1-,0.02,0.0,-0.02,0.0,0,1,,1,1,0.16666666666666663,3.899412155151367,3.899412155151367,3.899412155151367,1.0,0.18891815841197968,0.16813079520573918
StackCube-v1,6,0,0.0,f186dee1eeec58b10596266cbbb59d3df0cc79aacc838bfa8656c321fd1b038f,2,0.006,object_pos_x+,0.006,0.006,0.0,0.0,1,1,,1,1,0.33333333333333337,3.899412155151367,3.899412155151367,3.899412155151367,1.0,0.18891815841197968,0.16813079520573918
StackCube-v1,6,0,0.0,f186dee1eeec58b10596266cbbb59d3df0cc79aacc838bfa8656c321fd1b038f,2,0.006,object_pos_x-,0.006,-0.006,0.0,0.0,1,1,,1,1,0.33333333333333337,3.899412155151367,3.899412155151367,3.899412155151367,1.0,0.18891815841197968,0.16813079520573918
StackCube-v1,6,0,0.0,f186dee1eeec58b10596266cbbb59d3df0cc79aacc838bfa8656c321fd1b038f,2,0.006,object_pos_y+,0.006,0.0,0.006,0.0,1,1,,1,1,0.33333333333333337,3.899412155151367,3.899412155151367,3.899412155151367,1.0,0.18891815841197968,0.16813079520573918
StackCube-v1,6,0,0.0,f186dee1eeec58b10596266cbbb59d3df0cc79aacc838bfa8656c321fd1b038f,2,0.006,object_pos_y-,0.006,0.0,-0.006,0.0,1,1,,1,1,0.33333333333333337,3.899412155151367,3.899412155151367,3.899412155151367,1.0,0.18891815841197968,0.16813079520573918
StackCube-v1,6,0,0.0,f186dee1eeec58b10596266cbbb59d3df0cc79aacc838bfa8656c321fd1b038f,2,0.006,eef_joint_1+,0.04,0.0,0.04,0.0,0,1,,1,1,0.33333333333333337,3.899412155151367,3.899412155151367,3.899412155151367,1.0,0.18891815841197968,0.16813079520573918
StackCube-v1,6,0,0.0,f186dee1eeec58b10596266cbbb59d3df0cc79aacc838bfa8656c321fd1b038f,2,0.006,eef_joint_1-,0.04,0.0,-0.04,0.0,0,1,,1,1,0.33333333333333337,3.899412155151367,3.899412155151367,3.899412155151367,1.0,0.18891815841197968,0.16813079520573918
StackCube-v1,6,5,0.09090909090909091,8e02672b6aecefde5e324296d477aa586a99e9cfbd1f20f4afa89930540209bc,0,0.0015,object_pos_x+,0.0015,0.0015,0.0,0.0,1,1,,1,1,0.0,3.899412155151367,0.0,0.0,0.0,0.06835611164569855,0.16813140284395758
StackCube-v1,6,5,0.09090909090909091,8e02672b6aecefde5e324296d477aa586a99e9cfbd1f20f4afa89930540209bc,0,0.0015,object_pos_x-,0.0015,-0.0015,0.0,0.0,1,1,,1,1,0.0,3.899412155151367,0.0,0.0,0.0,0.06835611164569855,0.16813140284395758
StackCube-v1,6,5,0.09090909090909091,8e02672b6aecefde5e324296d477aa586a99e9cfbd1f20f4afa89930540209bc,0,0.0015,object_pos_y+,0.0015,0.0,0.0015,0.0,1,1,,1,1,0.0,3.899412155151367,0.0,0.0,0.0,0.06835611164569855,0.16813140284395758
StackCube-v1,6,5,0.09090909090909091,8e02672b6aecefde5e324296d477aa586a99e9cfbd1f20f4afa89930540209bc,0,0.0015,object_pos_y-,0.0015,0.0,-0.0015,0.0,1,1,,1,1,0.0,3.899412155151367,0.0,0.0,0.0,0.06835611164569855,0.16813140284395758
StackCube-v1,6,5,0.09090909090909091,8e02672b6aecefde5e324296d477aa586a99e9cfbd1f20f4afa89930540209bc,0,0.0015,eef_joint_1+,0.01,0.0,0.01,0.0,1,1,,1,1,0.0,3.899412155151367,0.0,0.0,0.0,0.06835611164569855,0.16813140284395758
StackCube-v1,6,5,0.09090909090909091,8e02672b6aecefde5e324296d477aa586a99e9cfbd1f20f4afa89930540209bc,0,0.0015,eef_joint_1-,0.01,0.0,-0.01,0.0,1,1,,1,1,0.0,3.899412155151367,0.0,0.0,0.0,0.06835611164569855,0.16813140284395758
StackCube-v1,6,5,0.09090909090909091,8e02672b6aecefde5e324296d477aa586a99e9cfbd1f20f4afa89930540209bc,1,0.003,object_pos_x+,0.003,0.003,0.0,0.0,1,1,,1,1,0.16666666666666663,3.899412155151367,0.0,0.0,0.0,0.06835611164569855,0.16813140284395758
StackCube-v1,6,5,0.09090909090909091,8e02672b6aecefde5e324296d477aa586a99e9cfbd1f20f4afa89930540209bc,1,0.003,object_pos_x-,0.003,-0.003,0.0,0.0,1,1,,1,1,0.16666666666666663,3.899412155151367,0.0,0.0,0.0,0.06835611164569855,0.16813140284395758
StackCube-v1,6,5,0.09090909090909091,8e02672b6aecefde5e324296d477aa586a99e9cfbd1f20f4afa89930540209bc,1,0.003,object_pos_y+,0.003,0.0,0.003,0.0,1,1,,1,1,0.16666666666666663,3.899412155151367,0.0,0.0,0.0,0.06835611164569855,0.16813140284395758
StackCube-v1,6,5,0.09090909090909091,8e02672b6aecefde5e324296d477aa586a99e9cfbd1f20f4afa89930540209bc,1,0.003,object_pos_y-,0.003,0.0,-0.003,0.0,1,1,,1,1,0.16666666666666663,3.899412155151367,0.0,0.0,0.0,0.06835611164569855,0.16813140284395758
StackCube-v1,6,5,0.09090909090909091,8e02672b6aecefde5e324296d477aa586a99e9cfbd1f20f4afa89930540209bc,1,0.003,eef_joint_1+,0.02,0.0,0.02,0.0,1,1,,1,1,0.16666666666666663,3.899412155151367,0.0,0.0,0.0,0.06835611164569855,0.16813140284395758
StackCube-v1,6,5,0.09090909090909091,8e02672b6aecefde5e324296d477aa586a99e9cfbd1f20f4afa89930540209bc,1,0.003,eef_joint_1-,0.02,0.0,-0.02,0.0,0,1,,1,1,0.16666666666666663,3.899412155151367,0.0,0.0,0.0,0.06835611164569855,0.16813140284395758
StackCube-v1,6,5,0.09090909090909091,8e02672b6aecefde5e324296d477aa586a99e9cfbd1f20f4afa89930540209bc,2,0.006,object_pos_x+,0.006,0.006,0.0,0.0,1,1,,1,1,0.33333333333333337,3.899412155151367,0.0,0.0,0.0,0.06835611164569855,0.16813140284395758
StackCube-v1,6,5,0.09090909090909091,8e02672b6aecefde5e324296d477aa586a99e9cfbd1f20f4afa89930540209bc,2,0.006,object_pos_x-,0.006,-0.006,0.0,0.0,1,1,,1,1,0.33333333333333337,3.899412155151367,0.0,0.0,0.0,0.06835611164569855,0.16813140284395758
StackCube-v1,6,5,0.09090909090909091,8e02672b6aecefde5e324296d477aa586a99e9cfbd1f20f4afa89930540209bc,2,0.006,object_pos_y+,0.006,0.0,0.006,0.0,1,1,,1,1,0.33333333333333337,3.899412155151367,0.0,0.0,0.0,0.06835611164569855,0.16813140284395758
StackCube-v1,6,5,0.09090909090909091,8e02672b6aecefde5e324296d477aa586a99e9cfbd1f20f4afa89930540209bc,2,0.006,object_pos_y-,0.006,0.0,-0.006,0.0,1,1,,1,1,0.33333333333333337,3.899412155151367,0.0,0.0,0.0,0.06835611164569855,0.16813140284395758
StackCube-v1,6,5,0.09090909090909091,8e02672b6aecefde5e324296d477aa586a99e9cfbd1f20f4afa89930540209bc,2,0.006,eef_joint_1+,0.04,0.0,0.04,0.0,0,1,,1,1,0.33333333333333337,3.899412155151367,0.0,0.0,0.0,0.06835611164569855,0.16813140284395758
StackCube-v1,6,5,0.09090909090909091,8e02672b6aecefde5e324296d477aa586a99e9cfbd1f20f4afa89930540209bc,2,0.006,eef_joint_1-,0.04,0.0,-0.04,0.0,0,1,,1,1,0.33333333333333337,3.899412155151367,0.0,0.0,0.0,0.06835611164569855,0.16813140284395758
StackCube-v1,6,10,0.18181818181818182,dd3122378da3cbf911c76c3f84732961203bc21fbbedf2c6ae1ce54166b4ed15,0,0.0015,object_pos_x+,0.0015,0.0015,0.0,0.0,1,1,,1,1,0.0,3.8984246253967285,0.0,0.0,0.0,0.034537989646196365,0.16813244799100094
StackCube-v1,6,10,0.18181818181818182,dd3122378da3cbf911c76c3f84732961203bc21fbbedf2c6ae1ce54166b4ed15,0,0.0015,object_pos_x-,0.0015,-0.0015,0.0,0.0,1,1,,1,1,0.0,3.8984246253967285,0.0,0.0,0.0,0.034537989646196365,0.16813244799100094
StackCube-v1,6,10,0.18181818181818182,dd3122378da3cbf911c76c3f84732961203bc21fbbedf2c6ae1ce54166b4ed15,0,0.0015,object_pos_y+,0.0015,0.0,0.0015,0.0,1,1,,1,1,0.0,3.8984246253967285,0.0,0.0,0.0,0.034537989646196365,0.16813244799100094
StackCube-v1,6,10,0.18181818181818182,dd3122378da3cbf911c76c3f84732961203bc21fbbedf2c6ae1ce54166b4ed15,0,0.0015,object_pos_y-,0.0015,0.0,-0.0015,0.0,1,1,,1,1,0.0,3.8984246253967285,0.0,0.0,0.0,0.034537989646196365,0.16813244799100094
StackCube-v1,6,10,0.18181818181818182,dd3122378da3cbf911c76c3f84732961203bc21fbbedf2c6ae1ce54166b4ed15,0,0.0015,eef_joint_1+,0.01,0.0,0.01,0.0,1,1,,1,1,0.0,3.8984246253967285,0.0,0.0,0.0,0.034537989646196365,0.16813244799100094
StackCube-v1,6,10,0.18181818181818182,dd3122378da3cbf911c76c3f84732961203bc21fbbedf2c6ae1ce54166b4ed15,0,0.0015,eef_joint_1-,0.01,0.0,-0.01,0.0,1,1,,1,1,0.0,3.8984246253967285,0.0,0.0,0.0,0.034537989646196365,0.16813244799100094
StackCube-v1,6,10,0.18181818181818182,dd3122378da3cbf911c76c3f84732961203bc21fbbedf2c6ae1ce54166b4ed15,1,0.003,object_pos_x+,0.003,0.003,0.0,0.0,1,1,,1,1,0.16666666666666663,3.8984246253967285,0.0,0.0,0.0,0.034537989646196365,0.16813244799100094
StackCube-v1,6,10,0.18181818181818182,dd3122378da3cbf911c76c3f84732961203bc21fbbedf2c6ae1ce54166b4ed15,1,0.003,object_pos_x-,0.003,-0.003,0.0,0.0,1,1,,1,1,0.16666666666666663,3.8984246253967285,0.0,0.0,0.0,0.034537989646196365,0.16813244799100094
StackCube-v1,6,10,0.18181818181818182,dd3122378da3cbf911c76c3f84732961203bc21fbbedf2c6ae1ce54166b4ed15,1,0.003,object_pos_y+,0.003,0.0,0.003,0.0,1,1,,1,1,0.16666666666666663,3.8984246253967285,0.0,0.0,0.0,0.034537989646196365,0.16813244799100094
StackCube-v1,6,10,0.18181818181818182,dd3122378da3cbf911c76c3f84732961203bc21fbbedf2c6ae1ce54166b4ed15,1,0.003,object_pos_y-,0.003,0.0,-0.003,0.0,1,1,,1,1,0.16666666666666663,3.8984246253967285,0.0,0.0,0.0,0.034537989646196365,0.16813244799100094
StackCube-v1,6,10,0.18181818181818182,dd3122378da3cbf911c76c3f84732961203bc21fbbedf2c6ae1ce54166b4ed15,1,0.003,eef_joint_1+,0.02,0.0,0.02,0.0,1,1,,1,1,0.16666666666666663,3.8984246253967285,0.0,0.0,0.0,0.034537989646196365,0.16813244799100094
StackCube-v1,6,10,0.18181818181818182,dd3122378da3cbf911c76c3f84732961203bc21fbbedf2c6ae1ce54166b4ed15,1,0.003,eef_joint_1-,0.02,0.0,-0.02,0.0,0,1,,1,1,0.16666666666666663,3.8984246253967285,0.0,0.0,0.0,0.034537989646196365,0.16813244799100094
StackCube-v1,6,10,0.18181818181818182,dd3122378da3cbf911c76c3f84732961203bc21fbbedf2c6ae1ce54166b4ed15,2,0.006,object_pos_x+,0.006,0.006,0.0,0.0,1,1,,1,1,0.33333333333333337,3.8984246253967285,0.0,0.0,0.0,0.034537989646196365,0.16813244799100094
StackCube-v1,6,10,0.18181818181818182,dd3122378da3cbf911c76c3f84732961203bc21fbbedf2c6ae1ce54166b4ed15,2,0.006,object_pos_x-,0.006,-0.006,0.0,0.0,1,1,,1,1,0.33333333333333337,3.8984246253967285,0.0,0.0,0.0,0.034537989646196365,0.16813244799100094
StackCube-v1,6,10,0.18181818181818182,dd3122378da3cbf911c76c3f84732961203bc21fbbedf2c6ae1ce54166b4ed15,2,0.006,object_pos_y+,0.006,0.0,0.006,0.0,1,1,,1,1,0.33333333333333337,3.8984246253967285,0.0,0.0,0.0,0.034537989646196365,0.16813244799100094
StackCube-v1,6,10,0.18181818181818182,dd3122378da3cbf911c76c3f84732961203bc21fbbedf2c6ae1ce54166b4ed15,2,0.006,object_pos_y-,0.006,0.0,-0.006,0.0,1,1,,1,1,0.33333333333333337,3.8984246253967285,0.0,0.0,0.0,0.034537989646196365,0.16813244799100094
StackCube-v1,6,10,0.18181818181818182,dd3122378da3cbf911c76c3f84732961203bc21fbbedf2c6ae1ce54166b4ed15,2,0.006,eef_joint_1+,0.04,0.0,0.04,0.0,0,1,,1,1,0.33333333333333337,3.8984246253967285,0.0,0.0,0.0,0.034537989646196365,0.16813244799100094
StackCube-v1,6,10,0.18181818181818182,dd3122378da3cbf911c76c3f84732961203bc21fbbedf2c6ae1ce54166b4ed15,2,0.006,eef_joint_1-,0.04,0.0,-0.04,0.0,0,1,,1,1,0.33333333333333337,3.8984246253967285,0.0,0.0,0.0,0.034537989646196365,0.16813244799100094
StackCube-v1,6,15,0.2727272727272727,08664349675b43d13dc457e05532895f92cb8a1add1d54e4207c97047dfe976c,0,0.0015,object_pos_x+,0.0015,0.0015,0.0,0.0,1,1,,1,1,0.0,3.8984246253967285,0.0,0.0,0.0,0.003172455821186304,0.16813245658684994
StackCube-v1,6,15,0.2727272727272727,08664349675b43d13dc457e05532895f92cb8a1add1d54e4207c97047dfe976c,0,0.0015,object_pos_x-,0.0015,-0.0015,0.0,0.0,1,1,,1,1,0.0,3.8984246253967285,0.0,0.0,0.0,0.003172455821186304,0.16813245658684994
StackCube-v1,6,15,0.2727272727272727,08664349675b43d13dc457e05532895f92cb8a1add1d54e4207c97047dfe976c,0,0.0015,object_pos_y+,0.0015,0.0,0.0015,0.0,1,1,,1,1,0.0,3.8984246253967285,0.0,0.0,0.0,0.003172455821186304,0.16813245658684994
StackCube-v1,6,15,0.2727272727272727,08664349675b43d13dc457e05532895f92cb8a1add1d54e4207c97047dfe976c,0,0.0015,object_pos_y-,0.0015,0.0,-0.0015,0.0,1,1,,1,1,0.0,3.8984246253967285,0.0,0.0,0.0,0.003172455821186304,0.16813245658684994
StackCube-v1,6,15,0.2727272727272727,08664349675b43d13dc457e05532895f92cb8a1add1d54e4207c97047dfe976c,0,0.0015,eef_joint_1+,0.01,0.0,0.01,0.0,1,1,,1,1,0.0,3.8984246253967285,0.0,0.0,0.0,0.003172455821186304,0.16813245658684994
StackCube-v1,6,15,0.2727272727272727,08664349675b43d13dc457e05532895f92cb8a1add1d54e4207c97047dfe976c,0,0.0015,eef_joint_1-,0.01,0.0,-0.01,0.0,1,1,,1,1,0.0,3.8984246253967285,0.0,0.0,0.0,0.003172455821186304,0.16813245658684994
StackCube-v1,6,15,0.2727272727272727,08664349675b43d13dc457e05532895f92cb8a1add1d54e4207c97047dfe976c,1,0.003,object_pos_x+,0.003,0.003,0.0,0.0,1,1,,1,1,0.33333333333333337,3.8984246253967285,0.0,0.0,0.0,0.003172455821186304,0.16813245658684994
StackCube-v1,6,15,0.2727272727272727,08664349675b43d13dc457e05532895f92cb8a1add1d54e4207c97047dfe976c,1,0.003,object_pos_x-,0.003,-0.003,0.0,0.0,1,1,,1,1,0.33333333333333337,3.8984246253967285,0.0,0.0,0.0,0.003172455821186304,0.16813245658684994
StackCube-v1,6,15,0.2727272727272727,08664349675b43d13dc457e05532895f92cb8a1add1d54e4207c97047dfe976c,1,0.003,object_pos_y+,0.003,0.0,0.003,0.0,1,1,,1,1,0.33333333333333337,3.8984246253967285,0.0,0.0,0.0,0.003172455821186304,0.16813245658684994
StackCube-v1,6,15,0.2727272727272727,08664349675b43d13dc457e05532895f92cb8a1add1d54e4207c97047dfe976c,1,0.003,object_pos_y-,0.003,0.0,-0.003,0.0,1,1,,1,1,0.33333333333333337,3.8984246253967285,0.0,0.0,0.0,0.003172455821186304,0.16813245658684994
StackCube-v1,6,15,0.2727272727272727,08664349675b43d13dc457e05532895f92cb8a1add1d54e4207c97047dfe976c,1,0.003,eef_joint_1+,0.02,0.0,0.02,0.0,0,1,,1,1,0.33333333333333337,3.8984246253967285,0.0,0.0,0.0,0.003172455821186304,0.16813245658684994
StackCube-v1,6,15,0.2727272727272727,08664349675b43d13dc457e05532895f92cb8a1add1d54e4207c97047dfe976c,1,0.003,eef_joint_1-,0.02,0.0,-0.02,0.0,0,1,,1,1,0.33333333333333337,3.8984246253967285,0.0,0.0,0.0,0.003172455821186304,0.16813245658684994
StackCube-v1,6,15,0.2727272727272727,08664349675b43d13dc457e05532895f92cb8a1add1d54e4207c97047dfe976c,2,0.006,object_pos_x+,0.006,0.006,0.0,0.0,1,1,,1,1,0.33333333333333337,3.8984246253967285,0.0,0.0,0.0,0.003172455821186304,0.16813245658684994
StackCube-v1,6,15,0.2727272727272727,08664349675b43d13dc457e05532895f92cb8a1add1d54e4207c97047dfe976c,2,0.006,object_pos_x-,0.006,-0.006,0.0,0.0,1,1,,1,1,0.33333333333333337,3.8984246253967285,0.0,0.0,0.0,0.003172455821186304,0.16813245658684994
StackCube-v1,6,15,0.2727272727272727,08664349675b43d13dc457e05532895f92cb8a1add1d54e4207c97047dfe976c,2,0.006,object_pos_y+,0.006,0.0,0.006,0.0,1,1,,1,1,0.33333333333333337,3.8984246253967285,0.0,0.0,0.0,0.003172455821186304,0.16813245658684994
StackCube-v1,6,15,0.2727272727272727,08664349675b43d13dc457e05532895f92cb8a1add1d54e4207c97047dfe976c,2,0.006,object_pos_y-,0.006,0.0,-0.006,0.0,1,1,,1,1,0.33333333333333337,3.8984246253967285,0.0,0.0,0.0,0.003172455821186304,0.16813245658684994
StackCube-v1,6,15,0.2727272727272727,08664349675b43d13dc457e05532895f92cb8a1add1d54e4207c97047dfe976c,2,0.006,eef_joint_1+,0.04,0.0,0.04,0.0,0,1,,1,1,0.33333333333333337,3.8984246253967285,0.0,0.0,0.0,0.003172455821186304,0.16813245658684994
StackCube-v1,6,15,0.2727272727272727,08664349675b43d13dc457e05532895f92cb8a1add1d54e4207c97047dfe976c,2,0.006,eef_joint_1-,0.04,0.0,-0.04,0.0,0,1,,1,1,0.33333333333333337,3.8984246253967285,0.0,0.0,0.0,0.003172455821186304,0.16813245658684994
StackCube-v1,6,20,0.36363636363636365,aad7c79e5fb28d9956ca6bd5309c0c0073d8377b97e0a0d0a27e42aefca05b8f,0,0.0015,object_pos_x+,0.0015,0.0015,0.0,0.0,1,1,,1,1,0.0,3.8984246253967285,0.0,0.0,0.0,0.0012803049758076668,0.1677649461570892
StackCube-v1,6,20,0.36363636363636365,aad7c79e5fb28d9956ca6bd5309c0c0073d8377b97e0a0d0a27e42aefca05b8f,0,0.0015,object_pos_x-,0.0015,-0.0015,0.0,0.0,1,1,,1,1,0.0,3.8984246253967285,0.0,0.0,0.0,0.0012803049758076668,0.1677649461570892
StackCube-v1,6,20,0.36363636363636365,aad7c79e5fb28d9956ca6bd5309c0c0073d8377b97e0a0d0a27e42aefca05b8f,0,0.0015,object_pos_y+,0.0015,0.0,0.0015,0.0,1,1,,1,1,0.0,3.8984246253967285,0.0,0.0,0.0,0.0012803049758076668,0.1677649461570892
StackCube-v1,6,20,0.36363636363636365,aad7c79e5fb28d9956ca6bd5309c0c0073d8377b97e0a0d0a27e42aefca05b8f,0,0.0015,object_pos_y-,0.0015,0.0,-0.0015,0.0,1,1,,1,1,0.0,3.8984246253967285,0.0,0.0,0.0,0.0012803049758076668,0.1677649461570892
StackCube-v1,6,20,0.36363636363636365,aad7c79e5fb28d9956ca6bd5309c0c0073d8377b97e0a0d0a27e42aefca05b8f,0,0.0015,eef_joint_1+,0.01,0.0,0.01,0.0,1,1,,1,1,0.0,3.8984246253967285,0.0,0.0,0.0,0.0012803049758076668,0.1677649461570892
StackCube-v1,6,20,0.36363636363636365,aad7c79e5fb28d9956ca6bd5309c0c0073d8377b97e0a0d0a27e42aefca05b8f,0,0.0015,eef_joint_1-,0.01,0.0,-0.01,0.0,1,1,,1,1,0.0,3.8984246253967285,0.0,0.0,0.0,0.0012803049758076668,0.1677649461570892
StackCube-v1,6,20,0.36363636363636365,aad7c79e5fb28d9956ca6bd5309c0c0073d8377b97e0a0d0a27e42aefca05b8f,1,0.003,object_pos_x+,0.003,0.003,0.0,0.0,1,1,,1,1,0.33333333333333337,3.8984246253967285,0.0,0.0,0.0,0.0012803049758076668,0.1677649461570892
StackCube-v1,6,20,0.36363636363636365,aad7c79e5fb28d9956ca6bd5309c0c0073d8377b97e0a0d0a27e42aefca05b8f,1,0.003,object_pos_x-,0.003,-0.003,0.0,0.0,1,1,,1,1,0.33333333333333337,3.8984246253967285,0.0,0.0,0.0,0.0012803049758076668,0.1677649461570892
StackCube-v1,6,20,0.36363636363636365,aad7c79e5fb28d9956ca6bd5309c0c0073d8377b97e0a0d0a27e42aefca05b8f,1,0.003,object_pos_y+,0.003,0.0,0.003,0.0,1,1,,1,1,0.33333333333333337,3.8984246253967285,0.0,0.0,0.0,0.0012803049758076668,0.1677649461570892
StackCube-v1,6,20,0.36363636363636365,aad7c79e5fb28d9956ca6bd5309c0c0073d8377b97e0a0d0a27e42aefca05b8f,1,0.003,object_pos_y-,0.003,0.0,-0.003,0.0,1,1,,1,1,0.33333333333333337,3.8984246253967285,0.0,0.0,0.0,0.0012803049758076668,0.1677649461570892
StackCube-v1,6,20,0.36363636363636365,aad7c79e5fb28d9956ca6bd5309c0c0073d8377b97e0a0d0a27e42aefca05b8f,1,0.003,eef_joint_1+,0.02,0.0,0.02,0.0,0,1,,1,1,0.33333333333333337,3.8984246253967285,0.0,0.0,0.0,0.0012803049758076668,0.1677649461570892
StackCube-v1,6,20,0.36363636363636365,aad7c79e5fb28d9956ca6bd5309c0c0073d8377b97e0a0d0a27e42aefca05b8f,1,0.003,eef_joint_1-,0.02,0.0,-0.02,0.0,0,1,,1,1,0.33333333333333337,3.8984246253967285,0.0,0.0,0.0,0.0012803049758076668,0.1677649461570892
StackCube-v1,6,20,0.36363636363636365,aad7c79e5fb28d9956ca6bd5309c0c0073d8377b97e0a0d0a27e42aefca05b8f,2,0.006,object_pos_x+,0.006,0.006,0.0,0.0,1,1,,1,1,0.33333333333333337,3.8984246253967285,0.0,0.0,0.0,0.0012803049758076668,0.1677649461570892
StackCube-v1,6,20,0.36363636363636365,aad7c79e5fb28d9956ca6bd5309c0c0073d8377b97e0a0d0a27e42aefca05b8f,2,0.006,object_pos_x-,0.006,-0.006,0.0,0.0,1,1,,1,1,0.33333333333333337,3.8984246253967285,0.0,0.0,0.0,0.0012803049758076668,0.1677649461570892
StackCube-v1,6,20,0.36363636363636365,aad7c79e5fb28d9956ca6bd5309c0c0073d8377b97e0a0d0a27e42aefca05b8f,2,0.006,object_pos_y+,0.006,0.0,0.006,0.0,1,1,,1,1,0.33333333333333337,3.8984246253967285,0.0,0.0,0.0,0.0012803049758076668,0.1677649461570892
StackCube-v1,6,20,0.36363636363636365,aad7c79e5fb28d9956ca6bd5309c0c0073d8377b97e0a0d0a27e42aefca05b8f,2,0.006,object_pos_y-,0.006,0.0,-0.006,0.0,1,1,,1,1,0.33333333333333337,3.8984246253967285,0.0,0.0,0.0,0.0012803049758076668,0.1677649461570892
StackCube-v1,6,20,0.36363636363636365,aad7c79e5fb28d9956ca6bd5309c0c0073d8377b97e0a0d0a27e42aefca05b8f,2,0.006,eef_joint_1+,0.04,0.0,0.04,0.0,0,1,,1,1,0.33333333333333337,3.8984246253967285,0.0,0.0,0.0,0.0012803049758076668,0.1677649461570892
StackCube-v1,6,20,0.36363636363636365,aad7c79e5fb28d9956ca6bd5309c0c0073d8377b97e0a0d0a27e42aefca05b8f,2,0.006,eef_joint_1-,0.04,0.0,-0.04,0.0,0,1,,1,1,0.33333333333333337,3.8984246253967285,0.0,0.0,0.0,0.0012803049758076668,0.1677649461570892
StackCube-v1,6,25,0.45454545454545453,6868c5c8fc6e9a66e3179f29fa31365889413cd7650111fb33d07557385292f5,0,0.0015,object_pos_x+,0.0015,0.0015,0.0,0.0,1,1,,1,1,0.0,3.901655435562134,0.0,0.14000003039836884,0.0,0.0012744319392368197,0.1541665301109402
StackCube-v1,6,25,0.45454545454545453,6868c5c8fc6e9a66e3179f29fa31365889413cd7650111fb33d07557385292f5,0,0.0015,object_pos_x-,0.0015,-0.0015,0.0,0.0,1,1,,1,1,0.0,3.901655435562134,0.0,0.14000003039836884,0.0,0.0012744319392368197,0.1541665301109402
StackCube-v1,6,25,0.45454545454545453,6868c5c8fc6e9a66e3179f29fa31365889413cd7650111fb33d07557385292f5,0,0.0015,object_pos_y+,0.0015,0.0,0.0015,0.0,1,1,,1,1,0.0,3.901655435562134,0.0,0.14000003039836884,0.0,0.0012744319392368197,0.1541665301109402
StackCube-v1,6,25,0.45454545454545453,6868c5c8fc6e9a66e3179f29fa31365889413cd7650111fb33d07557385292f5,0,0.0015,object_pos_y-,0.0015,0.0,-0.0015,0.0,1,1,,1,1,0.0,3.901655435562134,0.0,0.14000003039836884,0.0,0.0012744319392368197,0.1541665301109402
StackCube-v1,6,25,0.45454545454545453,6868c5c8fc6e9a66e3179f29fa31365889413cd7650111fb33d07557385292f5,0,0.0015,eef_joint_1+,0.01,0.0,0.01,0.0,1,1,,1,1,0.0,3.901655435562134,0.0,0.14000003039836884,0.0,0.0012744319392368197,0.1541665301109402
StackCube-v1,6,25,0.45454545454545453,6868c5c8fc6e9a66e3179f29fa31365889413cd7650111fb33d07557385292f5,0,0.0015,eef_joint_1-,0.01,0.0,-0.01,0.0,1,1,,1,1,0.0,3.901655435562134,0.0,0.14000003039836884,0.0,0.0012744319392368197,0.1541665301109402
StackCube-v1,6,25,0.45454545454545453,6868c5c8fc6e9a66e3179f29fa31365889413cd7650111fb33d07557385292f5,1,0.003,object_pos_x+,0.003,0.003,0.0,0.0,1,1,,1,1,0.33333333333333337,3.901655435562134,0.0,0.14000003039836884,0.0,0.0012744319392368197,0.1541665301109402
StackCube-v1,6,25,0.45454545454545453,6868c5c8fc6e9a66e3179f29fa31365889413cd7650111fb33d07557385292f5,1,0.003,object_pos_x-,0.003,-0.003,0.0,0.0,1,1,,1,1,0.33333333333333337,3.901655435562134,0.0,0.14000003039836884,0.0,0.0012744319392368197,0.1541665301109402
StackCube-v1,6,25,0.45454545454545453,6868c5c8fc6e9a66e3179f29fa31365889413cd7650111fb33d07557385292f5,1,0.003,object_pos_y+,0.003,0.0,0.003,0.0,1,1,,1,1,0.33333333333333337,3.901655435562134,0.0,0.14000003039836884,0.0,0.0012744319392368197,0.1541665301109402
StackCube-v1,6,25,0.45454545454545453,6868c5c8fc6e9a66e3179f29fa31365889413cd7650111fb33d07557385292f5,1,0.003,object_pos_y-,0.003,0.0,-0.003,0.0,1,1,,1,1,0.33333333333333337,3.901655435562134,0.0,0.14000003039836884,0.0,0.0012744319392368197,0.1541665301109402
StackCube-v1,6,25,0.45454545454545453,6868c5c8fc6e9a66e3179f29fa31365889413cd7650111fb33d07557385292f5,1,0.003,eef_joint_1+,0.02,0.0,0.02,0.0,0,1,,1,1,0.33333333333333337,3.901655435562134,0.0,0.14000003039836884,0.0,0.0012744319392368197,0.1541665301109402
StackCube-v1,6,25,0.45454545454545453,6868c5c8fc6e9a66e3179f29fa31365889413cd7650111fb33d07557385292f5,1,0.003,eef_joint_1-,0.02,0.0,-0.02,0.0,0,1,,1,1,0.33333333333333337,3.901655435562134,0.0,0.14000003039836884,0.0,0.0012744319392368197,0.1541665301109402
StackCube-v1,6,25,0.45454545454545453,6868c5c8fc6e9a66e3179f29fa31365889413cd7650111fb33d07557385292f5,2,0.006,object_pos_x+,0.006,0.006,0.0,0.0,1,1,,1,1,0.33333333333333337,3.901655435562134,0.0,0.14000003039836884,0.0,0.0012744319392368197,0.1541665301109402
StackCube-v1,6,25,0.45454545454545453,6868c5c8fc6e9a66e3179f29fa31365889413cd7650111fb33d07557385292f5,2,0.006,object_pos_x-,0.006,-0.006,0.0,0.0,1,1,,1,1,0.33333333333333337,3.901655435562134,0.0,0.14000003039836884,0.0,0.0012744319392368197,0.1541665301109402
StackCube-v1,6,25,0.45454545454545453,6868c5c8fc6e9a66e3179f29fa31365889413cd7650111fb33d07557385292f5,2,0.006,object_pos_y+,0.006,0.0,0.006,0.0,1,1,,1,1,0.33333333333333337,3.901655435562134,0.0,0.14000003039836884,0.0,0.0012744319392368197,0.1541665301109402
StackCube-v1,6,25,0.45454545454545453,6868c5c8fc6e9a66e3179f29fa31365889413cd7650111fb33d07557385292f5,2,0.006,object_pos_y-,0.006,0.0,-0.006,0.0,1,1,,1,1,0.33333333333333337,3.901655435562134,0.0,0.14000003039836884,0.0,0.0012744319392368197,0.1541665301109402
StackCube-v1,6,25,0.45454545454545453,6868c5c8fc6e9a66e3179f29fa31365889413cd7650111fb33d07557385292f5,2,0.006,eef_joint_1+,0.04,0.0,0.04,0.0,0,1,,1,1,0.33333333333333337,3.901655435562134,0.0,0.14000003039836884,0.0,0.0012744319392368197,0.1541665301109402
StackCube-v1,6,25,0.45454545454545453,6868c5c8fc6e9a66e3179f29fa31365889413cd7650111fb33d07557385292f5,2,0.006,eef_joint_1-,0.04,0.0,-0.04,0.0,0,1,,1,1,0.33333333333333337,3.901655435562134,0.0,0.14000003039836884,0.0,0.0012744319392368197,0.1541665301109402
StackCube-v1,6,30,0.5454545454545454,a0dfe6ba37c02c393d2eadab3724a86756a8b1a98159df86668cb0b37078664a,0,0.0015,object_pos_x+,0.0015,0.0015,0.0,0.0,1,1,,1,1,0.0,3.901655435562134,0.0,0.0,0.0,0.0012855770764872432,0.19686478988645661
StackCube-v1,6,30,0.5454545454545454,a0dfe6ba37c02c393d2eadab3724a86756a8b1a98159df86668cb0b37078664a,0,0.0015,object_pos_x-,0.0015,-0.0015,0.0,0.0,1,1,,1,1,0.0,3.901655435562134,0.0,0.0,0.0,0.0012855770764872432,0.19686478988645661
StackCube-v1,6,30,0.5454545454545454,a0dfe6ba37c02c393d2eadab3724a86756a8b1a98159df86668cb0b37078664a,0,0.0015,object_pos_y+,0.0015,0.0,0.0015,0.0,1,1,,1,1,0.0,3.901655435562134,0.0,0.0,0.0,0.0012855770764872432,0.19686478988645661
StackCube-v1,6,30,0.5454545454545454,a0dfe6ba37c02c393d2eadab3724a86756a8b1a98159df86668cb0b37078664a,0,0.0015,object_pos_y-,0.0015,0.0,-0.0015,0.0,1,1,,1,1,0.0,3.901655435562134,0.0,0.0,0.0,0.0012855770764872432,0.19686478988645661
StackCube-v1,6,30,0.5454545454545454,a0dfe6ba37c02c393d2eadab3724a86756a8b1a98159df86668cb0b37078664a,0,0.0015,eef_joint_1+,0.01,0.0,0.01,0.0,1,1,,1,1,0.0,3.901655435562134,0.0,0.0,0.0,0.0012855770764872432,0.19686478988645661
StackCube-v1,6,30,0.5454545454545454,a0dfe6ba37c02c393d2eadab3724a86756a8b1a98159df86668cb0b37078664a,0,0.0015,eef_joint_1-,0.01,0.0,-0.01,0.0,1,1,,1,1,0.0,3.901655435562134,0.0,0.0,0.0,0.0012855770764872432,0.19686478988645661
StackCube-v1,6,30,0.5454545454545454,a0dfe6ba37c02c393d2eadab3724a86756a8b1a98159df86668cb0b37078664a,1,0.003,object_pos_x+,0.003,0.003,0.0,0.0,1,1,,1,1,0.33333333333333337,3.901655435562134,0.0,0.0,0.0,0.0012855770764872432,0.19686478988645661
StackCube-v1,6,30,0.5454545454545454,a0dfe6ba37c02c393d2eadab3724a86756a8b1a98159df86668cb0b37078664a,1,0.003,object_pos_x-,0.003,-0.003,0.0,0.0,1,1,,1,1,0.33333333333333337,3.901655435562134,0.0,0.0,0.0,0.0012855770764872432,0.19686478988645661
StackCube-v1,6,30,0.5454545454545454,a0dfe6ba37c02c393d2eadab3724a86756a8b1a98159df86668cb0b37078664a,1,0.003,object_pos_y+,0.003,0.0,0.003,0.0,1,1,,1,1,0.33333333333333337,3.901655435562134,0.0,0.0,0.0,0.0012855770764872432,0.19686478988645661
StackCube-v1,6,30,0.5454545454545454,a0dfe6ba37c02c393d2eadab3724a86756a8b1a98159df86668cb0b37078664a,1,0.003,object_pos_y-,0.003,0.0,-0.003,0.0,1,1,,1,1,0.33333333333333337,3.901655435562134,0.0,0.0,0.0,0.0012855770764872432,0.19686478988645661
StackCube-v1,6,30,0.5454545454545454,a0dfe6ba37c02c393d2eadab3724a86756a8b1a98159df86668cb0b37078664a,1,0.003,eef_joint_1+,0.02,0.0,0.02,0.0,0,1,,1,1,0.33333333333333337,3.901655435562134,0.0,0.0,0.0,0.0012855770764872432,0.19686478988645661
StackCube-v1,6,30,0.5454545454545454,a0dfe6ba37c02c393d2eadab3724a86756a8b1a98159df86668cb0b37078664a,1,0.003,eef_joint_1-,0.02,0.0,-0.02,0.0,0,1,,1,1,0.33333333333333337,3.901655435562134,0.0,0.0,0.0,0.0012855770764872432,0.19686478988645661
StackCube-v1,6,30,0.5454545454545454,a0dfe6ba37c02c393d2eadab3724a86756a8b1a98159df86668cb0b37078664a,2,0.006,object_pos_x+,0.006,0.006,0.0,0.0,1,1,,1,1,0.33333333333333337,3.901655435562134,0.0,0.0,0.0,0.0012855770764872432,0.19686478988645661
StackCube-v1,6,30,0.5454545454545454,a0dfe6ba37c02c393d2eadab3724a86756a8b1a98159df86668cb0b37078664a,2,0.006,object_pos_x-,0.006,-0.006,0.0,0.0,1,1,,1,1,0.33333333333333337,3.901655435562134,0.0,0.0,0.0,0.0012855770764872432,0.19686478988645661
StackCube-v1,6,30,0.5454545454545454,a0dfe6ba37c02c393d2eadab3724a86756a8b1a98159df86668cb0b37078664a,2,0.006,object_pos_y+,0.006,0.0,0.006,0.0,1,1,,1,1,0.33333333333333337,3.901655435562134,0.0,0.0,0.0,0.0012855770764872432,0.19686478988645661
StackCube-v1,6,30,0.5454545454545454,a0dfe6ba37c02c393d2eadab3724a86756a8b1a98159df86668cb0b37078664a,2,0.006,object_pos_y-,0.006,0.0,-0.006,0.0,1,1,,1,1,0.33333333333333337,3.901655435562134,0.0,0.0,0.0,0.0012855770764872432,0.19686478988645661
StackCube-v1,6,30,0.5454545454545454,a0dfe6ba37c02c393d2eadab3724a86756a8b1a98159df86668cb0b37078664a,2,0.006,eef_joint_1+,0.04,0.0,0.04,0.0,0,1,,1,1,0.33333333333333337,3.901655435562134,0.0,0.0,0.0,0.0012855770764872432,0.19686478988645661
StackCube-v1,6,30,0.5454545454545454,a0dfe6ba37c02c393d2eadab3724a86756a8b1a98159df86668cb0b37078664a,2,0.006,eef_joint_1-,0.04,0.0,-0.04,0.0,0,1,,1,1,0.33333333333333337,3.901655435562134,0.0,0.0,0.0,0.0012855770764872432,0.19686478988645661
StackCube-v1,6,35,0.6363636363636364,a0f55fd0f48581a7cf71d21dc02fe0899884b4e267f272598a2e293daa83bfcd,0,0.0015,object_pos_x+,0.0015,0.0015,0.0,0.0,1,1,,1,1,0.0,3.875312566757202,0.0,0.0,0.0,0.001281353528611362,0.10317273374883083
StackCube-v1,6,35,0.6363636363636364,a0f55fd0f48581a7cf71d21dc02fe0899884b4e267f272598a2e293daa83bfcd,0,0.0015,object_pos_x-,0.0015,-0.0015,0.0,0.0,1,1,,1,1,0.0,3.875312566757202,0.0,0.0,0.0,0.001281353528611362,0.10317273374883083
StackCube-v1,6,35,0.6363636363636364,a0f55fd0f48581a7cf71d21dc02fe0899884b4e267f272598a2e293daa83bfcd,0,0.0015,object_pos_y+,0.0015,0.0,0.0015,0.0,1,1,,1,1,0.0,3.875312566757202,0.0,0.0,0.0,0.001281353528611362,0.10317273374883083
StackCube-v1,6,35,0.6363636363636364,a0f55fd0f48581a7cf71d21dc02fe0899884b4e267f272598a2e293daa83bfcd,0,0.0015,object_pos_y-,0.0015,0.0,-0.0015,0.0,1,1,,1,1,0.0,3.875312566757202,0.0,0.0,0.0,0.001281353528611362,0.10317273374883083
StackCube-v1,6,35,0.6363636363636364,a0f55fd0f48581a7cf71d21dc02fe0899884b4e267f272598a2e293daa83bfcd,0,0.0015,eef_joint_1+,0.01,0.0,0.01,0.0,1,1,,1,1,0.0,3.875312566757202,0.0,0.0,0.0,0.001281353528611362,0.10317273374883083
StackCube-v1,6,35,0.6363636363636364,a0f55fd0f48581a7cf71d21dc02fe0899884b4e267f272598a2e293daa83bfcd,0,0.0015,eef_joint_1-,0.01,0.0,-0.01,0.0,1,1,,1,1,0.0,3.875312566757202,0.0,0.0,0.0,0.001281353528611362,0.10317273374883083
StackCube-v1,6,35,0.6363636363636364,a0f55fd0f48581a7cf71d21dc02fe0899884b4e267f272598a2e293daa83bfcd,1,0.003,object_pos_x+,0.003,0.003,0.0,0.0,1,1,,1,1,0.33333333333333337,3.875312566757202,0.0,0.0,0.0,0.001281353528611362,0.10317273374883083
StackCube-v1,6,35,0.6363636363636364,a0f55fd0f48581a7cf71d21dc02fe0899884b4e267f272598a2e293daa83bfcd,1,0.003,object_pos_x-,0.003,-0.003,0.0,0.0,1,1,,1,1,0.33333333333333337,3.875312566757202,0.0,0.0,0.0,0.001281353528611362,0.10317273374883083
StackCube-v1,6,35,0.6363636363636364,a0f55fd0f48581a7cf71d21dc02fe0899884b4e267f272598a2e293daa83bfcd,1,0.003,object_pos_y+,0.003,0.0,0.003,0.0,1,1,,1,1,0.33333333333333337,3.875312566757202,0.0,0.0,0.0,0.001281353528611362,0.10317273374883083
StackCube-v1,6,35,0.6363636363636364,a0f55fd0f48581a7cf71d21dc02fe0899884b4e267f272598a2e293daa83bfcd,1,0.003,object_pos_y-,0.003,0.0,-0.003,0.0,1,1,,1,1,0.33333333333333337,3.875312566757202,0.0,0.0,0.0,0.001281353528611362,0.10317273374883083
StackCube-v1,6,35,0.6363636363636364,a0f55fd0f48581a7cf71d21dc02fe0899884b4e267f272598a2e293daa83bfcd,1,0.003,eef_joint_1+,0.02,0.0,0.02,0.0,0,1,,1,1,0.33333333333333337,3.875312566757202,0.0,0.0,0.0,0.001281353528611362,0.10317273374883083
StackCube-v1,6,35,0.6363636363636364,a0f55fd0f48581a7cf71d21dc02fe0899884b4e267f272598a2e293daa83bfcd,1,0.003,eef_joint_1-,0.02,0.0,-0.02,0.0,0,1,,1,1,0.33333333333333337,3.875312566757202,0.0,0.0,0.0,0.001281353528611362,0.10317273374883083
StackCube-v1,6,35,0.6363636363636364,a0f55fd0f48581a7cf71d21dc02fe0899884b4e267f272598a2e293daa83bfcd,2,0.006,object_pos_x+,0.006,0.006,0.0,0.0,1,1,,1,1,0.33333333333333337,3.875312566757202,0.0,0.0,0.0,0.001281353528611362,0.10317273374883083
StackCube-v1,6,35,0.6363636363636364,a0f55fd0f48581a7cf71d21dc02fe0899884b4e267f272598a2e293daa83bfcd,2,0.006,object_pos_x-,0.006,-0.006,0.0,0.0,1,1,,1,1,0.33333333333333337,3.875312566757202,0.0,0.0,0.0,0.001281353528611362,0.10317273374883083
StackCube-v1,6,35,0.6363636363636364,a0f55fd0f48581a7cf71d21dc02fe0899884b4e267f272598a2e293daa83bfcd,2,0.006,object_pos_y+,0.006,0.0,0.006,0.0,1,1,,1,1,0.33333333333333337,3.875312566757202,0.0,0.0,0.0,0.001281353528611362,0.10317273374883083
StackCube-v1,6,35,0.6363636363636364,a0f55fd0f48581a7cf71d21dc02fe0899884b4e267f272598a2e293daa83bfcd,2,0.006,object_pos_y-,0.006,0.0,-0.006,0.0,1,1,,1,1,0.33333333333333337,3.875312566757202,0.0,0.0,0.0,0.001281353528611362,0.10317273374883083
StackCube-v1,6,35,0.6363636363636364,a0f55fd0f48581a7cf71d21dc02fe0899884b4e267f272598a2e293daa83bfcd,2,0.006,eef_joint_1+,0.04,0.0,0.04,0.0,0,1,,1,1,0.33333333333333337,3.875312566757202,0.0,0.0,0.0,0.001281353528611362,0.10317273374883083
StackCube-v1,6,35,0.6363636363636364,a0f55fd0f48581a7cf71d21dc02fe0899884b4e267f272598a2e293daa83bfcd,2,0.006,eef_joint_1-,0.04,0.0,-0.04,0.0,0,1,,1,1,0.33333333333333337,3.875312566757202,0.0,0.0,0.0,0.001281353528611362,0.10317273374883083
StackCube-v1,6,40,0.7272727272727273,7c48ae753b62b06c7d67a8c416cc3d759bef8cad8382e525a5b4fd2beea934c0,0,0.0015,object_pos_x+,0.0015,0.0015,0.0,0.0,1,1,,1,1,0.0,3.8732478618621826,0.08000001311302185,0.08000001311302185,0.0,0.0012848656624555588,0.08086215596984751
StackCube-v1,6,40,0.7272727272727273,7c48ae753b62b06c7d67a8c416cc3d759bef8cad8382e525a5b4fd2beea934c0,0,0.0015,object_pos_x-,0.0015,-0.0015,0.0,0.0,1,1,,1,1,0.0,3.8732478618621826,0.08000001311302185,0.08000001311302185,0.0,0.0012848656624555588,0.08086215596984751
StackCube-v1,6,40,0.7272727272727273,7c48ae753b62b06c7d67a8c416cc3d759bef8cad8382e525a5b4fd2beea934c0,0,0.0015,object_pos_y+,0.0015,0.0,0.0015,0.0,1,1,,1,1,0.0,3.8732478618621826,0.08000001311302185,0.08000001311302185,0.0,0.0012848656624555588,0.08086215596984751
StackCube-v1,6,40,0.7272727272727273,7c48ae753b62b06c7d67a8c416cc3d759bef8cad8382e525a5b4fd2beea934c0,0,0.0015,object_pos_y-,0.0015,0.0,-0.0015,0.0,1,1,,1,1,0.0,3.8732478618621826,0.08000001311302185,0.08000001311302185,0.0,0.0012848656624555588,0.08086215596984751
StackCube-v1,6,40,0.7272727272727273,7c48ae753b62b06c7d67a8c416cc3d759bef8cad8382e525a5b4fd2beea934c0,0,0.0015,eef_joint_1+,0.01,0.0,0.01,0.0,1,1,,1,1,0.0,3.8732478618621826,0.08000001311302185,0.08000001311302185,0.0,0.0012848656624555588,0.08086215596984751
StackCube-v1,6,40,0.7272727272727273,7c48ae753b62b06c7d67a8c416cc3d759bef8cad8382e525a5b4fd2beea934c0,0,0.0015,eef_joint_1-,0.01,0.0,-0.01,0.0,1,1,,1,1,0.0,3.8732478618621826,0.08000001311302185,0.08000001311302185,0.0,0.0012848656624555588,0.08086215596984751
StackCube-v1,6,40,0.7272727272727273,7c48ae753b62b06c7d67a8c416cc3d759bef8cad8382e525a5b4fd2beea934c0,1,0.003,object_pos_x+,0.003,0.003,0.0,0.0,1,1,,1,1,0.16666666666666663,3.8732478618621826,0.08000001311302185,0.08000001311302185,0.0,0.0012848656624555588,0.08086215596984751
StackCube-v1,6,40,0.7272727272727273,7c48ae753b62b06c7d67a8c416cc3d759bef8cad8382e525a5b4fd2beea934c0,1,0.003,object_pos_x-,0.003,-0.003,0.0,0.0,1,1,,1,1,0.16666666666666663,3.8732478618621826,0.08000001311302185,0.08000001311302185,0.0,0.0012848656624555588,0.08086215596984751
StackCube-v1,6,40,0.7272727272727273,7c48ae753b62b06c7d67a8c416cc3d759bef8cad8382e525a5b4fd2beea934c0,1,0.003,object_pos_y+,0.003,0.0,0.003,0.0,1,1,,1,1,0.16666666666666663,3.8732478618621826,0.08000001311302185,0.08000001311302185,0.0,0.0012848656624555588,0.08086215596984751
StackCube-v1,6,40,0.7272727272727273,7c48ae753b62b06c7d67a8c416cc3d759bef8cad8382e525a5b4fd2beea934c0,1,0.003,object_pos_y-,0.003,0.0,-0.003,0.0,1,1,,1,1,0.16666666666666663,3.8732478618621826,0.08000001311302185,0.08000001311302185,0.0,0.0012848656624555588,0.08086215596984751
StackCube-v1,6,40,0.7272727272727273,7c48ae753b62b06c7d67a8c416cc3d759bef8cad8382e525a5b4fd2beea934c0,1,0.003,eef_joint_1+,0.02,0.0,0.02,0.0,1,1,,1,1,0.16666666666666663,3.8732478618621826,0.08000001311302185,0.08000001311302185,0.0,0.0012848656624555588,0.08086215596984751
StackCube-v1,6,40,0.7272727272727273,7c48ae753b62b06c7d67a8c416cc3d759bef8cad8382e525a5b4fd2beea934c0,1,0.003,eef_joint_1-,0.02,0.0,-0.02,0.0,0,1,,1,1,0.16666666666666663,3.8732478618621826,0.08000001311302185,0.08000001311302185,0.0,0.0012848656624555588,0.08086215596984751
StackCube-v1,6,40,0.7272727272727273,7c48ae753b62b06c7d67a8c416cc3d759bef8cad8382e525a5b4fd2beea934c0,2,0.006,object_pos_x+,0.006,0.006,0.0,0.0,1,1,,1,1,0.16666666666666663,3.8732478618621826,0.08000001311302185,0.08000001311302185,0.0,0.0012848656624555588,0.08086215596984751
StackCube-v1,6,40,0.7272727272727273,7c48ae753b62b06c7d67a8c416cc3d759bef8cad8382e525a5b4fd2beea934c0,2,0.006,object_pos_x-,0.006,-0.006,0.0,0.0,1,1,,1,1,0.16666666666666663,3.8732478618621826,0.08000001311302185,0.08000001311302185,0.0,0.0012848656624555588,0.08086215596984751
StackCube-v1,6,40,0.7272727272727273,7c48ae753b62b06c7d67a8c416cc3d759bef8cad8382e525a5b4fd2beea934c0,2,0.006,object_pos_y+,0.006,0.0,0.006,0.0,1,1,,1,1,0.16666666666666663,3.8732478618621826,0.08000001311302185,0.08000001311302185,0.0,0.0012848656624555588,0.08086215596984751
StackCube-v1,6,40,0.7272727272727273,7c48ae753b62b06c7d67a8c416cc3d759bef8cad8382e525a5b4fd2beea934c0,2,0.006,object_pos_y-,0.006,0.0,-0.006,0.0,1,1,,1,1,0.16666666666666663,3.8732478618621826,0.08000001311302185,0.08000001311302185,0.0,0.0012848656624555588,0.08086215596984751
StackCube-v1,6,40,0.7272727272727273,7c48ae753b62b06c7d67a8c416cc3d759bef8cad8382e525a5b4fd2beea934c0,2,0.006,eef_joint_1+,0.04,0.0,0.04,0.0,1,1,,1,1,0.16666666666666663,3.8732478618621826,0.08000001311302185,0.08000001311302185,0.0,0.0012848656624555588,0.08086215596984751
StackCube-v1,6,40,0.7272727272727273,7c48ae753b62b06c7d67a8c416cc3d759bef8cad8382e525a5b4fd2beea934c0,2,0.006,eef_joint_1-,0.04,0.0,-0.04,0.0,0,1,,1,1,0.16666666666666663,3.8732478618621826,0.08000001311302185,0.08000001311302185,0.0,0.0012848656624555588,0.08086215596984751
StackCube-v1,6,45,0.8181818181818182,3393d1c41ddaf98a7e93baef82a3ad83964b8831feccfd1af5d6a636514de243,0,0.0015,object_pos_x+,0.0015,0.0015,0.0,0.0,1,1,,1,1,0.0,3.8732478618621826,0.0,0.0,0.0,0.0012836173409596086,0.005199005632854549
StackCube-v1,6,45,0.8181818181818182,3393d1c41ddaf98a7e93baef82a3ad83964b8831feccfd1af5d6a636514de243,0,0.0015,object_pos_x-,0.0015,-0.0015,0.0,0.0,1,1,,1,1,0.0,3.8732478618621826,0.0,0.0,0.0,0.0012836173409596086,0.005199005632854549
StackCube-v1,6,45,0.8181818181818182,3393d1c41ddaf98a7e93baef82a3ad83964b8831feccfd1af5d6a636514de243,0,0.0015,object_pos_y+,0.0015,0.0,0.0015,0.0,1,1,,1,1,0.0,3.8732478618621826,0.0,0.0,0.0,0.0012836173409596086,0.005199005632854549
StackCube-v1,6,45,0.8181818181818182,3393d1c41ddaf98a7e93baef82a3ad83964b8831feccfd1af5d6a636514de243,0,0.0015,object_pos_y-,0.0015,0.0,-0.0015,0.0,1,1,,1,1,0.0,3.8732478618621826,0.0,0.0,0.0,0.0012836173409596086,0.005199005632854549
StackCube-v1,6,45,0.8181818181818182,3393d1c41ddaf98a7e93baef82a3ad83964b8831feccfd1af5d6a636514de243,0,0.0015,eef_joint_1+,0.01,0.0,0.01,0.0,1,1,,1,1,0.0,3.8732478618621826,0.0,0.0,0.0,0.0012836173409596086,0.005199005632854549
StackCube-v1,6,45,0.8181818181818182,3393d1c41ddaf98a7e93baef82a3ad83964b8831feccfd1af5d6a636514de243,0,0.0015,eef_joint_1-,0.01,0.0,-0.01,0.0,1,1,,1,1,0.0,3.8732478618621826,0.0,0.0,0.0,0.0012836173409596086,0.005199005632854549
StackCube-v1,6,45,0.8181818181818182,3393d1c41ddaf98a7e93baef82a3ad83964b8831feccfd1af5d6a636514de243,1,0.003,object_pos_x+,0.003,0.003,0.0,0.0,1,1,,1,1,0.0,3.8732478618621826,0.0,0.0,0.0,0.0012836173409596086,0.005199005632854549
StackCube-v1,6,45,0.8181818181818182,3393d1c41ddaf98a7e93baef82a3ad83964b8831feccfd1af5d6a636514de243,1,0.003,object_pos_x-,0.003,-0.003,0.0,0.0,1,1,,1,1,0.0,3.8732478618621826,0.0,0.0,0.0,0.0012836173409596086,0.005199005632854549
StackCube-v1,6,45,0.8181818181818182,3393d1c41ddaf98a7e93baef82a3ad83964b8831feccfd1af5d6a636514de243,1,0.003,object_pos_y+,0.003,0.0,0.003,0.0,1,1,,1,1,0.0,3.8732478618621826,0.0,0.0,0.0,0.0012836173409596086,0.005199005632854549
StackCube-v1,6,45,0.8181818181818182,3393d1c41ddaf98a7e93baef82a3ad83964b8831feccfd1af5d6a636514de243,1,0.003,object_pos_y-,0.003,0.0,-0.003,0.0,1,1,,1,1,0.0,3.8732478618621826,0.0,0.0,0.0,0.0012836173409596086,0.005199005632854549
StackCube-v1,6,45,0.8181818181818182,3393d1c41ddaf98a7e93baef82a3ad83964b8831feccfd1af5d6a636514de243,1,0.003,eef_joint_1+,0.02,0.0,0.02,0.0,1,1,,1,1,0.0,3.8732478618621826,0.0,0.0,0.0,0.0012836173409596086,0.005199005632854549
StackCube-v1,6,45,0.8181818181818182,3393d1c41ddaf98a7e93baef82a3ad83964b8831feccfd1af5d6a636514de243,1,0.003,eef_joint_1-,0.02,0.0,-0.02,0.0,1,1,,1,1,0.0,3.8732478618621826,0.0,0.0,0.0,0.0012836173409596086,0.005199005632854549
StackCube-v1,6,45,0.8181818181818182,3393d1c41ddaf98a7e93baef82a3ad83964b8831feccfd1af5d6a636514de243,2,0.006,object_pos_x+,0.006,0.006,0.0,0.0,1,1,,1,1,0.0,3.8732478618621826,0.0,0.0,0.0,0.0012836173409596086,0.005199005632854549
StackCube-v1,6,45,0.8181818181818182,3393d1c41ddaf98a7e93baef82a3ad83964b8831feccfd1af5d6a636514de243,2,0.006,object_pos_x-,0.006,-0.006,0.0,0.0,1,1,,1,1,0.0,3.8732478618621826,0.0,0.0,0.0,0.0012836173409596086,0.005199005632854549
StackCube-v1,6,45,0.8181818181818182,3393d1c41ddaf98a7e93baef82a3ad83964b8831feccfd1af5d6a636514de243,2,0.006,object_pos_y+,0.006,0.0,0.006,0.0,1,1,,1,1,0.0,3.8732478618621826,0.0,0.0,0.0,0.0012836173409596086,0.005199005632854549
StackCube-v1,6,45,0.8181818181818182,3393d1c41ddaf98a7e93baef82a3ad83964b8831feccfd1af5d6a636514de243,2,0.006,object_pos_y-,0.006,0.0,-0.006,0.0,1,1,,1,1,0.0,3.8732478618621826,0.0,0.0,0.0,0.0012836173409596086,0.005199005632854549
StackCube-v1,6,45,0.8181818181818182,3393d1c41ddaf98a7e93baef82a3ad83964b8831feccfd1af5d6a636514de243,2,0.006,eef_joint_1+,0.04,0.0,0.04,0.0,1,1,,1,1,0.0,3.8732478618621826,0.0,0.0,0.0,0.0012836173409596086,0.005199005632854549
StackCube-v1,6,45,0.8181818181818182,3393d1c41ddaf98a7e93baef82a3ad83964b8831feccfd1af5d6a636514de243,2,0.006,eef_joint_1-,0.04,0.0,-0.04,0.0,1,1,,1,1,0.0,3.8732478618621826,0.0,0.0,0.0,0.0012836173409596086,0.005199005632854549
StackCube-v1,6,50,0.9090909090909091,adf333b48b02e430b681ff7c706171c64eb9ef854ce1bda3e3e7bf180cd82091,0,0.0015,object_pos_x+,0.0015,0.0015,0.0,0.0,1,1,,1,1,0.0,3.8732478618621826,0.0,0.0,0.0,0.00021739330259151757,0.00043016216670793114
StackCube-v1,6,50,0.9090909090909091,adf333b48b02e430b681ff7c706171c64eb9ef854ce1bda3e3e7bf180cd82091,0,0.0015,object_pos_x-,0.0015,-0.0015,0.0,0.0,1,1,,1,1,0.0,3.8732478618621826,0.0,0.0,0.0,0.00021739330259151757,0.00043016216670793114
StackCube-v1,6,50,0.9090909090909091,adf333b48b02e430b681ff7c706171c64eb9ef854ce1bda3e3e7bf180cd82091,0,0.0015,object_pos_y+,0.0015,0.0,0.0015,0.0,1,1,,1,1,0.0,3.8732478618621826,0.0,0.0,0.0,0.00021739330259151757,0.00043016216670793114
StackCube-v1,6,50,0.9090909090909091,adf333b48b02e430b681ff7c706171c64eb9ef854ce1bda3e3e7bf180cd82091,0,0.0015,object_pos_y-,0.0015,0.0,-0.0015,0.0,1,1,,1,1,0.0,3.8732478618621826,0.0,0.0,0.0,0.00021739330259151757,0.00043016216670793114
StackCube-v1,6,50,0.9090909090909091,adf333b48b02e430b681ff7c706171c64eb9ef854ce1bda3e3e7bf180cd82091,0,0.0015,eef_joint_1+,0.01,0.0,0.01,0.0,1,1,,1,1,0.0,3.8732478618621826,0.0,0.0,0.0,0.00021739330259151757,0.00043016216670793114
StackCube-v1,6,50,0.9090909090909091,adf333b48b02e430b681ff7c706171c64eb9ef854ce1bda3e3e7bf180cd82091,0,0.0015,eef_joint_1-,0.01,0.0,-0.01,0.0,1,1,,1,1,0.0,3.8732478618621826,0.0,0.0,0.0,0.00021739330259151757,0.00043016216670793114
StackCube-v1,6,50,0.9090909090909091,adf333b48b02e430b681ff7c706171c64eb9ef854ce1bda3e3e7bf180cd82091,1,0.003,object_pos_x+,0.003,0.003,0.0,0.0,1,1,,1,1,0.0,3.8732478618621826,0.0,0.0,0.0,0.00021739330259151757,0.00043016216670793114
StackCube-v1,6,50,0.9090909090909091,adf333b48b02e430b681ff7c706171c64eb9ef854ce1bda3e3e7bf180cd82091,1,0.003,object_pos_x-,0.003,-0.003,0.0,0.0,1,1,,1,1,0.0,3.8732478618621826,0.0,0.0,0.0,0.00021739330259151757,0.00043016216670793114
StackCube-v1,6,50,0.9090909090909091,adf333b48b02e430b681ff7c706171c64eb9ef854ce1bda3e3e7bf180cd82091,1,0.003,object_pos_y+,0.003,0.0,0.003,0.0,1,1,,1,1,0.0,3.8732478618621826,0.0,0.0,0.0,0.00021739330259151757,0.00043016216670793114
StackCube-v1,6,50,0.9090909090909091,adf333b48b02e430b681ff7c706171c64eb9ef854ce1bda3e3e7bf180cd82091,1,0.003,object_pos_y-,0.003,0.0,-0.003,0.0,1,1,,1,1,0.0,3.8732478618621826,0.0,0.0,0.0,0.00021739330259151757,0.00043016216670793114
StackCube-v1,6,50,0.9090909090909091,adf333b48b02e430b681ff7c706171c64eb9ef854ce1bda3e3e7bf180cd82091,1,0.003,eef_joint_1+,0.02,0.0,0.02,0.0,1,1,,1,1,0.0,3.8732478618621826,0.0,0.0,0.0,0.00021739330259151757,0.00043016216670793114
StackCube-v1,6,50,0.9090909090909091,adf333b48b02e430b681ff7c706171c64eb9ef854ce1bda3e3e7bf180cd82091,1,0.003,eef_joint_1-,0.02,0.0,-0.02,0.0,1,1,,1,1,0.0,3.8732478618621826,0.0,0.0,0.0,0.00021739330259151757,0.00043016216670793114
StackCube-v1,6,50,0.9090909090909091,adf333b48b02e430b681ff7c706171c64eb9ef854ce1bda3e3e7bf180cd82091,2,0.006,object_pos_x+,0.006,0.006,0.0,0.0,1,1,,1,1,0.0,3.8732478618621826,0.0,0.0,0.0,0.00021739330259151757,0.00043016216670793114
StackCube-v1,6,50,0.9090909090909091,adf333b48b02e430b681ff7c706171c64eb9ef854ce1bda3e3e7bf180cd82091,2,0.006,object_pos_x-,0.006,-0.006,0.0,0.0,1,1,,1,1,0.0,3.8732478618621826,0.0,0.0,0.0,0.00021739330259151757,0.00043016216670793114
StackCube-v1,6,50,0.9090909090909091,adf333b48b02e430b681ff7c706171c64eb9ef854ce1bda3e3e7bf180cd82091,2,0.006,object_pos_y+,0.006,0.0,0.006,0.0,1,1,,1,1,0.0,3.8732478618621826,0.0,0.0,0.0,0.00021739330259151757,0.00043016216670793114
StackCube-v1,6,50,0.9090909090909091,adf333b48b02e430b681ff7c706171c64eb9ef854ce1bda3e3e7bf180cd82091,2,0.006,object_pos_y-,0.006,0.0,-0.006,0.0,1,1,,1,1,0.0,3.8732478618621826,0.0,0.0,0.0,0.00021739330259151757,0.00043016216670793114
StackCube-v1,6,50,0.9090909090909091,adf333b48b02e430b681ff7c706171c64eb9ef854ce1bda3e3e7bf180cd82091,2,0.006,eef_joint_1+,0.04,0.0,0.04,0.0,1,1,,1,1,0.0,3.8732478618621826,0.0,0.0,0.0,0.00021739330259151757,0.00043016216670793114
StackCube-v1,6,50,0.9090909090909091,adf333b48b02e430b681ff7c706171c64eb9ef854ce1bda3e3e7bf180cd82091,2,0.006,eef_joint_1-,0.04,0.0,-0.04,0.0,1,1,,1,1,0.0,3.8732478618621826,0.0,0.0,0.0,0.00021739330259151757,0.00043016216670793114
StackCube-v1,6,55,1.0,4f708ef930a34c2d215fc7b8b95e403e1a0606ac9a2699baec6bb66cd5e6bb1f,0,0.0015,object_pos_x+,0.0015,0.0015,0.0,0.0,1,1,,1,1,0.0,3.8732478618621826,0.0,0.0,0.0,0.0004025331581942737,0.0004300371538871714
StackCube-v1,6,55,1.0,4f708ef930a34c2d215fc7b8b95e403e1a0606ac9a2699baec6bb66cd5e6bb1f,0,0.0015,object_pos_x-,0.0015,-0.0015,0.0,0.0,1,1,,1,1,0.0,3.8732478618621826,0.0,0.0,0.0,0.0004025331581942737,0.0004300371538871714
StackCube-v1,6,55,1.0,4f708ef930a34c2d215fc7b8b95e403e1a0606ac9a2699baec6bb66cd5e6bb1f,0,0.0015,object_pos_y+,0.0015,0.0,0.0015,0.0,1,1,,1,1,0.0,3.8732478618621826,0.0,0.0,0.0,0.0004025331581942737,0.0004300371538871714
StackCube-v1,6,55,1.0,4f708ef930a34c2d215fc7b8b95e403e1a0606ac9a2699baec6bb66cd5e6bb1f,0,0.0015,object_pos_y-,0.0015,0.0,-0.0015,0.0,1,1,,1,1,0.0,3.8732478618621826,0.0,0.0,0.0,0.0004025331581942737,0.0004300371538871714
StackCube-v1,6,55,1.0,4f708ef930a34c2d215fc7b8b95e403e1a0606ac9a2699baec6bb66cd5e6bb1f,0,0.0015,eef_joint_1+,0.01,0.0,0.01,0.0,1,1,,1,1,0.0,3.8732478618621826,0.0,0.0,0.0,0.0004025331581942737,0.0004300371538871714
StackCube-v1,6,55,1.0,4f708ef930a34c2d215fc7b8b95e403e1a0606ac9a2699baec6bb66cd5e6bb1f,0,0.0015,eef_joint_1-,0.01,0.0,-0.01,0.0,1,1,,1,1,0.0,3.8732478618621826,0.0,0.0,0.0,0.0004025331581942737,0.0004300371538871714
StackCube-v1,6,55,1.0,4f708ef930a34c2d215fc7b8b95e403e1a0606ac9a2699baec6bb66cd5e6bb1f,1,0.003,object_pos_x+,0.003,0.003,0.0,0.0,1,1,,1,1,0.0,3.8732478618621826,0.0,0.0,0.0,0.0004025331581942737,0.0004300371538871714
StackCube-v1,6,55,1.0,4f708ef930a34c2d215fc7b8b95e403e1a0606ac9a2699baec6bb66cd5e6bb1f,1,0.003,object_pos_x-,0.003,-0.003,0.0,0.0,1,1,,1,1,0.0,3.8732478618621826,0.0,0.0,0.0,0.0004025331581942737,0.0004300371538871714
StackCube-v1,6,55,1.0,4f708ef930a34c2d215fc7b8b95e403e1a0606ac9a2699baec6bb66cd5e6bb1f,1,0.003,object_pos_y+,0.003,0.0,0.003,0.0,1,1,,1,1,0.0,3.8732478618621826,0.0,0.0,0.0,0.0004025331581942737,0.0004300371538871714
StackCube-v1,6,55,1.0,4f708ef930a34c2d215fc7b8b95e403e1a0606ac9a2699baec6bb66cd5e6bb1f,1,0.003,object_pos_y-,0.003,0.0,-0.003,0.0,1,1,,1,1,0.0,3.8732478618621826,0.0,0.0,0.0,0.0004025331581942737,0.0004300371538871714
StackCube-v1,6,55,1.0,4f708ef930a34c2d215fc7b8b95e403e1a0606ac9a2699baec6bb66cd5e6bb1f,1,0.003,eef_joint_1+,0.02,0.0,0.02,0.0,1,1,,1,1,0.0,3.8732478618621826,0.0,0.0,0.0,0.0004025331581942737,0.0004300371538871714
StackCube-v1,6,55,1.0,4f708ef930a34c2d215fc7b8b95e403e1a0606ac9a2699baec6bb66cd5e6bb1f,1,0.003,eef_joint_1-,0.02,0.0,-0.02,0.0,1,1,,1,1,0.0,3.8732478618621826,0.0,0.0,0.0,0.0004025331581942737,0.0004300371538871714
StackCube-v1,6,55,1.0,4f708ef930a34c2d215fc7b8b95e403e1a0606ac9a2699baec6bb66cd5e6bb1f,2,0.006,object_pos_x+,0.006,0.006,0.0,0.0,1,1,,1,1,0.0,3.8732478618621826,0.0,0.0,0.0,0.0004025331581942737,0.0004300371538871714
StackCube-v1,6,55,1.0,4f708ef930a34c2d215fc7b8b95e403e1a0606ac9a2699baec6bb66cd5e6bb1f,2,0.006,object_pos_x-,0.006,-0.006,0.0,0.0,1,1,,1,1,0.0,3.8732478618621826,0.0,0.0,0.0,0.0004025331581942737,0.0004300371538871714
StackCube-v1,6,55,1.0,4f708ef930a34c2d215fc7b8b95e403e1a0606ac9a2699baec6bb66cd5e6bb1f,2,0.006,object_pos_y+,0.006,0.0,0.006,0.0,1,1,,1,1,0.0,3.8732478618621826,0.0,0.0,0.0,0.0004025331581942737,0.0004300371538871714
StackCube-v1,6,55,1.0,4f708ef930a34c2d215fc7b8b95e403e1a0606ac9a2699baec6bb66cd5e6bb1f,2,0.006,object_pos_y-,0.006,0.0,-0.006,0.0,1,1,,1,1,0.0,3.8732478618621826,0.0,0.0,0.0,0.0004025331581942737,0.0004300371538871714
StackCube-v1,6,55,1.0,4f708ef930a34c2d215fc7b8b95e403e1a0606ac9a2699baec6bb66cd5e6bb1f,2,0.006,eef_joint_1+,0.04,0.0,0.04,0.0,1,1,,1,1,0.0,3.8732478618621826,0.0,0.0,0.0,0.0004025331581942737,0.0004300371538871714
StackCube-v1,6,55,1.0,4f708ef930a34c2d215fc7b8b95e403e1a0606ac9a2699baec6bb66cd5e6bb1f,2,0.006,eef_joint_1-,0.04,0.0,-0.04,0.0,1,1,,1,1,0.0,3.8732478618621826,0.0,0.0,0.0,0.0004025331581942737,0.0004300371538871714
StackCube-v1,7,0,0.0,c572826b309120afcba9fff57e11237c4eb4212bc9789fa1e1ee50f7fd1ad367,0,0.0015,object_pos_x+,0.0015,0.0015,0.0,0.0,1,1,,1,1,0.0,4.071096897125244,4.071096897125244,4.071096897125244,1.0,0.16356156766414642,0.1321874787152406
StackCube-v1,7,0,0.0,c572826b309120afcba9fff57e11237c4eb4212bc9789fa1e1ee50f7fd1ad367,0,0.0015,object_pos_x-,0.0015,-0.0015,0.0,0.0,1,1,,1,1,0.0,4.071096897125244,4.071096897125244,4.071096897125244,1.0,0.16356156766414642,0.1321874787152406
StackCube-v1,7,0,0.0,c572826b309120afcba9fff57e11237c4eb4212bc9789fa1e1ee50f7fd1ad367,0,0.0015,object_pos_y+,0.0015,0.0,0.0015,0.0,1,1,,1,1,0.0,4.071096897125244,4.071096897125244,4.071096897125244,1.0,0.16356156766414642,0.1321874787152406
StackCube-v1,7,0,0.0,c572826b309120afcba9fff57e11237c4eb4212bc9789fa1e1ee50f7fd1ad367,0,0.0015,object_pos_y-,0.0015,0.0,-0.0015,0.0,1,1,,1,1,0.0,4.071096897125244,4.071096897125244,4.071096897125244,1.0,0.16356156766414642,0.1321874787152406
StackCube-v1,7,0,0.0,c572826b309120afcba9fff57e11237c4eb4212bc9789fa1e1ee50f7fd1ad367,0,0.0015,eef_joint_1+,0.01,0.0,0.01,0.0,1,1,,1,1,0.0,4.071096897125244,4.071096897125244,4.071096897125244,1.0,0.16356156766414642,0.1321874787152406
StackCube-v1,7,0,0.0,c572826b309120afcba9fff57e11237c4eb4212bc9789fa1e1ee50f7fd1ad367,0,0.0015,eef_joint_1-,0.01,0.0,-0.01,0.0,1,1,,1,1,0.0,4.071096897125244,4.071096897125244,4.071096897125244,1.0,0.16356156766414642,0.1321874787152406
StackCube-v1,7,0,0.0,c572826b309120afcba9fff57e11237c4eb4212bc9789fa1e1ee50f7fd1ad367,1,0.003,object_pos_x+,0.003,0.003,0.0,0.0,1,1,,1,1,0.0,4.071096897125244,4.071096897125244,4.071096897125244,1.0,0.16356156766414642,0.1321874787152406
StackCube-v1,7,0,0.0,c572826b309120afcba9fff57e11237c4eb4212bc9789fa1e1ee50f7fd1ad367,1,0.003,object_pos_x-,0.003,-0.003,0.0,0.0,1,1,,1,1,0.0,4.071096897125244,4.071096897125244,4.071096897125244,1.0,0.16356156766414642,0.1321874787152406
StackCube-v1,7,0,0.0,c572826b309120afcba9fff57e11237c4eb4212bc9789fa1e1ee50f7fd1ad367,1,0.003,object_pos_y+,0.003,0.0,0.003,0.0,1,1,,1,1,0.0,4.071096897125244,4.071096897125244,4.071096897125244,1.0,0.16356156766414642,0.1321874787152406
StackCube-v1,7,0,0.0,c572826b309120afcba9fff57e11237c4eb4212bc9789fa1e1ee50f7fd1ad367,1,0.003,object_pos_y-,0.003,0.0,-0.003,0.0,1,1,,1,1,0.0,4.071096897125244,4.071096897125244,4.071096897125244,1.0,0.16356156766414642,0.1321874787152406
StackCube-v1,7,0,0.0,c572826b309120afcba9fff57e11237c4eb4212bc9789fa1e1ee50f7fd1ad367,1,0.003,eef_joint_1+,0.02,0.0,0.02,0.0,1,1,,1,1,0.0,4.071096897125244,4.071096897125244,4.071096897125244,1.0,0.16356156766414642,0.1321874787152406
StackCube-v1,7,0,0.0,c572826b309120afcba9fff57e11237c4eb4212bc9789fa1e1ee50f7fd1ad367,1,0.003,eef_joint_1-,0.02,0.0,-0.02,0.0,1,1,,1,1,0.0,4.071096897125244,4.071096897125244,4.071096897125244,1.0,0.16356156766414642,0.1321874787152406
StackCube-v1,7,0,0.0,c572826b309120afcba9fff57e11237c4eb4212bc9789fa1e1ee50f7fd1ad367,2,0.006,object_pos_x+,0.006,0.006,0.0,0.0,1,1,,1,1,0.33333333333333337,4.071096897125244,4.071096897125244,4.071096897125244,1.0,0.16356156766414642,0.1321874787152406
StackCube-v1,7,0,0.0,c572826b309120afcba9fff57e11237c4eb4212bc9789fa1e1ee50f7fd1ad367,2,0.006,object_pos_x-,0.006,-0.006,0.0,0.0,1,1,,1,1,0.33333333333333337,4.071096897125244,4.071096897125244,4.071096897125244,1.0,0.16356156766414642,0.1321874787152406
StackCube-v1,7,0,0.0,c572826b309120afcba9fff57e11237c4eb4212bc9789fa1e1ee50f7fd1ad367,2,0.006,object_pos_y+,0.006,0.0,0.006,0.0,1,1,,1,1,0.33333333333333337,4.071096897125244,4.071096897125244,4.071096897125244,1.0,0.16356156766414642,0.1321874787152406
StackCube-v1,7,0,0.0,c572826b309120afcba9fff57e11237c4eb4212bc9789fa1e1ee50f7fd1ad367,2,0.006,object_pos_y-,0.006,0.0,-0.006,0.0,1,1,,1,1,0.33333333333333337,4.071096897125244,4.071096897125244,4.071096897125244,1.0,0.16356156766414642,0.1321874787152406
StackCube-v1,7,0,0.0,c572826b309120afcba9fff57e11237c4eb4212bc9789fa1e1ee50f7fd1ad367,2,0.006,eef_joint_1+,0.04,0.0,0.04,0.0,0,1,,1,1,0.33333333333333337,4.071096897125244,4.071096897125244,4.071096897125244,1.0,0.16356156766414642,0.1321874787152406
StackCube-v1,7,0,0.0,c572826b309120afcba9fff57e11237c4eb4212bc9789fa1e1ee50f7fd1ad367,2,0.006,eef_joint_1-,0.04,0.0,-0.04,0.0,0,1,,1,1,0.33333333333333337,4.071096897125244,4.071096897125244,4.071096897125244,1.0,0.16356156766414642,0.1321874787152406
StackCube-v1,7,5,0.09090909090909091,968d5ecc2e5460bd6a9b42cf80e28b8ecfbdbd58d45fef7b9474112ba788a3ee,0,0.0015,object_pos_x+,0.0015,0.0015,0.0,0.0,1,1,,1,1,0.0,4.071096897125244,0.0,0.0,0.0,0.06831534206867218,0.1321870472943324
StackCube-v1,7,5,0.09090909090909091,968d5ecc2e5460bd6a9b42cf80e28b8ecfbdbd58d45fef7b9474112ba788a3ee,0,0.0015,object_pos_x-,0.0015,-0.0015,0.0,0.0,1,1,,1,1,0.0,4.071096897125244,0.0,0.0,0.0,0.06831534206867218,0.1321870472943324
StackCube-v1,7,5,0.09090909090909091,968d5ecc2e5460bd6a9b42cf80e28b8ecfbdbd58d45fef7b9474112ba788a3ee,0,0.0015,object_pos_y+,0.0015,0.0,0.0015,0.0,1,1,,1,1,0.0,4.071096897125244,0.0,0.0,0.0,0.06831534206867218,0.1321870472943324
StackCube-v1,7,5,0.09090909090909091,968d5ecc2e5460bd6a9b42cf80e28b8ecfbdbd58d45fef7b9474112ba788a3ee,0,0.0015,object_pos_y-,0.0015,0.0,-0.0015,0.0,1,1,,1,1,0.0,4.071096897125244,0.0,0.0,0.0,0.06831534206867218,0.1321870472943324
StackCube-v1,7,5,0.09090909090909091,968d5ecc2e5460bd6a9b42cf80e28b8ecfbdbd58d45fef7b9474112ba788a3ee,0,0.0015,eef_joint_1+,0.01,0.0,0.01,0.0,1,1,,1,1,0.0,4.071096897125244,0.0,0.0,0.0,0.06831534206867218,0.1321870472943324
StackCube-v1,7,5,0.09090909090909091,968d5ecc2e5460bd6a9b42cf80e28b8ecfbdbd58d45fef7b9474112ba788a3ee,0,0.0015,eef_joint_1-,0.01,0.0,-0.01,0.0,1,1,,1,1,0.0,4.071096897125244,0.0,0.0,0.0,0.06831534206867218,0.1321870472943324
StackCube-v1,7,5,0.09090909090909091,968d5ecc2e5460bd6a9b42cf80e28b8ecfbdbd58d45fef7b9474112ba788a3ee,1,0.003,object_pos_x+,0.003,0.003,0.0,0.0,1,1,,1,1,0.0,4.071096897125244,0.0,0.0,0.0,0.06831534206867218,0.1321870472943324
StackCube-v1,7,5,0.09090909090909091,968d5ecc2e5460bd6a9b42cf80e28b8ecfbdbd58d45fef7b9474112ba788a3ee,1,0.003,object_pos_x-,0.003,-0.003,0.0,0.0,1,1,,1,1,0.0,4.071096897125244,0.0,0.0,0.0,0.06831534206867218,0.1321870472943324
StackCube-v1,7,5,0.09090909090909091,968d5ecc2e5460bd6a9b42cf80e28b8ecfbdbd58d45fef7b9474112ba788a3ee,1,0.003,object_pos_y+,0.003,0.0,0.003,0.0,1,1,,1,1,0.0,4.071096897125244,0.0,0.0,0.0,0.06831534206867218,0.1321870472943324
StackCube-v1,7,5,0.09090909090909091,968d5ecc2e5460bd6a9b42cf80e28b8ecfbdbd58d45fef7b9474112ba788a3ee,1,0.003,object_pos_y-,0.003,0.0,-0.003,0.0,1,1,,1,1,0.0,4.071096897125244,0.0,0.0,0.0,0.06831534206867218,0.1321870472943324
StackCube-v1,7,5,0.09090909090909091,968d5ecc2e5460bd6a9b42cf80e28b8ecfbdbd58d45fef7b9474112ba788a3ee,1,0.003,eef_joint_1+,0.02,0.0,0.02,0.0,1,1,,1,1,0.0,4.071096897125244,0.0,0.0,0.0,0.06831534206867218,0.1321870472943324
StackCube-v1,7,5,0.09090909090909091,968d5ecc2e5460bd6a9b42cf80e28b8ecfbdbd58d45fef7b9474112ba788a3ee,1,0.003,eef_joint_1-,0.02,0.0,-0.02,0.0,1,1,,1,1,0.0,4.071096897125244,0.0,0.0,0.0,0.06831534206867218,0.1321870472943324
StackCube-v1,7,5,0.09090909090909091,968d5ecc2e5460bd6a9b42cf80e28b8ecfbdbd58d45fef7b9474112ba788a3ee,2,0.006,object_pos_x+,0.006,0.006,0.0,0.0,1,1,,1,1,0.33333333333333337,4.071096897125244,0.0,0.0,0.0,0.06831534206867218,0.1321870472943324
StackCube-v1,7,5,0.09090909090909091,968d5ecc2e5460bd6a9b42cf80e28b8ecfbdbd58d45fef7b9474112ba788a3ee,2,0.006,object_pos_x-,0.006,-0.006,0.0,0.0,1,1,,1,1,0.33333333333333337,4.071096897125244,0.0,0.0,0.0,0.06831534206867218,0.1321870472943324
StackCube-v1,7,5,0.09090909090909091,968d5ecc2e5460bd6a9b42cf80e28b8ecfbdbd58d45fef7b9474112ba788a3ee,2,0.006,object_pos_y+,0.006,0.0,0.006,0.0,1,1,,1,1,0.33333333333333337,4.071096897125244,0.0,0.0,0.0,0.06831534206867218,0.1321870472943324
StackCube-v1,7,5,0.09090909090909091,968d5ecc2e5460bd6a9b42cf80e28b8ecfbdbd58d45fef7b9474112ba788a3ee,2,0.006,object_pos_y-,0.006,0.0,-0.006,0.0,1,1,,1,1,0.33333333333333337,4.071096897125244,0.0,0.0,0.0,0.06831534206867218,0.1321870472943324
StackCube-v1,7,5,0.09090909090909091,968d5ecc2e5460bd6a9b42cf80e28b8ecfbdbd58d45fef7b9474112ba788a3ee,2,0.006,eef_joint_1+,0.04,0.0,0.04,0.0,0,1,,1,1,0.33333333333333337,4.071096897125244,0.0,0.0,0.0,0.06831534206867218,0.1321870472943324
StackCube-v1,7,5,0.09090909090909091,968d5ecc2e5460bd6a9b42cf80e28b8ecfbdbd58d45fef7b9474112ba788a3ee,2,0.006,eef_joint_1-,0.04,0.0,-0.04,0.0,0,1,,1,1,0.33333333333333337,4.071096897125244,0.0,0.0,0.0,0.06831534206867218,0.1321870472943324
StackCube-v1,7,10,0.18181818181818182,b90446f44b9b633be885239a6406be52510f4e88cc090d4ce645101476580e0d,0,0.0015,object_pos_x+,0.0015,0.0015,0.0,0.0,1,1,,1,1,0.0,4.070150852203369,0.0,0.0,0.0,0.0328260138630867,0.13218660439311603
StackCube-v1,7,10,0.18181818181818182,b90446f44b9b633be885239a6406be52510f4e88cc090d4ce645101476580e0d,0,0.0015,object_pos_x-,0.0015,-0.0015,0.0,0.0,1,1,,1,1,0.0,4.070150852203369,0.0,0.0,0.0,0.0328260138630867,0.13218660439311603
StackCube-v1,7,10,0.18181818181818182,b90446f44b9b633be885239a6406be52510f4e88cc090d4ce645101476580e0d,0,0.0015,object_pos_y+,0.0015,0.0,0.0015,0.0,1,1,,1,1,0.0,4.070150852203369,0.0,0.0,0.0,0.0328260138630867,0.13218660439311603
StackCube-v1,7,10,0.18181818181818182,b90446f44b9b633be885239a6406be52510f4e88cc090d4ce645101476580e0d,0,0.0015,object_pos_y-,0.0015,0.0,-0.0015,0.0,1,1,,1,1,0.0,4.070150852203369,0.0,0.0,0.0,0.0328260138630867,0.13218660439311603
StackCube-v1,7,10,0.18181818181818182,b90446f44b9b633be885239a6406be52510f4e88cc090d4ce645101476580e0d,0,0.0015,eef_joint_1+,0.01,0.0,0.01,0.0,1,1,,1,1,0.0,4.070150852203369,0.0,0.0,0.0,0.0328260138630867,0.13218660439311603
StackCube-v1,7,10,0.18181818181818182,b90446f44b9b633be885239a6406be52510f4e88cc090d4ce645101476580e0d,0,0.0015,eef_joint_1-,0.01,0.0,-0.01,0.0,1,1,,1,1,0.0,4.070150852203369,0.0,0.0,0.0,0.0328260138630867,0.13218660439311603
StackCube-v1,7,10,0.18181818181818182,b90446f44b9b633be885239a6406be52510f4e88cc090d4ce645101476580e0d,1,0.003,object_pos_x+,0.003,0.003,0.0,0.0,1,1,,1,1,0.0,4.070150852203369,0.0,0.0,0.0,0.0328260138630867,0.13218660439311603
StackCube-v1,7,10,0.18181818181818182,b90446f44b9b633be885239a6406be52510f4e88cc090d4ce645101476580e0d,1,0.003,object_pos_x-,0.003,-0.003,0.0,0.0,1,1,,1,1,0.0,4.070150852203369,0.0,0.0,0.0,0.0328260138630867,0.13218660439311603
StackCube-v1,7,10,0.18181818181818182,b90446f44b9b633be885239a6406be52510f4e88cc090d4ce645101476580e0d,1,0.003,object_pos_y+,0.003,0.0,0.003,0.0,1,1,,1,1,0.0,4.070150852203369,0.0,0.0,0.0,0.0328260138630867,0.13218660439311603
StackCube-v1,7,10,0.18181818181818182,b90446f44b9b633be885239a6406be52510f4e88cc090d4ce645101476580e0d,1,0.003,object_pos_y-,0.003,0.0,-0.003,0.0,1,1,,1,1,0.0,4.070150852203369,0.0,0.0,0.0,0.0328260138630867,0.13218660439311603
StackCube-v1,7,10,0.18181818181818182,b90446f44b9b633be885239a6406be52510f4e88cc090d4ce645101476580e0d,1,0.003,eef_joint_1+,0.02,0.0,0.02,0.0,1,1,,1,1,0.0,4.070150852203369,0.0,0.0,0.0,0.0328260138630867,0.13218660439311603
StackCube-v1,7,10,0.18181818181818182,b90446f44b9b633be885239a6406be52510f4e88cc090d4ce645101476580e0d,1,0.003,eef_joint_1-,0.02,0.0,-0.02,0.0,1,1,,1,1,0.0,4.070150852203369,0.0,0.0,0.0,0.0328260138630867,0.13218660439311603
StackCube-v1,7,10,0.18181818181818182,b90446f44b9b633be885239a6406be52510f4e88cc090d4ce645101476580e0d,2,0.006,object_pos_x+,0.006,0.006,0.0,0.0,1,1,,1,1,0.33333333333333337,4.070150852203369,0.0,0.0,0.0,0.0328260138630867,0.13218660439311603
StackCube-v1,7,10,0.18181818181818182,b90446f44b9b633be885239a6406be52510f4e88cc090d4ce645101476580e0d,2,0.006,object_pos_x-,0.006,-0.006,0.0,0.0,1,1,,1,1,0.33333333333333337,4.070150852203369,0.0,0.0,0.0,0.0328260138630867,0.13218660439311603
StackCube-v1,7,10,0.18181818181818182,b90446f44b9b633be885239a6406be52510f4e88cc090d4ce645101476580e0d,2,0.006,object_pos_y+,0.006,0.0,0.006,0.0,1,1,,1,1,0.33333333333333337,4.070150852203369,0.0,0.0,0.0,0.0328260138630867,0.13218660439311603
StackCube-v1,7,10,0.18181818181818182,b90446f44b9b633be885239a6406be52510f4e88cc090d4ce645101476580e0d,2,0.006,object_pos_y-,0.006,0.0,-0.006,0.0,1,1,,1,1,0.33333333333333337,4.070150852203369,0.0,0.0,0.0,0.0328260138630867,0.13218660439311603
StackCube-v1,7,10,0.18181818181818182,b90446f44b9b633be885239a6406be52510f4e88cc090d4ce645101476580e0d,2,0.006,eef_joint_1+,0.04,0.0,0.04,0.0,0,1,,1,1,0.33333333333333337,4.070150852203369,0.0,0.0,0.0,0.0328260138630867,0.13218660439311603
StackCube-v1,7,10,0.18181818181818182,b90446f44b9b633be885239a6406be52510f4e88cc090d4ce645101476580e0d,2,0.006,eef_joint_1-,0.04,0.0,-0.04,0.0,0,1,,1,1,0.33333333333333337,4.070150852203369,0.0,0.0,0.0,0.0328260138630867,0.13218660439311603
StackCube-v1,7,15,0.2727272727272727,537304d50d4598bf11e7aa328abfddf17dd3299f13eb1d2e1e0c0e91ff437071,0,0.0015,object_pos_x+,0.0015,0.0015,0.0,0.0,1,1,,1,1,0.0,4.070150852203369,0.0,0.0,0.0,0.0020568487234413624,0.13218661365371936
StackCube-v1,7,15,0.2727272727272727,537304d50d4598bf11e7aa328abfddf17dd3299f13eb1d2e1e0c0e91ff437071,0,0.0015,object_pos_x-,0.0015,-0.0015,0.0,0.0,1,1,,1,1,0.0,4.070150852203369,0.0,0.0,0.0,0.0020568487234413624,0.13218661365371936
StackCube-v1,7,15,0.2727272727272727,537304d50d4598bf11e7aa328abfddf17dd3299f13eb1d2e1e0c0e91ff437071,0,0.0015,object_pos_y+,0.0015,0.0,0.0015,0.0,1,1,,1,1,0.0,4.070150852203369,0.0,0.0,0.0,0.0020568487234413624,0.13218661365371936
StackCube-v1,7,15,0.2727272727272727,537304d50d4598bf11e7aa328abfddf17dd3299f13eb1d2e1e0c0e91ff437071,0,0.0015,object_pos_y-,0.0015,0.0,-0.0015,0.0,1,1,,1,1,0.0,4.070150852203369,0.0,0.0,0.0,0.0020568487234413624,0.13218661365371936
StackCube-v1,7,15,0.2727272727272727,537304d50d4598bf11e7aa328abfddf17dd3299f13eb1d2e1e0c0e91ff437071,0,0.0015,eef_joint_1+,0.01,0.0,0.01,0.0,1,1,,1,1,0.0,4.070150852203369,0.0,0.0,0.0,0.0020568487234413624,0.13218661365371936
StackCube-v1,7,15,0.2727272727272727,537304d50d4598bf11e7aa328abfddf17dd3299f13eb1d2e1e0c0e91ff437071,0,0.0015,eef_joint_1-,0.01,0.0,-0.01,0.0,1,1,,1,1,0.0,4.070150852203369,0.0,0.0,0.0,0.0020568487234413624,0.13218661365371936
StackCube-v1,7,15,0.2727272727272727,537304d50d4598bf11e7aa328abfddf17dd3299f13eb1d2e1e0c0e91ff437071,1,0.003,object_pos_x+,0.003,0.003,0.0,0.0,1,1,,1,1,0.0,4.070150852203369,0.0,0.0,0.0,0.0020568487234413624,0.13218661365371936
StackCube-v1,7,15,0.2727272727272727,537304d50d4598bf11e7aa328abfddf17dd3299f13eb1d2e1e0c0e91ff437071,1,0.003,object_pos_x-,0.003,-0.003,0.0,0.0,1,1,,1,1,0.0,4.070150852203369,0.0,0.0,0.0,0.0020568487234413624,0.13218661365371936
StackCube-v1,7,15,0.2727272727272727,537304d50d4598bf11e7aa328abfddf17dd3299f13eb1d2e1e0c0e91ff437071,1,0.003,object_pos_y+,0.003,0.0,0.003,0.0,1,1,,1,1,0.0,4.070150852203369,0.0,0.0,0.0,0.0020568487234413624,0.13218661365371936
StackCube-v1,7,15,0.2727272727272727,537304d50d4598bf11e7aa328abfddf17dd3299f13eb1d2e1e0c0e91ff437071,1,0.003,object_pos_y-,0.003,0.0,-0.003,0.0,1,1,,1,1,0.0,4.070150852203369,0.0,0.0,0.0,0.0020568487234413624,0.13218661365371936
StackCube-v1,7,15,0.2727272727272727,537304d50d4598bf11e7aa328abfddf17dd3299f13eb1d2e1e0c0e91ff437071,1,0.003,eef_joint_1+,0.02,0.0,0.02,0.0,1,1,,1,1,0.0,4.070150852203369,0.0,0.0,0.0,0.0020568487234413624,0.13218661365371936
StackCube-v1,7,15,0.2727272727272727,537304d50d4598bf11e7aa328abfddf17dd3299f13eb1d2e1e0c0e91ff437071,1,0.003,eef_joint_1-,0.02,0.0,-0.02,0.0,1,1,,1,1,0.0,4.070150852203369,0.0,0.0,0.0,0.0020568487234413624,0.13218661365371936
StackCube-v1,7,15,0.2727272727272727,537304d50d4598bf11e7aa328abfddf17dd3299f13eb1d2e1e0c0e91ff437071,2,0.006,object_pos_x+,0.006,0.006,0.0,0.0,1,1,,1,1,0.33333333333333337,4.070150852203369,0.0,0.0,0.0,0.0020568487234413624,0.13218661365371936
StackCube-v1,7,15,0.2727272727272727,537304d50d4598bf11e7aa328abfddf17dd3299f13eb1d2e1e0c0e91ff437071,2,0.006,object_pos_x-,0.006,-0.006,0.0,0.0,1,1,,1,1,0.33333333333333337,4.070150852203369,0.0,0.0,0.0,0.0020568487234413624,0.13218661365371936
StackCube-v1,7,15,0.2727272727272727,537304d50d4598bf11e7aa328abfddf17dd3299f13eb1d2e1e0c0e91ff437071,2,0.006,object_pos_y+,0.006,0.0,0.006,0.0,1,1,,1,1,0.33333333333333337,4.070150852203369,0.0,0.0,0.0,0.0020568487234413624,0.13218661365371936
StackCube-v1,7,15,0.2727272727272727,537304d50d4598bf11e7aa328abfddf17dd3299f13eb1d2e1e0c0e91ff437071,2,0.006,object_pos_y-,0.006,0.0,-0.006,0.0,1,1,,1,1,0.33333333333333337,4.070150852203369,0.0,0.0,0.0,0.0020568487234413624,0.13218661365371936
StackCube-v1,7,15,0.2727272727272727,537304d50d4598bf11e7aa328abfddf17dd3299f13eb1d2e1e0c0e91ff437071,2,0.006,eef_joint_1+,0.04,0.0,0.04,0.0,0,1,,1,1,0.33333333333333337,4.070150852203369,0.0,0.0,0.0,0.0020568487234413624,0.13218661365371936
StackCube-v1,7,15,0.2727272727272727,537304d50d4598bf11e7aa328abfddf17dd3299f13eb1d2e1e0c0e91ff437071,2,0.006,eef_joint_1-,0.04,0.0,-0.04,0.0,0,1,,1,1,0.33333333333333337,4.070150852203369,0.0,0.0,0.0,0.0020568487234413624,0.13218661365371936
StackCube-v1,7,20,0.36363636363636365,d62ce45a8d0ef041990a0ff6536ab4bea73a6bbb32ccee564bc75bb1f36b16b0,0,0.0015,object_pos_x+,0.0015,0.0015,0.0,0.0,1,1,,1,1,0.0,4.070150852203369,0.0,0.0,0.0,0.0006501192692667246,0.13239257881430275
StackCube-v1,7,20,0.36363636363636365,d62ce45a8d0ef041990a0ff6536ab4bea73a6bbb32ccee564bc75bb1f36b16b0,0,0.0015,object_pos_x-,0.0015,-0.0015,0.0,0.0,1,1,,1,1,0.0,4.070150852203369,0.0,0.0,0.0,0.0006501192692667246,0.13239257881430275
StackCube-v1,7,20,0.36363636363636365,d62ce45a8d0ef041990a0ff6536ab4bea73a6bbb32ccee564bc75bb1f36b16b0,0,0.0015,object_pos_y+,0.0015,0.0,0.0015,0.0,1,1,,1,1,0.0,4.070150852203369,0.0,0.0,0.0,0.0006501192692667246,0.13239257881430275
StackCube-v1,7,20,0.36363636363636365,d62ce45a8d0ef041990a0ff6536ab4bea73a6bbb32ccee564bc75bb1f36b16b0,0,0.0015,object_pos_y-,0.0015,0.0,-0.0015,0.0,1,1,,1,1,0.0,4.070150852203369,0.0,0.0,0.0,0.0006501192692667246,0.13239257881430275
StackCube-v1,7,20,0.36363636363636365,d62ce45a8d0ef041990a0ff6536ab4bea73a6bbb32ccee564bc75bb1f36b16b0,0,0.0015,eef_joint_1+,0.01,0.0,0.01,0.0,1,1,,1,1,0.0,4.070150852203369,0.0,0.0,0.0,0.0006501192692667246,0.13239257881430275
StackCube-v1,7,20,0.36363636363636365,d62ce45a8d0ef041990a0ff6536ab4bea73a6bbb32ccee564bc75bb1f36b16b0,0,0.0015,eef_joint_1-,0.01,0.0,-0.01,0.0,1,1,,1,1,0.0,4.070150852203369,0.0,0.0,0.0,0.0006501192692667246,0.13239257881430275
StackCube-v1,7,20,0.36363636363636365,d62ce45a8d0ef041990a0ff6536ab4bea73a6bbb32ccee564bc75bb1f36b16b0,1,0.003,object_pos_x+,0.003,0.003,0.0,0.0,1,1,,1,1,0.33333333333333337,4.070150852203369,0.0,0.0,0.0,0.0006501192692667246,0.13239257881430275
StackCube-v1,7,20,0.36363636363636365,d62ce45a8d0ef041990a0ff6536ab4bea73a6bbb32ccee564bc75bb1f36b16b0,1,0.003,object_pos_x-,0.003,-0.003,0.0,0.0,1,1,,1,1,0.33333333333333337,4.070150852203369,0.0,0.0,0.0,0.0006501192692667246,0.13239257881430275
StackCube-v1,7,20,0.36363636363636365,d62ce45a8d0ef041990a0ff6536ab4bea73a6bbb32ccee564bc75bb1f36b16b0,1,0.003,object_pos_y+,0.003,0.0,0.003,0.0,1,1,,1,1,0.33333333333333337,4.070150852203369,0.0,0.0,0.0,0.0006501192692667246,0.13239257881430275
StackCube-v1,7,20,0.36363636363636365,d62ce45a8d0ef041990a0ff6536ab4bea73a6bbb32ccee564bc75bb1f36b16b0,1,0.003,object_pos_y-,0.003,0.0,-0.003,0.0,1,1,,1,1,0.33333333333333337,4.070150852203369,0.0,0.0,0.0,0.0006501192692667246,0.13239257881430275
StackCube-v1,7,20,0.36363636363636365,d62ce45a8d0ef041990a0ff6536ab4bea73a6bbb32ccee564bc75bb1f36b16b0,1,0.003,eef_joint_1+,0.02,0.0,0.02,0.0,0,1,,1,1,0.33333333333333337,4.070150852203369,0.0,0.0,0.0,0.0006501192692667246,0.13239257881430275
StackCube-v1,7,20,0.36363636363636365,d62ce45a8d0ef041990a0ff6536ab4bea73a6bbb32ccee564bc75bb1f36b16b0,1,0.003,eef_joint_1-,0.02,0.0,-0.02,0.0,0,1,,1,1,0.33333333333333337,4.070150852203369,0.0,0.0,0.0,0.0006501192692667246,0.13239257881430275
StackCube-v1,7,20,0.36363636363636365,d62ce45a8d0ef041990a0ff6536ab4bea73a6bbb32ccee564bc75bb1f36b16b0,2,0.006,object_pos_x+,0.006,0.006,0.0,0.0,1,1,,1,1,0.33333333333333337,4.070150852203369,0.0,0.0,0.0,0.0006501192692667246,0.13239257881430275
StackCube-v1,7,20,0.36363636363636365,d62ce45a8d0ef041990a0ff6536ab4bea73a6bbb32ccee564bc75bb1f36b16b0,2,0.006,object_pos_x-,0.006,-0.006,0.0,0.0,1,1,,1,1,0.33333333333333337,4.070150852203369,0.0,0.0,0.0,0.0006501192692667246,0.13239257881430275
StackCube-v1,7,20,0.36363636363636365,d62ce45a8d0ef041990a0ff6536ab4bea73a6bbb32ccee564bc75bb1f36b16b0,2,0.006,object_pos_y+,0.006,0.0,0.006,0.0,1,1,,1,1,0.33333333333333337,4.070150852203369,0.0,0.0,0.0,0.0006501192692667246,0.13239257881430275
StackCube-v1,7,20,0.36363636363636365,d62ce45a8d0ef041990a0ff6536ab4bea73a6bbb32ccee564bc75bb1f36b16b0,2,0.006,object_pos_y-,0.006,0.0,-0.006,0.0,1,1,,1,1,0.33333333333333337,4.070150852203369,0.0,0.0,0.0,0.0006501192692667246,0.13239257881430275
StackCube-v1,7,20,0.36363636363636365,d62ce45a8d0ef041990a0ff6536ab4bea73a6bbb32ccee564bc75bb1f36b16b0,2,0.006,eef_joint_1+,0.04,0.0,0.04,0.0,0,1,,1,1,0.33333333333333337,4.070150852203369,0.0,0.0,0.0,0.0006501192692667246,0.13239257881430275
StackCube-v1,7,20,0.36363636363636365,d62ce45a8d0ef041990a0ff6536ab4bea73a6bbb32ccee564bc75bb1f36b16b0,2,0.006,eef_joint_1-,0.04,0.0,-0.04,0.0,0,1,,1,1,0.33333333333333337,4.070150852203369,0.0,0.0,0.0,0.0006501192692667246,0.13239257881430275
StackCube-v1,7,25,0.45454545454545453,e55c51ef0163be35fbf5a6eef4b742011b257e21e0bb3efb9f3b937e0983a0bc,0,0.0015,object_pos_x+,0.0015,0.0015,0.0,0.0,1,1,,1,1,0.0,4.073245525360107,0.0,0.14000003039836884,0.0,0.000637105549685657,0.11975972785372221
StackCube-v1,7,25,0.45454545454545453,e55c51ef0163be35fbf5a6eef4b742011b257e21e0bb3efb9f3b937e0983a0bc,0,0.0015,object_pos_x-,0.0015,-0.0015,0.0,0.0,1,1,,1,1,0.0,4.073245525360107,0.0,0.14000003039836884,0.0,0.000637105549685657,0.11975972785372221
StackCube-v1,7,25,0.45454545454545453,e55c51ef0163be35fbf5a6eef4b742011b257e21e0bb3efb9f3b937e0983a0bc,0,0.0015,object_pos_y+,0.0015,0.0,0.0015,0.0,1,1,,1,1,0.0,4.073245525360107,0.0,0.14000003039836884,0.0,0.000637105549685657,0.11975972785372221
StackCube-v1,7,25,0.45454545454545453,e55c51ef0163be35fbf5a6eef4b742011b257e21e0bb3efb9f3b937e0983a0bc,0,0.0015,object_pos_y-,0.0015,0.0,-0.0015,0.0,1,1,,1,1,0.0,4.073245525360107,0.0,0.14000003039836884,0.0,0.000637105549685657,0.11975972785372221
StackCube-v1,7,25,0.45454545454545453,e55c51ef0163be35fbf5a6eef4b742011b257e21e0bb3efb9f3b937e0983a0bc,0,0.0015,eef_joint_1+,0.01,0.0,0.01,0.0,1,1,,1,1,0.0,4.073245525360107,0.0,0.14000003039836884,0.0,0.000637105549685657,0.11975972785372221
StackCube-v1,7,25,0.45454545454545453,e55c51ef0163be35fbf5a6eef4b742011b257e21e0bb3efb9f3b937e0983a0bc,0,0.0015,eef_joint_1-,0.01,0.0,-0.01,0.0,1,1,,1,1,0.0,4.073245525360107,0.0,0.14000003039836884,0.0,0.000637105549685657,0.11975972785372221
StackCube-v1,7,25,0.45454545454545453,e55c51ef0163be35fbf5a6eef4b742011b257e21e0bb3efb9f3b937e0983a0bc,1,0.003,object_pos_x+,0.003,0.003,0.0,0.0,1,1,,1,1,0.33333333333333337,4.073245525360107,0.0,0.14000003039836884,0.0,0.000637105549685657,0.11975972785372221
StackCube-v1,7,25,0.45454545454545453,e55c51ef0163be35fbf5a6eef4b742011b257e21e0bb3efb9f3b937e0983a0bc,1,0.003,object_pos_x-,0.003,-0.003,0.0,0.0,1,1,,1,1,0.33333333333333337,4.073245525360107,0.0,0.14000003039836884,0.0,0.000637105549685657,0.11975972785372221
StackCube-v1,7,25,0.45454545454545453,e55c51ef0163be35fbf5a6eef4b742011b257e21e0bb3efb9f3b937e0983a0bc,1,0.003,object_pos_y+,0.003,0.0,0.003,0.0,1,1,,1,1,0.33333333333333337,4.073245525360107,0.0,0.14000003039836884,0.0,0.000637105549685657,0.11975972785372221
StackCube-v1,7,25,0.45454545454545453,e55c51ef0163be35fbf5a6eef4b742011b257e21e0bb3efb9f3b937e0983a0bc,1,0.003,object_pos_y-,0.003,0.0,-0.003,0.0,1,1,,1,1,0.33333333333333337,4.073245525360107,0.0,0.14000003039836884,0.0,0.000637105549685657,0.11975972785372221
StackCube-v1,7,25,0.45454545454545453,e55c51ef0163be35fbf5a6eef4b742011b257e21e0bb3efb9f3b937e0983a0bc,1,0.003,eef_joint_1+,0.02,0.0,0.02,0.0,0,1,,1,1,0.33333333333333337,4.073245525360107,0.0,0.14000003039836884,0.0,0.000637105549685657,0.11975972785372221
StackCube-v1,7,25,0.45454545454545453,e55c51ef0163be35fbf5a6eef4b742011b257e21e0bb3efb9f3b937e0983a0bc,1,0.003,eef_joint_1-,0.02,0.0,-0.02,0.0,0,1,,1,1,0.33333333333333337,4.073245525360107,0.0,0.14000003039836884,0.0,0.000637105549685657,0.11975972785372221
StackCube-v1,7,25,0.45454545454545453,e55c51ef0163be35fbf5a6eef4b742011b257e21e0bb3efb9f3b937e0983a0bc,2,0.006,object_pos_x+,0.006,0.006,0.0,0.0,1,1,,1,1,0.33333333333333337,4.073245525360107,0.0,0.14000003039836884,0.0,0.000637105549685657,0.11975972785372221
StackCube-v1,7,25,0.45454545454545453,e55c51ef0163be35fbf5a6eef4b742011b257e21e0bb3efb9f3b937e0983a0bc,2,0.006,object_pos_x-,0.006,-0.006,0.0,0.0,1,1,,1,1,0.33333333333333337,4.073245525360107,0.0,0.14000003039836884,0.0,0.000637105549685657,0.11975972785372221
StackCube-v1,7,25,0.45454545454545453,e55c51ef0163be35fbf5a6eef4b742011b257e21e0bb3efb9f3b937e0983a0bc,2,0.006,object_pos_y+,0.006,0.0,0.006,0.0,1,1,,1,1,0.33333333333333337,4.073245525360107,0.0,0.14000003039836884,0.0,0.000637105549685657,0.11975972785372221
StackCube-v1,7,25,0.45454545454545453,e55c51ef0163be35fbf5a6eef4b742011b257e21e0bb3efb9f3b937e0983a0bc,2,0.006,object_pos_y-,0.006,0.0,-0.006,0.0,1,1,,1,1,0.33333333333333337,4.073245525360107,0.0,0.14000003039836884,0.0,0.000637105549685657,0.11975972785372221
StackCube-v1,7,25,0.45454545454545453,e55c51ef0163be35fbf5a6eef4b742011b257e21e0bb3efb9f3b937e0983a0bc,2,0.006,eef_joint_1+,0.04,0.0,0.04,0.0,0,1,,1,1,0.33333333333333337,4.073245525360107,0.0,0.14000003039836884,0.0,0.000637105549685657,0.11975972785372221
StackCube-v1,7,25,0.45454545454545453,e55c51ef0163be35fbf5a6eef4b742011b257e21e0bb3efb9f3b937e0983a0bc,2,0.006,eef_joint_1-,0.04,0.0,-0.04,0.0,0,1,,1,1,0.33333333333333337,4.073245525360107,0.0,0.14000003039836884,0.0,0.000637105549685657,0.11975972785372221
StackCube-v1,7,30,0.5454545454545454,bf067765f0c6cb1422bb643ba713f08d244a40ce3f991140c6156edc67a258ae,0,0.0015,object_pos_x+,0.0015,0.0015,0.0,0.0,1,1,,1,1,0.0,4.073245525360107,0.0,0.0,0.0,0.0006519526359625161,0.16468118736072998
StackCube-v1,7,30,0.5454545454545454,bf067765f0c6cb1422bb643ba713f08d244a40ce3f991140c6156edc67a258ae,0,0.0015,object_pos_x-,0.0015,-0.0015,0.0,0.0,1,1,,1,1,0.0,4.073245525360107,0.0,0.0,0.0,0.0006519526359625161,0.16468118736072998
StackCube-v1,7,30,0.5454545454545454,bf067765f0c6cb1422bb643ba713f08d244a40ce3f991140c6156edc67a258ae,0,0.0015,object_pos_y+,0.0015,0.0,0.0015,0.0,1,1,,1,1,0.0,4.073245525360107,0.0,0.0,0.0,0.0006519526359625161,0.16468118736072998
StackCube-v1,7,30,0.5454545454545454,bf067765f0c6cb1422bb643ba713f08d244a40ce3f991140c6156edc67a258ae,0,0.0015,object_pos_y-,0.0015,0.0,-0.0015,0.0,1,1,,1,1,0.0,4.073245525360107,0.0,0.0,0.0,0.0006519526359625161,0.16468118736072998
StackCube-v1,7,30,0.5454545454545454,bf067765f0c6cb1422bb643ba713f08d244a40ce3f991140c6156edc67a258ae,0,0.0015,eef_joint_1+,0.01,0.0,0.01,0.0,1,1,,1,1,0.0,4.073245525360107,0.0,0.0,0.0,0.0006519526359625161,0.16468118736072998
StackCube-v1,7,30,0.5454545454545454,bf067765f0c6cb1422bb643ba713f08d244a40ce3f991140c6156edc67a258ae,0,0.0015,eef_joint_1-,0.01,0.0,-0.01,0.0,1,1,,1,1,0.0,4.073245525360107,0.0,0.0,0.0,0.0006519526359625161,0.16468118736072998
StackCube-v1,7,30,0.5454545454545454,bf067765f0c6cb1422bb643ba713f08d244a40ce3f991140c6156edc67a258ae,1,0.003,object_pos_x+,0.003,0.003,0.0,0.0,1,1,,1,1,0.33333333333333337,4.073245525360107,0.0,0.0,0.0,0.0006519526359625161,0.16468118736072998
StackCube-v1,7,30,0.5454545454545454,bf067765f0c6cb1422bb643ba713f08d244a40ce3f991140c6156edc67a258ae,1,0.003,object_pos_x-,0.003,-0.003,0.0,0.0,1,1,,1,1,0.33333333333333337,4.073245525360107,0.0,0.0,0.0,0.0006519526359625161,0.16468118736072998
StackCube-v1,7,30,0.5454545454545454,bf067765f0c6cb1422bb643ba713f08d244a40ce3f991140c6156edc67a258ae,1,0.003,object_pos_y+,0.003,0.0,0.003,0.0,1,1,,1,1,0.33333333333333337,4.073245525360107,0.0,0.0,0.0,0.0006519526359625161,0.16468118736072998
StackCube-v1,7,30,0.5454545454545454,bf067765f0c6cb1422bb643ba713f08d244a40ce3f991140c6156edc67a258ae,1,0.003,object_pos_y-,0.003,0.0,-0.003,0.0,1,1,,1,1,0.33333333333333337,4.073245525360107,0.0,0.0,0.0,0.0006519526359625161,0.16468118736072998
StackCube-v1,7,30,0.5454545454545454,bf067765f0c6cb1422bb643ba713f08d244a40ce3f991140c6156edc67a258ae,1,0.003,eef_joint_1+,0.02,0.0,0.02,0.0,0,1,,1,1,0.33333333333333337,4.073245525360107,0.0,0.0,0.0,0.0006519526359625161,0.16468118736072998
StackCube-v1,7,30,0.5454545454545454,bf067765f0c6cb1422bb643ba713f08d244a40ce3f991140c6156edc67a258ae,1,0.003,eef_joint_1-,0.02,0.0,-0.02,0.0,0,1,,1,1,0.33333333333333337,4.073245525360107,0.0,0.0,0.0,0.0006519526359625161,0.16468118736072998
StackCube-v1,7,30,0.5454545454545454,bf067765f0c6cb1422bb643ba713f08d244a40ce3f991140c6156edc67a258ae,2,0.006,object_pos_x+,0.006,0.006,0.0,0.0,1,1,,1,1,0.33333333333333337,4.073245525360107,0.0,0.0,0.0,0.0006519526359625161,0.16468118736072998
StackCube-v1,7,30,0.5454545454545454,bf067765f0c6cb1422bb643ba713f08d244a40ce3f991140c6156edc67a258ae,2,0.006,object_pos_x-,0.006,-0.006,0.0,0.0,1,1,,1,1,0.33333333333333337,4.073245525360107,0.0,0.0,0.0,0.0006519526359625161,0.16468118736072998
StackCube-v1,7,30,0.5454545454545454,bf067765f0c6cb1422bb643ba713f08d244a40ce3f991140c6156edc67a258ae,2,0.006,object_pos_y+,0.006,0.0,0.006,0.0,1,1,,1,1,0.33333333333333337,4.073245525360107,0.0,0.0,0.0,0.0006519526359625161,0.16468118736072998
StackCube-v1,7,30,0.5454545454545454,bf067765f0c6cb1422bb643ba713f08d244a40ce3f991140c6156edc67a258ae,2,0.006,object_pos_y-,0.006,0.0,-0.006,0.0,1,1,,1,1,0.33333333333333337,4.073245525360107,0.0,0.0,0.0,0.0006519526359625161,0.16468118736072998
StackCube-v1,7,30,0.5454545454545454,bf067765f0c6cb1422bb643ba713f08d244a40ce3f991140c6156edc67a258ae,2,0.006,eef_joint_1+,0.04,0.0,0.04,0.0,0,1,,1,1,0.33333333333333337,4.073245525360107,0.0,0.0,0.0,0.0006519526359625161,0.16468118736072998
StackCube-v1,7,30,0.5454545454545454,bf067765f0c6cb1422bb643ba713f08d244a40ce3f991140c6156edc67a258ae,2,0.006,eef_joint_1-,0.04,0.0,-0.04,0.0,0,1,,1,1,0.33333333333333337,4.073245525360107,0.0,0.0,0.0,0.0006519526359625161,0.16468118736072998
StackCube-v1,7,35,0.6363636363636364,8473c1033dc4f96df9cb876e4a0ac3f80cca516ab23c664fc2bd0c70ad4ea76a,0,0.0015,object_pos_x+,0.0015,0.0015,0.0,0.0,1,1,,1,1,0.0,4.060690402984619,0.0,0.0,0.0,0.0006366914603859186,0.09062905994169013
StackCube-v1,7,35,0.6363636363636364,8473c1033dc4f96df9cb876e4a0ac3f80cca516ab23c664fc2bd0c70ad4ea76a,0,0.0015,object_pos_x-,0.0015,-0.0015,0.0,0.0,1,1,,1,1,0.0,4.060690402984619,0.0,0.0,0.0,0.0006366914603859186,0.09062905994169013
StackCube-v1,7,35,0.6363636363636364,8473c1033dc4f96df9cb876e4a0ac3f80cca516ab23c664fc2bd0c70ad4ea76a,0,0.0015,object_pos_y+,0.0015,0.0,0.0015,0.0,1,1,,1,1,0.0,4.060690402984619,0.0,0.0,0.0,0.0006366914603859186,0.09062905994169013
StackCube-v1,7,35,0.6363636363636364,8473c1033dc4f96df9cb876e4a0ac3f80cca516ab23c664fc2bd0c70ad4ea76a,0,0.0015,object_pos_y-,0.0015,0.0,-0.0015,0.0,1,1,,1,1,0.0,4.060690402984619,0.0,0.0,0.0,0.0006366914603859186,0.09062905994169013
StackCube-v1,7,35,0.6363636363636364,8473c1033dc4f96df9cb876e4a0ac3f80cca516ab23c664fc2bd0c70ad4ea76a,0,0.0015,eef_joint_1+,0.01,0.0,0.01,0.0,1,1,,1,1,0.0,4.060690402984619,0.0,0.0,0.0,0.0006366914603859186,0.09062905994169013
StackCube-v1,7,35,0.6363636363636364,8473c1033dc4f96df9cb876e4a0ac3f80cca516ab23c664fc2bd0c70ad4ea76a,0,0.0015,eef_joint_1-,0.01,0.0,-0.01,0.0,1,1,,1,1,0.0,4.060690402984619,0.0,0.0,0.0,0.0006366914603859186,0.09062905994169013
StackCube-v1,7,35,0.6363636363636364,8473c1033dc4f96df9cb876e4a0ac3f80cca516ab23c664fc2bd0c70ad4ea76a,1,0.003,object_pos_x+,0.003,0.003,0.0,0.0,1,1,,1,1,0.33333333333333337,4.060690402984619,0.0,0.0,0.0,0.0006366914603859186,0.09062905994169013
StackCube-v1,7,35,0.6363636363636364,8473c1033dc4f96df9cb876e4a0ac3f80cca516ab23c664fc2bd0c70ad4ea76a,1,0.003,object_pos_x-,0.003,-0.003,0.0,0.0,1,1,,1,1,0.33333333333333337,4.060690402984619,0.0,0.0,0.0,0.0006366914603859186,0.09062905994169013
StackCube-v1,7,35,0.6363636363636364,8473c1033dc4f96df9cb876e4a0ac3f80cca516ab23c664fc2bd0c70ad4ea76a,1,0.003,object_pos_y+,0.003,0.0,0.003,0.0,1,1,,1,1,0.33333333333333337,4.060690402984619,0.0,0.0,0.0,0.0006366914603859186,0.09062905994169013
StackCube-v1,7,35,0.6363636363636364,8473c1033dc4f96df9cb876e4a0ac3f80cca516ab23c664fc2bd0c70ad4ea76a,1,0.003,object_pos_y-,0.003,0.0,-0.003,0.0,1,1,,1,1,0.33333333333333337,4.060690402984619,0.0,0.0,0.0,0.0006366914603859186,0.09062905994169013
StackCube-v1,7,35,0.6363636363636364,8473c1033dc4f96df9cb876e4a0ac3f80cca516ab23c664fc2bd0c70ad4ea76a,1,0.003,eef_joint_1+,0.02,0.0,0.02,0.0,0,1,,1,1,0.33333333333333337,4.060690402984619,0.0,0.0,0.0,0.0006366914603859186,0.09062905994169013
StackCube-v1,7,35,0.6363636363636364,8473c1033dc4f96df9cb876e4a0ac3f80cca516ab23c664fc2bd0c70ad4ea76a,1,0.003,eef_joint_1-,0.02,0.0,-0.02,0.0,0,1,,1,1,0.33333333333333337,4.060690402984619,0.0,0.0,0.0,0.0006366914603859186,0.09062905994169013
StackCube-v1,7,35,0.6363636363636364,8473c1033dc4f96df9cb876e4a0ac3f80cca516ab23c664fc2bd0c70ad4ea76a,2,0.006,object_pos_x+,0.006,0.006,0.0,0.0,1,1,,1,1,0.33333333333333337,4.060690402984619,0.0,0.0,0.0,0.0006366914603859186,0.09062905994169013
StackCube-v1,7,35,0.6363636363636364,8473c1033dc4f96df9cb876e4a0ac3f80cca516ab23c664fc2bd0c70ad4ea76a,2,0.006,object_pos_x-,0.006,-0.006,0.0,0.0,1,1,,1,1,0.33333333333333337,4.060690402984619,0.0,0.0,0.0,0.0006366914603859186,0.09062905994169013
StackCube-v1,7,35,0.6363636363636364,8473c1033dc4f96df9cb876e4a0ac3f80cca516ab23c664fc2bd0c70ad4ea76a,2,0.006,object_pos_y+,0.006,0.0,0.006,0.0,1,1,,1,1,0.33333333333333337,4.060690402984619,0.0,0.0,0.0,0.0006366914603859186,0.09062905994169013
StackCube-v1,7,35,0.6363636363636364,8473c1033dc4f96df9cb876e4a0ac3f80cca516ab23c664fc2bd0c70ad4ea76a,2,0.006,object_pos_y-,0.006,0.0,-0.006,0.0,1,1,,1,1,0.33333333333333337,4.060690402984619,0.0,0.0,0.0,0.0006366914603859186,0.09062905994169013
StackCube-v1,7,35,0.6363636363636364,8473c1033dc4f96df9cb876e4a0ac3f80cca516ab23c664fc2bd0c70ad4ea76a,2,0.006,eef_joint_1+,0.04,0.0,0.04,0.0,0,1,,1,1,0.33333333333333337,4.060690402984619,0.0,0.0,0.0,0.0006366914603859186,0.09062905994169013
StackCube-v1,7,35,0.6363636363636364,8473c1033dc4f96df9cb876e4a0ac3f80cca516ab23c664fc2bd0c70ad4ea76a,2,0.006,eef_joint_1-,0.04,0.0,-0.04,0.0,0,1,,1,1,0.33333333333333337,4.060690402984619,0.0,0.0,0.0,0.0006366914603859186,0.09062905994169013
StackCube-v1,7,40,0.7272727272727273,ccf18cc24a2934b8a6dc0604785b7127d39b4dded01f39a66b56f0996850f063,0,0.0015,object_pos_x+,0.0015,0.0015,0.0,0.0,1,1,,1,1,0.0,4.058719635009766,0.08000001311302185,0.08000001311302185,0.0,0.0006543201161548495,0.07973274095806338
StackCube-v1,7,40,0.7272727272727273,ccf18cc24a2934b8a6dc0604785b7127d39b4dded01f39a66b56f0996850f063,0,0.0015,object_pos_x-,0.0015,-0.0015,0.0,0.0,1,1,,1,1,0.0,4.058719635009766,0.08000001311302185,0.08000001311302185,0.0,0.0006543201161548495,0.07973274095806338
StackCube-v1,7,40,0.7272727272727273,ccf18cc24a2934b8a6dc0604785b7127d39b4dded01f39a66b56f0996850f063,0,0.0015,object_pos_y+,0.0015,0.0,0.0015,0.0,1,1,,1,1,0.0,4.058719635009766,0.08000001311302185,0.08000001311302185,0.0,0.0006543201161548495,0.07973274095806338
StackCube-v1,7,40,0.7272727272727273,ccf18cc24a2934b8a6dc0604785b7127d39b4dded01f39a66b56f0996850f063,0,0.0015,object_pos_y-,0.0015,0.0,-0.0015,0.0,1,1,,1,1,0.0,4.058719635009766,0.08000001311302185,0.08000001311302185,0.0,0.0006543201161548495,0.07973274095806338
StackCube-v1,7,40,0.7272727272727273,ccf18cc24a2934b8a6dc0604785b7127d39b4dded01f39a66b56f0996850f063,0,0.0015,eef_joint_1+,0.01,0.0,0.01,0.0,1,1,,1,1,0.0,4.058719635009766,0.08000001311302185,0.08000001311302185,0.0,0.0006543201161548495,0.07973274095806338
StackCube-v1,7,40,0.7272727272727273,ccf18cc24a2934b8a6dc0604785b7127d39b4dded01f39a66b56f0996850f063,0,0.0015,eef_joint_1-,0.01,0.0,-0.01,0.0,1,1,,1,1,0.0,4.058719635009766,0.08000001311302185,0.08000001311302185,0.0,0.0006543201161548495,0.07973274095806338
StackCube-v1,7,40,0.7272727272727273,ccf18cc24a2934b8a6dc0604785b7127d39b4dded01f39a66b56f0996850f063,1,0.003,object_pos_x+,0.003,0.003,0.0,0.0,1,1,,1,1,0.16666666666666663,4.058719635009766,0.08000001311302185,0.08000001311302185,0.0,0.0006543201161548495,0.07973274095806338
StackCube-v1,7,40,0.7272727272727273,ccf18cc24a2934b8a6dc0604785b7127d39b4dded01f39a66b56f0996850f063,1,0.003,object_pos_x-,0.003,-0.003,0.0,0.0,1,1,,1,1,0.16666666666666663,4.058719635009766,0.08000001311302185,0.08000001311302185,0.0,0.0006543201161548495,0.07973274095806338
StackCube-v1,7,40,0.7272727272727273,ccf18cc24a2934b8a6dc0604785b7127d39b4dded01f39a66b56f0996850f063,1,0.003,object_pos_y+,0.003,0.0,0.003,0.0,1,1,,1,1,0.16666666666666663,4.058719635009766,0.08000001311302185,0.08000001311302185,0.0,0.0006543201161548495,0.07973274095806338
StackCube-v1,7,40,0.7272727272727273,ccf18cc24a2934b8a6dc0604785b7127d39b4dded01f39a66b56f0996850f063,1,0.003,object_pos_y-,0.003,0.0,-0.003,0.0,1,1,,1,1,0.16666666666666663,4.058719635009766,0.08000001311302185,0.08000001311302185,0.0,0.0006543201161548495,0.07973274095806338
StackCube-v1,7,40,0.7272727272727273,ccf18cc24a2934b8a6dc0604785b7127d39b4dded01f39a66b56f0996850f063,1,0.003,eef_joint_1+,0.02,0.0,0.02,0.0,0,1,,1,1,0.16666666666666663,4.058719635009766,0.08000001311302185,0.08000001311302185,0.0,0.0006543201161548495,0.07973274095806338
StackCube-v1,7,40,0.7272727272727273,ccf18cc24a2934b8a6dc0604785b7127d39b4dded01f39a66b56f0996850f063,1,0.003,eef_joint_1-,0.02,0.0,-0.02,0.0,1,1,,1,1,0.16666666666666663,4.058719635009766,0.08000001311302185,0.08000001311302185,0.0,0.0006543201161548495,0.07973274095806338
StackCube-v1,7,40,0.7272727272727273,ccf18cc24a2934b8a6dc0604785b7127d39b4dded01f39a66b56f0996850f063,2,0.006,object_pos_x+,0.006,0.006,0.0,0.0,1,1,,1,1,0.16666666666666663,4.058719635009766,0.08000001311302185,0.08000001311302185,0.0,0.0006543201161548495,0.07973274095806338
StackCube-v1,7,40,0.7272727272727273,ccf18cc24a2934b8a6dc0604785b7127d39b4dded01f39a66b56f0996850f063,2,0.006,object_pos_x-,0.006,-0.006,0.0,0.0,1,1,,1,1,0.16666666666666663,4.058719635009766,0.08000001311302185,0.08000001311302185,0.0,0.0006543201161548495,0.07973274095806338
StackCube-v1,7,40,0.7272727272727273,ccf18cc24a2934b8a6dc0604785b7127d39b4dded01f39a66b56f0996850f063,2,0.006,object_pos_y+,0.006,0.0,0.006,0.0,1,1,,1,1,0.16666666666666663,4.058719635009766,0.08000001311302185,0.08000001311302185,0.0,0.0006543201161548495,0.07973274095806338
StackCube-v1,7,40,0.7272727272727273,ccf18cc24a2934b8a6dc0604785b7127d39b4dded01f39a66b56f0996850f063,2,0.006,object_pos_y-,0.006,0.0,-0.006,0.0,1,1,,1,1,0.16666666666666663,4.058719635009766,0.08000001311302185,0.08000001311302185,0.0,0.0006543201161548495,0.07973274095806338
StackCube-v1,7,40,0.7272727272727273,ccf18cc24a2934b8a6dc0604785b7127d39b4dded01f39a66b56f0996850f063,2,0.006,eef_joint_1+,0.04,0.0,0.04,0.0,1,1,,1,1,0.16666666666666663,4.058719635009766,0.08000001311302185,0.08000001311302185,0.0,0.0006543201161548495,0.07973274095806338
StackCube-v1,7,40,0.7272727272727273,ccf18cc24a2934b8a6dc0604785b7127d39b4dded01f39a66b56f0996850f063,2,0.006,eef_joint_1-,0.04,0.0,-0.04,0.0,0,1,,1,1,0.16666666666666663,4.058719635009766,0.08000001311302185,0.08000001311302185,0.0,0.0006543201161548495,0.07973274095806338
StackCube-v1,7,45,0.8181818181818182,f98ed8ef92a24d2f26a46e42a9ce3c82747c391d94641fb7f0cd0d7ec45e660c,0,0.0015,object_pos_x+,0.0015,0.0015,0.0,0.0,1,1,,1,1,0.0,4.058719635009766,0.0,0.0,0.0,0.0006524187629111111,0.003782967414685421
StackCube-v1,7,45,0.8181818181818182,f98ed8ef92a24d2f26a46e42a9ce3c82747c391d94641fb7f0cd0d7ec45e660c,0,0.0015,object_pos_x-,0.0015,-0.0015,0.0,0.0,1,1,,1,1,0.0,4.058719635009766,0.0,0.0,0.0,0.0006524187629111111,0.003782967414685421
StackCube-v1,7,45,0.8181818181818182,f98ed8ef92a24d2f26a46e42a9ce3c82747c391d94641fb7f0cd0d7ec45e660c,0,0.0015,object_pos_y+,0.0015,0.0,0.0015,0.0,1,1,,1,1,0.0,4.058719635009766,0.0,0.0,0.0,0.0006524187629111111,0.003782967414685421
StackCube-v1,7,45,0.8181818181818182,f98ed8ef92a24d2f26a46e42a9ce3c82747c391d94641fb7f0cd0d7ec45e660c,0,0.0015,object_pos_y-,0.0015,0.0,-0.0015,0.0,1,1,,1,1,0.0,4.058719635009766,0.0,0.0,0.0,0.0006524187629111111,0.003782967414685421
StackCube-v1,7,45,0.8181818181818182,f98ed8ef92a24d2f26a46e42a9ce3c82747c391d94641fb7f0cd0d7ec45e660c,0,0.0015,eef_joint_1+,0.01,0.0,0.01,0.0,1,1,,1,1,0.0,4.058719635009766,0.0,0.0,0.0,0.0006524187629111111,0.003782967414685421
StackCube-v1,7,45,0.8181818181818182,f98ed8ef92a24d2f26a46e42a9ce3c82747c391d94641fb7f0cd0d7ec45e660c,0,0.0015,eef_joint_1-,0.01,0.0,-0.01,0.0,1,1,,1,1,0.0,4.058719635009766,0.0,0.0,0.0,0.0006524187629111111,0.003782967414685421
StackCube-v1,7,45,0.8181818181818182,f98ed8ef92a24d2f26a46e42a9ce3c82747c391d94641fb7f0cd0d7ec45e660c,1,0.003,object_pos_x+,0.003,0.003,0.0,0.0,1,1,,1,1,0.33333333333333337,4.058719635009766,0.0,0.0,0.0,0.0006524187629111111,0.003782967414685421
StackCube-v1,7,45,0.8181818181818182,f98ed8ef92a24d2f26a46e42a9ce3c82747c391d94641fb7f0cd0d7ec45e660c,1,0.003,object_pos_x-,0.003,-0.003,0.0,0.0,1,1,,1,1,0.33333333333333337,4.058719635009766,0.0,0.0,0.0,0.0006524187629111111,0.003782967414685421
StackCube-v1,7,45,0.8181818181818182,f98ed8ef92a24d2f26a46e42a9ce3c82747c391d94641fb7f0cd0d7ec45e660c,1,0.003,object_pos_y+,0.003,0.0,0.003,0.0,1,1,,1,1,0.33333333333333337,4.058719635009766,0.0,0.0,0.0,0.0006524187629111111,0.003782967414685421
StackCube-v1,7,45,0.8181818181818182,f98ed8ef92a24d2f26a46e42a9ce3c82747c391d94641fb7f0cd0d7ec45e660c,1,0.003,object_pos_y-,0.003,0.0,-0.003,0.0,1,1,,1,1,0.33333333333333337,4.058719635009766,0.0,0.0,0.0,0.0006524187629111111,0.003782967414685421
StackCube-v1,7,45,0.8181818181818182,f98ed8ef92a24d2f26a46e42a9ce3c82747c391d94641fb7f0cd0d7ec45e660c,1,0.003,eef_joint_1+,0.02,0.0,0.02,0.0,0,1,,1,1,0.33333333333333337,4.058719635009766,0.0,0.0,0.0,0.0006524187629111111,0.003782967414685421
StackCube-v1,7,45,0.8181818181818182,f98ed8ef92a24d2f26a46e42a9ce3c82747c391d94641fb7f0cd0d7ec45e660c,1,0.003,eef_joint_1-,0.02,0.0,-0.02,0.0,0,1,,1,1,0.33333333333333337,4.058719635009766,0.0,0.0,0.0,0.0006524187629111111,0.003782967414685421
StackCube-v1,7,45,0.8181818181818182,f98ed8ef92a24d2f26a46e42a9ce3c82747c391d94641fb7f0cd0d7ec45e660c,2,0.006,object_pos_x+,0.006,0.006,0.0,0.0,1,1,,1,1,0.0,4.058719635009766,0.0,0.0,0.0,0.0006524187629111111,0.003782967414685421
StackCube-v1,7,45,0.8181818181818182,f98ed8ef92a24d2f26a46e42a9ce3c82747c391d94641fb7f0cd0d7ec45e660c,2,0.006,object_pos_x-,0.006,-0.006,0.0,0.0,1,1,,1,1,0.0,4.058719635009766,0.0,0.0,0.0,0.0006524187629111111,0.003782967414685421
StackCube-v1,7,45,0.8181818181818182,f98ed8ef92a24d2f26a46e42a9ce3c82747c391d94641fb7f0cd0d7ec45e660c,2,0.006,object_pos_y+,0.006,0.0,0.006,0.0,1,1,,1,1,0.0,4.058719635009766,0.0,0.0,0.0,0.0006524187629111111,0.003782967414685421
StackCube-v1,7,45,0.8181818181818182,f98ed8ef92a24d2f26a46e42a9ce3c82747c391d94641fb7f0cd0d7ec45e660c,2,0.006,object_pos_y-,0.006,0.0,-0.006,0.0,1,1,,1,1,0.0,4.058719635009766,0.0,0.0,0.0,0.0006524187629111111,0.003782967414685421
StackCube-v1,7,45,0.8181818181818182,f98ed8ef92a24d2f26a46e42a9ce3c82747c391d94641fb7f0cd0d7ec45e660c,2,0.006,eef_joint_1+,0.04,0.0,0.04,0.0,1,1,,1,1,0.0,4.058719635009766,0.0,0.0,0.0,0.0006524187629111111,0.003782967414685421
StackCube-v1,7,45,0.8181818181818182,f98ed8ef92a24d2f26a46e42a9ce3c82747c391d94641fb7f0cd0d7ec45e660c,2,0.006,eef_joint_1-,0.04,0.0,-0.04,0.0,1,1,,1,1,0.0,4.058719635009766,0.0,0.0,0.0,0.0006524187629111111,0.003782967414685421
StackCube-v1,7,50,0.9090909090909091,4fb5133461e20c7615034f2773a41660e61083397bcf77bc2e04d95a9fcce4f8,0,0.0015,object_pos_x+,0.0015,0.0015,0.0,0.0,1,1,,1,1,0.0,4.058719635009766,0.0,0.0,0.0,0.00033694200101308525,0.0006813583314312703
StackCube-v1,7,50,0.9090909090909091,4fb5133461e20c7615034f2773a41660e61083397bcf77bc2e04d95a9fcce4f8,0,0.0015,object_pos_x-,0.0015,-0.0015,0.0,0.0,1,1,,1,1,0.0,4.058719635009766,0.0,0.0,0.0,0.00033694200101308525,0.0006813583314312703
StackCube-v1,7,50,0.9090909090909091,4fb5133461e20c7615034f2773a41660e61083397bcf77bc2e04d95a9fcce4f8,0,0.0015,object_pos_y+,0.0015,0.0,0.0015,0.0,1,1,,1,1,0.0,4.058719635009766,0.0,0.0,0.0,0.00033694200101308525,0.0006813583314312703
StackCube-v1,7,50,0.9090909090909091,4fb5133461e20c7615034f2773a41660e61083397bcf77bc2e04d95a9fcce4f8,0,0.0015,object_pos_y-,0.0015,0.0,-0.0015,0.0,1,1,,1,1,0.0,4.058719635009766,0.0,0.0,0.0,0.00033694200101308525,0.0006813583314312703
StackCube-v1,7,50,0.9090909090909091,4fb5133461e20c7615034f2773a41660e61083397bcf77bc2e04d95a9fcce4f8,0,0.0015,eef_joint_1+,0.01,0.0,0.01,0.0,1,1,,1,1,0.0,4.058719635009766,0.0,0.0,0.0,0.00033694200101308525,0.0006813583314312703
StackCube-v1,7,50,0.9090909090909091,4fb5133461e20c7615034f2773a41660e61083397bcf77bc2e04d95a9fcce4f8,0,0.0015,eef_joint_1-,0.01,0.0,-0.01,0.0,1,1,,1,1,0.0,4.058719635009766,0.0,0.0,0.0,0.00033694200101308525,0.0006813583314312703
StackCube-v1,7,50,0.9090909090909091,4fb5133461e20c7615034f2773a41660e61083397bcf77bc2e04d95a9fcce4f8,1,0.003,object_pos_x+,0.003,0.003,0.0,0.0,1,1,,1,1,0.0,4.058719635009766,0.0,0.0,0.0,0.00033694200101308525,0.0006813583314312703
StackCube-v1,7,50,0.9090909090909091,4fb5133461e20c7615034f2773a41660e61083397bcf77bc2e04d95a9fcce4f8,1,0.003,object_pos_x-,0.003,-0.003,0.0,0.0,1,1,,1,1,0.0,4.058719635009766,0.0,0.0,0.0,0.00033694200101308525,0.0006813583314312703
StackCube-v1,7,50,0.9090909090909091,4fb5133461e20c7615034f2773a41660e61083397bcf77bc2e04d95a9fcce4f8,1,0.003,object_pos_y+,0.003,0.0,0.003,0.0,1,1,,1,1,0.0,4.058719635009766,0.0,0.0,0.0,0.00033694200101308525,0.0006813583314312703
StackCube-v1,7,50,0.9090909090909091,4fb5133461e20c7615034f2773a41660e61083397bcf77bc2e04d95a9fcce4f8,1,0.003,object_pos_y-,0.003,0.0,-0.003,0.0,1,1,,1,1,0.0,4.058719635009766,0.0,0.0,0.0,0.00033694200101308525,0.0006813583314312703
StackCube-v1,7,50,0.9090909090909091,4fb5133461e20c7615034f2773a41660e61083397bcf77bc2e04d95a9fcce4f8,1,0.003,eef_joint_1+,0.02,0.0,0.02,0.0,1,1,,1,1,0.0,4.058719635009766,0.0,0.0,0.0,0.00033694200101308525,0.0006813583314312703
StackCube-v1,7,50,0.9090909090909091,4fb5133461e20c7615034f2773a41660e61083397bcf77bc2e04d95a9fcce4f8,1,0.003,eef_joint_1-,0.02,0.0,-0.02,0.0,1,1,,1,1,0.0,4.058719635009766,0.0,0.0,0.0,0.00033694200101308525,0.0006813583314312703
StackCube-v1,7,50,0.9090909090909091,4fb5133461e20c7615034f2773a41660e61083397bcf77bc2e04d95a9fcce4f8,2,0.006,object_pos_x+,0.006,0.006,0.0,0.0,1,1,,1,1,0.0,4.058719635009766,0.0,0.0,0.0,0.00033694200101308525,0.0006813583314312703
StackCube-v1,7,50,0.9090909090909091,4fb5133461e20c7615034f2773a41660e61083397bcf77bc2e04d95a9fcce4f8,2,0.006,object_pos_x-,0.006,-0.006,0.0,0.0,1,1,,1,1,0.0,4.058719635009766,0.0,0.0,0.0,0.00033694200101308525,0.0006813583314312703
StackCube-v1,7,50,0.9090909090909091,4fb5133461e20c7615034f2773a41660e61083397bcf77bc2e04d95a9fcce4f8,2,0.006,object_pos_y+,0.006,0.0,0.006,0.0,1,1,,1,1,0.0,4.058719635009766,0.0,0.0,0.0,0.00033694200101308525,0.0006813583314312703
StackCube-v1,7,50,0.9090909090909091,4fb5133461e20c7615034f2773a41660e61083397bcf77bc2e04d95a9fcce4f8,2,0.006,object_pos_y-,0.006,0.0,-0.006,0.0,1,1,,1,1,0.0,4.058719635009766,0.0,0.0,0.0,0.00033694200101308525,0.0006813583314312703
StackCube-v1,7,50,0.9090909090909091,4fb5133461e20c7615034f2773a41660e61083397bcf77bc2e04d95a9fcce4f8,2,0.006,eef_joint_1+,0.04,0.0,0.04,0.0,1,1,,1,1,0.0,4.058719635009766,0.0,0.0,0.0,0.00033694200101308525,0.0006813583314312703
StackCube-v1,7,50,0.9090909090909091,4fb5133461e20c7615034f2773a41660e61083397bcf77bc2e04d95a9fcce4f8,2,0.006,eef_joint_1-,0.04,0.0,-0.04,0.0,1,1,,1,1,0.0,4.058719635009766,0.0,0.0,0.0,0.00033694200101308525,0.0006813583314312703
StackCube-v1,7,55,1.0,7d1181142e49ef375e7de9c742bfd46e9bd7c0225f337fd005175398ef244fe3,0,0.0015,object_pos_x+,0.0015,0.0015,0.0,0.0,1,1,,1,1,0.0,4.058719635009766,0.0,0.0,0.0,0.0006525613716803491,0.0006855673981485542
StackCube-v1,7,55,1.0,7d1181142e49ef375e7de9c742bfd46e9bd7c0225f337fd005175398ef244fe3,0,0.0015,object_pos_x-,0.0015,-0.0015,0.0,0.0,1,1,,1,1,0.0,4.058719635009766,0.0,0.0,0.0,0.0006525613716803491,0.0006855673981485542
StackCube-v1,7,55,1.0,7d1181142e49ef375e7de9c742bfd46e9bd7c0225f337fd005175398ef244fe3,0,0.0015,object_pos_y+,0.0015,0.0,0.0015,0.0,1,1,,1,1,0.0,4.058719635009766,0.0,0.0,0.0,0.0006525613716803491,0.0006855673981485542
StackCube-v1,7,55,1.0,7d1181142e49ef375e7de9c742bfd46e9bd7c0225f337fd005175398ef244fe3,0,0.0015,object_pos_y-,0.0015,0.0,-0.0015,0.0,1,1,,1,1,0.0,4.058719635009766,0.0,0.0,0.0,0.0006525613716803491,0.0006855673981485542
StackCube-v1,7,55,1.0,7d1181142e49ef375e7de9c742bfd46e9bd7c0225f337fd005175398ef244fe3,0,0.0015,eef_joint_1+,0.01,0.0,0.01,0.0,1,1,,1,1,0.0,4.058719635009766,0.0,0.0,0.0,0.0006525613716803491,0.0006855673981485542
StackCube-v1,7,55,1.0,7d1181142e49ef375e7de9c742bfd46e9bd7c0225f337fd005175398ef244fe3,0,0.0015,eef_joint_1-,0.01,0.0,-0.01,0.0,1,1,,1,1,0.0,4.058719635009766,0.0,0.0,0.0,0.0006525613716803491,0.0006855673981485542
StackCube-v1,7,55,1.0,7d1181142e49ef375e7de9c742bfd46e9bd7c0225f337fd005175398ef244fe3,1,0.003,object_pos_x+,0.003,0.003,0.0,0.0,1,1,,1,1,0.0,4.058719635009766,0.0,0.0,0.0,0.0006525613716803491,0.0006855673981485542
StackCube-v1,7,55,1.0,7d1181142e49ef375e7de9c742bfd46e9bd7c0225f337fd005175398ef244fe3,1,0.003,object_pos_x-,0.003,-0.003,0.0,0.0,1,1,,1,1,0.0,4.058719635009766,0.0,0.0,0.0,0.0006525613716803491,0.0006855673981485542
StackCube-v1,7,55,1.0,7d1181142e49ef375e7de9c742bfd46e9bd7c0225f337fd005175398ef244fe3,1,0.003,object_pos_y+,0.003,0.0,0.003,0.0,1,1,,1,1,0.0,4.058719635009766,0.0,0.0,0.0,0.0006525613716803491,0.0006855673981485542
StackCube-v1,7,55,1.0,7d1181142e49ef375e7de9c742bfd46e9bd7c0225f337fd005175398ef244fe3,1,0.003,object_pos_y-,0.003,0.0,-0.003,0.0,1,1,,1,1,0.0,4.058719635009766,0.0,0.0,0.0,0.0006525613716803491,0.0006855673981485542
StackCube-v1,7,55,1.0,7d1181142e49ef375e7de9c742bfd46e9bd7c0225f337fd005175398ef244fe3,1,0.003,eef_joint_1+,0.02,0.0,0.02,0.0,1,1,,1,1,0.0,4.058719635009766,0.0,0.0,0.0,0.0006525613716803491,0.0006855673981485542
StackCube-v1,7,55,1.0,7d1181142e49ef375e7de9c742bfd46e9bd7c0225f337fd005175398ef244fe3,1,0.003,eef_joint_1-,0.02,0.0,-0.02,0.0,1,1,,1,1,0.0,4.058719635009766,0.0,0.0,0.0,0.0006525613716803491,0.0006855673981485542
StackCube-v1,7,55,1.0,7d1181142e49ef375e7de9c742bfd46e9bd7c0225f337fd005175398ef244fe3,2,0.006,object_pos_x+,0.006,0.006,0.0,0.0,1,1,,1,1,0.0,4.058719635009766,0.0,0.0,0.0,0.0006525613716803491,0.0006855673981485542
StackCube-v1,7,55,1.0,7d1181142e49ef375e7de9c742bfd46e9bd7c0225f337fd005175398ef244fe3,2,0.006,object_pos_x-,0.006,-0.006,0.0,0.0,1,1,,1,1,0.0,4.058719635009766,0.0,0.0,0.0,0.0006525613716803491,0.0006855673981485542
StackCube-v1,7,55,1.0,7d1181142e49ef375e7de9c742bfd46e9bd7c0225f337fd005175398ef244fe3,2,0.006,object_pos_y+,0.006,0.0,0.006,0.0,1,1,,1,1,0.0,4.058719635009766,0.0,0.0,0.0,0.0006525613716803491,0.0006855673981485542
StackCube-v1,7,55,1.0,7d1181142e49ef375e7de9c742bfd46e9bd7c0225f337fd005175398ef244fe3,2,0.006,object_pos_y-,0.006,0.0,-0.006,0.0,1,1,,1,1,0.0,4.058719635009766,0.0,0.0,0.0,0.0006525613716803491,0.0006855673981485542
StackCube-v1,7,55,1.0,7d1181142e49ef375e7de9c742bfd46e9bd7c0225f337fd005175398ef244fe3,2,0.006,eef_joint_1+,0.04,0.0,0.04,0.0,1,1,,1,1,0.0,4.058719635009766,0.0,0.0,0.0,0.0006525613716803491,0.0006855673981485542
StackCube-v1,7,55,1.0,7d1181142e49ef375e7de9c742bfd46e9bd7c0225f337fd005175398ef244fe3,2,0.006,eef_joint_1-,0.04,0.0,-0.04,0.0,1,1,,1,1,0.0,4.058719635009766,0.0,0.0,0.0,0.0006525613716803491,0.0006855673981485542
StackCube-v1,8,0,0.0,b02d2c178249c0d7b80bc663587bb7055d60efbe2711129dccb3ba9c1019c118,0,0.0015,object_pos_x+,0.0015,0.0015,0.0,0.0,1,1,,1,1,0.0,3.957371950149536,3.957371950149536,3.957371950149536,1.0,0.17377613484859467,0.1686478826944869
StackCube-v1,8,0,0.0,b02d2c178249c0d7b80bc663587bb7055d60efbe2711129dccb3ba9c1019c118,0,0.0015,object_pos_x-,0.0015,-0.0015,0.0,0.0,1,1,,1,1,0.0,3.957371950149536,3.957371950149536,3.957371950149536,1.0,0.17377613484859467,0.1686478826944869
StackCube-v1,8,0,0.0,b02d2c178249c0d7b80bc663587bb7055d60efbe2711129dccb3ba9c1019c118,0,0.0015,object_pos_y+,0.0015,0.0,0.0015,0.0,1,1,,1,1,0.0,3.957371950149536,3.957371950149536,3.957371950149536,1.0,0.17377613484859467,0.1686478826944869
StackCube-v1,8,0,0.0,b02d2c178249c0d7b80bc663587bb7055d60efbe2711129dccb3ba9c1019c118,0,0.0015,object_pos_y-,0.0015,0.0,-0.0015,0.0,1,1,,1,1,0.0,3.957371950149536,3.957371950149536,3.957371950149536,1.0,0.17377613484859467,0.1686478826944869
StackCube-v1,8,0,0.0,b02d2c178249c0d7b80bc663587bb7055d60efbe2711129dccb3ba9c1019c118,0,0.0015,eef_joint_1+,0.01,0.0,0.01,0.0,1,1,,1,1,0.0,3.957371950149536,3.957371950149536,3.957371950149536,1.0,0.17377613484859467,0.1686478826944869
StackCube-v1,8,0,0.0,b02d2c178249c0d7b80bc663587bb7055d60efbe2711129dccb3ba9c1019c118,0,0.0015,eef_joint_1-,0.01,0.0,-0.01,0.0,1,1,,1,1,0.0,3.957371950149536,3.957371950149536,3.957371950149536,1.0,0.17377613484859467,0.1686478826944869
StackCube-v1,8,0,0.0,b02d2c178249c0d7b80bc663587bb7055d60efbe2711129dccb3ba9c1019c118,1,0.003,object_pos_x+,0.003,0.003,0.0,0.0,1,1,,1,1,0.0,3.957371950149536,3.957371950149536,3.957371950149536,1.0,0.17377613484859467,0.1686478826944869
StackCube-v1,8,0,0.0,b02d2c178249c0d7b80bc663587bb7055d60efbe2711129dccb3ba9c1019c118,1,0.003,object_pos_x-,0.003,-0.003,0.0,0.0,1,1,,1,1,0.0,3.957371950149536,3.957371950149536,3.957371950149536,1.0,0.17377613484859467,0.1686478826944869
StackCube-v1,8,0,0.0,b02d2c178249c0d7b80bc663587bb7055d60efbe2711129dccb3ba9c1019c118,1,0.003,object_pos_y+,0.003,0.0,0.003,0.0,1,1,,1,1,0.0,3.957371950149536,3.957371950149536,3.957371950149536,1.0,0.17377613484859467,0.1686478826944869
StackCube-v1,8,0,0.0,b02d2c178249c0d7b80bc663587bb7055d60efbe2711129dccb3ba9c1019c118,1,0.003,object_pos_y-,0.003,0.0,-0.003,0.0,1,1,,1,1,0.0,3.957371950149536,3.957371950149536,3.957371950149536,1.0,0.17377613484859467,0.1686478826944869
StackCube-v1,8,0,0.0,b02d2c178249c0d7b80bc663587bb7055d60efbe2711129dccb3ba9c1019c118,1,0.003,eef_joint_1+,0.02,0.0,0.02,0.0,1,1,,1,1,0.0,3.957371950149536,3.957371950149536,3.957371950149536,1.0,0.17377613484859467,0.1686478826944869
StackCube-v1,8,0,0.0,b02d2c178249c0d7b80bc663587bb7055d60efbe2711129dccb3ba9c1019c118,1,0.003,eef_joint_1-,0.02,0.0,-0.02,0.0,1,1,,1,1,0.0,3.957371950149536,3.957371950149536,3.957371950149536,1.0,0.17377613484859467,0.1686478826944869
StackCube-v1,8,0,0.0,b02d2c178249c0d7b80bc663587bb7055d60efbe2711129dccb3ba9c1019c118,2,0.006,object_pos_x+,0.006,0.006,0.0,0.0,1,1,,1,1,0.33333333333333337,3.957371950149536,3.957371950149536,3.957371950149536,1.0,0.17377613484859467,0.1686478826944869
StackCube-v1,8,0,0.0,b02d2c178249c0d7b80bc663587bb7055d60efbe2711129dccb3ba9c1019c118,2,0.006,object_pos_x-,0.006,-0.006,0.0,0.0,1,1,,1,1,0.33333333333333337,3.957371950149536,3.957371950149536,3.957371950149536,1.0,0.17377613484859467,0.1686478826944869
StackCube-v1,8,0,0.0,b02d2c178249c0d7b80bc663587bb7055d60efbe2711129dccb3ba9c1019c118,2,0.006,object_pos_y+,0.006,0.0,0.006,0.0,1,1,,1,1,0.33333333333333337,3.957371950149536,3.957371950149536,3.957371950149536,1.0,0.17377613484859467,0.1686478826944869
StackCube-v1,8,0,0.0,b02d2c178249c0d7b80bc663587bb7055d60efbe2711129dccb3ba9c1019c118,2,0.006,object_pos_y-,0.006,0.0,-0.006,0.0,1,1,,1,1,0.33333333333333337,3.957371950149536,3.957371950149536,3.957371950149536,1.0,0.17377613484859467,0.1686478826944869
StackCube-v1,8,0,0.0,b02d2c178249c0d7b80bc663587bb7055d60efbe2711129dccb3ba9c1019c118,2,0.006,eef_joint_1+,0.04,0.0,0.04,0.0,0,1,,1,1,0.33333333333333337,3.957371950149536,3.957371950149536,3.957371950149536,1.0,0.17377613484859467,0.1686478826944869
StackCube-v1,8,0,0.0,b02d2c178249c0d7b80bc663587bb7055d60efbe2711129dccb3ba9c1019c118,2,0.006,eef_joint_1-,0.04,0.0,-0.04,0.0,0,1,,1,1,0.33333333333333337,3.957371950149536,3.957371950149536,3.957371950149536,1.0,0.17377613484859467,0.1686478826944869
StackCube-v1,8,5,0.09090909090909091,fc5ffbed46c49ad225a156ca97809135da6d74d78d39ae231762cc83fbcc8c4a,0,0.0015,object_pos_x+,0.0015,0.0015,0.0,0.0,1,1,,1,1,0.0,3.957371950149536,0.0,0.0,0.0,0.06771443039178848,0.16864849399926632
StackCube-v1,8,5,0.09090909090909091,fc5ffbed46c49ad225a156ca97809135da6d74d78d39ae231762cc83fbcc8c4a,0,0.0015,object_pos_x-,0.0015,-0.0015,0.0,0.0,1,1,,1,1,0.0,3.957371950149536,0.0,0.0,0.0,0.06771443039178848,0.16864849399926632
StackCube-v1,8,5,0.09090909090909091,fc5ffbed46c49ad225a156ca97809135da6d74d78d39ae231762cc83fbcc8c4a,0,0.0015,object_pos_y+,0.0015,0.0,0.0015,0.0,1,1,,1,1,0.0,3.957371950149536,0.0,0.0,0.0,0.06771443039178848,0.16864849399926632
StackCube-v1,8,5,0.09090909090909091,fc5ffbed46c49ad225a156ca97809135da6d74d78d39ae231762cc83fbcc8c4a,0,0.0015,object_pos_y-,0.0015,0.0,-0.0015,0.0,1,1,,1,1,0.0,3.957371950149536,0.0,0.0,0.0,0.06771443039178848,0.16864849399926632
StackCube-v1,8,5,0.09090909090909091,fc5ffbed46c49ad225a156ca97809135da6d74d78d39ae231762cc83fbcc8c4a,0,0.0015,eef_joint_1+,0.01,0.0,0.01,0.0,1,1,,1,1,0.0,3.957371950149536,0.0,0.0,0.0,0.06771443039178848,0.16864849399926632
StackCube-v1,8,5,0.09090909090909091,fc5ffbed46c49ad225a156ca97809135da6d74d78d39ae231762cc83fbcc8c4a,0,0.0015,eef_joint_1-,0.01,0.0,-0.01,0.0,1,1,,1,1,0.0,3.957371950149536,0.0,0.0,0.0,0.06771443039178848,0.16864849399926632
StackCube-v1,8,5,0.09090909090909091,fc5ffbed46c49ad225a156ca97809135da6d74d78d39ae231762cc83fbcc8c4a,1,0.003,object_pos_x+,0.003,0.003,0.0,0.0,1,1,,1,1,0.0,3.957371950149536,0.0,0.0,0.0,0.06771443039178848,0.16864849399926632
StackCube-v1,8,5,0.09090909090909091,fc5ffbed46c49ad225a156ca97809135da6d74d78d39ae231762cc83fbcc8c4a,1,0.003,object_pos_x-,0.003,-0.003,0.0,0.0,1,1,,1,1,0.0,3.957371950149536,0.0,0.0,0.0,0.06771443039178848,0.16864849399926632
StackCube-v1,8,5,0.09090909090909091,fc5ffbed46c49ad225a156ca97809135da6d74d78d39ae231762cc83fbcc8c4a,1,0.003,object_pos_y+,0.003,0.0,0.003,0.0,1,1,,1,1,0.0,3.957371950149536,0.0,0.0,0.0,0.06771443039178848,0.16864849399926632
StackCube-v1,8,5,0.09090909090909091,fc5ffbed46c49ad225a156ca97809135da6d74d78d39ae231762cc83fbcc8c4a,1,0.003,object_pos_y-,0.003,0.0,-0.003,0.0,1,1,,1,1,0.0,3.957371950149536,0.0,0.0,0.0,0.06771443039178848,0.16864849399926632
StackCube-v1,8,5,0.09090909090909091,fc5ffbed46c49ad225a156ca97809135da6d74d78d39ae231762cc83fbcc8c4a,1,0.003,eef_joint_1+,0.02,0.0,0.02,0.0,1,1,,1,1,0.0,3.957371950149536,0.0,0.0,0.0,0.06771443039178848,0.16864849399926632
StackCube-v1,8,5,0.09090909090909091,fc5ffbed46c49ad225a156ca97809135da6d74d78d39ae231762cc83fbcc8c4a,1,0.003,eef_joint_1-,0.02,0.0,-0.02,0.0,1,1,,1,1,0.0,3.957371950149536,0.0,0.0,0.0,0.06771443039178848,0.16864849399926632
StackCube-v1,8,5,0.09090909090909091,fc5ffbed46c49ad225a156ca97809135da6d74d78d39ae231762cc83fbcc8c4a,2,0.006,object_pos_x+,0.006,0.006,0.0,0.0,1,1,,1,1,0.33333333333333337,3.957371950149536,0.0,0.0,0.0,0.06771443039178848,0.16864849399926632
StackCube-v1,8,5,0.09090909090909091,fc5ffbed46c49ad225a156ca97809135da6d74d78d39ae231762cc83fbcc8c4a,2,0.006,object_pos_x-,0.006,-0.006,0.0,0.0,1,1,,1,1,0.33333333333333337,3.957371950149536,0.0,0.0,0.0,0.06771443039178848,0.16864849399926632
StackCube-v1,8,5,0.09090909090909091,fc5ffbed46c49ad225a156ca97809135da6d74d78d39ae231762cc83fbcc8c4a,2,0.006,object_pos_y+,0.006,0.0,0.006,0.0,1,1,,1,1,0.33333333333333337,3.957371950149536,0.0,0.0,0.0,0.06771443039178848,0.16864849399926632
StackCube-v1,8,5,0.09090909090909091,fc5ffbed46c49ad225a156ca97809135da6d74d78d39ae231762cc83fbcc8c4a,2,0.006,object_pos_y-,0.006,0.0,-0.006,0.0,1,1,,1,1,0.33333333333333337,3.957371950149536,0.0,0.0,0.0,0.06771443039178848,0.16864849399926632
StackCube-v1,8,5,0.09090909090909091,fc5ffbed46c49ad225a156ca97809135da6d74d78d39ae231762cc83fbcc8c4a,2,0.006,eef_joint_1+,0.04,0.0,0.04,0.0,0,1,,1,1,0.33333333333333337,3.957371950149536,0.0,0.0,0.0,0.06771443039178848,0.16864849399926632
StackCube-v1,8,5,0.09090909090909091,fc5ffbed46c49ad225a156ca97809135da6d74d78d39ae231762cc83fbcc8c4a,2,0.006,eef_joint_1-,0.04,0.0,-0.04,0.0,0,1,,1,1,0.33333333333333337,3.957371950149536,0.0,0.0,0.0,0.06771443039178848,0.16864849399926632
StackCube-v1,8,10,0.18181818181818182,2ac22bedabe9a3387456ebe40df56188cfc1d17495e46a7251d641ba081fa481,0,0.0015,object_pos_x+,0.0015,0.0015,0.0,0.0,1,1,,1,1,0.0,3.9563989639282227,0.0,0.0,0.0,0.03446280211210251,0.16864879886745254
StackCube-v1,8,10,0.18181818181818182,2ac22bedabe9a3387456ebe40df56188cfc1d17495e46a7251d641ba081fa481,0,0.0015,object_pos_x-,0.0015,-0.0015,0.0,0.0,1,1,,1,1,0.0,3.9563989639282227,0.0,0.0,0.0,0.03446280211210251,0.16864879886745254
StackCube-v1,8,10,0.18181818181818182,2ac22bedabe9a3387456ebe40df56188cfc1d17495e46a7251d641ba081fa481,0,0.0015,object_pos_y+,0.0015,0.0,0.0015,0.0,1,1,,1,1,0.0,3.9563989639282227,0.0,0.0,0.0,0.03446280211210251,0.16864879886745254
StackCube-v1,8,10,0.18181818181818182,2ac22bedabe9a3387456ebe40df56188cfc1d17495e46a7251d641ba081fa481,0,0.0015,object_pos_y-,0.0015,0.0,-0.0015,0.0,1,1,,1,1,0.0,3.9563989639282227,0.0,0.0,0.0,0.03446280211210251,0.16864879886745254
StackCube-v1,8,10,0.18181818181818182,2ac22bedabe9a3387456ebe40df56188cfc1d17495e46a7251d641ba081fa481,0,0.0015,eef_joint_1+,0.01,0.0,0.01,0.0,1,1,,1,1,0.0,3.9563989639282227,0.0,0.0,0.0,0.03446280211210251,0.16864879886745254
StackCube-v1,8,10,0.18181818181818182,2ac22bedabe9a3387456ebe40df56188cfc1d17495e46a7251d641ba081fa481,0,0.0015,eef_joint_1-,0.01,0.0,-0.01,0.0,1,1,,1,1,0.0,3.9563989639282227,0.0,0.0,0.0,0.03446280211210251,0.16864879886745254
StackCube-v1,8,10,0.18181818181818182,2ac22bedabe9a3387456ebe40df56188cfc1d17495e46a7251d641ba081fa481,1,0.003,object_pos_x+,0.003,0.003,0.0,0.0,1,1,,1,1,0.0,3.9563989639282227,0.0,0.0,0.0,0.03446280211210251,0.16864879886745254
StackCube-v1,8,10,0.18181818181818182,2ac22bedabe9a3387456ebe40df56188cfc1d17495e46a7251d641ba081fa481,1,0.003,object_pos_x-,0.003,-0.003,0.0,0.0,1,1,,1,1,0.0,3.9563989639282227,0.0,0.0,0.0,0.03446280211210251,0.16864879886745254
StackCube-v1,8,10,0.18181818181818182,2ac22bedabe9a3387456ebe40df56188cfc1d17495e46a7251d641ba081fa481,1,0.003,object_pos_y+,0.003,0.0,0.003,0.0,1,1,,1,1,0.0,3.9563989639282227,0.0,0.0,0.0,0.03446280211210251,0.16864879886745254
StackCube-v1,8,10,0.18181818181818182,2ac22bedabe9a3387456ebe40df56188cfc1d17495e46a7251d641ba081fa481,1,0.003,object_pos_y-,0.003,0.0,-0.003,0.0,1,1,,1,1,0.0,3.9563989639282227,0.0,0.0,0.0,0.03446280211210251,0.16864879886745254
StackCube-v1,8,10,0.18181818181818182,2ac22bedabe9a3387456ebe40df56188cfc1d17495e46a7251d641ba081fa481,1,0.003,eef_joint_1+,0.02,0.0,0.02,0.0,1,1,,1,1,0.0,3.9563989639282227,0.0,0.0,0.0,0.03446280211210251,0.16864879886745254
StackCube-v1,8,10,0.18181818181818182,2ac22bedabe9a3387456ebe40df56188cfc1d17495e46a7251d641ba081fa481,1,0.003,eef_joint_1-,0.02,0.0,-0.02,0.0,1,1,,1,1,0.0,3.9563989639282227,0.0,0.0,0.0,0.03446280211210251,0.16864879886745254
StackCube-v1,8,10,0.18181818181818182,2ac22bedabe9a3387456ebe40df56188cfc1d17495e46a7251d641ba081fa481,2,0.006,object_pos_x+,0.006,0.006,0.0,0.0,1,1,,1,1,0.33333333333333337,3.9563989639282227,0.0,0.0,0.0,0.03446280211210251,0.16864879886745254
StackCube-v1,8,10,0.18181818181818182,2ac22bedabe9a3387456ebe40df56188cfc1d17495e46a7251d641ba081fa481,2,0.006,object_pos_x-,0.006,-0.006,0.0,0.0,1,1,,1,1,0.33333333333333337,3.9563989639282227,0.0,0.0,0.0,0.03446280211210251,0.16864879886745254
StackCube-v1,8,10,0.18181818181818182,2ac22bedabe9a3387456ebe40df56188cfc1d17495e46a7251d641ba081fa481,2,0.006,object_pos_y+,0.006,0.0,0.006,0.0,1,1,,1,1,0.33333333333333337,3.9563989639282227,0.0,0.0,0.0,0.03446280211210251,0.16864879886745254
StackCube-v1,8,10,0.18181818181818182,2ac22bedabe9a3387456ebe40df56188cfc1d17495e46a7251d641ba081fa481,2,0.006,object_pos_y-,0.006,0.0,-0.006,0.0,1,1,,1,1,0.33333333333333337,3.9563989639282227,0.0,0.0,0.0,0.03446280211210251,0.16864879886745254
StackCube-v1,8,10,0.18181818181818182,2ac22bedabe9a3387456ebe40df56188cfc1d17495e46a7251d641ba081fa481,2,0.006,eef_joint_1+,0.04,0.0,0.04,0.0,0,1,,1,1,0.33333333333333337,3.9563989639282227,0.0,0.0,0.0,0.03446280211210251,0.16864879886745254
StackCube-v1,8,10,0.18181818181818182,2ac22bedabe9a3387456ebe40df56188cfc1d17495e46a7251d641ba081fa481,2,0.006,eef_joint_1-,0.04,0.0,-0.04,0.0,0,1,,1,1,0.33333333333333337,3.9563989639282227,0.0,0.0,0.0,0.03446280211210251,0.16864879886745254
StackCube-v1,8,15,0.2727272727272727,8d5c5fe33b8920ee7365de20207b7027580646c7d1bdabc31a5e5583f0e6fbac,0,0.0015,object_pos_x+,0.0015,0.0015,0.0,0.0,1,1,,1,1,0.0,3.9563989639282227,0.0,0.0,0.0,0.003143353620544076,0.1686488009036799
StackCube-v1,8,15,0.2727272727272727,8d5c5fe33b8920ee7365de20207b7027580646c7d1bdabc31a5e5583f0e6fbac,0,0.0015,object_pos_x-,0.0015,-0.0015,0.0,0.0,1,1,,1,1,0.0,3.9563989639282227,0.0,0.0,0.0,0.003143353620544076,0.1686488009036799
StackCube-v1,8,15,0.2727272727272727,8d5c5fe33b8920ee7365de20207b7027580646c7d1bdabc31a5e5583f0e6fbac,0,0.0015,object_pos_y+,0.0015,0.0,0.0015,0.0,1,1,,1,1,0.0,3.9563989639282227,0.0,0.0,0.0,0.003143353620544076,0.1686488009036799
StackCube-v1,8,15,0.2727272727272727,8d5c5fe33b8920ee7365de20207b7027580646c7d1bdabc31a5e5583f0e6fbac,0,0.0015,object_pos_y-,0.0015,0.0,-0.0015,0.0,1,1,,1,1,0.0,3.9563989639282227,0.0,0.0,0.0,0.003143353620544076,0.1686488009036799
StackCube-v1,8,15,0.2727272727272727,8d5c5fe33b8920ee7365de20207b7027580646c7d1bdabc31a5e5583f0e6fbac,0,0.0015,eef_joint_1+,0.01,0.0,0.01,0.0,1,1,,1,1,0.0,3.9563989639282227,0.0,0.0,0.0,0.003143353620544076,0.1686488009036799
StackCube-v1,8,15,0.2727272727272727,8d5c5fe33b8920ee7365de20207b7027580646c7d1bdabc31a5e5583f0e6fbac,0,0.0015,eef_joint_1-,0.01,0.0,-0.01,0.0,1,1,,1,1,0.0,3.9563989639282227,0.0,0.0,0.0,0.003143353620544076,0.1686488009036799
StackCube-v1,8,15,0.2727272727272727,8d5c5fe33b8920ee7365de20207b7027580646c7d1bdabc31a5e5583f0e6fbac,1,0.003,object_pos_x+,0.003,0.003,0.0,0.0,1,1,,1,1,0.0,3.9563989639282227,0.0,0.0,0.0,0.003143353620544076,0.1686488009036799
StackCube-v1,8,15,0.2727272727272727,8d5c5fe33b8920ee7365de20207b7027580646c7d1bdabc31a5e5583f0e6fbac,1,0.003,object_pos_x-,0.003,-0.003,0.0,0.0,1,1,,1,1,0.0,3.9563989639282227,0.0,0.0,0.0,0.003143353620544076,0.1686488009036799
StackCube-v1,8,15,0.2727272727272727,8d5c5fe33b8920ee7365de20207b7027580646c7d1bdabc31a5e5583f0e6fbac,1,0.003,object_pos_y+,0.003,0.0,0.003,0.0,1,1,,1,1,0.0,3.9563989639282227,0.0,0.0,0.0,0.003143353620544076,0.1686488009036799
StackCube-v1,8,15,0.2727272727272727,8d5c5fe33b8920ee7365de20207b7027580646c7d1bdabc31a5e5583f0e6fbac,1,0.003,object_pos_y-,0.003,0.0,-0.003,0.0,1,1,,1,1,0.0,3.9563989639282227,0.0,0.0,0.0,0.003143353620544076,0.1686488009036799
StackCube-v1,8,15,0.2727272727272727,8d5c5fe33b8920ee7365de20207b7027580646c7d1bdabc31a5e5583f0e6fbac,1,0.003,eef_joint_1+,0.02,0.0,0.02,0.0,1,1,,1,1,0.0,3.9563989639282227,0.0,0.0,0.0,0.003143353620544076,0.1686488009036799
StackCube-v1,8,15,0.2727272727272727,8d5c5fe33b8920ee7365de20207b7027580646c7d1bdabc31a5e5583f0e6fbac,1,0.003,eef_joint_1-,0.02,0.0,-0.02,0.0,1,1,,1,1,0.0,3.9563989639282227,0.0,0.0,0.0,0.003143353620544076,0.1686488009036799
StackCube-v1,8,15,0.2727272727272727,8d5c5fe33b8920ee7365de20207b7027580646c7d1bdabc31a5e5583f0e6fbac,2,0.006,object_pos_x+,0.006,0.006,0.0,0.0,1,1,,1,1,0.33333333333333337,3.9563989639282227,0.0,0.0,0.0,0.003143353620544076,0.1686488009036799
StackCube-v1,8,15,0.2727272727272727,8d5c5fe33b8920ee7365de20207b7027580646c7d1bdabc31a5e5583f0e6fbac,2,0.006,object_pos_x-,0.006,-0.006,0.0,0.0,1,1,,1,1,0.33333333333333337,3.9563989639282227,0.0,0.0,0.0,0.003143353620544076,0.1686488009036799
StackCube-v1,8,15,0.2727272727272727,8d5c5fe33b8920ee7365de20207b7027580646c7d1bdabc31a5e5583f0e6fbac,2,0.006,object_pos_y+,0.006,0.0,0.006,0.0,1,1,,1,1,0.33333333333333337,3.9563989639282227,0.0,0.0,0.0,0.003143353620544076,0.1686488009036799
StackCube-v1,8,15,0.2727272727272727,8d5c5fe33b8920ee7365de20207b7027580646c7d1bdabc31a5e5583f0e6fbac,2,0.006,object_pos_y-,0.006,0.0,-0.006,0.0,1,1,,1,1,0.33333333333333337,3.9563989639282227,0.0,0.0,0.0,0.003143353620544076,0.1686488009036799
StackCube-v1,8,15,0.2727272727272727,8d5c5fe33b8920ee7365de20207b7027580646c7d1bdabc31a5e5583f0e6fbac,2,0.006,eef_joint_1+,0.04,0.0,0.04,0.0,0,1,,1,1,0.33333333333333337,3.9563989639282227,0.0,0.0,0.0,0.003143353620544076,0.1686488009036799
StackCube-v1,8,15,0.2727272727272727,8d5c5fe33b8920ee7365de20207b7027580646c7d1bdabc31a5e5583f0e6fbac,2,0.006,eef_joint_1-,0.04,0.0,-0.04,0.0,0,1,,1,1,0.33333333333333337,3.9563989639282227,0.0,0.0,0.0,0.003143353620544076,0.1686488009036799
StackCube-v1,8,20,0.36363636363636365,ad0a08a3b0f18a2a40f27ef9f636fbe7369b55fdc9bf9f8d127a99fe413dd1cf,0,0.0015,object_pos_x+,0.0015,0.0015,0.0,0.0,1,1,,1,1,0.0,3.9563989639282227,0.0,0.0,0.0,0.0011233562836423516,0.16809382417514313
StackCube-v1,8,20,0.36363636363636365,ad0a08a3b0f18a2a40f27ef9f636fbe7369b55fdc9bf9f8d127a99fe413dd1cf,0,0.0015,object_pos_x-,0.0015,-0.0015,0.0,0.0,1,1,,1,1,0.0,3.9563989639282227,0.0,0.0,0.0,0.0011233562836423516,0.16809382417514313
StackCube-v1,8,20,0.36363636363636365,ad0a08a3b0f18a2a40f27ef9f636fbe7369b55fdc9bf9f8d127a99fe413dd1cf,0,0.0015,object_pos_y+,0.0015,0.0,0.0015,0.0,1,1,,1,1,0.0,3.9563989639282227,0.0,0.0,0.0,0.0011233562836423516,0.16809382417514313
StackCube-v1,8,20,0.36363636363636365,ad0a08a3b0f18a2a40f27ef9f636fbe7369b55fdc9bf9f8d127a99fe413dd1cf,0,0.0015,object_pos_y-,0.0015,0.0,-0.0015,0.0,1,1,,1,1,0.0,3.9563989639282227,0.0,0.0,0.0,0.0011233562836423516,0.16809382417514313
StackCube-v1,8,20,0.36363636363636365,ad0a08a3b0f18a2a40f27ef9f636fbe7369b55fdc9bf9f8d127a99fe413dd1cf,0,0.0015,eef_joint_1+,0.01,0.0,0.01,0.0,1,1,,1,1,0.0,3.9563989639282227,0.0,0.0,0.0,0.0011233562836423516,0.16809382417514313
StackCube-v1,8,20,0.36363636363636365,ad0a08a3b0f18a2a40f27ef9f636fbe7369b55fdc9bf9f8d127a99fe413dd1cf,0,0.0015,eef_joint_1-,0.01,0.0,-0.01,0.0,1,1,,1,1,0.0,3.9563989639282227,0.0,0.0,0.0,0.0011233562836423516,0.16809382417514313
StackCube-v1,8,20,0.36363636363636365,ad0a08a3b0f18a2a40f27ef9f636fbe7369b55fdc9bf9f8d127a99fe413dd1cf,1,0.003,object_pos_x+,0.003,0.003,0.0,0.0,1,1,,1,1,0.33333333333333337,3.9563989639282227,0.0,0.0,0.0,0.0011233562836423516,0.16809382417514313
StackCube-v1,8,20,0.36363636363636365,ad0a08a3b0f18a2a40f27ef9f636fbe7369b55fdc9bf9f8d127a99fe413dd1cf,1,0.003,object_pos_x-,0.003,-0.003,0.0,0.0,1,1,,1,1,0.33333333333333337,3.9563989639282227,0.0,0.0,0.0,0.0011233562836423516,0.16809382417514313
StackCube-v1,8,20,0.36363636363636365,ad0a08a3b0f18a2a40f27ef9f636fbe7369b55fdc9bf9f8d127a99fe413dd1cf,1,0.003,object_pos_y+,0.003,0.0,0.003,0.0,1,1,,1,1,0.33333333333333337,3.9563989639282227,0.0,0.0,0.0,0.0011233562836423516,0.16809382417514313
StackCube-v1,8,20,0.36363636363636365,ad0a08a3b0f18a2a40f27ef9f636fbe7369b55fdc9bf9f8d127a99fe413dd1cf,1,0.003,object_pos_y-,0.003,0.0,-0.003,0.0,1,1,,1,1,0.33333333333333337,3.9563989639282227,0.0,0.0,0.0,0.0011233562836423516,0.16809382417514313
StackCube-v1,8,20,0.36363636363636365,ad0a08a3b0f18a2a40f27ef9f636fbe7369b55fdc9bf9f8d127a99fe413dd1cf,1,0.003,eef_joint_1+,0.02,0.0,0.02,0.0,0,1,,1,1,0.33333333333333337,3.9563989639282227,0.0,0.0,0.0,0.0011233562836423516,0.16809382417514313
StackCube-v1,8,20,0.36363636363636365,ad0a08a3b0f18a2a40f27ef9f636fbe7369b55fdc9bf9f8d127a99fe413dd1cf,1,0.003,eef_joint_1-,0.02,0.0,-0.02,0.0,0,1,,1,1,0.33333333333333337,3.9563989639282227,0.0,0.0,0.0,0.0011233562836423516,0.16809382417514313
StackCube-v1,8,20,0.36363636363636365,ad0a08a3b0f18a2a40f27ef9f636fbe7369b55fdc9bf9f8d127a99fe413dd1cf,2,0.006,object_pos_x+,0.006,0.006,0.0,0.0,1,1,,1,1,0.33333333333333337,3.9563989639282227,0.0,0.0,0.0,0.0011233562836423516,0.16809382417514313
StackCube-v1,8,20,0.36363636363636365,ad0a08a3b0f18a2a40f27ef9f636fbe7369b55fdc9bf9f8d127a99fe413dd1cf,2,0.006,object_pos_x-,0.006,-0.006,0.0,0.0,1,1,,1,1,0.33333333333333337,3.9563989639282227,0.0,0.0,0.0,0.0011233562836423516,0.16809382417514313
StackCube-v1,8,20,0.36363636363636365,ad0a08a3b0f18a2a40f27ef9f636fbe7369b55fdc9bf9f8d127a99fe413dd1cf,2,0.006,object_pos_y+,0.006,0.0,0.006,0.0,1,1,,1,1,0.33333333333333337,3.9563989639282227,0.0,0.0,0.0,0.0011233562836423516,0.16809382417514313
StackCube-v1,8,20,0.36363636363636365,ad0a08a3b0f18a2a40f27ef9f636fbe7369b55fdc9bf9f8d127a99fe413dd1cf,2,0.006,object_pos_y-,0.006,0.0,-0.006,0.0,1,1,,1,1,0.33333333333333337,3.9563989639282227,0.0,0.0,0.0,0.0011233562836423516,0.16809382417514313
StackCube-v1,8,20,0.36363636363636365,ad0a08a3b0f18a2a40f27ef9f636fbe7369b55fdc9bf9f8d127a99fe413dd1cf,2,0.006,eef_joint_1+,0.04,0.0,0.04,0.0,0,1,,1,1,0.33333333333333337,3.9563989639282227,0.0,0.0,0.0,0.0011233562836423516,0.16809382417514313
StackCube-v1,8,20,0.36363636363636365,ad0a08a3b0f18a2a40f27ef9f636fbe7369b55fdc9bf9f8d127a99fe413dd1cf,2,0.006,eef_joint_1-,0.04,0.0,-0.04,0.0,0,1,,1,1,0.33333333333333337,3.9563989639282227,0.0,0.0,0.0,0.0011233562836423516,0.16809382417514313
StackCube-v1,8,25,0.45454545454545453,6eb918da454397148619219253e77bca651da4109a58464d2c8219a8be94dfe2,0,0.0015,object_pos_x+,0.0015,0.0015,0.0,0.0,1,1,,1,1,0.0,3.9595823287963867,0.0,0.14000003039836884,0.0,0.001142351422458887,0.15634623604475092
StackCube-v1,8,25,0.45454545454545453,6eb918da454397148619219253e77bca651da4109a58464d2c8219a8be94dfe2,0,0.0015,object_pos_x-,0.0015,-0.0015,0.0,0.0,1,1,,1,1,0.0,3.9595823287963867,0.0,0.14000003039836884,0.0,0.001142351422458887,0.15634623604475092
StackCube-v1,8,25,0.45454545454545453,6eb918da454397148619219253e77bca651da4109a58464d2c8219a8be94dfe2,0,0.0015,object_pos_y+,0.0015,0.0,0.0015,0.0,1,1,,1,1,0.0,3.9595823287963867,0.0,0.14000003039836884,0.0,0.001142351422458887,0.15634623604475092
StackCube-v1,8,25,0.45454545454545453,6eb918da454397148619219253e77bca651da4109a58464d2c8219a8be94dfe2,0,0.0015,object_pos_y-,0.0015,0.0,-0.0015,0.0,1,1,,1,1,0.0,3.9595823287963867,0.0,0.14000003039836884,0.0,0.001142351422458887,0.15634623604475092
StackCube-v1,8,25,0.45454545454545453,6eb918da454397148619219253e77bca651da4109a58464d2c8219a8be94dfe2,0,0.0015,eef_joint_1+,0.01,0.0,0.01,0.0,1,1,,1,1,0.0,3.9595823287963867,0.0,0.14000003039836884,0.0,0.001142351422458887,0.15634623604475092
StackCube-v1,8,25,0.45454545454545453,6eb918da454397148619219253e77bca651da4109a58464d2c8219a8be94dfe2,0,0.0015,eef_joint_1-,0.01,0.0,-0.01,0.0,1,1,,1,1,0.0,3.9595823287963867,0.0,0.14000003039836884,0.0,0.001142351422458887,0.15634623604475092
StackCube-v1,8,25,0.45454545454545453,6eb918da454397148619219253e77bca651da4109a58464d2c8219a8be94dfe2,1,0.003,object_pos_x+,0.003,0.003,0.0,0.0,1,1,,1,1,0.33333333333333337,3.9595823287963867,0.0,0.14000003039836884,0.0,0.001142351422458887,0.15634623604475092
StackCube-v1,8,25,0.45454545454545453,6eb918da454397148619219253e77bca651da4109a58464d2c8219a8be94dfe2,1,0.003,object_pos_x-,0.003,-0.003,0.0,0.0,1,1,,1,1,0.33333333333333337,3.9595823287963867,0.0,0.14000003039836884,0.0,0.001142351422458887,0.15634623604475092
StackCube-v1,8,25,0.45454545454545453,6eb918da454397148619219253e77bca651da4109a58464d2c8219a8be94dfe2,1,0.003,object_pos_y+,0.003,0.0,0.003,0.0,1,1,,1,1,0.33333333333333337,3.9595823287963867,0.0,0.14000003039836884,0.0,0.001142351422458887,0.15634623604475092
StackCube-v1,8,25,0.45454545454545453,6eb918da454397148619219253e77bca651da4109a58464d2c8219a8be94dfe2,1,0.003,object_pos_y-,0.003,0.0,-0.003,0.0,1,1,,1,1,0.33333333333333337,3.9595823287963867,0.0,0.14000003039836884,0.0,0.001142351422458887,0.15634623604475092
StackCube-v1,8,25,0.45454545454545453,6eb918da454397148619219253e77bca651da4109a58464d2c8219a8be94dfe2,1,0.003,eef_joint_1+,0.02,0.0,0.02,0.0,0,1,,1,1,0.33333333333333337,3.9595823287963867,0.0,0.14000003039836884,0.0,0.001142351422458887,0.15634623604475092
StackCube-v1,8,25,0.45454545454545453,6eb918da454397148619219253e77bca651da4109a58464d2c8219a8be94dfe2,1,0.003,eef_joint_1-,0.02,0.0,-0.02,0.0,0,1,,1,1,0.33333333333333337,3.9595823287963867,0.0,0.14000003039836884,0.0,0.001142351422458887,0.15634623604475092
StackCube-v1,8,25,0.45454545454545453,6eb918da454397148619219253e77bca651da4109a58464d2c8219a8be94dfe2,2,0.006,object_pos_x+,0.006,0.006,0.0,0.0,1,1,,1,1,0.33333333333333337,3.9595823287963867,0.0,0.14000003039836884,0.0,0.001142351422458887,0.15634623604475092
StackCube-v1,8,25,0.45454545454545453,6eb918da454397148619219253e77bca651da4109a58464d2c8219a8be94dfe2,2,0.006,object_pos_x-,0.006,-0.006,0.0,0.0,1,1,,1,1,0.33333333333333337,3.9595823287963867,0.0,0.14000003039836884,0.0,0.001142351422458887,0.15634623604475092
StackCube-v1,8,25,0.45454545454545453,6eb918da454397148619219253e77bca651da4109a58464d2c8219a8be94dfe2,2,0.006,object_pos_y+,0.006,0.0,0.006,0.0,1,1,,1,1,0.33333333333333337,3.9595823287963867,0.0,0.14000003039836884,0.0,0.001142351422458887,0.15634623604475092
StackCube-v1,8,25,0.45454545454545453,6eb918da454397148619219253e77bca651da4109a58464d2c8219a8be94dfe2,2,0.006,object_pos_y-,0.006,0.0,-0.006,0.0,1,1,,1,1,0.33333333333333337,3.9595823287963867,0.0,0.14000003039836884,0.0,0.001142351422458887,0.15634623604475092
StackCube-v1,8,25,0.45454545454545453,6eb918da454397148619219253e77bca651da4109a58464d2c8219a8be94dfe2,2,0.006,eef_joint_1+,0.04,0.0,0.04,0.0,0,1,,1,1,0.33333333333333337,3.9595823287963867,0.0,0.14000003039836884,0.0,0.001142351422458887,0.15634623604475092
StackCube-v1,8,25,0.45454545454545453,6eb918da454397148619219253e77bca651da4109a58464d2c8219a8be94dfe2,2,0.006,eef_joint_1-,0.04,0.0,-0.04,0.0,0,1,,1,1,0.33333333333333337,3.9595823287963867,0.0,0.14000003039836884,0.0,0.001142351422458887,0.15634623604475092
StackCube-v1,8,30,0.5454545454545454,e9ee56ffd84760ebd1373587292a88b0f8fd86d285588195cff7572769c8c953,0,0.0015,object_pos_x+,0.0015,0.0015,0.0,0.0,1,1,,1,1,0.0,3.9595823287963867,0.0,0.0,0.0,0.0011501573026180267,0.1957616759738461
StackCube-v1,8,30,0.5454545454545454,e9ee56ffd84760ebd1373587292a88b0f8fd86d285588195cff7572769c8c953,0,0.0015,object_pos_x-,0.0015,-0.0015,0.0,0.0,1,1,,1,1,0.0,3.9595823287963867,0.0,0.0,0.0,0.0011501573026180267,0.1957616759738461
StackCube-v1,8,30,0.5454545454545454,e9ee56ffd84760ebd1373587292a88b0f8fd86d285588195cff7572769c8c953,0,0.0015,object_pos_y+,0.0015,0.0,0.0015,0.0,1,1,,1,1,0.0,3.9595823287963867,0.0,0.0,0.0,0.0011501573026180267,0.1957616759738461
StackCube-v1,8,30,0.5454545454545454,e9ee56ffd84760ebd1373587292a88b0f8fd86d285588195cff7572769c8c953,0,0.0015,object_pos_y-,0.0015,0.0,-0.0015,0.0,1,1,,1,1,0.0,3.9595823287963867,0.0,0.0,0.0,0.0011501573026180267,0.1957616759738461
StackCube-v1,8,30,0.5454545454545454,e9ee56ffd84760ebd1373587292a88b0f8fd86d285588195cff7572769c8c953,0,0.0015,eef_joint_1+,0.01,0.0,0.01,0.0,1,1,,1,1,0.0,3.9595823287963867,0.0,0.0,0.0,0.0011501573026180267,0.1957616759738461
StackCube-v1,8,30,0.5454545454545454,e9ee56ffd84760ebd1373587292a88b0f8fd86d285588195cff7572769c8c953,0,0.0015,eef_joint_1-,0.01,0.0,-0.01,0.0,1,1,,1,1,0.0,3.9595823287963867,0.0,0.0,0.0,0.0011501573026180267,0.1957616759738461
StackCube-v1,8,30,0.5454545454545454,e9ee56ffd84760ebd1373587292a88b0f8fd86d285588195cff7572769c8c953,1,0.003,object_pos_x+,0.003,0.003,0.0,0.0,1,1,,1,1,0.33333333333333337,3.9595823287963867,0.0,0.0,0.0,0.0011501573026180267,0.1957616759738461
StackCube-v1,8,30,0.5454545454545454,e9ee56ffd84760ebd1373587292a88b0f8fd86d285588195cff7572769c8c953,1,0.003,object_pos_x-,0.003,-0.003,0.0,0.0,1,1,,1,1,0.33333333333333337,3.9595823287963867,0.0,0.0,0.0,0.0011501573026180267,0.1957616759738461
StackCube-v1,8,30,0.5454545454545454,e9ee56ffd84760ebd1373587292a88b0f8fd86d285588195cff7572769c8c953,1,0.003,object_pos_y+,0.003,0.0,0.003,0.0,1,1,,1,1,0.33333333333333337,3.9595823287963867,0.0,0.0,0.0,0.0011501573026180267,0.1957616759738461
StackCube-v1,8,30,0.5454545454545454,e9ee56ffd84760ebd1373587292a88b0f8fd86d285588195cff7572769c8c953,1,0.003,object_pos_y-,0.003,0.0,-0.003,0.0,1,1,,1,1,0.33333333333333337,3.9595823287963867,0.0,0.0,0.0,0.0011501573026180267,0.1957616759738461
StackCube-v1,8,30,0.5454545454545454,e9ee56ffd84760ebd1373587292a88b0f8fd86d285588195cff7572769c8c953,1,0.003,eef_joint_1+,0.02,0.0,0.02,0.0,0,1,,1,1,0.33333333333333337,3.9595823287963867,0.0,0.0,0.0,0.0011501573026180267,0.1957616759738461
StackCube-v1,8,30,0.5454545454545454,e9ee56ffd84760ebd1373587292a88b0f8fd86d285588195cff7572769c8c953,1,0.003,eef_joint_1-,0.02,0.0,-0.02,0.0,0,1,,1,1,0.33333333333333337,3.9595823287963867,0.0,0.0,0.0,0.0011501573026180267,0.1957616759738461
StackCube-v1,8,30,0.5454545454545454,e9ee56ffd84760ebd1373587292a88b0f8fd86d285588195cff7572769c8c953,2,0.006,object_pos_x+,0.006,0.006,0.0,0.0,1,1,,1,1,0.33333333333333337,3.9595823287963867,0.0,0.0,0.0,0.0011501573026180267,0.1957616759738461
StackCube-v1,8,30,0.5454545454545454,e9ee56ffd84760ebd1373587292a88b0f8fd86d285588195cff7572769c8c953,2,0.006,object_pos_x-,0.006,-0.006,0.0,0.0,1,1,,1,1,0.33333333333333337,3.9595823287963867,0.0,0.0,0.0,0.0011501573026180267,0.1957616759738461
StackCube-v1,8,30,0.5454545454545454,e9ee56ffd84760ebd1373587292a88b0f8fd86d285588195cff7572769c8c953,2,0.006,object_pos_y+,0.006,0.0,0.006,0.0,1,1,,1,1,0.33333333333333337,3.9595823287963867,0.0,0.0,0.0,0.0011501573026180267,0.1957616759738461
StackCube-v1,8,30,0.5454545454545454,e9ee56ffd84760ebd1373587292a88b0f8fd86d285588195cff7572769c8c953,2,0.006,object_pos_y-,0.006,0.0,-0.006,0.0,1,1,,1,1,0.33333333333333337,3.9595823287963867,0.0,0.0,0.0,0.0011501573026180267,0.1957616759738461
StackCube-v1,8,30,0.5454545454545454,e9ee56ffd84760ebd1373587292a88b0f8fd86d285588195cff7572769c8c953,2,0.006,eef_joint_1+,0.04,0.0,0.04,0.0,0,1,,1,1,0.33333333333333337,3.9595823287963867,0.0,0.0,0.0,0.0011501573026180267,0.1957616759738461
StackCube-v1,8,30,0.5454545454545454,e9ee56ffd84760ebd1373587292a88b0f8fd86d285588195cff7572769c8c953,2,0.006,eef_joint_1-,0.04,0.0,-0.04,0.0,0,1,,1,1,0.33333333333333337,3.9595823287963867,0.0,0.0,0.0,0.0011501573026180267,0.1957616759738461
StackCube-v1,8,35,0.6363636363636364,02e8cd320a4d8db30aeef380ad7380079fc91ecc27f5a1a99b61a5401ed16ee3,0,0.0015,object_pos_x+,0.0015,0.0015,0.0,0.0,1,1,,1,1,0.0,3.9459402561187744,0.0,0.0,0.0,0.0011475097853690386,0.09330680475319586
StackCube-v1,8,35,0.6363636363636364,02e8cd320a4d8db30aeef380ad7380079fc91ecc27f5a1a99b61a5401ed16ee3,0,0.0015,object_pos_x-,0.0015,-0.0015,0.0,0.0,1,1,,1,1,0.0,3.9459402561187744,0.0,0.0,0.0,0.0011475097853690386,0.09330680475319586
StackCube-v1,8,35,0.6363636363636364,02e8cd320a4d8db30aeef380ad7380079fc91ecc27f5a1a99b61a5401ed16ee3,0,0.0015,object_pos_y+,0.0015,0.0,0.0015,0.0,1,1,,1,1,0.0,3.9459402561187744,0.0,0.0,0.0,0.0011475097853690386,0.09330680475319586
StackCube-v1,8,35,0.6363636363636364,02e8cd320a4d8db30aeef380ad7380079fc91ecc27f5a1a99b61a5401ed16ee3,0,0.0015,object_pos_y-,0.0015,0.0,-0.0015,0.0,1,1,,1,1,0.0,3.9459402561187744,0.0,0.0,0.0,0.0011475097853690386,0.09330680475319586
StackCube-v1,8,35,0.6363636363636364,02e8cd320a4d8db30aeef380ad7380079fc91ecc27f5a1a99b61a5401ed16ee3,0,0.0015,eef_joint_1+,0.01,0.0,0.01,0.0,1,1,,1,1,0.0,3.9459402561187744,0.0,0.0,0.0,0.0011475097853690386,0.09330680475319586
StackCube-v1,8,35,0.6363636363636364,02e8cd320a4d8db30aeef380ad7380079fc91ecc27f5a1a99b61a5401ed16ee3,0,0.0015,eef_joint_1-,0.01,0.0,-0.01,0.0,1,1,,1,1,0.0,3.9459402561187744,0.0,0.0,0.0,0.0011475097853690386,0.09330680475319586
StackCube-v1,8,35,0.6363636363636364,02e8cd320a4d8db30aeef380ad7380079fc91ecc27f5a1a99b61a5401ed16ee3,1,0.003,object_pos_x+,0.003,0.003,0.0,0.0,1,1,,1,1,0.33333333333333337,3.9459402561187744,0.0,0.0,0.0,0.0011475097853690386,0.09330680475319586
StackCube-v1,8,35,0.6363636363636364,02e8cd320a4d8db30aeef380ad7380079fc91ecc27f5a1a99b61a5401ed16ee3,1,0.003,object_pos_x-,0.003,-0.003,0.0,0.0,1,1,,1,1,0.33333333333333337,3.9459402561187744,0.0,0.0,0.0,0.0011475097853690386,0.09330680475319586
StackCube-v1,8,35,0.6363636363636364,02e8cd320a4d8db30aeef380ad7380079fc91ecc27f5a1a99b61a5401ed16ee3,1,0.003,object_pos_y+,0.003,0.0,0.003,0.0,1,1,,1,1,0.33333333333333337,3.9459402561187744,0.0,0.0,0.0,0.0011475097853690386,0.09330680475319586
StackCube-v1,8,35,0.6363636363636364,02e8cd320a4d8db30aeef380ad7380079fc91ecc27f5a1a99b61a5401ed16ee3,1,0.003,object_pos_y-,0.003,0.0,-0.003,0.0,1,1,,1,1,0.33333333333333337,3.9459402561187744,0.0,0.0,0.0,0.0011475097853690386,0.09330680475319586
StackCube-v1,8,35,0.6363636363636364,02e8cd320a4d8db30aeef380ad7380079fc91ecc27f5a1a99b61a5401ed16ee3,1,0.003,eef_joint_1+,0.02,0.0,0.02,0.0,0,1,,1,1,0.33333333333333337,3.9459402561187744,0.0,0.0,0.0,0.0011475097853690386,0.09330680475319586
StackCube-v1,8,35,0.6363636363636364,02e8cd320a4d8db30aeef380ad7380079fc91ecc27f5a1a99b61a5401ed16ee3,1,0.003,eef_joint_1-,0.02,0.0,-0.02,0.0,0,1,,1,1,0.33333333333333337,3.9459402561187744,0.0,0.0,0.0,0.0011475097853690386,0.09330680475319586
StackCube-v1,8,35,0.6363636363636364,02e8cd320a4d8db30aeef380ad7380079fc91ecc27f5a1a99b61a5401ed16ee3,2,0.006,object_pos_x+,0.006,0.006,0.0,0.0,1,1,,1,1,0.33333333333333337,3.9459402561187744,0.0,0.0,0.0,0.0011475097853690386,0.09330680475319586
StackCube-v1,8,35,0.6363636363636364,02e8cd320a4d8db30aeef380ad7380079fc91ecc27f5a1a99b61a5401ed16ee3,2,0.006,object_pos_x-,0.006,-0.006,0.0,0.0,1,1,,1,1,0.33333333333333337,3.9459402561187744,0.0,0.0,0.0,0.0011475097853690386,0.09330680475319586
StackCube-v1,8,35,0.6363636363636364,02e8cd320a4d8db30aeef380ad7380079fc91ecc27f5a1a99b61a5401ed16ee3,2,0.006,object_pos_y+,0.006,0.0,0.006,0.0,1,1,,1,1,0.33333333333333337,3.9459402561187744,0.0,0.0,0.0,0.0011475097853690386,0.09330680475319586
StackCube-v1,8,35,0.6363636363636364,02e8cd320a4d8db30aeef380ad7380079fc91ecc27f5a1a99b61a5401ed16ee3,2,0.006,object_pos_y-,0.006,0.0,-0.006,0.0,1,1,,1,1,0.33333333333333337,3.9459402561187744,0.0,0.0,0.0,0.0011475097853690386,0.09330680475319586
StackCube-v1,8,35,0.6363636363636364,02e8cd320a4d8db30aeef380ad7380079fc91ecc27f5a1a99b61a5401ed16ee3,2,0.006,eef_joint_1+,0.04,0.0,0.04,0.0,0,1,,1,1,0.33333333333333337,3.9459402561187744,0.0,0.0,0.0,0.0011475097853690386,0.09330680475319586
StackCube-v1,8,35,0.6363636363636364,02e8cd320a4d8db30aeef380ad7380079fc91ecc27f5a1a99b61a5401ed16ee3,2,0.006,eef_joint_1-,0.04,0.0,-0.04,0.0,0,1,,1,1,0.33333333333333337,3.9459402561187744,0.0,0.0,0.0,0.0011475097853690386,0.09330680475319586
StackCube-v1,8,40,0.7272727272727273,1832781e3979bbd83c5f00fd8c3bffffa6cfc8cacec40a712990c33e5a6c07b3,0,0.0015,object_pos_x+,0.0015,0.0015,0.0,0.0,1,1,,1,1,0.0,3.9439122676849365,0.08000001311302185,0.08000001311302185,0.0,0.0011501653352752328,0.08177211167487886
StackCube-v1,8,40,0.7272727272727273,1832781e3979bbd83c5f00fd8c3bffffa6cfc8cacec40a712990c33e5a6c07b3,0,0.0015,object_pos_x-,0.0015,-0.0015,0.0,0.0,1,1,,1,1,0.0,3.9439122676849365,0.08000001311302185,0.08000001311302185,0.0,0.0011501653352752328,0.08177211167487886
StackCube-v1,8,40,0.7272727272727273,1832781e3979bbd83c5f00fd8c3bffffa6cfc8cacec40a712990c33e5a6c07b3,0,0.0015,object_pos_y+,0.0015,0.0,0.0015,0.0,1,1,,1,1,0.0,3.9439122676849365,0.08000001311302185,0.08000001311302185,0.0,0.0011501653352752328,0.08177211167487886
StackCube-v1,8,40,0.7272727272727273,1832781e3979bbd83c5f00fd8c3bffffa6cfc8cacec40a712990c33e5a6c07b3,0,0.0015,object_pos_y-,0.0015,0.0,-0.0015,0.0,1,1,,1,1,0.0,3.9439122676849365,0.08000001311302185,0.08000001311302185,0.0,0.0011501653352752328,0.08177211167487886
StackCube-v1,8,40,0.7272727272727273,1832781e3979bbd83c5f00fd8c3bffffa6cfc8cacec40a712990c33e5a6c07b3,0,0.0015,eef_joint_1+,0.01,0.0,0.01,0.0,1,1,,1,1,0.0,3.9439122676849365,0.08000001311302185,0.08000001311302185,0.0,0.0011501653352752328,0.08177211167487886
StackCube-v1,8,40,0.7272727272727273,1832781e3979bbd83c5f00fd8c3bffffa6cfc8cacec40a712990c33e5a6c07b3,0,0.0015,eef_joint_1-,0.01,0.0,-0.01,0.0,1,1,,1,1,0.0,3.9439122676849365,0.08000001311302185,0.08000001311302185,0.0,0.0011501653352752328,0.08177211167487886
StackCube-v1,8,40,0.7272727272727273,1832781e3979bbd83c5f00fd8c3bffffa6cfc8cacec40a712990c33e5a6c07b3,1,0.003,object_pos_x+,0.003,0.003,0.0,0.0,1,1,,1,1,0.16666666666666663,3.9439122676849365,0.08000001311302185,0.08000001311302185,0.0,0.0011501653352752328,0.08177211167487886
StackCube-v1,8,40,0.7272727272727273,1832781e3979bbd83c5f00fd8c3bffffa6cfc8cacec40a712990c33e5a6c07b3,1,0.003,object_pos_x-,0.003,-0.003,0.0,0.0,1,1,,1,1,0.16666666666666663,3.9439122676849365,0.08000001311302185,0.08000001311302185,0.0,0.0011501653352752328,0.08177211167487886
StackCube-v1,8,40,0.7272727272727273,1832781e3979bbd83c5f00fd8c3bffffa6cfc8cacec40a712990c33e5a6c07b3,1,0.003,object_pos_y+,0.003,0.0,0.003,0.0,1,1,,1,1,0.16666666666666663,3.9439122676849365,0.08000001311302185,0.08000001311302185,0.0,0.0011501653352752328,0.08177211167487886
StackCube-v1,8,40,0.7272727272727273,1832781e3979bbd83c5f00fd8c3bffffa6cfc8cacec40a712990c33e5a6c07b3,1,0.003,object_pos_y-,0.003,0.0,-0.003,0.0,1,1,,1,1,0.16666666666666663,3.9439122676849365,0.08000001311302185,0.08000001311302185,0.0,0.0011501653352752328,0.08177211167487886
StackCube-v1,8,40,0.7272727272727273,1832781e3979bbd83c5f00fd8c3bffffa6cfc8cacec40a712990c33e5a6c07b3,1,0.003,eef_joint_1+,0.02,0.0,0.02,0.0,0,1,,1,1,0.16666666666666663,3.9439122676849365,0.08000001311302185,0.08000001311302185,0.0,0.0011501653352752328,0.08177211167487886
StackCube-v1,8,40,0.7272727272727273,1832781e3979bbd83c5f00fd8c3bffffa6cfc8cacec40a712990c33e5a6c07b3,1,0.003,eef_joint_1-,0.02,0.0,-0.02,0.0,1,1,,1,1,0.16666666666666663,3.9439122676849365,0.08000001311302185,0.08000001311302185,0.0,0.0011501653352752328,0.08177211167487886
StackCube-v1,8,40,0.7272727272727273,1832781e3979bbd83c5f00fd8c3bffffa6cfc8cacec40a712990c33e5a6c07b3,2,0.006,object_pos_x+,0.006,0.006,0.0,0.0,1,1,,1,1,0.33333333333333337,3.9439122676849365,0.08000001311302185,0.08000001311302185,0.0,0.0011501653352752328,0.08177211167487886
StackCube-v1,8,40,0.7272727272727273,1832781e3979bbd83c5f00fd8c3bffffa6cfc8cacec40a712990c33e5a6c07b3,2,0.006,object_pos_x-,0.006,-0.006,0.0,0.0,1,1,,1,1,0.33333333333333337,3.9439122676849365,0.08000001311302185,0.08000001311302185,0.0,0.0011501653352752328,0.08177211167487886
StackCube-v1,8,40,0.7272727272727273,1832781e3979bbd83c5f00fd8c3bffffa6cfc8cacec40a712990c33e5a6c07b3,2,0.006,object_pos_y+,0.006,0.0,0.006,0.0,1,1,,1,1,0.33333333333333337,3.9439122676849365,0.08000001311302185,0.08000001311302185,0.0,0.0011501653352752328,0.08177211167487886
StackCube-v1,8,40,0.7272727272727273,1832781e3979bbd83c5f00fd8c3bffffa6cfc8cacec40a712990c33e5a6c07b3,2,0.006,object_pos_y-,0.006,0.0,-0.006,0.0,1,1,,1,1,0.33333333333333337,3.9439122676849365,0.08000001311302185,0.08000001311302185,0.0,0.0011501653352752328,0.08177211167487886
StackCube-v1,8,40,0.7272727272727273,1832781e3979bbd83c5f00fd8c3bffffa6cfc8cacec40a712990c33e5a6c07b3,2,0.006,eef_joint_1+,0.04,0.0,0.04,0.0,0,1,,1,1,0.33333333333333337,3.9439122676849365,0.08000001311302185,0.08000001311302185,0.0,0.0011501653352752328,0.08177211167487886
StackCube-v1,8,40,0.7272727272727273,1832781e3979bbd83c5f00fd8c3bffffa6cfc8cacec40a712990c33e5a6c07b3,2,0.006,eef_joint_1-,0.04,0.0,-0.04,0.0,0,1,,1,1,0.33333333333333337,3.9439122676849365,0.08000001311302185,0.08000001311302185,0.0,0.0011501653352752328,0.08177211167487886
StackCube-v1,8,45,0.8181818181818182,6a1b45a33ab104106f449954de3f4c91b9ababda1871caf8bdfa402617c1c1ea,0,0.0015,object_pos_x+,0.0015,0.0015,0.0,0.0,1,1,,1,1,0.0,3.9439122676849365,0.0,0.0,0.0,0.0011486368020996451,0.003789003125647332
StackCube-v1,8,45,0.8181818181818182,6a1b45a33ab104106f449954de3f4c91b9ababda1871caf8bdfa402617c1c1ea,0,0.0015,object_pos_x-,0.0015,-0.0015,0.0,0.0,1,1,,1,1,0.0,3.9439122676849365,0.0,0.0,0.0,0.0011486368020996451,0.003789003125647332
StackCube-v1,8,45,0.8181818181818182,6a1b45a33ab104106f449954de3f4c91b9ababda1871caf8bdfa402617c1c1ea,0,0.0015,object_pos_y+,0.0015,0.0,0.0015,0.0,1,1,,1,1,0.0,3.9439122676849365,0.0,0.0,0.0,0.0011486368020996451,0.003789003125647332
StackCube-v1,8,45,0.8181818181818182,6a1b45a33ab104106f449954de3f4c91b9ababda1871caf8bdfa402617c1c1ea,0,0.0015,object_pos_y-,0.0015,0.0,-0.0015,0.0,1,1,,1,1,0.0,3.9439122676849365,0.0,0.0,0.0,0.0011486368020996451,0.003789003125647332
StackCube-v1,8,45,0.8181818181818182,6a1b45a33ab104106f449954de3f4c91b9ababda1871caf8bdfa402617c1c1ea,0,0.0015,eef_joint_1+,0.01,0.0,0.01,0.0,1,1,,1,1,0.0,3.9439122676849365,0.0,0.0,0.0,0.0011486368020996451,0.003789003125647332
StackCube-v1,8,45,0.8181818181818182,6a1b45a33ab104106f449954de3f4c91b9ababda1871caf8bdfa402617c1c1ea,0,0.0015,eef_joint_1-,0.01,0.0,-0.01,0.0,1,1,,1,1,0.0,3.9439122676849365,0.0,0.0,0.0,0.0011486368020996451,0.003789003125647332
StackCube-v1,8,45,0.8181818181818182,6a1b45a33ab104106f449954de3f4c91b9ababda1871caf8bdfa402617c1c1ea,1,0.003,object_pos_x+,0.003,0.003,0.0,0.0,1,1,,1,1,0.0,3.9439122676849365,0.0,0.0,0.0,0.0011486368020996451,0.003789003125647332
StackCube-v1,8,45,0.8181818181818182,6a1b45a33ab104106f449954de3f4c91b9ababda1871caf8bdfa402617c1c1ea,1,0.003,object_pos_x-,0.003,-0.003,0.0,0.0,1,1,,1,1,0.0,3.9439122676849365,0.0,0.0,0.0,0.0011486368020996451,0.003789003125647332
StackCube-v1,8,45,0.8181818181818182,6a1b45a33ab104106f449954de3f4c91b9ababda1871caf8bdfa402617c1c1ea,1,0.003,object_pos_y+,0.003,0.0,0.003,0.0,1,1,,1,1,0.0,3.9439122676849365,0.0,0.0,0.0,0.0011486368020996451,0.003789003125647332
StackCube-v1,8,45,0.8181818181818182,6a1b45a33ab104106f449954de3f4c91b9ababda1871caf8bdfa402617c1c1ea,1,0.003,object_pos_y-,0.003,0.0,-0.003,0.0,1,1,,1,1,0.0,3.9439122676849365,0.0,0.0,0.0,0.0011486368020996451,0.003789003125647332
StackCube-v1,8,45,0.8181818181818182,6a1b45a33ab104106f449954de3f4c91b9ababda1871caf8bdfa402617c1c1ea,1,0.003,eef_joint_1+,0.02,0.0,0.02,0.0,1,1,,1,1,0.0,3.9439122676849365,0.0,0.0,0.0,0.0011486368020996451,0.003789003125647332
StackCube-v1,8,45,0.8181818181818182,6a1b45a33ab104106f449954de3f4c91b9ababda1871caf8bdfa402617c1c1ea,1,0.003,eef_joint_1-,0.02,0.0,-0.02,0.0,1,1,,1,1,0.0,3.9439122676849365,0.0,0.0,0.0,0.0011486368020996451,0.003789003125647332
StackCube-v1,8,45,0.8181818181818182,6a1b45a33ab104106f449954de3f4c91b9ababda1871caf8bdfa402617c1c1ea,2,0.006,object_pos_x+,0.006,0.006,0.0,0.0,1,1,,1,1,0.0,3.9439122676849365,0.0,0.0,0.0,0.0011486368020996451,0.003789003125647332
StackCube-v1,8,45,0.8181818181818182,6a1b45a33ab104106f449954de3f4c91b9ababda1871caf8bdfa402617c1c1ea,2,0.006,object_pos_x-,0.006,-0.006,0.0,0.0,1,1,,1,1,0.0,3.9439122676849365,0.0,0.0,0.0,0.0011486368020996451,0.003789003125647332
StackCube-v1,8,45,0.8181818181818182,6a1b45a33ab104106f449954de3f4c91b9ababda1871caf8bdfa402617c1c1ea,2,0.006,object_pos_y+,0.006,0.0,0.006,0.0,1,1,,1,1,0.0,3.9439122676849365,0.0,0.0,0.0,0.0011486368020996451,0.003789003125647332
StackCube-v1,8,45,0.8181818181818182,6a1b45a33ab104106f449954de3f4c91b9ababda1871caf8bdfa402617c1c1ea,2,0.006,object_pos_y-,0.006,0.0,-0.006,0.0,1,1,,1,1,0.0,3.9439122676849365,0.0,0.0,0.0,0.0011486368020996451,0.003789003125647332
StackCube-v1,8,45,0.8181818181818182,6a1b45a33ab104106f449954de3f4c91b9ababda1871caf8bdfa402617c1c1ea,2,0.006,eef_joint_1+,0.04,0.0,0.04,0.0,1,1,,1,1,0.0,3.9439122676849365,0.0,0.0,0.0,0.0011486368020996451,0.003789003125647332
StackCube-v1,8,45,0.8181818181818182,6a1b45a33ab104106f449954de3f4c91b9ababda1871caf8bdfa402617c1c1ea,2,0.006,eef_joint_1-,0.04,0.0,-0.04,0.0,1,1,,1,1,0.0,3.9439122676849365,0.0,0.0,0.0,0.0011486368020996451,0.003789003125647332
StackCube-v1,8,50,0.9090909090909091,432d63c887a0f22e9fcb6d0563349c6669c58f3aaf11eaa347e5afffdb01a4c5,0,0.0015,object_pos_x+,0.0015,0.0015,0.0,0.0,1,1,,1,1,0.0,3.9439122676849365,0.0,0.0,0.0,0.0001753221295075491,0.0004970423944498541
StackCube-v1,8,50,0.9090909090909091,432d63c887a0f22e9fcb6d0563349c6669c58f3aaf11eaa347e5afffdb01a4c5,0,0.0015,object_pos_x-,0.0015,-0.0015,0.0,0.0,1,1,,1,1,0.0,3.9439122676849365,0.0,0.0,0.0,0.0001753221295075491,0.0004970423944498541
StackCube-v1,8,50,0.9090909090909091,432d63c887a0f22e9fcb6d0563349c6669c58f3aaf11eaa347e5afffdb01a4c5,0,0.0015,object_pos_y+,0.0015,0.0,0.0015,0.0,1,1,,1,1,0.0,3.9439122676849365,0.0,0.0,0.0,0.0001753221295075491,0.0004970423944498541
StackCube-v1,8,50,0.9090909090909091,432d63c887a0f22e9fcb6d0563349c6669c58f3aaf11eaa347e5afffdb01a4c5,0,0.0015,object_pos_y-,0.0015,0.0,-0.0015,0.0,1,1,,1,1,0.0,3.9439122676849365,0.0,0.0,0.0,0.0001753221295075491,0.0004970423944498541
StackCube-v1,8,50,0.9090909090909091,432d63c887a0f22e9fcb6d0563349c6669c58f3aaf11eaa347e5afffdb01a4c5,0,0.0015,eef_joint_1+,0.01,0.0,0.01,0.0,1,1,,1,1,0.0,3.9439122676849365,0.0,0.0,0.0,0.0001753221295075491,0.0004970423944498541
StackCube-v1,8,50,0.9090909090909091,432d63c887a0f22e9fcb6d0563349c6669c58f3aaf11eaa347e5afffdb01a4c5,0,0.0015,eef_joint_1-,0.01,0.0,-0.01,0.0,1,1,,1,1,0.0,3.9439122676849365,0.0,0.0,0.0,0.0001753221295075491,0.0004970423944498541
StackCube-v1,8,50,0.9090909090909091,432d63c887a0f22e9fcb6d0563349c6669c58f3aaf11eaa347e5afffdb01a4c5,1,0.003,object_pos_x+,0.003,0.003,0.0,0.0,1,1,,1,1,0.0,3.9439122676849365,0.0,0.0,0.0,0.0001753221295075491,0.0004970423944498541
StackCube-v1,8,50,0.9090909090909091,432d63c887a0f22e9fcb6d0563349c6669c58f3aaf11eaa347e5afffdb01a4c5,1,0.003,object_pos_x-,0.003,-0.003,0.0,0.0,1,1,,1,1,0.0,3.9439122676849365,0.0,0.0,0.0,0.0001753221295075491,0.0004970423944498541
StackCube-v1,8,50,0.9090909090909091,432d63c887a0f22e9fcb6d0563349c6669c58f3aaf11eaa347e5afffdb01a4c5,1,0.003,object_pos_y+,0.003,0.0,0.003,0.0,1,1,,1,1,0.0,3.9439122676849365,0.0,0.0,0.0,0.0001753221295075491,0.0004970423944498541
StackCube-v1,8,50,0.9090909090909091,432d63c887a0f22e9fcb6d0563349c6669c58f3aaf11eaa347e5afffdb01a4c5,1,0.003,object_pos_y-,0.003,0.0,-0.003,0.0,1,1,,1,1,0.0,3.9439122676849365,0.0,0.0,0.0,0.0001753221295075491,0.0004970423944498541
StackCube-v1,8,50,0.9090909090909091,432d63c887a0f22e9fcb6d0563349c6669c58f3aaf11eaa347e5afffdb01a4c5,1,0.003,eef_joint_1+,0.02,0.0,0.02,0.0,1,1,,1,1,0.0,3.9439122676849365,0.0,0.0,0.0,0.0001753221295075491,0.0004970423944498541
StackCube-v1,8,50,0.9090909090909091,432d63c887a0f22e9fcb6d0563349c6669c58f3aaf11eaa347e5afffdb01a4c5,1,0.003,eef_joint_1-,0.02,0.0,-0.02,0.0,1,1,,1,1,0.0,3.9439122676849365,0.0,0.0,0.0,0.0001753221295075491,0.0004970423944498541
StackCube-v1,8,50,0.9090909090909091,432d63c887a0f22e9fcb6d0563349c6669c58f3aaf11eaa347e5afffdb01a4c5,2,0.006,object_pos_x+,0.006,0.006,0.0,0.0,1,1,,1,1,0.0,3.9439122676849365,0.0,0.0,0.0,0.0001753221295075491,0.0004970423944498541
StackCube-v1,8,50,0.9090909090909091,432d63c887a0f22e9fcb6d0563349c6669c58f3aaf11eaa347e5afffdb01a4c5,2,0.006,object_pos_x-,0.006,-0.006,0.0,0.0,1,1,,1,1,0.0,3.9439122676849365,0.0,0.0,0.0,0.0001753221295075491,0.0004970423944498541
StackCube-v1,8,50,0.9090909090909091,432d63c887a0f22e9fcb6d0563349c6669c58f3aaf11eaa347e5afffdb01a4c5,2,0.006,object_pos_y+,0.006,0.0,0.006,0.0,1,1,,1,1,0.0,3.9439122676849365,0.0,0.0,0.0,0.0001753221295075491,0.0004970423944498541
StackCube-v1,8,50,0.9090909090909091,432d63c887a0f22e9fcb6d0563349c6669c58f3aaf11eaa347e5afffdb01a4c5,2,0.006,object_pos_y-,0.006,0.0,-0.006,0.0,1,1,,1,1,0.0,3.9439122676849365,0.0,0.0,0.0,0.0001753221295075491,0.0004970423944498541
StackCube-v1,8,50,0.9090909090909091,432d63c887a0f22e9fcb6d0563349c6669c58f3aaf11eaa347e5afffdb01a4c5,2,0.006,eef_joint_1+,0.04,0.0,0.04,0.0,1,1,,1,1,0.0,3.9439122676849365,0.0,0.0,0.0,0.0001753221295075491,0.0004970423944498541
StackCube-v1,8,50,0.9090909090909091,432d63c887a0f22e9fcb6d0563349c6669c58f3aaf11eaa347e5afffdb01a4c5,2,0.006,eef_joint_1-,0.04,0.0,-0.04,0.0,1,1,,1,1,0.0,3.9439122676849365,0.0,0.0,0.0,0.0001753221295075491,0.0004970423944498541
StackCube-v1,8,55,1.0,322493bc9e71245699883b2a882a62cbf53d5d6241772fe69d86aa632e10c450,0,0.0015,object_pos_x+,0.0015,0.0015,0.0,0.0,1,1,,1,1,0.0,3.9439122676849365,0.0,0.0,0.0,0.0004478634800761938,0.0004929528453374261
StackCube-v1,8,55,1.0,322493bc9e71245699883b2a882a62cbf53d5d6241772fe69d86aa632e10c450,0,0.0015,object_pos_x-,0.0015,-0.0015,0.0,0.0,1,1,,1,1,0.0,3.9439122676849365,0.0,0.0,0.0,0.0004478634800761938,0.0004929528453374261
StackCube-v1,8,55,1.0,322493bc9e71245699883b2a882a62cbf53d5d6241772fe69d86aa632e10c450,0,0.0015,object_pos_y+,0.0015,0.0,0.0015,0.0,1,1,,1,1,0.0,3.9439122676849365,0.0,0.0,0.0,0.0004478634800761938,0.0004929528453374261
StackCube-v1,8,55,1.0,322493bc9e71245699883b2a882a62cbf53d5d6241772fe69d86aa632e10c450,0,0.0015,object_pos_y-,0.0015,0.0,-0.0015,0.0,1,1,,1,1,0.0,3.9439122676849365,0.0,0.0,0.0,0.0004478634800761938,0.0004929528453374261
StackCube-v1,8,55,1.0,322493bc9e71245699883b2a882a62cbf53d5d6241772fe69d86aa632e10c450,0,0.0015,eef_joint_1+,0.01,0.0,0.01,0.0,1,1,,1,1,0.0,3.9439122676849365,0.0,0.0,0.0,0.0004478634800761938,0.0004929528453374261
StackCube-v1,8,55,1.0,322493bc9e71245699883b2a882a62cbf53d5d6241772fe69d86aa632e10c450,0,0.0015,eef_joint_1-,0.01,0.0,-0.01,0.0,1,1,,1,1,0.0,3.9439122676849365,0.0,0.0,0.0,0.0004478634800761938,0.0004929528453374261
StackCube-v1,8,55,1.0,322493bc9e71245699883b2a882a62cbf53d5d6241772fe69d86aa632e10c450,1,0.003,object_pos_x+,0.003,0.003,0.0,0.0,1,1,,1,1,0.0,3.9439122676849365,0.0,0.0,0.0,0.0004478634800761938,0.0004929528453374261
StackCube-v1,8,55,1.0,322493bc9e71245699883b2a882a62cbf53d5d6241772fe69d86aa632e10c450,1,0.003,object_pos_x-,0.003,-0.003,0.0,0.0,1,1,,1,1,0.0,3.9439122676849365,0.0,0.0,0.0,0.0004478634800761938,0.0004929528453374261
StackCube-v1,8,55,1.0,322493bc9e71245699883b2a882a62cbf53d5d6241772fe69d86aa632e10c450,1,0.003,object_pos_y+,0.003,0.0,0.003,0.0,1,1,,1,1,0.0,3.9439122676849365,0.0,0.0,0.0,0.0004478634800761938,0.0004929528453374261
StackCube-v1,8,55,1.0,322493bc9e71245699883b2a882a62cbf53d5d6241772fe69d86aa632e10c450,1,0.003,object_pos_y-,0.003,0.0,-0.003,0.0,1,1,,1,1,0.0,3.9439122676849365,0.0,0.0,0.0,0.0004478634800761938,0.0004929528453374261
StackCube-v1,8,55,1.0,322493bc9e71245699883b2a882a62cbf53d5d6241772fe69d86aa632e10c450,1,0.003,eef_joint_1+,0.02,0.0,0.02,0.0,1,1,,1,1,0.0,3.9439122676849365,0.0,0.0,0.0,0.0004478634800761938,0.0004929528453374261
StackCube-v1,8,55,1.0,322493bc9e71245699883b2a882a62cbf53d5d6241772fe69d86aa632e10c450,1,0.003,eef_joint_1-,0.02,0.0,-0.02,0.0,1,1,,1,1,0.0,3.9439122676849365,0.0,0.0,0.0,0.0004478634800761938,0.0004929528453374261
StackCube-v1,8,55,1.0,322493bc9e71245699883b2a882a62cbf53d5d6241772fe69d86aa632e10c450,2,0.006,object_pos_x+,0.006,0.006,0.0,0.0,1,1,,1,1,0.0,3.9439122676849365,0.0,0.0,0.0,0.0004478634800761938,0.0004929528453374261
StackCube-v1,8,55,1.0,322493bc9e71245699883b2a882a62cbf53d5d6241772fe69d86aa632e10c450,2,0.006,object_pos_x-,0.006,-0.006,0.0,0.0,1,1,,1,1,0.0,3.9439122676849365,0.0,0.0,0.0,0.0004478634800761938,0.0004929528453374261
StackCube-v1,8,55,1.0,322493bc9e71245699883b2a882a62cbf53d5d6241772fe69d86aa632e10c450,2,0.006,object_pos_y+,0.006,0.0,0.006,0.0,1,1,,1,1,0.0,3.9439122676849365,0.0,0.0,0.0,0.0004478634800761938,0.0004929528453374261
StackCube-v1,8,55,1.0,322493bc9e71245699883b2a882a62cbf53d5d6241772fe69d86aa632e10c450,2,0.006,object_pos_y-,0.006,0.0,-0.006,0.0,1,1,,1,1,0.0,3.9439122676849365,0.0,0.0,0.0,0.0004478634800761938,0.0004929528453374261
StackCube-v1,8,55,1.0,322493bc9e71245699883b2a882a62cbf53d5d6241772fe69d86aa632e10c450,2,0.006,eef_joint_1+,0.04,0.0,0.04,0.0,1,1,,1,1,0.0,3.9439122676849365,0.0,0.0,0.0,0.0004478634800761938,0.0004929528453374261
StackCube-v1,8,55,1.0,322493bc9e71245699883b2a882a62cbf53d5d6241772fe69d86aa632e10c450,2,0.006,eef_joint_1-,0.04,0.0,-0.04,0.0,1,1,,1,1,0.0,3.9439122676849365,0.0,0.0,0.0,0.0004478634800761938,0.0004929528453374261
StackCube-v1,9,0,0.0,36877ec53c5b1bdc51f2f74f23515d39d7a8098de6d9dfaeab54069671652e23,0,0.0015,object_pos_x+,0.0015,0.0015,0.0,0.0,1,1,,1,1,0.0,3.4593122005462646,3.4593122005462646,3.4593122005462646,1.0,0.17736567556858063,0.11425394379421068
StackCube-v1,9,0,0.0,36877ec53c5b1bdc51f2f74f23515d39d7a8098de6d9dfaeab54069671652e23,0,0.0015,object_pos_x-,0.0015,-0.0015,0.0,0.0,1,1,,1,1,0.0,3.4593122005462646,3.4593122005462646,3.4593122005462646,1.0,0.17736567556858063,0.11425394379421068
StackCube-v1,9,0,0.0,36877ec53c5b1bdc51f2f74f23515d39d7a8098de6d9dfaeab54069671652e23,0,0.0015,object_pos_y+,0.0015,0.0,0.0015,0.0,1,1,,1,1,0.0,3.4593122005462646,3.4593122005462646,3.4593122005462646,1.0,0.17736567556858063,0.11425394379421068
StackCube-v1,9,0,0.0,36877ec53c5b1bdc51f2f74f23515d39d7a8098de6d9dfaeab54069671652e23,0,0.0015,object_pos_y-,0.0015,0.0,-0.0015,0.0,1,1,,1,1,0.0,3.4593122005462646,3.4593122005462646,3.4593122005462646,1.0,0.17736567556858063,0.11425394379421068
StackCube-v1,9,0,0.0,36877ec53c5b1bdc51f2f74f23515d39d7a8098de6d9dfaeab54069671652e23,0,0.0015,eef_joint_1+,0.01,0.0,0.01,0.0,1,1,,1,1,0.0,3.4593122005462646,3.4593122005462646,3.4593122005462646,1.0,0.17736567556858063,0.11425394379421068
StackCube-v1,9,0,0.0,36877ec53c5b1bdc51f2f74f23515d39d7a8098de6d9dfaeab54069671652e23,0,0.0015,eef_joint_1-,0.01,0.0,-0.01,0.0,1,1,,1,1,0.0,3.4593122005462646,3.4593122005462646,3.4593122005462646,1.0,0.17736567556858063,0.11425394379421068
StackCube-v1,9,0,0.0,36877ec53c5b1bdc51f2f74f23515d39d7a8098de6d9dfaeab54069671652e23,1,0.003,object_pos_x+,0.003,0.003,0.0,0.0,1,1,,1,1,0.0,3.4593122005462646,3.4593122005462646,3.4593122005462646,1.0,0.17736567556858063,0.11425394379421068
StackCube-v1,9,0,0.0,36877ec53c5b1bdc51f2f74f23515d39d7a8098de6d9dfaeab54069671652e23,1,0.003,object_pos_x-,0.003,-0.003,0.0,0.0,1,1,,1,1,0.0,3.4593122005462646,3.4593122005462646,3.4593122005462646,1.0,0.17736567556858063,0.11425394379421068
StackCube-v1,9,0,0.0,36877ec53c5b1bdc51f2f74f23515d39d7a8098de6d9dfaeab54069671652e23,1,0.003,object_pos_y+,0.003,0.0,0.003,0.0,1,1,,1,1,0.0,3.4593122005462646,3.4593122005462646,3.4593122005462646,1.0,0.17736567556858063,0.11425394379421068
StackCube-v1,9,0,0.0,36877ec53c5b1bdc51f2f74f23515d39d7a8098de6d9dfaeab54069671652e23,1,0.003,object_pos_y-,0.003,0.0,-0.003,0.0,1,1,,1,1,0.0,3.4593122005462646,3.4593122005462646,3.4593122005462646,1.0,0.17736567556858063,0.11425394379421068
StackCube-v1,9,0,0.0,36877ec53c5b1bdc51f2f74f23515d39d7a8098de6d9dfaeab54069671652e23,1,0.003,eef_joint_1+,0.02,0.0,0.02,0.0,1,1,,1,1,0.0,3.4593122005462646,3.4593122005462646,3.4593122005462646,1.0,0.17736567556858063,0.11425394379421068
StackCube-v1,9,0,0.0,36877ec53c5b1bdc51f2f74f23515d39d7a8098de6d9dfaeab54069671652e23,1,0.003,eef_joint_1-,0.02,0.0,-0.02,0.0,1,1,,1,1,0.0,3.4593122005462646,3.4593122005462646,3.4593122005462646,1.0,0.17736567556858063,0.11425394379421068
StackCube-v1,9,0,0.0,36877ec53c5b1bdc51f2f74f23515d39d7a8098de6d9dfaeab54069671652e23,2,0.006,object_pos_x+,0.006,0.006,0.0,0.0,1,1,,1,1,0.33333333333333337,3.4593122005462646,3.4593122005462646,3.4593122005462646,1.0,0.17736567556858063,0.11425394379421068
StackCube-v1,9,0,0.0,36877ec53c5b1bdc51f2f74f23515d39d7a8098de6d9dfaeab54069671652e23,2,0.006,object_pos_x-,0.006,-0.006,0.0,0.0,1,1,,1,1,0.33333333333333337,3.4593122005462646,3.4593122005462646,3.4593122005462646,1.0,0.17736567556858063,0.11425394379421068
StackCube-v1,9,0,0.0,36877ec53c5b1bdc51f2f74f23515d39d7a8098de6d9dfaeab54069671652e23,2,0.006,object_pos_y+,0.006,0.0,0.006,0.0,1,1,,1,1,0.33333333333333337,3.4593122005462646,3.4593122005462646,3.4593122005462646,1.0,0.17736567556858063,0.11425394379421068
StackCube-v1,9,0,0.0,36877ec53c5b1bdc51f2f74f23515d39d7a8098de6d9dfaeab54069671652e23,2,0.006,object_pos_y-,0.006,0.0,-0.006,0.0,1,1,,1,1,0.33333333333333337,3.4593122005462646,3.4593122005462646,3.4593122005462646,1.0,0.17736567556858063,0.11425394379421068
StackCube-v1,9,0,0.0,36877ec53c5b1bdc51f2f74f23515d39d7a8098de6d9dfaeab54069671652e23,2,0.006,eef_joint_1+,0.04,0.0,0.04,0.0,0,1,,1,1,0.33333333333333337,3.4593122005462646,3.4593122005462646,3.4593122005462646,1.0,0.17736567556858063,0.11425394379421068
StackCube-v1,9,0,0.0,36877ec53c5b1bdc51f2f74f23515d39d7a8098de6d9dfaeab54069671652e23,2,0.006,eef_joint_1-,0.04,0.0,-0.04,0.0,0,1,,1,1,0.33333333333333337,3.4593122005462646,3.4593122005462646,3.4593122005462646,1.0,0.17736567556858063,0.11425394379421068
StackCube-v1,9,5,0.09090909090909091,61b54d59db573b185575444ff1bc72a7bdb4645a06848622c02782dcdba0dd6f,0,0.0015,object_pos_x+,0.0015,0.0015,0.0,0.0,1,1,,1,1,0.0,3.4593122005462646,0.0,0.0,0.0,0.06873692572116852,0.11425431566912927
StackCube-v1,9,5,0.09090909090909091,61b54d59db573b185575444ff1bc72a7bdb4645a06848622c02782dcdba0dd6f,0,0.0015,object_pos_x-,0.0015,-0.0015,0.0,0.0,1,1,,1,1,0.0,3.4593122005462646,0.0,0.0,0.0,0.06873692572116852,0.11425431566912927
StackCube-v1,9,5,0.09090909090909091,61b54d59db573b185575444ff1bc72a7bdb4645a06848622c02782dcdba0dd6f,0,0.0015,object_pos_y+,0.0015,0.0,0.0015,0.0,1,1,,1,1,0.0,3.4593122005462646,0.0,0.0,0.0,0.06873692572116852,0.11425431566912927
StackCube-v1,9,5,0.09090909090909091,61b54d59db573b185575444ff1bc72a7bdb4645a06848622c02782dcdba0dd6f,0,0.0015,object_pos_y-,0.0015,0.0,-0.0015,0.0,1,1,,1,1,0.0,3.4593122005462646,0.0,0.0,0.0,0.06873692572116852,0.11425431566912927
StackCube-v1,9,5,0.09090909090909091,61b54d59db573b185575444ff1bc72a7bdb4645a06848622c02782dcdba0dd6f,0,0.0015,eef_joint_1+,0.01,0.0,0.01,0.0,1,1,,1,1,0.0,3.4593122005462646,0.0,0.0,0.0,0.06873692572116852,0.11425431566912927
StackCube-v1,9,5,0.09090909090909091,61b54d59db573b185575444ff1bc72a7bdb4645a06848622c02782dcdba0dd6f,0,0.0015,eef_joint_1-,0.01,0.0,-0.01,0.0,1,1,,1,1,0.0,3.4593122005462646,0.0,0.0,0.0,0.06873692572116852,0.11425431566912927
StackCube-v1,9,5,0.09090909090909091,61b54d59db573b185575444ff1bc72a7bdb4645a06848622c02782dcdba0dd6f,1,0.003,object_pos_x+,0.003,0.003,0.0,0.0,1,1,,1,1,0.0,3.4593122005462646,0.0,0.0,0.0,0.06873692572116852,0.11425431566912927
StackCube-v1,9,5,0.09090909090909091,61b54d59db573b185575444ff1bc72a7bdb4645a06848622c02782dcdba0dd6f,1,0.003,object_pos_x-,0.003,-0.003,0.0,0.0,1,1,,1,1,0.0,3.4593122005462646,0.0,0.0,0.0,0.06873692572116852,0.11425431566912927
StackCube-v1,9,5,0.09090909090909091,61b54d59db573b185575444ff1bc72a7bdb4645a06848622c02782dcdba0dd6f,1,0.003,object_pos_y+,0.003,0.0,0.003,0.0,1,1,,1,1,0.0,3.4593122005462646,0.0,0.0,0.0,0.06873692572116852,0.11425431566912927
StackCube-v1,9,5,0.09090909090909091,61b54d59db573b185575444ff1bc72a7bdb4645a06848622c02782dcdba0dd6f,1,0.003,object_pos_y-,0.003,0.0,-0.003,0.0,1,1,,1,1,0.0,3.4593122005462646,0.0,0.0,0.0,0.06873692572116852,0.11425431566912927
StackCube-v1,9,5,0.09090909090909091,61b54d59db573b185575444ff1bc72a7bdb4645a06848622c02782dcdba0dd6f,1,0.003,eef_joint_1+,0.02,0.0,0.02,0.0,1,1,,1,1,0.0,3.4593122005462646,0.0,0.0,0.0,0.06873692572116852,0.11425431566912927
StackCube-v1,9,5,0.09090909090909091,61b54d59db573b185575444ff1bc72a7bdb4645a06848622c02782dcdba0dd6f,1,0.003,eef_joint_1-,0.02,0.0,-0.02,0.0,1,1,,1,1,0.0,3.4593122005462646,0.0,0.0,0.0,0.06873692572116852,0.11425431566912927
StackCube-v1,9,5,0.09090909090909091,61b54d59db573b185575444ff1bc72a7bdb4645a06848622c02782dcdba0dd6f,2,0.006,object_pos_x+,0.006,0.006,0.0,0.0,1,1,,1,1,0.33333333333333337,3.4593122005462646,0.0,0.0,0.0,0.06873692572116852,0.11425431566912927
StackCube-v1,9,5,0.09090909090909091,61b54d59db573b185575444ff1bc72a7bdb4645a06848622c02782dcdba0dd6f,2,0.006,object_pos_x-,0.006,-0.006,0.0,0.0,1,1,,1,1,0.33333333333333337,3.4593122005462646,0.0,0.0,0.0,0.06873692572116852,0.11425431566912927
StackCube-v1,9,5,0.09090909090909091,61b54d59db573b185575444ff1bc72a7bdb4645a06848622c02782dcdba0dd6f,2,0.006,object_pos_y+,0.006,0.0,0.006,0.0,1,1,,1,1,0.33333333333333337,3.4593122005462646,0.0,0.0,0.0,0.06873692572116852,0.11425431566912927
StackCube-v1,9,5,0.09090909090909091,61b54d59db573b185575444ff1bc72a7bdb4645a06848622c02782dcdba0dd6f,2,0.006,object_pos_y-,0.006,0.0,-0.006,0.0,1,1,,1,1,0.33333333333333337,3.4593122005462646,0.0,0.0,0.0,0.06873692572116852,0.11425431566912927
StackCube-v1,9,5,0.09090909090909091,61b54d59db573b185575444ff1bc72a7bdb4645a06848622c02782dcdba0dd6f,2,0.006,eef_joint_1+,0.04,0.0,0.04,0.0,0,1,,1,1,0.33333333333333337,3.4593122005462646,0.0,0.0,0.0,0.06873692572116852,0.11425431566912927
StackCube-v1,9,5,0.09090909090909091,61b54d59db573b185575444ff1bc72a7bdb4645a06848622c02782dcdba0dd6f,2,0.006,eef_joint_1-,0.04,0.0,-0.04,0.0,0,1,,1,1,0.33333333333333337,3.4593122005462646,0.0,0.0,0.0,0.06873692572116852,0.11425431566912927
StackCube-v1,9,10,0.18181818181818182,3986eea098ab82af264dfdf1338ee16589c842f169ba79063d63f5dfa7ec7521,0,0.0015,object_pos_x+,0.0015,0.0015,0.0,0.0,1,1,,1,1,0.0,3.4581990242004395,0.0,0.0,0.0,0.03287457674741745,0.11425466974043914
StackCube-v1,9,10,0.18181818181818182,3986eea098ab82af264dfdf1338ee16589c842f169ba79063d63f5dfa7ec7521,0,0.0015,object_pos_x-,0.0015,-0.0015,0.0,0.0,1,1,,1,1,0.0,3.4581990242004395,0.0,0.0,0.0,0.03287457674741745,0.11425466974043914
StackCube-v1,9,10,0.18181818181818182,3986eea098ab82af264dfdf1338ee16589c842f169ba79063d63f5dfa7ec7521,0,0.0015,object_pos_y+,0.0015,0.0,0.0015,0.0,1,1,,1,1,0.0,3.4581990242004395,0.0,0.0,0.0,0.03287457674741745,0.11425466974043914
StackCube-v1,9,10,0.18181818181818182,3986eea098ab82af264dfdf1338ee16589c842f169ba79063d63f5dfa7ec7521,0,0.0015,object_pos_y-,0.0015,0.0,-0.0015,0.0,1,1,,1,1,0.0,3.4581990242004395,0.0,0.0,0.0,0.03287457674741745,0.11425466974043914
StackCube-v1,9,10,0.18181818181818182,3986eea098ab82af264dfdf1338ee16589c842f169ba79063d63f5dfa7ec7521,0,0.0015,eef_joint_1+,0.01,0.0,0.01,0.0,1,1,,1,1,0.0,3.4581990242004395,0.0,0.0,0.0,0.03287457674741745,0.11425466974043914
StackCube-v1,9,10,0.18181818181818182,3986eea098ab82af264dfdf1338ee16589c842f169ba79063d63f5dfa7ec7521,0,0.0015,eef_joint_1-,0.01,0.0,-0.01,0.0,1,1,,1,1,0.0,3.4581990242004395,0.0,0.0,0.0,0.03287457674741745,0.11425466974043914
StackCube-v1,9,10,0.18181818181818182,3986eea098ab82af264dfdf1338ee16589c842f169ba79063d63f5dfa7ec7521,1,0.003,object_pos_x+,0.003,0.003,0.0,0.0,1,1,,1,1,0.0,3.4581990242004395,0.0,0.0,0.0,0.03287457674741745,0.11425466974043914
StackCube-v1,9,10,0.18181818181818182,3986eea098ab82af264dfdf1338ee16589c842f169ba79063d63f5dfa7ec7521,1,0.003,object_pos_x-,0.003,-0.003,0.0,0.0,1,1,,1,1,0.0,3.4581990242004395,0.0,0.0,0.0,0.03287457674741745,0.11425466974043914
StackCube-v1,9,10,0.18181818181818182,3986eea098ab82af264dfdf1338ee16589c842f169ba79063d63f5dfa7ec7521,1,0.003,object_pos_y+,0.003,0.0,0.003,0.0,1,1,,1,1,0.0,3.4581990242004395,0.0,0.0,0.0,0.03287457674741745,0.11425466974043914
StackCube-v1,9,10,0.18181818181818182,3986eea098ab82af264dfdf1338ee16589c842f169ba79063d63f5dfa7ec7521,1,0.003,object_pos_y-,0.003,0.0,-0.003,0.0,1,1,,1,1,0.0,3.4581990242004395,0.0,0.0,0.0,0.03287457674741745,0.11425466974043914
StackCube-v1,9,10,0.18181818181818182,3986eea098ab82af264dfdf1338ee16589c842f169ba79063d63f5dfa7ec7521,1,0.003,eef_joint_1+,0.02,0.0,0.02,0.0,1,1,,1,1,0.0,3.4581990242004395,0.0,0.0,0.0,0.03287457674741745,0.11425466974043914
StackCube-v1,9,10,0.18181818181818182,3986eea098ab82af264dfdf1338ee16589c842f169ba79063d63f5dfa7ec7521,1,0.003,eef_joint_1-,0.02,0.0,-0.02,0.0,1,1,,1,1,0.0,3.4581990242004395,0.0,0.0,0.0,0.03287457674741745,0.11425466974043914
StackCube-v1,9,10,0.18181818181818182,3986eea098ab82af264dfdf1338ee16589c842f169ba79063d63f5dfa7ec7521,2,0.006,object_pos_x+,0.006,0.006,0.0,0.0,1,1,,1,1,0.33333333333333337,3.4581990242004395,0.0,0.0,0.0,0.03287457674741745,0.11425466974043914
StackCube-v1,9,10,0.18181818181818182,3986eea098ab82af264dfdf1338ee16589c842f169ba79063d63f5dfa7ec7521,2,0.006,object_pos_x-,0.006,-0.006,0.0,0.0,1,1,,1,1,0.33333333333333337,3.4581990242004395,0.0,0.0,0.0,0.03287457674741745,0.11425466974043914
StackCube-v1,9,10,0.18181818181818182,3986eea098ab82af264dfdf1338ee16589c842f169ba79063d63f5dfa7ec7521,2,0.006,object_pos_y+,0.006,0.0,0.006,0.0,1,1,,1,1,0.33333333333333337,3.4581990242004395,0.0,0.0,0.0,0.03287457674741745,0.11425466974043914
StackCube-v1,9,10,0.18181818181818182,3986eea098ab82af264dfdf1338ee16589c842f169ba79063d63f5dfa7ec7521,2,0.006,object_pos_y-,0.006,0.0,-0.006,0.0,1,1,,1,1,0.33333333333333337,3.4581990242004395,0.0,0.0,0.0,0.03287457674741745,0.11425466974043914
StackCube-v1,9,10,0.18181818181818182,3986eea098ab82af264dfdf1338ee16589c842f169ba79063d63f5dfa7ec7521,2,0.006,eef_joint_1+,0.04,0.0,0.04,0.0,0,1,,1,1,0.33333333333333337,3.4581990242004395,0.0,0.0,0.0,0.03287457674741745,0.11425466974043914
StackCube-v1,9,10,0.18181818181818182,3986eea098ab82af264dfdf1338ee16589c842f169ba79063d63f5dfa7ec7521,2,0.006,eef_joint_1-,0.04,0.0,-0.04,0.0,0,1,,1,1,0.33333333333333337,3.4581990242004395,0.0,0.0,0.0,0.03287457674741745,0.11425466974043914
StackCube-v1,9,15,0.2727272727272727,556d649ea215cec48f72458cba218a304cabdd9c89ab3978efda66b5d2de8a85,0,0.0015,object_pos_x+,0.0015,0.0015,0.0,0.0,1,1,,1,1,0.0,3.4581990242004395,0.0,0.0,0.0,0.00212640012614429,0.11425466322223854
StackCube-v1,9,15,0.2727272727272727,556d649ea215cec48f72458cba218a304cabdd9c89ab3978efda66b5d2de8a85,0,0.0015,object_pos_x-,0.0015,-0.0015,0.0,0.0,1,1,,1,1,0.0,3.4581990242004395,0.0,0.0,0.0,0.00212640012614429,0.11425466322223854
StackCube-v1,9,15,0.2727272727272727,556d649ea215cec48f72458cba218a304cabdd9c89ab3978efda66b5d2de8a85,0,0.0015,object_pos_y+,0.0015,0.0,0.0015,0.0,1,1,,1,1,0.0,3.4581990242004395,0.0,0.0,0.0,0.00212640012614429,0.11425466322223854
StackCube-v1,9,15,0.2727272727272727,556d649ea215cec48f72458cba218a304cabdd9c89ab3978efda66b5d2de8a85,0,0.0015,object_pos_y-,0.0015,0.0,-0.0015,0.0,1,1,,1,1,0.0,3.4581990242004395,0.0,0.0,0.0,0.00212640012614429,0.11425466322223854
StackCube-v1,9,15,0.2727272727272727,556d649ea215cec48f72458cba218a304cabdd9c89ab3978efda66b5d2de8a85,0,0.0015,eef_joint_1+,0.01,0.0,0.01,0.0,1,1,,1,1,0.0,3.4581990242004395,0.0,0.0,0.0,0.00212640012614429,0.11425466322223854
StackCube-v1,9,15,0.2727272727272727,556d649ea215cec48f72458cba218a304cabdd9c89ab3978efda66b5d2de8a85,0,0.0015,eef_joint_1-,0.01,0.0,-0.01,0.0,1,1,,1,1,0.0,3.4581990242004395,0.0,0.0,0.0,0.00212640012614429,0.11425466322223854
StackCube-v1,9,15,0.2727272727272727,556d649ea215cec48f72458cba218a304cabdd9c89ab3978efda66b5d2de8a85,1,0.003,object_pos_x+,0.003,0.003,0.0,0.0,1,1,,1,1,0.0,3.4581990242004395,0.0,0.0,0.0,0.00212640012614429,0.11425466322223854
StackCube-v1,9,15,0.2727272727272727,556d649ea215cec48f72458cba218a304cabdd9c89ab3978efda66b5d2de8a85,1,0.003,object_pos_x-,0.003,-0.003,0.0,0.0,1,1,,1,1,0.0,3.4581990242004395,0.0,0.0,0.0,0.00212640012614429,0.11425466322223854
StackCube-v1,9,15,0.2727272727272727,556d649ea215cec48f72458cba218a304cabdd9c89ab3978efda66b5d2de8a85,1,0.003,object_pos_y+,0.003,0.0,0.003,0.0,1,1,,1,1,0.0,3.4581990242004395,0.0,0.0,0.0,0.00212640012614429,0.11425466322223854
StackCube-v1,9,15,0.2727272727272727,556d649ea215cec48f72458cba218a304cabdd9c89ab3978efda66b5d2de8a85,1,0.003,object_pos_y-,0.003,0.0,-0.003,0.0,1,1,,1,1,0.0,3.4581990242004395,0.0,0.0,0.0,0.00212640012614429,0.11425466322223854
StackCube-v1,9,15,0.2727272727272727,556d649ea215cec48f72458cba218a304cabdd9c89ab3978efda66b5d2de8a85,1,0.003,eef_joint_1+,0.02,0.0,0.02,0.0,1,1,,1,1,0.0,3.4581990242004395,0.0,0.0,0.0,0.00212640012614429,0.11425466322223854
StackCube-v1,9,15,0.2727272727272727,556d649ea215cec48f72458cba218a304cabdd9c89ab3978efda66b5d2de8a85,1,0.003,eef_joint_1-,0.02,0.0,-0.02,0.0,1,1,,1,1,0.0,3.4581990242004395,0.0,0.0,0.0,0.00212640012614429,0.11425466322223854
StackCube-v1,9,15,0.2727272727272727,556d649ea215cec48f72458cba218a304cabdd9c89ab3978efda66b5d2de8a85,2,0.006,object_pos_x+,0.006,0.006,0.0,0.0,1,1,,1,1,0.33333333333333337,3.4581990242004395,0.0,0.0,0.0,0.00212640012614429,0.11425466322223854
StackCube-v1,9,15,0.2727272727272727,556d649ea215cec48f72458cba218a304cabdd9c89ab3978efda66b5d2de8a85,2,0.006,object_pos_x-,0.006,-0.006,0.0,0.0,1,1,,1,1,0.33333333333333337,3.4581990242004395,0.0,0.0,0.0,0.00212640012614429,0.11425466322223854
StackCube-v1,9,15,0.2727272727272727,556d649ea215cec48f72458cba218a304cabdd9c89ab3978efda66b5d2de8a85,2,0.006,object_pos_y+,0.006,0.0,0.006,0.0,1,1,,1,1,0.33333333333333337,3.4581990242004395,0.0,0.0,0.0,0.00212640012614429,0.11425466322223854
StackCube-v1,9,15,0.2727272727272727,556d649ea215cec48f72458cba218a304cabdd9c89ab3978efda66b5d2de8a85,2,0.006,object_pos_y-,0.006,0.0,-0.006,0.0,1,1,,1,1,0.33333333333333337,3.4581990242004395,0.0,0.0,0.0,0.00212640012614429,0.11425466322223854
StackCube-v1,9,15,0.2727272727272727,556d649ea215cec48f72458cba218a304cabdd9c89ab3978efda66b5d2de8a85,2,0.006,eef_joint_1+,0.04,0.0,0.04,0.0,0,1,,1,1,0.33333333333333337,3.4581990242004395,0.0,0.0,0.0,0.00212640012614429,0.11425466322223854
StackCube-v1,9,15,0.2727272727272727,556d649ea215cec48f72458cba218a304cabdd9c89ab3978efda66b5d2de8a85,2,0.006,eef_joint_1-,0.04,0.0,-0.04,0.0,0,1,,1,1,0.33333333333333337,3.4581990242004395,0.0,0.0,0.0,0.00212640012614429,0.11425466322223854
StackCube-v1,9,20,0.36363636363636365,6274d0fd478df9b416e991545e3aee23b2708fb746d1e147b2d80da5c9541a31,0,0.0015,object_pos_x+,0.0015,0.0015,0.0,0.0,1,1,,1,1,0.0,3.4581990242004395,0.0,0.0,0.0,0.0005226469365879893,0.11460083703647894
StackCube-v1,9,20,0.36363636363636365,6274d0fd478df9b416e991545e3aee23b2708fb746d1e147b2d80da5c9541a31,0,0.0015,object_pos_x-,0.0015,-0.0015,0.0,0.0,1,1,,1,1,0.0,3.4581990242004395,0.0,0.0,0.0,0.0005226469365879893,0.11460083703647894
StackCube-v1,9,20,0.36363636363636365,6274d0fd478df9b416e991545e3aee23b2708fb746d1e147b2d80da5c9541a31,0,0.0015,object_pos_y+,0.0015,0.0,0.0015,0.0,1,1,,1,1,0.0,3.4581990242004395,0.0,0.0,0.0,0.0005226469365879893,0.11460083703647894
StackCube-v1,9,20,0.36363636363636365,6274d0fd478df9b416e991545e3aee23b2708fb746d1e147b2d80da5c9541a31,0,0.0015,object_pos_y-,0.0015,0.0,-0.0015,0.0,1,1,,1,1,0.0,3.4581990242004395,0.0,0.0,0.0,0.0005226469365879893,0.11460083703647894
StackCube-v1,9,20,0.36363636363636365,6274d0fd478df9b416e991545e3aee23b2708fb746d1e147b2d80da5c9541a31,0,0.0015,eef_joint_1+,0.01,0.0,0.01,0.0,1,1,,1,1,0.0,3.4581990242004395,0.0,0.0,0.0,0.0005226469365879893,0.11460083703647894
StackCube-v1,9,20,0.36363636363636365,6274d0fd478df9b416e991545e3aee23b2708fb746d1e147b2d80da5c9541a31,0,0.0015,eef_joint_1-,0.01,0.0,-0.01,0.0,1,1,,1,1,0.0,3.4581990242004395,0.0,0.0,0.0,0.0005226469365879893,0.11460083703647894
StackCube-v1,9,20,0.36363636363636365,6274d0fd478df9b416e991545e3aee23b2708fb746d1e147b2d80da5c9541a31,1,0.003,object_pos_x+,0.003,0.003,0.0,0.0,1,1,,1,1,0.33333333333333337,3.4581990242004395,0.0,0.0,0.0,0.0005226469365879893,0.11460083703647894
StackCube-v1,9,20,0.36363636363636365,6274d0fd478df9b416e991545e3aee23b2708fb746d1e147b2d80da5c9541a31,1,0.003,object_pos_x-,0.003,-0.003,0.0,0.0,1,1,,1,1,0.33333333333333337,3.4581990242004395,0.0,0.0,0.0,0.0005226469365879893,0.11460083703647894
StackCube-v1,9,20,0.36363636363636365,6274d0fd478df9b416e991545e3aee23b2708fb746d1e147b2d80da5c9541a31,1,0.003,object_pos_y+,0.003,0.0,0.003,0.0,1,1,,1,1,0.33333333333333337,3.4581990242004395,0.0,0.0,0.0,0.0005226469365879893,0.11460083703647894
StackCube-v1,9,20,0.36363636363636365,6274d0fd478df9b416e991545e3aee23b2708fb746d1e147b2d80da5c9541a31,1,0.003,object_pos_y-,0.003,0.0,-0.003,0.0,1,1,,1,1,0.33333333333333337,3.4581990242004395,0.0,0.0,0.0,0.0005226469365879893,0.11460083703647894
StackCube-v1,9,20,0.36363636363636365,6274d0fd478df9b416e991545e3aee23b2708fb746d1e147b2d80da5c9541a31,1,0.003,eef_joint_1+,0.02,0.0,0.02,0.0,0,1,,1,1,0.33333333333333337,3.4581990242004395,0.0,0.0,0.0,0.0005226469365879893,0.11460083703647894
StackCube-v1,9,20,0.36363636363636365,6274d0fd478df9b416e991545e3aee23b2708fb746d1e147b2d80da5c9541a31,1,0.003,eef_joint_1-,0.02,0.0,-0.02,0.0,0,1,,1,1,0.33333333333333337,3.4581990242004395,0.0,0.0,0.0,0.0005226469365879893,0.11460083703647894
StackCube-v1,9,20,0.36363636363636365,6274d0fd478df9b416e991545e3aee23b2708fb746d1e147b2d80da5c9541a31,2,0.006,object_pos_x+,0.006,0.006,0.0,0.0,1,1,,1,1,0.33333333333333337,3.4581990242004395,0.0,0.0,0.0,0.0005226469365879893,0.11460083703647894
StackCube-v1,9,20,0.36363636363636365,6274d0fd478df9b416e991545e3aee23b2708fb746d1e147b2d80da5c9541a31,2,0.006,object_pos_x-,0.006,-0.006,0.0,0.0,1,1,,1,1,0.33333333333333337,3.4581990242004395,0.0,0.0,0.0,0.0005226469365879893,0.11460083703647894
StackCube-v1,9,20,0.36363636363636365,6274d0fd478df9b416e991545e3aee23b2708fb746d1e147b2d80da5c9541a31,2,0.006,object_pos_y+,0.006,0.0,0.006,0.0,1,1,,1,1,0.33333333333333337,3.4581990242004395,0.0,0.0,0.0,0.0005226469365879893,0.11460083703647894
StackCube-v1,9,20,0.36363636363636365,6274d0fd478df9b416e991545e3aee23b2708fb746d1e147b2d80da5c9541a31,2,0.006,object_pos_y-,0.006,0.0,-0.006,0.0,1,1,,1,1,0.33333333333333337,3.4581990242004395,0.0,0.0,0.0,0.0005226469365879893,0.11460083703647894
StackCube-v1,9,20,0.36363636363636365,6274d0fd478df9b416e991545e3aee23b2708fb746d1e147b2d80da5c9541a31,2,0.006,eef_joint_1+,0.04,0.0,0.04,0.0,0,1,,1,1,0.33333333333333337,3.4581990242004395,0.0,0.0,0.0,0.0005226469365879893,0.11460083703647894
StackCube-v1,9,20,0.36363636363636365,6274d0fd478df9b416e991545e3aee23b2708fb746d1e147b2d80da5c9541a31,2,0.006,eef_joint_1-,0.04,0.0,-0.04,0.0,0,1,,1,1,0.33333333333333337,3.4581990242004395,0.0,0.0,0.0,0.0005226469365879893,0.11460083703647894
StackCube-v1,9,25,0.45454545454545453,a3a51ba8b11462c274c370aef19a2155f2780cc9d49293ef6f2272dc1a390f96,0,0.0015,object_pos_x+,0.0015,0.0015,0.0,0.0,1,1,,1,1,0.0,3.4618406295776367,0.0,0.14000003039836884,0.0,0.0005018759984523058,0.12049278454389574
StackCube-v1,9,25,0.45454545454545453,a3a51ba8b11462c274c370aef19a2155f2780cc9d49293ef6f2272dc1a390f96,0,0.0015,object_pos_x-,0.0015,-0.0015,0.0,0.0,1,1,,1,1,0.0,3.4618406295776367,0.0,0.14000003039836884,0.0,0.0005018759984523058,0.12049278454389574
StackCube-v1,9,25,0.45454545454545453,a3a51ba8b11462c274c370aef19a2155f2780cc9d49293ef6f2272dc1a390f96,0,0.0015,object_pos_y+,0.0015,0.0,0.0015,0.0,1,1,,1,1,0.0,3.4618406295776367,0.0,0.14000003039836884,0.0,0.0005018759984523058,0.12049278454389574
StackCube-v1,9,25,0.45454545454545453,a3a51ba8b11462c274c370aef19a2155f2780cc9d49293ef6f2272dc1a390f96,0,0.0015,object_pos_y-,0.0015,0.0,-0.0015,0.0,1,1,,1,1,0.0,3.4618406295776367,0.0,0.14000003039836884,0.0,0.0005018759984523058,0.12049278454389574
StackCube-v1,9,25,0.45454545454545453,a3a51ba8b11462c274c370aef19a2155f2780cc9d49293ef6f2272dc1a390f96,0,0.0015,eef_joint_1+,0.01,0.0,0.01,0.0,1,1,,1,1,0.0,3.4618406295776367,0.0,0.14000003039836884,0.0,0.0005018759984523058,0.12049278454389574
StackCube-v1,9,25,0.45454545454545453,a3a51ba8b11462c274c370aef19a2155f2780cc9d49293ef6f2272dc1a390f96,0,0.0015,eef_joint_1-,0.01,0.0,-0.01,0.0,1,1,,1,1,0.0,3.4618406295776367,0.0,0.14000003039836884,0.0,0.0005018759984523058,0.12049278454389574
StackCube-v1,9,25,0.45454545454545453,a3a51ba8b11462c274c370aef19a2155f2780cc9d49293ef6f2272dc1a390f96,1,0.003,object_pos_x+,0.003,0.003,0.0,0.0,1,1,,1,1,0.33333333333333337,3.4618406295776367,0.0,0.14000003039836884,0.0,0.0005018759984523058,0.12049278454389574
StackCube-v1,9,25,0.45454545454545453,a3a51ba8b11462c274c370aef19a2155f2780cc9d49293ef6f2272dc1a390f96,1,0.003,object_pos_x-,0.003,-0.003,0.0,0.0,1,1,,1,1,0.33333333333333337,3.4618406295776367,0.0,0.14000003039836884,0.0,0.0005018759984523058,0.12049278454389574
StackCube-v1,9,25,0.45454545454545453,a3a51ba8b11462c274c370aef19a2155f2780cc9d49293ef6f2272dc1a390f96,1,0.003,object_pos_y+,0.003,0.0,0.003,0.0,1,1,,1,1,0.33333333333333337,3.4618406295776367,0.0,0.14000003039836884,0.0,0.0005018759984523058,0.12049278454389574
StackCube-v1,9,25,0.45454545454545453,a3a51ba8b11462c274c370aef19a2155f2780cc9d49293ef6f2272dc1a390f96,1,0.003,object_pos_y-,0.003,0.0,-0.003,0.0,1,1,,1,1,0.33333333333333337,3.4618406295776367,0.0,0.14000003039836884,0.0,0.0005018759984523058,0.12049278454389574
StackCube-v1,9,25,0.45454545454545453,a3a51ba8b11462c274c370aef19a2155f2780cc9d49293ef6f2272dc1a390f96,1,0.003,eef_joint_1+,0.02,0.0,0.02,0.0,0,1,,1,1,0.33333333333333337,3.4618406295776367,0.0,0.14000003039836884,0.0,0.0005018759984523058,0.12049278454389574
StackCube-v1,9,25,0.45454545454545453,a3a51ba8b11462c274c370aef19a2155f2780cc9d49293ef6f2272dc1a390f96,1,0.003,eef_joint_1-,0.02,0.0,-0.02,0.0,0,1,,1,1,0.33333333333333337,3.4618406295776367,0.0,0.14000003039836884,0.0,0.0005018759984523058,0.12049278454389574
StackCube-v1,9,25,0.45454545454545453,a3a51ba8b11462c274c370aef19a2155f2780cc9d49293ef6f2272dc1a390f96,2,0.006,object_pos_x+,0.006,0.006,0.0,0.0,1,1,,1,1,0.33333333333333337,3.4618406295776367,0.0,0.14000003039836884,0.0,0.0005018759984523058,0.12049278454389574
StackCube-v1,9,25,0.45454545454545453,a3a51ba8b11462c274c370aef19a2155f2780cc9d49293ef6f2272dc1a390f96,2,0.006,object_pos_x-,0.006,-0.006,0.0,0.0,1,1,,1,1,0.33333333333333337,3.4618406295776367,0.0,0.14000003039836884,0.0,0.0005018759984523058,0.12049278454389574
StackCube-v1,9,25,0.45454545454545453,a3a51ba8b11462c274c370aef19a2155f2780cc9d49293ef6f2272dc1a390f96,2,0.006,object_pos_y+,0.006,0.0,0.006,0.0,1,1,,1,1,0.33333333333333337,3.4618406295776367,0.0,0.14000003039836884,0.0,0.0005018759984523058,0.12049278454389574
StackCube-v1,9,25,0.45454545454545453,a3a51ba8b11462c274c370aef19a2155f2780cc9d49293ef6f2272dc1a390f96,2,0.006,object_pos_y-,0.006,0.0,-0.006,0.0,1,1,,1,1,0.33333333333333337,3.4618406295776367,0.0,0.14000003039836884,0.0,0.0005018759984523058,0.12049278454389574
StackCube-v1,9,25,0.45454545454545453,a3a51ba8b11462c274c370aef19a2155f2780cc9d49293ef6f2272dc1a390f96,2,0.006,eef_joint_1+,0.04,0.0,0.04,0.0,0,1,,1,1,0.33333333333333337,3.4618406295776367,0.0,0.14000003039836884,0.0,0.0005018759984523058,0.12049278454389574
StackCube-v1,9,25,0.45454545454545453,a3a51ba8b11462c274c370aef19a2155f2780cc9d49293ef6f2272dc1a390f96,2,0.006,eef_joint_1-,0.04,0.0,-0.04,0.0,0,1,,1,1,0.33333333333333337,3.4618406295776367,0.0,0.14000003039836884,0.0,0.0005018759984523058,0.12049278454389574
StackCube-v1,9,30,0.5454545454545454,6b80b83a05e3dd3ae7a02e4a03c7760876f534784f8774a259a26db995fe2e0a,0,0.0015,object_pos_x+,0.0015,0.0015,0.0,0.0,1,1,,1,1,0.0,3.4618406295776367,0.0,0.0,0.0,0.0005244762869551778,0.1443042986433065
StackCube-v1,9,30,0.5454545454545454,6b80b83a05e3dd3ae7a02e4a03c7760876f534784f8774a259a26db995fe2e0a,0,0.0015,object_pos_x-,0.0015,-0.0015,0.0,0.0,1,1,,1,1,0.0,3.4618406295776367,0.0,0.0,0.0,0.0005244762869551778,0.1443042986433065
StackCube-v1,9,30,0.5454545454545454,6b80b83a05e3dd3ae7a02e4a03c7760876f534784f8774a259a26db995fe2e0a,0,0.0015,object_pos_y+,0.0015,0.0,0.0015,0.0,1,1,,1,1,0.0,3.4618406295776367,0.0,0.0,0.0,0.0005244762869551778,0.1443042986433065
StackCube-v1,9,30,0.5454545454545454,6b80b83a05e3dd3ae7a02e4a03c7760876f534784f8774a259a26db995fe2e0a,0,0.0015,object_pos_y-,0.0015,0.0,-0.0015,0.0,1,1,,1,1,0.0,3.4618406295776367,0.0,0.0,0.0,0.0005244762869551778,0.1443042986433065
StackCube-v1,9,30,0.5454545454545454,6b80b83a05e3dd3ae7a02e4a03c7760876f534784f8774a259a26db995fe2e0a,0,0.0015,eef_joint_1+,0.01,0.0,0.01,0.0,1,1,,1,1,0.0,3.4618406295776367,0.0,0.0,0.0,0.0005244762869551778,0.1443042986433065
StackCube-v1,9,30,0.5454545454545454,6b80b83a05e3dd3ae7a02e4a03c7760876f534784f8774a259a26db995fe2e0a,0,0.0015,eef_joint_1-,0.01,0.0,-0.01,0.0,1,1,,1,1,0.0,3.4618406295776367,0.0,0.0,0.0,0.0005244762869551778,0.1443042986433065
StackCube-v1,9,30,0.5454545454545454,6b80b83a05e3dd3ae7a02e4a03c7760876f534784f8774a259a26db995fe2e0a,1,0.003,object_pos_x+,0.003,0.003,0.0,0.0,1,1,,1,1,0.33333333333333337,3.4618406295776367,0.0,0.0,0.0,0.0005244762869551778,0.1443042986433065
StackCube-v1,9,30,0.5454545454545454,6b80b83a05e3dd3ae7a02e4a03c7760876f534784f8774a259a26db995fe2e0a,1,0.003,object_pos_x-,0.003,-0.003,0.0,0.0,1,1,,1,1,0.33333333333333337,3.4618406295776367,0.0,0.0,0.0,0.0005244762869551778,0.1443042986433065
StackCube-v1,9,30,0.5454545454545454,6b80b83a05e3dd3ae7a02e4a03c7760876f534784f8774a259a26db995fe2e0a,1,0.003,object_pos_y+,0.003,0.0,0.003,0.0,1,1,,1,1,0.33333333333333337,3.4618406295776367,0.0,0.0,0.0,0.0005244762869551778,0.1443042986433065
StackCube-v1,9,30,0.5454545454545454,6b80b83a05e3dd3ae7a02e4a03c7760876f534784f8774a259a26db995fe2e0a,1,0.003,object_pos_y-,0.003,0.0,-0.003,0.0,1,1,,1,1,0.33333333333333337,3.4618406295776367,0.0,0.0,0.0,0.0005244762869551778,0.1443042986433065
StackCube-v1,9,30,0.5454545454545454,6b80b83a05e3dd3ae7a02e4a03c7760876f534784f8774a259a26db995fe2e0a,1,0.003,eef_joint_1+,0.02,0.0,0.02,0.0,0,1,,1,1,0.33333333333333337,3.4618406295776367,0.0,0.0,0.0,0.0005244762869551778,0.1443042986433065
StackCube-v1,9,30,0.5454545454545454,6b80b83a05e3dd3ae7a02e4a03c7760876f534784f8774a259a26db995fe2e0a,1,0.003,eef_joint_1-,0.02,0.0,-0.02,0.0,0,1,,1,1,0.33333333333333337,3.4618406295776367,0.0,0.0,0.0,0.0005244762869551778,0.1443042986433065
StackCube-v1,9,30,0.5454545454545454,6b80b83a05e3dd3ae7a02e4a03c7760876f534784f8774a259a26db995fe2e0a,2,0.006,object_pos_x+,0.006,0.006,0.0,0.0,1,1,,1,1,0.33333333333333337,3.4618406295776367,0.0,0.0,0.0,0.0005244762869551778,0.1443042986433065
StackCube-v1,9,30,0.5454545454545454,6b80b83a05e3dd3ae7a02e4a03c7760876f534784f8774a259a26db995fe2e0a,2,0.006,object_pos_x-,0.006,-0.006,0.0,0.0,1,1,,1,1,0.33333333333333337,3.4618406295776367,0.0,0.0,0.0,0.0005244762869551778,0.1443042986433065
StackCube-v1,9,30,0.5454545454545454,6b80b83a05e3dd3ae7a02e4a03c7760876f534784f8774a259a26db995fe2e0a,2,0.006,object_pos_y+,0.006,0.0,0.006,0.0,1,1,,1,1,0.33333333333333337,3.4618406295776367,0.0,0.0,0.0,0.0005244762869551778,0.1443042986433065
StackCube-v1,9,30,0.5454545454545454,6b80b83a05e3dd3ae7a02e4a03c7760876f534784f8774a259a26db995fe2e0a,2,0.006,object_pos_y-,0.006,0.0,-0.006,0.0,1,1,,1,1,0.33333333333333337,3.4618406295776367,0.0,0.0,0.0,0.0005244762869551778,0.1443042986433065
StackCube-v1,9,30,0.5454545454545454,6b80b83a05e3dd3ae7a02e4a03c7760876f534784f8774a259a26db995fe2e0a,2,0.006,eef_joint_1+,0.04,0.0,0.04,0.0,0,1,,1,1,0.33333333333333337,3.4618406295776367,0.0,0.0,0.0,0.0005244762869551778,0.1443042986433065
StackCube-v1,9,30,0.5454545454545454,6b80b83a05e3dd3ae7a02e4a03c7760876f534784f8774a259a26db995fe2e0a,2,0.006,eef_joint_1-,0.04,0.0,-0.04,0.0,0,1,,1,1,0.33333333333333337,3.4618406295776367,0.0,0.0,0.0,0.0005244762869551778,0.1443042986433065
StackCube-v1,9,35,0.6363636363636364,986c46572bef1a12247423c80cad3c66b1606ab569ae74cc962ede9f08fd40b3,0,0.0015,object_pos_x+,0.0015,0.0015,0.0,0.0,1,1,,1,1,0.0,3.4800984859466553,0.0,0.0,0.0,0.0005255570285953581,0.09119518478495227
StackCube-v1,9,35,0.6363636363636364,986c46572bef1a12247423c80cad3c66b1606ab569ae74cc962ede9f08fd40b3,0,0.0015,object_pos_x-,0.0015,-0.0015,0.0,0.0,1,1,,1,1,0.0,3.4800984859466553,0.0,0.0,0.0,0.0005255570285953581,0.09119518478495227
StackCube-v1,9,35,0.6363636363636364,986c46572bef1a12247423c80cad3c66b1606ab569ae74cc962ede9f08fd40b3,0,0.0015,object_pos_y+,0.0015,0.0,0.0015,0.0,1,1,,1,1,0.0,3.4800984859466553,0.0,0.0,0.0,0.0005255570285953581,0.09119518478495227
StackCube-v1,9,35,0.6363636363636364,986c46572bef1a12247423c80cad3c66b1606ab569ae74cc962ede9f08fd40b3,0,0.0015,object_pos_y-,0.0015,0.0,-0.0015,0.0,1,1,,1,1,0.0,3.4800984859466553,0.0,0.0,0.0,0.0005255570285953581,0.09119518478495227
StackCube-v1,9,35,0.6363636363636364,986c46572bef1a12247423c80cad3c66b1606ab569ae74cc962ede9f08fd40b3,0,0.0015,eef_joint_1+,0.01,0.0,0.01,0.0,1,1,,1,1,0.0,3.4800984859466553,0.0,0.0,0.0,0.0005255570285953581,0.09119518478495227
StackCube-v1,9,35,0.6363636363636364,986c46572bef1a12247423c80cad3c66b1606ab569ae74cc962ede9f08fd40b3,0,0.0015,eef_joint_1-,0.01,0.0,-0.01,0.0,1,1,,1,1,0.0,3.4800984859466553,0.0,0.0,0.0,0.0005255570285953581,0.09119518478495227
StackCube-v1,9,35,0.6363636363636364,986c46572bef1a12247423c80cad3c66b1606ab569ae74cc962ede9f08fd40b3,1,0.003,object_pos_x+,0.003,0.003,0.0,0.0,1,1,,1,1,0.33333333333333337,3.4800984859466553,0.0,0.0,0.0,0.0005255570285953581,0.09119518478495227
StackCube-v1,9,35,0.6363636363636364,986c46572bef1a12247423c80cad3c66b1606ab569ae74cc962ede9f08fd40b3,1,0.003,object_pos_x-,0.003,-0.003,0.0,0.0,1,1,,1,1,0.33333333333333337,3.4800984859466553,0.0,0.0,0.0,0.0005255570285953581,0.09119518478495227
StackCube-v1,9,35,0.6363636363636364,986c46572bef1a12247423c80cad3c66b1606ab569ae74cc962ede9f08fd40b3,1,0.003,object_pos_y+,0.003,0.0,0.003,0.0,1,1,,1,1,0.33333333333333337,3.4800984859466553,0.0,0.0,0.0,0.0005255570285953581,0.09119518478495227
StackCube-v1,9,35,0.6363636363636364,986c46572bef1a12247423c80cad3c66b1606ab569ae74cc962ede9f08fd40b3,1,0.003,object_pos_y-,0.003,0.0,-0.003,0.0,1,1,,1,1,0.33333333333333337,3.4800984859466553,0.0,0.0,0.0,0.0005255570285953581,0.09119518478495227
StackCube-v1,9,35,0.6363636363636364,986c46572bef1a12247423c80cad3c66b1606ab569ae74cc962ede9f08fd40b3,1,0.003,eef_joint_1+,0.02,0.0,0.02,0.0,0,1,,1,1,0.33333333333333337,3.4800984859466553,0.0,0.0,0.0,0.0005255570285953581,0.09119518478495227
StackCube-v1,9,35,0.6363636363636364,986c46572bef1a12247423c80cad3c66b1606ab569ae74cc962ede9f08fd40b3,1,0.003,eef_joint_1-,0.02,0.0,-0.02,0.0,0,1,,1,1,0.33333333333333337,3.4800984859466553,0.0,0.0,0.0,0.0005255570285953581,0.09119518478495227
StackCube-v1,9,35,0.6363636363636364,986c46572bef1a12247423c80cad3c66b1606ab569ae74cc962ede9f08fd40b3,2,0.006,object_pos_x+,0.006,0.006,0.0,0.0,1,1,,1,1,0.33333333333333337,3.4800984859466553,0.0,0.0,0.0,0.0005255570285953581,0.09119518478495227
StackCube-v1,9,35,0.6363636363636364,986c46572bef1a12247423c80cad3c66b1606ab569ae74cc962ede9f08fd40b3,2,0.006,object_pos_x-,0.006,-0.006,0.0,0.0,1,1,,1,1,0.33333333333333337,3.4800984859466553,0.0,0.0,0.0,0.0005255570285953581,0.09119518478495227
StackCube-v1,9,35,0.6363636363636364,986c46572bef1a12247423c80cad3c66b1606ab569ae74cc962ede9f08fd40b3,2,0.006,object_pos_y+,0.006,0.0,0.006,0.0,1,1,,1,1,0.33333333333333337,3.4800984859466553,0.0,0.0,0.0,0.0005255570285953581,0.09119518478495227
StackCube-v1,9,35,0.6363636363636364,986c46572bef1a12247423c80cad3c66b1606ab569ae74cc962ede9f08fd40b3,2,0.006,object_pos_y-,0.006,0.0,-0.006,0.0,1,1,,1,1,0.33333333333333337,3.4800984859466553,0.0,0.0,0.0,0.0005255570285953581,0.09119518478495227
StackCube-v1,9,35,0.6363636363636364,986c46572bef1a12247423c80cad3c66b1606ab569ae74cc962ede9f08fd40b3,2,0.006,eef_joint_1+,0.04,0.0,0.04,0.0,0,1,,1,1,0.33333333333333337,3.4800984859466553,0.0,0.0,0.0,0.0005255570285953581,0.09119518478495227
StackCube-v1,9,35,0.6363636363636364,986c46572bef1a12247423c80cad3c66b1606ab569ae74cc962ede9f08fd40b3,2,0.006,eef_joint_1-,0.04,0.0,-0.04,0.0,0,1,,1,1,0.33333333333333337,3.4800984859466553,0.0,0.0,0.0,0.0005255570285953581,0.09119518478495227
StackCube-v1,9,40,0.7272727272727273,f877b511d70e767dc61be5a7a1f409db255dd5c0d542d139b5b279c878a7c376,0,0.0015,object_pos_x+,0.0015,0.0015,0.0,0.0,1,1,,1,1,0.0,3.4777989387512207,0.08000001311302185,0.08000001311302185,0.0,0.0005233641713857651,0.0787178003089785
StackCube-v1,9,40,0.7272727272727273,f877b511d70e767dc61be5a7a1f409db255dd5c0d542d139b5b279c878a7c376,0,0.0015,object_pos_x-,0.0015,-0.0015,0.0,0.0,1,1,,1,1,0.0,3.4777989387512207,0.08000001311302185,0.08000001311302185,0.0,0.0005233641713857651,0.0787178003089785
StackCube-v1,9,40,0.7272727272727273,f877b511d70e767dc61be5a7a1f409db255dd5c0d542d139b5b279c878a7c376,0,0.0015,object_pos_y+,0.0015,0.0,0.0015,0.0,1,1,,1,1,0.0,3.4777989387512207,0.08000001311302185,0.08000001311302185,0.0,0.0005233641713857651,0.0787178003089785
StackCube-v1,9,40,0.7272727272727273,f877b511d70e767dc61be5a7a1f409db255dd5c0d542d139b5b279c878a7c376,0,0.0015,object_pos_y-,0.0015,0.0,-0.0015,0.0,1,1,,1,1,0.0,3.4777989387512207,0.08000001311302185,0.08000001311302185,0.0,0.0005233641713857651,0.0787178003089785
StackCube-v1,9,40,0.7272727272727273,f877b511d70e767dc61be5a7a1f409db255dd5c0d542d139b5b279c878a7c376,0,0.0015,eef_joint_1+,0.01,0.0,0.01,0.0,1,1,,1,1,0.0,3.4777989387512207,0.08000001311302185,0.08000001311302185,0.0,0.0005233641713857651,0.0787178003089785
StackCube-v1,9,40,0.7272727272727273,f877b511d70e767dc61be5a7a1f409db255dd5c0d542d139b5b279c878a7c376,0,0.0015,eef_joint_1-,0.01,0.0,-0.01,0.0,1,1,,1,1,0.0,3.4777989387512207,0.08000001311302185,0.08000001311302185,0.0,0.0005233641713857651,0.0787178003089785
StackCube-v1,9,40,0.7272727272727273,f877b511d70e767dc61be5a7a1f409db255dd5c0d542d139b5b279c878a7c376,1,0.003,object_pos_x+,0.003,0.003,0.0,0.0,1,1,,1,1,0.33333333333333337,3.4777989387512207,0.08000001311302185,0.08000001311302185,0.0,0.0005233641713857651,0.0787178003089785
StackCube-v1,9,40,0.7272727272727273,f877b511d70e767dc61be5a7a1f409db255dd5c0d542d139b5b279c878a7c376,1,0.003,object_pos_x-,0.003,-0.003,0.0,0.0,1,1,,1,1,0.33333333333333337,3.4777989387512207,0.08000001311302185,0.08000001311302185,0.0,0.0005233641713857651,0.0787178003089785
StackCube-v1,9,40,0.7272727272727273,f877b511d70e767dc61be5a7a1f409db255dd5c0d542d139b5b279c878a7c376,1,0.003,object_pos_y+,0.003,0.0,0.003,0.0,1,1,,1,1,0.33333333333333337,3.4777989387512207,0.08000001311302185,0.08000001311302185,0.0,0.0005233641713857651,0.0787178003089785
StackCube-v1,9,40,0.7272727272727273,f877b511d70e767dc61be5a7a1f409db255dd5c0d542d139b5b279c878a7c376,1,0.003,object_pos_y-,0.003,0.0,-0.003,0.0,1,1,,1,1,0.33333333333333337,3.4777989387512207,0.08000001311302185,0.08000001311302185,0.0,0.0005233641713857651,0.0787178003089785
StackCube-v1,9,40,0.7272727272727273,f877b511d70e767dc61be5a7a1f409db255dd5c0d542d139b5b279c878a7c376,1,0.003,eef_joint_1+,0.02,0.0,0.02,0.0,0,1,,1,1,0.33333333333333337,3.4777989387512207,0.08000001311302185,0.08000001311302185,0.0,0.0005233641713857651,0.0787178003089785
StackCube-v1,9,40,0.7272727272727273,f877b511d70e767dc61be5a7a1f409db255dd5c0d542d139b5b279c878a7c376,1,0.003,eef_joint_1-,0.02,0.0,-0.02,0.0,0,1,,1,1,0.33333333333333337,3.4777989387512207,0.08000001311302185,0.08000001311302185,0.0,0.0005233641713857651,0.0787178003089785
StackCube-v1,9,40,0.7272727272727273,f877b511d70e767dc61be5a7a1f409db255dd5c0d542d139b5b279c878a7c376,2,0.006,object_pos_x+,0.006,0.006,0.0,0.0,1,1,,1,1,0.16666666666666663,3.4777989387512207,0.08000001311302185,0.08000001311302185,0.0,0.0005233641713857651,0.0787178003089785
StackCube-v1,9,40,0.7272727272727273,f877b511d70e767dc61be5a7a1f409db255dd5c0d542d139b5b279c878a7c376,2,0.006,object_pos_x-,0.006,-0.006,0.0,0.0,1,1,,1,1,0.16666666666666663,3.4777989387512207,0.08000001311302185,0.08000001311302185,0.0,0.0005233641713857651,0.0787178003089785
StackCube-v1,9,40,0.7272727272727273,f877b511d70e767dc61be5a7a1f409db255dd5c0d542d139b5b279c878a7c376,2,0.006,object_pos_y+,0.006,0.0,0.006,0.0,1,1,,1,1,0.16666666666666663,3.4777989387512207,0.08000001311302185,0.08000001311302185,0.0,0.0005233641713857651,0.0787178003089785
StackCube-v1,9,40,0.7272727272727273,f877b511d70e767dc61be5a7a1f409db255dd5c0d542d139b5b279c878a7c376,2,0.006,object_pos_y-,0.006,0.0,-0.006,0.0,1,1,,1,1,0.16666666666666663,3.4777989387512207,0.08000001311302185,0.08000001311302185,0.0,0.0005233641713857651,0.0787178003089785
StackCube-v1,9,40,0.7272727272727273,f877b511d70e767dc61be5a7a1f409db255dd5c0d542d139b5b279c878a7c376,2,0.006,eef_joint_1+,0.04,0.0,0.04,0.0,0,1,,1,1,0.16666666666666663,3.4777989387512207,0.08000001311302185,0.08000001311302185,0.0,0.0005233641713857651,0.0787178003089785
StackCube-v1,9,40,0.7272727272727273,f877b511d70e767dc61be5a7a1f409db255dd5c0d542d139b5b279c878a7c376,2,0.006,eef_joint_1-,0.04,0.0,-0.04,0.0,1,1,,1,1,0.16666666666666663,3.4777989387512207,0.08000001311302185,0.08000001311302185,0.0,0.0005233641713857651,0.0787178003089785
StackCube-v1,9,45,0.8181818181818182,71e9382ef0d1af366e2e04db2b23c04a6527196076574312e99b6b53f1aa4d5b,0,0.0015,object_pos_x+,0.0015,0.0015,0.0,0.0,1,1,,1,1,0.0,3.4777989387512207,0.0,0.0,0.0,0.0009669861174188554,0.00330114133072122
StackCube-v1,9,45,0.8181818181818182,71e9382ef0d1af366e2e04db2b23c04a6527196076574312e99b6b53f1aa4d5b,0,0.0015,object_pos_x-,0.0015,-0.0015,0.0,0.0,1,1,,1,1,0.0,3.4777989387512207,0.0,0.0,0.0,0.0009669861174188554,0.00330114133072122
StackCube-v1,9,45,0.8181818181818182,71e9382ef0d1af366e2e04db2b23c04a6527196076574312e99b6b53f1aa4d5b,0,0.0015,object_pos_y+,0.0015,0.0,0.0015,0.0,1,1,,1,1,0.0,3.4777989387512207,0.0,0.0,0.0,0.0009669861174188554,0.00330114133072122
StackCube-v1,9,45,0.8181818181818182,71e9382ef0d1af366e2e04db2b23c04a6527196076574312e99b6b53f1aa4d5b,0,0.0015,object_pos_y-,0.0015,0.0,-0.0015,0.0,1,1,,1,1,0.0,3.4777989387512207,0.0,0.0,0.0,0.0009669861174188554,0.00330114133072122
StackCube-v1,9,45,0.8181818181818182,71e9382ef0d1af366e2e04db2b23c04a6527196076574312e99b6b53f1aa4d5b,0,0.0015,eef_joint_1+,0.01,0.0,0.01,0.0,1,1,,1,1,0.0,3.4777989387512207,0.0,0.0,0.0,0.0009669861174188554,0.00330114133072122
StackCube-v1,9,45,0.8181818181818182,71e9382ef0d1af366e2e04db2b23c04a6527196076574312e99b6b53f1aa4d5b,0,0.0015,eef_joint_1-,0.01,0.0,-0.01,0.0,1,1,,1,1,0.0,3.4777989387512207,0.0,0.0,0.0,0.0009669861174188554,0.00330114133072122
StackCube-v1,9,45,0.8181818181818182,71e9382ef0d1af366e2e04db2b23c04a6527196076574312e99b6b53f1aa4d5b,1,0.003,object_pos_x+,0.003,0.003,0.0,0.0,1,1,,1,1,0.33333333333333337,3.4777989387512207,0.0,0.0,0.0,0.0009669861174188554,0.00330114133072122
StackCube-v1,9,45,0.8181818181818182,71e9382ef0d1af366e2e04db2b23c04a6527196076574312e99b6b53f1aa4d5b,1,0.003,object_pos_x-,0.003,-0.003,0.0,0.0,1,1,,1,1,0.33333333333333337,3.4777989387512207,0.0,0.0,0.0,0.0009669861174188554,0.00330114133072122
StackCube-v1,9,45,0.8181818181818182,71e9382ef0d1af366e2e04db2b23c04a6527196076574312e99b6b53f1aa4d5b,1,0.003,object_pos_y+,0.003,0.0,0.003,0.0,1,1,,1,1,0.33333333333333337,3.4777989387512207,0.0,0.0,0.0,0.0009669861174188554,0.00330114133072122
StackCube-v1,9,45,0.8181818181818182,71e9382ef0d1af366e2e04db2b23c04a6527196076574312e99b6b53f1aa4d5b,1,0.003,object_pos_y-,0.003,0.0,-0.003,0.0,1,1,,1,1,0.33333333333333337,3.4777989387512207,0.0,0.0,0.0,0.0009669861174188554,0.00330114133072122
StackCube-v1,9,45,0.8181818181818182,71e9382ef0d1af366e2e04db2b23c04a6527196076574312e99b6b53f1aa4d5b,1,0.003,eef_joint_1+,0.02,0.0,0.02,0.0,0,1,,1,1,0.33333333333333337,3.4777989387512207,0.0,0.0,0.0,0.0009669861174188554,0.00330114133072122
StackCube-v1,9,45,0.8181818181818182,71e9382ef0d1af366e2e04db2b23c04a6527196076574312e99b6b53f1aa4d5b,1,0.003,eef_joint_1-,0.02,0.0,-0.02,0.0,0,1,,1,1,0.33333333333333337,3.4777989387512207,0.0,0.0,0.0,0.0009669861174188554,0.00330114133072122
StackCube-v1,9,45,0.8181818181818182,71e9382ef0d1af366e2e04db2b23c04a6527196076574312e99b6b53f1aa4d5b,2,0.006,object_pos_x+,0.006,0.006,0.0,0.0,1,1,,1,1,0.0,3.4777989387512207,0.0,0.0,0.0,0.0009669861174188554,0.00330114133072122
StackCube-v1,9,45,0.8181818181818182,71e9382ef0d1af366e2e04db2b23c04a6527196076574312e99b6b53f1aa4d5b,2,0.006,object_pos_x-,0.006,-0.006,0.0,0.0,1,1,,1,1,0.0,3.4777989387512207,0.0,0.0,0.0,0.0009669861174188554,0.00330114133072122
StackCube-v1,9,45,0.8181818181818182,71e9382ef0d1af366e2e04db2b23c04a6527196076574312e99b6b53f1aa4d5b,2,0.006,object_pos_y+,0.006,0.0,0.006,0.0,1,1,,1,1,0.0,3.4777989387512207,0.0,0.0,0.0,0.0009669861174188554,0.00330114133072122
StackCube-v1,9,45,0.8181818181818182,71e9382ef0d1af366e2e04db2b23c04a6527196076574312e99b6b53f1aa4d5b,2,0.006,object_pos_y-,0.006,0.0,-0.006,0.0,1,1,,1,1,0.0,3.4777989387512207,0.0,0.0,0.0,0.0009669861174188554,0.00330114133072122
StackCube-v1,9,45,0.8181818181818182,71e9382ef0d1af366e2e04db2b23c04a6527196076574312e99b6b53f1aa4d5b,2,0.006,eef_joint_1+,0.04,0.0,0.04,0.0,1,1,,1,1,0.0,3.4777989387512207,0.0,0.0,0.0,0.0009669861174188554,0.00330114133072122
StackCube-v1,9,45,0.8181818181818182,71e9382ef0d1af366e2e04db2b23c04a6527196076574312e99b6b53f1aa4d5b,2,0.006,eef_joint_1-,0.04,0.0,-0.04,0.0,1,1,,1,1,0.0,3.4777989387512207,0.0,0.0,0.0,0.0009669861174188554,0.00330114133072122
StackCube-v1,9,50,0.9090909090909091,931b79757dfd8ad74224b8cd168d3ea289d6db23309fc537c39661f262ce55bb,0,0.0015,object_pos_x+,0.0015,0.0015,0.0,0.0,1,1,,1,1,0.0,3.4777989387512207,0.0,0.0,0.0,0.00036334898322820663,0.00033671126229582304
StackCube-v1,9,50,0.9090909090909091,931b79757dfd8ad74224b8cd168d3ea289d6db23309fc537c39661f262ce55bb,0,0.0015,object_pos_x-,0.0015,-0.0015,0.0,0.0,1,1,,1,1,0.0,3.4777989387512207,0.0,0.0,0.0,0.00036334898322820663,0.00033671126229582304
StackCube-v1,9,50,0.9090909090909091,931b79757dfd8ad74224b8cd168d3ea289d6db23309fc537c39661f262ce55bb,0,0.0015,object_pos_y+,0.0015,0.0,0.0015,0.0,1,1,,1,1,0.0,3.4777989387512207,0.0,0.0,0.0,0.00036334898322820663,0.00033671126229582304
StackCube-v1,9,50,0.9090909090909091,931b79757dfd8ad74224b8cd168d3ea289d6db23309fc537c39661f262ce55bb,0,0.0015,object_pos_y-,0.0015,0.0,-0.0015,0.0,1,1,,1,1,0.0,3.4777989387512207,0.0,0.0,0.0,0.00036334898322820663,0.00033671126229582304
StackCube-v1,9,50,0.9090909090909091,931b79757dfd8ad74224b8cd168d3ea289d6db23309fc537c39661f262ce55bb,0,0.0015,eef_joint_1+,0.01,0.0,0.01,0.0,1,1,,1,1,0.0,3.4777989387512207,0.0,0.0,0.0,0.00036334898322820663,0.00033671126229582304
StackCube-v1,9,50,0.9090909090909091,931b79757dfd8ad74224b8cd168d3ea289d6db23309fc537c39661f262ce55bb,0,0.0015,eef_joint_1-,0.01,0.0,-0.01,0.0,1,1,,1,1,0.0,3.4777989387512207,0.0,0.0,0.0,0.00036334898322820663,0.00033671126229582304
StackCube-v1,9,50,0.9090909090909091,931b79757dfd8ad74224b8cd168d3ea289d6db23309fc537c39661f262ce55bb,1,0.003,object_pos_x+,0.003,0.003,0.0,0.0,1,1,,1,1,0.0,3.4777989387512207,0.0,0.0,0.0,0.00036334898322820663,0.00033671126229582304
StackCube-v1,9,50,0.9090909090909091,931b79757dfd8ad74224b8cd168d3ea289d6db23309fc537c39661f262ce55bb,1,0.003,object_pos_x-,0.003,-0.003,0.0,0.0,1,1,,1,1,0.0,3.4777989387512207,0.0,0.0,0.0,0.00036334898322820663,0.00033671126229582304
StackCube-v1,9,50,0.9090909090909091,931b79757dfd8ad74224b8cd168d3ea289d6db23309fc537c39661f262ce55bb,1,0.003,object_pos_y+,0.003,0.0,0.003,0.0,1,1,,1,1,0.0,3.4777989387512207,0.0,0.0,0.0,0.00036334898322820663,0.00033671126229582304
StackCube-v1,9,50,0.9090909090909091,931b79757dfd8ad74224b8cd168d3ea289d6db23309fc537c39661f262ce55bb,1,0.003,object_pos_y-,0.003,0.0,-0.003,0.0,1,1,,1,1,0.0,3.4777989387512207,0.0,0.0,0.0,0.00036334898322820663,0.00033671126229582304
StackCube-v1,9,50,0.9090909090909091,931b79757dfd8ad74224b8cd168d3ea289d6db23309fc537c39661f262ce55bb,1,0.003,eef_joint_1+,0.02,0.0,0.02,0.0,1,1,,1,1,0.0,3.4777989387512207,0.0,0.0,0.0,0.00036334898322820663,0.00033671126229582304
StackCube-v1,9,50,0.9090909090909091,931b79757dfd8ad74224b8cd168d3ea289d6db23309fc537c39661f262ce55bb,1,0.003,eef_joint_1-,0.02,0.0,-0.02,0.0,1,1,,1,1,0.0,3.4777989387512207,0.0,0.0,0.0,0.00036334898322820663,0.00033671126229582304
StackCube-v1,9,50,0.9090909090909091,931b79757dfd8ad74224b8cd168d3ea289d6db23309fc537c39661f262ce55bb,2,0.006,object_pos_x+,0.006,0.006,0.0,0.0,1,1,,1,1,0.0,3.4777989387512207,0.0,0.0,0.0,0.00036334898322820663,0.00033671126229582304
StackCube-v1,9,50,0.9090909090909091,931b79757dfd8ad74224b8cd168d3ea289d6db23309fc537c39661f262ce55bb,2,0.006,object_pos_x-,0.006,-0.006,0.0,0.0,1,1,,1,1,0.0,3.4777989387512207,0.0,0.0,0.0,0.00036334898322820663,0.00033671126229582304
StackCube-v1,9,50,0.9090909090909091,931b79757dfd8ad74224b8cd168d3ea289d6db23309fc537c39661f262ce55bb,2,0.006,object_pos_y+,0.006,0.0,0.006,0.0,1,1,,1,1,0.0,3.4777989387512207,0.0,0.0,0.0,0.00036334898322820663,0.00033671126229582304
StackCube-v1,9,50,0.9090909090909091,931b79757dfd8ad74224b8cd168d3ea289d6db23309fc537c39661f262ce55bb,2,0.006,object_pos_y-,0.006,0.0,-0.006,0.0,1,1,,1,1,0.0,3.4777989387512207,0.0,0.0,0.0,0.00036334898322820663,0.00033671126229582304
StackCube-v1,9,50,0.9090909090909091,931b79757dfd8ad74224b8cd168d3ea289d6db23309fc537c39661f262ce55bb,2,0.006,eef_joint_1+,0.04,0.0,0.04,0.0,1,1,,1,1,0.0,3.4777989387512207,0.0,0.0,0.0,0.00036334898322820663,0.00033671126229582304
StackCube-v1,9,50,0.9090909090909091,931b79757dfd8ad74224b8cd168d3ea289d6db23309fc537c39661f262ce55bb,2,0.006,eef_joint_1-,0.04,0.0,-0.04,0.0,1,1,,1,1,0.0,3.4777989387512207,0.0,0.0,0.0,0.00036334898322820663,0.00033671126229582304
StackCube-v1,9,55,1.0,8d551c1a7e971842d4bf8971ccb182084e2c049f1f1bf2338828aa74a2f5f98a,0,0.0015,object_pos_x+,0.0015,0.0015,0.0,0.0,1,1,,1,1,0.0,3.4777989387512207,0.0,0.0,0.0,0.00033108427305705845,0.0003361897594402905
StackCube-v1,9,55,1.0,8d551c1a7e971842d4bf8971ccb182084e2c049f1f1bf2338828aa74a2f5f98a,0,0.0015,object_pos_x-,0.0015,-0.0015,0.0,0.0,1,1,,1,1,0.0,3.4777989387512207,0.0,0.0,0.0,0.00033108427305705845,0.0003361897594402905
StackCube-v1,9,55,1.0,8d551c1a7e971842d4bf8971ccb182084e2c049f1f1bf2338828aa74a2f5f98a,0,0.0015,object_pos_y+,0.0015,0.0,0.0015,0.0,1,1,,1,1,0.0,3.4777989387512207,0.0,0.0,0.0,0.00033108427305705845,0.0003361897594402905
StackCube-v1,9,55,1.0,8d551c1a7e971842d4bf8971ccb182084e2c049f1f1bf2338828aa74a2f5f98a,0,0.0015,object_pos_y-,0.0015,0.0,-0.0015,0.0,1,1,,1,1,0.0,3.4777989387512207,0.0,0.0,0.0,0.00033108427305705845,0.0003361897594402905
StackCube-v1,9,55,1.0,8d551c1a7e971842d4bf8971ccb182084e2c049f1f1bf2338828aa74a2f5f98a,0,0.0015,eef_joint_1+,0.01,0.0,0.01,0.0,1,1,,1,1,0.0,3.4777989387512207,0.0,0.0,0.0,0.00033108427305705845,0.0003361897594402905
StackCube-v1,9,55,1.0,8d551c1a7e971842d4bf8971ccb182084e2c049f1f1bf2338828aa74a2f5f98a,0,0.0015,eef_joint_1-,0.01,0.0,-0.01,0.0,1,1,,1,1,0.0,3.4777989387512207,0.0,0.0,0.0,0.00033108427305705845,0.0003361897594402905
StackCube-v1,9,55,1.0,8d551c1a7e971842d4bf8971ccb182084e2c049f1f1bf2338828aa74a2f5f98a,1,0.003,object_pos_x+,0.003,0.003,0.0,0.0,1,1,,1,1,0.0,3.4777989387512207,0.0,0.0,0.0,0.00033108427305705845,0.0003361897594402905
StackCube-v1,9,55,1.0,8d551c1a7e971842d4bf8971ccb182084e2c049f1f1bf2338828aa74a2f5f98a,1,0.003,object_pos_x-,0.003,-0.003,0.0,0.0,1,1,,1,1,0.0,3.4777989387512207,0.0,0.0,0.0,0.00033108427305705845,0.0003361897594402905
StackCube-v1,9,55,1.0,8d551c1a7e971842d4bf8971ccb182084e2c049f1f1bf2338828aa74a2f5f98a,1,0.003,object_pos_y+,0.003,0.0,0.003,0.0,1,1,,1,1,0.0,3.4777989387512207,0.0,0.0,0.0,0.00033108427305705845,0.0003361897594402905
StackCube-v1,9,55,1.0,8d551c1a7e971842d4bf8971ccb182084e2c049f1f1bf2338828aa74a2f5f98a,1,0.003,object_pos_y-,0.003,0.0,-0.003,0.0,1,1,,1,1,0.0,3.4777989387512207,0.0,0.0,0.0,0.00033108427305705845,0.0003361897594402905
StackCube-v1,9,55,1.0,8d551c1a7e971842d4bf8971ccb182084e2c049f1f1bf2338828aa74a2f5f98a,1,0.003,eef_joint_1+,0.02,0.0,0.02,0.0,1,1,,1,1,0.0,3.4777989387512207,0.0,0.0,0.0,0.00033108427305705845,0.0003361897594402905
StackCube-v1,9,55,1.0,8d551c1a7e971842d4bf8971ccb182084e2c049f1f1bf2338828aa74a2f5f98a,1,0.003,eef_joint_1-,0.02,0.0,-0.02,0.0,1,1,,1,1,0.0,3.4777989387512207,0.0,0.0,0.0,0.00033108427305705845,0.0003361897594402905
StackCube-v1,9,55,1.0,8d551c1a7e971842d4bf8971ccb182084e2c049f1f1bf2338828aa74a2f5f98a,2,0.006,object_pos_x+,0.006,0.006,0.0,0.0,1,1,,1,1,0.0,3.4777989387512207,0.0,0.0,0.0,0.00033108427305705845,0.0003361897594402905
StackCube-v1,9,55,1.0,8d551c1a7e971842d4bf8971ccb182084e2c049f1f1bf2338828aa74a2f5f98a,2,0.006,object_pos_x-,0.006,-0.006,0.0,0.0,1,1,,1,1,0.0,3.4777989387512207,0.0,0.0,0.0,0.00033108427305705845,0.0003361897594402905
StackCube-v1,9,55,1.0,8d551c1a7e971842d4bf8971ccb182084e2c049f1f1bf2338828aa74a2f5f98a,2,0.006,object_pos_y+,0.006,0.0,0.006,0.0,1,1,,1,1,0.0,3.4777989387512207,0.0,0.0,0.0,0.00033108427305705845,0.0003361897594402905
StackCube-v1,9,55,1.0,8d551c1a7e971842d4bf8971ccb182084e2c049f1f1bf2338828aa74a2f5f98a,2,0.006,object_pos_y-,0.006,0.0,-0.006,0.0,1,1,,1,1,0.0,3.4777989387512207,0.0,0.0,0.0,0.00033108427305705845,0.0003361897594402905
StackCube-v1,9,55,1.0,8d551c1a7e971842d4bf8971ccb182084e2c049f1f1bf2338828aa74a2f5f98a,2,0.006,eef_joint_1+,0.04,0.0,0.04,0.0,1,1,,1,1,0.0,3.4777989387512207,0.0,0.0,0.0,0.00033108427305705845,0.0003361897594402905
StackCube-v1,9,55,1.0,8d551c1a7e971842d4bf8971ccb182084e2c049f1f1bf2338828aa74a2f5f98a,2,0.006,eef_joint_1-,0.04,0.0,-0.04,0.0,1,1,,1,1,0.0,3.4777989387512207,0.0,0.0,0.0,0.00033108427305705845,0.0003361897594402905
