condition,model,group,offset,sample_count,positive_count,negative_count,positive_rate,auroc,auprc,brier,ece,undefined_discrimination,undefined_reason,empirical_brier,brier_skill_score_vs_empirical
A_chunk_only,monotone_conditional_survival_shared_mlp,arm,1,337,337,0,1.0,nan,nan,0.00025912116655399685,0.005955104479164235,True,one_label_class,0.0,nan
A_chunk_only,monotone_conditional_survival_shared_mlp,arm,2,335,335,0,1.0,nan,nan,0.0006306455891472276,0.009263284229837122,True,one_label_class,1.0971696205580633e-07,-5746.9315625459685
A_chunk_only,monotone_conditional_survival_shared_mlp,arm,3,332,331,1,0.9969879518072289,0.8761329305135952,0.9996024177014149,0.0036303401454325225,0.007853940976520833,False,,0.003004796264678611,-0.20818179525420133
A_chunk_only,monotone_conditional_survival_shared_mlp,arm,4,330,329,1,0.996969696969697,0.8571428571428571,0.9995337556256516,0.00397944690069008,0.010382984205959211,False,,0.003022871542024776,-0.3164459175213816
A_chunk_only,monotone_conditional_survival_shared_mlp,arm,5,330,328,2,0.9939393939393939,0.9298780487804879,0.9995590439545273,0.0066794028870867895,0.009178361924230482,False,,0.006024325535756637,-0.10873870401624597
A_chunk_only,monotone_conditional_survival_shared_mlp,arm,6,329,325,4,0.9878419452887538,0.8692307692307693,0.9982247498150152,0.012413304642769653,0.010705543874553922,False,,0.01201067190430174,-0.03352291542688013
A_chunk_only,monotone_conditional_survival_shared_mlp,arm,7,328,323,5,0.9847560975609756,0.7009287925696595,0.9921410394932183,0.016607404295022173,0.017174360650522715,False,,0.015017613294873156,-0.10586176171494266
A_chunk_only,monotone_conditional_survival_shared_mlp,arm,8,325,318,7,0.9784615384615385,0.7313566936208445,0.9902667037108629,0.023339516070910667,0.021970871271155844,False,,0.021126667479450995,-0.1047419614859757
A_chunk_only,monotone_conditional_survival_shared_mlp,arm,9,325,311,14,0.9569230769230769,0.7563160312356454,0.9839040998010725,0.04087018502186162,0.02086707439123735,False,,0.04122266349263274,0.008550599134238723
A_chunk_only,monotone_conditional_survival_shared_mlp,arm,10,324,303,21,0.9351851851851852,0.7804494735187805,0.9786059608662852,0.05703537305153478,0.01724777999193886,False,,0.060791990770155735,0.0617946158865581
A_chunk_only,monotone_conditional_survival_shared_mlp,arm,11,322,296,26,0.9192546583850931,0.7859927234927235,0.9730892513833311,0.06771038088229768,0.026998148933123252,False,,0.07468134188682278,0.09334273900821666
A_chunk_only,monotone_conditional_survival_shared_mlp,arm,12,321,291,30,0.9065420560747663,0.8108820160366552,0.9746095413437903,0.07481516663930507,0.027698730144856208,False,,0.08526306577824339,0.12253722105315512
A_chunk_only,monotone_conditional_survival_shared_mlp,arm,13,318,278,40,0.8742138364779874,0.7913669064748201,0.9605118914130961,0.09751466352957636,0.050653477211947656,False,,0.11188460825401847,0.1284354027661888
A_chunk_only,monotone_conditional_survival_shared_mlp,arm,14,315,271,44,0.8603174603174604,0.7978027507547802,0.9564349645287683,0.10150090333032544,0.05280992816083429,False,,0.12225693558849185,0.16977386320257315
A_chunk_only,monotone_conditional_survival_shared_mlp,arm,15,314,266,48,0.8471337579617835,0.7910401002506265,0.9502436726355736,0.10998341221323815,0.06790128470029828,False,,0.13137526221823445,0.1628301222300219
A_chunk_only,monotone_conditional_survival_shared_mlp,arm,16,312,262,50,0.8397435897435898,0.7917557251908397,0.9458976368951765,0.1119748539155687,0.048116461785686945,False,,0.13616860960986754,0.17767498517915115
A_chunk_only,monotone_conditional_survival_shared_mlp,arm,17,311,259,52,0.8327974276527331,0.7653697653697654,0.9293511052517303,0.11825570129062025,0.05358840081981267,False,,0.14052901066773527,0.1584961658185846
A_chunk_only,monotone_conditional_survival_shared_mlp,arm,18,309,257,52,0.8317152103559871,0.7605507333133792,0.9273852416724004,0.11983827362132755,0.049313313245671904,False,,0.14047852592407148,0.14692816689933064
A_chunk_only,monotone_conditional_survival_shared_mlp,arm,19,309,255,54,0.8252427184466019,0.7602759622367465,0.9232573414977377,0.11959770534708052,0.05640956721615296,False,,0.14465560902375854,0.1732245562117295
A_chunk_only,monotone_conditional_survival_shared_mlp,arm,20,306,250,56,0.8169934640522876,0.7474285714285714,0.9160059442676761,0.1266865455849953,0.06680173143639588,False,,0.14998623109982123,0.15534549634305528
A_chunk_only,monotone_conditional_survival_shared_mlp,arm,21,306,247,59,0.8071895424836601,0.7483016537432238,0.9108763155083549,0.13306794013677284,0.0599560270259125,False,,0.15614105014125432,0.14777094161726334
A_chunk_only,monotone_conditional_survival_shared_mlp,arm,22,306,245,61,0.8006535947712419,0.7269320843091335,0.897898726186254,0.13816314207015093,0.04976639494393693,False,,0.15997048742241848,0.13632105336206812
A_chunk_only,monotone_conditional_survival_shared_mlp,arm,23,305,238,67,0.780327868852459,0.7364229273799072,0.8924780748513559,0.14787569849028556,0.06282137349350815,False,,0.17229128530054183,0.14171109564634188
A_chunk_only,monotone_conditional_survival_shared_mlp,arm,24,303,233,70,0.768976897689769,0.7419987737584304,0.8898201647938002,0.15399446039243345,0.07317954773816393,False,,0.17862765779020476,0.13790248219400936
A_chunk_only,monotone_conditional_survival_shared_mlp,arm,25,300,227,73,0.7566666666666667,0.7372518254782451,0.8801003513274631,0.1603170033726136,0.07769207025452163,False,,0.18537679386254033,0.13518299657566069
A_chunk_only,monotone_conditional_survival_shared_mlp,arm,26,296,219,77,0.7398648648648649,0.7380062859514914,0.873586297103215,0.16859870771046342,0.09055148413836529,False,,0.19401181586952818,0.1309874248904248
A_chunk_only,monotone_conditional_survival_shared_mlp,arm,27,294,214,80,0.7278911564625851,0.7272196261682243,0.8609194177426432,0.1766292625320073,0.0894836955197789,False,,0.19980111624891983,0.11597459589787351
A_chunk_only,monotone_conditional_survival_shared_mlp,arm,28,291,208,83,0.7147766323024055,0.7063832252085264,0.8428550550349327,0.18781890343682942,0.08532286948687076,False,,0.205568487434641,0.08634389550321975
A_chunk_only,monotone_conditional_survival_shared_mlp,arm,29,289,206,83,0.71280276816609,0.7072172183881156,0.8416100729462933,0.19043283945917647,0.08188346886864332,False,,0.2059465129149699,0.07532865323239846
A_chunk_only,monotone_conditional_survival_shared_mlp,arm,30,289,200,89,0.6920415224913494,0.7079213483146067,0.8359860642623831,0.19485364930290888,0.08958111729373391,False,,0.21519484327673813,0.09452454187143644
A_chunk_only,monotone_conditional_survival_shared_mlp,arm,31,288,196,92,0.6805555555555556,0.7037488908606921,0.8096614573388328,0.19899096151077933,0.09069654603971672,False,,0.21930260462977857,0.0926192516194182
A_chunk_only,monotone_conditional_survival_shared_mlp,arm,32,287,194,93,0.6759581881533101,0.7022503048442523,0.8084655176850492,0.2007579477420175,0.08890700726489485,False,,0.2207107478502448,0.09040248516472582
A_chunk_only,monotone_conditional_survival_shared_mlp,arm,33,284,187,97,0.6584507042253521,0.6766084128121727,0.7809576187645343,0.21492811346991963,0.10403009789409741,False,,0.2275188474006327,0.055339300785672174
A_chunk_only,monotone_conditional_survival_shared_mlp,arm,34,284,182,102,0.6408450704225352,0.6887524240465417,0.7890018454042919,0.21852765076564257,0.10553416315455309,False,,0.23412855849132957,0.06663393746673052
A_chunk_only,monotone_conditional_survival_shared_mlp,arm,35,283,179,104,0.6325088339222615,0.688117748173614,0.7774290144381524,0.21820564317007973,0.09623561726438888,False,,0.23627333847444035,0.07646946295768853
A_chunk_only,monotone_conditional_survival_shared_mlp,arm,36,281,175,106,0.6227758007117438,0.6907277628032344,0.7737014072513622,0.22173712032741696,0.10613010681403397,False,,0.23934758713372956,0.07357695566186417
A_chunk_only,monotone_conditional_survival_shared_mlp,arm,37,280,173,107,0.6178571428571429,0.6965588028739669,0.7735894284831537,0.22116395685795642,0.10866222428746333,False,,0.24016343054374698,0.07911060248754109
A_chunk_only,monotone_conditional_survival_shared_mlp,arm,38,277,167,110,0.6028880866425993,0.6901469787697333,0.7663897510787598,0.22767898700383943,0.12367737121377716,False,,0.24459527893859329,0.06916033706031077
A_chunk_only,monotone_conditional_survival_shared_mlp,arm,39,274,164,110,0.5985401459854015,0.6923503325942351,0.7660990814719807,0.22659167090626348,0.1188439274291281,False,,0.24581881055496513,0.07821671419406062
A_chunk_only,monotone_conditional_survival_shared_mlp,arm,40,270,161,109,0.5962962962962963,0.7014074876061314,0.7698356502730208,0.22301509624790594,0.11359221144698871,False,,0.2452471856268681,0.09065176149579635
A_chunk_only,monotone_conditional_survival_shared_mlp,arm,41,267,159,108,0.5955056179775281,0.7117982762636851,0.773881617055564,0.21621630815385096,0.09033058956406853,False,,0.24477517958980743,0.1166738861506107
A_chunk_only,monotone_conditional_survival_shared_mlp,arm,42,264,155,109,0.5871212121212122,0.713347144125481,0.7690001743205893,0.21703326227229244,0.08780769136700457,False,,0.24589627668217406,0.11737881841613917
A_chunk_only,monotone_conditional_survival_shared_mlp,arm,43,259,153,106,0.5907335907335908,0.7190775681341719,0.7785605163195494,0.2118378820859351,0.07496208440567229,False,,0.24358215358215365,0.13032264896825485
A_chunk_only,monotone_conditional_survival_shared_mlp,arm,44,256,146,110,0.5703125,0.7046077210460772,0.757053686838094,0.22016503542563753,0.09825649474573508,False,,0.2471974872798964,0.10935569026901393
A_chunk_only,monotone_conditional_survival_shared_mlp,arm,45,252,143,109,0.5674603174603174,0.7148906139731828,0.7605457773466721,0.21563071932904374,0.08372270509110662,False,,0.24701008607493533,0.12703678317156675
A_chunk_only,monotone_conditional_survival_shared_mlp,arm,46,248,137,111,0.5524193548387096,0.7118432300914053,0.7488613212448118,0.21914349534491417,0.0898039998655481,False,,0.24840636013022163,0.1178023975310738
A_chunk_only,monotone_conditional_survival_shared_mlp,arm,47,245,131,114,0.5346938775510204,0.7055042185616713,0.7344442409664441,0.2248748932468766,0.09915475068810735,False,,0.25049502867262613,0.10227801949408222
A_chunk_only,monotone_conditional_survival_shared_mlp,arm,48,244,127,117,0.5204918032786885,0.7035466720506091,0.723699304192345,0.22748541640715209,0.09616301405023182,False,,0.2511999252590032,0.09440492001500378
A_chunk_only,monotone_conditional_survival_shared_mlp,arm,49,242,122,120,0.5041322314049587,0.7021174863387978,0.7087901562685262,0.22883442963929665,0.10594063264411128,False,,0.25199945364392295,0.09192489773155876
A_chunk_only,monotone_conditional_survival_shared_mlp,arm,50,238,114,124,0.4789915966386555,0.7047255234861347,0.690692183138614,0.22792389238772626,0.1056270201317947,False,,0.25253603535914615,0.09745992462587583
A_chunk_only,monotone_conditional_survival_shared_mlp,arm,51,232,108,124,0.46551724137931033,0.7163231780167264,0.6867552142545675,0.22287137225935366,0.10381131911296843,False,,0.2519718401668731,0.11549095283126509
A_chunk_only,monotone_conditional_survival_shared_mlp,arm,52,229,106,123,0.462882096069869,0.7165209387942936,0.6815717308208544,0.2212879742124375,0.10972090808778209,False,,0.2505661906732054,0.11684823232577801
A_chunk_only,monotone_conditional_survival_shared_mlp,arm,53,224,104,120,0.4642857142857143,0.7120192307692308,0.6748090245507515,0.22222371464523258,0.09992173202123357,False,,0.24966444408645325,0.10991044216019219
A_chunk_only,monotone_conditional_survival_shared_mlp,arm,54,219,100,119,0.45662100456621,0.7157983193277311,0.6719288067831415,0.21952911642030892,0.09607140936397286,False,,0.24895527193982547,0.11819856350191726
A_chunk_only,monotone_conditional_survival_shared_mlp,arm,55,219,99,120,0.4520547945205479,0.7216329966329966,0.6727646322188864,0.21748968594498969,0.09293192118441503,False,,0.24830932196979622,0.12411791784665804
A_chunk_only,monotone_conditional_survival_shared_mlp,arm,56,217,95,122,0.4377880184331797,0.717083692838654,0.6650865467109544,0.22041904126304854,0.11217922882829093,False,,0.2467231406746477,0.10661383176167583
A_chunk_only,monotone_conditional_survival_shared_mlp,arm,57,216,93,123,0.4305555555555556,0.7116006643937407,0.6457341767098131,0.22217957723902154,0.12058686542481081,False,,0.24567182629589382,0.09562451425983853
A_chunk_only,monotone_conditional_survival_shared_mlp,arm,58,211,91,120,0.4312796208530806,0.7124542124542125,0.6454984461457391,0.22095275566385525,0.1200279729396776,False,,0.2453854941634914,0.0995687971814565
A_chunk_only,monotone_conditional_survival_shared_mlp,arm,59,209,88,121,0.42105263157894735,0.7148760330578512,0.6379645849584559,0.21961951868451868,0.11313405939594776,False,,0.24393184879245497,0.09966853540564935
A_chunk_only,monotone_conditional_survival_shared_mlp,arm,60,208,86,122,0.41346153846153844,0.7193099504384293,0.6374952219712718,0.21808380126189467,0.11805528469553951,False,,0.24272303930132316,0.10151173992527618
A_chunk_only,monotone_conditional_survival_shared_mlp,arm,61,206,84,122,0.4077669902912621,0.7273614363778298,0.6406768761511846,0.21395705954633631,0.12093286942859137,False,,0.24161278287695348,0.1144629973684026
A_chunk_only,monotone_conditional_survival_shared_mlp,arm,62,205,83,122,0.40487804878048783,0.7280268615445388,0.6409550841489122,0.21145712674255346,0.11078786215398426,False,,0.2409881385710734,0.12254134997524169
A_chunk_only,monotone_conditional_survival_shared_mlp,arm,63,201,78,123,0.3880597014925373,0.7165937043985825,0.6210236949570954,0.21450245777161966,0.1046056416208659,False,,0.23770773753538663,0.0976210535019395
A_chunk_only,monotone_conditional_survival_shared_mlp,arm,64,198,77,121,0.3888888888888889,0.7261994204142964,0.6292493625017739,0.2092019887523618,0.08736581139104027,False,,0.23767072031013167,0.1197822412479822
A_chunk_only,monotone_conditional_survival_shared_mlp,arm,65,197,77,120,0.39086294416243655,0.7300865800865801,0.6311398238726704,0.2073974366505403,0.09211250653274203,False,,0.23813094094436135,0.12906136502858667
A_chunk_only,monotone_conditional_survival_shared_mlp,arm,66,195,74,121,0.37948717948717947,0.7290596381505472,0.6246839673546417,0.20654393472587362,0.096153402615416,False,,0.2354781453970776,0.122874293163866
A_chunk_only,monotone_conditional_survival_shared_mlp,arm,67,193,72,121,0.37305699481865284,0.7330119375573921,0.6300444009134509,0.2036135666584154,0.09081425128780692,False,,0.23388584674877022,0.129431859649344
A_chunk_only,monotone_conditional_survival_shared_mlp,arm,68,191,71,120,0.3717277486910995,0.7384976525821596,0.6371677830125255,0.20076988930887216,0.0814102347315047,False,,0.23357386728020435,0.1404436992601542
A_chunk_only,monotone_conditional_survival_shared_mlp,arm,69,191,70,121,0.36649214659685864,0.7409681227863046,0.6311708084672555,0.19925990660448734,0.07550017074995002,False,,0.2322127297825423,0.14190791008276726
A_chunk_only,monotone_conditional_survival_shared_mlp,arm,70,188,68,120,0.3617021276595745,0.7457107843137255,0.6319248201245342,0.1966344682691846,0.07841862101765114,False,,0.2308977106460057,0.14839143394258603
A_chunk_only,monotone_conditional_survival_shared_mlp,arm,71,188,68,120,0.3617021276595745,0.7427696078431373,0.6277260819651371,0.1969410056619563,0.07684207006342693,False,,0.23097949231386855,0.14736583889299903
A_chunk_only,monotone_conditional_survival_shared_mlp,arm,72,187,68,119,0.36363636363636365,0.7409787444389521,0.6289312653936914,0.1971020455980203,0.07504030725016757,False,,0.23167965539804136,0.14924750186033542
A_chunk_only,monotone_conditional_survival_shared_mlp,arm,73,186,67,119,0.3602150537634409,0.7443873071616707,0.6272822382891282,0.19569532912783286,0.06805522680769524,False,,0.23076634165305482,0.15197629027698245
A_chunk_only,monotone_conditional_survival_shared_mlp,arm,74,184,66,118,0.358695652173913,0.7469183359013868,0.6298773146014112,0.1943644284567575,0.0685397218839622,False,,0.23040087800283238,0.1564076051204626
A_chunk_only,monotone_conditional_survival_shared_mlp,arm,75,181,66,115,0.36464088397790057,0.747167325428195,0.635220644184817,0.19485890363001762,0.07154163673397108,False,,0.2324473685299053,0.16170742279257844
A_chunk_only,monotone_conditional_survival_shared_mlp,arm,76,177,65,112,0.3672316384180791,0.7462912087912088,0.6310145340954065,0.19720951865762523,0.09995378378570893,False,,0.23336877557517713,0.1549447085559379
A_chunk_only,monotone_conditional_survival_shared_mlp,arm,77,175,64,111,0.3657142857142857,0.748170045045045,0.6325167985458198,0.19723982227707829,0.09318764991115647,False,,0.23315957935411383,0.15405653577064482
A_chunk_only,monotone_conditional_survival_shared_mlp,arm,78,172,63,109,0.36627906976744184,0.746614242027086,0.6364111571735517,0.19849259840386257,0.10547037039255647,False,,0.2337615027817385,0.15087558882955265
A_chunk_only,monotone_conditional_survival_shared_mlp,arm,79,170,63,107,0.37058823529411766,0.7498887405429462,0.643991475211976,0.19851000622179327,0.10646860563749053,False,,0.23525343206531646,0.15618656663560015
A_chunk_only,monotone_conditional_survival_shared_mlp,arm,80,167,62,105,0.3712574850299401,0.7491551459293395,0.6465273339103845,0.19847924023913888,0.12311739961980316,False,,0.23557750594495752,0.15747796274949366
A_chunk_only,monotone_conditional_survival_shared_mlp,arm,81,166,61,105,0.3674698795180723,0.7501951600312255,0.6490550031136632,0.19721889391354439,0.11122373982907562,False,,0.23451793698774479,0.15904558752855458
A_chunk_only,monotone_conditional_survival_shared_mlp,arm,82,164,60,104,0.36585365853658536,0.7509615384615385,0.6518715129098168,0.19687129721025018,0.10408851047551727,False,,0.234214988652722,0.1594419369028619
A_chunk_only,monotone_conditional_survival_shared_mlp,arm,83,161,59,102,0.36645962732919257,0.7567298105682951,0.6576071543310448,0.19508024230731727,0.09479732997742536,False,,0.23471200905917994,0.16885274388269578
A_chunk_only,monotone_conditional_survival_shared_mlp,arm,84,160,59,101,0.36875,0.7558315153549253,0.6593104582381984,0.1964113032772496,0.10942281206514506,False,,0.23574425320338244,0.1668458483787485
A_chunk_only,monotone_conditional_survival_shared_mlp,arm,85,158,59,99,0.37341772151898733,0.7534668721109399,0.6530654666233999,0.1990508075174358,0.08452277177524918,False,,0.23768789556962025,0.16255387326136428
A_chunk_only,monotone_conditional_survival_shared_mlp,arm,86,154,58,96,0.37662337662337664,0.7546695402298851,0.6571420170817884,0.19976227942990762,0.08578260488468518,False,,0.23901611634451145,0.16423092097281167
A_chunk_only,monotone_conditional_survival_shared_mlp,arm,87,152,57,95,0.375,0.7527239150507848,0.6505523721287316,0.20104152832736763,0.09339200541476356,False,,0.23858231808496275,0.15734942161231869
A_chunk_only,monotone_conditional_survival_shared_mlp,arm,88,146,53,93,0.363013698630137,0.7362548184215866,0.6200306828765327,0.2065082124408309,0.11263611317961067,False,,0.23427553988856942,0.11852422775739091
A_chunk_only,monotone_conditional_survival_shared_mlp,arm,89,143,53,90,0.3706293706293706,0.7396226415094339,0.6267383413528742,0.20846231142110963,0.11558953574284375,False,,0.23745541655576263,0.12209915257016013
A_chunk_only,monotone_conditional_survival_shared_mlp,arm,90,141,51,90,0.3617021276595745,0.7413943355119825,0.6211801281485043,0.2052452636913776,0.12092018341224012,False,,0.23367858184251059,0.12167704000487223
A_chunk_only,monotone_conditional_survival_shared_mlp,arm,91,139,48,91,0.34532374100719426,0.7664835164835165,0.6292406572066024,0.1898963841795244,0.10079704554174464,False,,0.22768772473617443,0.165978822970977
A_chunk_only,monotone_conditional_survival_shared_mlp,arm,92,135,46,89,0.34074074074074073,0.76038104543234,0.6087296423525039,0.19138478991890376,0.10248536787547925,False,,0.22591388888888897,0.1528418599662441
A_chunk_only,monotone_conditional_survival_shared_mlp,arm,93,132,43,89,0.32575757575757575,0.770054873268879,0.6146656967920473,0.18198936328996365,0.08632621111533186,False,,0.22028571160860058,0.17384853533615086
A_chunk_only,monotone_conditional_survival_shared_mlp,arm,94,130,42,88,0.3230769230769231,0.7643398268398268,0.6050673604058032,0.18340352982600636,0.08472896181643295,False,,0.21924286683869443,0.1634686570626559
A_chunk_only,monotone_conditional_survival_shared_mlp,arm,95,126,41,85,0.3253968253968254,0.7560975609756098,0.6012311568029024,0.18715341226872637,0.08713315984495507,False,,0.22039710651866717,0.1508354386999411
A_chunk_only,monotone_conditional_survival_shared_mlp,arm,96,126,41,85,0.3253968253968254,0.7520803443328551,0.6000247805561786,0.1889162059762478,0.11760583147445751,False,,0.22045904015254894,0.14307798017479678
A_chunk_only,monotone_conditional_survival_shared_mlp,arm,97,126,41,85,0.3253968253968254,0.7489239598278336,0.5980388018454488,0.1905586813187089,0.11019642548957449,False,,0.2205504616828349,0.13598602394791637
A_chunk_only,monotone_conditional_survival_shared_mlp,arm,98,125,40,85,0.32,0.7467647058823529,0.5942708486527085,0.19035054077516053,0.11552707211047447,False,,0.218540903926272,0.12899353230744348
A_chunk_only,monotone_conditional_survival_shared_mlp,arm,99,123,40,83,0.3252032520325203,0.7545180722891566,0.6096366351068994,0.1901055041743718,0.10877728034789859,False,,0.22095226188541764,0.1396082459071747
A_chunk_only,monotone_conditional_survival_shared_mlp,gripper,1,337,314,23,0.9317507418397626,0.8856272500692329,0.9907292078068095,0.06076560952421921,0.04690806206878504,False,,0.06359143714417013,0.044437234741910414
A_chunk_only,monotone_conditional_survival_shared_mlp,gripper,2,335,296,39,0.8835820895522388,0.8823631323631324,0.9838497820583143,0.08468382181921881,0.028253465705776425,False,,0.10286703637014291,0.17676425016752761
A_chunk_only,monotone_conditional_survival_shared_mlp,gripper,3,332,280,52,0.8433734939759037,0.8953296703296704,0.9802937595923219,0.09550627363827983,0.042103114400872464,False,,0.13213446701087386,0.2772039287037783
A_chunk_only,monotone_conditional_survival_shared_mlp,gripper,4,330,272,58,0.8242424242424242,0.908341784989858,0.9803584579663078,0.0935252837711454,0.052812680210157545,False,,0.14490395122572794,0.3545705070149956
A_chunk_only,monotone_conditional_survival_shared_mlp,gripper,5,330,265,65,0.803030303030303,0.9198838896952104,0.9803512922579458,0.090750619568424,0.03433593807887498,False,,0.15840004540146527,0.4270795861300648
A_chunk_only,monotone_conditional_survival_shared_mlp,gripper,6,329,256,73,0.7781155015197568,0.923908390410959,0.978164689760471,0.09313964435451733,0.03678583115860372,False,,0.17297166030970518,0.4615323447335181
A_chunk_only,monotone_conditional_survival_shared_mlp,gripper,7,328,251,77,0.7652439024390244,0.9307186837067315,0.9785768984347096,0.08916448565492854,0.044035604618783065,False,,0.18042107651701325,0.5057978403841275
A_chunk_only,monotone_conditional_survival_shared_mlp,gripper,8,325,246,79,0.7569230769230769,0.9258001440773901,0.9678105619323549,0.09778207575597732,0.06763634204441905,False,,0.1857628908801514,0.4736188950727336
A_chunk_only,monotone_conditional_survival_shared_mlp,gripper,9,325,239,86,0.7353846153846154,0.9304758197917681,0.9659584704505468,0.09348225345703694,0.056952206361767094,False,,0.1965488895963183,0.5243816759838463
A_chunk_only,monotone_conditional_survival_shared_mlp,gripper,10,324,232,92,0.7160493827160493,0.927848575712144,0.9591023668537729,0.0989195482362925,0.07250209285236368,False,,0.20466237500562065,0.5166695967757833
A_chunk_only,monotone_conditional_survival_shared_mlp,gripper,11,322,228,94,0.7080745341614907,0.9294979469951474,0.9583321226549781,0.0976827163084738,0.07715888385226369,False,,0.20845816814296314,0.5314037479141531
A_chunk_only,monotone_conditional_survival_shared_mlp,gripper,12,321,225,96,0.7009345794392523,0.9275925925925926,0.9514137836090026,0.09819773309349485,0.0654790757303406,False,,0.21237493640592467,0.5376208946530123
A_chunk_only,monotone_conditional_survival_shared_mlp,gripper,13,318,212,106,0.6666666666666666,0.9199893200427198,0.9434065307617326,0.10392458908554927,0.03948851445535221,False,,0.2233607429740432,0.5347231223276045
A_chunk_only,monotone_conditional_survival_shared_mlp,gripper,14,315,205,110,0.6507936507936508,0.9043015521064302,0.9317009512789469,0.1174403612016739,0.055075637185640285,False,,0.22807983857763173,0.485091001755946
A_chunk_only,monotone_conditional_survival_shared_mlp,gripper,15,314,193,121,0.6146496815286624,0.9209951612212564,0.9309853788795152,0.10436749374887729,0.0332742561424106,False,,0.23700370996502057,0.5596377214336395
A_chunk_only,monotone_conditional_survival_shared_mlp,gripper,16,312,184,128,0.5897435897435898,0.9199643342391305,0.9260492043415619,0.10805988546711504,0.035950214078553415,False,,0.24215488744748753,0.5537571568091999
A_chunk_only,monotone_conditional_survival_shared_mlp,gripper,17,311,176,135,0.5659163987138264,0.9252525252525252,0.9211743389463272,0.10555768796531463,0.031182714483079573,False,,0.2458035169425484,0.5705607093083758
A_chunk_only,monotone_conditional_survival_shared_mlp,gripper,18,309,160,149,0.517799352750809,0.9282718120805369,0.9179633179779788,0.10341061608832017,0.036773655338532336,False,,0.24975347938457917,0.5859492474613943
A_chunk_only,monotone_conditional_survival_shared_mlp,gripper,19,309,153,156,0.49514563106796117,0.9373219373219374,0.9243711193683655,0.09523865990186071,0.04522639192783444,False,,0.2500673964534471,0.6191480326801
A_chunk_only,monotone_conditional_survival_shared_mlp,gripper,20,306,146,160,0.477124183006536,0.9438784246575342,0.9327350503450315,0.09201791484896692,0.04997763753426353,False,,0.24948029994457863,0.6311615992548973
A_chunk_only,monotone_conditional_survival_shared_mlp,gripper,21,306,145,161,0.4738562091503268,0.9458984793317627,0.9342696149933435,0.09029584844758153,0.041821154971327525,False,,0.24956314376995264,0.6381843605447756
A_chunk_only,monotone_conditional_survival_shared_mlp,gripper,22,306,138,168,0.45098039215686275,0.9305124223602484,0.9089461162386513,0.10520252921745434,0.046556409134047905,False,,0.24774822689478582,0.5753651578619292
A_chunk_only,monotone_conditional_survival_shared_mlp,gripper,23,305,126,179,0.4131147540983607,0.9301232597321982,0.9005313754742457,0.10139765058250975,0.02820838630246835,False,,0.2425088686855028,0.5818806498412761
A_chunk_only,monotone_conditional_survival_shared_mlp,gripper,24,303,117,186,0.38613861386138615,0.9313482216708023,0.8886985118370427,0.10126108544006766,0.02680562218473179,False,,0.2370976651430015,0.5729140336367559
A_chunk_only,monotone_conditional_survival_shared_mlp,gripper,25,300,114,186,0.38,0.9349651009243539,0.8893564104965038,0.10032398221214088,0.05203697796283787,False,,0.23566731470532218,0.5742982757809001
A_chunk_only,monotone_conditional_survival_shared_mlp,gripper,26,296,107,189,0.3614864864864865,0.9444691687682342,0.89688902779776,0.08855587113673262,0.03328980912031435,False,,0.23083555418203433,0.6163681480934325
A_chunk_only,monotone_conditional_survival_shared_mlp,gripper,27,294,104,190,0.35374149659863946,0.9413967611336033,0.8913429098400726,0.09148750143826218,0.03305245393122404,False,,0.22860850979080902,0.5998071046349984
A_chunk_only,monotone_conditional_survival_shared_mlp,gripper,28,291,97,194,0.3333333333333333,0.9398979700286959,0.8817093338374472,0.09306422682972823,0.02779047576813114,False,,0.2222491229459893,0.5812616689050126
A_chunk_only,monotone_conditional_survival_shared_mlp,gripper,29,289,92,197,0.31833910034602075,0.9352791878172588,0.8727875949554126,0.09471041460353335,0.03174229580380973,False,,0.21703613741666608,0.5636191478025235
A_chunk_only,monotone_conditional_survival_shared_mlp,gripper,30,289,88,201,0.3044982698961938,0.9266734509271822,0.8520113163967921,0.09923027757384781,0.040839855031566605,False,,0.2118106692432871,0.5315142625800815
A_chunk_only,monotone_conditional_survival_shared_mlp,gripper,31,288,81,207,0.28125,0.9224667501640127,0.8138094148661562,0.09950608029013897,0.0512239495065637,False,,0.20226550194733045,0.5080422546992212
A_chunk_only,monotone_conditional_survival_shared_mlp,gripper,32,287,81,206,0.28222996515679444,0.9216708618003117,0.8126550371730842,0.09966021167273786,0.04883579838879083,False,,0.20259254553106232,0.5080756233577333
A_chunk_only,monotone_conditional_survival_shared_mlp,gripper,33,284,74,210,0.2605633802816901,0.9251608751608752,0.7926552157875442,0.09322234834524118,0.045970244515379094,False,,0.19274340898920336,0.5163396308381
A_chunk_only,monotone_conditional_survival_shared_mlp,gripper,34,284,70,214,0.24647887323943662,0.9244993324432577,0.778530988245743,0.09185840992714779,0.07214003655541042,False,,0.1857728771101695,0.5055337928976968
A_chunk_only,monotone_conditional_survival_shared_mlp,gripper,35,283,67,216,0.23674911660777384,0.9195688225538972,0.7609623034558272,0.0907433288045322,0.04031372197663687,False,,0.18075380150982343,0.49797277818469243
A_chunk_only,monotone_conditional_survival_shared_mlp,gripper,36,281,63,218,0.22419928825622776,0.9349060725207514,0.7749692455256656,0.08222161970390225,0.04960224711061653,False,,0.17393546464784382,0.5272866297257366
A_chunk_only,monotone_conditional_survival_shared_mlp,gripper,37,280,55,225,0.19642857142857142,0.9363232323232323,0.7696623309510394,0.07659383753033985,0.056964700847004814,False,,0.1579790302921381,0.5151645291865576
A_chunk_only,monotone_conditional_survival_shared_mlp,gripper,38,277,54,223,0.19494584837545126,0.9383823285168577,0.7740160659502268,0.07486707677711303,0.05179796156837945,False,,0.15701879550748443,0.5231967196338325
A_chunk_only,monotone_conditional_survival_shared_mlp,gripper,39,274,50,224,0.18248175182481752,0.9361607142857142,0.7583566915101726,0.07429600862678766,0.049841095843873494,False,,0.14918793380136858,0.5019972008881988
A_chunk_only,monotone_conditional_survival_shared_mlp,gripper,40,270,49,221,0.1814814814814815,0.9352664142580109,0.7583753377485176,0.07499070519982579,0.04807836897321644,False,,0.14854626292991213,0.4951693585505528
A_chunk_only,monotone_conditional_survival_shared_mlp,gripper,41,267,46,221,0.17228464419475656,0.9457013574660633,0.7798623993763982,0.06254206602858163,0.034302252940115914,False,,0.14260887997369084,0.5614433965113554
A_chunk_only,monotone_conditional_survival_shared_mlp,gripper,42,264,44,220,0.16666666666666666,0.9472107438016529,0.7846466793310704,0.05901971291438361,0.03188016539542718,False,,0.13891587867913816,0.5751406284467684
A_chunk_only,monotone_conditional_survival_shared_mlp,gripper,43,259,43,216,0.16602316602316602,0.9418604651162791,0.7585773615044444,0.06321285923909968,0.03628363229408212,False,,0.1384606105118926,0.5434596236041425
A_chunk_only,monotone_conditional_survival_shared_mlp,gripper,44,256,38,218,0.1484375,0.940246257846451,0.7207272683048705,0.06348638404078183,0.04825447515308956,False,,0.12650483978825405,0.49815055181251233
A_chunk_only,monotone_conditional_survival_shared_mlp,gripper,45,252,38,214,0.15079365079365079,0.9383915395966552,0.7162196988360826,0.0640748023730709,0.04174330061514289,False,,0.1280791197208624,0.49972483795394196
A_chunk_only,monotone_conditional_survival_shared_mlp,gripper,46,248,38,210,0.1532258064516129,0.9377192982456141,0.7167907100267196,0.06507028314388352,0.04008347011773858,False,,0.1297503922025234,0.49849644352275013
A_chunk_only,monotone_conditional_survival_shared_mlp,gripper,47,245,35,210,0.14285714285714285,0.9533333333333334,0.7285512039268169,0.05953493499580661,0.04888000414992704,False,,0.12256517119244395,0.5142589496136004
A_chunk_only,monotone_conditional_survival_shared_mlp,gripper,48,244,33,211,0.13524590163934427,0.9563406577624587,0.7437587153774549,0.05701738480947373,0.04080998332657869,False,,0.11726565029519984,0.5137759039757981
A_chunk_only,monotone_conditional_survival_shared_mlp,gripper,49,242,31,211,0.128099173553719,0.9571930897416298,0.7408016675753754,0.05627183360844466,0.04620984964541801,False,,0.11211649845665764,0.4980949781427716
A_chunk_only,monotone_conditional_survival_shared_mlp,gripper,50,238,31,207,0.13025210084033614,0.959794296400187,0.7567838630807994,0.05484089504142405,0.051059236227443544,False,,0.1136975757827116,0.5176599442521892
A_chunk_only,monotone_conditional_survival_shared_mlp,gripper,51,232,31,201,0.1336206896551724,0.9593965655593003,0.7600521504811499,0.055017381151259745,0.040800882652153175,False,,0.11606659653821398,0.5259843676630449
A_chunk_only,monotone_conditional_survival_shared_mlp,gripper,52,229,30,199,0.13100436681222707,0.9549413735343384,0.7416367072709507,0.058524182030473514,0.05014704388312923,False,,0.11421835145889767,0.4876113927144722
A_chunk_only,monotone_conditional_survival_shared_mlp,gripper,53,224,30,194,0.13392857142857142,0.9554982817869416,0.7482379381267397,0.058840988135453916,0.04859248662138367,False,,0.11622311335421984,0.49372386922624534
A_chunk_only,monotone_conditional_survival_shared_mlp,gripper,54,219,29,190,0.1324200913242009,0.9500907441016334,0.7196109570291016,0.0626412397895527,0.0502656904853363,False,,0.11513058232698564,0.45591137885810795
A_chunk_only,monotone_conditional_survival_shared_mlp,gripper,55,219,29,190,0.1324200913242009,0.9502722323049002,0.7217155638750878,0.061988244862885414,0.05214054916029959,False,,0.11509885285257244,0.4614347291342271
A_chunk_only,monotone_conditional_survival_shared_mlp,gripper,56,217,29,188,0.1336405529953917,0.9539618488628027,0.7417641508119842,0.05972679567746043,0.050934928135253625,False,,0.11586710086244759,0.4845232578282467
A_chunk_only,monotone_conditional_survival_shared_mlp,gripper,57,216,29,187,0.13425925925925927,0.9531624562050526,0.7409791192657587,0.05985512932447131,0.04785517955880848,False,,0.11626691351088787,0.485192067828771
A_chunk_only,monotone_conditional_survival_shared_mlp,gripper,58,211,29,182,0.13744075829383887,0.9516862447896931,0.7400067067657848,0.06131134515335032,0.04800520861453516,False,,0.11855624825682844,0.4828501571631084
A_chunk_only,monotone_conditional_survival_shared_mlp,gripper,59,209,28,181,0.1339712918660287,0.9536306235201263,0.7455776590416153,0.057275206395372716,0.03474893616513284,False,,0.11604808034517085,0.5064527890076715
A_chunk_only,monotone_conditional_survival_shared_mlp,gripper,60,208,28,180,0.1346153846153846,0.9535714285714286,0.7457053403490719,0.057479537135700684,0.03433263827506673,False,,0.11660457844761679,0.5070559158058903
A_chunk_only,monotone_conditional_survival_shared_mlp,gripper,61,206,28,178,0.13592233009708737,0.9532504012841091,0.7428890753540196,0.05814793947776763,0.028721234627394225,False,,0.11771027476025295,0.5060079538833737
A_chunk_only,monotone_conditional_survival_shared_mlp,gripper,62,205,28,177,0.13658536585365855,0.9529862792574657,0.7440315258352711,0.058467540638356214,0.024391768208716635,False,,0.11833897007471905,0.5059316419482112
A_chunk_only,monotone_conditional_survival_shared_mlp,gripper,63,201,27,174,0.13432835820895522,0.964027245636441,0.7617624151033113,0.053854212356975684,0.038970731877429596,False,,0.1167945679426601,0.5388979701229322
A_chunk_only,monotone_conditional_survival_shared_mlp,gripper,64,198,26,172,0.13131313131313133,0.9637745974955277,0.7647764204065177,0.05332288212749888,0.044272114252451984,False,,0.11468608006057224,0.5350535819226183
A_chunk_only,monotone_conditional_survival_shared_mlp,gripper,65,197,23,174,0.116751269035533,0.9635182408795602,0.7504252543819753,0.0503393785103831,0.04412841131662099,False,,0.10340681121037314,0.5131908824847955
A_chunk_only,monotone_conditional_survival_shared_mlp,gripper,66,195,23,172,0.11794871794871795,0.9608190091001011,0.7300872548151133,0.05070560867810232,0.036893046790757236,False,,0.10447413428302679,0.5146587332254151
A_chunk_only,monotone_conditional_survival_shared_mlp,gripper,67,193,21,172,0.10880829015544041,0.9598560354374308,0.6601555874054575,0.052348013496667116,0.02826329883502133,False,,0.09730480633277068,0.4620202694033094
A_chunk_only,monotone_conditional_survival_shared_mlp,gripper,68,191,20,171,0.10471204188481675,0.960233918128655,0.656516312876166,0.05035106846896596,0.031334801916582854,False,,0.09414767658834398,0.46519053583102754
A_chunk_only,monotone_conditional_survival_shared_mlp,gripper,69,191,19,172,0.09947643979057591,0.9605263157894737,0.652061566388003,0.04963365847374738,0.043072737389670976,False,,0.08989326299428277,0.4478600862791676
A_chunk_only,monotone_conditional_survival_shared_mlp,gripper,70,188,19,169,0.10106382978723404,0.961071317346621,0.6536446788964024,0.050354224237608984,0.04783091467019308,False,,0.09140209737368363,0.4490911512484952
A_chunk_only,monotone_conditional_survival_shared_mlp,gripper,71,188,16,172,0.0851063829787234,0.9614825581395349,0.6417587277881396,0.044244849223995644,0.03577890488407265,False,,0.07805870452969811,0.43318494086508563
A_chunk_only,monotone_conditional_survival_shared_mlp,gripper,72,187,14,173,0.0748663101604278,0.9632535094962841,0.620472007972008,0.04146689032819437,0.026532700476875302,False,,0.06933959246521793,0.40197383840992496
A_chunk_only,monotone_conditional_survival_shared_mlp,gripper,73,186,13,173,0.06989247311827956,0.9550911516229436,0.5790004827275606,0.04289814720988401,0.021973364900459643,False,,0.06505453345878505,0.34058174074737
A_chunk_only,monotone_conditional_survival_shared_mlp,gripper,74,184,11,173,0.059782608695652176,0.9421965317919075,0.46199752832879776,0.046944299847015536,0.03209469968793845,False,,0.05624440005309801,0.1653515762867528
A_chunk_only,monotone_conditional_survival_shared_mlp,gripper,75,181,10,171,0.055248618784530384,0.947953216374269,0.5082574877696828,0.04040692475300001,0.027934260096493413,False,,0.05220174030923229,0.22594678810250834
A_chunk_only,monotone_conditional_survival_shared_mlp,gripper,76,177,10,167,0.05649717514124294,0.951497005988024,0.5443286352749268,0.03752021803878879,0.013337823764566591,False,,0.05337068486751734,0.2969882599047462
A_chunk_only,monotone_conditional_survival_shared_mlp,gripper,77,175,9,166,0.05142857142857143,0.9524765729585006,0.5984725085083508,0.03232680941585954,0.014423343189832141,False,,0.04888753928609386,0.33875155330113016
A_chunk_only,monotone_conditional_survival_shared_mlp,gripper,78,172,7,165,0.040697674418604654,0.9515151515151515,0.5755449548240349,0.02596604444689597,0.014130863464165372,False,,0.03908027807985544,0.33557165601949523
A_chunk_only,monotone_conditional_survival_shared_mlp,gripper,79,170,5,165,0.029411764705882353,0.9696969696969697,0.6597744360902256,0.017670171998033946,0.02555120987581084,False,,0.028551777572927938,0.381118322566776
A_chunk_only,monotone_conditional_survival_shared_mlp,gripper,80,167,4,163,0.023952095808383235,0.9555214723926381,0.35620300751879697,0.021632762347206187,0.029325233567026123,False,,0.023424586241740552,0.0764932996486184
A_chunk_only,monotone_conditional_survival_shared_mlp,gripper,81,166,1,165,0.006024096385542169,0.9090909090909091,0.0625,0.0130528776917069,0.025510049585267328,False,,0.006106164003498107,-1.1376559300125497
A_chunk_only,monotone_conditional_survival_shared_mlp,gripper,82,164,1,163,0.006097560975609756,0.9141104294478528,0.06666666666666667,0.012617720912812687,0.023899798223770807,False,,0.006169909216549052,-1.0450415832649838
A_chunk_only,monotone_conditional_survival_shared_mlp,gripper,83,161,1,160,0.006211180124223602,0.9125,0.06666666666666667,0.012799187715327448,0.02382729724076022,False,,0.006197849728804866,-1.0651013295534546
A_chunk_only,monotone_conditional_survival_shared_mlp,gripper,84,160,1,159,0.00625,0.9182389937106918,0.07142857142857142,0.011654640509594017,0.0206604768883969,False,,0.0062380098933751595,-0.8683267113717443
A_chunk_only,monotone_conditional_survival_shared_mlp,gripper,85,158,1,157,0.006329113924050633,0.9299363057324841,0.08333333333333333,0.010911214176152805,0.018243739602497762,False,,0.0062947770262406656,-0.7333758019812091
A_chunk_only,monotone_conditional_survival_shared_mlp,gripper,86,154,1,153,0.006493506493506494,0.9281045751633987,0.08333333333333333,0.011154766238483708,0.018234822703947436,False,,0.0064522271719518855,-0.7288241627594836
A_chunk_only,monotone_conditional_survival_shared_mlp,gripper,87,152,1,151,0.006578947368421052,0.9668874172185431,0.16666666666666666,0.008630966703579282,0.01862635593139969,False,,0.006539827927462256,-0.31975440322150495
A_chunk_only,monotone_conditional_survival_shared_mlp,gripper,88,146,1,145,0.00684931506849315,0.9655172413793104,0.16666666666666666,0.008917817126964643,0.01813850365313478,False,,0.006811349769706005,-0.30925843312691303
A_chunk_only,monotone_conditional_survival_shared_mlp,gripper,89,143,1,142,0.006993006993006993,0.971830985915493,0.2,0.009003818884996424,0.01888809303411597,False,,0.006958971670390357,-0.2938433020652551
A_chunk_only,monotone_conditional_survival_shared_mlp,gripper,90,141,1,140,0.0070921985815602835,0.9714285714285714,0.2,0.008955111073953683,0.019592159120870176,False,,0.007063861877536558,-0.26773586873653277
A_chunk_only,monotone_conditional_survival_shared_mlp,gripper,91,139,1,138,0.007194244604316547,0.9782608695652174,0.25,0.00864374150552364,0.017128777048984967,False,,0.007164890734978138,-0.2064024177404311
A_chunk_only,monotone_conditional_survival_shared_mlp,gripper,92,135,0,135,0.0,nan,nan,0.003014218686667175,0.014443000438796639,True,one_label_class,6.944444444444447e-07,-4339.47490880073
A_chunk_only,monotone_conditional_survival_shared_mlp,gripper,93,132,0,132,0.0,nan,nan,0.003061645948695028,0.014710264218405891,True,one_label_class,7.157560817794269e-07,-4276.499034424592
A_chunk_only,monotone_conditional_survival_shared_mlp,gripper,94,130,0,130,0.0,nan,nan,0.0030925607431749793,0.014875142356444842,True,one_label_class,7.548303481051114e-07,-4096.027565118957
A_chunk_only,monotone_conditional_survival_shared_mlp,gripper,95,126,0,126,0.0,nan,nan,0.003182665722145403,0.01522889688377766,True,one_label_class,7.790048835816154e-07,-4084.552978195109
A_chunk_only,monotone_conditional_survival_shared_mlp,gripper,96,126,0,126,0.0,nan,nan,0.0027139537899065038,0.012821849124987251,True,one_label_class,8.219567667179844e-07,-3300.820606384361
A_chunk_only,monotone_conditional_survival_shared_mlp,gripper,97,126,0,126,0.0,nan,nan,0.0027029239536249853,0.01277406757870015,True,one_label_class,8.447772491349479e-07,-3198.570012559855
A_chunk_only,monotone_conditional_survival_shared_mlp,gripper,98,125,0,125,0.0,nan,nan,0.002608183441232315,0.012348072771518117,True,one_label_class,0.0,nan
A_chunk_only,monotone_conditional_survival_shared_mlp,gripper,99,123,0,123,0.0,nan,nan,0.0026102827166169453,0.01182471276418148,True,one_label_class,0.0,nan
B_chunk_plus_state,monotone_conditional_survival_shared_mlp,arm,1,337,337,0,1.0,nan,nan,0.00019387892476836792,0.005310964860209423,True,one_label_class,0.0,nan
B_chunk_plus_state,monotone_conditional_survival_shared_mlp,arm,2,335,335,0,1.0,nan,nan,0.00068769173470434,0.01028986535776306,True,one_label_class,1.0971696205580633e-07,-6266.870726812079
B_chunk_plus_state,monotone_conditional_survival_shared_mlp,arm,3,332,331,1,0.9969879518072289,0.7583081570996979,0.999168494457,0.003663539313032448,0.008226632888579315,False,,0.003004796264678611,-0.21923052025102785
B_chunk_plus_state,monotone_conditional_survival_shared_mlp,arm,4,330,329,1,0.996969696969697,0.7477203647416414,0.9991209854755658,0.0041887275434889125,0.010753317639026354,False,,0.003022871542024776,-0.38567831456153256
B_chunk_plus_state,monotone_conditional_survival_shared_mlp,arm,5,330,328,2,0.9939393939393939,0.9070121951219512,0.9993924408669442,0.007480153436115739,0.013077009647091874,False,,0.006024325535756637,-0.24165823903741868
B_chunk_plus_state,monotone_conditional_survival_shared_mlp,arm,6,329,325,4,0.9878419452887538,0.7076923076923077,0.9947008692657728,0.013729781135432075,0.013008313925144309,False,,0.01201067190430174,-0.14313181184431656
B_chunk_plus_state,monotone_conditional_survival_shared_mlp,arm,7,328,323,5,0.9847560975609756,0.6,0.9865087112836405,0.016791087336913972,0.018353742929018632,False,,0.015017613294873156,-0.1180929357560605
B_chunk_plus_state,monotone_conditional_survival_shared_mlp,arm,8,325,318,7,0.9784615384615385,0.6361185983827493,0.9852850520200211,0.0231252113801085,0.02995949908438175,False,,0.021126667479450995,-0.09459816142803423
B_chunk_plus_state,monotone_conditional_survival_shared_mlp,arm,9,325,311,14,0.9569230769230769,0.7958199356913184,0.9871669550027208,0.039920749954335255,0.027400457253713744,False,,0.04122266349263274,0.031582470126661266
B_chunk_plus_state,monotone_conditional_survival_shared_mlp,arm,10,324,303,21,0.9351851851851852,0.818010372465818,0.9833433532438233,0.055423232312846966,0.022427273994343407,False,,0.060791990770155735,0.08831358192573657
B_chunk_plus_state,monotone_conditional_survival_shared_mlp,arm,11,322,296,26,0.9192546583850931,0.825493762993763,0.980301022675253,0.06603815307055408,0.01685785812921066,False,,0.07468134188682278,0.11573424630434714
B_chunk_plus_state,monotone_conditional_survival_shared_mlp,arm,12,321,291,30,0.9065420560747663,0.795303550973654,0.9679423561006777,0.07385804628803012,0.026241302376478808,False,,0.08526306577824339,0.13376271878231571
B_chunk_plus_state,monotone_conditional_survival_shared_mlp,arm,13,318,278,40,0.8742138364779874,0.779226618705036,0.95271888684764,0.09693438438007737,0.04780516175802003,False,,0.11188460825401847,0.13362181007059248
B_chunk_plus_state,monotone_conditional_survival_shared_mlp,arm,14,315,271,44,0.8603174603174604,0.7760818517276082,0.946141685861973,0.10502648823130936,0.050404690251956735,False,,0.12225693558849185,0.14093635894145873
B_chunk_plus_state,monotone_conditional_survival_shared_mlp,arm,15,314,266,48,0.8471337579617835,0.787045739348371,0.9441596417287558,0.11268671987040271,0.06292389960353324,False,,0.13137526221823445,0.14225313070574275
B_chunk_plus_state,monotone_conditional_survival_shared_mlp,arm,16,312,262,50,0.8397435897435898,0.7909923664122137,0.9393563509081169,0.11142778924084258,0.04884309156385564,False,,0.13616860960986754,0.18169253868354185
B_chunk_plus_state,monotone_conditional_survival_shared_mlp,arm,17,311,259,52,0.8327974276527331,0.7698990198990199,0.9205798097851012,0.11253474812820387,0.04306362856290579,False,,0.14052901066773527,0.19920628777299676
B_chunk_plus_state,monotone_conditional_survival_shared_mlp,arm,18,309,257,52,0.8317152103559871,0.7800808141275067,0.9233584815356487,0.11167880611762762,0.029461380556951,False,,0.14047852592407148,0.20501154619183637
B_chunk_plus_state,monotone_conditional_survival_shared_mlp,arm,19,309,255,54,0.8252427184466019,0.7695715323166303,0.9142527720960364,0.1157202837410488,0.03064675492300557,False,,0.14465560902375854,0.20002905852034636
B_chunk_plus_state,monotone_conditional_survival_shared_mlp,arm,20,306,250,56,0.8169934640522876,0.74,0.9000038295077538,0.12415692490098895,0.0382991665186973,False,,0.14998623109982123,0.1722111823827478
B_chunk_plus_state,monotone_conditional_survival_shared_mlp,arm,21,306,247,59,0.8071895424836601,0.7462430522198586,0.8975075537394939,0.1277958707193425,0.04767133674677326,False,,0.15614105014125432,0.18153572936949702
B_chunk_plus_state,monotone_conditional_survival_shared_mlp,arm,22,306,245,61,0.8006535947712419,0.7380394780863165,0.8961756064908462,0.13135818876220362,0.05366837962533631,False,,0.15997048742241848,0.17885985797280946
B_chunk_plus_state,monotone_conditional_survival_shared_mlp,arm,23,305,238,67,0.780327868852459,0.7480872946193403,0.8906973416186367,0.14139583151959753,0.07010612888780095,False,,0.17229128530054183,0.17932104764933887
B_chunk_plus_state,monotone_conditional_survival_shared_mlp,arm,24,303,233,70,0.768976897689769,0.7471489883507051,0.8820106816120733,0.14640272964469836,0.06043959737218676,False,,0.17862765779020476,0.18040279172978935
B_chunk_plus_state,monotone_conditional_survival_shared_mlp,arm,25,300,227,73,0.7566666666666667,0.7421398829280068,0.8746182415224065,0.1550175170011297,0.06032103682355719,False,,0.18537679386254033,0.1637706437188815
B_chunk_plus_state,monotone_conditional_survival_shared_mlp,arm,26,296,219,77,0.7398648648648649,0.7329063630433493,0.8605244440176473,0.16365338286162529,0.05076373741204882,False,,0.19401181586952818,0.1564772375942235
B_chunk_plus_state,monotone_conditional_survival_shared_mlp,arm,27,294,214,80,0.7278911564625851,0.7285630841121495,0.8602249488085326,0.16904613480702926,0.04723284747133794,False,,0.19980111624891983,0.15392797607584352
B_chunk_plus_state,monotone_conditional_survival_shared_mlp,arm,28,291,208,83,0.7147766323024055,0.7098007414272475,0.8425695545373155,0.18008046337052375,0.05629129012452324,False,,0.205568487434641,0.12398799243109182
B_chunk_plus_state,monotone_conditional_survival_shared_mlp,arm,29,289,206,83,0.71280276816609,0.7152298514446134,0.8452848687410691,0.18084024530529244,0.053337517035744304,False,,0.2059465129149699,0.12190673808613217
B_chunk_plus_state,monotone_conditional_survival_shared_mlp,arm,30,289,200,89,0.6920415224913494,0.7076404494382023,0.8197173538410989,0.1858689339474852,0.056781603013744825,False,,0.21519484327673813,0.13627607837953692
B_chunk_plus_state,monotone_conditional_survival_shared_mlp,arm,31,288,196,92,0.6805555555555556,0.7048025732031943,0.8023212023910995,0.19080977865132798,0.06302397995121159,False,,0.21930260462977857,0.12992470393387034
B_chunk_plus_state,monotone_conditional_survival_shared_mlp,arm,32,287,194,93,0.6759581881533101,0.7044673539518901,0.7991838002493579,0.19261894614269517,0.06366200851935175,False,,0.2207107478502448,0.12727881166263044
B_chunk_plus_state,monotone_conditional_survival_shared_mlp,arm,33,284,187,97,0.6584507042253521,0.6858150945476598,0.7763143848716121,0.20542018424305591,0.08340501789721712,False,,0.2275188474006327,0.09712893419622393
B_chunk_plus_state,monotone_conditional_survival_shared_mlp,arm,34,284,182,102,0.6408450704225352,0.6903684550743374,0.7643076273046941,0.2084096226119008,0.0958656350252166,False,,0.23412855849132957,0.1098496315236196
B_chunk_plus_state,monotone_conditional_survival_shared_mlp,arm,35,283,179,104,0.6325088339222615,0.6913407821229051,0.7582047225550679,0.20985342713029628,0.08936580356706794,False,,0.23627333847444035,0.11181926625632421
B_chunk_plus_state,monotone_conditional_survival_shared_mlp,arm,36,281,175,106,0.6227758007117438,0.6930458221024258,0.7530020604404556,0.21291466177070284,0.09128706770343656,False,,0.23934758713372956,0.11043740060039953
B_chunk_plus_state,monotone_conditional_survival_shared_mlp,arm,37,280,173,107,0.6178571428571429,0.6966128248068716,0.7520135333049739,0.2136840393854594,0.09462672749485966,False,,0.24016343054374698,0.1102557166939877
B_chunk_plus_state,monotone_conditional_survival_shared_mlp,arm,38,277,167,110,0.6028880866425993,0.6964616222101252,0.7444413508898747,0.21916646546709848,0.10543243288653179,False,,0.24459527893859329,0.10396281392609719
B_chunk_plus_state,monotone_conditional_survival_shared_mlp,arm,39,274,164,110,0.5985401459854015,0.6998891352549889,0.7453144596154269,0.21614980968704228,0.09165980977065835,False,,0.24581881055496513,0.12069459127615811
B_chunk_plus_state,monotone_conditional_survival_shared_mlp,arm,40,270,161,109,0.5962962962962963,0.7039717362812696,0.7463150989117869,0.21420276344353661,0.1051592623451511,False,,0.2452471856268681,0.12658421381668405
B_chunk_plus_state,monotone_conditional_survival_shared_mlp,arm,41,267,159,108,0.5955056179775281,0.7133706033077102,0.7548373792721306,0.20987752035840077,0.1071331670611963,False,,0.24477517958980743,0.14257025279232938
B_chunk_plus_state,monotone_conditional_survival_shared_mlp,arm,42,264,155,109,0.5871212121212122,0.7070139094406629,0.7449098131132179,0.21375958070254572,0.08941580333187193,False,,0.24589627668217406,0.13069208047084702
B_chunk_plus_state,monotone_conditional_survival_shared_mlp,arm,43,259,153,106,0.5907335907335908,0.7076088296954002,0.7523225934436387,0.21078817210911416,0.07623530426823144,False,,0.24358215358215365,0.13463211894125482
B_chunk_plus_state,monotone_conditional_survival_shared_mlp,arm,44,256,146,110,0.5703125,0.6954545454545454,0.7251832663973267,0.21890260512081414,0.08246171773211192,False,,0.2471974872798964,0.1144626608888002
B_chunk_plus_state,monotone_conditional_survival_shared_mlp,arm,45,252,143,109,0.5674603174603174,0.7064861743760826,0.7297245179004501,0.2152105607409019,0.06815280937734315,False,,0.24701008607493533,0.12873776062887743
B_chunk_plus_state,monotone_conditional_survival_shared_mlp,arm,46,248,137,111,0.5524193548387096,0.7086867889787598,0.7246500391983488,0.21534436124803089,0.06939128205419211,False,,0.24840636013022163,0.13309642661668852
B_chunk_plus_state,monotone_conditional_survival_shared_mlp,arm,47,245,131,114,0.5346938775510204,0.704901566894335,0.7139349527905838,0.21830859378694747,0.07969555542643442,False,,0.25049502867262613,0.12849131200820496
B_chunk_plus_state,monotone_conditional_survival_shared_mlp,arm,48,244,127,117,0.5204918032786885,0.706305942526415,0.7107937100384711,0.21936412527522975,0.09252540252668652,False,,0.2511999252590032,0.1267349102550437
B_chunk_plus_state,monotone_conditional_survival_shared_mlp,arm,49,242,122,120,0.5041322314049587,0.7093579234972678,0.7032369406819943,0.22035953297134467,0.09768705405070266,False,,0.25199945364392295,0.12555551297855483
B_chunk_plus_state,monotone_conditional_survival_shared_mlp,arm,50,238,114,124,0.4789915966386555,0.7188030560271647,0.6933490714109157,0.21870630751510273,0.09774249787298146,False,,0.25253603535914615,0.13396000216734294
B_chunk_plus_state,monotone_conditional_survival_shared_mlp,arm,51,232,108,124,0.46551724137931033,0.7353643966547192,0.6988345730691231,0.21101164997352245,0.06885381425143183,False,,0.2519718401668731,0.16255860244630493
B_chunk_plus_state,monotone_conditional_survival_shared_mlp,arm,52,229,106,123,0.462882096069869,0.7403742905353582,0.7021762669426882,0.20936889375548856,0.0699570420111815,False,,0.2505661906732054,0.16441682258500456
B_chunk_plus_state,monotone_conditional_survival_shared_mlp,arm,53,224,104,120,0.4642857142857143,0.7354166666666667,0.6885397595274736,0.21073493987773298,0.07702559335730742,False,,0.24966444408645325,0.155927306153534
B_chunk_plus_state,monotone_conditional_survival_shared_mlp,arm,54,219,100,119,0.45662100456621,0.7380672268907563,0.6814514646158386,0.2072942054636287,0.0622301182926946,False,,0.24895527193982547,0.16734358003981775
B_chunk_plus_state,monotone_conditional_survival_shared_mlp,arm,55,219,99,120,0.4520547945205479,0.743013468013468,0.6839921526392919,0.2053484541122112,0.06342772475629793,False,,0.24830932196979622,0.17301351200504134
B_chunk_plus_state,monotone_conditional_survival_shared_mlp,arm,56,217,95,122,0.4377880184331797,0.7326143226919758,0.6615932046950653,0.20964641068346215,0.0736284190779042,False,,0.2467231406746477,0.15027666188830824
B_chunk_plus_state,monotone_conditional_survival_shared_mlp,arm,57,216,93,123,0.4305555555555556,0.7265495235597518,0.6484674085353652,0.2110306670934849,0.07879564835120995,False,,0.24567182629589382,0.14100582767144887
B_chunk_plus_state,monotone_conditional_survival_shared_mlp,arm,58,211,91,120,0.4312796208530806,0.726007326007326,0.6522318022077891,0.2096646518626497,0.07346445649381705,False,,0.2453854941634914,0.14557030937224913
B_chunk_plus_state,monotone_conditional_survival_shared_mlp,arm,59,209,88,121,0.42105263157894735,0.7232344102178813,0.6410451561315793,0.20998107808700076,0.08726655926202308,False,,0.24393184879245497,0.139181377395047
B_chunk_plus_state,monotone_conditional_survival_shared_mlp,arm,60,208,86,122,0.41346153846153844,0.7276019824628288,0.6395450085620787,0.20761105916035955,0.09172537940741103,False,,0.24272303930132316,0.144658620961707
B_chunk_plus_state,monotone_conditional_survival_shared_mlp,arm,61,206,84,122,0.4077669902912621,0.7379000780640125,0.6466667072130458,0.20301990208944673,0.08088706716402187,False,,0.24161278287695348,0.15973029376993275
B_chunk_plus_state,monotone_conditional_survival_shared_mlp,arm,62,205,83,122,0.40487804878048783,0.7364210942129172,0.6400978071930826,0.20329876767277974,0.09984025771800896,False,,0.2409881385710734,0.1563951284979037
B_chunk_plus_state,monotone_conditional_survival_shared_mlp,arm,63,201,78,123,0.3880597014925373,0.7321242443193663,0.6293425437511342,0.20361919453539445,0.10564993569319382,False,,0.23770773753538663,0.1434052730190053
B_chunk_plus_state,monotone_conditional_survival_shared_mlp,arm,64,198,77,121,0.3888888888888889,0.7345712139100569,0.628664516927269,0.20244212467354594,0.0762188779887768,False,,0.23767072031013167,0.14822438199630417
B_chunk_plus_state,monotone_conditional_survival_shared_mlp,arm,65,197,77,120,0.39086294416243655,0.7385281385281385,0.6371917798204869,0.20038119286015849,0.06521979679500813,False,,0.23813094094436135,0.15852517079258088
B_chunk_plus_state,monotone_conditional_survival_shared_mlp,arm,66,195,74,121,0.37948717948717947,0.7355371900826446,0.6292935698382108,0.2002658504745961,0.0885647183174761,False,,0.2354781453970776,0.1495352991807557
B_chunk_plus_state,monotone_conditional_survival_shared_mlp,arm,67,193,72,121,0.37305699481865284,0.7407024793388429,0.6293275334582511,0.19714054866550995,0.0935382886373115,False,,0.23388584674877022,0.15710783099556436
B_chunk_plus_state,monotone_conditional_survival_shared_mlp,arm,68,191,71,120,0.3717277486910995,0.7450704225352113,0.6289961015669031,0.19590846143995957,0.06062282462733512,False,,0.23357386728020435,0.16125693459987922
B_chunk_plus_state,monotone_conditional_survival_shared_mlp,arm,69,191,70,121,0.36649214659685864,0.741086186540732,0.6212490215993084,0.19648248913957844,0.0581559691636608,False,,0.2322127297825423,0.1538685698946124
B_chunk_plus_state,monotone_conditional_survival_shared_mlp,arm,70,188,68,120,0.3617021276595745,0.7443627450980392,0.619547093224253,0.19442761528395572,0.07445266417828388,False,,0.2308977106460057,0.15794914232806356
B_chunk_plus_state,monotone_conditional_survival_shared_mlp,arm,71,188,68,120,0.3617021276595745,0.7477941176470588,0.6227277167384688,0.1934217049142212,0.06463557343207114,False,,0.23097949231386855,0.1626022597218788
B_chunk_plus_state,monotone_conditional_survival_shared_mlp,arm,72,187,68,119,0.36363636363636365,0.7467869500741473,0.6229757040071382,0.19426048652645275,0.07431786459059866,False,,0.23167965539804136,0.1615125368142487
B_chunk_plus_state,monotone_conditional_survival_shared_mlp,arm,73,186,67,119,0.3602150537634409,0.7502822024332121,0.6247913299344631,0.19175475619646332,0.06325505676516077,False,,0.23076634165305482,0.16905232009633098
B_chunk_plus_state,monotone_conditional_survival_shared_mlp,arm,74,184,66,118,0.358695652173913,0.75231124807396,0.6264399140273951,0.19114847548498498,0.08224461422779047,False,,0.23040087800283238,0.17036568114712158
B_chunk_plus_state,monotone_conditional_survival_shared_mlp,arm,75,181,66,115,0.36464088397790057,0.7508563899868248,0.6303148145225841,0.19276294156495083,0.09125956049240296,False,,0.2324473685299053,0.1707243545751257
B_chunk_plus_state,monotone_conditional_survival_shared_mlp,arm,76,177,65,112,0.3672316384180791,0.7512362637362637,0.6300361443508873,0.1938236644961743,0.09581739551317262,False,,0.23336877557517713,0.16945330831657812
B_chunk_plus_state,monotone_conditional_survival_shared_mlp,arm,77,175,64,111,0.3657142857142857,0.7509853603603603,0.6258025789261596,0.1948706330320015,0.10487936520202672,False,,0.23315957935411383,0.16421777062807508
B_chunk_plus_state,monotone_conditional_survival_shared_mlp,arm,78,172,63,109,0.36627906976744184,0.7508373379933013,0.6320831485622791,0.1957205016968899,0.09618981344559484,False,,0.2337615027817385,0.16273424251711466
B_chunk_plus_state,monotone_conditional_survival_shared_mlp,arm,79,170,63,107,0.37058823529411766,0.7491470108292538,0.6284129898087512,0.1998656664184451,0.09516172262051038,False,,0.23525343206531646,0.15042401437546804
B_chunk_plus_state,monotone_conditional_survival_shared_mlp,arm,80,167,62,105,0.3712574850299401,0.747926267281106,0.6299702466606794,0.20134026390013374,0.10431742713250566,False,,0.23557750594495752,0.14533323929842135
B_chunk_plus_state,monotone_conditional_survival_shared_mlp,arm,81,166,61,105,0.3674698795180723,0.7451990632318501,0.6257836042382233,0.2020016091735549,0.10199177030284837,False,,0.23451793698774479,0.13865177321549227
B_chunk_plus_state,monotone_conditional_survival_shared_mlp,arm,82,164,60,104,0.36585365853658536,0.7434294871794872,0.6254013633044754,0.20229611830798083,0.10425104909191626,False,,0.234214988652722,0.13628022069957402
B_chunk_plus_state,monotone_conditional_survival_shared_mlp,arm,83,161,59,102,0.36645962732919257,0.7482552342971087,0.629474209728383,0.20143610389961125,0.1142036638358965,False,,0.23471200905917994,0.14177333870964626
B_chunk_plus_state,monotone_conditional_survival_shared_mlp,arm,84,160,59,101,0.36875,0.7481120993455278,0.6306622823788087,0.2023081871123522,0.1104758540237469,False,,0.23574425320338244,0.14183194557953482
B_chunk_plus_state,monotone_conditional_survival_shared_mlp,arm,85,158,59,99,0.37341772151898733,0.7455915083033727,0.6317621765318331,0.20477260819835813,0.11325577334449916,False,,0.23768789556962025,0.13848112581576977
B_chunk_plus_state,monotone_conditional_survival_shared_mlp,arm,86,154,58,96,0.37662337662337664,0.7478448275862069,0.632060436063848,0.20639835968166442,0.1377575956370345,False,,0.23901611634451145,0.1364667670184745
B_chunk_plus_state,monotone_conditional_survival_shared_mlp,arm,87,152,57,95,0.375,0.7501385041551246,0.63343830446806,0.20498054981867153,0.14326457908906914,False,,0.23858231808496275,0.14083930668460154
B_chunk_plus_state,monotone_conditional_survival_shared_mlp,arm,88,146,53,93,0.363013698630137,0.7344288902414283,0.6058010054626306,0.20757137559876712,0.13952955325693783,False,,0.23427553988856942,0.11398613915265687
B_chunk_plus_state,monotone_conditional_survival_shared_mlp,arm,89,143,53,90,0.3706293706293706,0.7339622641509433,0.6056878236483771,0.21181476484838457,0.1504346061412622,False,,0.23745541655576263,0.10798090891877699
B_chunk_plus_state,monotone_conditional_survival_shared_mlp,arm,90,141,51,90,0.3617021276595745,0.7381263616557734,0.6062336052270323,0.20774881145579926,0.11859303440933901,False,,0.23367858184251059,0.11096340187560227
B_chunk_plus_state,monotone_conditional_survival_shared_mlp,arm,91,139,48,91,0.34532374100719426,0.7543498168498168,0.6089450322163606,0.1953526739741234,0.11156872793279168,False,,0.22768772473617443,0.14201490572018405
B_chunk_plus_state,monotone_conditional_survival_shared_mlp,arm,92,135,46,89,0.34074074074074073,0.7476795310210064,0.5942681457878582,0.19665293908126644,0.11364753922742882,False,,0.22591388888888897,0.12952258026957308
B_chunk_plus_state,monotone_conditional_survival_shared_mlp,arm,93,132,43,89,0.32575757575757575,0.7585576169323229,0.5976480116850118,0.18633069611141903,0.09045523074882783,False,,0.22028571160860058,0.1541407985530726
B_chunk_plus_state,monotone_conditional_survival_shared_mlp,arm,94,130,42,88,0.3230769230769231,0.7556818181818182,0.5948963489658653,0.186206729713305,0.08732662008879866,False,,0.21924286683869443,0.15068283680898675
B_chunk_plus_state,monotone_conditional_survival_shared_mlp,arm,95,126,41,85,0.3253968253968254,0.751219512195122,0.5892849755588393,0.18973719801009867,0.09107690563305498,False,,0.22039710651866717,0.13911211899676945
B_chunk_plus_state,monotone_conditional_survival_shared_mlp,arm,96,126,41,85,0.3253968253968254,0.7509325681492109,0.5886846003243177,0.18987225283541784,0.08567424684287306,False,,0.22045904015254894,0.13874136118875535
B_chunk_plus_state,monotone_conditional_survival_shared_mlp,arm,97,126,41,85,0.3253968253968254,0.7506456241032998,0.5877574857900145,0.18992687634385758,0.0956162334935098,False,,0.2205504616828349,0.1388506970482607
B_chunk_plus_state,monotone_conditional_survival_shared_mlp,arm,98,125,40,85,0.32,0.7432352941176471,0.5841069818370992,0.19054226929180781,0.08784989337919237,False,,0.218540903926272,0.12811622049440208
B_chunk_plus_state,monotone_conditional_survival_shared_mlp,arm,99,123,40,83,0.3252032520325203,0.7506024096385542,0.5851415843824384,0.19165036253748463,0.09458847793113628,False,,0.22095226188541764,0.13261642627188175
B_chunk_plus_state,monotone_conditional_survival_shared_mlp,gripper,1,337,314,23,0.9317507418397626,0.8494876765438937,0.9872968924406554,0.05568755538407107,0.03749990867967418,False,,0.06359143714417013,0.124291604578458
B_chunk_plus_state,monotone_conditional_survival_shared_mlp,gripper,2,335,296,39,0.8835820895522388,0.8616597366597366,0.9801920858191739,0.09334527534399609,0.05138333399945712,False,,0.10286703637014291,0.09256377321773901
B_chunk_plus_state,monotone_conditional_survival_shared_mlp,gripper,3,332,280,52,0.8433734939759037,0.8719093406593407,0.9747835356490208,0.10231696989376383,0.04030010386548512,False,,0.13213446701087386,0.22566025195119022
B_chunk_plus_state,monotone_conditional_survival_shared_mlp,gripper,4,330,272,58,0.8242424242424242,0.8864097363083164,0.9747410903322489,0.10159007422285164,0.0646764397277926,False,,0.14490395122572794,0.2989143956150855
B_chunk_plus_state,monotone_conditional_survival_shared_mlp,gripper,5,330,265,65,0.803030303030303,0.8988679245283019,0.9745612683969578,0.10064201981254868,0.03858540524311737,False,,0.15840004540146527,0.36463389541668845
B_chunk_plus_state,monotone_conditional_survival_shared_mlp,gripper,6,329,256,73,0.7781155015197568,0.9079088184931506,0.9724794968130217,0.09919222671156026,0.03097710998505982,False,,0.17297166030970518,0.42654058743520806
B_chunk_plus_state,monotone_conditional_survival_shared_mlp,gripper,7,328,251,77,0.7652439024390244,0.9165416257049723,0.973089347588777,0.09663718260591635,0.032882951850534616,False,,0.18042107651701325,0.4643797472475246
B_chunk_plus_state,monotone_conditional_survival_shared_mlp,gripper,8,325,246,79,0.7569230769230769,0.9095914376865287,0.9621064104835626,0.09833594363054188,0.045315941459796505,False,,0.1857628908801514,0.47063730993514064
B_chunk_plus_state,monotone_conditional_survival_shared_mlp,gripper,9,325,239,86,0.7353846153846154,0.9190425221368104,0.9599885205378043,0.09683643440842316,0.0588402832164031,False,,0.1965488895963183,0.5073162987218571
B_chunk_plus_state,monotone_conditional_survival_shared_mlp,gripper,10,324,232,92,0.7160493827160493,0.9200243628185907,0.9578999964363663,0.09934141239595427,0.055705273648638254,False,,0.20466237500562065,0.5146083280171744
B_chunk_plus_state,monotone_conditional_survival_shared_mlp,gripper,11,322,228,94,0.7080745341614907,0.9184397163120568,0.956062349406903,0.10210149145135111,0.06053010712399319,False,,0.20845816814296314,0.5102063288720418
B_chunk_plus_state,monotone_conditional_survival_shared_mlp,gripper,12,321,225,96,0.7009345794392523,0.9179166666666667,0.9542408913111942,0.10794162902554169,0.08359801316202549,False,,0.21237493640592467,0.49174026440094354
B_chunk_plus_state,monotone_conditional_survival_shared_mlp,gripper,13,318,212,106,0.6666666666666666,0.9078408686365255,0.936111573344258,0.11155674779875482,0.05862001925394202,False,,0.2233607429740432,0.5005534709753412
B_chunk_plus_state,monotone_conditional_survival_shared_mlp,gripper,14,315,205,110,0.6507936507936508,0.8971618625277162,0.9278844073070337,0.1216222333199356,0.062042127951467636,False,,0.22807983857763173,0.46675587777330463
B_chunk_plus_state,monotone_conditional_survival_shared_mlp,gripper,15,314,193,121,0.6146496815286624,0.9153427825118828,0.9300352967602942,0.10922567859630518,0.04712612551830813,False,,0.23700370996502057,0.5391393720696362
B_chunk_plus_state,monotone_conditional_survival_shared_mlp,gripper,16,312,184,128,0.5897435897435898,0.9096891983695652,0.9272897138874323,0.11540730169608893,0.03714793888010786,False,,0.24215488744748753,0.5234153524111069
B_chunk_plus_state,monotone_conditional_survival_shared_mlp,gripper,17,311,176,135,0.5659163987138264,0.9134680134680134,0.9255195539447663,0.11565036930834313,0.050835861508768156,False,,0.2458035169425484,0.5295007543143735
B_chunk_plus_state,monotone_conditional_survival_shared_mlp,gripper,18,309,160,149,0.517799352750809,0.9216023489932886,0.9208740675103062,0.111726800270828,0.04489039730097705,False,,0.24975347938457917,0.5526516765807008
B_chunk_plus_state,monotone_conditional_survival_shared_mlp,gripper,19,309,153,156,0.49514563106796117,0.9228674375733199,0.915236593301966,0.11125405679078895,0.05081519903098432,False,,0.2500673964534471,0.5551037105650829
B_chunk_plus_state,monotone_conditional_survival_shared_mlp,gripper,20,306,146,160,0.477124183006536,0.9314640410958904,0.9182616178919957,0.10746048520039121,0.05926622176438805,False,,0.24948029994457863,0.5692626422837264
B_chunk_plus_state,monotone_conditional_survival_shared_mlp,gripper,21,306,145,161,0.4738562091503268,0.9342899978582138,0.9205747952587789,0.10530667329671647,0.06979536702421954,False,,0.24956314376995264,0.5780359563277975
B_chunk_plus_state,monotone_conditional_survival_shared_mlp,gripper,22,306,138,168,0.45098039215686275,0.9225759144237405,0.8983926680994474,0.1147931910597006,0.05152164024097377,False,,0.24774822689478582,0.5366538340213786
B_chunk_plus_state,monotone_conditional_survival_shared_mlp,gripper,23,305,126,179,0.4131147540983607,0.9201472022701073,0.8861496947803214,0.11246987412955865,0.03202297808916978,False,,0.2425088686855028,0.5362236658016206
B_chunk_plus_state,monotone_conditional_survival_shared_mlp,gripper,24,303,117,186,0.38613861386138615,0.9221119382409705,0.8790227026115177,0.11236568006668429,0.05167072520652386,False,,0.2370976651430015,0.5260785044048712
B_chunk_plus_state,monotone_conditional_survival_shared_mlp,gripper,25,300,114,186,0.38,0.9219958498396529,0.8766174862263272,0.1121027553940044,0.04275110335909814,False,,0.23566731470532218,0.5243177632240712
B_chunk_plus_state,monotone_conditional_survival_shared_mlp,gripper,26,296,107,189,0.3614864864864865,0.9301290609701824,0.8821373539032643,0.10450160023456087,0.04386367565564304,False,,0.23083555418203433,0.5472898418752594
B_chunk_plus_state,monotone_conditional_survival_shared_mlp,gripper,27,294,104,190,0.35374149659863946,0.9269736842105263,0.8765219856928268,0.10650987453594114,0.04322881935368602,False,,0.22860850979080902,0.5340948828483931
B_chunk_plus_state,monotone_conditional_survival_shared_mlp,gripper,28,291,97,194,0.3333333333333333,0.9281007545966627,0.8714782870906645,0.10458076336774443,0.04782157569904604,False,,0.2222491229459893,0.5294435272387576
B_chunk_plus_state,monotone_conditional_survival_shared_mlp,gripper,29,289,92,197,0.31833910034602075,0.9277201500772456,0.86837977396412,0.10330468543140375,0.04801130913766942,False,,0.21703613741666608,0.5240208074976962
B_chunk_plus_state,monotone_conditional_survival_shared_mlp,gripper,30,289,88,201,0.3044982698961938,0.9192107643600181,0.8490320251716142,0.10687452324904508,0.052253738177996854,False,,0.2118106692432871,0.4954242690849142
B_chunk_plus_state,monotone_conditional_survival_shared_mlp,gripper,31,288,81,207,0.28125,0.9200214707461084,0.8187466359438341,0.10282825227031712,0.05479839521018958,False,,0.20226550194733045,0.4916174469678304
B_chunk_plus_state,monotone_conditional_survival_shared_mlp,gripper,32,287,81,206,0.28222996515679444,0.9196332254584682,0.8211297816759007,0.10260023076983572,0.060361850092090774,False,,0.20259254553106232,0.49356364272492625
B_chunk_plus_state,monotone_conditional_survival_shared_mlp,gripper,33,284,74,210,0.2605633802816901,0.9233590733590734,0.802482869819882,0.09810147631932165,0.0536312628804337,False,,0.19274340898920336,0.4910255202302827
B_chunk_plus_state,monotone_conditional_survival_shared_mlp,gripper,34,284,70,214,0.24647887323943662,0.9204939919893191,0.7878167584305581,0.09717895021431534,0.05324671703637866,False,,0.1857728771101695,0.4768937655162384
B_chunk_plus_state,monotone_conditional_survival_shared_mlp,gripper,35,283,67,216,0.23674911660777384,0.9186014372581537,0.7823934392323489,0.09398631831267015,0.03637357565451339,False,,0.18075380150982343,0.48003130485992973
B_chunk_plus_state,monotone_conditional_survival_shared_mlp,gripper,36,281,63,218,0.22419928825622776,0.9302461045580311,0.7935482031450136,0.08694790990330654,0.04526064353295252,False,,0.17393546464784382,0.5001139642260737
B_chunk_plus_state,monotone_conditional_survival_shared_mlp,gripper,37,280,55,225,0.19642857142857142,0.9402828282828283,0.8042931256103918,0.07861094661659572,0.0636267383092095,False,,0.1579790302921381,0.5023963213900813
B_chunk_plus_state,monotone_conditional_survival_shared_mlp,gripper,38,277,54,223,0.19494584837545126,0.942700548081714,0.8097165549279354,0.07730553883379908,0.0665053712858178,False,,0.15701879550748443,0.5076669733457849
B_chunk_plus_state,monotone_conditional_survival_shared_mlp,gripper,39,274,50,224,0.18248175182481752,0.9365178571428572,0.7972396101937064,0.07797936456902532,0.06944861704051321,False,,0.14918793380136858,0.4773078319266194
B_chunk_plus_state,monotone_conditional_survival_shared_mlp,gripper,40,270,49,221,0.1814814814814815,0.9314802844214609,0.7916524253029605,0.07567608955100072,0.054420015358185254,False,,0.14854626292991213,0.4905554131193014
B_chunk_plus_state,monotone_conditional_survival_shared_mlp,gripper,41,267,46,221,0.17228464419475656,0.9410781034821956,0.8200644350269982,0.06344349099784564,0.06561880683247523,False,,0.14260887997369084,0.5551224369089078
B_chunk_plus_state,monotone_conditional_survival_shared_mlp,gripper,42,264,44,220,0.16666666666666666,0.9494834710743801,0.8303575751222593,0.06034871978218399,0.05841563820237516,False,,0.13891587867913816,0.565573638118254
B_chunk_plus_state,monotone_conditional_survival_shared_mlp,gripper,43,259,43,216,0.16602316602316602,0.9414298018949182,0.8181867491863505,0.06189665759099691,0.04394402162710181,False,,0.1384606105118926,0.5529655881036253
B_chunk_plus_state,monotone_conditional_survival_shared_mlp,gripper,44,256,38,218,0.1484375,0.9494205697730564,0.8255478862187647,0.05715299331292335,0.04827445342571552,False,,0.12650483978825405,0.5482149662527773
B_chunk_plus_state,monotone_conditional_survival_shared_mlp,gripper,45,252,38,214,0.15079365079365079,0.9500737825873093,0.8271879339333776,0.05765085472127974,0.04762723342872996,False,,0.1280791197208624,0.5498809263607924
B_chunk_plus_state,monotone_conditional_survival_shared_mlp,gripper,46,248,38,210,0.1532258064516129,0.95,0.8252320583824634,0.05794834667194022,0.0499721966180804,False,,0.1297503922025234,0.5533859613966298
B_chunk_plus_state,monotone_conditional_survival_shared_mlp,gripper,47,245,35,210,0.14285714285714285,0.9625850340136054,0.8457749498845745,0.052602644274229275,0.058375355062868735,False,,0.12256517119244395,0.5708189874623029
B_chunk_plus_state,monotone_conditional_survival_shared_mlp,gripper,48,244,33,211,0.13524590163934427,0.9609363779979894,0.8350176132004428,0.05231225249318558,0.06522889340610247,False,,0.11726565029519984,0.5538996086109034
B_chunk_plus_state,monotone_conditional_survival_shared_mlp,gripper,49,242,31,211,0.128099173553719,0.9724812719767619,0.8539141976951163,0.04745693419363632,0.05914840866371162,False,,0.11211649845665764,0.576717656661545
B_chunk_plus_state,monotone_conditional_survival_shared_mlp,gripper,50,238,31,207,0.13025210084033614,0.9719495091164095,0.853430837241324,0.04676654166744571,0.050710768081992715,False,,0.1136975757827116,0.58867599994549
B_chunk_plus_state,monotone_conditional_survival_shared_mlp,gripper,51,232,31,201,0.1336206896551724,0.9701492537313433,0.8446920751154277,0.0485617164105014,0.05775985325338452,False,,0.11606659653821398,0.5816047178180774
B_chunk_plus_state,monotone_conditional_survival_shared_mlp,gripper,52,229,30,199,0.13100436681222707,0.9673366834170855,0.8302230007146508,0.0498477444968716,0.06127000756194311,False,,0.11421835145889767,0.5635749959601747
B_chunk_plus_state,monotone_conditional_survival_shared_mlp,gripper,53,224,30,194,0.13392857142857142,0.9670103092783505,0.8311151972590213,0.0508645037010274,0.056109996812071634,False,,0.11622311335421984,0.5623546622262239
B_chunk_plus_state,monotone_conditional_survival_shared_mlp,gripper,54,219,29,190,0.1324200913242009,0.9631578947368421,0.809186756751958,0.052843928645828646,0.05494628937637611,False,,0.11513058232698564,0.5410087608543046
B_chunk_plus_state,monotone_conditional_survival_shared_mlp,gripper,55,219,29,190,0.1324200913242009,0.9631578947368421,0.809186756751958,0.05272667606196157,0.054827398330829405,False,,0.11509885285257244,0.5419009420580586
B_chunk_plus_state,monotone_conditional_survival_shared_mlp,gripper,56,217,29,188,0.1336405529953917,0.9629493763756419,0.809834985392073,0.05324432736599207,0.056008362718868616,False,,0.11586710086244759,0.5404707033344915
B_chunk_plus_state,monotone_conditional_survival_shared_mlp,gripper,57,216,29,187,0.13425925925925927,0.9603540475751429,0.8003386856424788,0.0545492641035454,0.05392414422307318,False,,0.11626691351088787,0.5308272796074774
B_chunk_plus_state,monotone_conditional_survival_shared_mlp,gripper,58,211,29,182,0.13744075829383887,0.9586964759378552,0.7853162820749598,0.057551284306687926,0.04148108000710905,False,,0.11855624825682844,0.5145655741229719
B_chunk_plus_state,monotone_conditional_survival_shared_mlp,gripper,59,209,28,181,0.1339712918660287,0.9634964483030781,0.8092263373566441,0.054997034588172296,0.047570846254496216,False,,0.11604808034517085,0.5260840642551748
B_chunk_plus_state,monotone_conditional_survival_shared_mlp,gripper,60,208,28,180,0.1346153846153846,0.9617063492063492,0.8084615913492309,0.055472900928980544,0.04888155445951546,False,,0.11660457844761679,0.5242648130330398
B_chunk_plus_state,monotone_conditional_survival_shared_mlp,gripper,61,206,28,178,0.13592233009708737,0.9578651685393258,0.7952522143505422,0.058057421260280316,0.03367045621922395,False,,0.11771027476025295,0.5067769455255364
B_chunk_plus_state,monotone_conditional_survival_shared_mlp,gripper,62,205,28,177,0.13658536585365855,0.9592413236481033,0.7973951248427718,0.05837151850405044,0.038318118693661106,False,,0.11833897007471905,0.506743057952974
B_chunk_plus_state,monotone_conditional_survival_shared_mlp,gripper,63,201,27,174,0.13432835820895522,0.9721157939548745,0.8325944528728326,0.05361733465155177,0.043349040726821116,False,,0.1167945679426601,0.5409261269935515
B_chunk_plus_state,monotone_conditional_survival_shared_mlp,gripper,64,198,26,172,0.13131313131313133,0.9762969588550984,0.8445899862852746,0.05182866883905448,0.04174934181084072,False,,0.11468608006057224,0.5480823059635413
B_chunk_plus_state,monotone_conditional_survival_shared_mlp,gripper,65,197,23,174,0.116751269035533,0.9685157421289355,0.8073315993181447,0.04987120661040967,0.03710669650317532,False,,0.10340681121037314,0.5177183589101247
B_chunk_plus_state,monotone_conditional_survival_shared_mlp,gripper,66,195,23,172,0.11794871794871795,0.968149646107179,0.8073315993181447,0.05041776457259339,0.03706121193607013,False,,0.10447413428302679,0.5174139042300308
B_chunk_plus_state,monotone_conditional_survival_shared_mlp,gripper,67,193,21,172,0.10880829015544041,0.9581949058693244,0.6924187983505989,0.05425280569757602,0.036398903084758065,False,,0.09730480633277068,0.4424447492137441
B_chunk_plus_state,monotone_conditional_survival_shared_mlp,gripper,68,191,20,171,0.10471204188481675,0.9608187134502923,0.6828979629294443,0.05290932423210289,0.04105972250925045,False,,0.09414767658834398,0.4380177382024384
B_chunk_plus_state,monotone_conditional_survival_shared_mlp,gripper,69,191,19,172,0.09947643979057591,0.9577723378212974,0.6784945584918664,0.050987248724616054,0.03186508248365055,False,,0.08989326299428277,0.43280233661271306
B_chunk_plus_state,monotone_conditional_survival_shared_mlp,gripper,70,188,19,169,0.10106382978723404,0.9579570227343507,0.6765429435525343,0.05202486266878179,0.03601512253299064,False,,0.09140209737368363,0.4308132508591568
B_chunk_plus_state,monotone_conditional_survival_shared_mlp,gripper,71,188,16,172,0.0851063829787234,0.9694767441860465,0.7139021293867904,0.04218495679895854,0.03829410049351805,False,,0.07805870452969811,0.459573957150302
B_chunk_plus_state,monotone_conditional_survival_shared_mlp,gripper,72,187,14,173,0.0748663101604278,0.9690338563170933,0.6644057805548489,0.04021736271770375,0.036000120210542066,False,,0.06933959246521793,0.419994244444434
B_chunk_plus_state,monotone_conditional_survival_shared_mlp,gripper,73,186,13,173,0.06989247311827956,0.9662072032014228,0.6407381334319167,0.03921123794217519,0.04044964709405206,False,,0.06505453345878505,0.39725587353543534
B_chunk_plus_state,monotone_conditional_survival_shared_mlp,gripper,74,184,11,173,0.059782608695652176,0.954282711508145,0.5112983701110391,0.03911811448463067,0.03765773740431885,False,,0.05624440005309801,0.3044976131365811
B_chunk_plus_state,monotone_conditional_survival_shared_mlp,gripper,75,181,10,171,0.055248618784530384,0.9567251461988304,0.5157694142774788,0.035676656278751266,0.03407203272440153,False,,0.05220174030923229,0.31656193706550495
B_chunk_plus_state,monotone_conditional_survival_shared_mlp,gripper,76,177,10,167,0.05649717514124294,0.9580838323353293,0.522047423487986,0.03623574651685189,0.034722245124116605,False,,0.05337068486751734,0.3210552458376673
B_chunk_plus_state,monotone_conditional_survival_shared_mlp,gripper,77,175,9,166,0.05142857142857143,0.9564926372155288,0.5189933269805872,0.03387876735885663,0.028081300968792005,False,,0.04888753928609386,0.30700608266259166
B_chunk_plus_state,monotone_conditional_survival_shared_mlp,gripper,78,172,7,165,0.040697674418604654,0.9679653679653679,0.5634389788303985,0.025433191081517252,0.02730243260388238,False,,0.03908027807985544,0.3492064967002576
B_chunk_plus_state,monotone_conditional_survival_shared_mlp,gripper,79,170,5,165,0.029411764705882353,0.9903030303030304,0.8142857142857143,0.01627721478562713,0.031130853340925465,False,,0.028551777572927938,0.4299053800047543
B_chunk_plus_state,monotone_conditional_survival_shared_mlp,gripper,80,167,4,163,0.023952095808383235,0.9815950920245399,0.4988095238095238,0.01927617025079626,0.026733536953928796,False,,0.023424586241740552,0.1770966602412033
B_chunk_plus_state,monotone_conditional_survival_shared_mlp,gripper,81,166,1,165,0.006024096385542169,0.9696969696969697,0.16666666666666666,0.011889625633688105,0.03293435700421501,False,,0.006106164003498107,-0.9471513747217992
B_chunk_plus_state,monotone_conditional_survival_shared_mlp,gripper,82,164,1,163,0.006097560975609756,0.9693251533742331,0.16666666666666666,0.011418988140064439,0.03132761679140872,False,,0.006169909216549052,-0.850754644725761
B_chunk_plus_state,monotone_conditional_survival_shared_mlp,gripper,83,161,1,160,0.006211180124223602,0.96875,0.16666666666666666,0.011256542409384599,0.02974104063528993,False,,0.006197849728804866,-0.8162012475180165
B_chunk_plus_state,monotone_conditional_survival_shared_mlp,gripper,84,160,1,159,0.00625,0.9685534591194969,0.16666666666666666,0.011307085944992324,0.029653497225919524,False,,0.0062380098933751595,-0.8126110952469927
B_chunk_plus_state,monotone_conditional_survival_shared_mlp,gripper,85,158,1,157,0.006329113924050633,0.9681528662420382,0.16666666666666666,0.011437589062632099,0.03000094644095271,False,,0.0062947770262406656,-0.8169966966189424
B_chunk_plus_state,monotone_conditional_survival_shared_mlp,gripper,86,154,1,153,0.006493506493506494,0.9673202614379085,0.16666666666666666,0.010562763003383175,0.023769105927310193,False,,0.0064522271719518855,-0.6370723971561276
B_chunk_plus_state,monotone_conditional_survival_shared_mlp,gripper,87,152,1,151,0.006578947368421052,0.9668874172185431,0.16666666666666666,0.010687343609010629,0.023746539060978174,False,,0.006539827927462256,-0.6341933958433357
B_chunk_plus_state,monotone_conditional_survival_shared_mlp,gripper,88,146,1,145,0.00684931506849315,0.9655172413793104,0.16666666666666666,0.010694545446719756,0.021691334710343717,False,,0.006811349769706005,-0.5701066320635242
B_chunk_plus_state,monotone_conditional_survival_shared_mlp,gripper,89,143,1,142,0.006993006993006993,0.9647887323943662,0.16666666666666666,0.010416792974537792,0.019721904413657666,False,,0.006958971670390357,-0.4968868200541865
B_chunk_plus_state,monotone_conditional_survival_shared_mlp,gripper,90,141,1,140,0.0070921985815602835,0.9642857142857143,0.16666666666666666,0.01028798194181355,0.018787382477920948,False,,0.007063861877536558,-0.456424562112385
B_chunk_plus_state,monotone_conditional_survival_shared_mlp,gripper,91,139,1,138,0.007194244604316547,0.9637681159420289,0.16666666666666666,0.010429670388907583,0.01897239290611174,False,,0.007164890734978138,-0.4556635648316565
B_chunk_plus_state,monotone_conditional_survival_shared_mlp,gripper,92,135,0,135,0.0,nan,nan,0.006772223993780194,0.025448993999865367,True,one_label_class,6.944444444444447e-07,-9751.002551043477
B_chunk_plus_state,monotone_conditional_survival_shared_mlp,gripper,93,132,0,132,0.0,nan,nan,0.006787462079062203,0.02564851810498968,True,one_label_class,7.157560817794269e-07,-9481.926169747701
B_chunk_plus_state,monotone_conditional_survival_shared_mlp,gripper,94,130,0,130,0.0,nan,nan,0.00688812677680759,0.02603156047515468,True,one_label_class,7.548303481051114e-07,-9124.397242041474
B_chunk_plus_state,monotone_conditional_survival_shared_mlp,gripper,95,126,0,126,0.0,nan,nan,0.006736564795922993,0.025969094455057063,True,one_label_class,7.790048835816154e-07,-8646.654126313588
B_chunk_plus_state,monotone_conditional_survival_shared_mlp,gripper,96,126,0,126,0.0,nan,nan,0.006611210930485483,0.025740520100933008,True,one_label_class,8.219567667179844e-07,-8042.258718927011
B_chunk_plus_state,monotone_conditional_survival_shared_mlp,gripper,97,126,0,126,0.0,nan,nan,0.006596520323208805,0.025703447223906353,True,one_label_class,8.447772491349479e-07,-7807.591353476485
B_chunk_plus_state,monotone_conditional_survival_shared_mlp,gripper,98,125,0,125,0.0,nan,nan,0.006550703943291866,0.025392394919812468,True,one_label_class,0.0,nan
B_chunk_plus_state,monotone_conditional_survival_shared_mlp,gripper,99,123,0,123,0.0,nan,nan,0.005902216769579975,0.022705899645245175,True,one_label_class,0.0,nan
C_chunk_plus_frozen_ACT_latent,monotone_conditional_survival_shared_mlp,arm,1,337,337,0,1.0,nan,nan,0.00018162240646685772,0.005070902832712741,True,one_label_class,0.0,nan
C_chunk_plus_frozen_ACT_latent,monotone_conditional_survival_shared_mlp,arm,2,335,335,0,1.0,nan,nan,0.00030712301539989053,0.007735434438435018,True,one_label_class,1.0971696205580633e-07,-2798.230033763383
C_chunk_plus_frozen_ACT_latent,monotone_conditional_survival_shared_mlp,arm,3,332,331,1,0.9969879518072289,0.7824773413897281,0.999262728816379,0.0034129235367748785,0.006824903692413548,False,,0.003004796264678611,-0.135825272712764
C_chunk_plus_frozen_ACT_latent,monotone_conditional_survival_shared_mlp,arm,4,330,329,1,0.996969696969697,0.7629179331306991,0.9991817776945167,0.0035346310468585156,0.008698939774454347,False,,0.003022871542024776,-0.16929581615332334
C_chunk_plus_frozen_ACT_latent,monotone_conditional_survival_shared_mlp,arm,5,330,328,2,0.9939393939393939,0.7088414634146342,0.9979133458472567,0.007013768743598719,0.012271283741038684,False,,0.006024325535756637,-0.16424132493660326
C_chunk_plus_frozen_ACT_latent,monotone_conditional_survival_shared_mlp,arm,6,329,325,4,0.9878419452887538,0.8453846153846154,0.997927256544244,0.012979032878647784,0.011229034460360002,False,,0.01201067190430174,-0.0806250459642659
C_chunk_plus_frozen_ACT_latent,monotone_conditional_survival_shared_mlp,arm,7,328,323,5,0.9847560975609756,0.7294117647058823,0.9944278210344479,0.01725384720934334,0.015427573082926702,False,,0.015017613294873156,-0.14890741095548177
C_chunk_plus_frozen_ACT_latent,monotone_conditional_survival_shared_mlp,arm,8,325,318,7,0.9784615384615385,0.8014375561545373,0.9938592589525803,0.02286228211803665,0.024502686478830357,False,,0.021126667479450995,-0.08215278818932581
C_chunk_plus_frozen_ACT_latent,monotone_conditional_survival_shared_mlp,arm,9,325,311,14,0.9569230769230769,0.793752870923289,0.9871126329922502,0.03960204208172759,0.010663732506750016,False,,0.04122266349263274,0.039313845190881214
C_chunk_plus_frozen_ACT_latent,monotone_conditional_survival_shared_mlp,arm,10,324,303,21,0.9351851851851852,0.845984598459846,0.9859082558306032,0.052722694317052045,0.015147823980991048,False,,0.060791990770155735,0.1327361770995844
C_chunk_plus_frozen_ACT_latent,monotone_conditional_survival_shared_mlp,arm,11,322,296,26,0.9192546583850931,0.8633056133056133,0.98452892179785,0.06350041167653164,0.028010912197631646,False,,0.07468134188682278,0.14971517554191094
C_chunk_plus_frozen_ACT_latent,monotone_conditional_survival_shared_mlp,arm,12,321,291,30,0.9065420560747663,0.8230240549828178,0.9687205783854764,0.073032068145089,0.03881277984205554,False,,0.08526306577824339,0.14345012722115102
C_chunk_plus_frozen_ACT_latent,monotone_conditional_survival_shared_mlp,arm,13,318,278,40,0.8742138364779874,0.7779676258992806,0.9488555175329003,0.0962184689281692,0.05222329141921477,False,,0.11188460825401847,0.14002050478901873
C_chunk_plus_frozen_ACT_latent,monotone_conditional_survival_shared_mlp,arm,14,315,271,44,0.8603174603174604,0.7739852398523985,0.9443256544530046,0.10521000201542195,0.062409000758973564,False,,0.12225693558849185,0.1394353088519138
C_chunk_plus_frozen_ACT_latent,monotone_conditional_survival_shared_mlp,arm,15,314,266,48,0.8471337579617835,0.7897086466165414,0.9440556932747532,0.10922382084227472,0.06455208397699701,False,,0.13137526221823445,0.1686119669863173
C_chunk_plus_frozen_ACT_latent,monotone_conditional_survival_shared_mlp,arm,16,312,262,50,0.8397435897435898,0.7895419847328244,0.9392801064890542,0.108865023975608,0.057173571276784775,False,,0.13616860960986754,0.2005130676775374
C_chunk_plus_frozen_ACT_latent,monotone_conditional_survival_shared_mlp,arm,17,311,259,52,0.8327974276527331,0.7745025245025245,0.9289971346122174,0.11291424735925372,0.0652021239490294,False,,0.14052901066773527,0.19650578323484746
C_chunk_plus_frozen_ACT_latent,monotone_conditional_survival_shared_mlp,arm,18,309,257,52,0.8317152103559871,0.772223885064352,0.9281900137087024,0.11349540468971028,0.06147147858853168,False,,0.14047852592407148,0.1920800425322341
C_chunk_plus_frozen_ACT_latent,monotone_conditional_survival_shared_mlp,arm,19,309,255,54,0.8252427184466019,0.7769789397240378,0.9273403928195854,0.11740217247990216,0.0633494219993521,False,,0.14465560902375854,0.18840221079419206
C_chunk_plus_frozen_ACT_latent,monotone_conditional_survival_shared_mlp,arm,20,306,250,56,0.8169934640522876,0.7457857142857143,0.9109555938279754,0.12394476495872801,0.05120187734047185,False,,0.14998623109982123,0.17362571184125353
C_chunk_plus_frozen_ACT_latent,monotone_conditional_survival_shared_mlp,arm,21,306,247,59,0.8071895424836601,0.7524874768407329,0.909190609379654,0.12843526342902634,0.06803737407509965,False,,0.15614105014125432,0.17744076069146264
C_chunk_plus_frozen_ACT_latent,monotone_conditional_survival_shared_mlp,arm,22,306,245,61,0.8006535947712419,0.7638006022080963,0.9101364218861691,0.12928811598376772,0.060694383223533745,False,,0.15997048742241848,0.19180019973078422
C_chunk_plus_frozen_ACT_latent,monotone_conditional_survival_shared_mlp,arm,23,305,238,67,0.780327868852459,0.7697855261507588,0.9038329488281029,0.13735671969970123,0.06110815933025379,False,,0.17229128530054183,0.20276455387689152
C_chunk_plus_frozen_ACT_latent,monotone_conditional_survival_shared_mlp,arm,24,303,233,70,0.768976897689769,0.7640711220110362,0.895462586518254,0.14196707280943496,0.06133674126031237,False,,0.17862765779020476,0.20523465086144188
C_chunk_plus_frozen_ACT_latent,monotone_conditional_survival_shared_mlp,arm,25,300,227,73,0.7566666666666667,0.761752459115322,0.8903712689434041,0.14999403136958517,0.06788609586030207,False,,0.18537679386254033,0.190869427373914
C_chunk_plus_frozen_ACT_latent,monotone_conditional_survival_shared_mlp,arm,26,296,219,77,0.7398648648648649,0.7565083318507976,0.8812437675221241,0.15897001955894086,0.06355985154726491,False,,0.19401181586952818,0.18061681528795503
C_chunk_plus_frozen_ACT_latent,monotone_conditional_survival_shared_mlp,arm,27,294,214,80,0.7278911564625851,0.7503504672897197,0.8710459831209331,0.165192207182858,0.05862263032440942,False,,0.19980111624891983,0.17321679536036605
C_chunk_plus_frozen_ACT_latent,monotone_conditional_survival_shared_mlp,arm,28,291,208,83,0.7147766323024055,0.7260773864689527,0.8488627314941056,0.17606956546950622,0.06996238825047744,False,,0.205568487434641,0.14349924121766844
C_chunk_plus_frozen_ACT_latent,monotone_conditional_survival_shared_mlp,arm,29,289,206,83,0.71280276816609,0.7241197800912388,0.8469297220297932,0.17767631699185815,0.07481241010013795,False,,0.2059465129149699,0.13726960230098095
C_chunk_plus_frozen_ACT_latent,monotone_conditional_survival_shared_mlp,arm,30,289,200,89,0.6920415224913494,0.7098876404494382,0.8218473719118371,0.18966444112103523,0.07359750265716307,False,,0.21519484327673813,0.11863854062186374
C_chunk_plus_frozen_ACT_latent,monotone_conditional_survival_shared_mlp,arm,31,288,196,92,0.6805555555555556,0.7094055013309671,0.8134366313740249,0.19301209289374568,0.07474173070907907,False,,0.21930260462977857,0.11988235060142538
C_chunk_plus_frozen_ACT_latent,monotone_conditional_survival_shared_mlp,arm,32,287,194,93,0.6759581881533101,0.7102316816317481,0.8111572901676425,0.1940299060245293,0.08446566395776299,False,,0.2207107478502448,0.12088601069767035
C_chunk_plus_frozen_ACT_latent,monotone_conditional_survival_shared_mlp,arm,33,284,187,97,0.6584507042253521,0.7051105353106566,0.7990085159377063,0.2025026566149971,0.09315640947784458,False,,0.2275188474006327,0.10995216911232475
C_chunk_plus_frozen_ACT_latent,monotone_conditional_survival_shared_mlp,arm,34,284,182,102,0.6408450704225352,0.7073367808661927,0.7874723947463014,0.20694350920574311,0.10332180412314153,False,,0.23412855849132957,0.11611163311627015
C_chunk_plus_frozen_ACT_latent,monotone_conditional_survival_shared_mlp,arm,35,283,179,104,0.6325088339222615,0.7088525999140525,0.7842153909003544,0.20762775627158497,0.09016847436926033,False,,0.23627333847444035,0.1212391647225749
C_chunk_plus_frozen_ACT_latent,monotone_conditional_survival_shared_mlp,arm,36,281,175,106,0.6227758007117438,0.7048517520215634,0.7723653465050776,0.21084735410534028,0.09187786797951715,False,,0.23934758713372956,0.11907466195790595
C_chunk_plus_frozen_ACT_latent,monotone_conditional_survival_shared_mlp,arm,37,280,173,107,0.6178571428571429,0.7101183080330614,0.7736515333801095,0.20993218546811226,0.08916592728998562,False,,0.24016343054374698,0.12587780332413234
C_chunk_plus_frozen_ACT_latent,monotone_conditional_survival_shared_mlp,arm,38,277,167,110,0.6028880866425993,0.7062602068590093,0.7611536630772963,0.21579887406814072,0.1009220345822361,False,,0.24459527893859329,0.1177308286382831
C_chunk_plus_frozen_ACT_latent,monotone_conditional_survival_shared_mlp,arm,39,274,164,110,0.5985401459854015,0.7092017738359202,0.7539135782384674,0.21455508325578654,0.08346504100600118,False,,0.24581881055496513,0.12718199729547552
C_chunk_plus_frozen_ACT_latent,monotone_conditional_survival_shared_mlp,arm,40,270,161,109,0.5962962962962963,0.7134879480312268,0.7554437049749175,0.21349618131329967,0.09328912547079218,False,,0.2452471856268681,0.12946531570754116
C_chunk_plus_frozen_ACT_latent,monotone_conditional_survival_shared_mlp,arm,41,267,159,108,0.5955056179775281,0.7131959003028185,0.7558994013281914,0.2131867858307158,0.09384839933595661,False,,0.24477517958980743,0.1290506407227533
C_chunk_plus_frozen_ACT_latent,monotone_conditional_survival_shared_mlp,arm,42,264,155,109,0.5871212121212122,0.7166025451316957,0.7548997331545733,0.2143003181733993,0.09344081113928245,False,,0.24589627668217406,0.12849303346554197
C_chunk_plus_frozen_ACT_latent,monotone_conditional_survival_shared_mlp,arm,43,259,153,106,0.5907335907335908,0.7170427919595511,0.759436998820367,0.21248182447608965,0.08842516333811927,False,,0.24358215358215365,0.12767901362516976
C_chunk_plus_frozen_ACT_latent,monotone_conditional_survival_shared_mlp,arm,44,256,146,110,0.5703125,0.701307596513076,0.7303450392783689,0.222322291471582,0.08078475827000398,False,,0.2471974872798964,0.10062883762304897
C_chunk_plus_frozen_ACT_latent,monotone_conditional_survival_shared_mlp,arm,45,252,143,109,0.5674603174603174,0.7132867132867133,0.7349999228242187,0.21761785537687117,0.09090253351963094,False,,0.24701008607493533,0.11899202645979179
C_chunk_plus_frozen_ACT_latent,monotone_conditional_survival_shared_mlp,arm,46,248,137,111,0.5524193548387096,0.6998092983494444,0.7135165245972982,0.22464000821940186,0.09464879984585042,False,,0.24840636013022163,0.09567529550515852
C_chunk_plus_frozen_ACT_latent,monotone_conditional_survival_shared_mlp,arm,47,245,131,114,0.5346938775510204,0.7008838891120932,0.7016201859294643,0.22555353729063096,0.08081596140323068,False,,0.25049502867262613,0.09956880786880362
C_chunk_plus_frozen_ACT_latent,monotone_conditional_survival_shared_mlp,arm,48,244,127,117,0.5204918032786885,0.7052964533279494,0.6946225553817136,0.22616724917881895,0.08989621444542464,False,,0.2511999252590032,0.09965240258082864
C_chunk_plus_frozen_ACT_latent,monotone_conditional_survival_shared_mlp,arm,49,242,122,120,0.5041322314049587,0.7155737704918033,0.696815403712651,0.22256028150243684,0.0868552912710008,False,,0.25199945364392295,0.11682236495275855
C_chunk_plus_frozen_ACT_latent,monotone_conditional_survival_shared_mlp,arm,50,238,114,124,0.4789915966386555,0.7208545557441992,0.6803103308857265,0.22112950825226585,0.09141222247109092,False,,0.25253603535914615,0.12436453697475391
C_chunk_plus_frozen_ACT_latent,monotone_conditional_survival_shared_mlp,arm,51,232,108,124,0.46551724137931033,0.7314814814814815,0.6795526238124245,0.21710045182385201,0.08644254332409605,False,,0.2519718401668731,0.13839399005828124
C_chunk_plus_frozen_ACT_latent,monotone_conditional_survival_shared_mlp,arm,52,229,106,123,0.462882096069869,0.7366160454057371,0.6822720942698061,0.2145321431590592,0.08841251733828578,False,,0.2505661906732054,0.1438104934162594
C_chunk_plus_frozen_ACT_latent,monotone_conditional_survival_shared_mlp,arm,53,224,104,120,0.4642857142857143,0.7326923076923076,0.6776124566240327,0.2154063020993817,0.09156608168588794,False,,0.24966444408645325,0.13721674350717206
C_chunk_plus_frozen_ACT_latent,monotone_conditional_survival_shared_mlp,arm,54,219,100,119,0.45662100456621,0.7301680672268908,0.6722061993709241,0.2170191435196401,0.10965713898764098,False,,0.24895527193982547,0.12828058699598288
C_chunk_plus_frozen_ACT_latent,monotone_conditional_survival_shared_mlp,arm,55,219,99,120,0.4520547945205479,0.7321548821548821,0.671689086603159,0.21617388007204447,0.1137550023137392,False,,0.24830932196979622,0.12941697735238722
C_chunk_plus_frozen_ACT_latent,monotone_conditional_survival_shared_mlp,arm,56,217,95,122,0.4377880184331797,0.7235547886108714,0.6547802264685798,0.22040323527656697,0.1137710740790117,False,,0.2467231406746477,0.10667789541796013
C_chunk_plus_frozen_ACT_latent,monotone_conditional_survival_shared_mlp,arm,57,216,93,123,0.4305555555555556,0.7248885392079727,0.6472570869133297,0.2176130670936658,0.10219140017657057,False,,0.24567182629589382,0.11421236055140205
C_chunk_plus_frozen_ACT_latent,monotone_conditional_survival_shared_mlp,arm,58,211,91,120,0.4312796208530806,0.7152014652014652,0.636469142614348,0.22167745178805315,0.11082079483231949,False,,0.2453854941634914,0.0966155006686844
C_chunk_plus_frozen_ACT_latent,monotone_conditional_survival_shared_mlp,arm,59,209,88,121,0.42105263157894735,0.722389181066867,0.6357056590814657,0.21788887848083038,0.10137983413426818,False,,0.24393184879245497,0.10676330475313534
C_chunk_plus_frozen_ACT_latent,monotone_conditional_survival_shared_mlp,arm,60,208,86,122,0.41346153846153844,0.73131910026687,0.6363253847237967,0.21287719280668377,0.10309570345325786,False,,0.24272303930132316,0.12296256086999602
C_chunk_plus_frozen_ACT_latent,monotone_conditional_survival_shared_mlp,arm,61,206,84,122,0.4077669902912621,0.7338992974238876,0.6353807345445626,0.2111613309590574,0.10126971183738472,False,,0.24161278287695348,0.1260341094345333
C_chunk_plus_frozen_ACT_latent,monotone_conditional_survival_shared_mlp,arm,62,205,83,122,0.40487804878048783,0.7332609125024689,0.6350157715914218,0.21096754651141314,0.10653371982023083,False,,0.2409881385710734,0.12457290320455516
C_chunk_plus_frozen_ACT_latent,monotone_conditional_survival_shared_mlp,arm,63,201,78,123,0.3880597014925373,0.7270168855534709,0.6166738545645729,0.21207713274856607,0.13856815688109148,False,,0.23770773753538663,0.1078240239571715
C_chunk_plus_frozen_ACT_latent,monotone_conditional_survival_shared_mlp,arm,64,198,77,121,0.3888888888888889,0.7292046796179028,0.6167569031581802,0.21029068488191308,0.11226384889356492,False,,0.23767072031013167,0.1152015502477165
C_chunk_plus_frozen_ACT_latent,monotone_conditional_survival_shared_mlp,arm,65,197,77,120,0.39086294416243655,0.7373376623376623,0.6359317493224537,0.20573012006673083,0.1118548359783854,False,,0.23813094094436135,0.13606304476494246
C_chunk_plus_frozen_ACT_latent,monotone_conditional_survival_shared_mlp,arm,66,195,74,121,0.37948717948717947,0.7432432432432432,0.6315980807846953,0.2012358945168696,0.10447076896480566,False,,0.2354781453970776,0.14541583390877577
C_chunk_plus_frozen_ACT_latent,monotone_conditional_survival_shared_mlp,arm,67,193,72,121,0.37305699481865284,0.7494260789715336,0.6348123863149515,0.19759376998728118,0.11329050619361102,False,,0.23388584674877022,0.1551700424201914
C_chunk_plus_frozen_ACT_latent,monotone_conditional_survival_shared_mlp,arm,68,191,71,120,0.3717277486910995,0.7463615023474178,0.6276186670678343,0.19874883678196187,0.1161243141086199,False,,0.23357386728020435,0.14909643319158228
C_chunk_plus_frozen_ACT_latent,monotone_conditional_survival_shared_mlp,arm,69,191,70,121,0.36649214659685864,0.7447461629279811,0.6295576570390474,0.19747185974738196,0.126138500241499,False,,0.2322127297825423,0.14960794814174794
C_chunk_plus_frozen_ACT_latent,monotone_conditional_survival_shared_mlp,arm,70,188,68,120,0.3617021276595745,0.7502450980392157,0.6238555113355255,0.19507607039242023,0.11326930489606415,False,,0.2308977106460057,0.1551407337619921
C_chunk_plus_frozen_ACT_latent,monotone_conditional_survival_shared_mlp,arm,71,188,68,120,0.3617021276595745,0.7495098039215686,0.6217281456182109,0.19544072117807898,0.10677418111092868,False,,0.23097949231386855,0.1538611535585912
C_chunk_plus_frozen_ACT_latent,monotone_conditional_survival_shared_mlp,arm,72,187,68,119,0.36363636363636365,0.7524715768660405,0.6275609461078443,0.1950919413096625,0.1051710181718301,False,,0.23167965539804136,0.15792372457356552
C_chunk_plus_frozen_ACT_latent,monotone_conditional_survival_shared_mlp,arm,73,186,67,119,0.3602150537634409,0.7570550608303023,0.6290577349368238,0.1921037865204539,0.10303335900173018,False,,0.23076634165305482,0.1675398364234939
C_chunk_plus_frozen_ACT_latent,monotone_conditional_survival_shared_mlp,arm,74,184,66,118,0.358695652173913,0.7588597842835131,0.6288296588284799,0.19182794483830226,0.094441774431083,False,,0.23040087800283238,0.1674166066505004
C_chunk_plus_frozen_ACT_latent,monotone_conditional_survival_shared_mlp,arm,75,181,66,115,0.36464088397790057,0.7581027667984189,0.6301744851881247,0.19414573135640067,0.09134888677622073,False,,0.2324473685299053,0.16477552495319803
C_chunk_plus_frozen_ACT_latent,monotone_conditional_survival_shared_mlp,arm,76,177,65,112,0.3672316384180791,0.757554945054945,0.6318443550903515,0.1962039659393878,0.10083573580205725,False,,0.23336877557517713,0.15925356571028115
C_chunk_plus_frozen_ACT_latent,monotone_conditional_survival_shared_mlp,arm,77,175,64,111,0.3657142857142857,0.7539414414414415,0.625094312753868,0.1984524145263583,0.09727510711362854,False,,0.23315957935411383,0.14885583909483557
C_chunk_plus_frozen_ACT_latent,monotone_conditional_survival_shared_mlp,arm,78,172,63,109,0.36627906976744184,0.7543323139653415,0.6257147198186669,0.1992398591177492,0.08887510238524744,False,,0.2337615027817385,0.14767890885875212
C_chunk_plus_frozen_ACT_latent,monotone_conditional_survival_shared_mlp,arm,79,170,63,107,0.37058823529411766,0.7534490431686693,0.6261848992152553,0.20137514190853426,0.09929470365247497,False,,0.23525343206531646,0.14400763406238482
C_chunk_plus_frozen_ACT_latent,monotone_conditional_survival_shared_mlp,arm,80,167,62,105,0.3712574850299401,0.7502304147465437,0.6200087162959491,0.20327461614130657,0.10629575630131885,False,,0.23557750594495752,0.13712213173357257
C_chunk_plus_frozen_ACT_latent,monotone_conditional_survival_shared_mlp,arm,81,166,61,105,0.3674698795180723,0.7525370804059328,0.6189874233277852,0.20084072652210422,0.1039401918907956,False,,0.23451793698774479,0.14360185365011313
C_chunk_plus_frozen_ACT_latent,monotone_conditional_survival_shared_mlp,arm,82,164,60,104,0.36585365853658536,0.7536858974358974,0.6195427527296834,0.20013949067071868,0.10318889848482943,False,,0.234214988652722,0.14548811832247055
C_chunk_plus_frozen_ACT_latent,monotone_conditional_survival_shared_mlp,arm,83,161,59,102,0.36645962732919257,0.7620471917580591,0.6288893549145003,0.19681487737881345,0.10356872709982773,False,,0.23471200905917994,0.16146226105887562
C_chunk_plus_frozen_ACT_latent,monotone_conditional_survival_shared_mlp,arm,84,160,59,101,0.36875,0.760698103708676,0.6293192043637637,0.19807785407360426,0.10476452863638289,False,,0.23574425320338244,0.15977653163524808
C_chunk_plus_frozen_ACT_latent,monotone_conditional_survival_shared_mlp,arm,85,158,59,99,0.37341772151898733,0.758602978941962,0.6307603317406688,0.20084084009792388,0.11287034532454661,False,,0.23768789556962025,0.15502285206149102
C_chunk_plus_frozen_ACT_latent,monotone_conditional_survival_shared_mlp,arm,86,154,58,96,0.37662337662337664,0.7613146551724138,0.6248226836568478,0.2012894380855404,0.11663438275679656,False,,0.23901611634451145,0.15784156665232074
C_chunk_plus_frozen_ACT_latent,monotone_conditional_survival_shared_mlp,arm,87,152,57,95,0.375,0.7628808864265928,0.6231655372420036,0.19991690258825032,0.12895945863858968,False,,0.23858231808496275,0.1620632065572567
C_chunk_plus_frozen_ACT_latent,monotone_conditional_survival_shared_mlp,arm,88,146,53,93,0.363013698630137,0.7537025765875431,0.6100048988975398,0.2006862417570101,0.12079640455745766,False,,0.23427553988856942,0.14337518183731723
C_chunk_plus_frozen_ACT_latent,monotone_conditional_survival_shared_mlp,arm,89,143,53,90,0.3706293706293706,0.7536687631027253,0.613700794227154,0.20383068832037762,0.12808345479123823,False,,0.23745541655576263,0.14160438503827
C_chunk_plus_frozen_ACT_latent,monotone_conditional_survival_shared_mlp,arm,90,141,51,90,0.3617021276595745,0.7620915032679738,0.6163910325766333,0.19636516766891884,0.11832657904817459,False,,0.23367858184251059,0.15967836623871412
C_chunk_plus_frozen_ACT_latent,monotone_conditional_survival_shared_mlp,arm,91,139,48,91,0.34532374100719426,0.7740384615384616,0.6148524463353363,0.18821702288748765,0.11096460715992588,False,,0.22768772473617443,0.17335454467043465
C_chunk_plus_frozen_ACT_latent,monotone_conditional_survival_shared_mlp,arm,92,135,46,89,0.34074074074074073,0.7689301416707377,0.5968370239079234,0.1899889120073215,0.12647735496674953,False,,0.22591388888888897,0.15902066516696733
C_chunk_plus_frozen_ACT_latent,monotone_conditional_survival_shared_mlp,arm,93,132,43,89,0.32575757575757575,0.7789391168016724,0.5997437286937324,0.1791418642158422,0.12928789443561498,False,,0.22028571160860058,0.18677492558328967
C_chunk_plus_frozen_ACT_latent,monotone_conditional_survival_shared_mlp,arm,94,130,42,88,0.3230769230769231,0.7775974025974026,0.5985278536985951,0.17808533037212693,0.13515210187301938,False,,0.21924286683869443,0.18772577215407749
C_chunk_plus_frozen_ACT_latent,monotone_conditional_survival_shared_mlp,arm,95,126,41,85,0.3253968253968254,0.7753228120516499,0.5993290401697228,0.17944786867445214,0.13238325074414659,False,,0.22039710651866717,0.18579752924635928
C_chunk_plus_frozen_ACT_latent,monotone_conditional_survival_shared_mlp,arm,96,126,41,85,0.3253968253968254,0.7727403156384505,0.5959906852836434,0.1800913104254001,0.15453120395257833,False,,0.22045904015254894,0.1831076180827783
C_chunk_plus_frozen_ACT_latent,monotone_conditional_survival_shared_mlp,arm,97,126,41,85,0.3253968253968254,0.7727403156384505,0.5959906852836434,0.18011703792038922,0.14534400231177,False,,0.2205504616828349,0.18332958114860554
C_chunk_plus_frozen_ACT_latent,monotone_conditional_survival_shared_mlp,arm,98,125,40,85,0.32,0.7694117647058824,0.5886119195742902,0.18023586360755336,0.1451372765511022,False,,0.218540903926272,0.17527629670481004
C_chunk_plus_frozen_ACT_latent,monotone_conditional_survival_shared_mlp,arm,99,123,40,83,0.3252032520325203,0.7762048192771084,0.6031157837206786,0.17931434239074598,0.14145079992281215,False,,0.22095226188541764,0.18844758202233036
C_chunk_plus_frozen_ACT_latent,monotone_conditional_survival_shared_mlp,gripper,1,337,314,23,0.9317507418397626,0.8270562171143727,0.984817576329575,0.06055398227428036,0.037951674312461235,False,,0.06359143714417013,0.04776515528346159
C_chunk_plus_frozen_ACT_latent,monotone_conditional_survival_shared_mlp,gripper,2,335,296,39,0.8835820895522388,0.8602737352737353,0.9792973102773922,0.08153067708491114,0.023805319163377588,False,,0.10286703637014291,0.20741687559130095
C_chunk_plus_frozen_ACT_latent,monotone_conditional_survival_shared_mlp,gripper,3,332,280,52,0.8433734939759037,0.8671703296703297,0.9718225725253951,0.09636452819378677,0.03550400151421136,False,,0.13213446701087386,0.2707086169586883
C_chunk_plus_frozen_ACT_latent,monotone_conditional_survival_shared_mlp,gripper,4,330,272,58,0.8242424242424242,0.8822261663286004,0.9716665244186319,0.09795533198682718,0.03146624888461392,False,,0.14490395122572794,0.32399819909510486
C_chunk_plus_frozen_ACT_latent,monotone_conditional_survival_shared_mlp,gripper,5,330,265,65,0.803030303030303,0.8937590711175617,0.9711226147077945,0.09948142148137946,0.036659232783898266,False,,0.15840004540146527,0.3719609029830542
C_chunk_plus_frozen_ACT_latent,monotone_conditional_survival_shared_mlp,gripper,6,329,256,73,0.7781155015197568,0.9026648116438356,0.9707986174740939,0.10119006713617663,0.03144914238189289,False,,0.17297166030970518,0.41499048482857737
C_chunk_plus_frozen_ACT_latent,monotone_conditional_survival_shared_mlp,gripper,7,328,251,77,0.7652439024390244,0.913074972835929,0.9722344561299716,0.0999823870463792,0.06273554477181038,False,,0.18042107651701325,0.445838651578209
C_chunk_plus_frozen_ACT_latent,monotone_conditional_survival_shared_mlp,gripper,8,325,246,79,0.7569230769230769,0.9073788206236493,0.964697025639383,0.10397082035272524,0.07550226817617643,False,,0.1857628908801514,0.440303604987478
C_chunk_plus_frozen_ACT_latent,monotone_conditional_survival_shared_mlp,gripper,9,325,239,86,0.7353846153846154,0.9132528948136616,0.9632109632023171,0.10232374193065788,0.05596645550432094,False,,0.1965488895963183,0.4793980157261871
C_chunk_plus_frozen_ACT_latent,monotone_conditional_survival_shared_mlp,gripper,10,324,232,92,0.7160493827160493,0.9121064467766117,0.9596274072163176,0.10473446938182866,0.043910555130517906,False,,0.20466237500562065,0.48825733416338823
C_chunk_plus_frozen_ACT_latent,monotone_conditional_survival_shared_mlp,gripper,11,322,228,94,0.7080745341614907,0.9171799178798059,0.9609894128866491,0.10319216297967768,0.05272607566132545,False,,0.20845816814296314,0.5049742406404183
C_chunk_plus_frozen_ACT_latent,monotone_conditional_survival_shared_mlp,gripper,12,321,225,96,0.7009345794392523,0.9189351851851851,0.9598763000829404,0.10474522509520229,0.04792160308259811,False,,0.21237493640592467,0.5067910231412778
C_chunk_plus_frozen_ACT_latent,monotone_conditional_survival_shared_mlp,gripper,13,318,212,106,0.6666666666666666,0.9084193663225347,0.9500923704543569,0.1167431795405875,0.06711376691253483,False,,0.2233607429740432,0.4773334920624156
C_chunk_plus_frozen_ACT_latent,monotone_conditional_survival_shared_mlp,gripper,14,315,205,110,0.6507936507936508,0.903769401330377,0.9428098011596693,0.12014868863889323,0.052183307214552416,False,,0.22807983857763173,0.4732165307193599
C_chunk_plus_frozen_ACT_latent,monotone_conditional_survival_shared_mlp,gripper,15,314,193,121,0.6146496815286624,0.9062647197362224,0.9386677978931328,0.11957059810582096,0.056273625388793616,False,,0.23700370996502057,0.4954906059341079
C_chunk_plus_frozen_ACT_latent,monotone_conditional_survival_shared_mlp,gripper,16,312,184,128,0.5897435897435898,0.8992866847826086,0.9304635460348232,0.12611589429143683,0.06344827955740527,False,,0.24215488744748753,0.479193273277271
C_chunk_plus_frozen_ACT_latent,monotone_conditional_survival_shared_mlp,gripper,17,311,176,135,0.5659163987138264,0.8942340067340068,0.9226174696122791,0.1341766057597171,0.07347858703576299,False,,0.2458035169425484,0.4541306510635559
C_chunk_plus_frozen_ACT_latent,monotone_conditional_survival_shared_mlp,gripper,18,309,160,149,0.517799352750809,0.9124161073825503,0.9259408166088935,0.11855508443793016,0.07639339961126204,False,,0.24975347938457917,0.5253115803228716
C_chunk_plus_frozen_ACT_latent,monotone_conditional_survival_shared_mlp,gripper,19,309,153,156,0.49514563106796117,0.9216524216524217,0.9256325847397224,0.1120034276599876,0.06950516343819714,False,,0.2500673964534471,0.5521070349495228
C_chunk_plus_frozen_ACT_latent,monotone_conditional_survival_shared_mlp,gripper,20,306,146,160,0.477124183006536,0.9245291095890411,0.9172026372037684,0.10998226633775114,0.057017223851299446,False,,0.24948029994457863,0.5591545049361276
C_chunk_plus_frozen_ACT_latent,monotone_conditional_survival_shared_mlp,gripper,21,306,145,161,0.4738562091503268,0.9286356821589206,0.9180979040338906,0.10840930831677784,0.05634689119130286,False,,0.24956314376995264,0.5656036917986994
C_chunk_plus_frozen_ACT_latent,monotone_conditional_survival_shared_mlp,gripper,22,306,138,168,0.45098039215686275,0.9166235334713596,0.8896995378428065,0.11902981408092639,0.054995513777216454,False,,0.24774822689478582,0.5195533159901233
C_chunk_plus_frozen_ACT_latent,monotone_conditional_survival_shared_mlp,gripper,23,305,126,179,0.4131147540983607,0.9149153143566552,0.8796637242818091,0.11838160480463296,0.05147162530593378,False,,0.2425088686855028,0.5118462865036251
C_chunk_plus_frozen_ACT_latent,monotone_conditional_survival_shared_mlp,gripper,24,303,117,186,0.38613861386138615,0.9222038415586803,0.8781523565587698,0.11076138359691344,0.04252174518317502,False,,0.2370976651430015,0.5328448994632251
C_chunk_plus_frozen_ACT_latent,monotone_conditional_survival_shared_mlp,gripper,25,300,114,186,0.38,0.9198736087530655,0.8725839316100193,0.11109665756754472,0.035662660719033686,False,,0.23566731470532218,0.5285869077497671
C_chunk_plus_frozen_ACT_latent,monotone_conditional_survival_shared_mlp,gripper,26,296,107,189,0.3614864864864865,0.9310191366266133,0.879398053087213,0.10242451767360268,0.03350711896346129,False,,0.23083555418203433,0.556287946904263
C_chunk_plus_frozen_ACT_latent,monotone_conditional_survival_shared_mlp,gripper,27,294,104,190,0.35374149659863946,0.9285425101214575,0.8830195889576558,0.10843465323471116,0.06266119925743141,False,,0.22860850979080902,0.5256753419462137
C_chunk_plus_frozen_ACT_latent,monotone_conditional_survival_shared_mlp,gripper,28,291,97,194,0.3333333333333333,0.9335210968221915,0.8843920197035398,0.10087492198197949,0.054003366847231164,False,,0.2222491229459893,0.54611779500028
C_chunk_plus_frozen_ACT_latent,monotone_conditional_survival_shared_mlp,gripper,29,289,92,197,0.31833910034602075,0.9357757669388655,0.8795270204168293,0.09741651111168145,0.047018534155416083,False,,0.21703613741666608,0.5511507333699863
C_chunk_plus_frozen_ACT_latent,monotone_conditional_survival_shared_mlp,gripper,30,289,88,201,0.3044982698961938,0.9281433740388965,0.8580234742725139,0.10045611572364276,0.048446949264210705,False,,0.2118106692432871,0.5257268385840459
C_chunk_plus_frozen_ACT_latent,monotone_conditional_survival_shared_mlp,gripper,31,288,81,207,0.28125,0.9227649549710741,0.833920847832398,0.09979816916628204,0.03617839993072651,False,,0.20226550194733045,0.5065981682221357
C_chunk_plus_frozen_ACT_latent,monotone_conditional_survival_shared_mlp,gripper,32,287,81,206,0.28222996515679444,0.9207719045906748,0.8312765999651993,0.10110861514427942,0.037590754844748143,False,,0.20259254553106232,0.5009262809782059
C_chunk_plus_frozen_ACT_latent,monotone_conditional_survival_shared_mlp,gripper,33,284,74,210,0.2605633802816901,0.9175032175032175,0.801839288891325,0.09895981692644897,0.03845555640630908,False,,0.19274340898920336,0.48657223899162094
C_chunk_plus_frozen_ACT_latent,monotone_conditional_survival_shared_mlp,gripper,34,284,70,214,0.24647887323943662,0.9130841121495327,0.7827267170962309,0.09831318371064623,0.03735438535839263,False,,0.1857728771101695,0.47078828061459554
C_chunk_plus_frozen_ACT_latent,monotone_conditional_survival_shared_mlp,gripper,35,283,67,216,0.23674911660777384,0.914179104477612,0.7812153374647102,0.09767881780498007,0.04276123713019806,False,,0.18075380150982343,0.4596029682967884
C_chunk_plus_frozen_ACT_latent,monotone_conditional_survival_shared_mlp,gripper,36,281,63,218,0.22419928825622776,0.9211446046308431,0.7837635860321648,0.09060302117123804,0.04510175807564828,False,,0.17393546464784382,0.4790997836198829
C_chunk_plus_frozen_ACT_latent,monotone_conditional_survival_shared_mlp,gripper,37,280,55,225,0.19642857142857142,0.9271919191919192,0.7827935920866943,0.07882822164057243,0.03931623127097203,False,,0.1579790302921381,0.5010209804756894
C_chunk_plus_frozen_ACT_latent,monotone_conditional_survival_shared_mlp,gripper,38,277,54,223,0.19494584837545126,0.9301611028068427,0.7890866492216304,0.07662267988446282,0.03703443014853886,False,,0.15701879550748443,0.5120158727697632
C_chunk_plus_frozen_ACT_latent,monotone_conditional_survival_shared_mlp,gripper,39,274,50,224,0.18248175182481752,0.9219642857142857,0.7476084494300776,0.07776759704827445,0.038345868594139215,False,,0.14918793380136858,0.47872730007900244
C_chunk_plus_frozen_ACT_latent,monotone_conditional_survival_shared_mlp,gripper,40,270,49,221,0.1814814814814815,0.9183673469387755,0.7413067676357016,0.07890303838840507,0.03554089114305767,False,,0.14854626292991213,0.4688318855545124
C_chunk_plus_frozen_ACT_latent,monotone_conditional_survival_shared_mlp,gripper,41,267,46,221,0.17228464419475656,0.9323234310446586,0.7555276663826168,0.07283772476450001,0.02844381042553122,False,,0.14260887997369084,0.48924832185809564
C_chunk_plus_frozen_ACT_latent,monotone_conditional_survival_shared_mlp,gripper,42,264,44,220,0.16666666666666666,0.9378099173553719,0.7639805596623327,0.06820379852278939,0.027704409296770056,False,,0.13891587867913816,0.5090280594897034
C_chunk_plus_frozen_ACT_latent,monotone_conditional_survival_shared_mlp,gripper,43,259,43,216,0.16602316602316602,0.9316322136089578,0.7338648402767245,0.07239244825072194,0.028403201405263076,False,,0.1384606105118926,0.4771621475372302
C_chunk_plus_frozen_ACT_latent,monotone_conditional_survival_shared_mlp,gripper,44,256,38,218,0.1484375,0.9378319652341864,0.6982292797110099,0.06851034123886293,0.05053480941838226,False,,0.12650483978825405,0.4584369945565979
C_chunk_plus_frozen_ACT_latent,monotone_conditional_survival_shared_mlp,gripper,45,252,38,214,0.15079365079365079,0.9367929168716183,0.6994021914089302,0.06945946002022342,0.04993044667343937,False,,0.1280791197208624,0.4576831869893825
C_chunk_plus_frozen_ACT_latent,monotone_conditional_survival_shared_mlp,gripper,46,248,38,210,0.1532258064516129,0.9384711779448621,0.7054621759447266,0.06998869948330551,0.04484782935351159,False,,0.1297503922025234,0.4605896884376095
C_chunk_plus_frozen_ACT_latent,monotone_conditional_survival_shared_mlp,gripper,47,245,35,210,0.14285714285714285,0.94,0.7012103638294318,0.06837253584990069,0.058113179280863604,False,,0.12256517119244395,0.44215362990399176
C_chunk_plus_frozen_ACT_latent,monotone_conditional_survival_shared_mlp,gripper,48,244,33,211,0.13524590163934427,0.9416917995117047,0.7141511884605188,0.06387066662521498,0.04614798753149387,False,,0.11726565029519984,0.455333540005709
C_chunk_plus_frozen_ACT_latent,monotone_conditional_survival_shared_mlp,gripper,49,242,31,211,0.128099173553719,0.9463384803546858,0.7153142215720046,0.059814110011208454,0.04160780707044228,False,,0.11211649845665764,0.46650037385593535
C_chunk_plus_frozen_ACT_latent,monotone_conditional_survival_shared_mlp,gripper,50,238,31,207,0.13025210084033614,0.9509116409537167,0.7377152377185541,0.0585824075575563,0.03812889649813221,False,,0.1136975757827116,0.48475236033604063
C_chunk_plus_frozen_ACT_latent,monotone_conditional_survival_shared_mlp,gripper,51,232,31,201,0.1336206896551724,0.9497672925694111,0.7364799133633424,0.06027665672862721,0.03851317891254475,False,,0.11606659653821398,0.4806717994114559
C_chunk_plus_frozen_ACT_latent,monotone_conditional_survival_shared_mlp,gripper,52,229,30,199,0.13100436681222707,0.9474036850921274,0.7296739747545047,0.060495472981452726,0.04295218289009626,False,,0.11421835145889767,0.47035242403036714
C_chunk_plus_frozen_ACT_latent,monotone_conditional_survival_shared_mlp,gripper,53,224,30,194,0.13392857142857142,0.9458762886597938,0.7263397976398974,0.06288901724561956,0.0467872358517755,False,,0.11622311335421984,0.4588940578975105
C_chunk_plus_frozen_ACT_latent,monotone_conditional_survival_shared_mlp,gripper,54,219,29,190,0.1324200913242009,0.9459165154264972,0.7286328892691267,0.06149871528932262,0.043186355809279285,False,,0.11513058232698564,0.46583510613488976
C_chunk_plus_frozen_ACT_latent,monotone_conditional_survival_shared_mlp,gripper,55,219,29,190,0.1324200913242009,0.9459165154264972,0.7286328892691267,0.061484090656970185,0.0434563750197551,False,,0.11509885285257244,0.4658149135880286
C_chunk_plus_frozen_ACT_latent,monotone_conditional_survival_shared_mlp,gripper,56,217,29,188,0.1336405529953917,0.9457079970652972,0.7270856016288797,0.06224860193165622,0.041290586114595865,False,,0.11586710086244759,0.46275861337417024
C_chunk_plus_frozen_ACT_latent,monotone_conditional_survival_shared_mlp,gripper,57,216,29,187,0.13425925925925927,0.9411764705882353,0.7090373336387886,0.06571027034780325,0.03227479292058624,False,,0.11626691351088787,0.43483259025664445
C_chunk_plus_frozen_ACT_latent,monotone_conditional_survival_shared_mlp,gripper,58,211,29,182,0.13744075829383887,0.9401288366805608,0.7091794991503181,0.06736655647133723,0.034271670669827,False,,0.11855624825682844,0.43177557098972097
C_chunk_plus_frozen_ACT_latent,monotone_conditional_survival_shared_mlp,gripper,59,209,28,181,0.1339712918660287,0.9372533543804262,0.7011375981993532,0.06758157953910754,0.034055235799719474,False,,0.11604808034517085,0.4176415556543944
C_chunk_plus_frozen_ACT_latent,monotone_conditional_survival_shared_mlp,gripper,60,208,28,180,0.1346153846153846,0.935515873015873,0.6963159522898023,0.06983560948504139,0.05495875846383624,False,,0.11660457844761679,0.40109033097346003
C_chunk_plus_frozen_ACT_latent,monotone_conditional_survival_shared_mlp,gripper,61,206,28,178,0.13592233009708737,0.9351926163723917,0.6989695582508212,0.07103120771103368,0.057956285898372074,False,,0.11771027476025295,0.3965589847130433
C_chunk_plus_frozen_ACT_latent,monotone_conditional_survival_shared_mlp,gripper,62,205,28,177,0.13658536585365855,0.9352300242130751,0.7040863010018604,0.07199320179997445,0.056309511821703156,False,,0.11833897007471905,0.39163572444041006
C_chunk_plus_frozen_ACT_latent,monotone_conditional_survival_shared_mlp,gripper,63,201,27,174,0.13432835820895522,0.9459344401873138,0.7265362313810749,0.06797117739839062,0.06071854702477552,False,,0.1167945679426601,0.41802792205403905
C_chunk_plus_frozen_ACT_latent,monotone_conditional_survival_shared_mlp,gripper,64,198,26,172,0.13131313131313133,0.9443202146690519,0.7232036912967355,0.06697947603803851,0.05223223929558313,False,,0.11468608006057224,0.41597553946683985
C_chunk_plus_frozen_ACT_latent,monotone_conditional_survival_shared_mlp,gripper,65,197,23,174,0.116751269035533,0.9490254872563718,0.7452456469246975,0.05747266543642659,0.05070352900039611,False,,0.10340681121037314,0.44420812552180045
C_chunk_plus_frozen_ACT_latent,monotone_conditional_survival_shared_mlp,gripper,66,195,23,172,0.11794871794871795,0.9499494438827099,0.7482504821592972,0.05839654261406815,0.04797468755502184,False,,0.10447413428302679,0.4410430580274697
C_chunk_plus_frozen_ACT_latent,monotone_conditional_survival_shared_mlp,gripper,67,193,21,172,0.10880829015544041,0.9446290143964563,0.6715105449562129,0.059281879180080446,0.048373348420779276,False,,0.09730480633277068,0.3907610382847525
C_chunk_plus_frozen_ACT_latent,monotone_conditional_survival_shared_mlp,gripper,68,191,20,171,0.10471204188481675,0.9453216374269006,0.6801711826240342,0.057081643144169796,0.051899133578559346,False,,0.09414767658834398,0.3937009896297661
C_chunk_plus_frozen_ACT_latent,monotone_conditional_survival_shared_mlp,gripper,69,191,19,172,0.09947643979057591,0.9412484700122399,0.6629696952213541,0.05576351379109903,0.04201700215880424,False,,0.08989326299428277,0.37966971123691884
C_chunk_plus_frozen_ACT_latent,monotone_conditional_survival_shared_mlp,gripper,70,188,19,169,0.10106382978723404,0.9454998442852693,0.6768317598258017,0.05719545799159734,0.041485745907197655,False,,0.09140209737368363,0.37424348417561615
C_chunk_plus_frozen_ACT_latent,monotone_conditional_survival_shared_mlp,gripper,71,188,16,172,0.0851063829787234,0.9662063953488372,0.7225214235082656,0.042994856335181665,0.0282161284373444,False,,0.07805870452969811,0.44919843860816444
C_chunk_plus_frozen_ACT_latent,monotone_conditional_survival_shared_mlp,gripper,72,187,14,173,0.0748663101604278,0.9719240297274979,0.6399866007008864,0.04237432361777667,0.039488294488963495,False,,0.06933959246521793,0.38888703969478267
C_chunk_plus_frozen_ACT_latent,monotone_conditional_survival_shared_mlp,gripper,73,186,13,173,0.06989247311827956,0.9679857714539796,0.6027666777666777,0.04162814057908594,0.03507174299356026,False,,0.06505453345878505,0.36010392564786853
C_chunk_plus_frozen_ACT_latent,monotone_conditional_survival_shared_mlp,gripper,74,184,11,173,0.059782608695652176,0.9558591697320021,0.5226882225933459,0.04088354836786919,0.03369785087128422,False,,0.05624440005309801,0.27310899699751934
C_chunk_plus_frozen_ACT_latent,monotone_conditional_survival_shared_mlp,gripper,75,181,10,171,0.055248618784530384,0.952046783625731,0.4936069510125238,0.04066021952663477,0.04181759945746104,False,,0.05220174030923229,0.22109455957268753
C_chunk_plus_frozen_ACT_latent,monotone_conditional_survival_shared_mlp,gripper,76,177,10,167,0.05649717514124294,0.9491017964071856,0.4863954125509853,0.04131781880081279,0.04212293800666342,False,,0.05337068486751734,0.2258330785266015
C_chunk_plus_frozen_ACT_latent,monotone_conditional_survival_shared_mlp,gripper,77,175,9,166,0.05142857142857143,0.9377510040160643,0.412251558448313,0.042364698964287205,0.026069872806293293,False,,0.04888753928609386,0.13342541713205203
C_chunk_plus_frozen_ACT_latent,monotone_conditional_survival_shared_mlp,gripper,78,172,7,165,0.040697674418604654,0.9489177489177489,0.43284557224649384,0.0329995650930846,0.01804943394190065,False,,0.03908027807985544,0.1555954380453921
C_chunk_plus_frozen_ACT_latent,monotone_conditional_survival_shared_mlp,gripper,79,170,5,165,0.029411764705882353,0.9709090909090909,0.49653679653679655,0.024075973926531154,0.029332153253041175,False,,0.028551777572927938,0.15676094544252217
C_chunk_plus_frozen_ACT_latent,monotone_conditional_survival_shared_mlp,gripper,80,167,4,163,0.023952095808383235,0.9570552147239264,0.25270562770562766,0.027961923572584202,0.03310011558967093,False,,0.023424586241740552,-0.1936997855167455
C_chunk_plus_frozen_ACT_latent,monotone_conditional_survival_shared_mlp,gripper,81,166,1,165,0.006024096385542169,0.9393939393939394,0.09090909090909091,0.023466636144476388,0.04224540893857858,False,,0.006106164003498107,-2.8431061024618387
C_chunk_plus_frozen_ACT_latent,monotone_conditional_survival_shared_mlp,gripper,82,164,1,163,0.006097560975609756,0.9386503067484663,0.09090909090909091,0.02305068223087966,0.041665661189832774,False,,0.006169909216549052,-2.735984018865734
C_chunk_plus_frozen_ACT_latent,monotone_conditional_survival_shared_mlp,gripper,83,161,1,160,0.006211180124223602,0.9375,0.09090909090909091,0.022923323658161056,0.04321164923564016,False,,0.006197849728804866,-2.698593005832907
C_chunk_plus_frozen_ACT_latent,monotone_conditional_survival_shared_mlp,gripper,84,160,1,159,0.00625,0.9371069182389937,0.09090909090909091,0.022923013965348255,0.04329585698936493,False,,0.0062380098933751595,-2.6747319028289405
C_chunk_plus_frozen_ACT_latent,monotone_conditional_survival_shared_mlp,gripper,85,158,1,157,0.006329113924050633,0.9363057324840764,0.09090909090909091,0.023138413367275623,0.04370602276725071,False,,0.0062947770262406656,-2.675811433958643
C_chunk_plus_frozen_ACT_latent,monotone_conditional_survival_shared_mlp,gripper,86,154,1,153,0.006493506493506494,0.9411764705882353,0.1,0.02084132588080015,0.043730636473748016,False,,0.0064522271719518855,-2.2300979685585633
C_chunk_plus_frozen_ACT_latent,monotone_conditional_survival_shared_mlp,gripper,87,152,1,151,0.006578947368421052,0.9403973509933775,0.1,0.02080473017958275,0.04300630033104004,False,,0.006539827927462256,-2.181235104400661
C_chunk_plus_frozen_ACT_latent,monotone_conditional_survival_shared_mlp,gripper,88,146,1,145,0.00684931506849315,0.9379310344827586,0.1,0.02083819061798851,0.03756807454658485,False,,0.006811349769706005,-2.0593335128182586
C_chunk_plus_frozen_ACT_latent,monotone_conditional_survival_shared_mlp,gripper,89,143,1,142,0.006993006993006993,0.9366197183098591,0.1,0.021252585285917502,0.03773125678628858,False,,0.006958971670390357,-2.0539835901825647
C_chunk_plus_frozen_ACT_latent,monotone_conditional_survival_shared_mlp,gripper,90,141,1,140,0.0070921985815602835,0.9357142857142857,0.1,0.02136029580754981,0.03909476246716441,False,,0.007063861877536558,-2.0238835608432044
C_chunk_plus_frozen_ACT_latent,monotone_conditional_survival_shared_mlp,gripper,91,139,1,138,0.007194244604316547,0.9347826086956522,0.1,0.021315554903310784,0.039295423202836806,False,,0.007164890734978138,-1.9750006932067783
C_chunk_plus_frozen_ACT_latent,monotone_conditional_survival_shared_mlp,gripper,92,135,0,135,0.0,nan,nan,0.017031512446648276,0.039565338501767806,True,one_label_class,6.944444444444447e-07,-24524.37792317351
C_chunk_plus_frozen_ACT_latent,monotone_conditional_survival_shared_mlp,gripper,93,132,0,132,0.0,nan,nan,0.01719729735656165,0.03991961964188548,True,one_label_class,7.157560817794269e-07,-24025.756871988837
C_chunk_plus_frozen_ACT_latent,monotone_conditional_survival_shared_mlp,gripper,94,130,0,130,0.0,nan,nan,0.017408795464894024,0.04046217771338324,True,one_label_class,7.548303481051114e-07,-23062.189640687073
C_chunk_plus_frozen_ACT_latent,monotone_conditional_survival_shared_mlp,gripper,95,126,0,126,0.0,nan,nan,0.01791117110405547,0.04130937704169157,True,one_label_class,7.790048835816154e-07,-22991.373323393855
C_chunk_plus_frozen_ACT_latent,monotone_conditional_survival_shared_mlp,gripper,96,126,0,126,0.0,nan,nan,0.016764086950408194,0.03976171971261602,True,one_label_class,8.219567667179844e-07,-20394.339060649156
C_chunk_plus_frozen_ACT_latent,monotone_conditional_survival_shared_mlp,gripper,97,126,0,126,0.0,nan,nan,0.016690657879566178,0.03966466016138082,True,one_label_class,8.447772491349479e-07,-19756.46612098919
C_chunk_plus_frozen_ACT_latent,monotone_conditional_survival_shared_mlp,gripper,98,125,0,125,0.0,nan,nan,0.01649932434044665,0.03952375703705102,True,one_label_class,0.0,nan
C_chunk_plus_frozen_ACT_latent,monotone_conditional_survival_shared_mlp,gripper,99,123,0,123,0.0,nan,nan,0.014565781963284492,0.03523721711944032,True,one_label_class,0.0,nan
D_chunk_plus_state_plus_frozen_ACT_latent,monotone_conditional_survival_shared_mlp,arm,1,337,337,0,1.0,nan,nan,0.000206191938122238,0.006145836510443613,True,one_label_class,0.0,nan
D_chunk_plus_state_plus_frozen_ACT_latent,monotone_conditional_survival_shared_mlp,arm,2,335,335,0,1.0,nan,nan,0.00039461716352294794,0.00973679809518288,True,one_label_class,1.0971696205580633e-07,-3595.6832851444633
D_chunk_plus_state_plus_frozen_ACT_latent,monotone_conditional_survival_shared_mlp,arm,3,332,331,1,0.9969879518072289,0.5770392749244713,0.9983488128131779,0.003621144625795983,0.0090236035313116,False,,0.003004796264678611,-0.20512151468056206
D_chunk_plus_state_plus_frozen_ACT_latent,monotone_conditional_survival_shared_mlp,arm,4,330,329,1,0.996969696969697,0.6139817629179332,0.9985260181467281,0.003912343451809996,0.011998202507773337,False,,0.003022871542024776,-0.29424733979580053
D_chunk_plus_state_plus_frozen_ACT_latent,monotone_conditional_survival_shared_mlp,arm,5,330,328,2,0.9939393939393939,0.6234756097560976,0.9971462265463918,0.007249000116045974,0.013966561055911805,False,,0.006024325535756637,-0.20328824745947638
D_chunk_plus_state_plus_frozen_ACT_latent,monotone_conditional_survival_shared_mlp,arm,6,329,325,4,0.9878419452887538,0.7361538461538462,0.9961970408388837,0.013669720967168272,0.01417810200730864,False,,0.01201067190430174,-0.1381312449532759
D_chunk_plus_state_plus_frozen_ACT_latent,monotone_conditional_survival_shared_mlp,arm,7,328,323,5,0.9847560975609756,0.7405572755417956,0.9935732009222612,0.016787144016193516,0.019667599627047342,False,,0.015017613294873156,-0.11783035603430125
D_chunk_plus_state_plus_frozen_ACT_latent,monotone_conditional_survival_shared_mlp,arm,8,325,318,7,0.9784615384615385,0.688230008984726,0.9896375830088537,0.023642700285842762,0.017691348867605997,False,,0.021126667479450995,-0.11909274422191785
D_chunk_plus_state_plus_frozen_ACT_latent,monotone_conditional_survival_shared_mlp,arm,9,325,311,14,0.9569230769230769,0.752411575562701,0.9842660481134066,0.04113314483057558,0.016219296190528112,False,,0.04122266349263274,0.002171588501872601
D_chunk_plus_state_plus_frozen_ACT_latent,monotone_conditional_survival_shared_mlp,arm,10,324,303,21,0.9351851851851852,0.8106239195348106,0.9817173116135138,0.055638693518520556,0.0251785422873507,False,,0.060791990770155735,0.08476934521060397
D_chunk_plus_state_plus_frozen_ACT_latent,monotone_conditional_survival_shared_mlp,arm,11,322,296,26,0.9192546583850931,0.8248440748440748,0.9773673521024246,0.06531571855613545,0.02873725383060887,False,,0.07468134188682278,0.12540780727910106
D_chunk_plus_state_plus_frozen_ACT_latent,monotone_conditional_survival_shared_mlp,arm,12,321,291,30,0.9065420560747663,0.7788087056128293,0.9659549539369284,0.07691316708935798,0.03772142734861293,False,,0.08526306577824339,0.09793101635123291
D_chunk_plus_state_plus_frozen_ACT_latent,monotone_conditional_survival_shared_mlp,arm,13,318,278,40,0.8742138364779874,0.7437050359712231,0.9433651088376972,0.10332140610417703,0.06609392035682198,False,,0.11188460825401847,0.07653601584232095
D_chunk_plus_state_plus_frozen_ACT_latent,monotone_conditional_survival_shared_mlp,arm,14,315,271,44,0.8603174603174604,0.7312982220731298,0.9316961583155254,0.11280985508952417,0.07644634542997897,False,,0.12225693558849185,0.07727234821888451
D_chunk_plus_state_plus_frozen_ACT_latent,monotone_conditional_survival_shared_mlp,arm,15,314,266,48,0.8471337579617835,0.7582236842105263,0.9308431287803599,0.11671298957431092,0.07072303897692672,False,,0.13137526221823445,0.11160603903927702
D_chunk_plus_state_plus_frozen_ACT_latent,monotone_conditional_survival_shared_mlp,arm,16,312,262,50,0.8397435897435898,0.7711450381679389,0.9305165813456335,0.11413570633131055,0.06108383889473288,False,,0.13616860960986754,0.16180603842311947
D_chunk_plus_state_plus_frozen_ACT_latent,monotone_conditional_survival_shared_mlp,arm,17,311,259,52,0.8327974276527331,0.7504455004455004,0.9163629400082512,0.11980051287156067,0.054303519592460096,False,,0.14052901066773527,0.14750333541580785
D_chunk_plus_state_plus_frozen_ACT_latent,monotone_conditional_survival_shared_mlp,arm,18,309,257,52,0.8317152103559871,0.7508231068542353,0.9151860822814027,0.11867204712499058,0.04339741241043065,False,,0.14047852592407148,0.15522998020969614
D_chunk_plus_state_plus_frozen_ACT_latent,monotone_conditional_survival_shared_mlp,arm,19,309,255,54,0.8252427184466019,0.7599854756717502,0.9147650529963348,0.11926341068814401,0.05600318273812559,False,,0.14465560902375854,0.17553552542469375
D_chunk_plus_state_plus_frozen_ACT_latent,monotone_conditional_survival_shared_mlp,arm,20,306,250,56,0.8169934640522876,0.7301428571428571,0.9001121314415387,0.12875719185821705,0.060031961532868314,False,,0.14998623109982123,0.141539920604282
D_chunk_plus_state_plus_frozen_ACT_latent,monotone_conditional_survival_shared_mlp,arm,21,306,247,59,0.8071895424836601,0.7378027859740616,0.8996227993583151,0.13198899448658932,0.05575605264719406,False,,0.15614105014125432,0.15468101202608564
D_chunk_plus_state_plus_frozen_ACT_latent,monotone_conditional_survival_shared_mlp,arm,22,306,245,61,0.8006535947712419,0.7332218133154901,0.8896436899993421,0.13573634464457748,0.05548051047947402,False,,0.15997048742241848,0.15149133548520277
D_chunk_plus_state_plus_frozen_ACT_latent,monotone_conditional_survival_shared_mlp,arm,23,305,238,67,0.780327868852459,0.750344914085037,0.8866824924058259,0.14287391877933056,0.05123222407477078,False,,0.17229128530054183,0.17074204577379604
D_chunk_plus_state_plus_frozen_ACT_latent,monotone_conditional_survival_shared_mlp,arm,24,303,233,70,0.768976897689769,0.744083384426732,0.8794438017946732,0.1491487994469697,0.051741734525251985,False,,0.17862765779020476,0.16502964159031563
D_chunk_plus_state_plus_frozen_ACT_latent,monotone_conditional_survival_shared_mlp,arm,25,300,227,73,0.7566666666666667,0.7457003198358578,0.8747585010989969,0.15574276983206134,0.06753753394867423,False,,0.18537679386254033,0.15985832645510667
D_chunk_plus_state_plus_frozen_ACT_latent,monotone_conditional_survival_shared_mlp,arm,26,296,219,77,0.7398648648648649,0.7464863903220068,0.8675390402745462,0.16281029464202482,0.06803723264422952,False,,0.19401181586952818,0.16082278848668785
D_chunk_plus_state_plus_frozen_ACT_latent,monotone_conditional_survival_shared_mlp,arm,27,294,214,80,0.7278911564625851,0.7388434579439253,0.8637962477896645,0.17087534285102518,0.08067739124032204,False,,0.19980111624891983,0.14477283180869627
D_chunk_plus_state_plus_frozen_ACT_latent,monotone_conditional_survival_shared_mlp,arm,28,291,208,83,0.7147766323024055,0.7290315106580166,0.8531620032739011,0.17769452937257646,0.07982652290594913,False,,0.205568487434641,0.1355945087202477
D_chunk_plus_state_plus_frozen_ACT_latent,monotone_conditional_survival_shared_mlp,arm,29,289,206,83,0.71280276816609,0.7248801029360159,0.8515837862375111,0.18016279465731921,0.07361172097806382,False,,0.2059465129149699,0.12519618755718454
D_chunk_plus_state_plus_frozen_ACT_latent,monotone_conditional_survival_shared_mlp,arm,30,289,200,89,0.6920415224913494,0.717808988764045,0.8277518245781985,0.18917044873473943,0.08442810703722257,False,,0.21519484327673813,0.12093409928290721
D_chunk_plus_state_plus_frozen_ACT_latent,monotone_conditional_survival_shared_mlp,arm,31,288,196,92,0.6805555555555556,0.7151730257320319,0.8176313458196979,0.19433198382187608,0.08896307470193103,False,,0.21930260462977857,0.11386376760119787
D_chunk_plus_state_plus_frozen_ACT_latent,monotone_conditional_survival_shared_mlp,arm,32,287,194,93,0.6759581881533101,0.7258618778405942,0.8222816950651123,0.19129039303038858,0.08526607813342241,False,,0.2207107478502448,0.13329824263845236
D_chunk_plus_state_plus_frozen_ACT_latent,monotone_conditional_survival_shared_mlp,arm,33,284,187,97,0.6584507042253521,0.7030156017421026,0.7977926547783195,0.20502786452489238,0.09729083571539458,False,,0.2275188474006327,0.09885327361972984
D_chunk_plus_state_plus_frozen_ACT_latent,monotone_conditional_survival_shared_mlp,arm,34,284,182,102,0.6408450704225352,0.7025425554837319,0.7855611595051123,0.20923920233144713,0.09981816919600328,False,,0.23412855849132957,0.10630636570038154
D_chunk_plus_state_plus_frozen_ACT_latent,monotone_conditional_survival_shared_mlp,arm,35,283,179,104,0.6325088339222615,0.7043940696175333,0.781389802429819,0.21135563958584824,0.11016826648906679,False,,0.23627333847444035,0.10546132309925293
D_chunk_plus_state_plus_frozen_ACT_latent,monotone_conditional_survival_shared_mlp,arm,36,281,175,106,0.6227758007117438,0.6956873315363882,0.7709234164697083,0.21743038951921295,0.10854834483927293,False,,0.23934758713372956,0.09157058099888393
D_chunk_plus_state_plus_frozen_ACT_latent,monotone_conditional_survival_shared_mlp,arm,37,280,173,107,0.6178571428571429,0.703041434822538,0.7712797994875156,0.216492550200117,0.10230837642858283,False,,0.24016343054374698,0.09856155156527124
D_chunk_plus_state_plus_frozen_ACT_latent,monotone_conditional_survival_shared_mlp,arm,38,277,167,110,0.6028880866425993,0.6906913445835602,0.7504626103284613,0.22629093285109445,0.12186228179782191,False,,0.24459527893859329,0.0748352387132305
D_chunk_plus_state_plus_frozen_ACT_latent,monotone_conditional_survival_shared_mlp,arm,39,274,164,110,0.5985401459854015,0.6912416851441242,0.7483477089827991,0.22561235979705632,0.13151077889447646,False,,0.24581881055496513,0.08220058795456031
D_chunk_plus_state_plus_frozen_ACT_latent,monotone_conditional_survival_shared_mlp,arm,40,270,161,109,0.5962962962962963,0.6916633426406062,0.748215972533375,0.22503080154989746,0.12086827865468373,False,,0.2452471856268681,0.08243268531419112
D_chunk_plus_state_plus_frozen_ACT_latent,monotone_conditional_survival_shared_mlp,arm,41,267,159,108,0.5955056179775281,0.6880969019333799,0.7451270674437125,0.22637552204808437,0.11604918156342986,False,,0.24477517958980743,0.07516962125227356
D_chunk_plus_state_plus_frozen_ACT_latent,monotone_conditional_survival_shared_mlp,arm,42,264,155,109,0.5871212121212122,0.6926309559041136,0.7399692647258078,0.2258446392205542,0.09843503847283377,False,,0.24589627668217406,0.08154510402586135
D_chunk_plus_state_plus_frozen_ACT_latent,monotone_conditional_survival_shared_mlp,arm,43,259,153,106,0.5907335907335908,0.6934887162412134,0.7432810554649292,0.22448302813988563,0.10281601173661557,False,,0.24358215358215365,0.07840937918231516
D_chunk_plus_state_plus_frozen_ACT_latent,monotone_conditional_survival_shared_mlp,arm,44,256,146,110,0.5703125,0.6855541718555417,0.7180571433460176,0.23260915890042622,0.11946757888987344,False,,0.2471974872798964,0.05901487324971122
D_chunk_plus_state_plus_frozen_ACT_latent,monotone_conditional_survival_shared_mlp,arm,45,252,143,109,0.5674603174603174,0.6939115929941618,0.7211534894456278,0.22985617868217165,0.11292676118762995,False,,0.24701008607493533,0.06944618199744157
D_chunk_plus_state_plus_frozen_ACT_latent,monotone_conditional_survival_shared_mlp,arm,46,248,137,111,0.5524193548387096,0.6829749457486683,0.697538783117998,0.23626058765510088,0.1191956741879619,False,,0.24840636013022163,0.04889477253623298
D_chunk_plus_state_plus_frozen_ACT_latent,monotone_conditional_survival_shared_mlp,arm,47,245,131,114,0.5346938775510204,0.6881612428016607,0.6885261432697198,0.23646234807862263,0.11847946356088342,False,,0.25049502867262613,0.056019796753503326
D_chunk_plus_state_plus_frozen_ACT_latent,monotone_conditional_survival_shared_mlp,arm,48,244,127,117,0.5204918032786885,0.6955380577427821,0.6890342158911233,0.2339133363030987,0.11550447072967726,False,,0.2511999252590032,0.06881605931244172
D_chunk_plus_state_plus_frozen_ACT_latent,monotone_conditional_survival_shared_mlp,arm,49,242,122,120,0.5041322314049587,0.7050546448087431,0.689884602025851,0.23064078682749284,0.1413403582466517,False,,0.25199945364392295,0.08475679811040415
D_chunk_plus_state_plus_frozen_ACT_latent,monotone_conditional_survival_shared_mlp,arm,50,238,114,124,0.4789915966386555,0.7023203169213356,0.6689490589020824,0.23331732033295632,0.1394749676623997,False,,0.25253603535914615,0.0761028619098173
D_chunk_plus_state_plus_frozen_ACT_latent,monotone_conditional_survival_shared_mlp,arm,51,232,108,124,0.46551724137931033,0.7082586618876942,0.6623634659835083,0.22950338769451517,0.13430566769907404,False,,0.2519718401668731,0.08917049007332623
D_chunk_plus_state_plus_frozen_ACT_latent,monotone_conditional_survival_shared_mlp,arm,52,229,106,123,0.462882096069869,0.7136830802270286,0.6615126829784694,0.22643156600067313,0.1246022828268732,False,,0.2505661906732054,0.09632035594143362
D_chunk_plus_state_plus_frozen_ACT_latent,monotone_conditional_survival_shared_mlp,arm,53,224,104,120,0.4642857142857143,0.7184294871794872,0.6591848320099081,0.2244382289574993,0.13496514617156447,False,,0.24966444408645325,0.10104047943734706
D_chunk_plus_state_plus_frozen_ACT_latent,monotone_conditional_survival_shared_mlp,arm,54,219,100,119,0.45662100456621,0.713109243697479,0.6516650330244442,0.22736448985655092,0.13649901105167253,False,,0.24895527193982547,0.0867255467821273
D_chunk_plus_state_plus_frozen_ACT_latent,monotone_conditional_survival_shared_mlp,arm,55,219,99,120,0.4520547945205479,0.7184343434343434,0.6524940981435158,0.22491239006837893,0.1325705322057721,False,,0.24830932196979622,0.09422494377501955
D_chunk_plus_state_plus_frozen_ACT_latent,monotone_conditional_survival_shared_mlp,arm,56,217,95,122,0.4377880184331797,0.7081967213114754,0.6349381648170677,0.2307890615081591,0.13864015585727588,False,,0.2467231406746477,0.06458283208829929
D_chunk_plus_state_plus_frozen_ACT_latent,monotone_conditional_survival_shared_mlp,arm,57,216,93,123,0.4305555555555556,0.7122126059970277,0.6379048864130917,0.22786580877875234,0.13269375656677795,False,,0.24567182629589382,0.0724788747070062
D_chunk_plus_state_plus_frozen_ACT_latent,monotone_conditional_survival_shared_mlp,arm,58,211,91,120,0.4312796208530806,0.7006410256410256,0.6281762128334548,0.232776571790062,0.13442782778405044,False,,0.2453854941634914,0.05138413913345885
D_chunk_plus_state_plus_frozen_ACT_latent,monotone_conditional_survival_shared_mlp,arm,59,209,88,121,0.42105263157894735,0.7017280240420737,0.6220143273049156,0.23142037245994138,0.1258520359324168,False,,0.24393184879245497,0.05129086830788854
D_chunk_plus_state_plus_frozen_ACT_latent,monotone_conditional_survival_shared_mlp,arm,60,208,86,122,0.41346153846153844,0.7142584826534503,0.627237572549756,0.22442001409034254,0.11359976075820857,False,,0.24272303930132316,0.07540703702320872
D_chunk_plus_state_plus_frozen_ACT_latent,monotone_conditional_survival_shared_mlp,arm,61,206,84,122,0.4077669902912621,0.7247267759562842,0.6331388544725856,0.21822095189580368,0.10027789371627706,False,,0.24161278287695348,0.09681537004216623
D_chunk_plus_state_plus_frozen_ACT_latent,monotone_conditional_survival_shared_mlp,arm,62,205,83,122,0.40487804878048783,0.7220027651589966,0.6275711224684081,0.21907850983963031,0.10170481585227424,False,,0.2409881385710734,0.09091579718966702
D_chunk_plus_state_plus_frozen_ACT_latent,monotone_conditional_survival_shared_mlp,arm,63,201,78,123,0.3880597014925373,0.7153429226599959,0.6106706725295558,0.22109162194540646,0.11859201641419818,False,,0.23770773753538663,0.06990145025256733
D_chunk_plus_state_plus_frozen_ACT_latent,monotone_conditional_survival_shared_mlp,arm,64,198,77,121,0.3888888888888889,0.7167543200601052,0.6113570623842027,0.21986711217205548,0.14230693576670098,False,,0.23767072031013167,0.0749087145225319
D_chunk_plus_state_plus_frozen_ACT_latent,monotone_conditional_survival_shared_mlp,arm,65,197,77,120,0.39086294416243655,0.7215367965367966,0.6302879525316087,0.21608380727916113,0.13691301388181404,False,,0.23813094094436135,0.09258407822926074
D_chunk_plus_state_plus_frozen_ACT_latent,monotone_conditional_survival_shared_mlp,arm,66,195,74,121,0.37948717948717947,0.7254858163949073,0.6254237471177284,0.21266664254524947,0.11920080428930356,False,,0.2354781453970776,0.09687312091473277
D_chunk_plus_state_plus_frozen_ACT_latent,monotone_conditional_survival_shared_mlp,arm,67,193,72,121,0.37305699481865284,0.7337006427915519,0.6275657199422556,0.20792066609737753,0.11250881793014973,False,,0.23388584674877022,0.11101646812893018
D_chunk_plus_state_plus_frozen_ACT_latent,monotone_conditional_survival_shared_mlp,arm,68,191,71,120,0.3717277486910995,0.731338028169014,0.6223126874434037,0.20876047658029076,0.12358355336161235,False,,0.23357386728020435,0.10623359106413421
D_chunk_plus_state_plus_frozen_ACT_latent,monotone_conditional_survival_shared_mlp,arm,69,191,70,121,0.36649214659685864,0.7279811097992916,0.6170816709606844,0.2099125795553495,0.12995291394130715,False,,0.2322127297825423,0.09603328055303406
D_chunk_plus_state_plus_frozen_ACT_latent,monotone_conditional_survival_shared_mlp,arm,70,188,68,120,0.3617021276595745,0.7307598039215686,0.6132440221543587,0.20778525902296116,0.12909305435687204,False,,0.2308977106460057,0.10009822773201393
D_chunk_plus_state_plus_frozen_ACT_latent,monotone_conditional_survival_shared_mlp,arm,71,188,68,120,0.3617021276595745,0.7310049019607843,0.6133425753004061,0.20758658386486137,0.12911974894882522,False,,0.23097949231386855,0.10127699309867522
D_chunk_plus_state_plus_frozen_ACT_latent,monotone_conditional_survival_shared_mlp,arm,72,187,68,119,0.36363636363636365,0.7280029658922392,0.6128308014796463,0.2089526955298443,0.125046121020417,False,,0.23167965539804136,0.0980964851192937
D_chunk_plus_state_plus_frozen_ACT_latent,monotone_conditional_survival_shared_mlp,arm,73,186,67,119,0.3602150537634409,0.7397466449266273,0.6217413098160026,0.20253592122917363,0.1106533129301944,False,,0.23076634165305482,0.12233335338965579
D_chunk_plus_state_plus_frozen_ACT_latent,monotone_conditional_survival_shared_mlp,arm,74,184,66,118,0.358695652173913,0.737673343605547,0.6113034718404182,0.2035566901353927,0.1087484369516666,False,,0.23040087800283238,0.1165107880670041
D_chunk_plus_state_plus_frozen_ACT_latent,monotone_conditional_survival_shared_mlp,arm,75,181,66,115,0.36464088397790057,0.7401844532279315,0.61776631973451,0.20353932160946545,0.12518935906285583,False,,0.2324473685299053,0.12436383815943575
D_chunk_plus_state_plus_frozen_ACT_latent,monotone_conditional_survival_shared_mlp,arm,76,177,65,112,0.3672316384180791,0.7372252747252748,0.6149547357291334,0.20644235795139915,0.12423733877462838,False,,0.23336877557517713,0.1153814067773773
D_chunk_plus_state_plus_frozen_ACT_latent,monotone_conditional_survival_shared_mlp,arm,77,175,64,111,0.3657142857142857,0.7381756756756757,0.6156197516442671,0.20661148102493737,0.11597383228349652,False,,0.23315957935411383,0.11386235299754177
D_chunk_plus_state_plus_frozen_ACT_latent,monotone_conditional_survival_shared_mlp,arm,78,172,63,109,0.36627906976744184,0.7370030581039755,0.6164820467445203,0.20729688627616052,0.11544012377726025,False,,0.2337615027817385,0.11321203958158921
D_chunk_plus_state_plus_frozen_ACT_latent,monotone_conditional_survival_shared_mlp,arm,79,170,63,107,0.37058823529411766,0.7409879839786382,0.6216410376692848,0.20778387244721355,0.11334725811583865,False,,0.23525343206531646,0.11676581878931391
D_chunk_plus_state_plus_frozen_ACT_latent,monotone_conditional_survival_shared_mlp,arm,80,167,62,105,0.3712574850299401,0.737941628264209,0.6181453858329589,0.20988309572296074,0.10613595896756543,False,,0.23557750594495752,0.10906987965141401
D_chunk_plus_state_plus_frozen_ACT_latent,monotone_conditional_survival_shared_mlp,arm,81,166,61,105,0.3674698795180723,0.7439500390320063,0.62306050911246,0.2055354309503892,0.10383687240640913,False,,0.23451793698774479,0.12358332334669186
D_chunk_plus_state_plus_frozen_ACT_latent,monotone_conditional_survival_shared_mlp,arm,82,164,60,104,0.36585365853658536,0.7477564102564103,0.6269204684457378,0.20393412398986893,0.10751976264776433,False,,0.234214988652722,0.1292866218214218
D_chunk_plus_state_plus_frozen_ACT_latent,monotone_conditional_survival_shared_mlp,arm,83,161,59,102,0.36645962732919257,0.7557328015952144,0.6354078755010036,0.20032567571383395,0.10052133394504473,False,,0.23471200905917994,0.14650436287082302
D_chunk_plus_state_plus_frozen_ACT_latent,monotone_conditional_survival_shared_mlp,arm,84,160,59,101,0.36875,0.7568383957039772,0.6374989709131139,0.20110077646229793,0.10327220606453924,False,,0.23574425320338244,0.1469536426459428
D_chunk_plus_state_plus_frozen_ACT_latent,monotone_conditional_survival_shared_mlp,arm,85,158,59,99,0.37341772151898733,0.7536380756719739,0.6355155717433836,0.20467139929987152,0.12647262633844536,False,,0.23768789556962025,0.13890693167451595
D_chunk_plus_state_plus_frozen_ACT_latent,monotone_conditional_survival_shared_mlp,arm,86,154,58,96,0.37662337662337664,0.7605962643678161,0.640471728594188,0.20299835621232123,0.1351156214552055,False,,0.23901611634451145,0.15069176373142623
D_chunk_plus_state_plus_frozen_ACT_latent,monotone_conditional_survival_shared_mlp,arm,87,152,57,95,0.375,0.7610341643582641,0.6410961581877559,0.2030175159235236,0.12586312403089078,False,,0.23858231808496275,0.1490672169124201
D_chunk_plus_state_plus_frozen_ACT_latent,monotone_conditional_survival_shared_mlp,arm,88,146,53,93,0.363013698630137,0.7569486711300467,0.6338559092318895,0.2017572677089552,0.1189127206785608,False,,0.23427553988856942,0.1388035310689335
D_chunk_plus_state_plus_frozen_ACT_latent,monotone_conditional_survival_shared_mlp,arm,89,143,53,90,0.3706293706293706,0.7574423480083857,0.6376110129733439,0.20488153403080145,0.12621560810839116,False,,0.23745541655576263,0.1371789407773384
D_chunk_plus_state_plus_frozen_ACT_latent,monotone_conditional_survival_shared_mlp,arm,90,141,51,90,0.3617021276595745,0.7601307189542483,0.6318686755993422,0.19948790902990715,0.11481351146055374,False,,0.23367858184251059,0.14631496195764526
D_chunk_plus_state_plus_frozen_ACT_latent,monotone_conditional_survival_shared_mlp,arm,91,139,48,91,0.34532374100719426,0.7683150183150184,0.6242473893584394,0.19180557828389222,0.12769079298108482,False,,0.22768772473617443,0.1575936800890757
D_chunk_plus_state_plus_frozen_ACT_latent,monotone_conditional_survival_shared_mlp,arm,92,135,46,89,0.34074074074074073,0.7647777234978017,0.6150783046573401,0.19216963415604524,0.14073521638639502,False,,0.22591388888888897,0.14936777414973423
D_chunk_plus_state_plus_frozen_ACT_latent,monotone_conditional_survival_shared_mlp,arm,93,132,43,89,0.32575757575757575,0.7760648027175333,0.6223042941189377,0.1811341007878575,0.12407492016742883,False,,0.22028571160860058,0.17773104998433542
D_chunk_plus_state_plus_frozen_ACT_latent,monotone_conditional_survival_shared_mlp,arm,94,130,42,88,0.3230769230769231,0.7727272727272727,0.6182810182930029,0.18158816191763327,0.12158595930753936,False,,0.21924286683869443,0.17174882569276562
D_chunk_plus_state_plus_frozen_ACT_latent,monotone_conditional_survival_shared_mlp,arm,95,126,41,85,0.3253968253968254,0.7701578192252511,0.6177100799751192,0.1833956839248153,0.12323754933008024,False,,0.22039710651866717,0.16788524667277294
D_chunk_plus_state_plus_frozen_ACT_latent,monotone_conditional_survival_shared_mlp,arm,96,126,41,85,0.3253968253968254,0.76987087517934,0.6179428495861635,0.18331223843930888,0.11974534694531279,False,,0.22045904015254894,0.16849752084349068
D_chunk_plus_state_plus_frozen_ACT_latent,monotone_conditional_survival_shared_mlp,arm,97,126,41,85,0.3253968253968254,0.7707317073170732,0.6189392899168674,0.18333805488334903,0.11951432659678156,False,,0.2205504616828349,0.16872513671270206
D_chunk_plus_state_plus_frozen_ACT_latent,monotone_conditional_survival_shared_mlp,arm,98,125,40,85,0.32,0.7655882352941177,0.6069883424446048,0.18407101759750236,0.11007437451850051,False,,0.218540903926272,0.15772738974484424
D_chunk_plus_state_plus_frozen_ACT_latent,monotone_conditional_survival_shared_mlp,arm,99,123,40,83,0.3252032520325203,0.7689759036144578,0.6130371382713378,0.18456911330891687,0.10609852654490311,False,,0.22095226188541764,0.16466520082681246
D_chunk_plus_state_plus_frozen_ACT_latent,monotone_conditional_survival_shared_mlp,gripper,1,337,314,23,0.9317507418397626,0.8306563278870119,0.9854314070444722,0.062251877624119545,0.0270456735702224,False,,0.06359143714417013,0.021065092726456736
D_chunk_plus_state_plus_frozen_ACT_latent,monotone_conditional_survival_shared_mlp,gripper,2,335,296,39,0.8835820895522388,0.8599272349272349,0.9799437422693577,0.08728867308200643,0.04834833533145209,False,,0.10286703637014291,0.15144174302914104
D_chunk_plus_state_plus_frozen_ACT_latent,monotone_conditional_survival_shared_mlp,gripper,3,332,280,52,0.8433734939759037,0.8654532967032967,0.9744626130247431,0.10551246806578644,0.060065756990847714,False,,0.13213446701087386,0.2014765681303773
D_chunk_plus_state_plus_frozen_ACT_latent,monotone_conditional_survival_shared_mlp,gripper,4,330,272,58,0.8242424242424242,0.8920512170385395,0.9763646338488042,0.09896599853884037,0.048137826878174375,False,,0.14490395122572794,0.3170234648420768
D_chunk_plus_state_plus_frozen_ACT_latent,monotone_conditional_survival_shared_mlp,gripper,5,330,265,65,0.803030303030303,0.9028156748911466,0.975389395123303,0.09843373332356121,0.04415132236902646,False,,0.15840004540146527,0.3785750940027782
D_chunk_plus_state_plus_frozen_ACT_latent,monotone_conditional_survival_shared_mlp,gripper,6,329,256,73,0.7781155015197568,0.9029323630136986,0.9712616216251866,0.10244820276929716,0.04464273266114931,False,,0.17297166030970518,0.4077168330010593
D_chunk_plus_state_plus_frozen_ACT_latent,monotone_conditional_survival_shared_mlp,gripper,7,328,251,77,0.7652439024390244,0.9107983649816319,0.971387142754332,0.09940056757388877,0.04325488349258703,False,,0.18042107651701325,0.44906343819251326
D_chunk_plus_state_plus_frozen_ACT_latent,monotone_conditional_survival_shared_mlp,gripper,8,325,246,79,0.7569230769230769,0.9062982401975919,0.9627764833877333,0.09957070388160463,0.049469642063295384,False,,0.1857628908801514,0.46399034053661103
D_chunk_plus_state_plus_frozen_ACT_latent,monotone_conditional_survival_shared_mlp,gripper,9,325,239,86,0.7353846153846154,0.916609905614479,0.963549109140198,0.09704030570274523,0.03976113958725443,False,,0.1965488895963183,0.5062790438447586
D_chunk_plus_state_plus_frozen_ACT_latent,monotone_conditional_survival_shared_mlp,gripper,10,324,232,92,0.7160493827160493,0.9142147676161919,0.9576430600290637,0.10048792360293413,0.03600108787055796,False,,0.20466237500562065,0.5090063642612648
D_chunk_plus_state_plus_frozen_ACT_latent,monotone_conditional_survival_shared_mlp,gripper,11,322,228,94,0.7080745341614907,0.916013437849944,0.9569796456350323,0.10512191652459352,0.050505169938710265,False,,0.20845816814296314,0.4957169706466017
D_chunk_plus_state_plus_frozen_ACT_latent,monotone_conditional_survival_shared_mlp,gripper,12,321,225,96,0.7009345794392523,0.9105092592592593,0.9538504226350905,0.11146589408066832,0.05824788094634121,False,,0.21237493640592467,0.4751457212087541
D_chunk_plus_state_plus_frozen_ACT_latent,monotone_conditional_survival_shared_mlp,gripper,13,318,212,106,0.6666666666666666,0.902189391242435,0.9443900867496972,0.11879786942728113,0.06133838485179475,False,,0.2233607429740432,0.46813451707990317
D_chunk_plus_state_plus_frozen_ACT_latent,monotone_conditional_survival_shared_mlp,gripper,14,315,205,110,0.6507936507936508,0.8988913525498892,0.9387496744364708,0.12250725675197002,0.02875976360068349,False,,0.22807983857763173,0.462875554823439
D_chunk_plus_state_plus_frozen_ACT_latent,monotone_conditional_survival_shared_mlp,gripper,15,314,193,121,0.6146496815286624,0.9075493512610799,0.9400243553766597,0.11976974839532242,0.04200897114508858,False,,0.23700370996502057,0.49465032250761276
D_chunk_plus_state_plus_frozen_ACT_latent,monotone_conditional_survival_shared_mlp,gripper,16,312,184,128,0.5897435897435898,0.9025985054347826,0.9322763581984492,0.12416382574158497,0.04598790419063115,False,,0.24215488744748753,0.48725451280222254
D_chunk_plus_state_plus_frozen_ACT_latent,monotone_conditional_survival_shared_mlp,gripper,17,311,176,135,0.5659163987138264,0.9045454545454545,0.9326380923865852,0.12526029207330042,0.06226191840963624,False,,0.2458035169425484,0.4904048012357062
D_chunk_plus_state_plus_frozen_ACT_latent,monotone_conditional_survival_shared_mlp,gripper,18,309,160,149,0.517799352750809,0.9203020134228188,0.9339241172747972,0.11363825610412036,0.02855914320866167,False,,0.24975347938457917,0.544998306393417
D_chunk_plus_state_plus_frozen_ACT_latent,monotone_conditional_survival_shared_mlp,gripper,19,309,153,156,0.49514563106796117,0.9238310708898945,0.9267493555847687,0.11043039490765176,0.040230511363718816,False,,0.2500673964534471,0.5583974701467744
D_chunk_plus_state_plus_frozen_ACT_latent,monotone_conditional_survival_shared_mlp,gripper,20,306,146,160,0.477124183006536,0.9222174657534247,0.9163585741314196,0.11007687713331574,0.03921550410483329,False,,0.24948029994457863,0.5587752734072831
D_chunk_plus_state_plus_frozen_ACT_latent,monotone_conditional_survival_shared_mlp,gripper,21,306,145,161,0.4738562091503268,0.9260655386592418,0.9171749672318867,0.10791628627042847,0.03922073431749793,False,,0.24956314376995264,0.567579232092437
D_chunk_plus_state_plus_frozen_ACT_latent,monotone_conditional_survival_shared_mlp,gripper,22,306,138,168,0.45098039215686275,0.9181763285024155,0.8926754680208565,0.11535930868371867,0.04279014113808184,False,,0.24774822689478582,0.534368781849205
D_chunk_plus_state_plus_frozen_ACT_latent,monotone_conditional_survival_shared_mlp,gripper,23,305,126,179,0.4131147540983607,0.91203334220094,0.8781053494828607,0.117918848818902,0.047816082531376224,False,,0.2425088686855028,0.5137544888231496
D_chunk_plus_state_plus_frozen_ACT_latent,monotone_conditional_survival_shared_mlp,gripper,24,303,117,186,0.38613861386138615,0.9181600955794504,0.8760378048317019,0.1115376648163949,0.04329179719435,False,,0.2370976651430015,0.5295708005006172
D_chunk_plus_state_plus_frozen_ACT_latent,monotone_conditional_survival_shared_mlp,gripper,25,300,114,186,0.38,0.9166666666666666,0.8736928005008523,0.11102507918231384,0.046933810603183725,False,,0.23566731470532218,0.5288906341503516
D_chunk_plus_state_plus_frozen_ACT_latent,monotone_conditional_survival_shared_mlp,gripper,26,296,107,189,0.3614864864864865,0.9220194827671463,0.881757720264337,0.1038160429439189,0.030781343219884016,False,,0.23083555418203433,0.5502597365826465
D_chunk_plus_state_plus_frozen_ACT_latent,monotone_conditional_survival_shared_mlp,gripper,27,294,104,190,0.35374149659863946,0.9168522267206478,0.8671331652715577,0.10607622161321623,0.03486066916891822,False,,0.22860850979080902,0.5359918066467317
D_chunk_plus_state_plus_frozen_ACT_latent,monotone_conditional_survival_shared_mlp,gripper,28,291,97,194,0.3333333333333333,0.9166223828249548,0.8673694471233027,0.10198074497342,0.03593864998461655,False,,0.2222491229459893,0.5411421938515221
D_chunk_plus_state_plus_frozen_ACT_latent,monotone_conditional_survival_shared_mlp,gripper,29,289,92,197,0.31833910034602075,0.9192783050099316,0.8666060645946262,0.09761343628836902,0.05191609989341606,False,,0.21703613741666608,0.5502433951772248
D_chunk_plus_state_plus_frozen_ACT_latent,monotone_conditional_survival_shared_mlp,gripper,30,289,88,201,0.3044982698961938,0.9128222523744912,0.8539044042862564,0.10059009216607709,0.05687042726738134,False,,0.2118106692432871,0.5250943093402973
D_chunk_plus_state_plus_frozen_ACT_latent,monotone_conditional_survival_shared_mlp,gripper,31,288,81,207,0.28125,0.9054094352000954,0.8186702394124725,0.10157917401182953,0.05388627561869519,False,,0.20226550194733045,0.497792885915461
D_chunk_plus_state_plus_frozen_ACT_latent,monotone_conditional_survival_shared_mlp,gripper,32,287,81,206,0.28222996515679444,0.9053697710655639,0.8292966808886401,0.10115299963924063,0.06118939223170372,False,,0.20259254553106232,0.5007071984110519
D_chunk_plus_state_plus_frozen_ACT_latent,monotone_conditional_survival_shared_mlp,gripper,33,284,74,210,0.2605633802816901,0.9146074646074646,0.8067700611248189,0.09352089893415858,0.05802724419449619,False,,0.19274340898920336,0.5147906772812283
D_chunk_plus_state_plus_frozen_ACT_latent,monotone_conditional_survival_shared_mlp,gripper,34,284,70,214,0.24647887323943662,0.9096128170894526,0.7901079493588854,0.09327775553626698,0.045261538840336485,False,,0.1857728771101695,0.4978935731239702
D_chunk_plus_state_plus_frozen_ACT_latent,monotone_conditional_survival_shared_mlp,gripper,35,283,67,216,0.23674911660777384,0.9130044223327806,0.7933105645991038,0.08910137558475152,0.042891573700168856,False,,0.18075380150982343,0.5070566989988914
D_chunk_plus_state_plus_frozen_ACT_latent,monotone_conditional_survival_shared_mlp,gripper,36,281,63,218,0.22419928825622776,0.9243483326052133,0.7972428461598526,0.08388853895928418,0.045630544478734075,False,,0.17393546464784382,0.5177030795351136
D_chunk_plus_state_plus_frozen_ACT_latent,monotone_conditional_survival_shared_mlp,gripper,37,280,55,225,0.19642857142857142,0.9266262626262626,0.7901348502164697,0.07461444636662648,0.03532934983605807,False,,0.1579790302921381,0.5276939842671025
D_chunk_plus_state_plus_frozen_ACT_latent,monotone_conditional_survival_shared_mlp,gripper,38,277,54,223,0.19494584837545126,0.9311576150141172,0.7988719933306812,0.07218692248437404,0.042110073243203205,False,,0.15701879550748443,0.5402657226412542
D_chunk_plus_state_plus_frozen_ACT_latent,monotone_conditional_survival_shared_mlp,gripper,39,274,50,224,0.18248175182481752,0.9192857142857143,0.7562218816293016,0.07725797620176796,0.033737160974702765,False,,0.14918793380136858,0.48214326565692256
D_chunk_plus_state_plus_frozen_ACT_latent,monotone_conditional_survival_shared_mlp,gripper,40,270,49,221,0.1814814814814815,0.9148582509927048,0.7528269629156494,0.07734250644564546,0.03460750916163262,False,,0.14854626292991213,0.47933724537965927
D_chunk_plus_state_plus_frozen_ACT_latent,monotone_conditional_survival_shared_mlp,gripper,41,267,46,221,0.17228464419475656,0.9182569348809758,0.7603328813237724,0.07103317158730124,0.05027518414221987,False,,0.14260887997369084,0.5019021844894527
D_chunk_plus_state_plus_frozen_ACT_latent,monotone_conditional_survival_shared_mlp,gripper,42,264,44,220,0.16666666666666666,0.9244834710743801,0.7716656393582462,0.0657500231095827,0.04179022100738867,False,,0.13891587867913816,0.526691809930172
D_chunk_plus_state_plus_frozen_ACT_latent,monotone_conditional_survival_shared_mlp,gripper,43,259,43,216,0.16602316602316602,0.9182816537467701,0.7424841316420081,0.0696967712813239,0.04842465496485791,False,,0.1384606105118926,0.49663105612742087
D_chunk_plus_state_plus_frozen_ACT_latent,monotone_conditional_survival_shared_mlp,gripper,44,256,38,218,0.1484375,0.9301062288749397,0.7268058689942251,0.06437575968434102,0.05414958497238697,False,,0.12650483978825405,0.49112018329026574
D_chunk_plus_state_plus_frozen_ACT_latent,monotone_conditional_survival_shared_mlp,gripper,45,252,38,214,0.15079365079365079,0.9296606000983768,0.7272069667791461,0.06531489090431644,0.05423486387567536,False,,0.1280791197208624,0.4900426310965853
D_chunk_plus_state_plus_frozen_ACT_latent,monotone_conditional_survival_shared_mlp,gripper,46,248,38,210,0.1532258064516129,0.9299498746867167,0.7293593774005218,0.06571700123693776,0.0413381282816013,False,,0.1297503922025234,0.49351211875828394
D_chunk_plus_state_plus_frozen_ACT_latent,monotone_conditional_survival_shared_mlp,gripper,47,245,35,210,0.14285714285714285,0.9484353741496598,0.7227776455977213,0.06271053032877211,0.04418219072497874,False,,0.12256517119244395,0.48834950648167363
D_chunk_plus_state_plus_frozen_ACT_latent,monotone_conditional_survival_shared_mlp,gripper,48,244,33,211,0.13524590163934427,0.9462875197472354,0.711648346061887,0.06279889618248284,0.04266257338417001,False,,0.11726565029519984,0.4644732193579669
D_chunk_plus_state_plus_frozen_ACT_latent,monotone_conditional_survival_shared_mlp,gripper,49,242,31,211,0.128099173553719,0.9504662895581716,0.7090723296770205,0.059842382290858184,0.04286539018392201,False,,0.11211649845665764,0.46624820508471154
D_chunk_plus_state_plus_frozen_ACT_latent,monotone_conditional_survival_shared_mlp,gripper,50,238,31,207,0.13025210084033614,0.9499766245909304,0.7093272149786348,0.06078739970585618,0.045605213282681814,False,,0.1136975757827116,0.4653588760588221
D_chunk_plus_state_plus_frozen_ACT_latent,monotone_conditional_survival_shared_mlp,gripper,51,232,31,201,0.1336206896551724,0.9497672925694111,0.7160890058078836,0.06193095390486699,0.05249988356508252,False,,0.11606659653821398,0.4664187996201239
D_chunk_plus_state_plus_frozen_ACT_latent,monotone_conditional_survival_shared_mlp,gripper,52,229,30,199,0.13100436681222707,0.9435510887772194,0.7109072874552596,0.06152367929752468,0.04394678373645153,False,,0.11421835145889767,0.46135031269765403
D_chunk_plus_state_plus_frozen_ACT_latent,monotone_conditional_survival_shared_mlp,gripper,53,224,30,194,0.13392857142857142,0.9415807560137457,0.7096380568730313,0.062451881743384244,0.04257685843894858,False,,0.11622311335421984,0.4626552331888919
D_chunk_plus_state_plus_frozen_ACT_latent,monotone_conditional_survival_shared_mlp,gripper,54,219,29,190,0.1324200913242009,0.938475499092559,0.6993830489260294,0.06380059627374336,0.037913823456963265,False,,0.11513058232698564,0.44584145251223106
D_chunk_plus_state_plus_frozen_ACT_latent,monotone_conditional_survival_shared_mlp,gripper,55,219,29,190,0.1324200913242009,0.938475499092559,0.6993830489260294,0.06368437684503556,0.03789042007997259,False,,0.11509885285257244,0.4466984225584989
D_chunk_plus_state_plus_frozen_ACT_latent,monotone_conditional_survival_shared_mlp,gripper,56,217,29,188,0.1336405529953917,0.9383712399119589,0.7011116102059363,0.06395742153292308,0.041577677557240775,False,,0.11586710086244759,0.44801051327891106
D_chunk_plus_state_plus_frozen_ACT_latent,monotone_conditional_survival_shared_mlp,gripper,57,216,29,187,0.13425925925925927,0.9391480730223124,0.7278850885759984,0.062396371649797264,0.03464063108955899,False,,0.11626691351088787,0.46333509882023205
D_chunk_plus_state_plus_frozen_ACT_latent,monotone_conditional_survival_shared_mlp,gripper,58,211,29,182,0.13744075829383887,0.9355816597195907,0.7139552388902647,0.06537115392909645,0.041540796579877186,False,,0.11855624825682844,0.4486064219282403
D_chunk_plus_state_plus_frozen_ACT_latent,monotone_conditional_survival_shared_mlp,gripper,59,209,28,181,0.1339712918660287,0.9352801894238358,0.7190626833458535,0.06407785255823417,0.022898685385474994,False,,0.11604808034517085,0.4478335844277439
D_chunk_plus_state_plus_frozen_ACT_latent,monotone_conditional_survival_shared_mlp,gripper,60,208,28,180,0.1346153846153846,0.9361111111111111,0.7271964302807257,0.06466970338975127,0.03471009795803677,False,,0.11660457844761679,0.44539310333510307
D_chunk_plus_state_plus_frozen_ACT_latent,monotone_conditional_survival_shared_mlp,gripper,61,206,28,178,0.13592233009708737,0.9347913322632424,0.7155300504533381,0.06659308904141396,0.0369146731734041,False,,0.11771027476025295,0.4342627338433471
D_chunk_plus_state_plus_frozen_ACT_latent,monotone_conditional_survival_shared_mlp,gripper,62,205,28,177,0.13658536585365855,0.9350282485875706,0.7161763343524602,0.06691285233206627,0.037774414185939686,False,,0.11833897007471905,0.4345662101857267
D_chunk_plus_state_plus_frozen_ACT_latent,monotone_conditional_survival_shared_mlp,gripper,63,201,27,174,0.13432835820895522,0.9531715623669647,0.7434197820903387,0.06256792386326288,0.03602963709603077,False,,0.1167945679426601,0.4642908059390195
D_chunk_plus_state_plus_frozen_ACT_latent,monotone_conditional_survival_shared_mlp,gripper,64,198,26,172,0.13131313131313133,0.9572898032200358,0.7570126674609623,0.05969006554576606,0.039572496491808475,False,,0.11468608006057224,0.4795352189712968
D_chunk_plus_state_plus_frozen_ACT_latent,monotone_conditional_survival_shared_mlp,gripper,65,197,23,174,0.116751269035533,0.9560219890054973,0.737965298577712,0.05529878031432149,0.027419070850453843,False,,0.10340681121037314,0.4652307747714953
D_chunk_plus_state_plus_frozen_ACT_latent,monotone_conditional_survival_shared_mlp,gripper,66,195,23,172,0.11794871794871795,0.9560161779575329,0.7386120350940139,0.056050465178283895,0.03015232647293019,False,,0.10447413428302679,0.46349911810286193
D_chunk_plus_state_plus_frozen_ACT_latent,monotone_conditional_survival_shared_mlp,gripper,67,193,21,172,0.10880829015544041,0.944905869324474,0.6476178983524312,0.05926452791350755,0.02731007463700141,False,,0.09730480633277068,0.39093935698479243
D_chunk_plus_state_plus_frozen_ACT_latent,monotone_conditional_survival_shared_mlp,gripper,68,191,20,171,0.10471204188481675,0.9438596491228071,0.6436660285151299,0.05849574823533863,0.032154201027412906,False,,0.09414767658834398,0.3786809153973245
D_chunk_plus_state_plus_frozen_ACT_latent,monotone_conditional_survival_shared_mlp,gripper,69,191,19,172,0.09947643979057591,0.9375764993880049,0.6287294582923817,0.05804098976541236,0.029883406015621835,False,,0.08989326299428277,0.3543343757684736
D_chunk_plus_state_plus_frozen_ACT_latent,monotone_conditional_survival_shared_mlp,gripper,70,188,19,169,0.10106382978723404,0.9380255372158206,0.6313698864942594,0.05873697893340334,0.029795047960869774,False,,0.09140209737368363,0.3573782153677929
D_chunk_plus_state_plus_frozen_ACT_latent,monotone_conditional_survival_shared_mlp,gripper,71,188,16,172,0.0851063829787234,0.9513081395348837,0.6617100054047083,0.0469861588204352,0.025425592355558805,False,,0.07805870452969811,0.3980663770488414
D_chunk_plus_state_plus_frozen_ACT_latent,monotone_conditional_survival_shared_mlp,gripper,72,187,14,173,0.0748663101604278,0.9570602807597027,0.6221480284903931,0.046545982349246715,0.03603134425149572,False,,0.06933959246521793,0.3287243161604234
D_chunk_plus_state_plus_frozen_ACT_latent,monotone_conditional_survival_shared_mlp,gripper,73,186,13,173,0.06989247311827956,0.9533125833703868,0.6036319729779174,0.04226023149558839,0.020587881505652977,False,,0.06505453345878505,0.3503876017747152
D_chunk_plus_state_plus_frozen_ACT_latent,monotone_conditional_survival_shared_mlp,gripper,74,184,11,173,0.059782608695652176,0.9390436153441933,0.5520064647004781,0.039185796895862275,0.025432751348657606,False,,0.05624440005309801,0.30329425046993863
D_chunk_plus_state_plus_frozen_ACT_latent,monotone_conditional_survival_shared_mlp,gripper,75,181,10,171,0.055248618784530384,0.9309941520467836,0.5211644174538912,0.0395092699198856,0.027783225465559825,False,,0.05220174030923229,0.24314266754631408
D_chunk_plus_state_plus_frozen_ACT_latent,monotone_conditional_survival_shared_mlp,gripper,76,177,10,167,0.05649717514124294,0.9143712574850299,0.5126470930458054,0.03944159078137537,0.02682052832074977,False,,0.05337068486751734,0.2609877336353902
D_chunk_plus_state_plus_frozen_ACT_latent,monotone_conditional_survival_shared_mlp,gripper,77,175,9,166,0.05142857142857143,0.9049531459170014,0.3897341533911407,0.041790018681294956,0.02384962058662692,False,,0.04888753928609386,0.14518056560923698
D_chunk_plus_state_plus_frozen_ACT_latent,monotone_conditional_survival_shared_mlp,gripper,78,172,7,165,0.040697674418604654,0.9437229437229437,0.392063492063492,0.03119050917391932,0.029654673469609497,False,,0.03908027807985544,0.2018862017771318
D_chunk_plus_state_plus_frozen_ACT_latent,monotone_conditional_survival_shared_mlp,gripper,79,170,5,165,0.029411764705882353,0.9612121212121212,0.42166199813258637,0.022056413073694277,0.025989310568918397,False,,0.028551777572927938,0.22749422457649005
D_chunk_plus_state_plus_frozen_ACT_latent,monotone_conditional_survival_shared_mlp,gripper,80,167,4,163,0.023952095808383235,0.946319018404908,0.25443510737628383,0.02284192131753797,0.029367497447403555,False,,0.023424586241740552,0.024874075391962513
D_chunk_plus_state_plus_frozen_ACT_latent,monotone_conditional_survival_shared_mlp,gripper,81,166,1,165,0.006024096385542169,0.896969696969697,0.05555555555555555,0.017917038141238125,0.037864355790887656,False,,0.006106164003498107,-1.934254325788464
D_chunk_plus_state_plus_frozen_ACT_latent,monotone_conditional_survival_shared_mlp,gripper,82,164,1,163,0.006097560975609756,0.901840490797546,0.058823529411764705,0.01736390244326535,0.0367458741978855,False,,0.006169909216549052,-1.814288157869738
D_chunk_plus_state_plus_frozen_ACT_latent,monotone_conditional_survival_shared_mlp,gripper,83,161,1,160,0.006211180124223602,0.90625,0.0625,0.01690566354812115,0.03475495095280626,False,,0.006197849728804866,-1.7276659305809074
D_chunk_plus_state_plus_frozen_ACT_latent,monotone_conditional_survival_shared_mlp,gripper,84,160,1,159,0.00625,0.9119496855345912,0.06666666666666667,0.01670778809352556,0.03447720202266209,False,,0.0062380098933751595,-1.678384353200438
D_chunk_plus_state_plus_frozen_ACT_latent,monotone_conditional_survival_shared_mlp,gripper,85,158,1,157,0.006329113924050633,0.9171974522292994,0.07142857142857142,0.013933018266955038,0.029595746131400858,False,,0.0062947770262406656,-1.2134252267988663
D_chunk_plus_state_plus_frozen_ACT_latent,monotone_conditional_survival_shared_mlp,gripper,86,154,1,153,0.006493506493506494,0.9281045751633987,0.08333333333333333,0.012180807335171318,0.026208138638203184,False,,0.0064522271719518855,-0.8878453920720308
D_chunk_plus_state_plus_frozen_ACT_latent,monotone_conditional_survival_shared_mlp,gripper,87,152,1,151,0.006578947368421052,0.9205298013245033,0.07692307692307693,0.012275745360356348,0.024484150276785226,False,,0.006539827927462256,-0.8770746717673783
D_chunk_plus_state_plus_frozen_ACT_latent,monotone_conditional_survival_shared_mlp,gripper,88,146,1,145,0.00684931506849315,0.9241379310344827,0.08333333333333333,0.012181361379496224,0.021979248608620664,False,,0.006811349769706005,-0.7883916978795824
D_chunk_plus_state_plus_frozen_ACT_latent,monotone_conditional_survival_shared_mlp,gripper,89,143,1,142,0.006993006993006993,0.9225352112676056,0.08333333333333333,0.012401528933428742,0.0220252261473732,False,,0.006958971670390357,-0.7820921712033768
D_chunk_plus_state_plus_frozen_ACT_latent,monotone_conditional_survival_shared_mlp,gripper,90,141,1,140,0.0070921985815602835,0.9214285714285714,0.08333333333333333,0.010492334392006928,0.017686783507275733,False,,0.007063861877536558,-0.48535384381921287
D_chunk_plus_state_plus_frozen_ACT_latent,monotone_conditional_survival_shared_mlp,gripper,91,139,1,138,0.007194244604316547,0.9202898550724637,0.08333333333333333,0.010609333955329061,0.017789149509476097,False,,0.007164890734978138,-0.48073911351300347
D_chunk_plus_state_plus_frozen_ACT_latent,monotone_conditional_survival_shared_mlp,gripper,92,135,0,135,0.0,nan,nan,0.004968966301472548,0.024180800233477604,True,one_label_class,6.944444444444447e-07,-7154.311474120467
D_chunk_plus_state_plus_frozen_ACT_latent,monotone_conditional_survival_shared_mlp,gripper,93,132,0,132,0.0,nan,nan,0.004830596383002377,0.02361749161116931,True,one_label_class,7.157560817794269e-07,-6747.942141005812
D_chunk_plus_state_plus_frozen_ACT_latent,monotone_conditional_survival_shared_mlp,gripper,94,130,0,130,0.0,nan,nan,0.004793423897837821,0.02368366942412827,True,one_label_class,7.548303481051114e-07,-6349.332773279445
D_chunk_plus_state_plus_frozen_ACT_latent,monotone_conditional_survival_shared_mlp,gripper,95,126,0,126,0.0,nan,nan,0.004936591373578138,0.024309865821355966,True,one_label_class,7.790048835816154e-07,-6336.048043757144
D_chunk_plus_state_plus_frozen_ACT_latent,monotone_conditional_survival_shared_mlp,gripper,96,126,0,126,0.0,nan,nan,0.004805981189496552,0.02385625708908266,True,one_label_class,8.219567667179844e-07,-5845.999968972209
D_chunk_plus_state_plus_frozen_ACT_latent,monotone_conditional_survival_shared_mlp,gripper,97,126,0,126,0.0,nan,nan,0.004738616647910941,0.023696684579866123,True,one_label_class,8.447772491349479e-07,-5608.309025264691
D_chunk_plus_state_plus_frozen_ACT_latent,monotone_conditional_survival_shared_mlp,gripper,98,125,0,125,0.0,nan,nan,0.0046496264949925994,0.023203194212071388,True,one_label_class,0.0,nan
D_chunk_plus_state_plus_frozen_ACT_latent,monotone_conditional_survival_shared_mlp,gripper,99,123,0,123,0.0,nan,nan,0.004534520657656421,0.022107918904841154,True,one_label_class,0.0,nan
