contrast,block_id,pair_type,task_id,state_id,baseline_agent,baseline_wrist,treatment_agent,treatment_wrist,baseline_arm_treatment_gripper_agent,baseline_arm_treatment_gripper_wrist,treatment_arm_baseline_gripper_agent,treatment_arm_baseline_gripper_wrist
development_h4,libero_10-task00-state23,rescue,0,23,/home/wjq/workspace/one-clock-icra27-crosssuite-query-allocation/experiments/icra27_phase_d_failure_attribution/videos/development/libero_10-task00-state23-H4.agent.mp4,/home/wjq/workspace/one-clock-icra27-crosssuite-query-allocation/experiments/icra27_phase_d_failure_attribution/videos/development/libero_10-task00-state23-H4.wrist.mp4,/home/wjq/workspace/one-clock-icra27-crosssuite-query-allocation/experiments/icra27_phase_d_failure_attribution/videos/development/libero_10-task00-state23-ARM4_GRIP32.agent.mp4,/home/wjq/workspace/one-clock-icra27-crosssuite-query-allocation/experiments/icra27_phase_d_failure_attribution/videos/development/libero_10-task00-state23-ARM4_GRIP32.wrist.mp4,/home/wjq/workspace/one-clock-icra27-crosssuite-query-allocation/experiments/icra27_phase_d_failure_attribution/videos/development_swaps/development_h4-libero_10-task00-state23-baseline_arm_plus_treatment_gripper.agent.mp4,/home/wjq/workspace/one-clock-icra27-crosssuite-query-allocation/experiments/icra27_phase_d_failure_attribution/videos/development_swaps/development_h4-libero_10-task00-state23-baseline_arm_plus_treatment_gripper.wrist.mp4,/home/wjq/workspace/one-clock-icra27-crosssuite-query-allocation/experiments/icra27_phase_d_failure_attribution/videos/development_swaps/development_h4-libero_10-task00-state23-treatment_arm_plus_baseline_gripper.agent.mp4,/home/wjq/workspace/one-clock-icra27-crosssuite-query-allocation/experiments/icra27_phase_d_failure_attribution/videos/development_swaps/development_h4-libero_10-task00-state23-treatment_arm_plus_baseline_gripper.wrist.mp4
development_h4,libero_10-task00-state24,rescue,0,24,/home/wjq/workspace/one-clock-icra27-crosssuite-query-allocation/experiments/icra27_phase_d_failure_attribution/videos/development/libero_10-task00-state24-H4.agent.mp4,/home/wjq/workspace/one-clock-icra27-crosssuite-query-allocation/experiments/icra27_phase_d_failure_attribution/videos/development/libero_10-task00-state24-H4.wrist.mp4,/home/wjq/workspace/one-clock-icra27-crosssuite-query-allocation/experiments/icra27_phase_d_failure_attribution/videos/development/libero_10-task00-state24-ARM4_GRIP32.agent.mp4,/home/wjq/workspace/one-clock-icra27-crosssuite-query-allocation/experiments/icra27_phase_d_failure_attribution/videos/development/libero_10-task00-state24-ARM4_GRIP32.wrist.mp4,/home/wjq/workspace/one-clock-icra27-crosssuite-query-allocation/experiments/icra27_phase_d_failure_attribution/videos/development_swaps/development_h4-libero_10-task00-state24-baseline_arm_plus_treatment_gripper.agent.mp4,/home/wjq/workspace/one-clock-icra27-crosssuite-query-allocation/experiments/icra27_phase_d_failure_attribution/videos/development_swaps/development_h4-libero_10-task00-state24-baseline_arm_plus_treatment_gripper.wrist.mp4,/home/wjq/workspace/one-clock-icra27-crosssuite-query-allocation/experiments/icra27_phase_d_failure_attribution/videos/development_swaps/development_h4-libero_10-task00-state24-treatment_arm_plus_baseline_gripper.agent.mp4,/home/wjq/workspace/one-clock-icra27-crosssuite-query-allocation/experiments/icra27_phase_d_failure_attribution/videos/development_swaps/development_h4-libero_10-task00-state24-treatment_arm_plus_baseline_gripper.wrist.mp4
development_h4,libero_10-task00-state25,rescue,0,25,/home/wjq/workspace/one-clock-icra27-crosssuite-query-allocation/experiments/icra27_phase_d_failure_attribution/videos/development/libero_10-task00-state25-H4.agent.mp4,/home/wjq/workspace/one-clock-icra27-crosssuite-query-allocation/experiments/icra27_phase_d_failure_attribution/videos/development/libero_10-task00-state25-H4.wrist.mp4,/home/wjq/workspace/one-clock-icra27-crosssuite-query-allocation/experiments/icra27_phase_d_failure_attribution/videos/development/libero_10-task00-state25-ARM4_GRIP32.agent.mp4,/home/wjq/workspace/one-clock-icra27-crosssuite-query-allocation/experiments/icra27_phase_d_failure_attribution/videos/development/libero_10-task00-state25-ARM4_GRIP32.wrist.mp4,/home/wjq/workspace/one-clock-icra27-crosssuite-query-allocation/experiments/icra27_phase_d_failure_attribution/videos/development_swaps/development_h4-libero_10-task00-state25-baseline_arm_plus_treatment_gripper.agent.mp4,/home/wjq/workspace/one-clock-icra27-crosssuite-query-allocation/experiments/icra27_phase_d_failure_attribution/videos/development_swaps/development_h4-libero_10-task00-state25-baseline_arm_plus_treatment_gripper.wrist.mp4,/home/wjq/workspace/one-clock-icra27-crosssuite-query-allocation/experiments/icra27_phase_d_failure_attribution/videos/development_swaps/development_h4-libero_10-task00-state25-treatment_arm_plus_baseline_gripper.agent.mp4,/home/wjq/workspace/one-clock-icra27-crosssuite-query-allocation/experiments/icra27_phase_d_failure_attribution/videos/development_swaps/development_h4-libero_10-task00-state25-treatment_arm_plus_baseline_gripper.wrist.mp4
development_h4,libero_10-task00-state27,rescue,0,27,/home/wjq/workspace/one-clock-icra27-crosssuite-query-allocation/experiments/icra27_phase_d_failure_attribution/videos/development/libero_10-task00-state27-H4.agent.mp4,/home/wjq/workspace/one-clock-icra27-crosssuite-query-allocation/experiments/icra27_phase_d_failure_attribution/videos/development/libero_10-task00-state27-H4.wrist.mp4,/home/wjq/workspace/one-clock-icra27-crosssuite-query-allocation/experiments/icra27_phase_d_failure_attribution/videos/development/libero_10-task00-state27-ARM4_GRIP32.agent.mp4,/home/wjq/workspace/one-clock-icra27-crosssuite-query-allocation/experiments/icra27_phase_d_failure_attribution/videos/development/libero_10-task00-state27-ARM4_GRIP32.wrist.mp4,/home/wjq/workspace/one-clock-icra27-crosssuite-query-allocation/experiments/icra27_phase_d_failure_attribution/videos/development_swaps/development_h4-libero_10-task00-state27-baseline_arm_plus_treatment_gripper.agent.mp4,/home/wjq/workspace/one-clock-icra27-crosssuite-query-allocation/experiments/icra27_phase_d_failure_attribution/videos/development_swaps/development_h4-libero_10-task00-state27-baseline_arm_plus_treatment_gripper.wrist.mp4,/home/wjq/workspace/one-clock-icra27-crosssuite-query-allocation/experiments/icra27_phase_d_failure_attribution/videos/development_swaps/development_h4-libero_10-task00-state27-treatment_arm_plus_baseline_gripper.agent.mp4,/home/wjq/workspace/one-clock-icra27-crosssuite-query-allocation/experiments/icra27_phase_d_failure_attribution/videos/development_swaps/development_h4-libero_10-task00-state27-treatment_arm_plus_baseline_gripper.wrist.mp4
development_h4,libero_10-task00-state34,rescue,0,34,/home/wjq/workspace/one-clock-icra27-crosssuite-query-allocation/experiments/icra27_phase_d_failure_attribution/videos/development/libero_10-task00-state34-H4.agent.mp4,/home/wjq/workspace/one-clock-icra27-crosssuite-query-allocation/experiments/icra27_phase_d_failure_attribution/videos/development/libero_10-task00-state34-H4.wrist.mp4,/home/wjq/workspace/one-clock-icra27-crosssuite-query-allocation/experiments/icra27_phase_d_failure_attribution/videos/development/libero_10-task00-state34-ARM4_GRIP32.agent.mp4,/home/wjq/workspace/one-clock-icra27-crosssuite-query-allocation/experiments/icra27_phase_d_failure_attribution/videos/development/libero_10-task00-state34-ARM4_GRIP32.wrist.mp4,/home/wjq/workspace/one-clock-icra27-crosssuite-query-allocation/experiments/icra27_phase_d_failure_attribution/videos/development_swaps/development_h4-libero_10-task00-state34-baseline_arm_plus_treatment_gripper.agent.mp4,/home/wjq/workspace/one-clock-icra27-crosssuite-query-allocation/experiments/icra27_phase_d_failure_attribution/videos/development_swaps/development_h4-libero_10-task00-state34-baseline_arm_plus_treatment_gripper.wrist.mp4,/home/wjq/workspace/one-clock-icra27-crosssuite-query-allocation/experiments/icra27_phase_d_failure_attribution/videos/development_swaps/development_h4-libero_10-task00-state34-treatment_arm_plus_baseline_gripper.agent.mp4,/home/wjq/workspace/one-clock-icra27-crosssuite-query-allocation/experiments/icra27_phase_d_failure_attribution/videos/development_swaps/development_h4-libero_10-task00-state34-treatment_arm_plus_baseline_gripper.wrist.mp4
development_h4,libero_10-task01-state41,rescue,1,41,/home/wjq/workspace/one-clock-icra27-crosssuite-query-allocation/experiments/icra27_phase_d_failure_attribution/videos/development/libero_10-task01-state41-H4.agent.mp4,/home/wjq/workspace/one-clock-icra27-crosssuite-query-allocation/experiments/icra27_phase_d_failure_attribution/videos/development/libero_10-task01-state41-H4.wrist.mp4,/home/wjq/workspace/one-clock-icra27-crosssuite-query-allocation/experiments/icra27_phase_d_failure_attribution/videos/development/libero_10-task01-state41-ARM4_GRIP32.agent.mp4,/home/wjq/workspace/one-clock-icra27-crosssuite-query-allocation/experiments/icra27_phase_d_failure_attribution/videos/development/libero_10-task01-state41-ARM4_GRIP32.wrist.mp4,/home/wjq/workspace/one-clock-icra27-crosssuite-query-allocation/experiments/icra27_phase_d_failure_attribution/videos/development_swaps/development_h4-libero_10-task01-state41-baseline_arm_plus_treatment_gripper.agent.mp4,/home/wjq/workspace/one-clock-icra27-crosssuite-query-allocation/experiments/icra27_phase_d_failure_attribution/videos/development_swaps/development_h4-libero_10-task01-state41-baseline_arm_plus_treatment_gripper.wrist.mp4,/home/wjq/workspace/one-clock-icra27-crosssuite-query-allocation/experiments/icra27_phase_d_failure_attribution/videos/development_swaps/development_h4-libero_10-task01-state41-treatment_arm_plus_baseline_gripper.agent.mp4,/home/wjq/workspace/one-clock-icra27-crosssuite-query-allocation/experiments/icra27_phase_d_failure_attribution/videos/development_swaps/development_h4-libero_10-task01-state41-treatment_arm_plus_baseline_gripper.wrist.mp4
development_h4,libero_10-task02-state20,rescue,2,20,/home/wjq/workspace/one-clock-icra27-crosssuite-query-allocation/experiments/icra27_phase_d_failure_attribution/videos/development/libero_10-task02-state20-H4.agent.mp4,/home/wjq/workspace/one-clock-icra27-crosssuite-query-allocation/experiments/icra27_phase_d_failure_attribution/videos/development/libero_10-task02-state20-H4.wrist.mp4,/home/wjq/workspace/one-clock-icra27-crosssuite-query-allocation/experiments/icra27_phase_d_failure_attribution/videos/development/libero_10-task02-state20-ARM4_GRIP32.agent.mp4,/home/wjq/workspace/one-clock-icra27-crosssuite-query-allocation/experiments/icra27_phase_d_failure_attribution/videos/development/libero_10-task02-state20-ARM4_GRIP32.wrist.mp4,/home/wjq/workspace/one-clock-icra27-crosssuite-query-allocation/experiments/icra27_phase_d_failure_attribution/videos/development_swaps/development_h4-libero_10-task02-state20-baseline_arm_plus_treatment_gripper.agent.mp4,/home/wjq/workspace/one-clock-icra27-crosssuite-query-allocation/experiments/icra27_phase_d_failure_attribution/videos/development_swaps/development_h4-libero_10-task02-state20-baseline_arm_plus_treatment_gripper.wrist.mp4,/home/wjq/workspace/one-clock-icra27-crosssuite-query-allocation/experiments/icra27_phase_d_failure_attribution/videos/development_swaps/development_h4-libero_10-task02-state20-treatment_arm_plus_baseline_gripper.agent.mp4,/home/wjq/workspace/one-clock-icra27-crosssuite-query-allocation/experiments/icra27_phase_d_failure_attribution/videos/development_swaps/development_h4-libero_10-task02-state20-treatment_arm_plus_baseline_gripper.wrist.mp4
development_h4,libero_10-task02-state25,rescue,2,25,/home/wjq/workspace/one-clock-icra27-crosssuite-query-allocation/experiments/icra27_phase_d_failure_attribution/videos/development/libero_10-task02-state25-H4.agent.mp4,/home/wjq/workspace/one-clock-icra27-crosssuite-query-allocation/experiments/icra27_phase_d_failure_attribution/videos/development/libero_10-task02-state25-H4.wrist.mp4,/home/wjq/workspace/one-clock-icra27-crosssuite-query-allocation/experiments/icra27_phase_d_failure_attribution/videos/development/libero_10-task02-state25-ARM4_GRIP32.agent.mp4,/home/wjq/workspace/one-clock-icra27-crosssuite-query-allocation/experiments/icra27_phase_d_failure_attribution/videos/development/libero_10-task02-state25-ARM4_GRIP32.wrist.mp4,/home/wjq/workspace/one-clock-icra27-crosssuite-query-allocation/experiments/icra27_phase_d_failure_attribution/videos/development_swaps/development_h4-libero_10-task02-state25-baseline_arm_plus_treatment_gripper.agent.mp4,/home/wjq/workspace/one-clock-icra27-crosssuite-query-allocation/experiments/icra27_phase_d_failure_attribution/videos/development_swaps/development_h4-libero_10-task02-state25-baseline_arm_plus_treatment_gripper.wrist.mp4,/home/wjq/workspace/one-clock-icra27-crosssuite-query-allocation/experiments/icra27_phase_d_failure_attribution/videos/development_swaps/development_h4-libero_10-task02-state25-treatment_arm_plus_baseline_gripper.agent.mp4,/home/wjq/workspace/one-clock-icra27-crosssuite-query-allocation/experiments/icra27_phase_d_failure_attribution/videos/development_swaps/development_h4-libero_10-task02-state25-treatment_arm_plus_baseline_gripper.wrist.mp4
development_h4,libero_10-task02-state31,rescue,2,31,/home/wjq/workspace/one-clock-icra27-crosssuite-query-allocation/experiments/icra27_phase_d_failure_attribution/videos/development/libero_10-task02-state31-H4.agent.mp4,/home/wjq/workspace/one-clock-icra27-crosssuite-query-allocation/experiments/icra27_phase_d_failure_attribution/videos/development/libero_10-task02-state31-H4.wrist.mp4,/home/wjq/workspace/one-clock-icra27-crosssuite-query-allocation/experiments/icra27_phase_d_failure_attribution/videos/development/libero_10-task02-state31-ARM4_GRIP32.agent.mp4,/home/wjq/workspace/one-clock-icra27-crosssuite-query-allocation/experiments/icra27_phase_d_failure_attribution/videos/development/libero_10-task02-state31-ARM4_GRIP32.wrist.mp4,/home/wjq/workspace/one-clock-icra27-crosssuite-query-allocation/experiments/icra27_phase_d_failure_attribution/videos/development_swaps/development_h4-libero_10-task02-state31-baseline_arm_plus_treatment_gripper.agent.mp4,/home/wjq/workspace/one-clock-icra27-crosssuite-query-allocation/experiments/icra27_phase_d_failure_attribution/videos/development_swaps/development_h4-libero_10-task02-state31-baseline_arm_plus_treatment_gripper.wrist.mp4,/home/wjq/workspace/one-clock-icra27-crosssuite-query-allocation/experiments/icra27_phase_d_failure_attribution/videos/development_swaps/development_h4-libero_10-task02-state31-treatment_arm_plus_baseline_gripper.agent.mp4,/home/wjq/workspace/one-clock-icra27-crosssuite-query-allocation/experiments/icra27_phase_d_failure_attribution/videos/development_swaps/development_h4-libero_10-task02-state31-treatment_arm_plus_baseline_gripper.wrist.mp4
development_h4,libero_10-task03-state21,rescue,3,21,/home/wjq/workspace/one-clock-icra27-crosssuite-query-allocation/experiments/icra27_phase_d_failure_attribution/videos/development/libero_10-task03-state21-H4.agent.mp4,/home/wjq/workspace/one-clock-icra27-crosssuite-query-allocation/experiments/icra27_phase_d_failure_attribution/videos/development/libero_10-task03-state21-H4.wrist.mp4,/home/wjq/workspace/one-clock-icra27-crosssuite-query-allocation/experiments/icra27_phase_d_failure_attribution/videos/development/libero_10-task03-state21-ARM4_GRIP32.agent.mp4,/home/wjq/workspace/one-clock-icra27-crosssuite-query-allocation/experiments/icra27_phase_d_failure_attribution/videos/development/libero_10-task03-state21-ARM4_GRIP32.wrist.mp4,/home/wjq/workspace/one-clock-icra27-crosssuite-query-allocation/experiments/icra27_phase_d_failure_attribution/videos/development_swaps/development_h4-libero_10-task03-state21-baseline_arm_plus_treatment_gripper.agent.mp4,/home/wjq/workspace/one-clock-icra27-crosssuite-query-allocation/experiments/icra27_phase_d_failure_attribution/videos/development_swaps/development_h4-libero_10-task03-state21-baseline_arm_plus_treatment_gripper.wrist.mp4,/home/wjq/workspace/one-clock-icra27-crosssuite-query-allocation/experiments/icra27_phase_d_failure_attribution/videos/development_swaps/development_h4-libero_10-task03-state21-treatment_arm_plus_baseline_gripper.agent.mp4,/home/wjq/workspace/one-clock-icra27-crosssuite-query-allocation/experiments/icra27_phase_d_failure_attribution/videos/development_swaps/development_h4-libero_10-task03-state21-treatment_arm_plus_baseline_gripper.wrist.mp4
development_h4,libero_10-task03-state24,harm,3,24,/home/wjq/workspace/one-clock-icra27-crosssuite-query-allocation/experiments/icra27_phase_d_failure_attribution/videos/development/libero_10-task03-state24-H4.agent.mp4,/home/wjq/workspace/one-clock-icra27-crosssuite-query-allocation/experiments/icra27_phase_d_failure_attribution/videos/development/libero_10-task03-state24-H4.wrist.mp4,/home/wjq/workspace/one-clock-icra27-crosssuite-query-allocation/experiments/icra27_phase_d_failure_attribution/videos/development/libero_10-task03-state24-ARM4_GRIP32.agent.mp4,/home/wjq/workspace/one-clock-icra27-crosssuite-query-allocation/experiments/icra27_phase_d_failure_attribution/videos/development/libero_10-task03-state24-ARM4_GRIP32.wrist.mp4,/home/wjq/workspace/one-clock-icra27-crosssuite-query-allocation/experiments/icra27_phase_d_failure_attribution/videos/development_swaps/development_h4-libero_10-task03-state24-baseline_arm_plus_treatment_gripper.agent.mp4,/home/wjq/workspace/one-clock-icra27-crosssuite-query-allocation/experiments/icra27_phase_d_failure_attribution/videos/development_swaps/development_h4-libero_10-task03-state24-baseline_arm_plus_treatment_gripper.wrist.mp4,/home/wjq/workspace/one-clock-icra27-crosssuite-query-allocation/experiments/icra27_phase_d_failure_attribution/videos/development_swaps/development_h4-libero_10-task03-state24-treatment_arm_plus_baseline_gripper.agent.mp4,/home/wjq/workspace/one-clock-icra27-crosssuite-query-allocation/experiments/icra27_phase_d_failure_attribution/videos/development_swaps/development_h4-libero_10-task03-state24-treatment_arm_plus_baseline_gripper.wrist.mp4
development_h4,libero_10-task04-state21,harm,4,21,/home/wjq/workspace/one-clock-icra27-crosssuite-query-allocation/experiments/icra27_phase_d_failure_attribution/videos/development/libero_10-task04-state21-H4.agent.mp4,/home/wjq/workspace/one-clock-icra27-crosssuite-query-allocation/experiments/icra27_phase_d_failure_attribution/videos/development/libero_10-task04-state21-H4.wrist.mp4,/home/wjq/workspace/one-clock-icra27-crosssuite-query-allocation/experiments/icra27_phase_d_failure_attribution/videos/development/libero_10-task04-state21-ARM4_GRIP32.agent.mp4,/home/wjq/workspace/one-clock-icra27-crosssuite-query-allocation/experiments/icra27_phase_d_failure_attribution/videos/development/libero_10-task04-state21-ARM4_GRIP32.wrist.mp4,/home/wjq/workspace/one-clock-icra27-crosssuite-query-allocation/experiments/icra27_phase_d_failure_attribution/videos/development_swaps/development_h4-libero_10-task04-state21-baseline_arm_plus_treatment_gripper.agent.mp4,/home/wjq/workspace/one-clock-icra27-crosssuite-query-allocation/experiments/icra27_phase_d_failure_attribution/videos/development_swaps/development_h4-libero_10-task04-state21-baseline_arm_plus_treatment_gripper.wrist.mp4,/home/wjq/workspace/one-clock-icra27-crosssuite-query-allocation/experiments/icra27_phase_d_failure_attribution/videos/development_swaps/development_h4-libero_10-task04-state21-treatment_arm_plus_baseline_gripper.agent.mp4,/home/wjq/workspace/one-clock-icra27-crosssuite-query-allocation/experiments/icra27_phase_d_failure_attribution/videos/development_swaps/development_h4-libero_10-task04-state21-treatment_arm_plus_baseline_gripper.wrist.mp4
development_h4,libero_10-task04-state24,harm,4,24,/home/wjq/workspace/one-clock-icra27-crosssuite-query-allocation/experiments/icra27_phase_d_failure_attribution/videos/development/libero_10-task04-state24-H4.agent.mp4,/home/wjq/workspace/one-clock-icra27-crosssuite-query-allocation/experiments/icra27_phase_d_failure_attribution/videos/development/libero_10-task04-state24-H4.wrist.mp4,/home/wjq/workspace/one-clock-icra27-crosssuite-query-allocation/experiments/icra27_phase_d_failure_attribution/videos/development/libero_10-task04-state24-ARM4_GRIP32.agent.mp4,/home/wjq/workspace/one-clock-icra27-crosssuite-query-allocation/experiments/icra27_phase_d_failure_attribution/videos/development/libero_10-task04-state24-ARM4_GRIP32.wrist.mp4,/home/wjq/workspace/one-clock-icra27-crosssuite-query-allocation/experiments/icra27_phase_d_failure_attribution/videos/development_swaps/development_h4-libero_10-task04-state24-baseline_arm_plus_treatment_gripper.agent.mp4,/home/wjq/workspace/one-clock-icra27-crosssuite-query-allocation/experiments/icra27_phase_d_failure_attribution/videos/development_swaps/development_h4-libero_10-task04-state24-baseline_arm_plus_treatment_gripper.wrist.mp4,/home/wjq/workspace/one-clock-icra27-crosssuite-query-allocation/experiments/icra27_phase_d_failure_attribution/videos/development_swaps/development_h4-libero_10-task04-state24-treatment_arm_plus_baseline_gripper.agent.mp4,/home/wjq/workspace/one-clock-icra27-crosssuite-query-allocation/experiments/icra27_phase_d_failure_attribution/videos/development_swaps/development_h4-libero_10-task04-state24-treatment_arm_plus_baseline_gripper.wrist.mp4
development_h4,libero_10-task04-state25,rescue,4,25,/home/wjq/workspace/one-clock-icra27-crosssuite-query-allocation/experiments/icra27_phase_d_failure_attribution/videos/development/libero_10-task04-state25-H4.agent.mp4,/home/wjq/workspace/one-clock-icra27-crosssuite-query-allocation/experiments/icra27_phase_d_failure_attribution/videos/development/libero_10-task04-state25-H4.wrist.mp4,/home/wjq/workspace/one-clock-icra27-crosssuite-query-allocation/experiments/icra27_phase_d_failure_attribution/videos/development/libero_10-task04-state25-ARM4_GRIP32.agent.mp4,/home/wjq/workspace/one-clock-icra27-crosssuite-query-allocation/experiments/icra27_phase_d_failure_attribution/videos/development/libero_10-task04-state25-ARM4_GRIP32.wrist.mp4,/home/wjq/workspace/one-clock-icra27-crosssuite-query-allocation/experiments/icra27_phase_d_failure_attribution/videos/development_swaps/development_h4-libero_10-task04-state25-baseline_arm_plus_treatment_gripper.agent.mp4,/home/wjq/workspace/one-clock-icra27-crosssuite-query-allocation/experiments/icra27_phase_d_failure_attribution/videos/development_swaps/development_h4-libero_10-task04-state25-baseline_arm_plus_treatment_gripper.wrist.mp4,/home/wjq/workspace/one-clock-icra27-crosssuite-query-allocation/experiments/icra27_phase_d_failure_attribution/videos/development_swaps/development_h4-libero_10-task04-state25-treatment_arm_plus_baseline_gripper.agent.mp4,/home/wjq/workspace/one-clock-icra27-crosssuite-query-allocation/experiments/icra27_phase_d_failure_attribution/videos/development_swaps/development_h4-libero_10-task04-state25-treatment_arm_plus_baseline_gripper.wrist.mp4
development_h4,libero_10-task04-state28,rescue,4,28,/home/wjq/workspace/one-clock-icra27-crosssuite-query-allocation/experiments/icra27_phase_d_failure_attribution/videos/development/libero_10-task04-state28-H4.agent.mp4,/home/wjq/workspace/one-clock-icra27-crosssuite-query-allocation/experiments/icra27_phase_d_failure_attribution/videos/development/libero_10-task04-state28-H4.wrist.mp4,/home/wjq/workspace/one-clock-icra27-crosssuite-query-allocation/experiments/icra27_phase_d_failure_attribution/videos/development/libero_10-task04-state28-ARM4_GRIP32.agent.mp4,/home/wjq/workspace/one-clock-icra27-crosssuite-query-allocation/experiments/icra27_phase_d_failure_attribution/videos/development/libero_10-task04-state28-ARM4_GRIP32.wrist.mp4,/home/wjq/workspace/one-clock-icra27-crosssuite-query-allocation/experiments/icra27_phase_d_failure_attribution/videos/development_swaps/development_h4-libero_10-task04-state28-baseline_arm_plus_treatment_gripper.agent.mp4,/home/wjq/workspace/one-clock-icra27-crosssuite-query-allocation/experiments/icra27_phase_d_failure_attribution/videos/development_swaps/development_h4-libero_10-task04-state28-baseline_arm_plus_treatment_gripper.wrist.mp4,/home/wjq/workspace/one-clock-icra27-crosssuite-query-allocation/experiments/icra27_phase_d_failure_attribution/videos/development_swaps/development_h4-libero_10-task04-state28-treatment_arm_plus_baseline_gripper.agent.mp4,/home/wjq/workspace/one-clock-icra27-crosssuite-query-allocation/experiments/icra27_phase_d_failure_attribution/videos/development_swaps/development_h4-libero_10-task04-state28-treatment_arm_plus_baseline_gripper.wrist.mp4
development_h4,libero_10-task04-state31,rescue,4,31,/home/wjq/workspace/one-clock-icra27-crosssuite-query-allocation/experiments/icra27_phase_d_failure_attribution/videos/development/libero_10-task04-state31-H4.agent.mp4,/home/wjq/workspace/one-clock-icra27-crosssuite-query-allocation/experiments/icra27_phase_d_failure_attribution/videos/development/libero_10-task04-state31-H4.wrist.mp4,/home/wjq/workspace/one-clock-icra27-crosssuite-query-allocation/experiments/icra27_phase_d_failure_attribution/videos/development/libero_10-task04-state31-ARM4_GRIP32.agent.mp4,/home/wjq/workspace/one-clock-icra27-crosssuite-query-allocation/experiments/icra27_phase_d_failure_attribution/videos/development/libero_10-task04-state31-ARM4_GRIP32.wrist.mp4,/home/wjq/workspace/one-clock-icra27-crosssuite-query-allocation/experiments/icra27_phase_d_failure_attribution/videos/development_swaps/development_h4-libero_10-task04-state31-baseline_arm_plus_treatment_gripper.agent.mp4,/home/wjq/workspace/one-clock-icra27-crosssuite-query-allocation/experiments/icra27_phase_d_failure_attribution/videos/development_swaps/development_h4-libero_10-task04-state31-baseline_arm_plus_treatment_gripper.wrist.mp4,/home/wjq/workspace/one-clock-icra27-crosssuite-query-allocation/experiments/icra27_phase_d_failure_attribution/videos/development_swaps/development_h4-libero_10-task04-state31-treatment_arm_plus_baseline_gripper.agent.mp4,/home/wjq/workspace/one-clock-icra27-crosssuite-query-allocation/experiments/icra27_phase_d_failure_attribution/videos/development_swaps/development_h4-libero_10-task04-state31-treatment_arm_plus_baseline_gripper.wrist.mp4
development_h4,libero_10-task06-state29,harm,6,29,/home/wjq/workspace/one-clock-icra27-crosssuite-query-allocation/experiments/icra27_phase_d_failure_attribution/videos/development/libero_10-task06-state29-H4.agent.mp4,/home/wjq/workspace/one-clock-icra27-crosssuite-query-allocation/experiments/icra27_phase_d_failure_attribution/videos/development/libero_10-task06-state29-H4.wrist.mp4,/home/wjq/workspace/one-clock-icra27-crosssuite-query-allocation/experiments/icra27_phase_d_failure_attribution/videos/development/libero_10-task06-state29-ARM4_GRIP32.agent.mp4,/home/wjq/workspace/one-clock-icra27-crosssuite-query-allocation/experiments/icra27_phase_d_failure_attribution/videos/development/libero_10-task06-state29-ARM4_GRIP32.wrist.mp4,/home/wjq/workspace/one-clock-icra27-crosssuite-query-allocation/experiments/icra27_phase_d_failure_attribution/videos/development_swaps/development_h4-libero_10-task06-state29-baseline_arm_plus_treatment_gripper.agent.mp4,/home/wjq/workspace/one-clock-icra27-crosssuite-query-allocation/experiments/icra27_phase_d_failure_attribution/videos/development_swaps/development_h4-libero_10-task06-state29-baseline_arm_plus_treatment_gripper.wrist.mp4,/home/wjq/workspace/one-clock-icra27-crosssuite-query-allocation/experiments/icra27_phase_d_failure_attribution/videos/development_swaps/development_h4-libero_10-task06-state29-treatment_arm_plus_baseline_gripper.agent.mp4,/home/wjq/workspace/one-clock-icra27-crosssuite-query-allocation/experiments/icra27_phase_d_failure_attribution/videos/development_swaps/development_h4-libero_10-task06-state29-treatment_arm_plus_baseline_gripper.wrist.mp4
development_h4,libero_10-task06-state34,harm,6,34,/home/wjq/workspace/one-clock-icra27-crosssuite-query-allocation/experiments/icra27_phase_d_failure_attribution/videos/development/libero_10-task06-state34-H4.agent.mp4,/home/wjq/workspace/one-clock-icra27-crosssuite-query-allocation/experiments/icra27_phase_d_failure_attribution/videos/development/libero_10-task06-state34-H4.wrist.mp4,/home/wjq/workspace/one-clock-icra27-crosssuite-query-allocation/experiments/icra27_phase_d_failure_attribution/videos/development/libero_10-task06-state34-ARM4_GRIP32.agent.mp4,/home/wjq/workspace/one-clock-icra27-crosssuite-query-allocation/experiments/icra27_phase_d_failure_attribution/videos/development/libero_10-task06-state34-ARM4_GRIP32.wrist.mp4,/home/wjq/workspace/one-clock-icra27-crosssuite-query-allocation/experiments/icra27_phase_d_failure_attribution/videos/development_swaps/development_h4-libero_10-task06-state34-baseline_arm_plus_treatment_gripper.agent.mp4,/home/wjq/workspace/one-clock-icra27-crosssuite-query-allocation/experiments/icra27_phase_d_failure_attribution/videos/development_swaps/development_h4-libero_10-task06-state34-baseline_arm_plus_treatment_gripper.wrist.mp4,/home/wjq/workspace/one-clock-icra27-crosssuite-query-allocation/experiments/icra27_phase_d_failure_attribution/videos/development_swaps/development_h4-libero_10-task06-state34-treatment_arm_plus_baseline_gripper.agent.mp4,/home/wjq/workspace/one-clock-icra27-crosssuite-query-allocation/experiments/icra27_phase_d_failure_attribution/videos/development_swaps/development_h4-libero_10-task06-state34-treatment_arm_plus_baseline_gripper.wrist.mp4
development_h4,libero_10-task07-state22,rescue,7,22,/home/wjq/workspace/one-clock-icra27-crosssuite-query-allocation/experiments/icra27_phase_d_failure_attribution/videos/development/libero_10-task07-state22-H4.agent.mp4,/home/wjq/workspace/one-clock-icra27-crosssuite-query-allocation/experiments/icra27_phase_d_failure_attribution/videos/development/libero_10-task07-state22-H4.wrist.mp4,/home/wjq/workspace/one-clock-icra27-crosssuite-query-allocation/experiments/icra27_phase_d_failure_attribution/videos/development/libero_10-task07-state22-ARM4_GRIP32.agent.mp4,/home/wjq/workspace/one-clock-icra27-crosssuite-query-allocation/experiments/icra27_phase_d_failure_attribution/videos/development/libero_10-task07-state22-ARM4_GRIP32.wrist.mp4,/home/wjq/workspace/one-clock-icra27-crosssuite-query-allocation/experiments/icra27_phase_d_failure_attribution/videos/development_swaps/development_h4-libero_10-task07-state22-baseline_arm_plus_treatment_gripper.agent.mp4,/home/wjq/workspace/one-clock-icra27-crosssuite-query-allocation/experiments/icra27_phase_d_failure_attribution/videos/development_swaps/development_h4-libero_10-task07-state22-baseline_arm_plus_treatment_gripper.wrist.mp4,/home/wjq/workspace/one-clock-icra27-crosssuite-query-allocation/experiments/icra27_phase_d_failure_attribution/videos/development_swaps/development_h4-libero_10-task07-state22-treatment_arm_plus_baseline_gripper.agent.mp4,/home/wjq/workspace/one-clock-icra27-crosssuite-query-allocation/experiments/icra27_phase_d_failure_attribution/videos/development_swaps/development_h4-libero_10-task07-state22-treatment_arm_plus_baseline_gripper.wrist.mp4
development_h4,libero_10-task07-state24,rescue,7,24,/home/wjq/workspace/one-clock-icra27-crosssuite-query-allocation/experiments/icra27_phase_d_failure_attribution/videos/development/libero_10-task07-state24-H4.agent.mp4,/home/wjq/workspace/one-clock-icra27-crosssuite-query-allocation/experiments/icra27_phase_d_failure_attribution/videos/development/libero_10-task07-state24-H4.wrist.mp4,/home/wjq/workspace/one-clock-icra27-crosssuite-query-allocation/experiments/icra27_phase_d_failure_attribution/videos/development/libero_10-task07-state24-ARM4_GRIP32.agent.mp4,/home/wjq/workspace/one-clock-icra27-crosssuite-query-allocation/experiments/icra27_phase_d_failure_attribution/videos/development/libero_10-task07-state24-ARM4_GRIP32.wrist.mp4,/home/wjq/workspace/one-clock-icra27-crosssuite-query-allocation/experiments/icra27_phase_d_failure_attribution/videos/development_swaps/development_h4-libero_10-task07-state24-baseline_arm_plus_treatment_gripper.agent.mp4,/home/wjq/workspace/one-clock-icra27-crosssuite-query-allocation/experiments/icra27_phase_d_failure_attribution/videos/development_swaps/development_h4-libero_10-task07-state24-baseline_arm_plus_treatment_gripper.wrist.mp4,/home/wjq/workspace/one-clock-icra27-crosssuite-query-allocation/experiments/icra27_phase_d_failure_attribution/videos/development_swaps/development_h4-libero_10-task07-state24-treatment_arm_plus_baseline_gripper.agent.mp4,/home/wjq/workspace/one-clock-icra27-crosssuite-query-allocation/experiments/icra27_phase_d_failure_attribution/videos/development_swaps/development_h4-libero_10-task07-state24-treatment_arm_plus_baseline_gripper.wrist.mp4
development_h4,libero_10-task07-state29,rescue,7,29,/home/wjq/workspace/one-clock-icra27-crosssuite-query-allocation/experiments/icra27_phase_d_failure_attribution/videos/development/libero_10-task07-state29-H4.agent.mp4,/home/wjq/workspace/one-clock-icra27-crosssuite-query-allocation/experiments/icra27_phase_d_failure_attribution/videos/development/libero_10-task07-state29-H4.wrist.mp4,/home/wjq/workspace/one-clock-icra27-crosssuite-query-allocation/experiments/icra27_phase_d_failure_attribution/videos/development/libero_10-task07-state29-ARM4_GRIP32.agent.mp4,/home/wjq/workspace/one-clock-icra27-crosssuite-query-allocation/experiments/icra27_phase_d_failure_attribution/videos/development/libero_10-task07-state29-ARM4_GRIP32.wrist.mp4,/home/wjq/workspace/one-clock-icra27-crosssuite-query-allocation/experiments/icra27_phase_d_failure_attribution/videos/development_swaps/development_h4-libero_10-task07-state29-baseline_arm_plus_treatment_gripper.agent.mp4,/home/wjq/workspace/one-clock-icra27-crosssuite-query-allocation/experiments/icra27_phase_d_failure_attribution/videos/development_swaps/development_h4-libero_10-task07-state29-baseline_arm_plus_treatment_gripper.wrist.mp4,/home/wjq/workspace/one-clock-icra27-crosssuite-query-allocation/experiments/icra27_phase_d_failure_attribution/videos/development_swaps/development_h4-libero_10-task07-state29-treatment_arm_plus_baseline_gripper.agent.mp4,/home/wjq/workspace/one-clock-icra27-crosssuite-query-allocation/experiments/icra27_phase_d_failure_attribution/videos/development_swaps/development_h4-libero_10-task07-state29-treatment_arm_plus_baseline_gripper.wrist.mp4
development_h4,libero_10-task07-state30,harm,7,30,/home/wjq/workspace/one-clock-icra27-crosssuite-query-allocation/experiments/icra27_phase_d_failure_attribution/videos/development/libero_10-task07-state30-H4.agent.mp4,/home/wjq/workspace/one-clock-icra27-crosssuite-query-allocation/experiments/icra27_phase_d_failure_attribution/videos/development/libero_10-task07-state30-H4.wrist.mp4,/home/wjq/workspace/one-clock-icra27-crosssuite-query-allocation/experiments/icra27_phase_d_failure_attribution/videos/development/libero_10-task07-state30-ARM4_GRIP32.agent.mp4,/home/wjq/workspace/one-clock-icra27-crosssuite-query-allocation/experiments/icra27_phase_d_failure_attribution/videos/development/libero_10-task07-state30-ARM4_GRIP32.wrist.mp4,/home/wjq/workspace/one-clock-icra27-crosssuite-query-allocation/experiments/icra27_phase_d_failure_attribution/videos/development_swaps/development_h4-libero_10-task07-state30-baseline_arm_plus_treatment_gripper.agent.mp4,/home/wjq/workspace/one-clock-icra27-crosssuite-query-allocation/experiments/icra27_phase_d_failure_attribution/videos/development_swaps/development_h4-libero_10-task07-state30-baseline_arm_plus_treatment_gripper.wrist.mp4,/home/wjq/workspace/one-clock-icra27-crosssuite-query-allocation/experiments/icra27_phase_d_failure_attribution/videos/development_swaps/development_h4-libero_10-task07-state30-treatment_arm_plus_baseline_gripper.agent.mp4,/home/wjq/workspace/one-clock-icra27-crosssuite-query-allocation/experiments/icra27_phase_d_failure_attribution/videos/development_swaps/development_h4-libero_10-task07-state30-treatment_arm_plus_baseline_gripper.wrist.mp4
development_h4,libero_10-task08-state26,rescue,8,26,/home/wjq/workspace/one-clock-icra27-crosssuite-query-allocation/experiments/icra27_phase_d_failure_attribution/videos/development/libero_10-task08-state26-H4.agent.mp4,/home/wjq/workspace/one-clock-icra27-crosssuite-query-allocation/experiments/icra27_phase_d_failure_attribution/videos/development/libero_10-task08-state26-H4.wrist.mp4,/home/wjq/workspace/one-clock-icra27-crosssuite-query-allocation/experiments/icra27_phase_d_failure_attribution/videos/development/libero_10-task08-state26-ARM4_GRIP32.agent.mp4,/home/wjq/workspace/one-clock-icra27-crosssuite-query-allocation/experiments/icra27_phase_d_failure_attribution/videos/development/libero_10-task08-state26-ARM4_GRIP32.wrist.mp4,/home/wjq/workspace/one-clock-icra27-crosssuite-query-allocation/experiments/icra27_phase_d_failure_attribution/videos/development_swaps/development_h4-libero_10-task08-state26-baseline_arm_plus_treatment_gripper.agent.mp4,/home/wjq/workspace/one-clock-icra27-crosssuite-query-allocation/experiments/icra27_phase_d_failure_attribution/videos/development_swaps/development_h4-libero_10-task08-state26-baseline_arm_plus_treatment_gripper.wrist.mp4,/home/wjq/workspace/one-clock-icra27-crosssuite-query-allocation/experiments/icra27_phase_d_failure_attribution/videos/development_swaps/development_h4-libero_10-task08-state26-treatment_arm_plus_baseline_gripper.agent.mp4,/home/wjq/workspace/one-clock-icra27-crosssuite-query-allocation/experiments/icra27_phase_d_failure_attribution/videos/development_swaps/development_h4-libero_10-task08-state26-treatment_arm_plus_baseline_gripper.wrist.mp4
development_h4,libero_10-task08-state27,rescue,8,27,/home/wjq/workspace/one-clock-icra27-crosssuite-query-allocation/experiments/icra27_phase_d_failure_attribution/videos/development/libero_10-task08-state27-H4.agent.mp4,/home/wjq/workspace/one-clock-icra27-crosssuite-query-allocation/experiments/icra27_phase_d_failure_attribution/videos/development/libero_10-task08-state27-H4.wrist.mp4,/home/wjq/workspace/one-clock-icra27-crosssuite-query-allocation/experiments/icra27_phase_d_failure_attribution/videos/development/libero_10-task08-state27-ARM4_GRIP32.agent.mp4,/home/wjq/workspace/one-clock-icra27-crosssuite-query-allocation/experiments/icra27_phase_d_failure_attribution/videos/development/libero_10-task08-state27-ARM4_GRIP32.wrist.mp4,/home/wjq/workspace/one-clock-icra27-crosssuite-query-allocation/experiments/icra27_phase_d_failure_attribution/videos/development_swaps/development_h4-libero_10-task08-state27-baseline_arm_plus_treatment_gripper.agent.mp4,/home/wjq/workspace/one-clock-icra27-crosssuite-query-allocation/experiments/icra27_phase_d_failure_attribution/videos/development_swaps/development_h4-libero_10-task08-state27-baseline_arm_plus_treatment_gripper.wrist.mp4,/home/wjq/workspace/one-clock-icra27-crosssuite-query-allocation/experiments/icra27_phase_d_failure_attribution/videos/development_swaps/development_h4-libero_10-task08-state27-treatment_arm_plus_baseline_gripper.agent.mp4,/home/wjq/workspace/one-clock-icra27-crosssuite-query-allocation/experiments/icra27_phase_d_failure_attribution/videos/development_swaps/development_h4-libero_10-task08-state27-treatment_arm_plus_baseline_gripper.wrist.mp4
development_h4,libero_10-task08-state29,rescue,8,29,/home/wjq/workspace/one-clock-icra27-crosssuite-query-allocation/experiments/icra27_phase_d_failure_attribution/videos/development/libero_10-task08-state29-H4.agent.mp4,/home/wjq/workspace/one-clock-icra27-crosssuite-query-allocation/experiments/icra27_phase_d_failure_attribution/videos/development/libero_10-task08-state29-H4.wrist.mp4,/home/wjq/workspace/one-clock-icra27-crosssuite-query-allocation/experiments/icra27_phase_d_failure_attribution/videos/development/libero_10-task08-state29-ARM4_GRIP32.agent.mp4,/home/wjq/workspace/one-clock-icra27-crosssuite-query-allocation/experiments/icra27_phase_d_failure_attribution/videos/development/libero_10-task08-state29-ARM4_GRIP32.wrist.mp4,/home/wjq/workspace/one-clock-icra27-crosssuite-query-allocation/experiments/icra27_phase_d_failure_attribution/videos/development_swaps/development_h4-libero_10-task08-state29-baseline_arm_plus_treatment_gripper.agent.mp4,/home/wjq/workspace/one-clock-icra27-crosssuite-query-allocation/experiments/icra27_phase_d_failure_attribution/videos/development_swaps/development_h4-libero_10-task08-state29-baseline_arm_plus_treatment_gripper.wrist.mp4,/home/wjq/workspace/one-clock-icra27-crosssuite-query-allocation/experiments/icra27_phase_d_failure_attribution/videos/development_swaps/development_h4-libero_10-task08-state29-treatment_arm_plus_baseline_gripper.agent.mp4,/home/wjq/workspace/one-clock-icra27-crosssuite-query-allocation/experiments/icra27_phase_d_failure_attribution/videos/development_swaps/development_h4-libero_10-task08-state29-treatment_arm_plus_baseline_gripper.wrist.mp4
development_h4,libero_10-task08-state31,rescue,8,31,/home/wjq/workspace/one-clock-icra27-crosssuite-query-allocation/experiments/icra27_phase_d_failure_attribution/videos/development/libero_10-task08-state31-H4.agent.mp4,/home/wjq/workspace/one-clock-icra27-crosssuite-query-allocation/experiments/icra27_phase_d_failure_attribution/videos/development/libero_10-task08-state31-H4.wrist.mp4,/home/wjq/workspace/one-clock-icra27-crosssuite-query-allocation/experiments/icra27_phase_d_failure_attribution/videos/development/libero_10-task08-state31-ARM4_GRIP32.agent.mp4,/home/wjq/workspace/one-clock-icra27-crosssuite-query-allocation/experiments/icra27_phase_d_failure_attribution/videos/development/libero_10-task08-state31-ARM4_GRIP32.wrist.mp4,/home/wjq/workspace/one-clock-icra27-crosssuite-query-allocation/experiments/icra27_phase_d_failure_attribution/videos/development_swaps/development_h4-libero_10-task08-state31-baseline_arm_plus_treatment_gripper.agent.mp4,/home/wjq/workspace/one-clock-icra27-crosssuite-query-allocation/experiments/icra27_phase_d_failure_attribution/videos/development_swaps/development_h4-libero_10-task08-state31-baseline_arm_plus_treatment_gripper.wrist.mp4,/home/wjq/workspace/one-clock-icra27-crosssuite-query-allocation/experiments/icra27_phase_d_failure_attribution/videos/development_swaps/development_h4-libero_10-task08-state31-treatment_arm_plus_baseline_gripper.agent.mp4,/home/wjq/workspace/one-clock-icra27-crosssuite-query-allocation/experiments/icra27_phase_d_failure_attribution/videos/development_swaps/development_h4-libero_10-task08-state31-treatment_arm_plus_baseline_gripper.wrist.mp4
development_h4,libero_10-task08-state32,rescue,8,32,/home/wjq/workspace/one-clock-icra27-crosssuite-query-allocation/experiments/icra27_phase_d_failure_attribution/videos/development/libero_10-task08-state32-H4.agent.mp4,/home/wjq/workspace/one-clock-icra27-crosssuite-query-allocation/experiments/icra27_phase_d_failure_attribution/videos/development/libero_10-task08-state32-H4.wrist.mp4,/home/wjq/workspace/one-clock-icra27-crosssuite-query-allocation/experiments/icra27_phase_d_failure_attribution/videos/development/libero_10-task08-state32-ARM4_GRIP32.agent.mp4,/home/wjq/workspace/one-clock-icra27-crosssuite-query-allocation/experiments/icra27_phase_d_failure_attribution/videos/development/libero_10-task08-state32-ARM4_GRIP32.wrist.mp4,/home/wjq/workspace/one-clock-icra27-crosssuite-query-allocation/experiments/icra27_phase_d_failure_attribution/videos/development_swaps/development_h4-libero_10-task08-state32-baseline_arm_plus_treatment_gripper.agent.mp4,/home/wjq/workspace/one-clock-icra27-crosssuite-query-allocation/experiments/icra27_phase_d_failure_attribution/videos/development_swaps/development_h4-libero_10-task08-state32-baseline_arm_plus_treatment_gripper.wrist.mp4,/home/wjq/workspace/one-clock-icra27-crosssuite-query-allocation/experiments/icra27_phase_d_failure_attribution/videos/development_swaps/development_h4-libero_10-task08-state32-treatment_arm_plus_baseline_gripper.agent.mp4,/home/wjq/workspace/one-clock-icra27-crosssuite-query-allocation/experiments/icra27_phase_d_failure_attribution/videos/development_swaps/development_h4-libero_10-task08-state32-treatment_arm_plus_baseline_gripper.wrist.mp4
development_h4,libero_10-task09-state30,rescue,9,30,/home/wjq/workspace/one-clock-icra27-crosssuite-query-allocation/experiments/icra27_phase_d_failure_attribution/videos/development/libero_10-task09-state30-H4.agent.mp4,/home/wjq/workspace/one-clock-icra27-crosssuite-query-allocation/experiments/icra27_phase_d_failure_attribution/videos/development/libero_10-task09-state30-H4.wrist.mp4,/home/wjq/workspace/one-clock-icra27-crosssuite-query-allocation/experiments/icra27_phase_d_failure_attribution/videos/development/libero_10-task09-state30-ARM4_GRIP32.agent.mp4,/home/wjq/workspace/one-clock-icra27-crosssuite-query-allocation/experiments/icra27_phase_d_failure_attribution/videos/development/libero_10-task09-state30-ARM4_GRIP32.wrist.mp4,/home/wjq/workspace/one-clock-icra27-crosssuite-query-allocation/experiments/icra27_phase_d_failure_attribution/videos/development_swaps/development_h4-libero_10-task09-state30-baseline_arm_plus_treatment_gripper.agent.mp4,/home/wjq/workspace/one-clock-icra27-crosssuite-query-allocation/experiments/icra27_phase_d_failure_attribution/videos/development_swaps/development_h4-libero_10-task09-state30-baseline_arm_plus_treatment_gripper.wrist.mp4,/home/wjq/workspace/one-clock-icra27-crosssuite-query-allocation/experiments/icra27_phase_d_failure_attribution/videos/development_swaps/development_h4-libero_10-task09-state30-treatment_arm_plus_baseline_gripper.agent.mp4,/home/wjq/workspace/one-clock-icra27-crosssuite-query-allocation/experiments/icra27_phase_d_failure_attribution/videos/development_swaps/development_h4-libero_10-task09-state30-treatment_arm_plus_baseline_gripper.wrist.mp4
development_h4,libero_10-task09-state31,rescue,9,31,/home/wjq/workspace/one-clock-icra27-crosssuite-query-allocation/experiments/icra27_phase_d_failure_attribution/videos/development/libero_10-task09-state31-H4.agent.mp4,/home/wjq/workspace/one-clock-icra27-crosssuite-query-allocation/experiments/icra27_phase_d_failure_attribution/videos/development/libero_10-task09-state31-H4.wrist.mp4,/home/wjq/workspace/one-clock-icra27-crosssuite-query-allocation/experiments/icra27_phase_d_failure_attribution/videos/development/libero_10-task09-state31-ARM4_GRIP32.agent.mp4,/home/wjq/workspace/one-clock-icra27-crosssuite-query-allocation/experiments/icra27_phase_d_failure_attribution/videos/development/libero_10-task09-state31-ARM4_GRIP32.wrist.mp4,/home/wjq/workspace/one-clock-icra27-crosssuite-query-allocation/experiments/icra27_phase_d_failure_attribution/videos/development_swaps/development_h4-libero_10-task09-state31-baseline_arm_plus_treatment_gripper.agent.mp4,/home/wjq/workspace/one-clock-icra27-crosssuite-query-allocation/experiments/icra27_phase_d_failure_attribution/videos/development_swaps/development_h4-libero_10-task09-state31-baseline_arm_plus_treatment_gripper.wrist.mp4,/home/wjq/workspace/one-clock-icra27-crosssuite-query-allocation/experiments/icra27_phase_d_failure_attribution/videos/development_swaps/development_h4-libero_10-task09-state31-treatment_arm_plus_baseline_gripper.agent.mp4,/home/wjq/workspace/one-clock-icra27-crosssuite-query-allocation/experiments/icra27_phase_d_failure_attribution/videos/development_swaps/development_h4-libero_10-task09-state31-treatment_arm_plus_baseline_gripper.wrist.mp4
development_h4,libero_10-task09-state36,rescue,9,36,/home/wjq/workspace/one-clock-icra27-crosssuite-query-allocation/experiments/icra27_phase_d_failure_attribution/videos/development/libero_10-task09-state36-H4.agent.mp4,/home/wjq/workspace/one-clock-icra27-crosssuite-query-allocation/experiments/icra27_phase_d_failure_attribution/videos/development/libero_10-task09-state36-H4.wrist.mp4,/home/wjq/workspace/one-clock-icra27-crosssuite-query-allocation/experiments/icra27_phase_d_failure_attribution/videos/development/libero_10-task09-state36-ARM4_GRIP32.agent.mp4,/home/wjq/workspace/one-clock-icra27-crosssuite-query-allocation/experiments/icra27_phase_d_failure_attribution/videos/development/libero_10-task09-state36-ARM4_GRIP32.wrist.mp4,/home/wjq/workspace/one-clock-icra27-crosssuite-query-allocation/experiments/icra27_phase_d_failure_attribution/videos/development_swaps/development_h4-libero_10-task09-state36-baseline_arm_plus_treatment_gripper.agent.mp4,/home/wjq/workspace/one-clock-icra27-crosssuite-query-allocation/experiments/icra27_phase_d_failure_attribution/videos/development_swaps/development_h4-libero_10-task09-state36-baseline_arm_plus_treatment_gripper.wrist.mp4,/home/wjq/workspace/one-clock-icra27-crosssuite-query-allocation/experiments/icra27_phase_d_failure_attribution/videos/development_swaps/development_h4-libero_10-task09-state36-treatment_arm_plus_baseline_gripper.agent.mp4,/home/wjq/workspace/one-clock-icra27-crosssuite-query-allocation/experiments/icra27_phase_d_failure_attribution/videos/development_swaps/development_h4-libero_10-task09-state36-treatment_arm_plus_baseline_gripper.wrist.mp4
development_h4,libero_10-task09-state41,rescue,9,41,/home/wjq/workspace/one-clock-icra27-crosssuite-query-allocation/experiments/icra27_phase_d_failure_attribution/videos/development/libero_10-task09-state41-H4.agent.mp4,/home/wjq/workspace/one-clock-icra27-crosssuite-query-allocation/experiments/icra27_phase_d_failure_attribution/videos/development/libero_10-task09-state41-H4.wrist.mp4,/home/wjq/workspace/one-clock-icra27-crosssuite-query-allocation/experiments/icra27_phase_d_failure_attribution/videos/development/libero_10-task09-state41-ARM4_GRIP32.agent.mp4,/home/wjq/workspace/one-clock-icra27-crosssuite-query-allocation/experiments/icra27_phase_d_failure_attribution/videos/development/libero_10-task09-state41-ARM4_GRIP32.wrist.mp4,/home/wjq/workspace/one-clock-icra27-crosssuite-query-allocation/experiments/icra27_phase_d_failure_attribution/videos/development_swaps/development_h4-libero_10-task09-state41-baseline_arm_plus_treatment_gripper.agent.mp4,/home/wjq/workspace/one-clock-icra27-crosssuite-query-allocation/experiments/icra27_phase_d_failure_attribution/videos/development_swaps/development_h4-libero_10-task09-state41-baseline_arm_plus_treatment_gripper.wrist.mp4,/home/wjq/workspace/one-clock-icra27-crosssuite-query-allocation/experiments/icra27_phase_d_failure_attribution/videos/development_swaps/development_h4-libero_10-task09-state41-treatment_arm_plus_baseline_gripper.agent.mp4,/home/wjq/workspace/one-clock-icra27-crosssuite-query-allocation/experiments/icra27_phase_d_failure_attribution/videos/development_swaps/development_h4-libero_10-task09-state41-treatment_arm_plus_baseline_gripper.wrist.mp4
development_h4,libero_10-task09-state42,rescue,9,42,/home/wjq/workspace/one-clock-icra27-crosssuite-query-allocation/experiments/icra27_phase_d_failure_attribution/videos/development/libero_10-task09-state42-H4.agent.mp4,/home/wjq/workspace/one-clock-icra27-crosssuite-query-allocation/experiments/icra27_phase_d_failure_attribution/videos/development/libero_10-task09-state42-H4.wrist.mp4,/home/wjq/workspace/one-clock-icra27-crosssuite-query-allocation/experiments/icra27_phase_d_failure_attribution/videos/development/libero_10-task09-state42-ARM4_GRIP32.agent.mp4,/home/wjq/workspace/one-clock-icra27-crosssuite-query-allocation/experiments/icra27_phase_d_failure_attribution/videos/development/libero_10-task09-state42-ARM4_GRIP32.wrist.mp4,/home/wjq/workspace/one-clock-icra27-crosssuite-query-allocation/experiments/icra27_phase_d_failure_attribution/videos/development_swaps/development_h4-libero_10-task09-state42-baseline_arm_plus_treatment_gripper.agent.mp4,/home/wjq/workspace/one-clock-icra27-crosssuite-query-allocation/experiments/icra27_phase_d_failure_attribution/videos/development_swaps/development_h4-libero_10-task09-state42-baseline_arm_plus_treatment_gripper.wrist.mp4,/home/wjq/workspace/one-clock-icra27-crosssuite-query-allocation/experiments/icra27_phase_d_failure_attribution/videos/development_swaps/development_h4-libero_10-task09-state42-treatment_arm_plus_baseline_gripper.agent.mp4,/home/wjq/workspace/one-clock-icra27-crosssuite-query-allocation/experiments/icra27_phase_d_failure_attribution/videos/development_swaps/development_h4-libero_10-task09-state42-treatment_arm_plus_baseline_gripper.wrist.mp4
development_h2,libero_10-task00-state20,rescue,0,20,/home/wjq/workspace/one-clock-icra27-crosssuite-query-allocation/experiments/icra27_phase_d_failure_attribution/videos/development/libero_10-task00-state20-H2.agent.mp4,/home/wjq/workspace/one-clock-icra27-crosssuite-query-allocation/experiments/icra27_phase_d_failure_attribution/videos/development/libero_10-task00-state20-H2.wrist.mp4,/home/wjq/workspace/one-clock-icra27-crosssuite-query-allocation/experiments/icra27_phase_d_failure_attribution/videos/development/libero_10-task00-state20-ARM2_GRIP16.agent.mp4,/home/wjq/workspace/one-clock-icra27-crosssuite-query-allocation/experiments/icra27_phase_d_failure_attribution/videos/development/libero_10-task00-state20-ARM2_GRIP16.wrist.mp4,/home/wjq/workspace/one-clock-icra27-crosssuite-query-allocation/experiments/icra27_phase_d_failure_attribution/videos/development_swaps/development_h2-libero_10-task00-state20-baseline_arm_plus_treatment_gripper.agent.mp4,/home/wjq/workspace/one-clock-icra27-crosssuite-query-allocation/experiments/icra27_phase_d_failure_attribution/videos/development_swaps/development_h2-libero_10-task00-state20-baseline_arm_plus_treatment_gripper.wrist.mp4,/home/wjq/workspace/one-clock-icra27-crosssuite-query-allocation/experiments/icra27_phase_d_failure_attribution/videos/development_swaps/development_h2-libero_10-task00-state20-treatment_arm_plus_baseline_gripper.agent.mp4,/home/wjq/workspace/one-clock-icra27-crosssuite-query-allocation/experiments/icra27_phase_d_failure_attribution/videos/development_swaps/development_h2-libero_10-task00-state20-treatment_arm_plus_baseline_gripper.wrist.mp4
development_h2,libero_10-task00-state24,rescue,0,24,/home/wjq/workspace/one-clock-icra27-crosssuite-query-allocation/experiments/icra27_phase_d_failure_attribution/videos/development/libero_10-task00-state24-H2.agent.mp4,/home/wjq/workspace/one-clock-icra27-crosssuite-query-allocation/experiments/icra27_phase_d_failure_attribution/videos/development/libero_10-task00-state24-H2.wrist.mp4,/home/wjq/workspace/one-clock-icra27-crosssuite-query-allocation/experiments/icra27_phase_d_failure_attribution/videos/development/libero_10-task00-state24-ARM2_GRIP16.agent.mp4,/home/wjq/workspace/one-clock-icra27-crosssuite-query-allocation/experiments/icra27_phase_d_failure_attribution/videos/development/libero_10-task00-state24-ARM2_GRIP16.wrist.mp4,/home/wjq/workspace/one-clock-icra27-crosssuite-query-allocation/experiments/icra27_phase_d_failure_attribution/videos/development_swaps/development_h2-libero_10-task00-state24-baseline_arm_plus_treatment_gripper.agent.mp4,/home/wjq/workspace/one-clock-icra27-crosssuite-query-allocation/experiments/icra27_phase_d_failure_attribution/videos/development_swaps/development_h2-libero_10-task00-state24-baseline_arm_plus_treatment_gripper.wrist.mp4,/home/wjq/workspace/one-clock-icra27-crosssuite-query-allocation/experiments/icra27_phase_d_failure_attribution/videos/development_swaps/development_h2-libero_10-task00-state24-treatment_arm_plus_baseline_gripper.agent.mp4,/home/wjq/workspace/one-clock-icra27-crosssuite-query-allocation/experiments/icra27_phase_d_failure_attribution/videos/development_swaps/development_h2-libero_10-task00-state24-treatment_arm_plus_baseline_gripper.wrist.mp4
development_h2,libero_10-task00-state26,harm,0,26,/home/wjq/workspace/one-clock-icra27-crosssuite-query-allocation/experiments/icra27_phase_d_failure_attribution/videos/development/libero_10-task00-state26-H2.agent.mp4,/home/wjq/workspace/one-clock-icra27-crosssuite-query-allocation/experiments/icra27_phase_d_failure_attribution/videos/development/libero_10-task00-state26-H2.wrist.mp4,/home/wjq/workspace/one-clock-icra27-crosssuite-query-allocation/experiments/icra27_phase_d_failure_attribution/videos/development/libero_10-task00-state26-ARM2_GRIP16.agent.mp4,/home/wjq/workspace/one-clock-icra27-crosssuite-query-allocation/experiments/icra27_phase_d_failure_attribution/videos/development/libero_10-task00-state26-ARM2_GRIP16.wrist.mp4,/home/wjq/workspace/one-clock-icra27-crosssuite-query-allocation/experiments/icra27_phase_d_failure_attribution/videos/development_swaps/development_h2-libero_10-task00-state26-baseline_arm_plus_treatment_gripper.agent.mp4,/home/wjq/workspace/one-clock-icra27-crosssuite-query-allocation/experiments/icra27_phase_d_failure_attribution/videos/development_swaps/development_h2-libero_10-task00-state26-baseline_arm_plus_treatment_gripper.wrist.mp4,/home/wjq/workspace/one-clock-icra27-crosssuite-query-allocation/experiments/icra27_phase_d_failure_attribution/videos/development_swaps/development_h2-libero_10-task00-state26-treatment_arm_plus_baseline_gripper.agent.mp4,/home/wjq/workspace/one-clock-icra27-crosssuite-query-allocation/experiments/icra27_phase_d_failure_attribution/videos/development_swaps/development_h2-libero_10-task00-state26-treatment_arm_plus_baseline_gripper.wrist.mp4
development_h2,libero_10-task01-state36,rescue,1,36,/home/wjq/workspace/one-clock-icra27-crosssuite-query-allocation/experiments/icra27_phase_d_failure_attribution/videos/development/libero_10-task01-state36-H2.agent.mp4,/home/wjq/workspace/one-clock-icra27-crosssuite-query-allocation/experiments/icra27_phase_d_failure_attribution/videos/development/libero_10-task01-state36-H2.wrist.mp4,/home/wjq/workspace/one-clock-icra27-crosssuite-query-allocation/experiments/icra27_phase_d_failure_attribution/videos/development/libero_10-task01-state36-ARM2_GRIP16.agent.mp4,/home/wjq/workspace/one-clock-icra27-crosssuite-query-allocation/experiments/icra27_phase_d_failure_attribution/videos/development/libero_10-task01-state36-ARM2_GRIP16.wrist.mp4,/home/wjq/workspace/one-clock-icra27-crosssuite-query-allocation/experiments/icra27_phase_d_failure_attribution/videos/development_swaps/development_h2-libero_10-task01-state36-baseline_arm_plus_treatment_gripper.agent.mp4,/home/wjq/workspace/one-clock-icra27-crosssuite-query-allocation/experiments/icra27_phase_d_failure_attribution/videos/development_swaps/development_h2-libero_10-task01-state36-baseline_arm_plus_treatment_gripper.wrist.mp4,/home/wjq/workspace/one-clock-icra27-crosssuite-query-allocation/experiments/icra27_phase_d_failure_attribution/videos/development_swaps/development_h2-libero_10-task01-state36-treatment_arm_plus_baseline_gripper.agent.mp4,/home/wjq/workspace/one-clock-icra27-crosssuite-query-allocation/experiments/icra27_phase_d_failure_attribution/videos/development_swaps/development_h2-libero_10-task01-state36-treatment_arm_plus_baseline_gripper.wrist.mp4
development_h2,libero_10-task01-state38,rescue,1,38,/home/wjq/workspace/one-clock-icra27-crosssuite-query-allocation/experiments/icra27_phase_d_failure_attribution/videos/development/libero_10-task01-state38-H2.agent.mp4,/home/wjq/workspace/one-clock-icra27-crosssuite-query-allocation/experiments/icra27_phase_d_failure_attribution/videos/development/libero_10-task01-state38-H2.wrist.mp4,/home/wjq/workspace/one-clock-icra27-crosssuite-query-allocation/experiments/icra27_phase_d_failure_attribution/videos/development/libero_10-task01-state38-ARM2_GRIP16.agent.mp4,/home/wjq/workspace/one-clock-icra27-crosssuite-query-allocation/experiments/icra27_phase_d_failure_attribution/videos/development/libero_10-task01-state38-ARM2_GRIP16.wrist.mp4,/home/wjq/workspace/one-clock-icra27-crosssuite-query-allocation/experiments/icra27_phase_d_failure_attribution/videos/development_swaps/development_h2-libero_10-task01-state38-baseline_arm_plus_treatment_gripper.agent.mp4,/home/wjq/workspace/one-clock-icra27-crosssuite-query-allocation/experiments/icra27_phase_d_failure_attribution/videos/development_swaps/development_h2-libero_10-task01-state38-baseline_arm_plus_treatment_gripper.wrist.mp4,/home/wjq/workspace/one-clock-icra27-crosssuite-query-allocation/experiments/icra27_phase_d_failure_attribution/videos/development_swaps/development_h2-libero_10-task01-state38-treatment_arm_plus_baseline_gripper.agent.mp4,/home/wjq/workspace/one-clock-icra27-crosssuite-query-allocation/experiments/icra27_phase_d_failure_attribution/videos/development_swaps/development_h2-libero_10-task01-state38-treatment_arm_plus_baseline_gripper.wrist.mp4
development_h2,libero_10-task01-state40,rescue,1,40,/home/wjq/workspace/one-clock-icra27-crosssuite-query-allocation/experiments/icra27_phase_d_failure_attribution/videos/development/libero_10-task01-state40-H2.agent.mp4,/home/wjq/workspace/one-clock-icra27-crosssuite-query-allocation/experiments/icra27_phase_d_failure_attribution/videos/development/libero_10-task01-state40-H2.wrist.mp4,/home/wjq/workspace/one-clock-icra27-crosssuite-query-allocation/experiments/icra27_phase_d_failure_attribution/videos/development/libero_10-task01-state40-ARM2_GRIP16.agent.mp4,/home/wjq/workspace/one-clock-icra27-crosssuite-query-allocation/experiments/icra27_phase_d_failure_attribution/videos/development/libero_10-task01-state40-ARM2_GRIP16.wrist.mp4,/home/wjq/workspace/one-clock-icra27-crosssuite-query-allocation/experiments/icra27_phase_d_failure_attribution/videos/development_swaps/development_h2-libero_10-task01-state40-baseline_arm_plus_treatment_gripper.agent.mp4,/home/wjq/workspace/one-clock-icra27-crosssuite-query-allocation/experiments/icra27_phase_d_failure_attribution/videos/development_swaps/development_h2-libero_10-task01-state40-baseline_arm_plus_treatment_gripper.wrist.mp4,/home/wjq/workspace/one-clock-icra27-crosssuite-query-allocation/experiments/icra27_phase_d_failure_attribution/videos/development_swaps/development_h2-libero_10-task01-state40-treatment_arm_plus_baseline_gripper.agent.mp4,/home/wjq/workspace/one-clock-icra27-crosssuite-query-allocation/experiments/icra27_phase_d_failure_attribution/videos/development_swaps/development_h2-libero_10-task01-state40-treatment_arm_plus_baseline_gripper.wrist.mp4
development_h2,libero_10-task01-state44,rescue,1,44,/home/wjq/workspace/one-clock-icra27-crosssuite-query-allocation/experiments/icra27_phase_d_failure_attribution/videos/development/libero_10-task01-state44-H2.agent.mp4,/home/wjq/workspace/one-clock-icra27-crosssuite-query-allocation/experiments/icra27_phase_d_failure_attribution/videos/development/libero_10-task01-state44-H2.wrist.mp4,/home/wjq/workspace/one-clock-icra27-crosssuite-query-allocation/experiments/icra27_phase_d_failure_attribution/videos/development/libero_10-task01-state44-ARM2_GRIP16.agent.mp4,/home/wjq/workspace/one-clock-icra27-crosssuite-query-allocation/experiments/icra27_phase_d_failure_attribution/videos/development/libero_10-task01-state44-ARM2_GRIP16.wrist.mp4,/home/wjq/workspace/one-clock-icra27-crosssuite-query-allocation/experiments/icra27_phase_d_failure_attribution/videos/development_swaps/development_h2-libero_10-task01-state44-baseline_arm_plus_treatment_gripper.agent.mp4,/home/wjq/workspace/one-clock-icra27-crosssuite-query-allocation/experiments/icra27_phase_d_failure_attribution/videos/development_swaps/development_h2-libero_10-task01-state44-baseline_arm_plus_treatment_gripper.wrist.mp4,/home/wjq/workspace/one-clock-icra27-crosssuite-query-allocation/experiments/icra27_phase_d_failure_attribution/videos/development_swaps/development_h2-libero_10-task01-state44-treatment_arm_plus_baseline_gripper.agent.mp4,/home/wjq/workspace/one-clock-icra27-crosssuite-query-allocation/experiments/icra27_phase_d_failure_attribution/videos/development_swaps/development_h2-libero_10-task01-state44-treatment_arm_plus_baseline_gripper.wrist.mp4
development_h2,libero_10-task02-state23,rescue,2,23,/home/wjq/workspace/one-clock-icra27-crosssuite-query-allocation/experiments/icra27_phase_d_failure_attribution/videos/development/libero_10-task02-state23-H2.agent.mp4,/home/wjq/workspace/one-clock-icra27-crosssuite-query-allocation/experiments/icra27_phase_d_failure_attribution/videos/development/libero_10-task02-state23-H2.wrist.mp4,/home/wjq/workspace/one-clock-icra27-crosssuite-query-allocation/experiments/icra27_phase_d_failure_attribution/videos/development/libero_10-task02-state23-ARM2_GRIP16.agent.mp4,/home/wjq/workspace/one-clock-icra27-crosssuite-query-allocation/experiments/icra27_phase_d_failure_attribution/videos/development/libero_10-task02-state23-ARM2_GRIP16.wrist.mp4,/home/wjq/workspace/one-clock-icra27-crosssuite-query-allocation/experiments/icra27_phase_d_failure_attribution/videos/development_swaps/development_h2-libero_10-task02-state23-baseline_arm_plus_treatment_gripper.agent.mp4,/home/wjq/workspace/one-clock-icra27-crosssuite-query-allocation/experiments/icra27_phase_d_failure_attribution/videos/development_swaps/development_h2-libero_10-task02-state23-baseline_arm_plus_treatment_gripper.wrist.mp4,/home/wjq/workspace/one-clock-icra27-crosssuite-query-allocation/experiments/icra27_phase_d_failure_attribution/videos/development_swaps/development_h2-libero_10-task02-state23-treatment_arm_plus_baseline_gripper.agent.mp4,/home/wjq/workspace/one-clock-icra27-crosssuite-query-allocation/experiments/icra27_phase_d_failure_attribution/videos/development_swaps/development_h2-libero_10-task02-state23-treatment_arm_plus_baseline_gripper.wrist.mp4
development_h2,libero_10-task02-state26,rescue,2,26,/home/wjq/workspace/one-clock-icra27-crosssuite-query-allocation/experiments/icra27_phase_d_failure_attribution/videos/development/libero_10-task02-state26-H2.agent.mp4,/home/wjq/workspace/one-clock-icra27-crosssuite-query-allocation/experiments/icra27_phase_d_failure_attribution/videos/development/libero_10-task02-state26-H2.wrist.mp4,/home/wjq/workspace/one-clock-icra27-crosssuite-query-allocation/experiments/icra27_phase_d_failure_attribution/videos/development/libero_10-task02-state26-ARM2_GRIP16.agent.mp4,/home/wjq/workspace/one-clock-icra27-crosssuite-query-allocation/experiments/icra27_phase_d_failure_attribution/videos/development/libero_10-task02-state26-ARM2_GRIP16.wrist.mp4,/home/wjq/workspace/one-clock-icra27-crosssuite-query-allocation/experiments/icra27_phase_d_failure_attribution/videos/development_swaps/development_h2-libero_10-task02-state26-baseline_arm_plus_treatment_gripper.agent.mp4,/home/wjq/workspace/one-clock-icra27-crosssuite-query-allocation/experiments/icra27_phase_d_failure_attribution/videos/development_swaps/development_h2-libero_10-task02-state26-baseline_arm_plus_treatment_gripper.wrist.mp4,/home/wjq/workspace/one-clock-icra27-crosssuite-query-allocation/experiments/icra27_phase_d_failure_attribution/videos/development_swaps/development_h2-libero_10-task02-state26-treatment_arm_plus_baseline_gripper.agent.mp4,/home/wjq/workspace/one-clock-icra27-crosssuite-query-allocation/experiments/icra27_phase_d_failure_attribution/videos/development_swaps/development_h2-libero_10-task02-state26-treatment_arm_plus_baseline_gripper.wrist.mp4
development_h2,libero_10-task03-state21,rescue,3,21,/home/wjq/workspace/one-clock-icra27-crosssuite-query-allocation/experiments/icra27_phase_d_failure_attribution/videos/development/libero_10-task03-state21-H2.agent.mp4,/home/wjq/workspace/one-clock-icra27-crosssuite-query-allocation/experiments/icra27_phase_d_failure_attribution/videos/development/libero_10-task03-state21-H2.wrist.mp4,/home/wjq/workspace/one-clock-icra27-crosssuite-query-allocation/experiments/icra27_phase_d_failure_attribution/videos/development/libero_10-task03-state21-ARM2_GRIP16.agent.mp4,/home/wjq/workspace/one-clock-icra27-crosssuite-query-allocation/experiments/icra27_phase_d_failure_attribution/videos/development/libero_10-task03-state21-ARM2_GRIP16.wrist.mp4,/home/wjq/workspace/one-clock-icra27-crosssuite-query-allocation/experiments/icra27_phase_d_failure_attribution/videos/development_swaps/development_h2-libero_10-task03-state21-baseline_arm_plus_treatment_gripper.agent.mp4,/home/wjq/workspace/one-clock-icra27-crosssuite-query-allocation/experiments/icra27_phase_d_failure_attribution/videos/development_swaps/development_h2-libero_10-task03-state21-baseline_arm_plus_treatment_gripper.wrist.mp4,/home/wjq/workspace/one-clock-icra27-crosssuite-query-allocation/experiments/icra27_phase_d_failure_attribution/videos/development_swaps/development_h2-libero_10-task03-state21-treatment_arm_plus_baseline_gripper.agent.mp4,/home/wjq/workspace/one-clock-icra27-crosssuite-query-allocation/experiments/icra27_phase_d_failure_attribution/videos/development_swaps/development_h2-libero_10-task03-state21-treatment_arm_plus_baseline_gripper.wrist.mp4
development_h2,libero_10-task04-state21,rescue,4,21,/home/wjq/workspace/one-clock-icra27-crosssuite-query-allocation/experiments/icra27_phase_d_failure_attribution/videos/development/libero_10-task04-state21-H2.agent.mp4,/home/wjq/workspace/one-clock-icra27-crosssuite-query-allocation/experiments/icra27_phase_d_failure_attribution/videos/development/libero_10-task04-state21-H2.wrist.mp4,/home/wjq/workspace/one-clock-icra27-crosssuite-query-allocation/experiments/icra27_phase_d_failure_attribution/videos/development/libero_10-task04-state21-ARM2_GRIP16.agent.mp4,/home/wjq/workspace/one-clock-icra27-crosssuite-query-allocation/experiments/icra27_phase_d_failure_attribution/videos/development/libero_10-task04-state21-ARM2_GRIP16.wrist.mp4,/home/wjq/workspace/one-clock-icra27-crosssuite-query-allocation/experiments/icra27_phase_d_failure_attribution/videos/development_swaps/development_h2-libero_10-task04-state21-baseline_arm_plus_treatment_gripper.agent.mp4,/home/wjq/workspace/one-clock-icra27-crosssuite-query-allocation/experiments/icra27_phase_d_failure_attribution/videos/development_swaps/development_h2-libero_10-task04-state21-baseline_arm_plus_treatment_gripper.wrist.mp4,/home/wjq/workspace/one-clock-icra27-crosssuite-query-allocation/experiments/icra27_phase_d_failure_attribution/videos/development_swaps/development_h2-libero_10-task04-state21-treatment_arm_plus_baseline_gripper.agent.mp4,/home/wjq/workspace/one-clock-icra27-crosssuite-query-allocation/experiments/icra27_phase_d_failure_attribution/videos/development_swaps/development_h2-libero_10-task04-state21-treatment_arm_plus_baseline_gripper.wrist.mp4
development_h2,libero_10-task04-state25,rescue,4,25,/home/wjq/workspace/one-clock-icra27-crosssuite-query-allocation/experiments/icra27_phase_d_failure_attribution/videos/development/libero_10-task04-state25-H2.agent.mp4,/home/wjq/workspace/one-clock-icra27-crosssuite-query-allocation/experiments/icra27_phase_d_failure_attribution/videos/development/libero_10-task04-state25-H2.wrist.mp4,/home/wjq/workspace/one-clock-icra27-crosssuite-query-allocation/experiments/icra27_phase_d_failure_attribution/videos/development/libero_10-task04-state25-ARM2_GRIP16.agent.mp4,/home/wjq/workspace/one-clock-icra27-crosssuite-query-allocation/experiments/icra27_phase_d_failure_attribution/videos/development/libero_10-task04-state25-ARM2_GRIP16.wrist.mp4,/home/wjq/workspace/one-clock-icra27-crosssuite-query-allocation/experiments/icra27_phase_d_failure_attribution/videos/development_swaps/development_h2-libero_10-task04-state25-baseline_arm_plus_treatment_gripper.agent.mp4,/home/wjq/workspace/one-clock-icra27-crosssuite-query-allocation/experiments/icra27_phase_d_failure_attribution/videos/development_swaps/development_h2-libero_10-task04-state25-baseline_arm_plus_treatment_gripper.wrist.mp4,/home/wjq/workspace/one-clock-icra27-crosssuite-query-allocation/experiments/icra27_phase_d_failure_attribution/videos/development_swaps/development_h2-libero_10-task04-state25-treatment_arm_plus_baseline_gripper.agent.mp4,/home/wjq/workspace/one-clock-icra27-crosssuite-query-allocation/experiments/icra27_phase_d_failure_attribution/videos/development_swaps/development_h2-libero_10-task04-state25-treatment_arm_plus_baseline_gripper.wrist.mp4
development_h2,libero_10-task04-state27,rescue,4,27,/home/wjq/workspace/one-clock-icra27-crosssuite-query-allocation/experiments/icra27_phase_d_failure_attribution/videos/development/libero_10-task04-state27-H2.agent.mp4,/home/wjq/workspace/one-clock-icra27-crosssuite-query-allocation/experiments/icra27_phase_d_failure_attribution/videos/development/libero_10-task04-state27-H2.wrist.mp4,/home/wjq/workspace/one-clock-icra27-crosssuite-query-allocation/experiments/icra27_phase_d_failure_attribution/videos/development/libero_10-task04-state27-ARM2_GRIP16.agent.mp4,/home/wjq/workspace/one-clock-icra27-crosssuite-query-allocation/experiments/icra27_phase_d_failure_attribution/videos/development/libero_10-task04-state27-ARM2_GRIP16.wrist.mp4,/home/wjq/workspace/one-clock-icra27-crosssuite-query-allocation/experiments/icra27_phase_d_failure_attribution/videos/development_swaps/development_h2-libero_10-task04-state27-baseline_arm_plus_treatment_gripper.agent.mp4,/home/wjq/workspace/one-clock-icra27-crosssuite-query-allocation/experiments/icra27_phase_d_failure_attribution/videos/development_swaps/development_h2-libero_10-task04-state27-baseline_arm_plus_treatment_gripper.wrist.mp4,/home/wjq/workspace/one-clock-icra27-crosssuite-query-allocation/experiments/icra27_phase_d_failure_attribution/videos/development_swaps/development_h2-libero_10-task04-state27-treatment_arm_plus_baseline_gripper.agent.mp4,/home/wjq/workspace/one-clock-icra27-crosssuite-query-allocation/experiments/icra27_phase_d_failure_attribution/videos/development_swaps/development_h2-libero_10-task04-state27-treatment_arm_plus_baseline_gripper.wrist.mp4
development_h2,libero_10-task04-state28,rescue,4,28,/home/wjq/workspace/one-clock-icra27-crosssuite-query-allocation/experiments/icra27_phase_d_failure_attribution/videos/development/libero_10-task04-state28-H2.agent.mp4,/home/wjq/workspace/one-clock-icra27-crosssuite-query-allocation/experiments/icra27_phase_d_failure_attribution/videos/development/libero_10-task04-state28-H2.wrist.mp4,/home/wjq/workspace/one-clock-icra27-crosssuite-query-allocation/experiments/icra27_phase_d_failure_attribution/videos/development/libero_10-task04-state28-ARM2_GRIP16.agent.mp4,/home/wjq/workspace/one-clock-icra27-crosssuite-query-allocation/experiments/icra27_phase_d_failure_attribution/videos/development/libero_10-task04-state28-ARM2_GRIP16.wrist.mp4,/home/wjq/workspace/one-clock-icra27-crosssuite-query-allocation/experiments/icra27_phase_d_failure_attribution/videos/development_swaps/development_h2-libero_10-task04-state28-baseline_arm_plus_treatment_gripper.agent.mp4,/home/wjq/workspace/one-clock-icra27-crosssuite-query-allocation/experiments/icra27_phase_d_failure_attribution/videos/development_swaps/development_h2-libero_10-task04-state28-baseline_arm_plus_treatment_gripper.wrist.mp4,/home/wjq/workspace/one-clock-icra27-crosssuite-query-allocation/experiments/icra27_phase_d_failure_attribution/videos/development_swaps/development_h2-libero_10-task04-state28-treatment_arm_plus_baseline_gripper.agent.mp4,/home/wjq/workspace/one-clock-icra27-crosssuite-query-allocation/experiments/icra27_phase_d_failure_attribution/videos/development_swaps/development_h2-libero_10-task04-state28-treatment_arm_plus_baseline_gripper.wrist.mp4
development_h2,libero_10-task04-state30,rescue,4,30,/home/wjq/workspace/one-clock-icra27-crosssuite-query-allocation/experiments/icra27_phase_d_failure_attribution/videos/development/libero_10-task04-state30-H2.agent.mp4,/home/wjq/workspace/one-clock-icra27-crosssuite-query-allocation/experiments/icra27_phase_d_failure_attribution/videos/development/libero_10-task04-state30-H2.wrist.mp4,/home/wjq/workspace/one-clock-icra27-crosssuite-query-allocation/experiments/icra27_phase_d_failure_attribution/videos/development/libero_10-task04-state30-ARM2_GRIP16.agent.mp4,/home/wjq/workspace/one-clock-icra27-crosssuite-query-allocation/experiments/icra27_phase_d_failure_attribution/videos/development/libero_10-task04-state30-ARM2_GRIP16.wrist.mp4,/home/wjq/workspace/one-clock-icra27-crosssuite-query-allocation/experiments/icra27_phase_d_failure_attribution/videos/development_swaps/development_h2-libero_10-task04-state30-baseline_arm_plus_treatment_gripper.agent.mp4,/home/wjq/workspace/one-clock-icra27-crosssuite-query-allocation/experiments/icra27_phase_d_failure_attribution/videos/development_swaps/development_h2-libero_10-task04-state30-baseline_arm_plus_treatment_gripper.wrist.mp4,/home/wjq/workspace/one-clock-icra27-crosssuite-query-allocation/experiments/icra27_phase_d_failure_attribution/videos/development_swaps/development_h2-libero_10-task04-state30-treatment_arm_plus_baseline_gripper.agent.mp4,/home/wjq/workspace/one-clock-icra27-crosssuite-query-allocation/experiments/icra27_phase_d_failure_attribution/videos/development_swaps/development_h2-libero_10-task04-state30-treatment_arm_plus_baseline_gripper.wrist.mp4
development_h2,libero_10-task04-state31,rescue,4,31,/home/wjq/workspace/one-clock-icra27-crosssuite-query-allocation/experiments/icra27_phase_d_failure_attribution/videos/development/libero_10-task04-state31-H2.agent.mp4,/home/wjq/workspace/one-clock-icra27-crosssuite-query-allocation/experiments/icra27_phase_d_failure_attribution/videos/development/libero_10-task04-state31-H2.wrist.mp4,/home/wjq/workspace/one-clock-icra27-crosssuite-query-allocation/experiments/icra27_phase_d_failure_attribution/videos/development/libero_10-task04-state31-ARM2_GRIP16.agent.mp4,/home/wjq/workspace/one-clock-icra27-crosssuite-query-allocation/experiments/icra27_phase_d_failure_attribution/videos/development/libero_10-task04-state31-ARM2_GRIP16.wrist.mp4,/home/wjq/workspace/one-clock-icra27-crosssuite-query-allocation/experiments/icra27_phase_d_failure_attribution/videos/development_swaps/development_h2-libero_10-task04-state31-baseline_arm_plus_treatment_gripper.agent.mp4,/home/wjq/workspace/one-clock-icra27-crosssuite-query-allocation/experiments/icra27_phase_d_failure_attribution/videos/development_swaps/development_h2-libero_10-task04-state31-baseline_arm_plus_treatment_gripper.wrist.mp4,/home/wjq/workspace/one-clock-icra27-crosssuite-query-allocation/experiments/icra27_phase_d_failure_attribution/videos/development_swaps/development_h2-libero_10-task04-state31-treatment_arm_plus_baseline_gripper.agent.mp4,/home/wjq/workspace/one-clock-icra27-crosssuite-query-allocation/experiments/icra27_phase_d_failure_attribution/videos/development_swaps/development_h2-libero_10-task04-state31-treatment_arm_plus_baseline_gripper.wrist.mp4
development_h2,libero_10-task06-state24,rescue,6,24,/home/wjq/workspace/one-clock-icra27-crosssuite-query-allocation/experiments/icra27_phase_d_failure_attribution/videos/development/libero_10-task06-state24-H2.agent.mp4,/home/wjq/workspace/one-clock-icra27-crosssuite-query-allocation/experiments/icra27_phase_d_failure_attribution/videos/development/libero_10-task06-state24-H2.wrist.mp4,/home/wjq/workspace/one-clock-icra27-crosssuite-query-allocation/experiments/icra27_phase_d_failure_attribution/videos/development/libero_10-task06-state24-ARM2_GRIP16.agent.mp4,/home/wjq/workspace/one-clock-icra27-crosssuite-query-allocation/experiments/icra27_phase_d_failure_attribution/videos/development/libero_10-task06-state24-ARM2_GRIP16.wrist.mp4,/home/wjq/workspace/one-clock-icra27-crosssuite-query-allocation/experiments/icra27_phase_d_failure_attribution/videos/development_swaps/development_h2-libero_10-task06-state24-baseline_arm_plus_treatment_gripper.agent.mp4,/home/wjq/workspace/one-clock-icra27-crosssuite-query-allocation/experiments/icra27_phase_d_failure_attribution/videos/development_swaps/development_h2-libero_10-task06-state24-baseline_arm_plus_treatment_gripper.wrist.mp4,/home/wjq/workspace/one-clock-icra27-crosssuite-query-allocation/experiments/icra27_phase_d_failure_attribution/videos/development_swaps/development_h2-libero_10-task06-state24-treatment_arm_plus_baseline_gripper.agent.mp4,/home/wjq/workspace/one-clock-icra27-crosssuite-query-allocation/experiments/icra27_phase_d_failure_attribution/videos/development_swaps/development_h2-libero_10-task06-state24-treatment_arm_plus_baseline_gripper.wrist.mp4
development_h2,libero_10-task07-state20,rescue,7,20,/home/wjq/workspace/one-clock-icra27-crosssuite-query-allocation/experiments/icra27_phase_d_failure_attribution/videos/development/libero_10-task07-state20-H2.agent.mp4,/home/wjq/workspace/one-clock-icra27-crosssuite-query-allocation/experiments/icra27_phase_d_failure_attribution/videos/development/libero_10-task07-state20-H2.wrist.mp4,/home/wjq/workspace/one-clock-icra27-crosssuite-query-allocation/experiments/icra27_phase_d_failure_attribution/videos/development/libero_10-task07-state20-ARM2_GRIP16.agent.mp4,/home/wjq/workspace/one-clock-icra27-crosssuite-query-allocation/experiments/icra27_phase_d_failure_attribution/videos/development/libero_10-task07-state20-ARM2_GRIP16.wrist.mp4,/home/wjq/workspace/one-clock-icra27-crosssuite-query-allocation/experiments/icra27_phase_d_failure_attribution/videos/development_swaps/development_h2-libero_10-task07-state20-baseline_arm_plus_treatment_gripper.agent.mp4,/home/wjq/workspace/one-clock-icra27-crosssuite-query-allocation/experiments/icra27_phase_d_failure_attribution/videos/development_swaps/development_h2-libero_10-task07-state20-baseline_arm_plus_treatment_gripper.wrist.mp4,/home/wjq/workspace/one-clock-icra27-crosssuite-query-allocation/experiments/icra27_phase_d_failure_attribution/videos/development_swaps/development_h2-libero_10-task07-state20-treatment_arm_plus_baseline_gripper.agent.mp4,/home/wjq/workspace/one-clock-icra27-crosssuite-query-allocation/experiments/icra27_phase_d_failure_attribution/videos/development_swaps/development_h2-libero_10-task07-state20-treatment_arm_plus_baseline_gripper.wrist.mp4
development_h2,libero_10-task07-state22,rescue,7,22,/home/wjq/workspace/one-clock-icra27-crosssuite-query-allocation/experiments/icra27_phase_d_failure_attribution/videos/development/libero_10-task07-state22-H2.agent.mp4,/home/wjq/workspace/one-clock-icra27-crosssuite-query-allocation/experiments/icra27_phase_d_failure_attribution/videos/development/libero_10-task07-state22-H2.wrist.mp4,/home/wjq/workspace/one-clock-icra27-crosssuite-query-allocation/experiments/icra27_phase_d_failure_attribution/videos/development/libero_10-task07-state22-ARM2_GRIP16.agent.mp4,/home/wjq/workspace/one-clock-icra27-crosssuite-query-allocation/experiments/icra27_phase_d_failure_attribution/videos/development/libero_10-task07-state22-ARM2_GRIP16.wrist.mp4,/home/wjq/workspace/one-clock-icra27-crosssuite-query-allocation/experiments/icra27_phase_d_failure_attribution/videos/development_swaps/development_h2-libero_10-task07-state22-baseline_arm_plus_treatment_gripper.agent.mp4,/home/wjq/workspace/one-clock-icra27-crosssuite-query-allocation/experiments/icra27_phase_d_failure_attribution/videos/development_swaps/development_h2-libero_10-task07-state22-baseline_arm_plus_treatment_gripper.wrist.mp4,/home/wjq/workspace/one-clock-icra27-crosssuite-query-allocation/experiments/icra27_phase_d_failure_attribution/videos/development_swaps/development_h2-libero_10-task07-state22-treatment_arm_plus_baseline_gripper.agent.mp4,/home/wjq/workspace/one-clock-icra27-crosssuite-query-allocation/experiments/icra27_phase_d_failure_attribution/videos/development_swaps/development_h2-libero_10-task07-state22-treatment_arm_plus_baseline_gripper.wrist.mp4
development_h2,libero_10-task07-state29,rescue,7,29,/home/wjq/workspace/one-clock-icra27-crosssuite-query-allocation/experiments/icra27_phase_d_failure_attribution/videos/development/libero_10-task07-state29-H2.agent.mp4,/home/wjq/workspace/one-clock-icra27-crosssuite-query-allocation/experiments/icra27_phase_d_failure_attribution/videos/development/libero_10-task07-state29-H2.wrist.mp4,/home/wjq/workspace/one-clock-icra27-crosssuite-query-allocation/experiments/icra27_phase_d_failure_attribution/videos/development/libero_10-task07-state29-ARM2_GRIP16.agent.mp4,/home/wjq/workspace/one-clock-icra27-crosssuite-query-allocation/experiments/icra27_phase_d_failure_attribution/videos/development/libero_10-task07-state29-ARM2_GRIP16.wrist.mp4,/home/wjq/workspace/one-clock-icra27-crosssuite-query-allocation/experiments/icra27_phase_d_failure_attribution/videos/development_swaps/development_h2-libero_10-task07-state29-baseline_arm_plus_treatment_gripper.agent.mp4,/home/wjq/workspace/one-clock-icra27-crosssuite-query-allocation/experiments/icra27_phase_d_failure_attribution/videos/development_swaps/development_h2-libero_10-task07-state29-baseline_arm_plus_treatment_gripper.wrist.mp4,/home/wjq/workspace/one-clock-icra27-crosssuite-query-allocation/experiments/icra27_phase_d_failure_attribution/videos/development_swaps/development_h2-libero_10-task07-state29-treatment_arm_plus_baseline_gripper.agent.mp4,/home/wjq/workspace/one-clock-icra27-crosssuite-query-allocation/experiments/icra27_phase_d_failure_attribution/videos/development_swaps/development_h2-libero_10-task07-state29-treatment_arm_plus_baseline_gripper.wrist.mp4
development_h2,libero_10-task09-state31,rescue,9,31,/home/wjq/workspace/one-clock-icra27-crosssuite-query-allocation/experiments/icra27_phase_d_failure_attribution/videos/development/libero_10-task09-state31-H2.agent.mp4,/home/wjq/workspace/one-clock-icra27-crosssuite-query-allocation/experiments/icra27_phase_d_failure_attribution/videos/development/libero_10-task09-state31-H2.wrist.mp4,/home/wjq/workspace/one-clock-icra27-crosssuite-query-allocation/experiments/icra27_phase_d_failure_attribution/videos/development/libero_10-task09-state31-ARM2_GRIP16.agent.mp4,/home/wjq/workspace/one-clock-icra27-crosssuite-query-allocation/experiments/icra27_phase_d_failure_attribution/videos/development/libero_10-task09-state31-ARM2_GRIP16.wrist.mp4,/home/wjq/workspace/one-clock-icra27-crosssuite-query-allocation/experiments/icra27_phase_d_failure_attribution/videos/development_swaps/development_h2-libero_10-task09-state31-baseline_arm_plus_treatment_gripper.agent.mp4,/home/wjq/workspace/one-clock-icra27-crosssuite-query-allocation/experiments/icra27_phase_d_failure_attribution/videos/development_swaps/development_h2-libero_10-task09-state31-baseline_arm_plus_treatment_gripper.wrist.mp4,/home/wjq/workspace/one-clock-icra27-crosssuite-query-allocation/experiments/icra27_phase_d_failure_attribution/videos/development_swaps/development_h2-libero_10-task09-state31-treatment_arm_plus_baseline_gripper.agent.mp4,/home/wjq/workspace/one-clock-icra27-crosssuite-query-allocation/experiments/icra27_phase_d_failure_attribution/videos/development_swaps/development_h2-libero_10-task09-state31-treatment_arm_plus_baseline_gripper.wrist.mp4
development_h2,libero_10-task09-state36,rescue,9,36,/home/wjq/workspace/one-clock-icra27-crosssuite-query-allocation/experiments/icra27_phase_d_failure_attribution/videos/development/libero_10-task09-state36-H2.agent.mp4,/home/wjq/workspace/one-clock-icra27-crosssuite-query-allocation/experiments/icra27_phase_d_failure_attribution/videos/development/libero_10-task09-state36-H2.wrist.mp4,/home/wjq/workspace/one-clock-icra27-crosssuite-query-allocation/experiments/icra27_phase_d_failure_attribution/videos/development/libero_10-task09-state36-ARM2_GRIP16.agent.mp4,/home/wjq/workspace/one-clock-icra27-crosssuite-query-allocation/experiments/icra27_phase_d_failure_attribution/videos/development/libero_10-task09-state36-ARM2_GRIP16.wrist.mp4,/home/wjq/workspace/one-clock-icra27-crosssuite-query-allocation/experiments/icra27_phase_d_failure_attribution/videos/development_swaps/development_h2-libero_10-task09-state36-baseline_arm_plus_treatment_gripper.agent.mp4,/home/wjq/workspace/one-clock-icra27-crosssuite-query-allocation/experiments/icra27_phase_d_failure_attribution/videos/development_swaps/development_h2-libero_10-task09-state36-baseline_arm_plus_treatment_gripper.wrist.mp4,/home/wjq/workspace/one-clock-icra27-crosssuite-query-allocation/experiments/icra27_phase_d_failure_attribution/videos/development_swaps/development_h2-libero_10-task09-state36-treatment_arm_plus_baseline_gripper.agent.mp4,/home/wjq/workspace/one-clock-icra27-crosssuite-query-allocation/experiments/icra27_phase_d_failure_attribution/videos/development_swaps/development_h2-libero_10-task09-state36-treatment_arm_plus_baseline_gripper.wrist.mp4
development_h2,libero_10-task09-state38,rescue,9,38,/home/wjq/workspace/one-clock-icra27-crosssuite-query-allocation/experiments/icra27_phase_d_failure_attribution/videos/development/libero_10-task09-state38-H2.agent.mp4,/home/wjq/workspace/one-clock-icra27-crosssuite-query-allocation/experiments/icra27_phase_d_failure_attribution/videos/development/libero_10-task09-state38-H2.wrist.mp4,/home/wjq/workspace/one-clock-icra27-crosssuite-query-allocation/experiments/icra27_phase_d_failure_attribution/videos/development/libero_10-task09-state38-ARM2_GRIP16.agent.mp4,/home/wjq/workspace/one-clock-icra27-crosssuite-query-allocation/experiments/icra27_phase_d_failure_attribution/videos/development/libero_10-task09-state38-ARM2_GRIP16.wrist.mp4,/home/wjq/workspace/one-clock-icra27-crosssuite-query-allocation/experiments/icra27_phase_d_failure_attribution/videos/development_swaps/development_h2-libero_10-task09-state38-baseline_arm_plus_treatment_gripper.agent.mp4,/home/wjq/workspace/one-clock-icra27-crosssuite-query-allocation/experiments/icra27_phase_d_failure_attribution/videos/development_swaps/development_h2-libero_10-task09-state38-baseline_arm_plus_treatment_gripper.wrist.mp4,/home/wjq/workspace/one-clock-icra27-crosssuite-query-allocation/experiments/icra27_phase_d_failure_attribution/videos/development_swaps/development_h2-libero_10-task09-state38-treatment_arm_plus_baseline_gripper.agent.mp4,/home/wjq/workspace/one-clock-icra27-crosssuite-query-allocation/experiments/icra27_phase_d_failure_attribution/videos/development_swaps/development_h2-libero_10-task09-state38-treatment_arm_plus_baseline_gripper.wrist.mp4
phase1_h4,libero_10-task00-state23,rescue,0,23,/home/wjq/workspace/one-clock-icra27-crosssuite-query-allocation/experiments/icra27_phase_d_failure_attribution/videos/phase1/libero_10-task00-state23-H4.agent.mp4,/home/wjq/workspace/one-clock-icra27-crosssuite-query-allocation/experiments/icra27_phase_d_failure_attribution/videos/phase1/libero_10-task00-state23-H4.wrist.mp4,/home/wjq/workspace/one-clock-icra27-crosssuite-query-allocation/experiments/icra27_phase_d_failure_attribution/videos/phase1/libero_10-task00-state23-ARM4_GRIP32.agent.mp4,/home/wjq/workspace/one-clock-icra27-crosssuite-query-allocation/experiments/icra27_phase_d_failure_attribution/videos/phase1/libero_10-task00-state23-ARM4_GRIP32.wrist.mp4,/home/wjq/workspace/one-clock-icra27-crosssuite-query-allocation/experiments/icra27_phase_d_failure_attribution/videos/phase1_swaps/phase1_h4-libero_10-task00-state23-baseline_arm_plus_treatment_gripper.agent.mp4,/home/wjq/workspace/one-clock-icra27-crosssuite-query-allocation/experiments/icra27_phase_d_failure_attribution/videos/phase1_swaps/phase1_h4-libero_10-task00-state23-baseline_arm_plus_treatment_gripper.wrist.mp4,/home/wjq/workspace/one-clock-icra27-crosssuite-query-allocation/experiments/icra27_phase_d_failure_attribution/videos/phase1_swaps/phase1_h4-libero_10-task00-state23-treatment_arm_plus_baseline_gripper.agent.mp4,/home/wjq/workspace/one-clock-icra27-crosssuite-query-allocation/experiments/icra27_phase_d_failure_attribution/videos/phase1_swaps/phase1_h4-libero_10-task00-state23-treatment_arm_plus_baseline_gripper.wrist.mp4
phase1_h4,libero_10-task00-state24,rescue,0,24,/home/wjq/workspace/one-clock-icra27-crosssuite-query-allocation/experiments/icra27_phase_d_failure_attribution/videos/phase1/libero_10-task00-state24-H4.agent.mp4,/home/wjq/workspace/one-clock-icra27-crosssuite-query-allocation/experiments/icra27_phase_d_failure_attribution/videos/phase1/libero_10-task00-state24-H4.wrist.mp4,/home/wjq/workspace/one-clock-icra27-crosssuite-query-allocation/experiments/icra27_phase_d_failure_attribution/videos/phase1/libero_10-task00-state24-ARM4_GRIP32.agent.mp4,/home/wjq/workspace/one-clock-icra27-crosssuite-query-allocation/experiments/icra27_phase_d_failure_attribution/videos/phase1/libero_10-task00-state24-ARM4_GRIP32.wrist.mp4,/home/wjq/workspace/one-clock-icra27-crosssuite-query-allocation/experiments/icra27_phase_d_failure_attribution/videos/phase1_swaps/phase1_h4-libero_10-task00-state24-baseline_arm_plus_treatment_gripper.agent.mp4,/home/wjq/workspace/one-clock-icra27-crosssuite-query-allocation/experiments/icra27_phase_d_failure_attribution/videos/phase1_swaps/phase1_h4-libero_10-task00-state24-baseline_arm_plus_treatment_gripper.wrist.mp4,/home/wjq/workspace/one-clock-icra27-crosssuite-query-allocation/experiments/icra27_phase_d_failure_attribution/videos/phase1_swaps/phase1_h4-libero_10-task00-state24-treatment_arm_plus_baseline_gripper.agent.mp4,/home/wjq/workspace/one-clock-icra27-crosssuite-query-allocation/experiments/icra27_phase_d_failure_attribution/videos/phase1_swaps/phase1_h4-libero_10-task00-state24-treatment_arm_plus_baseline_gripper.wrist.mp4
phase1_h4,libero_10-task00-state25,rescue,0,25,/home/wjq/workspace/one-clock-icra27-crosssuite-query-allocation/experiments/icra27_phase_d_failure_attribution/videos/phase1/libero_10-task00-state25-H4.agent.mp4,/home/wjq/workspace/one-clock-icra27-crosssuite-query-allocation/experiments/icra27_phase_d_failure_attribution/videos/phase1/libero_10-task00-state25-H4.wrist.mp4,/home/wjq/workspace/one-clock-icra27-crosssuite-query-allocation/experiments/icra27_phase_d_failure_attribution/videos/phase1/libero_10-task00-state25-ARM4_GRIP32.agent.mp4,/home/wjq/workspace/one-clock-icra27-crosssuite-query-allocation/experiments/icra27_phase_d_failure_attribution/videos/phase1/libero_10-task00-state25-ARM4_GRIP32.wrist.mp4,/home/wjq/workspace/one-clock-icra27-crosssuite-query-allocation/experiments/icra27_phase_d_failure_attribution/videos/phase1_swaps/phase1_h4-libero_10-task00-state25-baseline_arm_plus_treatment_gripper.agent.mp4,/home/wjq/workspace/one-clock-icra27-crosssuite-query-allocation/experiments/icra27_phase_d_failure_attribution/videos/phase1_swaps/phase1_h4-libero_10-task00-state25-baseline_arm_plus_treatment_gripper.wrist.mp4,/home/wjq/workspace/one-clock-icra27-crosssuite-query-allocation/experiments/icra27_phase_d_failure_attribution/videos/phase1_swaps/phase1_h4-libero_10-task00-state25-treatment_arm_plus_baseline_gripper.agent.mp4,/home/wjq/workspace/one-clock-icra27-crosssuite-query-allocation/experiments/icra27_phase_d_failure_attribution/videos/phase1_swaps/phase1_h4-libero_10-task00-state25-treatment_arm_plus_baseline_gripper.wrist.mp4
phase1_h4,libero_10-task00-state27,rescue,0,27,/home/wjq/workspace/one-clock-icra27-crosssuite-query-allocation/experiments/icra27_phase_d_failure_attribution/videos/phase1/libero_10-task00-state27-H4.agent.mp4,/home/wjq/workspace/one-clock-icra27-crosssuite-query-allocation/experiments/icra27_phase_d_failure_attribution/videos/phase1/libero_10-task00-state27-H4.wrist.mp4,/home/wjq/workspace/one-clock-icra27-crosssuite-query-allocation/experiments/icra27_phase_d_failure_attribution/videos/phase1/libero_10-task00-state27-ARM4_GRIP32.agent.mp4,/home/wjq/workspace/one-clock-icra27-crosssuite-query-allocation/experiments/icra27_phase_d_failure_attribution/videos/phase1/libero_10-task00-state27-ARM4_GRIP32.wrist.mp4,/home/wjq/workspace/one-clock-icra27-crosssuite-query-allocation/experiments/icra27_phase_d_failure_attribution/videos/phase1_swaps/phase1_h4-libero_10-task00-state27-baseline_arm_plus_treatment_gripper.agent.mp4,/home/wjq/workspace/one-clock-icra27-crosssuite-query-allocation/experiments/icra27_phase_d_failure_attribution/videos/phase1_swaps/phase1_h4-libero_10-task00-state27-baseline_arm_plus_treatment_gripper.wrist.mp4,/home/wjq/workspace/one-clock-icra27-crosssuite-query-allocation/experiments/icra27_phase_d_failure_attribution/videos/phase1_swaps/phase1_h4-libero_10-task00-state27-treatment_arm_plus_baseline_gripper.agent.mp4,/home/wjq/workspace/one-clock-icra27-crosssuite-query-allocation/experiments/icra27_phase_d_failure_attribution/videos/phase1_swaps/phase1_h4-libero_10-task00-state27-treatment_arm_plus_baseline_gripper.wrist.mp4
phase1_h4,libero_10-task00-state34,rescue,0,34,/home/wjq/workspace/one-clock-icra27-crosssuite-query-allocation/experiments/icra27_phase_d_failure_attribution/videos/phase1/libero_10-task00-state34-H4.agent.mp4,/home/wjq/workspace/one-clock-icra27-crosssuite-query-allocation/experiments/icra27_phase_d_failure_attribution/videos/phase1/libero_10-task00-state34-H4.wrist.mp4,/home/wjq/workspace/one-clock-icra27-crosssuite-query-allocation/experiments/icra27_phase_d_failure_attribution/videos/phase1/libero_10-task00-state34-ARM4_GRIP32.agent.mp4,/home/wjq/workspace/one-clock-icra27-crosssuite-query-allocation/experiments/icra27_phase_d_failure_attribution/videos/phase1/libero_10-task00-state34-ARM4_GRIP32.wrist.mp4,/home/wjq/workspace/one-clock-icra27-crosssuite-query-allocation/experiments/icra27_phase_d_failure_attribution/videos/phase1_swaps/phase1_h4-libero_10-task00-state34-baseline_arm_plus_treatment_gripper.agent.mp4,/home/wjq/workspace/one-clock-icra27-crosssuite-query-allocation/experiments/icra27_phase_d_failure_attribution/videos/phase1_swaps/phase1_h4-libero_10-task00-state34-baseline_arm_plus_treatment_gripper.wrist.mp4,/home/wjq/workspace/one-clock-icra27-crosssuite-query-allocation/experiments/icra27_phase_d_failure_attribution/videos/phase1_swaps/phase1_h4-libero_10-task00-state34-treatment_arm_plus_baseline_gripper.agent.mp4,/home/wjq/workspace/one-clock-icra27-crosssuite-query-allocation/experiments/icra27_phase_d_failure_attribution/videos/phase1_swaps/phase1_h4-libero_10-task00-state34-treatment_arm_plus_baseline_gripper.wrist.mp4
phase1_h4,libero_10-task00-state35,rescue,0,35,/home/wjq/workspace/one-clock-icra27-crosssuite-query-allocation/experiments/icra27_phase_d_failure_attribution/videos/phase1/libero_10-task00-state35-H4.agent.mp4,/home/wjq/workspace/one-clock-icra27-crosssuite-query-allocation/experiments/icra27_phase_d_failure_attribution/videos/phase1/libero_10-task00-state35-H4.wrist.mp4,/home/wjq/workspace/one-clock-icra27-crosssuite-query-allocation/experiments/icra27_phase_d_failure_attribution/videos/phase1/libero_10-task00-state35-ARM4_GRIP32.agent.mp4,/home/wjq/workspace/one-clock-icra27-crosssuite-query-allocation/experiments/icra27_phase_d_failure_attribution/videos/phase1/libero_10-task00-state35-ARM4_GRIP32.wrist.mp4,/home/wjq/workspace/one-clock-icra27-crosssuite-query-allocation/experiments/icra27_phase_d_failure_attribution/videos/phase1_swaps/phase1_h4-libero_10-task00-state35-baseline_arm_plus_treatment_gripper.agent.mp4,/home/wjq/workspace/one-clock-icra27-crosssuite-query-allocation/experiments/icra27_phase_d_failure_attribution/videos/phase1_swaps/phase1_h4-libero_10-task00-state35-baseline_arm_plus_treatment_gripper.wrist.mp4,/home/wjq/workspace/one-clock-icra27-crosssuite-query-allocation/experiments/icra27_phase_d_failure_attribution/videos/phase1_swaps/phase1_h4-libero_10-task00-state35-treatment_arm_plus_baseline_gripper.agent.mp4,/home/wjq/workspace/one-clock-icra27-crosssuite-query-allocation/experiments/icra27_phase_d_failure_attribution/videos/phase1_swaps/phase1_h4-libero_10-task00-state35-treatment_arm_plus_baseline_gripper.wrist.mp4
phase1_h4,libero_10-task01-state15,harm,1,15,/home/wjq/workspace/one-clock-icra27-crosssuite-query-allocation/experiments/icra27_phase_d_failure_attribution/videos/phase1/libero_10-task01-state15-H4.agent.mp4,/home/wjq/workspace/one-clock-icra27-crosssuite-query-allocation/experiments/icra27_phase_d_failure_attribution/videos/phase1/libero_10-task01-state15-H4.wrist.mp4,/home/wjq/workspace/one-clock-icra27-crosssuite-query-allocation/experiments/icra27_phase_d_failure_attribution/videos/phase1/libero_10-task01-state15-ARM4_GRIP32.agent.mp4,/home/wjq/workspace/one-clock-icra27-crosssuite-query-allocation/experiments/icra27_phase_d_failure_attribution/videos/phase1/libero_10-task01-state15-ARM4_GRIP32.wrist.mp4,/home/wjq/workspace/one-clock-icra27-crosssuite-query-allocation/experiments/icra27_phase_d_failure_attribution/videos/phase1_swaps/phase1_h4-libero_10-task01-state15-baseline_arm_plus_treatment_gripper.agent.mp4,/home/wjq/workspace/one-clock-icra27-crosssuite-query-allocation/experiments/icra27_phase_d_failure_attribution/videos/phase1_swaps/phase1_h4-libero_10-task01-state15-baseline_arm_plus_treatment_gripper.wrist.mp4,/home/wjq/workspace/one-clock-icra27-crosssuite-query-allocation/experiments/icra27_phase_d_failure_attribution/videos/phase1_swaps/phase1_h4-libero_10-task01-state15-treatment_arm_plus_baseline_gripper.agent.mp4,/home/wjq/workspace/one-clock-icra27-crosssuite-query-allocation/experiments/icra27_phase_d_failure_attribution/videos/phase1_swaps/phase1_h4-libero_10-task01-state15-treatment_arm_plus_baseline_gripper.wrist.mp4
phase1_h4,libero_10-task01-state41,rescue,1,41,/home/wjq/workspace/one-clock-icra27-crosssuite-query-allocation/experiments/icra27_phase_d_failure_attribution/videos/phase1/libero_10-task01-state41-H4.agent.mp4,/home/wjq/workspace/one-clock-icra27-crosssuite-query-allocation/experiments/icra27_phase_d_failure_attribution/videos/phase1/libero_10-task01-state41-H4.wrist.mp4,/home/wjq/workspace/one-clock-icra27-crosssuite-query-allocation/experiments/icra27_phase_d_failure_attribution/videos/phase1/libero_10-task01-state41-ARM4_GRIP32.agent.mp4,/home/wjq/workspace/one-clock-icra27-crosssuite-query-allocation/experiments/icra27_phase_d_failure_attribution/videos/phase1/libero_10-task01-state41-ARM4_GRIP32.wrist.mp4,/home/wjq/workspace/one-clock-icra27-crosssuite-query-allocation/experiments/icra27_phase_d_failure_attribution/videos/phase1_swaps/phase1_h4-libero_10-task01-state41-baseline_arm_plus_treatment_gripper.agent.mp4,/home/wjq/workspace/one-clock-icra27-crosssuite-query-allocation/experiments/icra27_phase_d_failure_attribution/videos/phase1_swaps/phase1_h4-libero_10-task01-state41-baseline_arm_plus_treatment_gripper.wrist.mp4,/home/wjq/workspace/one-clock-icra27-crosssuite-query-allocation/experiments/icra27_phase_d_failure_attribution/videos/phase1_swaps/phase1_h4-libero_10-task01-state41-treatment_arm_plus_baseline_gripper.agent.mp4,/home/wjq/workspace/one-clock-icra27-crosssuite-query-allocation/experiments/icra27_phase_d_failure_attribution/videos/phase1_swaps/phase1_h4-libero_10-task01-state41-treatment_arm_plus_baseline_gripper.wrist.mp4
phase1_h4,libero_10-task02-state20,rescue,2,20,/home/wjq/workspace/one-clock-icra27-crosssuite-query-allocation/experiments/icra27_phase_d_failure_attribution/videos/phase1/libero_10-task02-state20-H4.agent.mp4,/home/wjq/workspace/one-clock-icra27-crosssuite-query-allocation/experiments/icra27_phase_d_failure_attribution/videos/phase1/libero_10-task02-state20-H4.wrist.mp4,/home/wjq/workspace/one-clock-icra27-crosssuite-query-allocation/experiments/icra27_phase_d_failure_attribution/videos/phase1/libero_10-task02-state20-ARM4_GRIP32.agent.mp4,/home/wjq/workspace/one-clock-icra27-crosssuite-query-allocation/experiments/icra27_phase_d_failure_attribution/videos/phase1/libero_10-task02-state20-ARM4_GRIP32.wrist.mp4,/home/wjq/workspace/one-clock-icra27-crosssuite-query-allocation/experiments/icra27_phase_d_failure_attribution/videos/phase1_swaps/phase1_h4-libero_10-task02-state20-baseline_arm_plus_treatment_gripper.agent.mp4,/home/wjq/workspace/one-clock-icra27-crosssuite-query-allocation/experiments/icra27_phase_d_failure_attribution/videos/phase1_swaps/phase1_h4-libero_10-task02-state20-baseline_arm_plus_treatment_gripper.wrist.mp4,/home/wjq/workspace/one-clock-icra27-crosssuite-query-allocation/experiments/icra27_phase_d_failure_attribution/videos/phase1_swaps/phase1_h4-libero_10-task02-state20-treatment_arm_plus_baseline_gripper.agent.mp4,/home/wjq/workspace/one-clock-icra27-crosssuite-query-allocation/experiments/icra27_phase_d_failure_attribution/videos/phase1_swaps/phase1_h4-libero_10-task02-state20-treatment_arm_plus_baseline_gripper.wrist.mp4
phase1_h4,libero_10-task02-state25,rescue,2,25,/home/wjq/workspace/one-clock-icra27-crosssuite-query-allocation/experiments/icra27_phase_d_failure_attribution/videos/phase1/libero_10-task02-state25-H4.agent.mp4,/home/wjq/workspace/one-clock-icra27-crosssuite-query-allocation/experiments/icra27_phase_d_failure_attribution/videos/phase1/libero_10-task02-state25-H4.wrist.mp4,/home/wjq/workspace/one-clock-icra27-crosssuite-query-allocation/experiments/icra27_phase_d_failure_attribution/videos/phase1/libero_10-task02-state25-ARM4_GRIP32.agent.mp4,/home/wjq/workspace/one-clock-icra27-crosssuite-query-allocation/experiments/icra27_phase_d_failure_attribution/videos/phase1/libero_10-task02-state25-ARM4_GRIP32.wrist.mp4,/home/wjq/workspace/one-clock-icra27-crosssuite-query-allocation/experiments/icra27_phase_d_failure_attribution/videos/phase1_swaps/phase1_h4-libero_10-task02-state25-baseline_arm_plus_treatment_gripper.agent.mp4,/home/wjq/workspace/one-clock-icra27-crosssuite-query-allocation/experiments/icra27_phase_d_failure_attribution/videos/phase1_swaps/phase1_h4-libero_10-task02-state25-baseline_arm_plus_treatment_gripper.wrist.mp4,/home/wjq/workspace/one-clock-icra27-crosssuite-query-allocation/experiments/icra27_phase_d_failure_attribution/videos/phase1_swaps/phase1_h4-libero_10-task02-state25-treatment_arm_plus_baseline_gripper.agent.mp4,/home/wjq/workspace/one-clock-icra27-crosssuite-query-allocation/experiments/icra27_phase_d_failure_attribution/videos/phase1_swaps/phase1_h4-libero_10-task02-state25-treatment_arm_plus_baseline_gripper.wrist.mp4
phase1_h4,libero_10-task02-state31,rescue,2,31,/home/wjq/workspace/one-clock-icra27-crosssuite-query-allocation/experiments/icra27_phase_d_failure_attribution/videos/phase1/libero_10-task02-state31-H4.agent.mp4,/home/wjq/workspace/one-clock-icra27-crosssuite-query-allocation/experiments/icra27_phase_d_failure_attribution/videos/phase1/libero_10-task02-state31-H4.wrist.mp4,/home/wjq/workspace/one-clock-icra27-crosssuite-query-allocation/experiments/icra27_phase_d_failure_attribution/videos/phase1/libero_10-task02-state31-ARM4_GRIP32.agent.mp4,/home/wjq/workspace/one-clock-icra27-crosssuite-query-allocation/experiments/icra27_phase_d_failure_attribution/videos/phase1/libero_10-task02-state31-ARM4_GRIP32.wrist.mp4,/home/wjq/workspace/one-clock-icra27-crosssuite-query-allocation/experiments/icra27_phase_d_failure_attribution/videos/phase1_swaps/phase1_h4-libero_10-task02-state31-baseline_arm_plus_treatment_gripper.agent.mp4,/home/wjq/workspace/one-clock-icra27-crosssuite-query-allocation/experiments/icra27_phase_d_failure_attribution/videos/phase1_swaps/phase1_h4-libero_10-task02-state31-baseline_arm_plus_treatment_gripper.wrist.mp4,/home/wjq/workspace/one-clock-icra27-crosssuite-query-allocation/experiments/icra27_phase_d_failure_attribution/videos/phase1_swaps/phase1_h4-libero_10-task02-state31-treatment_arm_plus_baseline_gripper.agent.mp4,/home/wjq/workspace/one-clock-icra27-crosssuite-query-allocation/experiments/icra27_phase_d_failure_attribution/videos/phase1_swaps/phase1_h4-libero_10-task02-state31-treatment_arm_plus_baseline_gripper.wrist.mp4
phase1_h4,libero_10-task02-state35,rescue,2,35,/home/wjq/workspace/one-clock-icra27-crosssuite-query-allocation/experiments/icra27_phase_d_failure_attribution/videos/phase1/libero_10-task02-state35-H4.agent.mp4,/home/wjq/workspace/one-clock-icra27-crosssuite-query-allocation/experiments/icra27_phase_d_failure_attribution/videos/phase1/libero_10-task02-state35-H4.wrist.mp4,/home/wjq/workspace/one-clock-icra27-crosssuite-query-allocation/experiments/icra27_phase_d_failure_attribution/videos/phase1/libero_10-task02-state35-ARM4_GRIP32.agent.mp4,/home/wjq/workspace/one-clock-icra27-crosssuite-query-allocation/experiments/icra27_phase_d_failure_attribution/videos/phase1/libero_10-task02-state35-ARM4_GRIP32.wrist.mp4,/home/wjq/workspace/one-clock-icra27-crosssuite-query-allocation/experiments/icra27_phase_d_failure_attribution/videos/phase1_swaps/phase1_h4-libero_10-task02-state35-baseline_arm_plus_treatment_gripper.agent.mp4,/home/wjq/workspace/one-clock-icra27-crosssuite-query-allocation/experiments/icra27_phase_d_failure_attribution/videos/phase1_swaps/phase1_h4-libero_10-task02-state35-baseline_arm_plus_treatment_gripper.wrist.mp4,/home/wjq/workspace/one-clock-icra27-crosssuite-query-allocation/experiments/icra27_phase_d_failure_attribution/videos/phase1_swaps/phase1_h4-libero_10-task02-state35-treatment_arm_plus_baseline_gripper.agent.mp4,/home/wjq/workspace/one-clock-icra27-crosssuite-query-allocation/experiments/icra27_phase_d_failure_attribution/videos/phase1_swaps/phase1_h4-libero_10-task02-state35-treatment_arm_plus_baseline_gripper.wrist.mp4
phase1_h4,libero_10-task02-state36,harm,2,36,/home/wjq/workspace/one-clock-icra27-crosssuite-query-allocation/experiments/icra27_phase_d_failure_attribution/videos/phase1/libero_10-task02-state36-H4.agent.mp4,/home/wjq/workspace/one-clock-icra27-crosssuite-query-allocation/experiments/icra27_phase_d_failure_attribution/videos/phase1/libero_10-task02-state36-H4.wrist.mp4,/home/wjq/workspace/one-clock-icra27-crosssuite-query-allocation/experiments/icra27_phase_d_failure_attribution/videos/phase1/libero_10-task02-state36-ARM4_GRIP32.agent.mp4,/home/wjq/workspace/one-clock-icra27-crosssuite-query-allocation/experiments/icra27_phase_d_failure_attribution/videos/phase1/libero_10-task02-state36-ARM4_GRIP32.wrist.mp4,/home/wjq/workspace/one-clock-icra27-crosssuite-query-allocation/experiments/icra27_phase_d_failure_attribution/videos/phase1_swaps/phase1_h4-libero_10-task02-state36-baseline_arm_plus_treatment_gripper.agent.mp4,/home/wjq/workspace/one-clock-icra27-crosssuite-query-allocation/experiments/icra27_phase_d_failure_attribution/videos/phase1_swaps/phase1_h4-libero_10-task02-state36-baseline_arm_plus_treatment_gripper.wrist.mp4,/home/wjq/workspace/one-clock-icra27-crosssuite-query-allocation/experiments/icra27_phase_d_failure_attribution/videos/phase1_swaps/phase1_h4-libero_10-task02-state36-treatment_arm_plus_baseline_gripper.agent.mp4,/home/wjq/workspace/one-clock-icra27-crosssuite-query-allocation/experiments/icra27_phase_d_failure_attribution/videos/phase1_swaps/phase1_h4-libero_10-task02-state36-treatment_arm_plus_baseline_gripper.wrist.mp4
phase1_h4,libero_10-task02-state41,rescue,2,41,/home/wjq/workspace/one-clock-icra27-crosssuite-query-allocation/experiments/icra27_phase_d_failure_attribution/videos/phase1/libero_10-task02-state41-H4.agent.mp4,/home/wjq/workspace/one-clock-icra27-crosssuite-query-allocation/experiments/icra27_phase_d_failure_attribution/videos/phase1/libero_10-task02-state41-H4.wrist.mp4,/home/wjq/workspace/one-clock-icra27-crosssuite-query-allocation/experiments/icra27_phase_d_failure_attribution/videos/phase1/libero_10-task02-state41-ARM4_GRIP32.agent.mp4,/home/wjq/workspace/one-clock-icra27-crosssuite-query-allocation/experiments/icra27_phase_d_failure_attribution/videos/phase1/libero_10-task02-state41-ARM4_GRIP32.wrist.mp4,/home/wjq/workspace/one-clock-icra27-crosssuite-query-allocation/experiments/icra27_phase_d_failure_attribution/videos/phase1_swaps/phase1_h4-libero_10-task02-state41-baseline_arm_plus_treatment_gripper.agent.mp4,/home/wjq/workspace/one-clock-icra27-crosssuite-query-allocation/experiments/icra27_phase_d_failure_attribution/videos/phase1_swaps/phase1_h4-libero_10-task02-state41-baseline_arm_plus_treatment_gripper.wrist.mp4,/home/wjq/workspace/one-clock-icra27-crosssuite-query-allocation/experiments/icra27_phase_d_failure_attribution/videos/phase1_swaps/phase1_h4-libero_10-task02-state41-treatment_arm_plus_baseline_gripper.agent.mp4,/home/wjq/workspace/one-clock-icra27-crosssuite-query-allocation/experiments/icra27_phase_d_failure_attribution/videos/phase1_swaps/phase1_h4-libero_10-task02-state41-treatment_arm_plus_baseline_gripper.wrist.mp4
phase1_h4,libero_10-task02-state45,rescue,2,45,/home/wjq/workspace/one-clock-icra27-crosssuite-query-allocation/experiments/icra27_phase_d_failure_attribution/videos/phase1/libero_10-task02-state45-H4.agent.mp4,/home/wjq/workspace/one-clock-icra27-crosssuite-query-allocation/experiments/icra27_phase_d_failure_attribution/videos/phase1/libero_10-task02-state45-H4.wrist.mp4,/home/wjq/workspace/one-clock-icra27-crosssuite-query-allocation/experiments/icra27_phase_d_failure_attribution/videos/phase1/libero_10-task02-state45-ARM4_GRIP32.agent.mp4,/home/wjq/workspace/one-clock-icra27-crosssuite-query-allocation/experiments/icra27_phase_d_failure_attribution/videos/phase1/libero_10-task02-state45-ARM4_GRIP32.wrist.mp4,/home/wjq/workspace/one-clock-icra27-crosssuite-query-allocation/experiments/icra27_phase_d_failure_attribution/videos/phase1_swaps/phase1_h4-libero_10-task02-state45-baseline_arm_plus_treatment_gripper.agent.mp4,/home/wjq/workspace/one-clock-icra27-crosssuite-query-allocation/experiments/icra27_phase_d_failure_attribution/videos/phase1_swaps/phase1_h4-libero_10-task02-state45-baseline_arm_plus_treatment_gripper.wrist.mp4,/home/wjq/workspace/one-clock-icra27-crosssuite-query-allocation/experiments/icra27_phase_d_failure_attribution/videos/phase1_swaps/phase1_h4-libero_10-task02-state45-treatment_arm_plus_baseline_gripper.agent.mp4,/home/wjq/workspace/one-clock-icra27-crosssuite-query-allocation/experiments/icra27_phase_d_failure_attribution/videos/phase1_swaps/phase1_h4-libero_10-task02-state45-treatment_arm_plus_baseline_gripper.wrist.mp4
phase1_h4,libero_10-task03-state19,rescue,3,19,/home/wjq/workspace/one-clock-icra27-crosssuite-query-allocation/experiments/icra27_phase_d_failure_attribution/videos/phase1/libero_10-task03-state19-H4.agent.mp4,/home/wjq/workspace/one-clock-icra27-crosssuite-query-allocation/experiments/icra27_phase_d_failure_attribution/videos/phase1/libero_10-task03-state19-H4.wrist.mp4,/home/wjq/workspace/one-clock-icra27-crosssuite-query-allocation/experiments/icra27_phase_d_failure_attribution/videos/phase1/libero_10-task03-state19-ARM4_GRIP32.agent.mp4,/home/wjq/workspace/one-clock-icra27-crosssuite-query-allocation/experiments/icra27_phase_d_failure_attribution/videos/phase1/libero_10-task03-state19-ARM4_GRIP32.wrist.mp4,/home/wjq/workspace/one-clock-icra27-crosssuite-query-allocation/experiments/icra27_phase_d_failure_attribution/videos/phase1_swaps/phase1_h4-libero_10-task03-state19-baseline_arm_plus_treatment_gripper.agent.mp4,/home/wjq/workspace/one-clock-icra27-crosssuite-query-allocation/experiments/icra27_phase_d_failure_attribution/videos/phase1_swaps/phase1_h4-libero_10-task03-state19-baseline_arm_plus_treatment_gripper.wrist.mp4,/home/wjq/workspace/one-clock-icra27-crosssuite-query-allocation/experiments/icra27_phase_d_failure_attribution/videos/phase1_swaps/phase1_h4-libero_10-task03-state19-treatment_arm_plus_baseline_gripper.agent.mp4,/home/wjq/workspace/one-clock-icra27-crosssuite-query-allocation/experiments/icra27_phase_d_failure_attribution/videos/phase1_swaps/phase1_h4-libero_10-task03-state19-treatment_arm_plus_baseline_gripper.wrist.mp4
phase1_h4,libero_10-task03-state21,harm,3,21,/home/wjq/workspace/one-clock-icra27-crosssuite-query-allocation/experiments/icra27_phase_d_failure_attribution/videos/phase1/libero_10-task03-state21-H4.agent.mp4,/home/wjq/workspace/one-clock-icra27-crosssuite-query-allocation/experiments/icra27_phase_d_failure_attribution/videos/phase1/libero_10-task03-state21-H4.wrist.mp4,/home/wjq/workspace/one-clock-icra27-crosssuite-query-allocation/experiments/icra27_phase_d_failure_attribution/videos/phase1/libero_10-task03-state21-ARM4_GRIP32.agent.mp4,/home/wjq/workspace/one-clock-icra27-crosssuite-query-allocation/experiments/icra27_phase_d_failure_attribution/videos/phase1/libero_10-task03-state21-ARM4_GRIP32.wrist.mp4,/home/wjq/workspace/one-clock-icra27-crosssuite-query-allocation/experiments/icra27_phase_d_failure_attribution/videos/phase1_swaps/phase1_h4-libero_10-task03-state21-baseline_arm_plus_treatment_gripper.agent.mp4,/home/wjq/workspace/one-clock-icra27-crosssuite-query-allocation/experiments/icra27_phase_d_failure_attribution/videos/phase1_swaps/phase1_h4-libero_10-task03-state21-baseline_arm_plus_treatment_gripper.wrist.mp4,/home/wjq/workspace/one-clock-icra27-crosssuite-query-allocation/experiments/icra27_phase_d_failure_attribution/videos/phase1_swaps/phase1_h4-libero_10-task03-state21-treatment_arm_plus_baseline_gripper.agent.mp4,/home/wjq/workspace/one-clock-icra27-crosssuite-query-allocation/experiments/icra27_phase_d_failure_attribution/videos/phase1_swaps/phase1_h4-libero_10-task03-state21-treatment_arm_plus_baseline_gripper.wrist.mp4
phase1_h4,libero_10-task03-state24,harm,3,24,/home/wjq/workspace/one-clock-icra27-crosssuite-query-allocation/experiments/icra27_phase_d_failure_attribution/videos/phase1/libero_10-task03-state24-H4.agent.mp4,/home/wjq/workspace/one-clock-icra27-crosssuite-query-allocation/experiments/icra27_phase_d_failure_attribution/videos/phase1/libero_10-task03-state24-H4.wrist.mp4,/home/wjq/workspace/one-clock-icra27-crosssuite-query-allocation/experiments/icra27_phase_d_failure_attribution/videos/phase1/libero_10-task03-state24-ARM4_GRIP32.agent.mp4,/home/wjq/workspace/one-clock-icra27-crosssuite-query-allocation/experiments/icra27_phase_d_failure_attribution/videos/phase1/libero_10-task03-state24-ARM4_GRIP32.wrist.mp4,/home/wjq/workspace/one-clock-icra27-crosssuite-query-allocation/experiments/icra27_phase_d_failure_attribution/videos/phase1_swaps/phase1_h4-libero_10-task03-state24-baseline_arm_plus_treatment_gripper.agent.mp4,/home/wjq/workspace/one-clock-icra27-crosssuite-query-allocation/experiments/icra27_phase_d_failure_attribution/videos/phase1_swaps/phase1_h4-libero_10-task03-state24-baseline_arm_plus_treatment_gripper.wrist.mp4,/home/wjq/workspace/one-clock-icra27-crosssuite-query-allocation/experiments/icra27_phase_d_failure_attribution/videos/phase1_swaps/phase1_h4-libero_10-task03-state24-treatment_arm_plus_baseline_gripper.agent.mp4,/home/wjq/workspace/one-clock-icra27-crosssuite-query-allocation/experiments/icra27_phase_d_failure_attribution/videos/phase1_swaps/phase1_h4-libero_10-task03-state24-treatment_arm_plus_baseline_gripper.wrist.mp4
phase1_h4,libero_10-task03-state25,harm,3,25,/home/wjq/workspace/one-clock-icra27-crosssuite-query-allocation/experiments/icra27_phase_d_failure_attribution/videos/phase1/libero_10-task03-state25-H4.agent.mp4,/home/wjq/workspace/one-clock-icra27-crosssuite-query-allocation/experiments/icra27_phase_d_failure_attribution/videos/phase1/libero_10-task03-state25-H4.wrist.mp4,/home/wjq/workspace/one-clock-icra27-crosssuite-query-allocation/experiments/icra27_phase_d_failure_attribution/videos/phase1/libero_10-task03-state25-ARM4_GRIP32.agent.mp4,/home/wjq/workspace/one-clock-icra27-crosssuite-query-allocation/experiments/icra27_phase_d_failure_attribution/videos/phase1/libero_10-task03-state25-ARM4_GRIP32.wrist.mp4,/home/wjq/workspace/one-clock-icra27-crosssuite-query-allocation/experiments/icra27_phase_d_failure_attribution/videos/phase1_swaps/phase1_h4-libero_10-task03-state25-baseline_arm_plus_treatment_gripper.agent.mp4,/home/wjq/workspace/one-clock-icra27-crosssuite-query-allocation/experiments/icra27_phase_d_failure_attribution/videos/phase1_swaps/phase1_h4-libero_10-task03-state25-baseline_arm_plus_treatment_gripper.wrist.mp4,/home/wjq/workspace/one-clock-icra27-crosssuite-query-allocation/experiments/icra27_phase_d_failure_attribution/videos/phase1_swaps/phase1_h4-libero_10-task03-state25-treatment_arm_plus_baseline_gripper.agent.mp4,/home/wjq/workspace/one-clock-icra27-crosssuite-query-allocation/experiments/icra27_phase_d_failure_attribution/videos/phase1_swaps/phase1_h4-libero_10-task03-state25-treatment_arm_plus_baseline_gripper.wrist.mp4
phase1_h4,libero_10-task03-state29,harm,3,29,/home/wjq/workspace/one-clock-icra27-crosssuite-query-allocation/experiments/icra27_phase_d_failure_attribution/videos/phase1/libero_10-task03-state29-H4.agent.mp4,/home/wjq/workspace/one-clock-icra27-crosssuite-query-allocation/experiments/icra27_phase_d_failure_attribution/videos/phase1/libero_10-task03-state29-H4.wrist.mp4,/home/wjq/workspace/one-clock-icra27-crosssuite-query-allocation/experiments/icra27_phase_d_failure_attribution/videos/phase1/libero_10-task03-state29-ARM4_GRIP32.agent.mp4,/home/wjq/workspace/one-clock-icra27-crosssuite-query-allocation/experiments/icra27_phase_d_failure_attribution/videos/phase1/libero_10-task03-state29-ARM4_GRIP32.wrist.mp4,/home/wjq/workspace/one-clock-icra27-crosssuite-query-allocation/experiments/icra27_phase_d_failure_attribution/videos/phase1_swaps/phase1_h4-libero_10-task03-state29-baseline_arm_plus_treatment_gripper.agent.mp4,/home/wjq/workspace/one-clock-icra27-crosssuite-query-allocation/experiments/icra27_phase_d_failure_attribution/videos/phase1_swaps/phase1_h4-libero_10-task03-state29-baseline_arm_plus_treatment_gripper.wrist.mp4,/home/wjq/workspace/one-clock-icra27-crosssuite-query-allocation/experiments/icra27_phase_d_failure_attribution/videos/phase1_swaps/phase1_h4-libero_10-task03-state29-treatment_arm_plus_baseline_gripper.agent.mp4,/home/wjq/workspace/one-clock-icra27-crosssuite-query-allocation/experiments/icra27_phase_d_failure_attribution/videos/phase1_swaps/phase1_h4-libero_10-task03-state29-treatment_arm_plus_baseline_gripper.wrist.mp4
phase1_h4,libero_10-task03-state40,harm,3,40,/home/wjq/workspace/one-clock-icra27-crosssuite-query-allocation/experiments/icra27_phase_d_failure_attribution/videos/phase1/libero_10-task03-state40-H4.agent.mp4,/home/wjq/workspace/one-clock-icra27-crosssuite-query-allocation/experiments/icra27_phase_d_failure_attribution/videos/phase1/libero_10-task03-state40-H4.wrist.mp4,/home/wjq/workspace/one-clock-icra27-crosssuite-query-allocation/experiments/icra27_phase_d_failure_attribution/videos/phase1/libero_10-task03-state40-ARM4_GRIP32.agent.mp4,/home/wjq/workspace/one-clock-icra27-crosssuite-query-allocation/experiments/icra27_phase_d_failure_attribution/videos/phase1/libero_10-task03-state40-ARM4_GRIP32.wrist.mp4,/home/wjq/workspace/one-clock-icra27-crosssuite-query-allocation/experiments/icra27_phase_d_failure_attribution/videos/phase1_swaps/phase1_h4-libero_10-task03-state40-baseline_arm_plus_treatment_gripper.agent.mp4,/home/wjq/workspace/one-clock-icra27-crosssuite-query-allocation/experiments/icra27_phase_d_failure_attribution/videos/phase1_swaps/phase1_h4-libero_10-task03-state40-baseline_arm_plus_treatment_gripper.wrist.mp4,/home/wjq/workspace/one-clock-icra27-crosssuite-query-allocation/experiments/icra27_phase_d_failure_attribution/videos/phase1_swaps/phase1_h4-libero_10-task03-state40-treatment_arm_plus_baseline_gripper.agent.mp4,/home/wjq/workspace/one-clock-icra27-crosssuite-query-allocation/experiments/icra27_phase_d_failure_attribution/videos/phase1_swaps/phase1_h4-libero_10-task03-state40-treatment_arm_plus_baseline_gripper.wrist.mp4
phase1_h4,libero_10-task03-state41,harm,3,41,/home/wjq/workspace/one-clock-icra27-crosssuite-query-allocation/experiments/icra27_phase_d_failure_attribution/videos/phase1/libero_10-task03-state41-H4.agent.mp4,/home/wjq/workspace/one-clock-icra27-crosssuite-query-allocation/experiments/icra27_phase_d_failure_attribution/videos/phase1/libero_10-task03-state41-H4.wrist.mp4,/home/wjq/workspace/one-clock-icra27-crosssuite-query-allocation/experiments/icra27_phase_d_failure_attribution/videos/phase1/libero_10-task03-state41-ARM4_GRIP32.agent.mp4,/home/wjq/workspace/one-clock-icra27-crosssuite-query-allocation/experiments/icra27_phase_d_failure_attribution/videos/phase1/libero_10-task03-state41-ARM4_GRIP32.wrist.mp4,/home/wjq/workspace/one-clock-icra27-crosssuite-query-allocation/experiments/icra27_phase_d_failure_attribution/videos/phase1_swaps/phase1_h4-libero_10-task03-state41-baseline_arm_plus_treatment_gripper.agent.mp4,/home/wjq/workspace/one-clock-icra27-crosssuite-query-allocation/experiments/icra27_phase_d_failure_attribution/videos/phase1_swaps/phase1_h4-libero_10-task03-state41-baseline_arm_plus_treatment_gripper.wrist.mp4,/home/wjq/workspace/one-clock-icra27-crosssuite-query-allocation/experiments/icra27_phase_d_failure_attribution/videos/phase1_swaps/phase1_h4-libero_10-task03-state41-treatment_arm_plus_baseline_gripper.agent.mp4,/home/wjq/workspace/one-clock-icra27-crosssuite-query-allocation/experiments/icra27_phase_d_failure_attribution/videos/phase1_swaps/phase1_h4-libero_10-task03-state41-treatment_arm_plus_baseline_gripper.wrist.mp4
phase1_h4,libero_10-task04-state17,rescue,4,17,/home/wjq/workspace/one-clock-icra27-crosssuite-query-allocation/experiments/icra27_phase_d_failure_attribution/videos/phase1/libero_10-task04-state17-H4.agent.mp4,/home/wjq/workspace/one-clock-icra27-crosssuite-query-allocation/experiments/icra27_phase_d_failure_attribution/videos/phase1/libero_10-task04-state17-H4.wrist.mp4,/home/wjq/workspace/one-clock-icra27-crosssuite-query-allocation/experiments/icra27_phase_d_failure_attribution/videos/phase1/libero_10-task04-state17-ARM4_GRIP32.agent.mp4,/home/wjq/workspace/one-clock-icra27-crosssuite-query-allocation/experiments/icra27_phase_d_failure_attribution/videos/phase1/libero_10-task04-state17-ARM4_GRIP32.wrist.mp4,/home/wjq/workspace/one-clock-icra27-crosssuite-query-allocation/experiments/icra27_phase_d_failure_attribution/videos/phase1_swaps/phase1_h4-libero_10-task04-state17-baseline_arm_plus_treatment_gripper.agent.mp4,/home/wjq/workspace/one-clock-icra27-crosssuite-query-allocation/experiments/icra27_phase_d_failure_attribution/videos/phase1_swaps/phase1_h4-libero_10-task04-state17-baseline_arm_plus_treatment_gripper.wrist.mp4,/home/wjq/workspace/one-clock-icra27-crosssuite-query-allocation/experiments/icra27_phase_d_failure_attribution/videos/phase1_swaps/phase1_h4-libero_10-task04-state17-treatment_arm_plus_baseline_gripper.agent.mp4,/home/wjq/workspace/one-clock-icra27-crosssuite-query-allocation/experiments/icra27_phase_d_failure_attribution/videos/phase1_swaps/phase1_h4-libero_10-task04-state17-treatment_arm_plus_baseline_gripper.wrist.mp4
phase1_h4,libero_10-task04-state19,rescue,4,19,/home/wjq/workspace/one-clock-icra27-crosssuite-query-allocation/experiments/icra27_phase_d_failure_attribution/videos/phase1/libero_10-task04-state19-H4.agent.mp4,/home/wjq/workspace/one-clock-icra27-crosssuite-query-allocation/experiments/icra27_phase_d_failure_attribution/videos/phase1/libero_10-task04-state19-H4.wrist.mp4,/home/wjq/workspace/one-clock-icra27-crosssuite-query-allocation/experiments/icra27_phase_d_failure_attribution/videos/phase1/libero_10-task04-state19-ARM4_GRIP32.agent.mp4,/home/wjq/workspace/one-clock-icra27-crosssuite-query-allocation/experiments/icra27_phase_d_failure_attribution/videos/phase1/libero_10-task04-state19-ARM4_GRIP32.wrist.mp4,/home/wjq/workspace/one-clock-icra27-crosssuite-query-allocation/experiments/icra27_phase_d_failure_attribution/videos/phase1_swaps/phase1_h4-libero_10-task04-state19-baseline_arm_plus_treatment_gripper.agent.mp4,/home/wjq/workspace/one-clock-icra27-crosssuite-query-allocation/experiments/icra27_phase_d_failure_attribution/videos/phase1_swaps/phase1_h4-libero_10-task04-state19-baseline_arm_plus_treatment_gripper.wrist.mp4,/home/wjq/workspace/one-clock-icra27-crosssuite-query-allocation/experiments/icra27_phase_d_failure_attribution/videos/phase1_swaps/phase1_h4-libero_10-task04-state19-treatment_arm_plus_baseline_gripper.agent.mp4,/home/wjq/workspace/one-clock-icra27-crosssuite-query-allocation/experiments/icra27_phase_d_failure_attribution/videos/phase1_swaps/phase1_h4-libero_10-task04-state19-treatment_arm_plus_baseline_gripper.wrist.mp4
phase1_h4,libero_10-task04-state21,harm,4,21,/home/wjq/workspace/one-clock-icra27-crosssuite-query-allocation/experiments/icra27_phase_d_failure_attribution/videos/phase1/libero_10-task04-state21-H4.agent.mp4,/home/wjq/workspace/one-clock-icra27-crosssuite-query-allocation/experiments/icra27_phase_d_failure_attribution/videos/phase1/libero_10-task04-state21-H4.wrist.mp4,/home/wjq/workspace/one-clock-icra27-crosssuite-query-allocation/experiments/icra27_phase_d_failure_attribution/videos/phase1/libero_10-task04-state21-ARM4_GRIP32.agent.mp4,/home/wjq/workspace/one-clock-icra27-crosssuite-query-allocation/experiments/icra27_phase_d_failure_attribution/videos/phase1/libero_10-task04-state21-ARM4_GRIP32.wrist.mp4,/home/wjq/workspace/one-clock-icra27-crosssuite-query-allocation/experiments/icra27_phase_d_failure_attribution/videos/phase1_swaps/phase1_h4-libero_10-task04-state21-baseline_arm_plus_treatment_gripper.agent.mp4,/home/wjq/workspace/one-clock-icra27-crosssuite-query-allocation/experiments/icra27_phase_d_failure_attribution/videos/phase1_swaps/phase1_h4-libero_10-task04-state21-baseline_arm_plus_treatment_gripper.wrist.mp4,/home/wjq/workspace/one-clock-icra27-crosssuite-query-allocation/experiments/icra27_phase_d_failure_attribution/videos/phase1_swaps/phase1_h4-libero_10-task04-state21-treatment_arm_plus_baseline_gripper.agent.mp4,/home/wjq/workspace/one-clock-icra27-crosssuite-query-allocation/experiments/icra27_phase_d_failure_attribution/videos/phase1_swaps/phase1_h4-libero_10-task04-state21-treatment_arm_plus_baseline_gripper.wrist.mp4
phase1_h4,libero_10-task04-state24,harm,4,24,/home/wjq/workspace/one-clock-icra27-crosssuite-query-allocation/experiments/icra27_phase_d_failure_attribution/videos/phase1/libero_10-task04-state24-H4.agent.mp4,/home/wjq/workspace/one-clock-icra27-crosssuite-query-allocation/experiments/icra27_phase_d_failure_attribution/videos/phase1/libero_10-task04-state24-H4.wrist.mp4,/home/wjq/workspace/one-clock-icra27-crosssuite-query-allocation/experiments/icra27_phase_d_failure_attribution/videos/phase1/libero_10-task04-state24-ARM4_GRIP32.agent.mp4,/home/wjq/workspace/one-clock-icra27-crosssuite-query-allocation/experiments/icra27_phase_d_failure_attribution/videos/phase1/libero_10-task04-state24-ARM4_GRIP32.wrist.mp4,/home/wjq/workspace/one-clock-icra27-crosssuite-query-allocation/experiments/icra27_phase_d_failure_attribution/videos/phase1_swaps/phase1_h4-libero_10-task04-state24-baseline_arm_plus_treatment_gripper.agent.mp4,/home/wjq/workspace/one-clock-icra27-crosssuite-query-allocation/experiments/icra27_phase_d_failure_attribution/videos/phase1_swaps/phase1_h4-libero_10-task04-state24-baseline_arm_plus_treatment_gripper.wrist.mp4,/home/wjq/workspace/one-clock-icra27-crosssuite-query-allocation/experiments/icra27_phase_d_failure_attribution/videos/phase1_swaps/phase1_h4-libero_10-task04-state24-treatment_arm_plus_baseline_gripper.agent.mp4,/home/wjq/workspace/one-clock-icra27-crosssuite-query-allocation/experiments/icra27_phase_d_failure_attribution/videos/phase1_swaps/phase1_h4-libero_10-task04-state24-treatment_arm_plus_baseline_gripper.wrist.mp4
phase1_h4,libero_10-task04-state25,rescue,4,25,/home/wjq/workspace/one-clock-icra27-crosssuite-query-allocation/experiments/icra27_phase_d_failure_attribution/videos/phase1/libero_10-task04-state25-H4.agent.mp4,/home/wjq/workspace/one-clock-icra27-crosssuite-query-allocation/experiments/icra27_phase_d_failure_attribution/videos/phase1/libero_10-task04-state25-H4.wrist.mp4,/home/wjq/workspace/one-clock-icra27-crosssuite-query-allocation/experiments/icra27_phase_d_failure_attribution/videos/phase1/libero_10-task04-state25-ARM4_GRIP32.agent.mp4,/home/wjq/workspace/one-clock-icra27-crosssuite-query-allocation/experiments/icra27_phase_d_failure_attribution/videos/phase1/libero_10-task04-state25-ARM4_GRIP32.wrist.mp4,/home/wjq/workspace/one-clock-icra27-crosssuite-query-allocation/experiments/icra27_phase_d_failure_attribution/videos/phase1_swaps/phase1_h4-libero_10-task04-state25-baseline_arm_plus_treatment_gripper.agent.mp4,/home/wjq/workspace/one-clock-icra27-crosssuite-query-allocation/experiments/icra27_phase_d_failure_attribution/videos/phase1_swaps/phase1_h4-libero_10-task04-state25-baseline_arm_plus_treatment_gripper.wrist.mp4,/home/wjq/workspace/one-clock-icra27-crosssuite-query-allocation/experiments/icra27_phase_d_failure_attribution/videos/phase1_swaps/phase1_h4-libero_10-task04-state25-treatment_arm_plus_baseline_gripper.agent.mp4,/home/wjq/workspace/one-clock-icra27-crosssuite-query-allocation/experiments/icra27_phase_d_failure_attribution/videos/phase1_swaps/phase1_h4-libero_10-task04-state25-treatment_arm_plus_baseline_gripper.wrist.mp4
phase1_h4,libero_10-task04-state28,rescue,4,28,/home/wjq/workspace/one-clock-icra27-crosssuite-query-allocation/experiments/icra27_phase_d_failure_attribution/videos/phase1/libero_10-task04-state28-H4.agent.mp4,/home/wjq/workspace/one-clock-icra27-crosssuite-query-allocation/experiments/icra27_phase_d_failure_attribution/videos/phase1/libero_10-task04-state28-H4.wrist.mp4,/home/wjq/workspace/one-clock-icra27-crosssuite-query-allocation/experiments/icra27_phase_d_failure_attribution/videos/phase1/libero_10-task04-state28-ARM4_GRIP32.agent.mp4,/home/wjq/workspace/one-clock-icra27-crosssuite-query-allocation/experiments/icra27_phase_d_failure_attribution/videos/phase1/libero_10-task04-state28-ARM4_GRIP32.wrist.mp4,/home/wjq/workspace/one-clock-icra27-crosssuite-query-allocation/experiments/icra27_phase_d_failure_attribution/videos/phase1_swaps/phase1_h4-libero_10-task04-state28-baseline_arm_plus_treatment_gripper.agent.mp4,/home/wjq/workspace/one-clock-icra27-crosssuite-query-allocation/experiments/icra27_phase_d_failure_attribution/videos/phase1_swaps/phase1_h4-libero_10-task04-state28-baseline_arm_plus_treatment_gripper.wrist.mp4,/home/wjq/workspace/one-clock-icra27-crosssuite-query-allocation/experiments/icra27_phase_d_failure_attribution/videos/phase1_swaps/phase1_h4-libero_10-task04-state28-treatment_arm_plus_baseline_gripper.agent.mp4,/home/wjq/workspace/one-clock-icra27-crosssuite-query-allocation/experiments/icra27_phase_d_failure_attribution/videos/phase1_swaps/phase1_h4-libero_10-task04-state28-treatment_arm_plus_baseline_gripper.wrist.mp4
phase1_h4,libero_10-task04-state31,rescue,4,31,/home/wjq/workspace/one-clock-icra27-crosssuite-query-allocation/experiments/icra27_phase_d_failure_attribution/videos/phase1/libero_10-task04-state31-H4.agent.mp4,/home/wjq/workspace/one-clock-icra27-crosssuite-query-allocation/experiments/icra27_phase_d_failure_attribution/videos/phase1/libero_10-task04-state31-H4.wrist.mp4,/home/wjq/workspace/one-clock-icra27-crosssuite-query-allocation/experiments/icra27_phase_d_failure_attribution/videos/phase1/libero_10-task04-state31-ARM4_GRIP32.agent.mp4,/home/wjq/workspace/one-clock-icra27-crosssuite-query-allocation/experiments/icra27_phase_d_failure_attribution/videos/phase1/libero_10-task04-state31-ARM4_GRIP32.wrist.mp4,/home/wjq/workspace/one-clock-icra27-crosssuite-query-allocation/experiments/icra27_phase_d_failure_attribution/videos/phase1_swaps/phase1_h4-libero_10-task04-state31-baseline_arm_plus_treatment_gripper.agent.mp4,/home/wjq/workspace/one-clock-icra27-crosssuite-query-allocation/experiments/icra27_phase_d_failure_attribution/videos/phase1_swaps/phase1_h4-libero_10-task04-state31-baseline_arm_plus_treatment_gripper.wrist.mp4,/home/wjq/workspace/one-clock-icra27-crosssuite-query-allocation/experiments/icra27_phase_d_failure_attribution/videos/phase1_swaps/phase1_h4-libero_10-task04-state31-treatment_arm_plus_baseline_gripper.agent.mp4,/home/wjq/workspace/one-clock-icra27-crosssuite-query-allocation/experiments/icra27_phase_d_failure_attribution/videos/phase1_swaps/phase1_h4-libero_10-task04-state31-treatment_arm_plus_baseline_gripper.wrist.mp4
phase1_h4,libero_10-task04-state40,rescue,4,40,/home/wjq/workspace/one-clock-icra27-crosssuite-query-allocation/experiments/icra27_phase_d_failure_attribution/videos/phase1/libero_10-task04-state40-H4.agent.mp4,/home/wjq/workspace/one-clock-icra27-crosssuite-query-allocation/experiments/icra27_phase_d_failure_attribution/videos/phase1/libero_10-task04-state40-H4.wrist.mp4,/home/wjq/workspace/one-clock-icra27-crosssuite-query-allocation/experiments/icra27_phase_d_failure_attribution/videos/phase1/libero_10-task04-state40-ARM4_GRIP32.agent.mp4,/home/wjq/workspace/one-clock-icra27-crosssuite-query-allocation/experiments/icra27_phase_d_failure_attribution/videos/phase1/libero_10-task04-state40-ARM4_GRIP32.wrist.mp4,/home/wjq/workspace/one-clock-icra27-crosssuite-query-allocation/experiments/icra27_phase_d_failure_attribution/videos/phase1_swaps/phase1_h4-libero_10-task04-state40-baseline_arm_plus_treatment_gripper.agent.mp4,/home/wjq/workspace/one-clock-icra27-crosssuite-query-allocation/experiments/icra27_phase_d_failure_attribution/videos/phase1_swaps/phase1_h4-libero_10-task04-state40-baseline_arm_plus_treatment_gripper.wrist.mp4,/home/wjq/workspace/one-clock-icra27-crosssuite-query-allocation/experiments/icra27_phase_d_failure_attribution/videos/phase1_swaps/phase1_h4-libero_10-task04-state40-treatment_arm_plus_baseline_gripper.agent.mp4,/home/wjq/workspace/one-clock-icra27-crosssuite-query-allocation/experiments/icra27_phase_d_failure_attribution/videos/phase1_swaps/phase1_h4-libero_10-task04-state40-treatment_arm_plus_baseline_gripper.wrist.mp4
phase1_h4,libero_10-task04-state41,rescue,4,41,/home/wjq/workspace/one-clock-icra27-crosssuite-query-allocation/experiments/icra27_phase_d_failure_attribution/videos/phase1/libero_10-task04-state41-H4.agent.mp4,/home/wjq/workspace/one-clock-icra27-crosssuite-query-allocation/experiments/icra27_phase_d_failure_attribution/videos/phase1/libero_10-task04-state41-H4.wrist.mp4,/home/wjq/workspace/one-clock-icra27-crosssuite-query-allocation/experiments/icra27_phase_d_failure_attribution/videos/phase1/libero_10-task04-state41-ARM4_GRIP32.agent.mp4,/home/wjq/workspace/one-clock-icra27-crosssuite-query-allocation/experiments/icra27_phase_d_failure_attribution/videos/phase1/libero_10-task04-state41-ARM4_GRIP32.wrist.mp4,/home/wjq/workspace/one-clock-icra27-crosssuite-query-allocation/experiments/icra27_phase_d_failure_attribution/videos/phase1_swaps/phase1_h4-libero_10-task04-state41-baseline_arm_plus_treatment_gripper.agent.mp4,/home/wjq/workspace/one-clock-icra27-crosssuite-query-allocation/experiments/icra27_phase_d_failure_attribution/videos/phase1_swaps/phase1_h4-libero_10-task04-state41-baseline_arm_plus_treatment_gripper.wrist.mp4,/home/wjq/workspace/one-clock-icra27-crosssuite-query-allocation/experiments/icra27_phase_d_failure_attribution/videos/phase1_swaps/phase1_h4-libero_10-task04-state41-treatment_arm_plus_baseline_gripper.agent.mp4,/home/wjq/workspace/one-clock-icra27-crosssuite-query-allocation/experiments/icra27_phase_d_failure_attribution/videos/phase1_swaps/phase1_h4-libero_10-task04-state41-treatment_arm_plus_baseline_gripper.wrist.mp4
phase1_h4,libero_10-task05-state19,rescue,5,19,/home/wjq/workspace/one-clock-icra27-crosssuite-query-allocation/experiments/icra27_phase_d_failure_attribution/videos/phase1/libero_10-task05-state19-H4.agent.mp4,/home/wjq/workspace/one-clock-icra27-crosssuite-query-allocation/experiments/icra27_phase_d_failure_attribution/videos/phase1/libero_10-task05-state19-H4.wrist.mp4,/home/wjq/workspace/one-clock-icra27-crosssuite-query-allocation/experiments/icra27_phase_d_failure_attribution/videos/phase1/libero_10-task05-state19-ARM4_GRIP32.agent.mp4,/home/wjq/workspace/one-clock-icra27-crosssuite-query-allocation/experiments/icra27_phase_d_failure_attribution/videos/phase1/libero_10-task05-state19-ARM4_GRIP32.wrist.mp4,/home/wjq/workspace/one-clock-icra27-crosssuite-query-allocation/experiments/icra27_phase_d_failure_attribution/videos/phase1_swaps/phase1_h4-libero_10-task05-state19-baseline_arm_plus_treatment_gripper.agent.mp4,/home/wjq/workspace/one-clock-icra27-crosssuite-query-allocation/experiments/icra27_phase_d_failure_attribution/videos/phase1_swaps/phase1_h4-libero_10-task05-state19-baseline_arm_plus_treatment_gripper.wrist.mp4,/home/wjq/workspace/one-clock-icra27-crosssuite-query-allocation/experiments/icra27_phase_d_failure_attribution/videos/phase1_swaps/phase1_h4-libero_10-task05-state19-treatment_arm_plus_baseline_gripper.agent.mp4,/home/wjq/workspace/one-clock-icra27-crosssuite-query-allocation/experiments/icra27_phase_d_failure_attribution/videos/phase1_swaps/phase1_h4-libero_10-task05-state19-treatment_arm_plus_baseline_gripper.wrist.mp4
phase1_h4,libero_10-task05-state36,harm,5,36,/home/wjq/workspace/one-clock-icra27-crosssuite-query-allocation/experiments/icra27_phase_d_failure_attribution/videos/phase1/libero_10-task05-state36-H4.agent.mp4,/home/wjq/workspace/one-clock-icra27-crosssuite-query-allocation/experiments/icra27_phase_d_failure_attribution/videos/phase1/libero_10-task05-state36-H4.wrist.mp4,/home/wjq/workspace/one-clock-icra27-crosssuite-query-allocation/experiments/icra27_phase_d_failure_attribution/videos/phase1/libero_10-task05-state36-ARM4_GRIP32.agent.mp4,/home/wjq/workspace/one-clock-icra27-crosssuite-query-allocation/experiments/icra27_phase_d_failure_attribution/videos/phase1/libero_10-task05-state36-ARM4_GRIP32.wrist.mp4,/home/wjq/workspace/one-clock-icra27-crosssuite-query-allocation/experiments/icra27_phase_d_failure_attribution/videos/phase1_swaps/phase1_h4-libero_10-task05-state36-baseline_arm_plus_treatment_gripper.agent.mp4,/home/wjq/workspace/one-clock-icra27-crosssuite-query-allocation/experiments/icra27_phase_d_failure_attribution/videos/phase1_swaps/phase1_h4-libero_10-task05-state36-baseline_arm_plus_treatment_gripper.wrist.mp4,/home/wjq/workspace/one-clock-icra27-crosssuite-query-allocation/experiments/icra27_phase_d_failure_attribution/videos/phase1_swaps/phase1_h4-libero_10-task05-state36-treatment_arm_plus_baseline_gripper.agent.mp4,/home/wjq/workspace/one-clock-icra27-crosssuite-query-allocation/experiments/icra27_phase_d_failure_attribution/videos/phase1_swaps/phase1_h4-libero_10-task05-state36-treatment_arm_plus_baseline_gripper.wrist.mp4
phase1_h4,libero_10-task06-state16,harm,6,16,/home/wjq/workspace/one-clock-icra27-crosssuite-query-allocation/experiments/icra27_phase_d_failure_attribution/videos/phase1/libero_10-task06-state16-H4.agent.mp4,/home/wjq/workspace/one-clock-icra27-crosssuite-query-allocation/experiments/icra27_phase_d_failure_attribution/videos/phase1/libero_10-task06-state16-H4.wrist.mp4,/home/wjq/workspace/one-clock-icra27-crosssuite-query-allocation/experiments/icra27_phase_d_failure_attribution/videos/phase1/libero_10-task06-state16-ARM4_GRIP32.agent.mp4,/home/wjq/workspace/one-clock-icra27-crosssuite-query-allocation/experiments/icra27_phase_d_failure_attribution/videos/phase1/libero_10-task06-state16-ARM4_GRIP32.wrist.mp4,/home/wjq/workspace/one-clock-icra27-crosssuite-query-allocation/experiments/icra27_phase_d_failure_attribution/videos/phase1_swaps/phase1_h4-libero_10-task06-state16-baseline_arm_plus_treatment_gripper.agent.mp4,/home/wjq/workspace/one-clock-icra27-crosssuite-query-allocation/experiments/icra27_phase_d_failure_attribution/videos/phase1_swaps/phase1_h4-libero_10-task06-state16-baseline_arm_plus_treatment_gripper.wrist.mp4,/home/wjq/workspace/one-clock-icra27-crosssuite-query-allocation/experiments/icra27_phase_d_failure_attribution/videos/phase1_swaps/phase1_h4-libero_10-task06-state16-treatment_arm_plus_baseline_gripper.agent.mp4,/home/wjq/workspace/one-clock-icra27-crosssuite-query-allocation/experiments/icra27_phase_d_failure_attribution/videos/phase1_swaps/phase1_h4-libero_10-task06-state16-treatment_arm_plus_baseline_gripper.wrist.mp4
phase1_h4,libero_10-task06-state17,harm,6,17,/home/wjq/workspace/one-clock-icra27-crosssuite-query-allocation/experiments/icra27_phase_d_failure_attribution/videos/phase1/libero_10-task06-state17-H4.agent.mp4,/home/wjq/workspace/one-clock-icra27-crosssuite-query-allocation/experiments/icra27_phase_d_failure_attribution/videos/phase1/libero_10-task06-state17-H4.wrist.mp4,/home/wjq/workspace/one-clock-icra27-crosssuite-query-allocation/experiments/icra27_phase_d_failure_attribution/videos/phase1/libero_10-task06-state17-ARM4_GRIP32.agent.mp4,/home/wjq/workspace/one-clock-icra27-crosssuite-query-allocation/experiments/icra27_phase_d_failure_attribution/videos/phase1/libero_10-task06-state17-ARM4_GRIP32.wrist.mp4,/home/wjq/workspace/one-clock-icra27-crosssuite-query-allocation/experiments/icra27_phase_d_failure_attribution/videos/phase1_swaps/phase1_h4-libero_10-task06-state17-baseline_arm_plus_treatment_gripper.agent.mp4,/home/wjq/workspace/one-clock-icra27-crosssuite-query-allocation/experiments/icra27_phase_d_failure_attribution/videos/phase1_swaps/phase1_h4-libero_10-task06-state17-baseline_arm_plus_treatment_gripper.wrist.mp4,/home/wjq/workspace/one-clock-icra27-crosssuite-query-allocation/experiments/icra27_phase_d_failure_attribution/videos/phase1_swaps/phase1_h4-libero_10-task06-state17-treatment_arm_plus_baseline_gripper.agent.mp4,/home/wjq/workspace/one-clock-icra27-crosssuite-query-allocation/experiments/icra27_phase_d_failure_attribution/videos/phase1_swaps/phase1_h4-libero_10-task06-state17-treatment_arm_plus_baseline_gripper.wrist.mp4
phase1_h4,libero_10-task06-state18,harm,6,18,/home/wjq/workspace/one-clock-icra27-crosssuite-query-allocation/experiments/icra27_phase_d_failure_attribution/videos/phase1/libero_10-task06-state18-H4.agent.mp4,/home/wjq/workspace/one-clock-icra27-crosssuite-query-allocation/experiments/icra27_phase_d_failure_attribution/videos/phase1/libero_10-task06-state18-H4.wrist.mp4,/home/wjq/workspace/one-clock-icra27-crosssuite-query-allocation/experiments/icra27_phase_d_failure_attribution/videos/phase1/libero_10-task06-state18-ARM4_GRIP32.agent.mp4,/home/wjq/workspace/one-clock-icra27-crosssuite-query-allocation/experiments/icra27_phase_d_failure_attribution/videos/phase1/libero_10-task06-state18-ARM4_GRIP32.wrist.mp4,/home/wjq/workspace/one-clock-icra27-crosssuite-query-allocation/experiments/icra27_phase_d_failure_attribution/videos/phase1_swaps/phase1_h4-libero_10-task06-state18-baseline_arm_plus_treatment_gripper.agent.mp4,/home/wjq/workspace/one-clock-icra27-crosssuite-query-allocation/experiments/icra27_phase_d_failure_attribution/videos/phase1_swaps/phase1_h4-libero_10-task06-state18-baseline_arm_plus_treatment_gripper.wrist.mp4,/home/wjq/workspace/one-clock-icra27-crosssuite-query-allocation/experiments/icra27_phase_d_failure_attribution/videos/phase1_swaps/phase1_h4-libero_10-task06-state18-treatment_arm_plus_baseline_gripper.agent.mp4,/home/wjq/workspace/one-clock-icra27-crosssuite-query-allocation/experiments/icra27_phase_d_failure_attribution/videos/phase1_swaps/phase1_h4-libero_10-task06-state18-treatment_arm_plus_baseline_gripper.wrist.mp4
phase1_h4,libero_10-task06-state29,harm,6,29,/home/wjq/workspace/one-clock-icra27-crosssuite-query-allocation/experiments/icra27_phase_d_failure_attribution/videos/phase1/libero_10-task06-state29-H4.agent.mp4,/home/wjq/workspace/one-clock-icra27-crosssuite-query-allocation/experiments/icra27_phase_d_failure_attribution/videos/phase1/libero_10-task06-state29-H4.wrist.mp4,/home/wjq/workspace/one-clock-icra27-crosssuite-query-allocation/experiments/icra27_phase_d_failure_attribution/videos/phase1/libero_10-task06-state29-ARM4_GRIP32.agent.mp4,/home/wjq/workspace/one-clock-icra27-crosssuite-query-allocation/experiments/icra27_phase_d_failure_attribution/videos/phase1/libero_10-task06-state29-ARM4_GRIP32.wrist.mp4,/home/wjq/workspace/one-clock-icra27-crosssuite-query-allocation/experiments/icra27_phase_d_failure_attribution/videos/phase1_swaps/phase1_h4-libero_10-task06-state29-baseline_arm_plus_treatment_gripper.agent.mp4,/home/wjq/workspace/one-clock-icra27-crosssuite-query-allocation/experiments/icra27_phase_d_failure_attribution/videos/phase1_swaps/phase1_h4-libero_10-task06-state29-baseline_arm_plus_treatment_gripper.wrist.mp4,/home/wjq/workspace/one-clock-icra27-crosssuite-query-allocation/experiments/icra27_phase_d_failure_attribution/videos/phase1_swaps/phase1_h4-libero_10-task06-state29-treatment_arm_plus_baseline_gripper.agent.mp4,/home/wjq/workspace/one-clock-icra27-crosssuite-query-allocation/experiments/icra27_phase_d_failure_attribution/videos/phase1_swaps/phase1_h4-libero_10-task06-state29-treatment_arm_plus_baseline_gripper.wrist.mp4
phase1_h4,libero_10-task06-state34,harm,6,34,/home/wjq/workspace/one-clock-icra27-crosssuite-query-allocation/experiments/icra27_phase_d_failure_attribution/videos/phase1/libero_10-task06-state34-H4.agent.mp4,/home/wjq/workspace/one-clock-icra27-crosssuite-query-allocation/experiments/icra27_phase_d_failure_attribution/videos/phase1/libero_10-task06-state34-H4.wrist.mp4,/home/wjq/workspace/one-clock-icra27-crosssuite-query-allocation/experiments/icra27_phase_d_failure_attribution/videos/phase1/libero_10-task06-state34-ARM4_GRIP32.agent.mp4,/home/wjq/workspace/one-clock-icra27-crosssuite-query-allocation/experiments/icra27_phase_d_failure_attribution/videos/phase1/libero_10-task06-state34-ARM4_GRIP32.wrist.mp4,/home/wjq/workspace/one-clock-icra27-crosssuite-query-allocation/experiments/icra27_phase_d_failure_attribution/videos/phase1_swaps/phase1_h4-libero_10-task06-state34-baseline_arm_plus_treatment_gripper.agent.mp4,/home/wjq/workspace/one-clock-icra27-crosssuite-query-allocation/experiments/icra27_phase_d_failure_attribution/videos/phase1_swaps/phase1_h4-libero_10-task06-state34-baseline_arm_plus_treatment_gripper.wrist.mp4,/home/wjq/workspace/one-clock-icra27-crosssuite-query-allocation/experiments/icra27_phase_d_failure_attribution/videos/phase1_swaps/phase1_h4-libero_10-task06-state34-treatment_arm_plus_baseline_gripper.agent.mp4,/home/wjq/workspace/one-clock-icra27-crosssuite-query-allocation/experiments/icra27_phase_d_failure_attribution/videos/phase1_swaps/phase1_h4-libero_10-task06-state34-treatment_arm_plus_baseline_gripper.wrist.mp4
phase1_h4,libero_10-task06-state38,harm,6,38,/home/wjq/workspace/one-clock-icra27-crosssuite-query-allocation/experiments/icra27_phase_d_failure_attribution/videos/phase1/libero_10-task06-state38-H4.agent.mp4,/home/wjq/workspace/one-clock-icra27-crosssuite-query-allocation/experiments/icra27_phase_d_failure_attribution/videos/phase1/libero_10-task06-state38-H4.wrist.mp4,/home/wjq/workspace/one-clock-icra27-crosssuite-query-allocation/experiments/icra27_phase_d_failure_attribution/videos/phase1/libero_10-task06-state38-ARM4_GRIP32.agent.mp4,/home/wjq/workspace/one-clock-icra27-crosssuite-query-allocation/experiments/icra27_phase_d_failure_attribution/videos/phase1/libero_10-task06-state38-ARM4_GRIP32.wrist.mp4,/home/wjq/workspace/one-clock-icra27-crosssuite-query-allocation/experiments/icra27_phase_d_failure_attribution/videos/phase1_swaps/phase1_h4-libero_10-task06-state38-baseline_arm_plus_treatment_gripper.agent.mp4,/home/wjq/workspace/one-clock-icra27-crosssuite-query-allocation/experiments/icra27_phase_d_failure_attribution/videos/phase1_swaps/phase1_h4-libero_10-task06-state38-baseline_arm_plus_treatment_gripper.wrist.mp4,/home/wjq/workspace/one-clock-icra27-crosssuite-query-allocation/experiments/icra27_phase_d_failure_attribution/videos/phase1_swaps/phase1_h4-libero_10-task06-state38-treatment_arm_plus_baseline_gripper.agent.mp4,/home/wjq/workspace/one-clock-icra27-crosssuite-query-allocation/experiments/icra27_phase_d_failure_attribution/videos/phase1_swaps/phase1_h4-libero_10-task06-state38-treatment_arm_plus_baseline_gripper.wrist.mp4
phase1_h4,libero_10-task06-state40,rescue,6,40,/home/wjq/workspace/one-clock-icra27-crosssuite-query-allocation/experiments/icra27_phase_d_failure_attribution/videos/phase1/libero_10-task06-state40-H4.agent.mp4,/home/wjq/workspace/one-clock-icra27-crosssuite-query-allocation/experiments/icra27_phase_d_failure_attribution/videos/phase1/libero_10-task06-state40-H4.wrist.mp4,/home/wjq/workspace/one-clock-icra27-crosssuite-query-allocation/experiments/icra27_phase_d_failure_attribution/videos/phase1/libero_10-task06-state40-ARM4_GRIP32.agent.mp4,/home/wjq/workspace/one-clock-icra27-crosssuite-query-allocation/experiments/icra27_phase_d_failure_attribution/videos/phase1/libero_10-task06-state40-ARM4_GRIP32.wrist.mp4,/home/wjq/workspace/one-clock-icra27-crosssuite-query-allocation/experiments/icra27_phase_d_failure_attribution/videos/phase1_swaps/phase1_h4-libero_10-task06-state40-baseline_arm_plus_treatment_gripper.agent.mp4,/home/wjq/workspace/one-clock-icra27-crosssuite-query-allocation/experiments/icra27_phase_d_failure_attribution/videos/phase1_swaps/phase1_h4-libero_10-task06-state40-baseline_arm_plus_treatment_gripper.wrist.mp4,/home/wjq/workspace/one-clock-icra27-crosssuite-query-allocation/experiments/icra27_phase_d_failure_attribution/videos/phase1_swaps/phase1_h4-libero_10-task06-state40-treatment_arm_plus_baseline_gripper.agent.mp4,/home/wjq/workspace/one-clock-icra27-crosssuite-query-allocation/experiments/icra27_phase_d_failure_attribution/videos/phase1_swaps/phase1_h4-libero_10-task06-state40-treatment_arm_plus_baseline_gripper.wrist.mp4
phase1_h4,libero_10-task06-state49,harm,6,49,/home/wjq/workspace/one-clock-icra27-crosssuite-query-allocation/experiments/icra27_phase_d_failure_attribution/videos/phase1/libero_10-task06-state49-H4.agent.mp4,/home/wjq/workspace/one-clock-icra27-crosssuite-query-allocation/experiments/icra27_phase_d_failure_attribution/videos/phase1/libero_10-task06-state49-H4.wrist.mp4,/home/wjq/workspace/one-clock-icra27-crosssuite-query-allocation/experiments/icra27_phase_d_failure_attribution/videos/phase1/libero_10-task06-state49-ARM4_GRIP32.agent.mp4,/home/wjq/workspace/one-clock-icra27-crosssuite-query-allocation/experiments/icra27_phase_d_failure_attribution/videos/phase1/libero_10-task06-state49-ARM4_GRIP32.wrist.mp4,/home/wjq/workspace/one-clock-icra27-crosssuite-query-allocation/experiments/icra27_phase_d_failure_attribution/videos/phase1_swaps/phase1_h4-libero_10-task06-state49-baseline_arm_plus_treatment_gripper.agent.mp4,/home/wjq/workspace/one-clock-icra27-crosssuite-query-allocation/experiments/icra27_phase_d_failure_attribution/videos/phase1_swaps/phase1_h4-libero_10-task06-state49-baseline_arm_plus_treatment_gripper.wrist.mp4,/home/wjq/workspace/one-clock-icra27-crosssuite-query-allocation/experiments/icra27_phase_d_failure_attribution/videos/phase1_swaps/phase1_h4-libero_10-task06-state49-treatment_arm_plus_baseline_gripper.agent.mp4,/home/wjq/workspace/one-clock-icra27-crosssuite-query-allocation/experiments/icra27_phase_d_failure_attribution/videos/phase1_swaps/phase1_h4-libero_10-task06-state49-treatment_arm_plus_baseline_gripper.wrist.mp4
phase1_h4,libero_10-task07-state15,rescue,7,15,/home/wjq/workspace/one-clock-icra27-crosssuite-query-allocation/experiments/icra27_phase_d_failure_attribution/videos/phase1/libero_10-task07-state15-H4.agent.mp4,/home/wjq/workspace/one-clock-icra27-crosssuite-query-allocation/experiments/icra27_phase_d_failure_attribution/videos/phase1/libero_10-task07-state15-H4.wrist.mp4,/home/wjq/workspace/one-clock-icra27-crosssuite-query-allocation/experiments/icra27_phase_d_failure_attribution/videos/phase1/libero_10-task07-state15-ARM4_GRIP32.agent.mp4,/home/wjq/workspace/one-clock-icra27-crosssuite-query-allocation/experiments/icra27_phase_d_failure_attribution/videos/phase1/libero_10-task07-state15-ARM4_GRIP32.wrist.mp4,/home/wjq/workspace/one-clock-icra27-crosssuite-query-allocation/experiments/icra27_phase_d_failure_attribution/videos/phase1_swaps/phase1_h4-libero_10-task07-state15-baseline_arm_plus_treatment_gripper.agent.mp4,/home/wjq/workspace/one-clock-icra27-crosssuite-query-allocation/experiments/icra27_phase_d_failure_attribution/videos/phase1_swaps/phase1_h4-libero_10-task07-state15-baseline_arm_plus_treatment_gripper.wrist.mp4,/home/wjq/workspace/one-clock-icra27-crosssuite-query-allocation/experiments/icra27_phase_d_failure_attribution/videos/phase1_swaps/phase1_h4-libero_10-task07-state15-treatment_arm_plus_baseline_gripper.agent.mp4,/home/wjq/workspace/one-clock-icra27-crosssuite-query-allocation/experiments/icra27_phase_d_failure_attribution/videos/phase1_swaps/phase1_h4-libero_10-task07-state15-treatment_arm_plus_baseline_gripper.wrist.mp4
phase1_h4,libero_10-task07-state16,rescue,7,16,/home/wjq/workspace/one-clock-icra27-crosssuite-query-allocation/experiments/icra27_phase_d_failure_attribution/videos/phase1/libero_10-task07-state16-H4.agent.mp4,/home/wjq/workspace/one-clock-icra27-crosssuite-query-allocation/experiments/icra27_phase_d_failure_attribution/videos/phase1/libero_10-task07-state16-H4.wrist.mp4,/home/wjq/workspace/one-clock-icra27-crosssuite-query-allocation/experiments/icra27_phase_d_failure_attribution/videos/phase1/libero_10-task07-state16-ARM4_GRIP32.agent.mp4,/home/wjq/workspace/one-clock-icra27-crosssuite-query-allocation/experiments/icra27_phase_d_failure_attribution/videos/phase1/libero_10-task07-state16-ARM4_GRIP32.wrist.mp4,/home/wjq/workspace/one-clock-icra27-crosssuite-query-allocation/experiments/icra27_phase_d_failure_attribution/videos/phase1_swaps/phase1_h4-libero_10-task07-state16-baseline_arm_plus_treatment_gripper.agent.mp4,/home/wjq/workspace/one-clock-icra27-crosssuite-query-allocation/experiments/icra27_phase_d_failure_attribution/videos/phase1_swaps/phase1_h4-libero_10-task07-state16-baseline_arm_plus_treatment_gripper.wrist.mp4,/home/wjq/workspace/one-clock-icra27-crosssuite-query-allocation/experiments/icra27_phase_d_failure_attribution/videos/phase1_swaps/phase1_h4-libero_10-task07-state16-treatment_arm_plus_baseline_gripper.agent.mp4,/home/wjq/workspace/one-clock-icra27-crosssuite-query-allocation/experiments/icra27_phase_d_failure_attribution/videos/phase1_swaps/phase1_h4-libero_10-task07-state16-treatment_arm_plus_baseline_gripper.wrist.mp4
phase1_h4,libero_10-task07-state22,rescue,7,22,/home/wjq/workspace/one-clock-icra27-crosssuite-query-allocation/experiments/icra27_phase_d_failure_attribution/videos/phase1/libero_10-task07-state22-H4.agent.mp4,/home/wjq/workspace/one-clock-icra27-crosssuite-query-allocation/experiments/icra27_phase_d_failure_attribution/videos/phase1/libero_10-task07-state22-H4.wrist.mp4,/home/wjq/workspace/one-clock-icra27-crosssuite-query-allocation/experiments/icra27_phase_d_failure_attribution/videos/phase1/libero_10-task07-state22-ARM4_GRIP32.agent.mp4,/home/wjq/workspace/one-clock-icra27-crosssuite-query-allocation/experiments/icra27_phase_d_failure_attribution/videos/phase1/libero_10-task07-state22-ARM4_GRIP32.wrist.mp4,/home/wjq/workspace/one-clock-icra27-crosssuite-query-allocation/experiments/icra27_phase_d_failure_attribution/videos/phase1_swaps/phase1_h4-libero_10-task07-state22-baseline_arm_plus_treatment_gripper.agent.mp4,/home/wjq/workspace/one-clock-icra27-crosssuite-query-allocation/experiments/icra27_phase_d_failure_attribution/videos/phase1_swaps/phase1_h4-libero_10-task07-state22-baseline_arm_plus_treatment_gripper.wrist.mp4,/home/wjq/workspace/one-clock-icra27-crosssuite-query-allocation/experiments/icra27_phase_d_failure_attribution/videos/phase1_swaps/phase1_h4-libero_10-task07-state22-treatment_arm_plus_baseline_gripper.agent.mp4,/home/wjq/workspace/one-clock-icra27-crosssuite-query-allocation/experiments/icra27_phase_d_failure_attribution/videos/phase1_swaps/phase1_h4-libero_10-task07-state22-treatment_arm_plus_baseline_gripper.wrist.mp4
phase1_h4,libero_10-task07-state24,rescue,7,24,/home/wjq/workspace/one-clock-icra27-crosssuite-query-allocation/experiments/icra27_phase_d_failure_attribution/videos/phase1/libero_10-task07-state24-H4.agent.mp4,/home/wjq/workspace/one-clock-icra27-crosssuite-query-allocation/experiments/icra27_phase_d_failure_attribution/videos/phase1/libero_10-task07-state24-H4.wrist.mp4,/home/wjq/workspace/one-clock-icra27-crosssuite-query-allocation/experiments/icra27_phase_d_failure_attribution/videos/phase1/libero_10-task07-state24-ARM4_GRIP32.agent.mp4,/home/wjq/workspace/one-clock-icra27-crosssuite-query-allocation/experiments/icra27_phase_d_failure_attribution/videos/phase1/libero_10-task07-state24-ARM4_GRIP32.wrist.mp4,/home/wjq/workspace/one-clock-icra27-crosssuite-query-allocation/experiments/icra27_phase_d_failure_attribution/videos/phase1_swaps/phase1_h4-libero_10-task07-state24-baseline_arm_plus_treatment_gripper.agent.mp4,/home/wjq/workspace/one-clock-icra27-crosssuite-query-allocation/experiments/icra27_phase_d_failure_attribution/videos/phase1_swaps/phase1_h4-libero_10-task07-state24-baseline_arm_plus_treatment_gripper.wrist.mp4,/home/wjq/workspace/one-clock-icra27-crosssuite-query-allocation/experiments/icra27_phase_d_failure_attribution/videos/phase1_swaps/phase1_h4-libero_10-task07-state24-treatment_arm_plus_baseline_gripper.agent.mp4,/home/wjq/workspace/one-clock-icra27-crosssuite-query-allocation/experiments/icra27_phase_d_failure_attribution/videos/phase1_swaps/phase1_h4-libero_10-task07-state24-treatment_arm_plus_baseline_gripper.wrist.mp4
phase1_h4,libero_10-task07-state29,rescue,7,29,/home/wjq/workspace/one-clock-icra27-crosssuite-query-allocation/experiments/icra27_phase_d_failure_attribution/videos/phase1/libero_10-task07-state29-H4.agent.mp4,/home/wjq/workspace/one-clock-icra27-crosssuite-query-allocation/experiments/icra27_phase_d_failure_attribution/videos/phase1/libero_10-task07-state29-H4.wrist.mp4,/home/wjq/workspace/one-clock-icra27-crosssuite-query-allocation/experiments/icra27_phase_d_failure_attribution/videos/phase1/libero_10-task07-state29-ARM4_GRIP32.agent.mp4,/home/wjq/workspace/one-clock-icra27-crosssuite-query-allocation/experiments/icra27_phase_d_failure_attribution/videos/phase1/libero_10-task07-state29-ARM4_GRIP32.wrist.mp4,/home/wjq/workspace/one-clock-icra27-crosssuite-query-allocation/experiments/icra27_phase_d_failure_attribution/videos/phase1_swaps/phase1_h4-libero_10-task07-state29-baseline_arm_plus_treatment_gripper.agent.mp4,/home/wjq/workspace/one-clock-icra27-crosssuite-query-allocation/experiments/icra27_phase_d_failure_attribution/videos/phase1_swaps/phase1_h4-libero_10-task07-state29-baseline_arm_plus_treatment_gripper.wrist.mp4,/home/wjq/workspace/one-clock-icra27-crosssuite-query-allocation/experiments/icra27_phase_d_failure_attribution/videos/phase1_swaps/phase1_h4-libero_10-task07-state29-treatment_arm_plus_baseline_gripper.agent.mp4,/home/wjq/workspace/one-clock-icra27-crosssuite-query-allocation/experiments/icra27_phase_d_failure_attribution/videos/phase1_swaps/phase1_h4-libero_10-task07-state29-treatment_arm_plus_baseline_gripper.wrist.mp4
phase1_h4,libero_10-task07-state30,harm,7,30,/home/wjq/workspace/one-clock-icra27-crosssuite-query-allocation/experiments/icra27_phase_d_failure_attribution/videos/phase1/libero_10-task07-state30-H4.agent.mp4,/home/wjq/workspace/one-clock-icra27-crosssuite-query-allocation/experiments/icra27_phase_d_failure_attribution/videos/phase1/libero_10-task07-state30-H4.wrist.mp4,/home/wjq/workspace/one-clock-icra27-crosssuite-query-allocation/experiments/icra27_phase_d_failure_attribution/videos/phase1/libero_10-task07-state30-ARM4_GRIP32.agent.mp4,/home/wjq/workspace/one-clock-icra27-crosssuite-query-allocation/experiments/icra27_phase_d_failure_attribution/videos/phase1/libero_10-task07-state30-ARM4_GRIP32.wrist.mp4,/home/wjq/workspace/one-clock-icra27-crosssuite-query-allocation/experiments/icra27_phase_d_failure_attribution/videos/phase1_swaps/phase1_h4-libero_10-task07-state30-baseline_arm_plus_treatment_gripper.agent.mp4,/home/wjq/workspace/one-clock-icra27-crosssuite-query-allocation/experiments/icra27_phase_d_failure_attribution/videos/phase1_swaps/phase1_h4-libero_10-task07-state30-baseline_arm_plus_treatment_gripper.wrist.mp4,/home/wjq/workspace/one-clock-icra27-crosssuite-query-allocation/experiments/icra27_phase_d_failure_attribution/videos/phase1_swaps/phase1_h4-libero_10-task07-state30-treatment_arm_plus_baseline_gripper.agent.mp4,/home/wjq/workspace/one-clock-icra27-crosssuite-query-allocation/experiments/icra27_phase_d_failure_attribution/videos/phase1_swaps/phase1_h4-libero_10-task07-state30-treatment_arm_plus_baseline_gripper.wrist.mp4
phase1_h4,libero_10-task07-state42,rescue,7,42,/home/wjq/workspace/one-clock-icra27-crosssuite-query-allocation/experiments/icra27_phase_d_failure_attribution/videos/phase1/libero_10-task07-state42-H4.agent.mp4,/home/wjq/workspace/one-clock-icra27-crosssuite-query-allocation/experiments/icra27_phase_d_failure_attribution/videos/phase1/libero_10-task07-state42-H4.wrist.mp4,/home/wjq/workspace/one-clock-icra27-crosssuite-query-allocation/experiments/icra27_phase_d_failure_attribution/videos/phase1/libero_10-task07-state42-ARM4_GRIP32.agent.mp4,/home/wjq/workspace/one-clock-icra27-crosssuite-query-allocation/experiments/icra27_phase_d_failure_attribution/videos/phase1/libero_10-task07-state42-ARM4_GRIP32.wrist.mp4,/home/wjq/workspace/one-clock-icra27-crosssuite-query-allocation/experiments/icra27_phase_d_failure_attribution/videos/phase1_swaps/phase1_h4-libero_10-task07-state42-baseline_arm_plus_treatment_gripper.agent.mp4,/home/wjq/workspace/one-clock-icra27-crosssuite-query-allocation/experiments/icra27_phase_d_failure_attribution/videos/phase1_swaps/phase1_h4-libero_10-task07-state42-baseline_arm_plus_treatment_gripper.wrist.mp4,/home/wjq/workspace/one-clock-icra27-crosssuite-query-allocation/experiments/icra27_phase_d_failure_attribution/videos/phase1_swaps/phase1_h4-libero_10-task07-state42-treatment_arm_plus_baseline_gripper.agent.mp4,/home/wjq/workspace/one-clock-icra27-crosssuite-query-allocation/experiments/icra27_phase_d_failure_attribution/videos/phase1_swaps/phase1_h4-libero_10-task07-state42-treatment_arm_plus_baseline_gripper.wrist.mp4
phase1_h4,libero_10-task08-state15,rescue,8,15,/home/wjq/workspace/one-clock-icra27-crosssuite-query-allocation/experiments/icra27_phase_d_failure_attribution/videos/phase1/libero_10-task08-state15-H4.agent.mp4,/home/wjq/workspace/one-clock-icra27-crosssuite-query-allocation/experiments/icra27_phase_d_failure_attribution/videos/phase1/libero_10-task08-state15-H4.wrist.mp4,/home/wjq/workspace/one-clock-icra27-crosssuite-query-allocation/experiments/icra27_phase_d_failure_attribution/videos/phase1/libero_10-task08-state15-ARM4_GRIP32.agent.mp4,/home/wjq/workspace/one-clock-icra27-crosssuite-query-allocation/experiments/icra27_phase_d_failure_attribution/videos/phase1/libero_10-task08-state15-ARM4_GRIP32.wrist.mp4,/home/wjq/workspace/one-clock-icra27-crosssuite-query-allocation/experiments/icra27_phase_d_failure_attribution/videos/phase1_swaps/phase1_h4-libero_10-task08-state15-baseline_arm_plus_treatment_gripper.agent.mp4,/home/wjq/workspace/one-clock-icra27-crosssuite-query-allocation/experiments/icra27_phase_d_failure_attribution/videos/phase1_swaps/phase1_h4-libero_10-task08-state15-baseline_arm_plus_treatment_gripper.wrist.mp4,/home/wjq/workspace/one-clock-icra27-crosssuite-query-allocation/experiments/icra27_phase_d_failure_attribution/videos/phase1_swaps/phase1_h4-libero_10-task08-state15-treatment_arm_plus_baseline_gripper.agent.mp4,/home/wjq/workspace/one-clock-icra27-crosssuite-query-allocation/experiments/icra27_phase_d_failure_attribution/videos/phase1_swaps/phase1_h4-libero_10-task08-state15-treatment_arm_plus_baseline_gripper.wrist.mp4
phase1_h4,libero_10-task08-state16,rescue,8,16,/home/wjq/workspace/one-clock-icra27-crosssuite-query-allocation/experiments/icra27_phase_d_failure_attribution/videos/phase1/libero_10-task08-state16-H4.agent.mp4,/home/wjq/workspace/one-clock-icra27-crosssuite-query-allocation/experiments/icra27_phase_d_failure_attribution/videos/phase1/libero_10-task08-state16-H4.wrist.mp4,/home/wjq/workspace/one-clock-icra27-crosssuite-query-allocation/experiments/icra27_phase_d_failure_attribution/videos/phase1/libero_10-task08-state16-ARM4_GRIP32.agent.mp4,/home/wjq/workspace/one-clock-icra27-crosssuite-query-allocation/experiments/icra27_phase_d_failure_attribution/videos/phase1/libero_10-task08-state16-ARM4_GRIP32.wrist.mp4,/home/wjq/workspace/one-clock-icra27-crosssuite-query-allocation/experiments/icra27_phase_d_failure_attribution/videos/phase1_swaps/phase1_h4-libero_10-task08-state16-baseline_arm_plus_treatment_gripper.agent.mp4,/home/wjq/workspace/one-clock-icra27-crosssuite-query-allocation/experiments/icra27_phase_d_failure_attribution/videos/phase1_swaps/phase1_h4-libero_10-task08-state16-baseline_arm_plus_treatment_gripper.wrist.mp4,/home/wjq/workspace/one-clock-icra27-crosssuite-query-allocation/experiments/icra27_phase_d_failure_attribution/videos/phase1_swaps/phase1_h4-libero_10-task08-state16-treatment_arm_plus_baseline_gripper.agent.mp4,/home/wjq/workspace/one-clock-icra27-crosssuite-query-allocation/experiments/icra27_phase_d_failure_attribution/videos/phase1_swaps/phase1_h4-libero_10-task08-state16-treatment_arm_plus_baseline_gripper.wrist.mp4
phase1_h4,libero_10-task08-state26,rescue,8,26,/home/wjq/workspace/one-clock-icra27-crosssuite-query-allocation/experiments/icra27_phase_d_failure_attribution/videos/phase1/libero_10-task08-state26-H4.agent.mp4,/home/wjq/workspace/one-clock-icra27-crosssuite-query-allocation/experiments/icra27_phase_d_failure_attribution/videos/phase1/libero_10-task08-state26-H4.wrist.mp4,/home/wjq/workspace/one-clock-icra27-crosssuite-query-allocation/experiments/icra27_phase_d_failure_attribution/videos/phase1/libero_10-task08-state26-ARM4_GRIP32.agent.mp4,/home/wjq/workspace/one-clock-icra27-crosssuite-query-allocation/experiments/icra27_phase_d_failure_attribution/videos/phase1/libero_10-task08-state26-ARM4_GRIP32.wrist.mp4,/home/wjq/workspace/one-clock-icra27-crosssuite-query-allocation/experiments/icra27_phase_d_failure_attribution/videos/phase1_swaps/phase1_h4-libero_10-task08-state26-baseline_arm_plus_treatment_gripper.agent.mp4,/home/wjq/workspace/one-clock-icra27-crosssuite-query-allocation/experiments/icra27_phase_d_failure_attribution/videos/phase1_swaps/phase1_h4-libero_10-task08-state26-baseline_arm_plus_treatment_gripper.wrist.mp4,/home/wjq/workspace/one-clock-icra27-crosssuite-query-allocation/experiments/icra27_phase_d_failure_attribution/videos/phase1_swaps/phase1_h4-libero_10-task08-state26-treatment_arm_plus_baseline_gripper.agent.mp4,/home/wjq/workspace/one-clock-icra27-crosssuite-query-allocation/experiments/icra27_phase_d_failure_attribution/videos/phase1_swaps/phase1_h4-libero_10-task08-state26-treatment_arm_plus_baseline_gripper.wrist.mp4
phase1_h4,libero_10-task08-state27,rescue,8,27,/home/wjq/workspace/one-clock-icra27-crosssuite-query-allocation/experiments/icra27_phase_d_failure_attribution/videos/phase1/libero_10-task08-state27-H4.agent.mp4,/home/wjq/workspace/one-clock-icra27-crosssuite-query-allocation/experiments/icra27_phase_d_failure_attribution/videos/phase1/libero_10-task08-state27-H4.wrist.mp4,/home/wjq/workspace/one-clock-icra27-crosssuite-query-allocation/experiments/icra27_phase_d_failure_attribution/videos/phase1/libero_10-task08-state27-ARM4_GRIP32.agent.mp4,/home/wjq/workspace/one-clock-icra27-crosssuite-query-allocation/experiments/icra27_phase_d_failure_attribution/videos/phase1/libero_10-task08-state27-ARM4_GRIP32.wrist.mp4,/home/wjq/workspace/one-clock-icra27-crosssuite-query-allocation/experiments/icra27_phase_d_failure_attribution/videos/phase1_swaps/phase1_h4-libero_10-task08-state27-baseline_arm_plus_treatment_gripper.agent.mp4,/home/wjq/workspace/one-clock-icra27-crosssuite-query-allocation/experiments/icra27_phase_d_failure_attribution/videos/phase1_swaps/phase1_h4-libero_10-task08-state27-baseline_arm_plus_treatment_gripper.wrist.mp4,/home/wjq/workspace/one-clock-icra27-crosssuite-query-allocation/experiments/icra27_phase_d_failure_attribution/videos/phase1_swaps/phase1_h4-libero_10-task08-state27-treatment_arm_plus_baseline_gripper.agent.mp4,/home/wjq/workspace/one-clock-icra27-crosssuite-query-allocation/experiments/icra27_phase_d_failure_attribution/videos/phase1_swaps/phase1_h4-libero_10-task08-state27-treatment_arm_plus_baseline_gripper.wrist.mp4
phase1_h4,libero_10-task08-state29,rescue,8,29,/home/wjq/workspace/one-clock-icra27-crosssuite-query-allocation/experiments/icra27_phase_d_failure_attribution/videos/phase1/libero_10-task08-state29-H4.agent.mp4,/home/wjq/workspace/one-clock-icra27-crosssuite-query-allocation/experiments/icra27_phase_d_failure_attribution/videos/phase1/libero_10-task08-state29-H4.wrist.mp4,/home/wjq/workspace/one-clock-icra27-crosssuite-query-allocation/experiments/icra27_phase_d_failure_attribution/videos/phase1/libero_10-task08-state29-ARM4_GRIP32.agent.mp4,/home/wjq/workspace/one-clock-icra27-crosssuite-query-allocation/experiments/icra27_phase_d_failure_attribution/videos/phase1/libero_10-task08-state29-ARM4_GRIP32.wrist.mp4,/home/wjq/workspace/one-clock-icra27-crosssuite-query-allocation/experiments/icra27_phase_d_failure_attribution/videos/phase1_swaps/phase1_h4-libero_10-task08-state29-baseline_arm_plus_treatment_gripper.agent.mp4,/home/wjq/workspace/one-clock-icra27-crosssuite-query-allocation/experiments/icra27_phase_d_failure_attribution/videos/phase1_swaps/phase1_h4-libero_10-task08-state29-baseline_arm_plus_treatment_gripper.wrist.mp4,/home/wjq/workspace/one-clock-icra27-crosssuite-query-allocation/experiments/icra27_phase_d_failure_attribution/videos/phase1_swaps/phase1_h4-libero_10-task08-state29-treatment_arm_plus_baseline_gripper.agent.mp4,/home/wjq/workspace/one-clock-icra27-crosssuite-query-allocation/experiments/icra27_phase_d_failure_attribution/videos/phase1_swaps/phase1_h4-libero_10-task08-state29-treatment_arm_plus_baseline_gripper.wrist.mp4
phase1_h4,libero_10-task08-state31,rescue,8,31,/home/wjq/workspace/one-clock-icra27-crosssuite-query-allocation/experiments/icra27_phase_d_failure_attribution/videos/phase1/libero_10-task08-state31-H4.agent.mp4,/home/wjq/workspace/one-clock-icra27-crosssuite-query-allocation/experiments/icra27_phase_d_failure_attribution/videos/phase1/libero_10-task08-state31-H4.wrist.mp4,/home/wjq/workspace/one-clock-icra27-crosssuite-query-allocation/experiments/icra27_phase_d_failure_attribution/videos/phase1/libero_10-task08-state31-ARM4_GRIP32.agent.mp4,/home/wjq/workspace/one-clock-icra27-crosssuite-query-allocation/experiments/icra27_phase_d_failure_attribution/videos/phase1/libero_10-task08-state31-ARM4_GRIP32.wrist.mp4,/home/wjq/workspace/one-clock-icra27-crosssuite-query-allocation/experiments/icra27_phase_d_failure_attribution/videos/phase1_swaps/phase1_h4-libero_10-task08-state31-baseline_arm_plus_treatment_gripper.agent.mp4,/home/wjq/workspace/one-clock-icra27-crosssuite-query-allocation/experiments/icra27_phase_d_failure_attribution/videos/phase1_swaps/phase1_h4-libero_10-task08-state31-baseline_arm_plus_treatment_gripper.wrist.mp4,/home/wjq/workspace/one-clock-icra27-crosssuite-query-allocation/experiments/icra27_phase_d_failure_attribution/videos/phase1_swaps/phase1_h4-libero_10-task08-state31-treatment_arm_plus_baseline_gripper.agent.mp4,/home/wjq/workspace/one-clock-icra27-crosssuite-query-allocation/experiments/icra27_phase_d_failure_attribution/videos/phase1_swaps/phase1_h4-libero_10-task08-state31-treatment_arm_plus_baseline_gripper.wrist.mp4
phase1_h4,libero_10-task08-state32,rescue,8,32,/home/wjq/workspace/one-clock-icra27-crosssuite-query-allocation/experiments/icra27_phase_d_failure_attribution/videos/phase1/libero_10-task08-state32-H4.agent.mp4,/home/wjq/workspace/one-clock-icra27-crosssuite-query-allocation/experiments/icra27_phase_d_failure_attribution/videos/phase1/libero_10-task08-state32-H4.wrist.mp4,/home/wjq/workspace/one-clock-icra27-crosssuite-query-allocation/experiments/icra27_phase_d_failure_attribution/videos/phase1/libero_10-task08-state32-ARM4_GRIP32.agent.mp4,/home/wjq/workspace/one-clock-icra27-crosssuite-query-allocation/experiments/icra27_phase_d_failure_attribution/videos/phase1/libero_10-task08-state32-ARM4_GRIP32.wrist.mp4,/home/wjq/workspace/one-clock-icra27-crosssuite-query-allocation/experiments/icra27_phase_d_failure_attribution/videos/phase1_swaps/phase1_h4-libero_10-task08-state32-baseline_arm_plus_treatment_gripper.agent.mp4,/home/wjq/workspace/one-clock-icra27-crosssuite-query-allocation/experiments/icra27_phase_d_failure_attribution/videos/phase1_swaps/phase1_h4-libero_10-task08-state32-baseline_arm_plus_treatment_gripper.wrist.mp4,/home/wjq/workspace/one-clock-icra27-crosssuite-query-allocation/experiments/icra27_phase_d_failure_attribution/videos/phase1_swaps/phase1_h4-libero_10-task08-state32-treatment_arm_plus_baseline_gripper.agent.mp4,/home/wjq/workspace/one-clock-icra27-crosssuite-query-allocation/experiments/icra27_phase_d_failure_attribution/videos/phase1_swaps/phase1_h4-libero_10-task08-state32-treatment_arm_plus_baseline_gripper.wrist.mp4
phase1_h4,libero_10-task08-state38,rescue,8,38,/home/wjq/workspace/one-clock-icra27-crosssuite-query-allocation/experiments/icra27_phase_d_failure_attribution/videos/phase1/libero_10-task08-state38-H4.agent.mp4,/home/wjq/workspace/one-clock-icra27-crosssuite-query-allocation/experiments/icra27_phase_d_failure_attribution/videos/phase1/libero_10-task08-state38-H4.wrist.mp4,/home/wjq/workspace/one-clock-icra27-crosssuite-query-allocation/experiments/icra27_phase_d_failure_attribution/videos/phase1/libero_10-task08-state38-ARM4_GRIP32.agent.mp4,/home/wjq/workspace/one-clock-icra27-crosssuite-query-allocation/experiments/icra27_phase_d_failure_attribution/videos/phase1/libero_10-task08-state38-ARM4_GRIP32.wrist.mp4,/home/wjq/workspace/one-clock-icra27-crosssuite-query-allocation/experiments/icra27_phase_d_failure_attribution/videos/phase1_swaps/phase1_h4-libero_10-task08-state38-baseline_arm_plus_treatment_gripper.agent.mp4,/home/wjq/workspace/one-clock-icra27-crosssuite-query-allocation/experiments/icra27_phase_d_failure_attribution/videos/phase1_swaps/phase1_h4-libero_10-task08-state38-baseline_arm_plus_treatment_gripper.wrist.mp4,/home/wjq/workspace/one-clock-icra27-crosssuite-query-allocation/experiments/icra27_phase_d_failure_attribution/videos/phase1_swaps/phase1_h4-libero_10-task08-state38-treatment_arm_plus_baseline_gripper.agent.mp4,/home/wjq/workspace/one-clock-icra27-crosssuite-query-allocation/experiments/icra27_phase_d_failure_attribution/videos/phase1_swaps/phase1_h4-libero_10-task08-state38-treatment_arm_plus_baseline_gripper.wrist.mp4
phase1_h4,libero_10-task09-state15,rescue,9,15,/home/wjq/workspace/one-clock-icra27-crosssuite-query-allocation/experiments/icra27_phase_d_failure_attribution/videos/phase1/libero_10-task09-state15-H4.agent.mp4,/home/wjq/workspace/one-clock-icra27-crosssuite-query-allocation/experiments/icra27_phase_d_failure_attribution/videos/phase1/libero_10-task09-state15-H4.wrist.mp4,/home/wjq/workspace/one-clock-icra27-crosssuite-query-allocation/experiments/icra27_phase_d_failure_attribution/videos/phase1/libero_10-task09-state15-ARM4_GRIP32.agent.mp4,/home/wjq/workspace/one-clock-icra27-crosssuite-query-allocation/experiments/icra27_phase_d_failure_attribution/videos/phase1/libero_10-task09-state15-ARM4_GRIP32.wrist.mp4,/home/wjq/workspace/one-clock-icra27-crosssuite-query-allocation/experiments/icra27_phase_d_failure_attribution/videos/phase1_swaps/phase1_h4-libero_10-task09-state15-baseline_arm_plus_treatment_gripper.agent.mp4,/home/wjq/workspace/one-clock-icra27-crosssuite-query-allocation/experiments/icra27_phase_d_failure_attribution/videos/phase1_swaps/phase1_h4-libero_10-task09-state15-baseline_arm_plus_treatment_gripper.wrist.mp4,/home/wjq/workspace/one-clock-icra27-crosssuite-query-allocation/experiments/icra27_phase_d_failure_attribution/videos/phase1_swaps/phase1_h4-libero_10-task09-state15-treatment_arm_plus_baseline_gripper.agent.mp4,/home/wjq/workspace/one-clock-icra27-crosssuite-query-allocation/experiments/icra27_phase_d_failure_attribution/videos/phase1_swaps/phase1_h4-libero_10-task09-state15-treatment_arm_plus_baseline_gripper.wrist.mp4
phase1_h4,libero_10-task09-state16,rescue,9,16,/home/wjq/workspace/one-clock-icra27-crosssuite-query-allocation/experiments/icra27_phase_d_failure_attribution/videos/phase1/libero_10-task09-state16-H4.agent.mp4,/home/wjq/workspace/one-clock-icra27-crosssuite-query-allocation/experiments/icra27_phase_d_failure_attribution/videos/phase1/libero_10-task09-state16-H4.wrist.mp4,/home/wjq/workspace/one-clock-icra27-crosssuite-query-allocation/experiments/icra27_phase_d_failure_attribution/videos/phase1/libero_10-task09-state16-ARM4_GRIP32.agent.mp4,/home/wjq/workspace/one-clock-icra27-crosssuite-query-allocation/experiments/icra27_phase_d_failure_attribution/videos/phase1/libero_10-task09-state16-ARM4_GRIP32.wrist.mp4,/home/wjq/workspace/one-clock-icra27-crosssuite-query-allocation/experiments/icra27_phase_d_failure_attribution/videos/phase1_swaps/phase1_h4-libero_10-task09-state16-baseline_arm_plus_treatment_gripper.agent.mp4,/home/wjq/workspace/one-clock-icra27-crosssuite-query-allocation/experiments/icra27_phase_d_failure_attribution/videos/phase1_swaps/phase1_h4-libero_10-task09-state16-baseline_arm_plus_treatment_gripper.wrist.mp4,/home/wjq/workspace/one-clock-icra27-crosssuite-query-allocation/experiments/icra27_phase_d_failure_attribution/videos/phase1_swaps/phase1_h4-libero_10-task09-state16-treatment_arm_plus_baseline_gripper.agent.mp4,/home/wjq/workspace/one-clock-icra27-crosssuite-query-allocation/experiments/icra27_phase_d_failure_attribution/videos/phase1_swaps/phase1_h4-libero_10-task09-state16-treatment_arm_plus_baseline_gripper.wrist.mp4
phase1_h4,libero_10-task09-state18,rescue,9,18,/home/wjq/workspace/one-clock-icra27-crosssuite-query-allocation/experiments/icra27_phase_d_failure_attribution/videos/phase1/libero_10-task09-state18-H4.agent.mp4,/home/wjq/workspace/one-clock-icra27-crosssuite-query-allocation/experiments/icra27_phase_d_failure_attribution/videos/phase1/libero_10-task09-state18-H4.wrist.mp4,/home/wjq/workspace/one-clock-icra27-crosssuite-query-allocation/experiments/icra27_phase_d_failure_attribution/videos/phase1/libero_10-task09-state18-ARM4_GRIP32.agent.mp4,/home/wjq/workspace/one-clock-icra27-crosssuite-query-allocation/experiments/icra27_phase_d_failure_attribution/videos/phase1/libero_10-task09-state18-ARM4_GRIP32.wrist.mp4,/home/wjq/workspace/one-clock-icra27-crosssuite-query-allocation/experiments/icra27_phase_d_failure_attribution/videos/phase1_swaps/phase1_h4-libero_10-task09-state18-baseline_arm_plus_treatment_gripper.agent.mp4,/home/wjq/workspace/one-clock-icra27-crosssuite-query-allocation/experiments/icra27_phase_d_failure_attribution/videos/phase1_swaps/phase1_h4-libero_10-task09-state18-baseline_arm_plus_treatment_gripper.wrist.mp4,/home/wjq/workspace/one-clock-icra27-crosssuite-query-allocation/experiments/icra27_phase_d_failure_attribution/videos/phase1_swaps/phase1_h4-libero_10-task09-state18-treatment_arm_plus_baseline_gripper.agent.mp4,/home/wjq/workspace/one-clock-icra27-crosssuite-query-allocation/experiments/icra27_phase_d_failure_attribution/videos/phase1_swaps/phase1_h4-libero_10-task09-state18-treatment_arm_plus_baseline_gripper.wrist.mp4
phase1_h4,libero_10-task09-state23,rescue,9,23,/home/wjq/workspace/one-clock-icra27-crosssuite-query-allocation/experiments/icra27_phase_d_failure_attribution/videos/phase1/libero_10-task09-state23-H4.agent.mp4,/home/wjq/workspace/one-clock-icra27-crosssuite-query-allocation/experiments/icra27_phase_d_failure_attribution/videos/phase1/libero_10-task09-state23-H4.wrist.mp4,/home/wjq/workspace/one-clock-icra27-crosssuite-query-allocation/experiments/icra27_phase_d_failure_attribution/videos/phase1/libero_10-task09-state23-ARM4_GRIP32.agent.mp4,/home/wjq/workspace/one-clock-icra27-crosssuite-query-allocation/experiments/icra27_phase_d_failure_attribution/videos/phase1/libero_10-task09-state23-ARM4_GRIP32.wrist.mp4,/home/wjq/workspace/one-clock-icra27-crosssuite-query-allocation/experiments/icra27_phase_d_failure_attribution/videos/phase1_swaps/phase1_h4-libero_10-task09-state23-baseline_arm_plus_treatment_gripper.agent.mp4,/home/wjq/workspace/one-clock-icra27-crosssuite-query-allocation/experiments/icra27_phase_d_failure_attribution/videos/phase1_swaps/phase1_h4-libero_10-task09-state23-baseline_arm_plus_treatment_gripper.wrist.mp4,/home/wjq/workspace/one-clock-icra27-crosssuite-query-allocation/experiments/icra27_phase_d_failure_attribution/videos/phase1_swaps/phase1_h4-libero_10-task09-state23-treatment_arm_plus_baseline_gripper.agent.mp4,/home/wjq/workspace/one-clock-icra27-crosssuite-query-allocation/experiments/icra27_phase_d_failure_attribution/videos/phase1_swaps/phase1_h4-libero_10-task09-state23-treatment_arm_plus_baseline_gripper.wrist.mp4
phase1_h4,libero_10-task09-state29,harm,9,29,/home/wjq/workspace/one-clock-icra27-crosssuite-query-allocation/experiments/icra27_phase_d_failure_attribution/videos/phase1/libero_10-task09-state29-H4.agent.mp4,/home/wjq/workspace/one-clock-icra27-crosssuite-query-allocation/experiments/icra27_phase_d_failure_attribution/videos/phase1/libero_10-task09-state29-H4.wrist.mp4,/home/wjq/workspace/one-clock-icra27-crosssuite-query-allocation/experiments/icra27_phase_d_failure_attribution/videos/phase1/libero_10-task09-state29-ARM4_GRIP32.agent.mp4,/home/wjq/workspace/one-clock-icra27-crosssuite-query-allocation/experiments/icra27_phase_d_failure_attribution/videos/phase1/libero_10-task09-state29-ARM4_GRIP32.wrist.mp4,/home/wjq/workspace/one-clock-icra27-crosssuite-query-allocation/experiments/icra27_phase_d_failure_attribution/videos/phase1_swaps/phase1_h4-libero_10-task09-state29-baseline_arm_plus_treatment_gripper.agent.mp4,/home/wjq/workspace/one-clock-icra27-crosssuite-query-allocation/experiments/icra27_phase_d_failure_attribution/videos/phase1_swaps/phase1_h4-libero_10-task09-state29-baseline_arm_plus_treatment_gripper.wrist.mp4,/home/wjq/workspace/one-clock-icra27-crosssuite-query-allocation/experiments/icra27_phase_d_failure_attribution/videos/phase1_swaps/phase1_h4-libero_10-task09-state29-treatment_arm_plus_baseline_gripper.agent.mp4,/home/wjq/workspace/one-clock-icra27-crosssuite-query-allocation/experiments/icra27_phase_d_failure_attribution/videos/phase1_swaps/phase1_h4-libero_10-task09-state29-treatment_arm_plus_baseline_gripper.wrist.mp4
phase1_h4,libero_10-task09-state30,rescue,9,30,/home/wjq/workspace/one-clock-icra27-crosssuite-query-allocation/experiments/icra27_phase_d_failure_attribution/videos/phase1/libero_10-task09-state30-H4.agent.mp4,/home/wjq/workspace/one-clock-icra27-crosssuite-query-allocation/experiments/icra27_phase_d_failure_attribution/videos/phase1/libero_10-task09-state30-H4.wrist.mp4,/home/wjq/workspace/one-clock-icra27-crosssuite-query-allocation/experiments/icra27_phase_d_failure_attribution/videos/phase1/libero_10-task09-state30-ARM4_GRIP32.agent.mp4,/home/wjq/workspace/one-clock-icra27-crosssuite-query-allocation/experiments/icra27_phase_d_failure_attribution/videos/phase1/libero_10-task09-state30-ARM4_GRIP32.wrist.mp4,/home/wjq/workspace/one-clock-icra27-crosssuite-query-allocation/experiments/icra27_phase_d_failure_attribution/videos/phase1_swaps/phase1_h4-libero_10-task09-state30-baseline_arm_plus_treatment_gripper.agent.mp4,/home/wjq/workspace/one-clock-icra27-crosssuite-query-allocation/experiments/icra27_phase_d_failure_attribution/videos/phase1_swaps/phase1_h4-libero_10-task09-state30-baseline_arm_plus_treatment_gripper.wrist.mp4,/home/wjq/workspace/one-clock-icra27-crosssuite-query-allocation/experiments/icra27_phase_d_failure_attribution/videos/phase1_swaps/phase1_h4-libero_10-task09-state30-treatment_arm_plus_baseline_gripper.agent.mp4,/home/wjq/workspace/one-clock-icra27-crosssuite-query-allocation/experiments/icra27_phase_d_failure_attribution/videos/phase1_swaps/phase1_h4-libero_10-task09-state30-treatment_arm_plus_baseline_gripper.wrist.mp4
phase1_h4,libero_10-task09-state31,rescue,9,31,/home/wjq/workspace/one-clock-icra27-crosssuite-query-allocation/experiments/icra27_phase_d_failure_attribution/videos/phase1/libero_10-task09-state31-H4.agent.mp4,/home/wjq/workspace/one-clock-icra27-crosssuite-query-allocation/experiments/icra27_phase_d_failure_attribution/videos/phase1/libero_10-task09-state31-H4.wrist.mp4,/home/wjq/workspace/one-clock-icra27-crosssuite-query-allocation/experiments/icra27_phase_d_failure_attribution/videos/phase1/libero_10-task09-state31-ARM4_GRIP32.agent.mp4,/home/wjq/workspace/one-clock-icra27-crosssuite-query-allocation/experiments/icra27_phase_d_failure_attribution/videos/phase1/libero_10-task09-state31-ARM4_GRIP32.wrist.mp4,/home/wjq/workspace/one-clock-icra27-crosssuite-query-allocation/experiments/icra27_phase_d_failure_attribution/videos/phase1_swaps/phase1_h4-libero_10-task09-state31-baseline_arm_plus_treatment_gripper.agent.mp4,/home/wjq/workspace/one-clock-icra27-crosssuite-query-allocation/experiments/icra27_phase_d_failure_attribution/videos/phase1_swaps/phase1_h4-libero_10-task09-state31-baseline_arm_plus_treatment_gripper.wrist.mp4,/home/wjq/workspace/one-clock-icra27-crosssuite-query-allocation/experiments/icra27_phase_d_failure_attribution/videos/phase1_swaps/phase1_h4-libero_10-task09-state31-treatment_arm_plus_baseline_gripper.agent.mp4,/home/wjq/workspace/one-clock-icra27-crosssuite-query-allocation/experiments/icra27_phase_d_failure_attribution/videos/phase1_swaps/phase1_h4-libero_10-task09-state31-treatment_arm_plus_baseline_gripper.wrist.mp4
phase1_h4,libero_10-task09-state36,rescue,9,36,/home/wjq/workspace/one-clock-icra27-crosssuite-query-allocation/experiments/icra27_phase_d_failure_attribution/videos/phase1/libero_10-task09-state36-H4.agent.mp4,/home/wjq/workspace/one-clock-icra27-crosssuite-query-allocation/experiments/icra27_phase_d_failure_attribution/videos/phase1/libero_10-task09-state36-H4.wrist.mp4,/home/wjq/workspace/one-clock-icra27-crosssuite-query-allocation/experiments/icra27_phase_d_failure_attribution/videos/phase1/libero_10-task09-state36-ARM4_GRIP32.agent.mp4,/home/wjq/workspace/one-clock-icra27-crosssuite-query-allocation/experiments/icra27_phase_d_failure_attribution/videos/phase1/libero_10-task09-state36-ARM4_GRIP32.wrist.mp4,/home/wjq/workspace/one-clock-icra27-crosssuite-query-allocation/experiments/icra27_phase_d_failure_attribution/videos/phase1_swaps/phase1_h4-libero_10-task09-state36-baseline_arm_plus_treatment_gripper.agent.mp4,/home/wjq/workspace/one-clock-icra27-crosssuite-query-allocation/experiments/icra27_phase_d_failure_attribution/videos/phase1_swaps/phase1_h4-libero_10-task09-state36-baseline_arm_plus_treatment_gripper.wrist.mp4,/home/wjq/workspace/one-clock-icra27-crosssuite-query-allocation/experiments/icra27_phase_d_failure_attribution/videos/phase1_swaps/phase1_h4-libero_10-task09-state36-treatment_arm_plus_baseline_gripper.agent.mp4,/home/wjq/workspace/one-clock-icra27-crosssuite-query-allocation/experiments/icra27_phase_d_failure_attribution/videos/phase1_swaps/phase1_h4-libero_10-task09-state36-treatment_arm_plus_baseline_gripper.wrist.mp4
phase1_h4,libero_10-task09-state41,rescue,9,41,/home/wjq/workspace/one-clock-icra27-crosssuite-query-allocation/experiments/icra27_phase_d_failure_attribution/videos/phase1/libero_10-task09-state41-H4.agent.mp4,/home/wjq/workspace/one-clock-icra27-crosssuite-query-allocation/experiments/icra27_phase_d_failure_attribution/videos/phase1/libero_10-task09-state41-H4.wrist.mp4,/home/wjq/workspace/one-clock-icra27-crosssuite-query-allocation/experiments/icra27_phase_d_failure_attribution/videos/phase1/libero_10-task09-state41-ARM4_GRIP32.agent.mp4,/home/wjq/workspace/one-clock-icra27-crosssuite-query-allocation/experiments/icra27_phase_d_failure_attribution/videos/phase1/libero_10-task09-state41-ARM4_GRIP32.wrist.mp4,/home/wjq/workspace/one-clock-icra27-crosssuite-query-allocation/experiments/icra27_phase_d_failure_attribution/videos/phase1_swaps/phase1_h4-libero_10-task09-state41-baseline_arm_plus_treatment_gripper.agent.mp4,/home/wjq/workspace/one-clock-icra27-crosssuite-query-allocation/experiments/icra27_phase_d_failure_attribution/videos/phase1_swaps/phase1_h4-libero_10-task09-state41-baseline_arm_plus_treatment_gripper.wrist.mp4,/home/wjq/workspace/one-clock-icra27-crosssuite-query-allocation/experiments/icra27_phase_d_failure_attribution/videos/phase1_swaps/phase1_h4-libero_10-task09-state41-treatment_arm_plus_baseline_gripper.agent.mp4,/home/wjq/workspace/one-clock-icra27-crosssuite-query-allocation/experiments/icra27_phase_d_failure_attribution/videos/phase1_swaps/phase1_h4-libero_10-task09-state41-treatment_arm_plus_baseline_gripper.wrist.mp4
phase1_h4,libero_10-task09-state42,rescue,9,42,/home/wjq/workspace/one-clock-icra27-crosssuite-query-allocation/experiments/icra27_phase_d_failure_attribution/videos/phase1/libero_10-task09-state42-H4.agent.mp4,/home/wjq/workspace/one-clock-icra27-crosssuite-query-allocation/experiments/icra27_phase_d_failure_attribution/videos/phase1/libero_10-task09-state42-H4.wrist.mp4,/home/wjq/workspace/one-clock-icra27-crosssuite-query-allocation/experiments/icra27_phase_d_failure_attribution/videos/phase1/libero_10-task09-state42-ARM4_GRIP32.agent.mp4,/home/wjq/workspace/one-clock-icra27-crosssuite-query-allocation/experiments/icra27_phase_d_failure_attribution/videos/phase1/libero_10-task09-state42-ARM4_GRIP32.wrist.mp4,/home/wjq/workspace/one-clock-icra27-crosssuite-query-allocation/experiments/icra27_phase_d_failure_attribution/videos/phase1_swaps/phase1_h4-libero_10-task09-state42-baseline_arm_plus_treatment_gripper.agent.mp4,/home/wjq/workspace/one-clock-icra27-crosssuite-query-allocation/experiments/icra27_phase_d_failure_attribution/videos/phase1_swaps/phase1_h4-libero_10-task09-state42-baseline_arm_plus_treatment_gripper.wrist.mp4,/home/wjq/workspace/one-clock-icra27-crosssuite-query-allocation/experiments/icra27_phase_d_failure_attribution/videos/phase1_swaps/phase1_h4-libero_10-task09-state42-treatment_arm_plus_baseline_gripper.agent.mp4,/home/wjq/workspace/one-clock-icra27-crosssuite-query-allocation/experiments/icra27_phase_d_failure_attribution/videos/phase1_swaps/phase1_h4-libero_10-task09-state42-treatment_arm_plus_baseline_gripper.wrist.mp4
phase1_h4,libero_10-task09-state49,rescue,9,49,/home/wjq/workspace/one-clock-icra27-crosssuite-query-allocation/experiments/icra27_phase_d_failure_attribution/videos/phase1/libero_10-task09-state49-H4.agent.mp4,/home/wjq/workspace/one-clock-icra27-crosssuite-query-allocation/experiments/icra27_phase_d_failure_attribution/videos/phase1/libero_10-task09-state49-H4.wrist.mp4,/home/wjq/workspace/one-clock-icra27-crosssuite-query-allocation/experiments/icra27_phase_d_failure_attribution/videos/phase1/libero_10-task09-state49-ARM4_GRIP32.agent.mp4,/home/wjq/workspace/one-clock-icra27-crosssuite-query-allocation/experiments/icra27_phase_d_failure_attribution/videos/phase1/libero_10-task09-state49-ARM4_GRIP32.wrist.mp4,/home/wjq/workspace/one-clock-icra27-crosssuite-query-allocation/experiments/icra27_phase_d_failure_attribution/videos/phase1_swaps/phase1_h4-libero_10-task09-state49-baseline_arm_plus_treatment_gripper.agent.mp4,/home/wjq/workspace/one-clock-icra27-crosssuite-query-allocation/experiments/icra27_phase_d_failure_attribution/videos/phase1_swaps/phase1_h4-libero_10-task09-state49-baseline_arm_plus_treatment_gripper.wrist.mp4,/home/wjq/workspace/one-clock-icra27-crosssuite-query-allocation/experiments/icra27_phase_d_failure_attribution/videos/phase1_swaps/phase1_h4-libero_10-task09-state49-treatment_arm_plus_baseline_gripper.agent.mp4,/home/wjq/workspace/one-clock-icra27-crosssuite-query-allocation/experiments/icra27_phase_d_failure_attribution/videos/phase1_swaps/phase1_h4-libero_10-task09-state49-treatment_arm_plus_baseline_gripper.wrist.mp4
