model,seed,offset,sample_count,positive_count,negative_count,positive_rate,auroc,auprc,brier,ece,undefined_discrimination,undefined_reason,empirical_brier,brier_skill_score_vs_empirical
constant_prior,train_only,1,674,651,23,0.9658753709198813,0.5,0.9880152004818357,0.27118935103703307,0.4880872998417086,False,,0.03179571857208507,-7.529115340551629
constant_prior,train_only,2,670,631,39,0.9417910447761194,0.5,0.9823271284253491,0.2701194323561623,0.46400297369794674,False,,0.05143357304355249,-4.2518115381063035
constant_prior,train_only,3,664,611,53,0.9201807228915663,0.5,0.9723638151688333,0.26915941848880737,0.4423926518133936,False,,0.06756963163777621,-2.983437706626895
constant_prior,train_only,4,660,601,59,0.9106060606060606,0.5,0.9701582888563212,0.26873407505253505,0.4328179895278879,False,,0.07396341138387637,-2.633338025172777
constant_prior,train_only,5,660,593,67,0.8984848484848484,0.5,0.9663398256634433,0.2681956040483695,0.4206967774066757,False,,0.08221218546861095,-2.2622366443569124
constant_prior,train_only,6,658,581,77,0.8829787234042553,0.5,0.9594616716649433,0.2675067621520833,0.40519065232608265,False,,0.09249116610700348,-1.8922412097454089
constant_prior,train_only,7,656,574,82,0.875,0.5,0.9539891191333991,0.2671523164777988,0.39721192892182733,False,,0.09771934490594321,-1.7338733874540213
constant_prior,train_only,8,650,564,86,0.8676923076923077,0.5,0.941037556688479,0.2668276805935567,0.389904236614135,False,,0.1034447791798012,-1.5794214334371932
constant_prior,train_only,9,650,550,100,0.8461538461538461,0.5,0.922925974753146,0.26587085904000113,0.3683657750756735,False,,0.11888577654447553,-1.236355489847333
constant_prior,train_only,10,648,535,113,0.8256172839506173,0.5,0.8966304627781481,0.2649585457200875,0.3478292128724446,False,,0.13272718288788818,-0.9962643669148943
constant_prior,train_only,11,644,524,120,0.8136645962732919,0.5,0.8732216365606708,0.2644275612218604,0.33587652519511924,False,,0.14156975501489297,-0.8678252370645336
constant_prior,train_only,12,642,516,126,0.8037383177570093,0.5,0.8623180291075295,0.26398659763613647,0.32595024667883665,False,,0.148819001092084,-0.7738769626117217
constant_prior,train_only,13,636,490,146,0.7704402515723271,0.5,0.830294237592979,0.26250736907747957,0.2926521804941545,False,,0.16762267561403082,-0.566061203329858
constant_prior,train_only,14,630,476,154,0.7555555555555555,0.5,0.8138923355071069,0.2618461334575845,0.2777674844773829,False,,0.17516838708306176,-0.4948252810789522
constant_prior,train_only,15,628,459,169,0.7308917197452229,0.5,0.7982783453813412,0.26075047072166707,0.25310364866705026,False,,0.18418948609162755,-0.4156642501947869
constant_prior,train_only,16,624,446,178,0.7147435897435898,0.5,0.7924453313828247,0.26003310849003364,0.23695551866541714,False,,0.18916174852867754,-0.3746601018049469
constant_prior,train_only,17,622,435,187,0.6993569131832797,0.5,0.7811797289016921,0.2593495729578322,0.22156884210510713,False,,0.19316626380514185,-0.3426235402029276
constant_prior,train_only,18,618,417,201,0.6747572815533981,0.5,0.7764534693876124,0.25825676241929996,0.19696921047522542,False,,0.19511600265432533,-0.32360625938425525
constant_prior,train_only,19,618,408,210,0.6601941747572816,0.5,0.7699847629890176,0.25760981303322733,0.18240610367910892,False,,0.1973615027386028,-0.30526880601644457
constant_prior,train_only,20,612,396,216,0.6470588235294118,0.5,0.7595883424273918,0.25702629005755395,0.16927075245123913,False,,0.19973326552219994,-0.28684768351211876
constant_prior,train_only,21,612,392,220,0.6405228758169934,0.5,0.753420612913815,0.25673593804550393,0.16273480473882074,False,,0.20285209695560347,-0.2656311761060748
constant_prior,train_only,22,612,383,229,0.6258169934640523,0.5,0.7421748357010097,0.25608264601839137,0.1480289223858796,False,,0.20385935715860218,-0.2561731263537712
constant_prior,train_only,23,610,364,246,0.5967213114754099,0.5,0.7233816835759588,0.25479010357786375,0.11893324039723718,False,,0.20740007699302235,-0.22849570391642504
constant_prior,train_only,24,606,350,256,0.5775577557755776,0.5,0.7107775186700829,0.25393878450367546,0.09976968469740494,False,,0.2078626614666031,-0.2216661843544967
constant_prior,train_only,25,600,341,259,0.5683333333333334,0.5,0.6969138821504012,0.25352900007241136,0.09054526225516074,False,,0.21052205428393125,-0.2042871277062337
constant_prior,train_only,26,592,326,266,0.5506756756756757,0.5,0.6864435348638707,0.25274457879877565,0.07288760459750304,False,,0.21242368502578124,-0.18981355006670175
constant_prior,train_only,27,588,318,270,0.5408163265306123,0.5,0.6745487571959251,0.2523065884739244,0.06302825545243973,False,,0.21420481301986444,-0.1778754404109797
constant_prior,train_only,28,582,305,277,0.5240549828178694,0.5,0.6707534177892274,0.25156198492356086,0.046266911739696825,False,,0.21390880519031513,-0.17602444976374687
constant_prior,train_only,29,578,298,280,0.5155709342560554,0.5,0.678324484348722,0.2511850907563122,0.037782863177882764,False,,0.21149132516581798,-0.18768507672535817
constant_prior,train_only,30,578,288,290,0.4982698961937716,0.5,0.6575064327309623,0.25041651190088565,0.020481825115598984,False,,0.21350275626001258,-0.17289592081854877
constant_prior,train_only,31,576,277,299,0.4809027777777778,0.5,0.6475376131723407,0.24964499750121957,0.003114706699605174,False,,0.2107840532885545,-0.18436377708073604
constant_prior,train_only,32,574,275,299,0.47909407665505227,0.5,0.6444168235120223,0.249564648019662,0.0013060055768797096,False,,0.21165164669065356,-0.17912925281616832
constant_prior,train_only,33,568,261,307,0.4595070422535211,0.5,0.6156672218510288,0.24869451638782955,0.01828102882465149,False,,0.21013112819491803,-0.18352058794992065
constant_prior,train_only,34,568,252,316,0.44366197183098594,0.5,0.5926501396822615,0.24799061723185614,0.03412609924718668,False,,0.20995071780074956,-0.1811848981969557
constant_prior,train_only,35,566,246,320,0.43462897526501765,0.5,0.5863233214476148,0.2475893366765074,0.04315909581315491,False,,0.2085135699921319,-0.18740155226276167
constant_prior,train_only,36,562,238,324,0.4234875444839858,0.5,0.5773744750643882,0.24709439133931588,0.054300526594186826,False,,0.2066415258907867,-0.19576348594090986
constant_prior,train_only,37,560,228,332,0.40714285714285714,0.5,0.5746901860037641,0.24636829727237464,0.07064521393531548,False,,0.19907123041794256,-0.2375886598738235
constant_prior,train_only,38,554,221,333,0.3989169675090253,0.5,0.5531365259369285,0.24600287152064362,0.07887110356914734,False,,0.20080703722303886,-0.2250709682420402
constant_prior,train_only,39,548,214,334,0.3905109489051095,0.5,0.5507988187446463,0.2456294437451522,0.0872771221730631,False,,0.19750337217816685,-0.2436721511953277
constant_prior,train_only,40,540,210,330,0.3888888888888889,0.5,0.5426470995694834,0.24555738558157778,0.08889918218928372,False,,0.19689672427839014,-0.24713799318665575
constant_prior,train_only,41,534,205,329,0.3838951310861423,0.5,0.5433543681809031,0.2453355435948429,0.09389293999203041,False,,0.19369202978174915,-0.26662694314931445
constant_prior,train_only,42,528,199,329,0.3768939393939394,0.5,0.5343055045582266,0.2450245236503723,0.10089413168423328,False,,0.19240607768065612,-0.27347600763968116
constant_prior,train_only,43,518,196,322,0.3783783783783784,0.5,0.5458846449012292,0.24509046815679458,0.09940969269979438,False,,0.1910213820470231,-0.2830525333360927
constant_prior,train_only,44,512,184,328,0.359375,0.5,0.5382955595165702,0.2442462647771643,0.11841307107817278,False,,0.18685116353407522,-0.3071701570251244
constant_prior,train_only,45,504,181,323,0.35912698412698413,0.5,0.5316913787931837,0.24423524695527846,0.11866108695118865,False,,0.1875446028978989,-0.30227819506084375
constant_prior,train_only,46,496,175,321,0.3528225806451613,0.5,0.51571875912921,0.24395518103121294,0.12496549043301147,False,,0.1890783761663725,-0.2902331084996925
constant_prior,train_only,47,490,166,324,0.33877551020408164,0.5,0.50872666248066,0.24333115597081859,0.13901256087409103,False,,0.18653009993253505,-0.3045141564756979
constant_prior,train_only,48,488,160,328,0.32786885245901637,0.5,0.480353533571483,0.2428466401576024,0.1499192186191564,False,,0.1842327877771015,-0.318151036456205
constant_prior,train_only,49,484,153,331,0.31611570247933884,0.5,0.46282454730406625,0.24232451989369005,0.16167236859883394,False,,0.18205797605029028,-0.33102940695524485
constant_prior,train_only,50,476,145,331,0.30462184873949577,0.5,0.4213218437581864,0.24181391856907553,0.17316622233867698,False,,0.18311680557092885,-0.32054465353487616
constant_prior,train_only,51,464,139,325,0.2995689655172414,0.5,0.40751259802702716,0.2415894500031095,0.1782191055609314,False,,0.18401921835254353,-0.3128490174340002
constant_prior,train_only,52,458,136,322,0.29694323144104806,0.5,0.4008761588324559,0.24147280476577346,0.18084483963712472,False,,0.18239227106605155,-0.3239201604015691
constant_prior,train_only,53,448,134,314,0.29910714285714285,0.5,0.40403796243282675,0.2415689340589083,0.1786809282210299,False,,0.18294377872033654,-0.32045449016438643
constant_prior,train_only,54,438,129,309,0.2945205479452055,0.5,0.39802709608212933,0.24136517981855396,0.18326752313296724,False,,0.18204292713340556,-0.3258695826269349
constant_prior,train_only,55,438,128,310,0.2922374429223744,0.5,0.3918196451151853,0.24126375548557763,0.18555062815579831,False,,0.18170408741118432,-0.3277838650905729
constant_prior,train_only,56,434,124,310,0.2857142857142857,0.5,0.3744285786553462,0.24097397167707368,0.19207378536388708,False,,0.18129512076854765,-0.3291806787492957
constant_prior,train_only,57,432,122,310,0.2824074074074074,0.5,0.3653383774100332,0.24082706738526258,0.19538066367076534,False,,0.18096936990339085,-0.3307614847409057
constant_prior,train_only,58,422,120,302,0.2843601895734597,0.5,0.3665174196712177,0.24091381750260696,0.19342788150471302,False,,0.18197087121015995,-0.3239141841793636
constant_prior,train_only,59,418,116,302,0.27751196172248804,0.5,0.35135401995938,0.24060959280207445,0.20027610935568474,False,,0.17998996456881292,-0.3367944895065842
constant_prior,train_only,60,416,114,302,0.27403846153846156,0.5,0.3443795702808768,0.2404552865236793,0.20374960953971116,False,,0.17966380887447,-0.3383624004747887
constant_prior,train_only,61,412,112,300,0.27184466019417475,0.5,0.3410326947448361,0.24035782940462352,0.20594341088399798,False,,0.17966152881860323,-0.3378369369621852
constant_prior,train_only,62,410,111,299,0.2707317073170732,0.5,0.3397239003605622,0.24030838774422444,0.2070563637610996,False,,0.17966355432289627,-0.3375466640960225
constant_prior,train_only,63,402,105,297,0.26119402985074625,0.5,0.3267938825625746,0.23988468731630172,0.21659404122742654,False,,0.17725115273902337,-0.3533603793792932
constant_prior,train_only,64,396,103,293,0.2601010101010101,0.5,0.32482297021641565,0.23983613116231914,0.21768706097716262,False,,0.17617840018535197,-0.3613254003328148
constant_prior,train_only,65,394,100,294,0.25380710659898476,0.5,0.3268965082543406,0.2395565316878635,0.22398096447918797,False,,0.17076887607736727,-0.40281143256650487
constant_prior,train_only,66,390,97,293,0.24871794871794872,0.5,0.317875727852282,0.23933045166161243,0.22907012236022395,False,,0.16997613984005217,-0.4080238078522245
constant_prior,train_only,67,386,93,293,0.24093264248704663,0.5,0.3144408262680307,0.2389845983243415,0.23685542859112613,False,,0.16559532654077044,-0.4431844383331809
constant_prior,train_only,68,382,91,291,0.23821989528795812,0.5,0.314901616750119,0.23886408762840347,0.23956817579021455,False,,0.16386077193427417,-0.45772587794358555
constant_prior,train_only,69,382,89,293,0.23298429319371727,0.5,0.3118459333315707,0.23863150198524294,0.2448037778844554,False,,0.16105299638841253,-0.48169551226314256
constant_prior,train_only,70,376,87,289,0.23138297872340424,0.5,0.3091746473171994,0.23856036541885073,0.24640509235476848,False,,0.16114990400984466,-0.48036306248297267
constant_prior,train_only,71,376,84,292,0.22340425531914893,0.5,0.30865215399142915,0.2382059197445663,0.2543838157590238,False,,0.15451909842178335,-0.541595324963307
constant_prior,train_only,72,374,82,292,0.2192513368983957,0.5,0.30949398233464476,0.2380214310870065,0.25853673417977696,False,,0.15050962393162967,-0.5814366209241864
constant_prior,train_only,73,372,80,292,0.21505376344086022,0.5,0.3082940623926821,0.23783495868044063,0.2627343076373124,False,,0.14791043755591995,-0.6079660273503231
constant_prior,train_only,74,368,77,291,0.20923913043478262,0.5,0.3050462919685769,0.23757665025036556,0.2685489406433901,False,,0.1433226390279652,-0.6576351919113734
constant_prior,train_only,75,362,76,286,0.20994475138121546,0.5,0.3093063978355049,0.2376079966549814,0.2678433196969573,False,,0.14232455441956876,-0.6694799967862168
constant_prior,train_only,76,354,75,279,0.211864406779661,0.5,0.31234431191371037,0.23769327515351077,0.2659236642985117,False,,0.14336973022134722,-0.6579041809351129
constant_prior,train_only,77,350,73,277,0.20857142857142857,0.5,0.3159179033169486,0.23754698835770602,0.26921664250674404,False,,0.14102355932010385,-0.6844489637260354
constant_prior,train_only,78,344,70,274,0.20348837209302326,0.5,0.31856289877049343,0.23732117937929803,0.2742996989851494,False,,0.13642089043079694,-0.7396249110372535
constant_prior,train_only,79,340,68,272,0.2,0.5,0.32875315503862207,0.2371662124333318,0.27778807107817266,False,,0.13190260481912222,-0.79804040078327
constant_prior,train_only,80,334,66,268,0.19760479041916168,0.5,0.33190788969094026,0.2370598079834069,0.28018328065901094,False,,0.12950104609334906,-0.8305628806467369
constant_prior,train_only,81,332,62,270,0.18674698795180722,0.5,0.3341588204729113,0.23657746251010267,0.29104108312636545,False,,0.12031205049562146,-0.9663654765713803
constant_prior,train_only,82,328,61,267,0.18597560975609756,0.5,0.3347950424514203,0.23654319491479275,0.2918124613220751,False,,0.12019244893463557,-0.9680370689795361
constant_prior,train_only,83,322,60,262,0.18633540372670807,0.5,0.3364914838344998,0.23655917835099616,0.2914526673514646,False,,0.12045492939399241,-0.9638812586676453
constant_prior,train_only,84,320,60,260,0.1875,0.5,0.33841506262479915,0.23661091421028613,0.29028807107817267,False,,0.12099113154837879,-0.9556054330781782
constant_prior,train_only,85,316,60,256,0.189873417721519,0.5,0.3463102782265429,0.23671635058175053,0.28791465335665367,False,,0.12199133629793045,-0.9404357535984
constant_prior,train_only,86,308,59,249,0.19155844155844157,0.5,0.35790202230688306,0.23679120584114516,0.2862296295197311,False,,0.12273417175823167,-0.9293013709954316
constant_prior,train_only,87,304,58,246,0.19078947368421054,0.5,0.35608152728644743,0.23675704532161396,0.28699859739396205,False,,0.1225610730062125,-0.9317474913883381
constant_prior,train_only,88,292,54,238,0.18493150684931506,0.5,0.33162184389685984,0.23649681183568774,0.29285656422885753,False,,0.1205434448291377,-0.9619217965017195
constant_prior,train_only,89,286,54,232,0.1888111888111888,0.5,0.3357820808736167,0.2366691622756406,0.28897688226698376,False,,0.12220719411307646,-0.9366221767325271
constant_prior,train_only,90,282,52,230,0.18439716312056736,0.5,0.32479741088936037,0.23647307422584218,0.2933909079576053,False,,0.12037122186002354,-0.964531642794408
constant_prior,train_only,91,278,49,229,0.17625899280575538,0.5,0.3142859003034641,0.23611154530466957,0.30152907827241715,False,,0.11742630773557632,-1.0107210203385755
constant_prior,train_only,92,270,46,224,0.17037037037037037,0.5,0.31099924191730305,0.235849949978705,0.3074177007078024,False,,0.11295729166666665,-1.0879568419070336
constant_prior,train_only,93,264,43,221,0.16287878787878787,0.5,0.28444787844637476,0.2355171449830749,0.3149092831993848,False,,0.11014321368234119,-1.1382810352920947
constant_prior,train_only,94,260,42,218,0.16153846153846155,0.5,0.2799489596977953,0.23545760251626816,0.31624960953971115,False,,0.10962181083452127,-1.1479083471053158
constant_prior,train_only,95,252,41,211,0.1626984126984127,0.5,0.2860376263222863,0.23550913202170343,0.31508965837975994,False,,0.11019894276177536,-1.137126964374057
constant_prior,train_only,96,252,41,211,0.1626984126984127,0.5,0.2860376263222863,0.23550913202170343,0.31508965837975994,False,,0.11022993105465785,-1.1365261664268438
constant_prior,train_only,97,252,41,211,0.1626984126984127,0.5,0.2860376263222863,0.23550913202170343,0.31508965837975994,False,,0.11027565323004204,-1.1356403260692218
constant_prior,train_only,98,250,40,210,0.16,0.5,0.28378009270457116,0.2353892581195856,0.31778807107817264,False,,0.10927045196313599,-1.1541894802356785
constant_prior,train_only,99,246,40,206,0.16260162601626016,0.5,0.2876154673474141,0.23550483238389433,0.3151864450619126,False,,0.11047613094270885,-1.1317259246345563
empirical_group_offset_prior_train_only,train_only,1,674,651,23,0.9658753709198813,0.7588325652841782,0.9880152004818357,0.03179571857208507,0.00018723204552251183,False,,0.03179571857208507,0.0
empirical_group_offset_prior_train_only,train_only,2,670,631,39,0.9417910447761194,0.7654516640253566,0.9823271284253491,0.05143357304355249,0.0009165830338204728,False,,0.05143357304355249,0.0
empirical_group_offset_prior_train_only,train_only,3,664,611,53,0.9201807228915663,0.7614334681777476,0.9723638151688333,0.06756963163777621,0.003829918944150301,False,,0.06756963163777621,0.0
empirical_group_offset_prior_train_only,train_only,4,660,601,59,0.9106060606060606,0.7652359062579317,0.9701582888563212,0.07396341138387637,0.003707199253079996,False,,0.07396341138387637,0.0
empirical_group_offset_prior_train_only,train_only,5,660,593,67,0.8984848484848484,0.7616344919584204,0.9663398256634433,0.08221218546861095,0.007875626000836298,False,,0.08221218546861095,0.0
empirical_group_offset_prior_train_only,train_only,6,658,581,77,0.8829787234042553,0.7537161633547176,0.9594616716649433,0.09249116610700348,0.009272726712052093,False,,0.09249116610700348,0.0
empirical_group_offset_prior_train_only,train_only,7,656,574,82,0.875,0.7508710801393729,0.9539891191333991,0.09771934490594321,0.015156675749318671,False,,0.09771934490594321,0.0
empirical_group_offset_prior_train_only,train_only,8,650,564,86,0.8676923076923077,0.7412172191984167,0.941037556688479,0.1034447791798012,0.024659099886761626,False,,0.1034447791798012,0.0
empirical_group_offset_prior_train_only,train_only,9,650,550,100,0.8461538461538461,0.7127272727272728,0.922925974753146,0.11888577654447553,0.02269006157017156,False,,0.11888577654447553,0.0
empirical_group_offset_prior_train_only,train_only,10,648,535,113,0.8256172839506173,0.6902572161111571,0.8966304627781481,0.13272718288788818,0.02497441310049248,False,,0.13272718288788818,0.0
empirical_group_offset_prior_train_only,train_only,11,644,524,120,0.8136645962732919,0.6741094147582697,0.8732216365606708,0.14156975501489297,0.031610354699591836,False,,0.14156975501489297,0.0
empirical_group_offset_prior_train_only,train_only,12,642,516,126,0.8037383177570093,0.6629291251384275,0.8623180291075295,0.148819001092084,0.03783218062004867,False,,0.148819001092084,0.0
empirical_group_offset_prior_train_only,train_only,13,636,490,146,0.7704402515723271,0.6466871680178921,0.830294237592979,0.16762267561403082,0.03878333278260582,False,,0.16762267561403082,0.0
empirical_group_offset_prior_train_only,train_only,14,630,476,154,0.7555555555555555,0.6418067226890757,0.8138923355071069,0.17516838708306176,0.03713950368879936,False,,0.17516838708306176,0.0
empirical_group_offset_prior_train_only,train_only,15,628,459,169,0.7308917197452229,0.6477485142643513,0.7982783453813412,0.18418948609162755,0.027750894645630297,False,,0.18418948609162755,0.0
empirical_group_offset_prior_train_only,train_only,16,624,446,178,0.7147435897435898,0.6532725348919232,0.7924453313828247,0.18916174852867754,0.02718939124243519,False,,0.18916174852867754,0.0
empirical_group_offset_prior_train_only,train_only,17,622,435,187,0.6993569131832797,0.6586637162702071,0.7811797289016921,0.19316626380514185,0.0240032556126602,False,,0.19316626380514185,0.0
empirical_group_offset_prior_train_only,train_only,18,618,417,201,0.6747572815533981,0.6788002433873797,0.7764534693876124,0.19511600265432533,0.01552248889136526,False,,0.19511600265432533,0.0
empirical_group_offset_prior_train_only,train_only,19,618,408,210,0.6601941747572816,0.6839285714285714,0.7699847629890176,0.1973615027386028,0.0152381018997792,False,,0.1973615027386028,0.0
empirical_group_offset_prior_train_only,train_only,20,612,396,216,0.6470588235294118,0.686026936026936,0.7595883424273918,0.19973326552219994,0.011801345010577974,False,,0.19973326552219994,0.0
empirical_group_offset_prior_train_only,train_only,21,612,392,220,0.6405228758169934,0.6809601113172542,0.753420612913815,0.20285209695560347,0.019104803493449868,False,,0.20285209695560347,0.0
empirical_group_offset_prior_train_only,train_only,22,612,383,229,0.6258169934640523,0.6866555691107893,0.7421748357010097,0.20385935715860218,0.01567434759792008,False,,0.20385935715860218,0.0
empirical_group_offset_prior_train_only,train_only,23,610,364,246,0.5967213114754099,0.690744215134459,0.7233816835759588,0.20740007699302235,0.018595277485336098,False,,0.20740007699302235,0.0
empirical_group_offset_prior_train_only,train_only,24,606,350,256,0.5775577557755776,0.6961383928571429,0.7107775186700829,0.2078626614666031,0.01956188971925274,False,,0.2078626614666031,0.0
empirical_group_offset_prior_train_only,train_only,25,600,341,259,0.5683333333333334,0.6919179338534177,0.6969138821504012,0.21052205428393125,0.021812243374393525,False,,0.21052205428393125,0.0
empirical_group_offset_prior_train_only,train_only,26,592,326,266,0.5506756756756757,0.6911527284468841,0.6864435348638707,0.21242368502578124,0.021986735139194833,False,,0.21242368502578124,0.0
empirical_group_offset_prior_train_only,train_only,27,588,318,270,0.5408163265306123,0.6883298392732355,0.6745487571959251,0.21420481301986444,0.020951712759149727,False,,0.21420481301986444,0.0
empirical_group_offset_prior_train_only,train_only,28,582,305,277,0.5240549828178694,0.6911641119725395,0.6707534177892274,0.21390880519031513,0.02319359403222543,False,,0.21390880519031513,0.0
empirical_group_offset_prior_train_only,train_only,29,578,298,280,0.5155709342560554,0.6974232981783317,0.678324484348722,0.21149132516581798,0.02058055771027975,False,,0.21149132516581798,0.0
empirical_group_offset_prior_train_only,train_only,30,578,288,290,0.4982698961937716,0.6937739463601532,0.6575064327309623,0.21350275626001258,0.025585432778910122,False,,0.21350275626001258,0.0
empirical_group_offset_prior_train_only,train_only,31,576,277,299,0.4809027777777778,0.6999444598722577,0.6475376131723407,0.2107840532885545,0.027221013324736726,False,,0.2107840532885545,0.0
empirical_group_offset_prior_train_only,train_only,32,574,275,299,0.47909407665505227,0.6972088780784433,0.6444168235120223,0.21165164669065356,0.022465985747443684,False,,0.21165164669065356,0.0
empirical_group_offset_prior_train_only,train_only,33,568,261,307,0.4595070422535211,0.7002570918666616,0.6156672218510288,0.21013112819491803,0.029900568574254414,False,,0.21013112819491803,0.0
empirical_group_offset_prior_train_only,train_only,34,568,252,316,0.44366197183098594,0.6997187060478199,0.5926501396822615,0.20995071780074956,0.034872884411629224,False,,0.20995071780074956,0.0
empirical_group_offset_prior_train_only,train_only,35,566,246,320,0.43462897526501765,0.7013211382113821,0.5863233214476148,0.2085135699921319,0.034653624814252965,False,,0.2085135699921319,0.0
empirical_group_offset_prior_train_only,train_only,36,562,238,324,0.4234875444839858,0.7040668119099491,0.5773744750643882,0.2066415258907867,0.03385893164619497,False,,0.2066415258907867,0.0
empirical_group_offset_prior_train_only,train_only,37,560,228,332,0.40714285714285714,0.7182413865990277,0.5746901860037641,0.19907123041794256,0.03763625932300632,False,,0.19907123041794256,0.0
empirical_group_offset_prior_train_only,train_only,38,554,221,333,0.3989169675090253,0.7126628891334774,0.5531365259369285,0.20080703722303886,0.04037306879593637,False,,0.20080703722303886,0.0
empirical_group_offset_prior_train_only,train_only,39,548,214,334,0.3905109489051095,0.7185069114108232,0.5507988187446463,0.19750337217816685,0.0383797459343866,False,,0.19750337217816685,0.0
empirical_group_offset_prior_train_only,train_only,40,540,210,330,0.3888888888888889,0.7181818181818181,0.5426470995694834,0.19689672427839014,0.033894270857021555,False,,0.19689672427839014,0.0
empirical_group_offset_prior_train_only,train_only,41,534,205,329,0.3838951310861423,0.7236711394469568,0.5433543681809031,0.19369202978174915,0.03245942571785276,False,,0.19369202978174915,0.0
empirical_group_offset_prior_train_only,train_only,42,528,199,329,0.3768939393939394,0.723793740740175,0.5343055045582266,0.19240607768065612,0.032120382425774176,False,,0.19240607768065612,0.0
empirical_group_offset_prior_train_only,train_only,43,518,196,322,0.3783783783783784,0.7257098491570542,0.5458846449012292,0.1910213820470231,0.021832821832821744,False,,0.1910213820470231,0.0
empirical_group_offset_prior_train_only,train_only,44,512,184,328,0.359375,0.7290562036055143,0.5382955595165702,0.18685116353407522,0.028162993920972615,False,,0.18685116353407522,0.0
empirical_group_offset_prior_train_only,train_only,45,504,181,323,0.35912698412698413,0.7262969741545935,0.5316913787931837,0.1875446028978989,0.022213995140770635,False,,0.1875446028978989,0.0
empirical_group_offset_prior_train_only,train_only,46,496,175,321,0.3528225806451613,0.7185313751668891,0.51571875912921,0.1890783761663725,0.017813050509718004,False,,0.1890783761663725,0.0
empirical_group_offset_prior_train_only,train_only,47,490,166,324,0.33877551020408164,0.7186523873270861,0.50872666248066,0.18653009993253505,0.02599721706864569,False,,0.18653009993253505,0.0
empirical_group_offset_prior_train_only,train_only,48,488,160,328,0.32786885245901637,0.7185213414634146,0.480353533571483,0.1842327877771015,0.028944080566387878,False,,0.1842327877771015,0.0
empirical_group_offset_prior_train_only,train_only,49,484,153,331,0.31611570247933884,0.7174239282822897,0.46282454730406625,0.18205797605029028,0.03278152886744681,False,,0.18205797605029028,0.0
empirical_group_offset_prior_train_only,train_only,50,476,145,331,0.30462184873949577,0.7057922700281279,0.4213218437581864,0.18311680557092885,0.03742033726242165,False,,0.18311680557092885,0.0
empirical_group_offset_prior_train_only,train_only,51,464,139,325,0.2995689655172414,0.6977199778638628,0.40751259802702716,0.18401921835254353,0.036776906490574884,False,,0.18401921835254353,0.0
empirical_group_offset_prior_train_only,train_only,52,458,136,322,0.29694323144104806,0.6987120935330654,0.4008761588324559,0.18239227106605155,0.03174202752309552,False,,0.18239227106605155,0.0
empirical_group_offset_prior_train_only,train_only,53,448,134,314,0.29910714285714285,0.6969768989447667,0.40403796243282675,0.18294377872033654,0.022935324281380936,False,,0.18294377872033654,0.0
empirical_group_offset_prior_train_only,train_only,54,438,129,309,0.2945205479452055,0.6950402649205991,0.39802709608212933,0.18204292713340556,0.022300917483071184,False,,0.18204292713340556,0.0
empirical_group_offset_prior_train_only,train_only,55,438,128,310,0.2922374429223744,0.6931703629032258,0.3918196451151853,0.18170408741118432,0.01964115467050886,False,,0.18170408741118432,0.0
empirical_group_offset_prior_train_only,train_only,56,434,124,310,0.2857142857142857,0.6862903225806452,0.3744285786553462,0.18129512076854765,0.016826741284126145,False,,0.18129512076854765,0.0
empirical_group_offset_prior_train_only,train_only,57,432,122,310,0.2824074074074074,0.6827604442094131,0.3653383774100332,0.18096936990339085,0.013998171991734212,False,,0.18096936990339085,0.0
empirical_group_offset_prior_train_only,train_only,58,422,120,302,0.2843601895734597,0.6804911699779249,0.3665174196712177,0.18197087121015995,0.006363259984622214,False,,0.18197087121015995,0.0
empirical_group_offset_prior_train_only,train_only,59,418,116,302,0.27751196172248804,0.6789792189997716,0.35135401995938,0.17998996456881292,0.008918346536983285,False,,0.17998996456881292,0.0
empirical_group_offset_prior_train_only,train_only,60,416,114,302,0.27403846153846156,0.675206227489253,0.3443795702808768,0.17966380887447,0.012535003606432104,False,,0.17966380887447,0.0
empirical_group_offset_prior_train_only,train_only,61,412,112,300,0.27184466019417475,0.6716666666666666,0.3410326947448361,0.17966152881860323,0.013576556317166479,False,,0.17966152881860323,0.0
empirical_group_offset_prior_train_only,train_only,62,410,111,299,0.2707317073170732,0.6698604959474525,0.3397239003605622,0.17966355432289627,0.013127407833943379,False,,0.17966355432289627,0.0
empirical_group_offset_prior_train_only,train_only,63,402,105,297,0.26119402985074625,0.6643578643578644,0.3267938825625746,0.17725115273902337,0.01901468953202387,False,,0.17725115273902337,0.0
empirical_group_offset_prior_train_only,train_only,64,396,103,293,0.2601010101010101,0.667301766128765,0.32482297021641565,0.17617840018535197,0.014435355836266962,False,,0.17617840018535197,0.0
empirical_group_offset_prior_train_only,train_only,65,394,100,294,0.25380710659898476,0.6809183673469388,0.3268965082543406,0.17076887607736727,0.01169580424671853,False,,0.17076887607736727,0.0
empirical_group_offset_prior_train_only,train_only,66,390,97,293,0.24871794871794872,0.6749586573308469,0.317875727852282,0.16997613984005217,0.011065421117716294,False,,0.16997613984005217,0.0
empirical_group_offset_prior_train_only,train_only,67,386,93,293,0.24093264248704663,0.6806121325553232,0.3144408262680307,0.16559532654077044,0.00946737687116804,False,,0.16559532654077044,0.0
empirical_group_offset_prior_train_only,train_only,68,382,91,291,0.23821989528795812,0.6839243230995808,0.314901616750119,0.16386077193427417,0.012631659993840522,False,,0.16386077193427417,0.0
empirical_group_offset_prior_train_only,train_only,69,382,89,293,0.23298429319371727,0.6867737853280669,0.3118459333315707,0.16105299638841253,0.011881744290338551,False,,0.16105299638841253,0.0
empirical_group_offset_prior_train_only,train_only,70,376,87,289,0.23138297872340424,0.6831921409537446,0.3091746473171994,0.16114990400984466,0.01419920784034933,False,,0.16114990400984466,0.0
empirical_group_offset_prior_train_only,train_only,71,376,84,292,0.22340425531914893,0.6992824527071102,0.30865215399142915,0.15451909842178335,0.012132404806792098,False,,0.15451909842178335,0.0
empirical_group_offset_prior_train_only,train_only,72,374,82,292,0.2192513368983957,0.7108670230537922,0.30949398233464476,0.15050962393162967,0.012709846892338755,False,,0.15050962393162967,0.0
empirical_group_offset_prior_train_only,train_only,73,372,80,292,0.21505376344086022,0.7149828767123287,0.3082940623926821,0.14791043755591995,0.012177386451876111,False,,0.14791043755591995,0.0
empirical_group_offset_prior_train_only,train_only,74,368,77,291,0.20923913043478262,0.7258222876779578,0.3050462919685769,0.1433226390279652,0.012578648060014519,False,,0.1433226390279652,0.0
empirical_group_offset_prior_train_only,train_only,75,362,76,286,0.20994475138121546,0.7331615752668385,0.3093063978355049,0.14232455441956876,0.0150455070487218,False,,0.14232455441956876,0.0
empirical_group_offset_prior_train_only,train_only,76,354,75,279,0.211864406779661,0.7326164874551971,0.31234431191371037,0.14336973022134722,0.019826190219151503,False,,0.14336973022134722,0.0
empirical_group_offset_prior_train_only,train_only,77,350,73,277,0.20857142857142857,0.7379951535532367,0.3159179033169486,0.14102355932010385,0.022360088365243013,False,,0.14102355932010385,0.0
empirical_group_offset_prior_train_only,train_only,78,344,70,274,0.20348837209302326,0.7510948905109489,0.31856289877049343,0.13642089043079694,0.02338434088366043,False,,0.13642089043079694,0.0
empirical_group_offset_prior_train_only,train_only,79,340,68,272,0.2,0.7665441176470589,0.32875315503862207,0.13190260481912222,0.02349060996430236,False,,0.13190260481912222,0.0
empirical_group_offset_prior_train_only,train_only,80,334,66,268,0.19760479041916168,0.77380144730891,0.33190788969094026,0.12950104609334906,0.02659387108136669,False,,0.12950104609334906,0.0
empirical_group_offset_prior_train_only,train_only,81,332,62,270,0.18674698795180722,0.7974910394265233,0.3341588204729113,0.12031205049562146,0.02825500786105882,False,,0.12031205049562146,0.0
empirical_group_offset_prior_train_only,train_only,82,328,61,267,0.18597560975609756,0.7970467243814084,0.3347950424514203,0.12019244893463557,0.028739332424380124,False,,0.12019244893463557,0.0
empirical_group_offset_prior_train_only,train_only,83,322,60,262,0.18633540372670807,0.7970101781170483,0.3364914838344998,0.12045492939399241,0.027736583153046272,False,,0.12045492939399241,0.0
empirical_group_offset_prior_train_only,train_only,84,320,60,260,0.1875,0.7974358974358975,0.33841506262479915,0.12099113154837879,0.029854151753758034,False,,0.12099113154837879,0.0
empirical_group_offset_prior_train_only,train_only,85,316,60,256,0.189873417721519,0.7983072916666667,0.3463102782265429,0.12199133629793045,0.031654768913747425,False,,0.12199133629793045,0.0
empirical_group_offset_prior_train_only,train_only,86,308,59,249,0.19155844155844157,0.7987543393914641,0.35790202230688306,0.12273417175823167,0.0330203253995076,False,,0.12273417175823167,0.0
empirical_group_offset_prior_train_only,train_only,87,304,58,246,0.19078947368421054,0.7982898794505187,0.35608152728644743,0.1225610730062125,0.03345210605939965,False,,0.1225610730062125,0.0
empirical_group_offset_prior_train_only,train_only,88,292,54,238,0.18493150684931506,0.7953625894802365,0.33162184389685984,0.1205434448291377,0.02906730931845091,False,,0.1205434448291377,0.0
empirical_group_offset_prior_train_only,train_only,89,286,54,232,0.1888111888111888,0.7967752234993615,0.3357820808736167,0.12220719411307646,0.034301384889620194,False,,0.12220719411307646,0.0
empirical_group_offset_prior_train_only,train_only,90,282,52,230,0.18439716312056736,0.794732441471572,0.32479741088936037,0.12037122186002354,0.028823787017921074,False,,0.12037122186002354,0.0
empirical_group_offset_prior_train_only,train_only,91,278,49,229,0.17625899280575538,0.7911059620354692,0.3142859003034641,0.11742630773557632,0.02244439067285962,False,,0.11742630773557632,0.0
empirical_group_offset_prior_train_only,train_only,92,270,46,224,0.17037037037037037,0.8013392857142857,0.31099924191730305,0.11295729166666665,0.018287037037037036,False,,0.11295729166666665,0.0
empirical_group_offset_prior_train_only,train_only,93,264,43,221,0.16287878787878787,0.7986425339366516,0.28444787844637476,0.11014321368234119,0.01313259498538686,False,,0.11014321368234119,0.0
empirical_group_offset_prior_train_only,train_only,94,260,42,218,0.16153846153846155,0.7981651376146789,0.2799489596977953,0.10962181083452127,0.012103187863396392,False,,0.10962181083452127,0.0
empirical_group_offset_prior_train_only,train_only,95,252,41,211,0.1626984126984127,0.7985781990521327,0.2860376263222863,0.11019894276177536,0.01530211967105164,False,,0.11019894276177536,0.0
empirical_group_offset_prior_train_only,train_only,96,252,41,211,0.1626984126984127,0.7985781990521327,0.2860376263222863,0.11022993105465785,0.015826245880642967,False,,0.11022993105465785,0.0
empirical_group_offset_prior_train_only,train_only,97,252,41,211,0.1626984126984127,0.7985781990521327,0.2860376263222863,0.11027565323004204,0.01655870681605973,False,,0.11027565323004204,0.0
empirical_group_offset_prior_train_only,train_only,98,250,40,210,0.16,0.7976190476190477,0.28378009270457116,0.10927045196313599,0.01533707865168543,False,,0.10927045196313599,0.0
empirical_group_offset_prior_train_only,train_only,99,246,40,206,0.16260162601626016,0.7985436893203883,0.2876154673474141,0.11047613094270885,0.019404670735575086,False,,0.11047613094270885,0.0
independent_vector_shared_mlp,20260820,1,674,651,23,0.9658753709198813,0.9358178053830227,0.9976292754931505,0.029164529193115175,0.015292044499763869,False,,0.03179571857208507,0.08275294590385307
independent_vector_shared_mlp,20260820,2,670,631,39,0.9417910447761194,0.9475801536023406,0.9967077408163783,0.04114941548384642,0.0258070379118102,False,,0.05143357304355249,0.19995028443771024
independent_vector_shared_mlp,20260820,3,664,611,53,0.9201807228915663,0.9481518080474323,0.9953643384280272,0.04725593308804987,0.0204875654329347,False,,0.06756963163777621,0.30063355471024267
independent_vector_shared_mlp,20260820,4,660,601,59,0.9106060606060606,0.9444992808595843,0.9942823788181437,0.05094380454941474,0.020827103243029454,False,,0.07396341138387637,0.311229652658771
independent_vector_shared_mlp,20260820,5,660,593,67,0.8984848484848484,0.9574387757670333,0.995124541969756,0.04951637453646304,0.0278113168613697,False,,0.08221218546861095,0.39770030130912093
independent_vector_shared_mlp,20260820,6,658,581,77,0.8829787234042553,0.9340143505375863,0.9893208409555999,0.05492220531776117,0.020724121315004316,False,,0.09249116610700348,0.40618971919738356
independent_vector_shared_mlp,20260820,7,656,574,82,0.875,0.9307809977054474,0.9865463803682668,0.053672346392875145,0.022140887875945803,False,,0.09771934490594321,0.45075003885325027
independent_vector_shared_mlp,20260820,8,650,564,86,0.8676923076923077,0.9129350156688109,0.9800867580605995,0.06420146264543825,0.04212178714599977,False,,0.1034447791798012,0.3793648828439442
independent_vector_shared_mlp,20260820,9,650,550,100,0.8461538461538461,0.9007818181818181,0.9737374585490968,0.07091003124585163,0.03273994307422291,False,,0.11888577654447553,0.40354487048899434
independent_vector_shared_mlp,20260820,10,648,535,113,0.8256172839506173,0.8883301629311058,0.9663956753094528,0.08264528150432679,0.038512248657673914,False,,0.13272718288788818,0.3773296493896394
independent_vector_shared_mlp,20260820,11,644,524,120,0.8136645962732919,0.8817748091603054,0.9629987577382253,0.08933173678281872,0.039350238995876446,False,,0.14156975501489297,0.36899137267404936
independent_vector_shared_mlp,20260820,12,642,516,126,0.8037383177570093,0.8693398548049711,0.9560864685003756,0.09727201456430806,0.04221335188962652,False,,0.148819001092084,0.346373689848116
independent_vector_shared_mlp,20260820,13,636,490,146,0.7704402515723271,0.8535364830863852,0.9384629143854225,0.11365749256221667,0.0593722357512917,False,,0.16762267561403082,0.3219444079038254
independent_vector_shared_mlp,20260820,14,630,476,154,0.7555555555555555,0.8488486303612354,0.9344211352649012,0.12170073740079101,0.06353795621815439,False,,0.17516838708306176,0.30523572530765686
independent_vector_shared_mlp,20260820,15,628,459,169,0.7308917197452229,0.8653362725760916,0.9311338305965421,0.11919757975578797,0.05633547929663781,False,,0.18418948609162755,0.35285350817205974
independent_vector_shared_mlp,20260820,16,624,446,178,0.7147435897435898,0.8778278833073009,0.9352970066263734,0.1162110837273485,0.04928256687655034,False,,0.18916174852867754,0.38565230744983037
independent_vector_shared_mlp,20260820,17,622,435,187,0.6993569131832797,0.8770299342307456,0.9298797838503777,0.11882990971197434,0.04914834587695589,False,,0.19316626380514185,0.38483093594518636
independent_vector_shared_mlp,20260820,18,618,417,201,0.6747572815533981,0.8871589295727597,0.9270798061959739,0.11341214041061283,0.047901403320953266,False,,0.19511600265432533,0.4187450600269935
independent_vector_shared_mlp,20260820,19,618,408,210,0.6601941747572816,0.8916199813258637,0.9195823922593017,0.1110876534201484,0.038636299413009036,False,,0.1973615027386028,0.43713615938930395
independent_vector_shared_mlp,20260820,20,612,396,216,0.6470588235294118,0.8871001683501684,0.9170969841229999,0.11431199666205219,0.03950152119009511,False,,0.19973326552219994,0.4276767249402096
independent_vector_shared_mlp,20260820,21,612,392,220,0.6405228758169934,0.8815862708719852,0.9058952589686341,0.11870906987052901,0.05071174227320394,False,,0.20285209695560347,0.414799887937516
independent_vector_shared_mlp,20260820,22,612,383,229,0.6258169934640523,0.8813207611707161,0.9041357765296615,0.12106354741982932,0.053555662338137605,False,,0.20385935715860218,0.40614181704869146
independent_vector_shared_mlp,20260820,23,610,364,246,0.5967213114754099,0.8791990529795408,0.8932769941284243,0.12679668211731193,0.0570659032102858,False,,0.20740007699302235,0.38863724664105204
independent_vector_shared_mlp,20260820,24,606,350,256,0.5775577557755776,0.8748772321428572,0.8826253032505913,0.135201210517576,0.07932417289604209,False,,0.2078626614666031,0.3495647098731173
independent_vector_shared_mlp,20260820,25,600,341,259,0.5683333333333334,0.8717829685571621,0.8765488868602686,0.137248535892005,0.05859707067250016,False,,0.21052205428393125,0.34805625776908966
independent_vector_shared_mlp,20260820,26,592,326,266,0.5506756756756757,0.8790649937727755,0.8757827712566015,0.13217835456203567,0.049659855950844316,False,,0.21242368502578124,0.37776074948519245
independent_vector_shared_mlp,20260820,27,588,318,270,0.5408163265306123,0.8682622874446774,0.8597962642664327,0.1407890767486332,0.0635082497049938,False,,0.21420481301986444,0.34273616561745035
independent_vector_shared_mlp,20260820,28,582,305,277,0.5240549828178694,0.8706515949576848,0.8526325625990265,0.1415646677464406,0.046940720899568335,False,,0.21390880519031513,0.33820083927592315
independent_vector_shared_mlp,20260820,29,578,298,280,0.5155709342560554,0.8780441035474592,0.8615452327469144,0.13902001912060255,0.049716603700869215,False,,0.21149132516581798,0.34266798408111976
independent_vector_shared_mlp,20260820,30,578,288,290,0.4982698961937716,0.8692169540229885,0.8479441797040183,0.14691302320419314,0.06412493926067823,False,,0.21350275626001258,0.31189167869441314
independent_vector_shared_mlp,20260820,31,576,277,299,0.4809027777777778,0.8654238556922594,0.8267077598434924,0.14817200414969292,0.05384634414223913,False,,0.2107840532885545,0.2970435768836285
independent_vector_shared_mlp,20260820,32,574,275,299,0.47909407665505227,0.8603222864092429,0.8207452548056197,0.15141769724792759,0.07173720121737662,False,,0.21165164669065356,0.284590034542764
independent_vector_shared_mlp,20260820,33,568,261,307,0.4595070422535211,0.8572141725011544,0.8044868000600839,0.1546018503748657,0.07686244087200947,False,,0.21013112819491803,0.26426012317672065
independent_vector_shared_mlp,20260820,34,568,252,316,0.44366197183098594,0.8594409282700421,0.8011946668530149,0.15383213114545152,0.07699071801542715,False,,0.20995071780074956,0.26729409283828454
independent_vector_shared_mlp,20260820,35,566,246,320,0.43462897526501765,0.8627794715447155,0.8024936189375432,0.151551627890824,0.07002556084477808,False,,0.2085135699921319,0.27318098339334607
independent_vector_shared_mlp,20260820,36,562,238,324,0.4234875444839858,0.8605664488017429,0.7914521805418084,0.15192560450417159,0.07985043273407,False,,0.2066415258907867,0.26478666933350725
independent_vector_shared_mlp,20260820,37,560,228,332,0.40714285714285714,0.8658185373071232,0.7900734024199862,0.1470642766977401,0.07251955291215326,False,,0.19907123041794256,0.26124796441462583
independent_vector_shared_mlp,20260820,38,554,221,333,0.3989169675090253,0.8634924517277458,0.7828984118642003,0.14737326542365545,0.06748718308987121,False,,0.20080703722303886,0.2660951156808009
independent_vector_shared_mlp,20260820,39,548,214,334,0.3905109489051095,0.8655632659913817,0.779450758715496,0.14728447511976236,0.07325509219547707,False,,0.19750337217816685,0.2542685550356186
independent_vector_shared_mlp,20260820,40,540,210,330,0.3888888888888889,0.8685281385281385,0.7841097039679031,0.14695055893856937,0.061600994892405725,False,,0.19689672427839014,0.253666817073109
independent_vector_shared_mlp,20260820,41,534,205,329,0.3838951310861423,0.8657572837126547,0.7713583608161279,0.1459205081127241,0.06282242640532872,False,,0.19369202978174915,0.24663648639984648
independent_vector_shared_mlp,20260820,42,528,199,329,0.3768939393939394,0.8693620076064211,0.7711104662087289,0.14438596800069878,0.06024355776112169,False,,0.19240607768065612,0.24957688581780768
independent_vector_shared_mlp,20260820,43,518,196,322,0.3783783783783784,0.8676163011788567,0.7732007475455803,0.1465852898901343,0.07899907432462412,False,,0.1910213820470231,0.23262365542905616
independent_vector_shared_mlp,20260820,44,512,184,328,0.359375,0.8639978791092259,0.7472900532592573,0.14611612510722605,0.05966640509633797,False,,0.18685116353407522,0.21800794630545883
independent_vector_shared_mlp,20260820,45,504,181,323,0.35912698412698413,0.8686519679113285,0.7549445112727768,0.14431456614285953,0.06351595508054063,False,,0.1875446028978989,0.23050536292198298
independent_vector_shared_mlp,20260820,46,496,175,321,0.3528225806451613,0.8648153093012906,0.7495171926392569,0.1475035328930837,0.06565917334621967,False,,0.1890783761663725,0.21988153334205995
independent_vector_shared_mlp,20260820,47,490,166,324,0.33877551020408164,0.8636025583816749,0.7342607794839855,0.14600037545490352,0.0712001655414453,False,,0.18653009993253505,0.21728248948716844
independent_vector_shared_mlp,20260820,48,488,160,328,0.32786885245901637,0.8643864329268293,0.7273813642389843,0.14443827755048236,0.07252070835349478,False,,0.1842327877771015,0.21600123792712456
independent_vector_shared_mlp,20260820,49,484,153,331,0.31611570247933884,0.8631795114823372,0.7162903829784864,0.14546590379599958,0.06980965598084239,False,,0.18205797605029028,0.20099131632762302
independent_vector_shared_mlp,20260820,50,476,145,331,0.30462184873949577,0.8646108969684342,0.71114229351553,0.1425719897946473,0.06764138924326221,False,,0.18311680557092885,0.22141504516676835
independent_vector_shared_mlp,20260820,51,464,139,325,0.2995689655172414,0.8716768123962368,0.7167624053483787,0.13738885811481164,0.0728007819015614,False,,0.18401921835254353,0.2533994039057246
independent_vector_shared_mlp,20260820,52,458,136,322,0.29694323144104806,0.8645871392035075,0.7013516209426092,0.13934923957842477,0.07078463573151905,False,,0.18239227106605155,0.2359915320756063
independent_vector_shared_mlp,20260820,53,448,134,314,0.29910714285714285,0.8670500998193744,0.7146400361413878,0.13876516645856132,0.05805266451242843,False,,0.18294377872033654,0.24148737153456534
independent_vector_shared_mlp,20260820,54,438,129,309,0.2945205479452055,0.864604500639723,0.7071953236188087,0.14030437556550268,0.06693417141277108,False,,0.18204292713340556,0.2292786224938903
independent_vector_shared_mlp,20260820,55,438,128,310,0.2922374429223744,0.8578629032258065,0.6933200930129149,0.14204685833624164,0.06388713434063463,False,,0.18170408741118432,0.21825171706347468
independent_vector_shared_mlp,20260820,56,434,124,310,0.2857142857142857,0.853095733610822,0.6756843492922997,0.14460755126212535,0.07723401121330965,False,,0.18129512076854765,0.2023637997034673
independent_vector_shared_mlp,20260820,57,432,122,310,0.2824074074074074,0.840983606557377,0.6512669958090832,0.14868384193354828,0.08018438778634937,False,,0.18096936990339085,0.17840327336652584
independent_vector_shared_mlp,20260820,58,422,120,302,0.2843601895734597,0.8375275938189846,0.6542758876606866,0.14987852266808468,0.08951028675100822,False,,0.18197087121015995,0.17635981148329782
independent_vector_shared_mlp,20260820,59,418,116,302,0.27751196172248804,0.8403745147293903,0.639188877307113,0.14847178616428544,0.08617937112202649,False,,0.17998996456881292,0.1751107539802731
independent_vector_shared_mlp,20260820,60,416,114,302,0.27403846153846156,0.8427152317880795,0.6465172487650414,0.1460002027075684,0.08886382881057561,False,,0.17966380887447,0.187369990527264
independent_vector_shared_mlp,20260820,61,412,112,300,0.27184466019417475,0.8494047619047619,0.6530052648070622,0.14241461008698908,0.08633314176263863,False,,0.17966152881860323,0.2073171645401104
independent_vector_shared_mlp,20260820,62,410,111,299,0.2707317073170732,0.848986109855675,0.6489310696048376,0.13971680015252935,0.05669589640341378,False,,0.17966355432289627,0.22234200097463008
independent_vector_shared_mlp,20260820,63,402,105,297,0.26119402985074625,0.8497675164341831,0.6435182175191054,0.1389157235503562,0.058312689893835826,False,,0.17725115273902337,0.21627746052016106
independent_vector_shared_mlp,20260820,64,396,103,293,0.2601010101010101,0.8499950296563836,0.6406494808231464,0.13860209353943004,0.07763624752099679,False,,0.17617840018535197,0.21328554809436928
independent_vector_shared_mlp,20260820,65,394,100,294,0.25380710659898476,0.8442517006802721,0.6347177051404559,0.13969587448420875,0.07472285744735256,False,,0.17076887607736727,0.1819593962724262
independent_vector_shared_mlp,20260820,66,390,97,293,0.24871794871794872,0.8479997185179973,0.6307668988732277,0.1364770690569838,0.07702566564273162,False,,0.16997613984005217,0.1970810186335037
independent_vector_shared_mlp,20260820,67,386,93,293,0.24093264248704663,0.8458292047414584,0.6135313687483555,0.13721664101653974,0.08450972766496488,False,,0.16559532654077044,0.17137371033984894
independent_vector_shared_mlp,20260820,68,382,91,291,0.23821989528795812,0.8515539443374495,0.625309550024801,0.1338097390004149,0.07028056363536399,False,,0.16386077193427417,0.1833936980713906
independent_vector_shared_mlp,20260820,69,382,89,293,0.23298429319371727,0.8526671012769874,0.6186098439969535,0.13042355126364405,0.06757133793259985,False,,0.16105299638841253,0.1901823984131239
independent_vector_shared_mlp,20260820,70,376,87,289,0.23138297872340424,0.8428588473929125,0.5958039292567471,0.13551819949347796,0.07856774142030694,False,,0.16114990400984466,0.15905504054660102
independent_vector_shared_mlp,20260820,71,376,84,292,0.22340425531914893,0.8568982387475538,0.6182866897304565,0.12564425549139233,0.057312208539099165,False,,0.15451909842178335,0.186869087545235
independent_vector_shared_mlp,20260820,72,374,82,292,0.2192513368983957,0.8493150684931506,0.5971393600722946,0.12884270446150958,0.06668622651740598,False,,0.15050962393162967,0.14395703679362382
independent_vector_shared_mlp,20260820,73,372,80,292,0.21505376344086022,0.8542808219178082,0.6069330203767427,0.12456118413379837,0.07426147291960385,False,,0.14791043755591995,0.1578607555216921
independent_vector_shared_mlp,20260820,74,368,77,291,0.20923913043478262,0.8500022314455304,0.611948043139598,0.12323739118323902,0.07473534545139938,False,,0.1433226390279652,0.14014009217906687
independent_vector_shared_mlp,20260820,75,362,76,286,0.20994475138121546,0.8484081707765918,0.5877337491872516,0.12605646825411915,0.07649451370036837,False,,0.14232455441956876,0.11430273737230023
independent_vector_shared_mlp,20260820,76,354,75,279,0.211864406779661,0.8513261648745519,0.6006797299499836,0.12477927665227015,0.07472616455505274,False,,0.14336973022134722,0.1296679120507198
independent_vector_shared_mlp,20260820,77,350,73,277,0.20857142857142857,0.8493150684931506,0.5892623487673012,0.12695698002143205,0.09805709567988949,False,,0.14102355932010385,0.09974630740061396
independent_vector_shared_mlp,20260820,78,344,70,274,0.20348837209302326,0.8497393117831074,0.5972199619822337,0.12280549869471727,0.07223539944065932,False,,0.13642089043079694,0.09980430191508272
independent_vector_shared_mlp,20260820,79,340,68,272,0.2,0.8596453287197232,0.6169700483507593,0.11761209436972841,0.061864479198033215,False,,0.13190260481912222,0.10834138165042573
independent_vector_shared_mlp,20260820,80,334,66,268,0.19760479041916168,0.8555517865219358,0.5850869826824561,0.11978782609417833,0.07659274169374714,False,,0.12950104609334906,0.07500495395356954
independent_vector_shared_mlp,20260820,81,332,62,270,0.18674698795180722,0.8504778972520908,0.569091543520105,0.11669659270131845,0.0823487571025329,False,,0.12031205049562146,0.030050670563831816
independent_vector_shared_mlp,20260820,82,328,61,267,0.18597560975609756,0.8461349542579972,0.5524931653511916,0.11944223619403327,0.0792064413152861,False,,0.12019244893463557,0.006241762666890138
independent_vector_shared_mlp,20260820,83,322,60,262,0.18633540372670807,0.8620229007633587,0.5968292543344809,0.11310006469437045,0.06891428686232443,False,,0.12045492939399241,0.061059059489090295
independent_vector_shared_mlp,20260820,84,320,60,260,0.1875,0.8607051282051282,0.6088435501773141,0.11250524402596365,0.06777457152425052,False,,0.12099113154837879,0.0701364423476114
independent_vector_shared_mlp,20260820,85,316,60,256,0.189873417721519,0.8608723958333333,0.6025245791317073,0.1142116131973622,0.061583656379835934,False,,0.12199133629793045,0.06377275089083712
independent_vector_shared_mlp,20260820,86,308,59,249,0.19155844155844157,0.864406779661017,0.6388045505911526,0.11376838319074827,0.07517128409163915,False,,0.12273417175823167,0.07305046703003548
independent_vector_shared_mlp,20260820,87,304,58,246,0.19078947368421054,0.8617886178861789,0.6044817169400031,0.11612785663182919,0.07691200984109796,False,,0.1225610730062125,0.05248988293417778
independent_vector_shared_mlp,20260820,88,292,54,238,0.18493150684931506,0.8639122315592904,0.6030322413395353,0.11225350222396618,0.06892532426633563,False,,0.1205434448291377,0.06877140948578297
independent_vector_shared_mlp,20260820,89,286,54,232,0.1888111888111888,0.8643039591315453,0.6205243650721108,0.11229698175454451,0.06892630526044746,False,,0.12220719411307646,0.08109352669829051
independent_vector_shared_mlp,20260820,90,282,52,230,0.18439716312056736,0.8616220735785953,0.6025269331624072,0.11229017258464372,0.06941930882782062,False,,0.12037122186002354,0.06713439600020887
independent_vector_shared_mlp,20260820,91,278,49,229,0.17625899280575538,0.86641119329828,0.6089174307340545,0.10646656393289661,0.06643666556192813,False,,0.11742630773557632,0.09333295080144355
independent_vector_shared_mlp,20260820,92,270,46,224,0.17037037037037037,0.8710209627329193,0.5860277861337618,0.10519662290998788,0.06416271392803166,False,,0.11295729166666665,0.06870445140965542
independent_vector_shared_mlp,20260820,93,264,43,221,0.16287878787878787,0.8776175944438598,0.6025608689648595,0.09525533745810676,0.05422121559237302,False,,0.11014321368234119,0.13516834788543441
independent_vector_shared_mlp,20260820,94,260,42,218,0.16153846153846155,0.8666448230668414,0.5974617736590903,0.09752273994568925,0.058591193489336314,False,,0.10962181083452127,0.11037101829211782
independent_vector_shared_mlp,20260820,95,252,41,211,0.1626984126984127,0.8619812738411744,0.5808737680404789,0.10260376699727092,0.06338947693833662,False,,0.11019894276177536,0.06892240137841843
independent_vector_shared_mlp,20260820,96,252,41,211,0.1626984126984127,0.8633683967171425,0.5789557900028794,0.10169402916245439,0.07302124860667164,False,,0.11022993105465785,0.07743724241259764
independent_vector_shared_mlp,20260820,97,252,41,211,0.1626984126984127,0.8696104496589989,0.5960951086884191,0.09883028239104197,0.0519614090075095,False,,0.11027565323004204,0.1037887376203005
independent_vector_shared_mlp,20260820,98,250,40,210,0.16,0.8639285714285714,0.5798608597119361,0.09989263305824982,0.060295434984945835,False,,0.10927045196313599,0.08582209313136113
independent_vector_shared_mlp,20260820,99,246,40,206,0.16260162601626016,0.870995145631068,0.5872755545456002,0.09902104025817403,0.05822820802967555,False,,0.11047613094270885,0.10368837672705289
independent_vector_shared_mlp,20260821,1,674,651,23,0.9658753709198813,0.8984171508715688,0.9956591356483306,0.029492327354750655,0.012834813160220466,False,,0.03179571857208507,0.07244343958172617
independent_vector_shared_mlp,20260821,2,670,631,39,0.9417910447761194,0.929131618513552,0.9950598416785339,0.04282741893670853,0.022479396394792597,False,,0.05143357304355249,0.16732561238855626
independent_vector_shared_mlp,20260821,3,664,611,53,0.9201807228915663,0.9206373714603341,0.9922389953987634,0.05405223906757825,0.034800134589998456,False,,0.06756963163777621,0.2000512988240235
independent_vector_shared_mlp,20260821,4,660,601,59,0.9106060606060606,0.932034180320934,0.9924753394691833,0.054796847977993925,0.027037855670311934,False,,0.07396341138387637,0.25913574086525504
independent_vector_shared_mlp,20260821,5,660,593,67,0.8984848484848484,0.9353653318567365,0.9916750807898533,0.05615620474337459,0.03233061353781062,False,,0.08221218546861095,0.3169357507858086
independent_vector_shared_mlp,20260821,6,658,581,77,0.8829787234042553,0.9305049511589959,0.9890237820805192,0.05935470961509482,0.024539534294995263,False,,0.09249116610700348,0.358266177048443
independent_vector_shared_mlp,20260821,7,656,574,82,0.875,0.9292725418543384,0.987644234591887,0.05886144108019135,0.023451896275753382,False,,0.09771934490594321,0.3976480180373022
independent_vector_shared_mlp,20260821,8,650,564,86,0.8676923076923077,0.9151410192973776,0.9828592887223631,0.061291573564193826,0.03079111111581271,False,,0.1034447791798012,0.40749476145470165
independent_vector_shared_mlp,20260821,9,650,550,100,0.8461538461538461,0.8926363636363637,0.9717626126687936,0.07050674588225547,0.03115794182417239,False,,0.11888577654447553,0.4069370791729767
independent_vector_shared_mlp,20260821,10,648,535,113,0.8256172839506173,0.8998263170953602,0.9731924744667472,0.07942975280891613,0.04540094416006665,False,,0.13272718288788818,0.40155625184926325
independent_vector_shared_mlp,20260821,11,644,524,120,0.8136645962732919,0.8959605597964376,0.9687734991807231,0.083424010236014,0.03444146713619159,False,,0.14156975501489297,0.41072151868004647
independent_vector_shared_mlp,20260821,12,642,516,126,0.8037383177570093,0.8850744432139781,0.9620738561684293,0.09081741262705108,0.04193206827605545,False,,0.148819001092084,0.3897458526088585
independent_vector_shared_mlp,20260821,13,636,490,146,0.7704402515723271,0.8726167179200447,0.9467551573244272,0.10511790825113601,0.048656212907383437,False,,0.16762267561403082,0.37288968890353913
independent_vector_shared_mlp,20260821,14,630,476,154,0.7555555555555555,0.8704572738186184,0.9437655493082879,0.11072686525377104,0.05064388651166058,False,,0.17516838708306176,0.36788328591924346
independent_vector_shared_mlp,20260821,15,628,459,169,0.7308917197452229,0.8777635972206108,0.9411539105385786,0.1130240650116211,0.06543800705269397,False,,0.18418948609162755,0.3863707022050339
independent_vector_shared_mlp,20260821,16,624,446,178,0.7147435897435898,0.8786340504862196,0.9350734518203927,0.1157321767903516,0.051304956333305375,False,,0.18916174852867754,0.38818403989955597
independent_vector_shared_mlp,20260821,17,622,435,187,0.6993569131832797,0.8754932694080767,0.9254058635593896,0.11889679073682916,0.052095282991775495,False,,0.19316626380514185,0.3844847004093461
independent_vector_shared_mlp,20260821,18,618,417,201,0.6747572815533981,0.8918954388727823,0.9263176320413848,0.11136005468700491,0.04247545226387284,False,,0.19511600265432533,0.42926231999384246
independent_vector_shared_mlp,20260821,19,618,408,210,0.6601941747572816,0.8963001867413632,0.9239706376472079,0.11000774998229093,0.036418492638301804,False,,0.1973615027386028,0.44260786193956136
independent_vector_shared_mlp,20260821,20,612,396,216,0.6470588235294118,0.8902918069584737,0.9082821064202655,0.1112660351324129,0.04503209042086847,False,,0.19973326552219994,0.4429268712875176
independent_vector_shared_mlp,20260821,21,612,392,220,0.6405228758169934,0.8930310760667903,0.9081598570772064,0.11208831253343604,0.051230143331419044,False,,0.20285209695560347,0.44743823595785714
independent_vector_shared_mlp,20260821,22,612,383,229,0.6258169934640523,0.8869759540287548,0.9055118825880168,0.1186762679653636,0.05402607915970225,False,,0.20385935715860218,0.4178522407826799
independent_vector_shared_mlp,20260821,23,610,364,246,0.5967213114754099,0.8782162958992227,0.8846515209146016,0.12914063602580655,0.05857907457212799,False,,0.20740007699302235,0.3773356408630876
independent_vector_shared_mlp,20260821,24,606,350,256,0.5775577557755776,0.878828125,0.8809824507127259,0.13226753615616593,0.07091188765234864,False,,0.2078626614666031,0.3636782324303246
independent_vector_shared_mlp,20260821,25,600,341,259,0.5683333333333334,0.8755307464984884,0.8719262057519124,0.1360038591833404,0.06712931366824823,False,,0.21052205428393125,0.35396859181360685
independent_vector_shared_mlp,20260821,26,592,326,266,0.5506756756756757,0.881924904285253,0.8736117057671985,0.13516416390376496,0.07920643324474112,False,,0.21242368502578124,0.3637048341037843
independent_vector_shared_mlp,20260821,27,588,318,270,0.5408163265306123,0.8769159096203122,0.8593993254289632,0.1402254730078997,0.07969918363233174,False,,0.21420481301986444,0.34536730976770447
independent_vector_shared_mlp,20260821,28,582,305,277,0.5240549828178694,0.8714683079836657,0.8474924425721745,0.1458583110902575,0.08856094143950773,False,,0.21390880519031513,0.3181285316399808
independent_vector_shared_mlp,20260821,29,578,298,280,0.5155709342560554,0.8714645254074784,0.8515895753544747,0.14940902734878886,0.09784401587009521,False,,0.21149132516581798,0.29354536299942335
independent_vector_shared_mlp,20260821,30,578,288,290,0.4982698961937716,0.8639248084291188,0.8293423133967163,0.155564512809353,0.09294976270921411,False,,0.21350275626001258,0.2713700022687294
independent_vector_shared_mlp,20260821,31,576,277,299,0.4809027777777778,0.85986984291803,0.8093235945628721,0.1578996286978782,0.10801787135348852,False,,0.2107840532885545,0.2508938592156198
independent_vector_shared_mlp,20260821,32,574,275,299,0.47909407665505227,0.8582547886895713,0.803079074873025,0.15769493746280908,0.09228165953550845,False,,0.21165164669065356,0.2549316769866983
independent_vector_shared_mlp,20260821,33,568,261,307,0.4595070422535211,0.8552423028442347,0.791145091899511,0.16002950856917497,0.09177974218332459,False,,0.21013112819491803,0.23843026045750204
independent_vector_shared_mlp,20260821,34,568,252,316,0.44366197183098594,0.860872513562387,0.7923886435413445,0.1559819128554059,0.08363369098508036,False,,0.20995071780074956,0.25705463410971474
independent_vector_shared_mlp,20260821,35,566,246,320,0.43462897526501765,0.8613313008130081,0.7752071396154121,0.15430389357307472,0.0829790415712365,False,,0.2085135699921319,0.25998152744256753
independent_vector_shared_mlp,20260821,36,562,238,324,0.4234875444839858,0.8639251997095134,0.774804744370184,0.15323732907776602,0.07469504368906844,False,,0.2066415258907867,0.2584388427389257
independent_vector_shared_mlp,20260821,37,560,228,332,0.40714285714285714,0.8729391249207356,0.7800992229109971,0.14711797680326577,0.0739785375564081,False,,0.19907123041794256,0.26097821119406805
independent_vector_shared_mlp,20260821,38,554,221,333,0.3989169675090253,0.8697430462136344,0.7717197421461475,0.14787982329493451,0.07693468691468948,False,,0.20080703722303886,0.26357250552587674
independent_vector_shared_mlp,20260821,39,548,214,334,0.3905109489051095,0.8707818008842129,0.7621276585615254,0.14680776210859972,0.07356299817388269,False,,0.19750337217816685,0.25668225058878924
independent_vector_shared_mlp,20260821,40,540,210,330,0.3888888888888889,0.8717748917748918,0.7694935342364189,0.14675361603475445,0.06795467217687594,False,,0.19689672427839014,0.25466705160995406
independent_vector_shared_mlp,20260821,41,534,205,329,0.3838951310861423,0.8748016902661427,0.7632005354405201,0.14416712562735687,0.07901842678276064,False,,0.19369202978174915,0.25568891094897717
independent_vector_shared_mlp,20260821,42,528,199,329,0.3768939393939394,0.8778237693024392,0.7667200074616329,0.14107482995830045,0.06158100636299542,False,,0.19240607768065612,0.26678599938798264
independent_vector_shared_mlp,20260821,43,518,196,322,0.3783783783783784,0.8792781087590316,0.7676321355202319,0.13974204381757616,0.06263949436079022,False,,0.1910213820470231,0.2684481584204206
independent_vector_shared_mlp,20260821,44,512,184,328,0.359375,0.8713878579003181,0.7431942639460729,0.14496366235306216,0.0851087054372952,False,,0.18685116353407522,0.22417575779973253
independent_vector_shared_mlp,20260821,45,504,181,323,0.35912698412698413,0.8689598549509946,0.7377700714240069,0.14628517677170588,0.0700164883892032,False,,0.1875446028978989,0.21999793909641352
independent_vector_shared_mlp,20260821,46,496,175,321,0.3528225806451613,0.8610235870048955,0.7241182599863842,0.15396046219605772,0.08578929816982837,False,,0.1890783761663725,0.18573204764258222
independent_vector_shared_mlp,20260821,47,490,166,324,0.33877551020408164,0.8621151271753681,0.6985886797365748,0.15293935454517535,0.08837465502486502,False,,0.18653009993253505,0.18008217118582437
independent_vector_shared_mlp,20260821,48,488,160,328,0.32786885245901637,0.864405487804878,0.6969518971202605,0.1500542344855053,0.08170745645388605,False,,0.1842327877771015,0.18551829836580414
independent_vector_shared_mlp,20260821,49,484,153,331,0.31611570247933884,0.8679580593566731,0.6855341131751419,0.14671095048189386,0.088984595472118,False,,0.18205797605029028,0.19415257894898508
independent_vector_shared_mlp,20260821,50,476,145,331,0.30462184873949577,0.8696114178560267,0.694990840065712,0.14260970260567937,0.07712567728743744,False,,0.18311680557092885,0.2212090956859739
independent_vector_shared_mlp,20260821,51,464,139,325,0.2995689655172414,0.8759048146098506,0.6993800526429146,0.136986107145443,0.06017032970388099,False,,0.18401921835254353,0.255588039272043
independent_vector_shared_mlp,20260821,52,458,136,322,0.29694323144104806,0.8747259773474607,0.69776319683098,0.13758195181530702,0.0710426229431343,False,,0.18239227106605155,0.2456810203022085
independent_vector_shared_mlp,20260821,53,448,134,314,0.29910714285714285,0.8772221694077383,0.7144896808445783,0.1362299226053411,0.06174049828518778,False,,0.18294377872033654,0.2553454205535254
independent_vector_shared_mlp,20260821,54,438,129,309,0.2945205479452055,0.877097915255513,0.7080739529739053,0.13540477866791145,0.07088499661684436,False,,0.18204292713340556,0.25619313642060104
independent_vector_shared_mlp,20260821,55,438,128,310,0.2922374429223744,0.8731854838709677,0.696346696999876,0.13826080519607026,0.06876371216897482,False,,0.18170408741118432,0.23908808455587904
independent_vector_shared_mlp,20260821,56,434,124,310,0.2857142857142857,0.8735691987513007,0.6910962062495687,0.13635063688035817,0.0688150390366117,False,,0.18129512076854765,0.24790785156081685
independent_vector_shared_mlp,20260821,57,432,122,310,0.2824074074074074,0.868244315177155,0.6738268504885686,0.139386893866124,0.07345026192844394,False,,0.18096936990339085,0.22977632103966195
independent_vector_shared_mlp,20260821,58,422,120,302,0.2843601895734597,0.8711092715231789,0.6850469992333102,0.13885545581216793,0.06437613349168911,False,,0.18197087121015995,0.23693580797444003
independent_vector_shared_mlp,20260821,59,418,116,302,0.27751196172248804,0.8712320164421101,0.6750388770407277,0.13679568596038622,0.06566241147097593,False,,0.17998996456881292,0.2399815940399992
independent_vector_shared_mlp,20260821,60,416,114,302,0.27403846153846156,0.8726036946671314,0.6792765701627467,0.13666135956215186,0.07441588723896485,False,,0.17966380887447,0.23934953612368137
independent_vector_shared_mlp,20260821,61,412,112,300,0.27184466019417475,0.8724107142857143,0.6711615984061997,0.13618971849998338,0.08571337827404962,False,,0.17966152881860323,0.24196504730020152
independent_vector_shared_mlp,20260821,62,410,111,299,0.2707317073170732,0.8708909578474796,0.6676808952852078,0.1366079346431421,0.07231690684376793,False,,0.17966355432289627,0.2396458193316905
independent_vector_shared_mlp,20260821,63,402,105,297,0.26119402985074625,0.8750681417348084,0.678689803684305,0.13196260079841984,0.06625330137843818,False,,0.17725115273902337,0.2555049783359341
independent_vector_shared_mlp,20260821,64,396,103,293,0.2601010101010101,0.8790881076245071,0.6704333617944055,0.13082947432692427,0.07069783974817612,False,,0.17617840018535197,0.2574034377126678
independent_vector_shared_mlp,20260821,65,394,100,294,0.25380710659898476,0.8789455782312925,0.6682587481220742,0.13050118621967077,0.07513165683445946,False,,0.17076887607736727,0.23580227722206892
independent_vector_shared_mlp,20260821,66,390,97,293,0.24871794871794872,0.874142359522888,0.6502149683279707,0.1312653575086958,0.08031038066459618,False,,0.16997613984005217,0.2277424488388975
independent_vector_shared_mlp,20260821,67,386,93,293,0.24093264248704663,0.8686924290799662,0.6198070635413642,0.13290485205415367,0.07801241791134303,False,,0.16559532654077044,0.19741181813224784
independent_vector_shared_mlp,20260821,68,382,91,291,0.23821989528795812,0.8637513689060081,0.5967597360242711,0.13677798624733553,0.09006538937991604,False,,0.16386077193427417,0.16527925120358744
independent_vector_shared_mlp,20260821,69,382,89,293,0.23298429319371727,0.8653602791732178,0.6117419013801147,0.13346231171452588,0.09577225953689116,False,,0.16105299638841253,0.1713143207056267
independent_vector_shared_mlp,20260821,70,376,87,289,0.23138297872340424,0.8615916955017301,0.6039869192255575,0.1365817444569766,0.0916563217935201,False,,0.16114990400984466,0.15245531608487461
independent_vector_shared_mlp,20260821,71,376,84,292,0.22340425531914893,0.8597521200260926,0.5839724995491905,0.13345006387639674,0.0889477562379553,False,,0.15451909842178335,0.13635230052841418
independent_vector_shared_mlp,20260821,72,374,82,292,0.2192513368983957,0.8615519545606415,0.5882152796614506,0.13190763516931042,0.0849263365737713,False,,0.15050962393162967,0.1235933508861159
independent_vector_shared_mlp,20260821,73,372,80,292,0.21505376344086022,0.8599743150684932,0.5847377889816753,0.13023797370664902,0.07869523218879962,False,,0.14791043755591995,0.1194808435516227
independent_vector_shared_mlp,20260821,74,368,77,291,0.20923913043478262,0.8531708840987191,0.5639144396057586,0.1332652089548372,0.0930973955275908,False,,0.1433226390279652,0.07017335252364121
independent_vector_shared_mlp,20260821,75,362,76,286,0.20994475138121546,0.8588516746411483,0.5874475455360346,0.12844429683879427,0.08315261648378358,False,,0.14232455441956876,0.09752538932850541
independent_vector_shared_mlp,20260821,76,354,75,279,0.211864406779661,0.8598805256869773,0.5826550652189146,0.13075023088717164,0.0918632155679621,False,,0.14336973022134722,0.08802066736606429
independent_vector_shared_mlp,20260821,77,350,73,277,0.20857142857142857,0.8556945749468374,0.5711076491255397,0.13230532001592837,0.0943230422306749,False,,0.14102355932010385,0.06182115489218576
independent_vector_shared_mlp,20260821,78,344,70,274,0.20348837209302326,0.8605839416058394,0.5748887154099899,0.12848079375544286,0.1007934343140517,False,,0.13642089043079694,0.058202938349694366
independent_vector_shared_mlp,20260821,79,340,68,272,0.2,0.8639705882352942,0.579605553874984,0.12341978758516328,0.0837905608625783,False,,0.13190260481912222,0.06431121845994936
independent_vector_shared_mlp,20260821,80,334,66,268,0.19760479041916168,0.8626752600633197,0.5742847995978511,0.12608331255880673,0.09228464797500883,False,,0.12950104609334906,0.026391551556106396
independent_vector_shared_mlp,20260821,81,332,62,270,0.18674698795180722,0.8617084826762246,0.5683583850397513,0.12127086567467668,0.08789985288095488,False,,0.12031205049562146,-0.007969402691629046
independent_vector_shared_mlp,20260821,82,328,61,267,0.18597560975609756,0.860502241051145,0.5605068391433641,0.12138844083632766,0.08995721442183376,False,,0.12019244893463557,-0.009950640928720222
independent_vector_shared_mlp,20260821,83,322,60,262,0.18633540372670807,0.8670483460559797,0.5863624333194764,0.1174731440829415,0.07749887485239859,False,,0.12045492939399241,0.024754365189139538
independent_vector_shared_mlp,20260821,84,320,60,260,0.1875,0.8653205128205128,0.5830022503789161,0.12039074195472828,0.09329049938594972,False,,0.12099113154837879,0.004962261167137161
independent_vector_shared_mlp,20260821,85,316,60,256,0.189873417721519,0.869921875,0.587293601884535,0.11865709827242579,0.09160458552764239,False,,0.12199133629793045,0.027331760817519757
independent_vector_shared_mlp,20260821,86,308,59,249,0.19155844155844157,0.8678782928323463,0.5780994525665065,0.12180461677855044,0.08424064272850068,False,,0.12273417175823167,0.0075737259343903185
independent_vector_shared_mlp,20260821,87,304,58,246,0.19078947368421054,0.8714606111578357,0.5964696030453094,0.11939305606583189,0.08763195403506825,False,,0.1225610730062125,0.025848475887772504
independent_vector_shared_mlp,20260821,88,292,54,238,0.18493150684931506,0.867802676626206,0.5932903774763647,0.1164281784926731,0.08990626943153243,False,,0.1205434448291377,0.03413927934694183
independent_vector_shared_mlp,20260821,89,286,54,232,0.1888111888111888,0.8666187739463601,0.5741124717816398,0.12023056983192114,0.08792956009115027,False,,0.12220719411307646,0.016174369238249442
independent_vector_shared_mlp,20260821,90,282,52,230,0.18439716312056736,0.8720735785953178,0.597443944245137,0.11538257344415609,0.08784220116937254,False,,0.12037122186002354,0.041443862899959716
independent_vector_shared_mlp,20260821,91,278,49,229,0.17625899280575538,0.8814722395508422,0.621782294439641,0.10506361723097388,0.07790959614205221,False,,0.11742630773557632,0.10528041580291425
independent_vector_shared_mlp,20260821,92,270,46,224,0.17037037037037037,0.8762616459627329,0.5986783294367242,0.10763217255430879,0.0824581894530842,False,,0.11295729166666665,0.047142765498239037
independent_vector_shared_mlp,20260821,93,264,43,221,0.16287878787878787,0.8910870251499526,0.6172441691552177,0.09583411330096107,0.07657147242805179,False,,0.11014321368234119,0.12991359070608122
independent_vector_shared_mlp,20260821,94,260,42,218,0.16153846153846155,0.8878331148973351,0.6165109010263985,0.09565014389965039,0.06573894915369632,False,,0.10962181083452127,0.12745334918761464
independent_vector_shared_mlp,20260821,95,252,41,211,0.1626984126984127,0.8830193041266906,0.593616289470526,0.09961663250056381,0.07966503170197525,False,,0.11019894276177536,0.09602914507163707
independent_vector_shared_mlp,20260821,96,252,41,211,0.1626984126984127,0.8792047162177783,0.5973146660478631,0.10014755268642792,0.07712869656825291,False,,0.11022993105465785,0.09146679374434663
independent_vector_shared_mlp,20260821,97,252,41,211,0.1626984126984127,0.8809386198127385,0.5907729770725795,0.10135391165645015,0.07845636657261269,False,,0.11027565323004204,0.08090400113051766
independent_vector_shared_mlp,20260821,98,250,40,210,0.16,0.8853571428571428,0.578064618008989,0.09781302671969411,0.0821968940021081,False,,0.10927045196313599,0.10485382862063408
independent_vector_shared_mlp,20260821,99,246,40,206,0.16260162601626016,0.8871359223300971,0.6074325730149084,0.09884125741416448,0.0643312708117007,False,,0.11047613094270885,0.10531572231270503
independent_vector_shared_mlp,20260822,1,674,651,23,0.9658753709198813,0.9206571829292727,0.9969365461308277,0.02741607235373871,0.011200493888789118,False,,0.03179571857208507,0.13774326906363576
independent_vector_shared_mlp,20260822,2,670,631,39,0.9417910447761194,0.9334796212767686,0.9956873530263022,0.04281986997558984,0.02060631916883302,False,,0.05143357304355249,0.16747238346962223
independent_vector_shared_mlp,20260822,3,664,611,53,0.9201807228915663,0.93033381712627,0.9935557694713126,0.05239739926695462,0.018179228650850383,False,,0.06756963163777621,0.22454217971996815
independent_vector_shared_mlp,20260822,4,660,601,59,0.9106060606060606,0.9430045968583435,0.994097317969404,0.04971341517008474,0.018230569092320067,False,,0.07396341138387637,0.32786476123893327
independent_vector_shared_mlp,20260822,5,660,593,67,0.8984848484848484,0.947446578238655,0.9937430271840578,0.05105035133675479,0.025131194583985637,False,,0.08221218546861095,0.379041549062747
independent_vector_shared_mlp,20260822,6,658,581,77,0.8829787234042553,0.9306390683327,0.9890388323164112,0.055798108180764826,0.02069155999008056,False,,0.09249116610700348,0.39671959464526885
independent_vector_shared_mlp,20260822,7,656,574,82,0.875,0.9261706467238888,0.9861277789228031,0.0581237931538477,0.022377622464793082,False,,0.09771934490594321,0.4051966556898945
independent_vector_shared_mlp,20260822,8,650,564,86,0.8676923076923077,0.9145431304634669,0.9782122090203456,0.06147416020208753,0.02453645463612304,False,,0.1034447791798012,0.40572969762701105
independent_vector_shared_mlp,20260822,9,650,550,100,0.8461538461538461,0.8988909090909091,0.9707182831701924,0.07412072187830204,0.038257170408585776,False,,0.11888577654447553,0.37653835443827666
independent_vector_shared_mlp,20260822,10,648,535,113,0.8256172839506173,0.8994954925150939,0.9664842529854747,0.080571380327674,0.040858300914599716,False,,0.13272718288788818,0.3929549428037592
independent_vector_shared_mlp,20260822,11,644,524,120,0.8136645962732919,0.8941475826972011,0.9630315843087467,0.08628119491882709,0.04114832736898578,False,,0.14156975501489297,0.3905393499497798
independent_vector_shared_mlp,20260822,12,642,516,126,0.8037383177570093,0.8788913498215823,0.9571239578406161,0.09460107007205924,0.03474627560024084,False,,0.148819001092084,0.3643212938008944
independent_vector_shared_mlp,20260822,13,636,490,146,0.7704402515723271,0.8628599384959463,0.9425482752903606,0.10931411587342799,0.052606184432313685,False,,0.16762267561403082,0.3478560375379316
independent_vector_shared_mlp,20260822,14,630,476,154,0.7555555555555555,0.8548783149623486,0.9357366640500971,0.12043030911115436,0.057442870876330036,False,,0.17516838708306176,0.3124883369848668
independent_vector_shared_mlp,20260822,15,628,459,169,0.7308917197452229,0.8753400110866174,0.9317948151854375,0.11264015604159161,0.046356585061125034,False,,0.18418948609162755,0.3884550175379867
independent_vector_shared_mlp,20260822,16,624,446,178,0.7147435897435898,0.8751826472514738,0.9300776556505921,0.11889304022102123,0.04591281434644494,False,,0.18916174852867754,0.3714741952546676
independent_vector_shared_mlp,20260822,17,622,435,187,0.6993569131832797,0.8717806871965087,0.9254430653901542,0.12302550671388601,0.05266352009814783,False,,0.19316626380514185,0.36311080262965034
independent_vector_shared_mlp,20260822,18,618,417,201,0.6747572815533981,0.8853096627175872,0.9165116442066782,0.11408664714652354,0.02752966889475948,False,,0.19511600265432533,0.415288107615429
independent_vector_shared_mlp,20260822,19,618,408,210,0.6601941747572816,0.8844654528478058,0.9175721908278884,0.11698112708950119,0.05022761891825577,False,,0.1973615027386028,0.40727484607553943
independent_vector_shared_mlp,20260822,20,612,396,216,0.6470588235294118,0.8799219042274598,0.9047439634942597,0.1186580333904142,0.03823629254278807,False,,0.19973326552219994,0.40591752164976447
independent_vector_shared_mlp,20260822,21,612,392,220,0.6405228758169934,0.8744086270871985,0.8994570605218682,0.12487892536878316,0.048676999344239656,False,,0.20285209695560347,0.3843843507513045
independent_vector_shared_mlp,20260822,22,612,383,229,0.6258169934640523,0.8709909129259922,0.8964034385986605,0.13098644485495306,0.05506934784280464,False,,0.20385935715860218,0.357466605013152
independent_vector_shared_mlp,20260822,23,610,364,246,0.5967213114754099,0.8742070937192888,0.8886024563975481,0.1332914773560571,0.0546615083435813,False,,0.20740007699302235,0.357321948532635
independent_vector_shared_mlp,20260822,24,606,350,256,0.5775577557755776,0.8763504464285714,0.8839161431005431,0.13496462407281018,0.05290787654403559,False,,0.2078626614666031,0.35070289622701334
independent_vector_shared_mlp,20260822,25,600,341,259,0.5683333333333334,0.8737757447434866,0.8762679638066628,0.13702163694559702,0.060968392030880274,False,,0.21052205428393125,0.3491340495813525
independent_vector_shared_mlp,20260822,26,592,326,266,0.5506756756756757,0.8718690899026708,0.8705817100655653,0.14091018434559374,0.062257960397011515,False,,0.21242368502578124,0.3366550235276641
independent_vector_shared_mlp,20260822,27,588,318,270,0.5408163265306123,0.861378989051945,0.855030089383234,0.14892678726981337,0.07653421425344363,False,,0.21420481301986444,0.30474584034672214
independent_vector_shared_mlp,20260822,28,582,305,277,0.5240549828178694,0.8579984612653133,0.8427364115986451,0.15244561500060838,0.0796713822275407,False,,0.21390880519031513,0.2873336145981593
independent_vector_shared_mlp,20260822,29,578,298,280,0.5155709342560554,0.8617090124640461,0.8407064581682253,0.15112911377731078,0.07751417327647415,False,,0.21149132516581798,0.285412233060532
independent_vector_shared_mlp,20260822,30,578,288,290,0.4982698961937716,0.8558548850574713,0.8254640470407207,0.15601626803920893,0.07860873718445506,False,,0.21350275626001258,0.2692540800306775
independent_vector_shared_mlp,20260822,31,576,277,299,0.4809027777777778,0.8557405551597986,0.802629911184617,0.15605961880980068,0.07129859529213431,False,,0.2107840532885545,0.2596232192377399
independent_vector_shared_mlp,20260822,32,574,275,299,0.47909407665505227,0.8489875342049256,0.7888140039107642,0.15861822639033424,0.07268127502556737,False,,0.21165164669065356,0.25056937250212874
independent_vector_shared_mlp,20260822,33,568,261,307,0.4595070422535211,0.8490770901194354,0.7857273061226533,0.15800547766997358,0.08223061838806066,False,,0.21013112819491803,0.2480624882791882
independent_vector_shared_mlp,20260822,34,568,252,316,0.44366197183098594,0.8459036568213784,0.7655766868403662,0.16180277010976404,0.07633503953034526,False,,0.20995071780074956,0.2293297598376376
independent_vector_shared_mlp,20260822,35,566,246,320,0.43462897526501765,0.8441819105691057,0.7525703812627943,0.16166541419234487,0.08661440655486805,False,,0.2085135699921319,0.22467677188374258
independent_vector_shared_mlp,20260822,36,562,238,324,0.4234875444839858,0.8548345264031538,0.7644417548484838,0.1560434169017594,0.08418520584217415,False,,0.2066415258907867,0.2448593464982889
independent_vector_shared_mlp,20260822,37,560,228,332,0.40714285714285714,0.8631896005072923,0.763731572927456,0.14873772866708823,0.06687590991101766,False,,0.19907123041794256,0.2528416670012087
independent_vector_shared_mlp,20260822,38,554,221,333,0.3989169675090253,0.8656529833000421,0.7627431514569532,0.1462775553382382,0.05425222016289979,False,,0.20080703722303886,0.27155164798449816
independent_vector_shared_mlp,20260822,39,548,214,334,0.3905109489051095,0.8640942414236946,0.7611279633872073,0.14815856930836638,0.05980618656372326,False,,0.19750337217816685,0.2498428372417194
independent_vector_shared_mlp,20260822,40,540,210,330,0.3888888888888889,0.8614430014430015,0.7539047480482449,0.15001302231843308,0.06131592165247652,False,,0.19689672427839014,0.2381131638008802
independent_vector_shared_mlp,20260822,41,534,205,329,0.3838951310861423,0.8663207057602491,0.755982351818304,0.14515148147791979,0.0521830644663053,False,,0.19369202978174915,0.2506068440633542
independent_vector_shared_mlp,20260822,42,528,199,329,0.3768939393939394,0.8689037894640376,0.7478253462930974,0.1439348435586351,0.05105550652544631,False,,0.19240607768065612,0.25192153338560663
independent_vector_shared_mlp,20260822,43,518,196,322,0.3783783783783784,0.8745563442768411,0.7590444580892228,0.1391913468235403,0.05103206754159918,False,,0.1910213820470231,0.27133106602026347
independent_vector_shared_mlp,20260822,44,512,184,328,0.359375,0.8647269353128314,0.7243361754587297,0.14486657589277618,0.05757275476957155,False,,0.18685116353407522,0.22469535028419818
independent_vector_shared_mlp,20260822,45,504,181,323,0.35912698412698413,0.8692677419906608,0.7347599194017731,0.1420046918116182,0.05673634816586311,False,,0.1875446028978989,0.24282176283725454
independent_vector_shared_mlp,20260822,46,496,175,321,0.3528225806451613,0.8661860258121941,0.7274030977326864,0.14342014141482917,0.06101415770764677,False,,0.1890783761663725,0.24147782352101466
independent_vector_shared_mlp,20260822,47,490,166,324,0.33877551020408164,0.8702030343596608,0.7173768636913807,0.14233913929514108,0.07654528997038869,False,,0.18653009993253505,0.23691061471246266
independent_vector_shared_mlp,20260822,48,488,160,328,0.32786885245901637,0.8630525914634146,0.7019741718184296,0.14669088937138497,0.06818281480560279,False,,0.1842327877771015,0.20377425136256155
independent_vector_shared_mlp,20260822,49,484,153,331,0.31611570247933884,0.8733092431333057,0.7099377290775345,0.138185221016628,0.058938895349580224,False,,0.18205797605029028,0.24098232873655157
independent_vector_shared_mlp,20260822,50,476,145,331,0.30462184873949577,0.8693822273153453,0.6829228673878932,0.1389482269782368,0.05483959551757604,False,,0.18311680557092885,0.2412043965870937
independent_vector_shared_mlp,20260822,51,464,139,325,0.2995689655172414,0.8676701715550637,0.6824287589704697,0.13904759441029596,0.06811861925079876,False,,0.18401921835254353,0.24438547421764967
independent_vector_shared_mlp,20260822,52,458,136,322,0.29694323144104806,0.8695195469492145,0.679273213732051,0.1361319928536569,0.04638079606319115,False,,0.18239227106605155,0.2536306935705732
independent_vector_shared_mlp,20260822,53,448,134,314,0.29910714285714285,0.8721361346135564,0.6975469693745519,0.13490170999583245,0.05715416008147056,False,,0.18294377872033654,0.2626056434416679
independent_vector_shared_mlp,20260822,54,438,129,309,0.2945205479452055,0.8654825518677404,0.6708687144425289,0.13830690957807532,0.05616184148028248,False,,0.18204292713340556,0.24025112232610613
independent_vector_shared_mlp,20260822,55,438,128,310,0.2922374429223744,0.8616683467741936,0.6672254152561146,0.13940150126020678,0.06763888652940778,False,,0.18170408741118432,0.23281031678307595
independent_vector_shared_mlp,20260822,56,434,124,310,0.2857142857142857,0.8575962539021852,0.6656985867093856,0.14040535449191618,0.06982083037553588,False,,0.18129512076854765,0.22554256343629797
independent_vector_shared_mlp,20260822,57,432,122,310,0.2824074074074074,0.8553675304071919,0.6433647947812113,0.14161563109148056,0.06862366093698556,False,,0.18096936990339085,0.21746077158205823
independent_vector_shared_mlp,20260822,58,422,120,302,0.2843601895734597,0.852621412803532,0.6366286793720952,0.14414875314420966,0.07059225876431253,False,,0.18197087121015995,0.2078471011015227
independent_vector_shared_mlp,20260822,59,418,116,302,0.27751196172248804,0.8479104818451701,0.6262350825753702,0.1448521048801126,0.06765650329921107,False,,0.17998996456881292,0.1952212156543126
independent_vector_shared_mlp,20260822,60,416,114,302,0.27403846153846156,0.8466655048216568,0.6288465260465879,0.14424762153715476,0.062004508962638635,False,,0.17966380887447,0.1971247718679966
independent_vector_shared_mlp,20260822,61,412,112,300,0.27184466019417475,0.8475595238095238,0.6207487759599607,0.14358471272010656,0.07044760619460058,False,,0.17966152881860323,0.20080434768492883
independent_vector_shared_mlp,20260822,62,410,111,299,0.2707317073170732,0.8478110217240652,0.6275964055166314,0.14438090835856854,0.07351679662077718,False,,0.17966355432289627,0.19638176533520424
independent_vector_shared_mlp,20260822,63,402,105,297,0.26119402985074625,0.8411736411736411,0.592588286418381,0.14287208331525597,0.08534395596416927,False,,0.17725115273902337,0.1939568171631899
independent_vector_shared_mlp,20260822,64,396,103,293,0.2601010101010101,0.846018754763246,0.6179292707577639,0.14020324365334116,0.07664694551144571,False,,0.17617840018535197,0.20419731643698902
independent_vector_shared_mlp,20260822,65,394,100,294,0.25380710659898476,0.8493537414965986,0.6152045214268574,0.1381966917850946,0.06929830478529421,False,,0.17076887607736727,0.19073841229426225
independent_vector_shared_mlp,20260822,66,390,97,293,0.24871794871794872,0.8494774990324057,0.6251704504638887,0.13502766843868141,0.06070335963151434,False,,0.16997613984005217,0.20560810143269126
independent_vector_shared_mlp,20260822,67,386,93,293,0.24093264248704663,0.8454989173914639,0.6037933394232324,0.13497743286813907,0.07033229307712922,False,,0.16559532654077044,0.18489588028979242
independent_vector_shared_mlp,20260822,68,382,91,291,0.23821989528795812,0.8413957176843775,0.5786131657090579,0.1366283559561597,0.06065837853064523,False,,0.16386077193427417,0.16619240625228837
independent_vector_shared_mlp,20260822,69,382,89,293,0.23298429319371727,0.8390919200828316,0.5808838237122738,0.13579155276708746,0.0647242485714772,False,,0.16105299638841253,0.1568517456229246
independent_vector_shared_mlp,20260822,70,376,87,289,0.23138297872340424,0.8503758501372152,0.6126600052583767,0.1326708386865956,0.06658365457978817,False,,0.16114990400984466,0.1767240601118154
independent_vector_shared_mlp,20260822,71,376,84,292,0.22340425531914893,0.8458904109589042,0.58896003816703,0.13041751791747513,0.06393582957958009,False,,0.15451909842178335,0.15597800369323467
independent_vector_shared_mlp,20260822,72,374,82,292,0.2192513368983957,0.8527814901436686,0.5992809960017355,0.12701477942272452,0.06296715990309844,False,,0.15050962393162967,0.1561019414916477
independent_vector_shared_mlp,20260822,73,372,80,292,0.21505376344086022,0.8564640410958904,0.6017189106017264,0.12465373226307247,0.06103849416774363,False,,0.14791043755591995,0.1572350516781813
independent_vector_shared_mlp,20260822,74,368,77,291,0.20923913043478262,0.8494666845182309,0.5779506628890574,0.12399053998745209,0.06017439795668583,False,,0.1433226390279652,0.13488517356103813
independent_vector_shared_mlp,20260822,75,362,76,286,0.20994475138121546,0.8502484357747515,0.600208655396491,0.12257890566063466,0.05736083716689831,False,,0.14232455441956876,0.1387367685039399
independent_vector_shared_mlp,20260822,76,354,75,279,0.211864406779661,0.8473596176821984,0.5890012305478272,0.12536273428075345,0.07772104828535044,False,,0.14336973022134722,0.12559831083446227
independent_vector_shared_mlp,20260822,77,350,73,277,0.20857142857142857,0.8506503140299688,0.60141981017822,0.12569233957783346,0.06900860859559688,False,,0.14102355932010385,0.10871389019100464
independent_vector_shared_mlp,20260822,78,344,70,274,0.20348837209302326,0.852606882168926,0.5942122046574073,0.12130164814081179,0.06852691969157508,False,,0.13642089043079694,0.1108279109030943
independent_vector_shared_mlp,20260822,79,340,68,272,0.2,0.8528871107266436,0.5811185299656013,0.1206003673005826,0.06694718061330082,False,,0.13190260481912222,0.08568623443061152
independent_vector_shared_mlp,20260822,80,334,66,268,0.19760479041916168,0.8546472184531886,0.5658637461869168,0.12168411653896762,0.06119713618696034,False,,0.12950104609334906,0.06036190278143949
independent_vector_shared_mlp,20260822,81,332,62,270,0.18674698795180722,0.8506571087216248,0.5521276018870958,0.11663656920165648,0.06485789662713919,False,,0.12031205049562146,0.030549569048353487
independent_vector_shared_mlp,20260822,82,328,61,267,0.18597560975609756,0.8542395775772088,0.5528523918578475,0.11563715933861624,0.052898638198927504,False,,0.12019244893463557,0.03789996490126135
independent_vector_shared_mlp,20260822,83,322,60,262,0.18633540372670807,0.8569974554707379,0.5712903076261208,0.11419759325002433,0.06952622529195926,False,,0.12045492939399241,0.05194753071085323
independent_vector_shared_mlp,20260822,84,320,60,260,0.1875,0.8516025641025641,0.5550607961028698,0.11686231670182581,0.05458194417382265,False,,0.12099113154837879,0.03412493786705395
independent_vector_shared_mlp,20260822,85,316,60,256,0.189873417721519,0.8536458333333333,0.5575189638955881,0.11761264347181302,0.0748528101448815,False,,0.12199133629793045,0.03589347374164076
independent_vector_shared_mlp,20260822,86,308,59,249,0.19155844155844157,0.8518140358042339,0.5621964207367887,0.11939380526906541,0.05499710056960019,False,,0.12273417175823167,0.027216271078492227
independent_vector_shared_mlp,20260822,87,304,58,246,0.19078947368421054,0.8456686291000841,0.5430481541751232,0.12132945881474777,0.06671975927011885,False,,0.1225610730062125,0.010048983427244473
independent_vector_shared_mlp,20260822,88,292,54,238,0.18493150684931506,0.8583099906629318,0.5686687490968647,0.1142514982383257,0.06594256482909527,False,,0.1205434448291377,0.052196505581289965
independent_vector_shared_mlp,20260822,89,286,54,232,0.1888111888111888,0.8552043422733078,0.5638229446578853,0.11798903682593292,0.06282582025981581,False,,0.12220719411307646,0.03451644003249543
independent_vector_shared_mlp,20260822,90,282,52,230,0.18439716312056736,0.849247491638796,0.5413373712923077,0.11829970531744248,0.06818990789582918,False,,0.12037122186002354,0.017209400308239586
independent_vector_shared_mlp,20260822,91,278,49,229,0.17625899280575538,0.8682826842527404,0.5629859015855376,0.10776173790506102,0.05325674683368128,False,,0.11742630773557632,0.0823032761302368
independent_vector_shared_mlp,20260822,92,270,46,224,0.17037037037037037,0.8685947204968945,0.5355570185795441,0.1057314392424979,0.05593054481301847,False,,0.11295729166666665,0.06396977404072346
independent_vector_shared_mlp,20260822,93,264,43,221,0.16287878787878787,0.8690939703251604,0.5535731156828749,0.09963261011581771,0.046483643802415625,False,,0.11014321368234119,0.09542670142925558
independent_vector_shared_mlp,20260822,94,260,42,218,0.16153846153846155,0.8704674530362604,0.5698293537269462,0.09851814162400281,0.06107043785152674,False,,0.10962181083452127,0.10129069321140771
independent_vector_shared_mlp,20260822,95,252,41,211,0.1626984126984127,0.8758525026008553,0.5678799339479151,0.09803236429056367,0.061717988629583526,False,,0.11019894276177536,0.11040558254277466
independent_vector_shared_mlp,20260822,96,252,41,211,0.1626984126984127,0.8629060224251531,0.5304907977359347,0.10272799888576845,0.056160466404782054,False,,0.11022993105465785,0.06805712474926207
independent_vector_shared_mlp,20260822,97,252,41,211,0.1626984126984127,0.8664894231880708,0.5368682211494086,0.10136048423733353,0.03574147043577899,False,,0.11027565323004204,0.08084439975259905
independent_vector_shared_mlp,20260822,98,250,40,210,0.16,0.8660714285714286,0.5265861761599517,0.10046792791765428,0.05097901643242254,False,,0.10927045196313599,0.08055722189610204
independent_vector_shared_mlp,20260822,99,246,40,206,0.16260162601626016,0.8769417475728155,0.5580132632495436,0.09969272845733518,0.05448371845612717,False,,0.11047613094270885,0.09760843716518064
monotone_conditional_survival_shared_mlp,20260820,1,674,651,23,0.9658753709198813,0.9163160355306218,0.9968986906096723,0.041770803124617104,0.03384228720024612,False,,0.03179571857208507,-0.3137241427620896
monotone_conditional_survival_shared_mlp,20260820,2,670,631,39,0.9417910447761194,0.9254337843878256,0.9952187818568689,0.0482612255116096,0.029155831870756214,False,,0.05143357304355249,0.061678536882060264
monotone_conditional_survival_shared_mlp,20260820,3,664,611,53,0.9201807228915663,0.941883086804805,0.9948190298868943,0.050594087832258126,0.018840257655356803,False,,0.06756963163777621,0.2512303736761464
monotone_conditional_survival_shared_mlp,20260820,4,660,601,59,0.9106060606060606,0.9456273442567472,0.9945659845017901,0.053686972555958605,0.02041771307728024,False,,0.07396341138387637,0.2741414768267154
monotone_conditional_survival_shared_mlp,20260820,5,660,593,67,0.8984848484848484,0.9514233218393697,0.9944617846368767,0.05347640453447425,0.018810017593162788,False,,0.08221218546861095,0.3495318944550887
monotone_conditional_survival_shared_mlp,20260820,6,658,581,77,0.8829787234042553,0.9442519614636654,0.9922181623421313,0.05900143529461042,0.017759624292546926,False,,0.09249116610700348,0.36208572366412406
monotone_conditional_survival_shared_mlp,20260820,7,656,574,82,0.875,0.9378133763916037,0.9899966882135456,0.06176511672216194,0.01960549384902521,False,,0.09771934490594321,0.36793357772084856
monotone_conditional_survival_shared_mlp,20260820,8,650,564,86,0.8676923076923077,0.9182953983176645,0.982441124678539,0.06809225670189711,0.04315421270954802,False,,0.1034447791798012,0.34175260228896187
monotone_conditional_survival_shared_mlp,20260820,9,650,550,100,0.8461538461538461,0.9057272727272727,0.9764132707700397,0.0732821837010787,0.03433436637506825,False,,0.11888577654447553,0.38359166393917943
monotone_conditional_survival_shared_mlp,20260820,10,648,535,113,0.8256172839506173,0.9000413530725333,0.9688857926802021,0.08221315945317759,0.039391107312277636,False,,0.13272718288788818,0.3805853656773437
monotone_conditional_survival_shared_mlp,20260820,11,644,524,120,0.8136645962732919,0.8979961832061069,0.9666853438205179,0.08778825072349393,0.04589396357982524,False,,0.14156975501489297,0.37989402669900285
monotone_conditional_survival_shared_mlp,20260820,12,642,516,126,0.8037383177570093,0.8896271686969361,0.9616646426870511,0.09247232952206233,0.0474070459397205,False,,0.148819001092084,0.37862551929881805
monotone_conditional_survival_shared_mlp,20260820,13,636,490,146,0.7704402515723271,0.8885239027117696,0.9545531608984865,0.1063823201527715,0.05635224988244373,False,,0.16762267561403082,0.36534648571218253
monotone_conditional_survival_shared_mlp,20260820,14,630,476,154,0.7555555555555555,0.8784513805522209,0.9485221384975839,0.1120113361952141,0.06713216497091773,False,,0.17516838708306176,0.36055050765467
monotone_conditional_survival_shared_mlp,20260820,15,628,459,169,0.7308917197452229,0.8864781941705019,0.9441046137665113,0.10934528218200264,0.06697062346158505,False,,0.18418948609162755,0.40634351882817377
monotone_conditional_survival_shared_mlp,20260820,16,624,446,178,0.7147435897435898,0.8821736282561596,0.9352502746197052,0.11334540090660894,0.05382794223919655,False,,0.18916174852867754,0.4008016853924069
monotone_conditional_survival_shared_mlp,20260820,17,622,435,187,0.6993569131832797,0.8791320917081566,0.9301667375704181,0.11734477715154791,0.06049358357604215,False,,0.19316626380514185,0.3925193000061311
monotone_conditional_survival_shared_mlp,20260820,18,618,417,201,0.6747572815533981,0.88435520240524,0.9306402959017392,0.1201128460314993,0.06290481763033508,False,,0.19511600265432533,0.38440289675114125
monotone_conditional_survival_shared_mlp,20260820,19,618,408,210,0.6601941747572816,0.8897875816993464,0.9279649014621929,0.11361238623097851,0.0428182516924344,False,,0.1973615027386028,0.42434373140412573
monotone_conditional_survival_shared_mlp,20260820,20,612,396,216,0.6470588235294118,0.8899878413767303,0.9231216328562152,0.11447433684633251,0.04905775822783117,False,,0.19973326552219994,0.42686394003001504
monotone_conditional_survival_shared_mlp,20260820,21,612,392,220,0.6405228758169934,0.8869782003710576,0.9178166710877885,0.11754241555182163,0.05317847300528642,False,,0.20285209695560347,0.42055114383388825
monotone_conditional_survival_shared_mlp,20260820,22,612,383,229,0.6258169934640523,0.8729633894672033,0.9016788839888468,0.1301315203818797,0.0629424155968458,False,,0.20385935715860218,0.36166030249650194
monotone_conditional_survival_shared_mlp,20260820,23,610,364,246,0.5967213114754099,0.8741065844724382,0.8949554124596916,0.13564518078179622,0.06638527450321674,False,,0.20740007699302235,0.34597333449225387
monotone_conditional_survival_shared_mlp,20260820,24,606,350,256,0.5775577557755776,0.8762165178571428,0.8908388871912802,0.13879794853253646,0.07672683353961048,False,,0.2078626614666031,0.33226127504945435
monotone_conditional_survival_shared_mlp,20260820,25,600,341,259,0.5683333333333334,0.8701751604977411,0.8745988448532531,0.14444298348734844,0.07964265149556553,False,,0.21052205428393125,0.3138819399294951
monotone_conditional_survival_shared_mlp,20260820,26,592,326,266,0.5506756756756757,0.8723995571751465,0.8682336139905978,0.1412677521160352,0.07024693406238328,False,,0.21242368502578124,0.334971747152913
monotone_conditional_survival_shared_mlp,20260820,27,588,318,270,0.5408163265306123,0.8679478220358724,0.8599455281903505,0.14606628359154952,0.06698286329936032,False,,0.21420481301986444,0.3180998991931896
monotone_conditional_survival_shared_mlp,20260820,28,582,305,277,0.5240549828178694,0.8603539089779251,0.8450708307786566,0.15465132638991583,0.08102039522803772,False,,0.21390880519031513,0.2770221578661888
monotone_conditional_survival_shared_mlp,20260820,29,578,298,280,0.5155709342560554,0.8620805369127517,0.8424989639228679,0.15543321645945168,0.08402509332602719,False,,0.21149132516581798,0.2650610310489776
monotone_conditional_survival_shared_mlp,20260820,30,578,288,290,0.4982698961937716,0.8568127394636015,0.8183754508977369,0.15758916834690098,0.08340102104226622,False,,0.21350275626001258,0.26188696058339267
monotone_conditional_survival_shared_mlp,20260820,31,576,277,299,0.4809027777777778,0.8541950907356652,0.7975356996955246,0.15974847875480933,0.08936109864955262,False,,0.2107840532885545,0.24212255973595698
monotone_conditional_survival_shared_mlp,20260820,32,574,275,299,0.47909407665505227,0.8515171784737002,0.7924316710878087,0.16139473368914609,0.08842443799347674,False,,0.21165164669065356,0.2374510843044001
monotone_conditional_survival_shared_mlp,20260820,33,568,261,307,0.4595070422535211,0.8440101339124141,0.7678599383727127,0.167688088149481,0.09813040866770796,False,,0.21013112819491803,0.20198359191250703
monotone_conditional_survival_shared_mlp,20260820,34,568,252,316,0.44366197183098594,0.8409684548925055,0.7563233602688596,0.17262340016742975,0.11347500525521376,False,,0.20995071780074956,0.17779085503648873
monotone_conditional_survival_shared_mlp,20260820,35,566,246,320,0.43462897526501765,0.8423399390243902,0.7526719774651782,0.16757682365193416,0.09658248466342427,False,,0.2085135699921319,0.19632653328866057
monotone_conditional_survival_shared_mlp,20260820,36,562,238,324,0.4234875444839858,0.8485838779956427,0.751932196608755,0.1639960265128444,0.09557037133335339,False,,0.2066415258907867,0.20637429574770516
monotone_conditional_survival_shared_mlp,20260820,37,560,228,332,0.40714285714285714,0.8544573028957937,0.7495331024968315,0.16302228699852458,0.10827550917639682,False,,0.19907123041794256,0.18108565132055787
monotone_conditional_survival_shared_mlp,20260820,38,554,221,333,0.3989169675090253,0.8510184392537333,0.7445386572393958,0.16579764666013413,0.10751971028139128,False,,0.20080703722303886,0.17434344456772877
monotone_conditional_survival_shared_mlp,20260820,39,548,214,334,0.3905109489051095,0.8516984722144496,0.7412333468906052,0.16652269830350908,0.10906786779023164,False,,0.19750337217816685,0.15686149321395004
monotone_conditional_survival_shared_mlp,20260820,40,540,210,330,0.3888888888888889,0.8543722943722943,0.7427315487687854,0.1639410465080996,0.10549105066442416,False,,0.19689672427839014,0.1673754496986698
monotone_conditional_survival_shared_mlp,20260820,41,534,205,329,0.3838951310861423,0.869286084958114,0.7584615671698043,0.14704101191058375,0.0754764500884461,False,,0.19369202978174915,0.2408515101201193
monotone_conditional_survival_shared_mlp,20260820,42,528,199,329,0.3768939393939394,0.8659711933527822,0.7468449099508017,0.14870298500893891,0.07932094756396159,False,,0.19240607768065612,0.2271398762374489
monotone_conditional_survival_shared_mlp,20260820,43,518,196,322,0.3783783783783784,0.866000126758778,0.7471721596782062,0.1479426962687001,0.07859558177253924,False,,0.1910213820470231,0.2255176112573537
monotone_conditional_survival_shared_mlp,20260820,44,512,184,328,0.359375,0.8603360286320254,0.7201928092953996,0.15038575121549985,0.0767829336827005,False,,0.18685116353407522,0.19515753409758851
monotone_conditional_survival_shared_mlp,20260820,45,504,181,323,0.35912698412698413,0.8649231137642611,0.7320788739111735,0.14691470201085496,0.0706063182861599,False,,0.1875446028978989,0.21664126964593722
monotone_conditional_survival_shared_mlp,20260820,46,496,175,321,0.3528225806451613,0.8627147307521139,0.7269352274535217,0.14906235918739147,0.07047064893823375,False,,0.1890783761663725,0.21163719400557157
monotone_conditional_survival_shared_mlp,20260820,47,490,166,324,0.33877551020408164,0.8613156329019783,0.714035229977868,0.1512314150208206,0.0773111872097014,False,,0.18653009993253505,0.18923854608173918
monotone_conditional_survival_shared_mlp,20260820,48,488,160,328,0.32786885245901637,0.8613757621951219,0.7052556902502551,0.15118983783460163,0.08168631774491121,False,,0.1842327877771015,0.1793543393724123
monotone_conditional_survival_shared_mlp,20260820,49,484,153,331,0.31611570247933884,0.8551231167189938,0.6954938936417231,0.15271172167882777,0.0859440153977861,False,,0.18205797605029028,0.16119180828065527
monotone_conditional_survival_shared_mlp,20260820,50,476,145,331,0.30462184873949577,0.8559849984373372,0.6889314561619685,0.15088184217348335,0.09052335538842021,False,,0.18311680557092885,0.17603498104361337
monotone_conditional_survival_shared_mlp,20260820,51,464,139,325,0.2995689655172414,0.8566021029330382,0.686653262560369,0.1501742611672502,0.08918438931001717,False,,0.18401921835254353,0.18392077462503542
monotone_conditional_survival_shared_mlp,20260820,52,458,136,322,0.29694323144104806,0.8461591158202412,0.6590790666139696,0.1557810068402943,0.08504015657352423,False,,0.18239227106605155,0.1459012713105603
monotone_conditional_survival_shared_mlp,20260820,53,448,134,314,0.29910714285714285,0.8427369521817664,0.648822927753028,0.15711117367360564,0.08516272737866366,False,,0.18294377872033654,0.14120515727523497
monotone_conditional_survival_shared_mlp,20260820,54,438,129,309,0.2945205479452055,0.8412232507965179,0.6416802932467748,0.1580474191068168,0.08966366857282221,False,,0.18204292713340556,0.1318123609878249
monotone_conditional_survival_shared_mlp,20260820,55,438,128,310,0.2922374429223744,0.8434979838709677,0.6417474673682956,0.15595794103666705,0.08690959276677052,False,,0.18170408741118432,0.14169271996757815
monotone_conditional_survival_shared_mlp,20260820,56,434,124,310,0.2857142857142857,0.8403485952133195,0.6347418840578695,0.15770123328458474,0.08901210623190726,False,,0.18129512076854765,0.13014077479826003
monotone_conditional_survival_shared_mlp,20260820,57,432,122,310,0.2824074074074074,0.8358540454785828,0.6174294103970419,0.16042513579113368,0.09542150976653428,False,,0.18096936990339085,0.11352326707676863
monotone_conditional_survival_shared_mlp,20260820,58,422,120,302,0.2843601895734597,0.8365618101545254,0.6202715038065337,0.1598103019212984,0.09580529480489823,False,,0.18197087121015995,0.1217808605382128
monotone_conditional_survival_shared_mlp,20260820,59,418,116,302,0.27751196172248804,0.845712491436401,0.629578218546813,0.14909225935316797,0.07532058998630344,False,,0.17998996456881292,0.17166348851539592
monotone_conditional_survival_shared_mlp,20260820,60,416,114,302,0.27403846153846156,0.84794353433252,0.6302052951304118,0.1473569233363614,0.07282149649298916,False,,0.17966380887447,0.17981854965949884
monotone_conditional_survival_shared_mlp,20260820,61,412,112,300,0.27184466019417475,0.85,0.6317391737240668,0.1457041636925732,0.07010875043245991,False,,0.17966152881860323,0.1890074372032945
monotone_conditional_survival_shared_mlp,20260820,62,410,111,299,0.2707317073170732,0.850161197987285,0.6329030444907326,0.14476892064645971,0.07120347153313414,False,,0.17966355432289627,0.19422210479996938
monotone_conditional_survival_shared_mlp,20260820,63,402,105,297,0.26119402985074625,0.850376783710117,0.6184493127677217,0.14311849287172995,0.07126415061000171,False,,0.17725115273902337,0.19256664534954426
monotone_conditional_survival_shared_mlp,20260820,64,396,103,293,0.2601010101010101,0.8530766426985652,0.6221761137950086,0.1413985951368565,0.06969613229932699,False,,0.17617840018535197,0.19741242406506532
monotone_conditional_survival_shared_mlp,20260820,65,394,100,294,0.25380710659898476,0.8532993197278912,0.6178248826067009,0.14014268387774598,0.07087376889745131,False,,0.17076887607736727,0.17934293943438506
monotone_conditional_survival_shared_mlp,20260820,66,390,97,293,0.24871794871794872,0.8493367580310334,0.6081707475457303,0.14179070503379565,0.0795261885030777,False,,0.16997613984005217,0.16581994880445605
monotone_conditional_survival_shared_mlp,20260820,67,386,93,293,0.24093264248704663,0.8488017908914088,0.6049384045793231,0.13980325870608584,0.08207156337980326,False,,0.16559532654077044,0.155753597480509
monotone_conditional_survival_shared_mlp,20260820,68,382,91,291,0.23821989528795812,0.850043427363015,0.602672927395851,0.13796161030765655,0.08640896201092904,False,,0.16386077193427417,0.15805589904706407
monotone_conditional_survival_shared_mlp,20260820,69,382,89,293,0.23298429319371727,0.8492541319937109,0.5983834642247213,0.13659154709959112,0.08414550937696011,False,,0.16105299638841253,0.15188447180347753
monotone_conditional_survival_shared_mlp,20260820,70,376,87,289,0.23138297872340424,0.8497394901165334,0.598785440123756,0.13597677989319534,0.08753783361562077,False,,0.16114990400984466,0.15620936463673907
monotone_conditional_survival_shared_mlp,20260820,71,376,84,292,0.22340425531914893,0.8524951076320939,0.5959175566533487,0.1318388458437448,0.0823665477636842,False,,0.15451909842178335,0.14677960724394956
monotone_conditional_survival_shared_mlp,20260820,72,374,82,292,0.2192513368983957,0.854786167724691,0.5914720681423606,0.12881211447000027,0.07962726100446119,False,,0.15050962393162967,0.14416027955451993
monotone_conditional_survival_shared_mlp,20260820,73,372,80,292,0.21505376344086022,0.8551369863013699,0.5893893629977318,0.12850692643005654,0.08381965397132994,False,,0.14791043755591995,0.13118419123415548
monotone_conditional_survival_shared_mlp,20260820,74,368,77,291,0.20923913043478262,0.8484848484848485,0.5647546007463281,0.13085614911916868,0.08890848419245406,False,,0.1433226390279652,0.08698200084331431
monotone_conditional_survival_shared_mlp,20260820,75,362,76,286,0.20994475138121546,0.854205005520795,0.5774899366636009,0.12601054784212104,0.07661317891418563,False,,0.14232455441956876,0.11462538311804227
monotone_conditional_survival_shared_mlp,20260820,76,354,75,279,0.211864406779661,0.8540023894862605,0.5702115334172485,0.12874774579372733,0.0773699378393894,False,,0.14336973022134722,0.10198794686329626
monotone_conditional_survival_shared_mlp,20260820,77,350,73,277,0.20857142857142857,0.8516393847979823,0.5644103494345903,0.12976796182553796,0.09139320225463107,False,,0.14102355932010385,0.07981359674107535
monotone_conditional_survival_shared_mlp,20260820,78,344,70,274,0.20348837209302326,0.85422314911366,0.5661784945278279,0.12599864262387137,0.08868117199964036,False,,0.13642089043079694,0.07639774065404248
monotone_conditional_survival_shared_mlp,20260820,79,340,68,272,0.2,0.8565635813148789,0.5663097272598587,0.12293222748008938,0.08090834915638047,False,,0.13190260481912222,0.06800758295360354
monotone_conditional_survival_shared_mlp,20260820,80,334,66,268,0.19760479041916168,0.852894617819991,0.5492518821090857,0.12386202524519659,0.08366267696327254,False,,0.12950104609334906,0.04354421078643378
monotone_conditional_survival_shared_mlp,20260820,81,332,62,270,0.18674698795180722,0.8682795698924731,0.5739816130362345,0.11488148000557233,0.08691538293561701,False,,0.12031205049562146,0.04513737790751704
monotone_conditional_survival_shared_mlp,20260820,82,328,61,267,0.18597560975609756,0.8682998710628108,0.5748252884348717,0.11405491345096554,0.08542837644941399,False,,0.12019244893463557,0.051064235216705
monotone_conditional_survival_shared_mlp,20260820,83,322,60,262,0.18633540372670807,0.871119592875318,0.5842149501898858,0.11218650453622499,0.08817046554227893,False,,0.12045492939399241,0.06864330832590904
monotone_conditional_survival_shared_mlp,20260820,84,320,60,260,0.1875,0.8707692307692307,0.5846958043029568,0.11287184739852751,0.08887413578599032,False,,0.12099113154837879,0.06710644033116386
monotone_conditional_survival_shared_mlp,20260820,85,316,60,256,0.189873417721519,0.8694010416666667,0.5850341028050849,0.11428774495175396,0.0900576002710626,False,,0.12199133629793045,0.06314867579909589
monotone_conditional_survival_shared_mlp,20260820,86,308,59,249,0.19155844155844157,0.8703287727179906,0.5886623420557234,0.11483663896307543,0.08628398806876232,False,,0.12273417175823167,0.0643466500162092
monotone_conditional_survival_shared_mlp,20260820,87,304,58,246,0.19078947368421054,0.8754555649004766,0.5975833475885185,0.11284408901263561,0.08465862197215375,False,,0.1225610730062125,0.07928279147070083
monotone_conditional_survival_shared_mlp,20260820,88,292,54,238,0.18493150684931506,0.8687363834422658,0.5708974004292151,0.11514907437348382,0.0806668312338812,False,,0.1205434448291377,0.044750425568972574
monotone_conditional_survival_shared_mlp,20260820,89,286,54,232,0.1888111888111888,0.871088761174968,0.5765662259086703,0.11652861107565081,0.08271859268043918,False,,0.12220719411307646,0.04646684737865214
monotone_conditional_survival_shared_mlp,20260820,90,282,52,230,0.18439716312056736,0.8702341137123746,0.5754267549516494,0.11524593359332248,0.08369282218406236,False,,0.12037122186002354,0.042579016707673834
monotone_conditional_survival_shared_mlp,20260820,91,278,49,229,0.17625899280575538,0.8802245789145352,0.5723401726762185,0.10639729796428658,0.0778366270556814,False,,0.11742630773557632,0.09392281835281024
monotone_conditional_survival_shared_mlp,20260820,92,270,46,224,0.17037037037037037,0.8776203416149069,0.5590101995160268,0.10464980304868056,0.0748643448658217,False,,0.11295729166666665,0.07354539486039757
monotone_conditional_survival_shared_mlp,20260820,93,264,43,221,0.16287878787878787,0.8865621382721246,0.5758031958205476,0.09654902862505939,0.06576221520552161,False,,0.11014321368234119,0.12342281110925402
monotone_conditional_survival_shared_mlp,20260820,94,260,42,218,0.16153846153846155,0.8834643949322848,0.5687911648036978,0.09728849136638085,0.06507251308677398,False,,0.10962181083452127,0.11250789760039714
monotone_conditional_survival_shared_mlp,20260820,95,252,41,211,0.1626984126984127,0.8807074326667438,0.5596548523744713,0.09947482108477955,0.06627779490491571,False,,0.11019894276177536,0.09731601237027188
monotone_conditional_survival_shared_mlp,20260820,96,252,41,211,0.1626984126984127,0.8807074326667438,0.5596548523744713,0.09945267282259837,0.06626825391030121,False,,0.11022993105465785,0.09777070645826258
monotone_conditional_survival_shared_mlp,20260820,97,252,41,211,0.1626984126984127,0.8773552190498208,0.5448256505638347,0.10069011430304801,0.0607086627868887,False,,0.11027565323004204,0.08692343818628745
monotone_conditional_survival_shared_mlp,20260820,98,250,40,210,0.16,0.8763095238095238,0.5404015348563002,0.10015076765297745,0.05922791058659731,False,,0.10927045196313599,0.08345974731792272
monotone_conditional_survival_shared_mlp,20260820,99,246,40,206,0.16260162601626016,0.8781553398058253,0.5464864558031538,0.10073774720166824,0.06254334979969078,False,,0.11047613094270885,0.08814921067511661
monotone_conditional_survival_shared_mlp,20260821,1,674,651,23,0.9658753709198813,0.8954117411340413,0.9949047975967302,0.03387754527121519,0.02467209423147443,False,,0.03179571857208507,-0.0654750637074093
monotone_conditional_survival_shared_mlp,20260821,2,670,631,39,0.9417910447761194,0.9312446665853956,0.9955909755095272,0.04650818104746464,0.03617644411455579,False,,0.05143357304355249,0.09576219781420148
monotone_conditional_survival_shared_mlp,20260821,3,664,611,53,0.9201807228915663,0.9272457771052712,0.9933940426391928,0.05430961627394275,0.02246932441481815,False,,0.06756963163777621,0.19624223253009676
monotone_conditional_survival_shared_mlp,20260821,4,660,601,59,0.9106060606060606,0.93550297526721,0.9934119839991682,0.0552080972558506,0.0225028989718306,False,,0.07396341138387637,0.25357556901593004
monotone_conditional_survival_shared_mlp,20260821,5,660,593,67,0.8984848484848484,0.9494852885656037,0.9941277809003549,0.05216561173647922,0.024312365922620736,False,,0.08221218546861095,0.3654759152899989
monotone_conditional_survival_shared_mlp,20260821,6,658,581,77,0.8829787234042553,0.9262132016004649,0.9881169617348796,0.05940625260196946,0.030426290844889396,False,,0.09249116610700348,0.3577089023481218
monotone_conditional_survival_shared_mlp,20260821,7,656,574,82,0.875,0.9235361604487125,0.984371701752064,0.06071998421517778,0.041274988944003874,False,,0.09771934490594321,0.37862882448074164
monotone_conditional_survival_shared_mlp,20260821,8,650,564,86,0.8676923076923077,0.9119660234207488,0.9806496536728275,0.06384337360171609,0.04165004649634118,False,,0.1034447791798012,0.3828265272745418
monotone_conditional_survival_shared_mlp,20260821,9,650,550,100,0.8461538461538461,0.9095090909090909,0.9748332516490229,0.06818465594718594,0.029669892140518843,False,,0.11888577654447553,0.4264691880808984
monotone_conditional_survival_shared_mlp,20260821,10,648,535,113,0.8256172839506173,0.9019766768670913,0.9692046295593298,0.08400684352625086,0.03398893105144423,False,,0.13272718288788818,0.3670712984452503
monotone_conditional_survival_shared_mlp,20260821,11,644,524,120,0.8136645962732919,0.899220737913486,0.9671710480248114,0.08777510981196243,0.030151192844004825,False,,0.14156975501489297,0.37998684957299955
monotone_conditional_survival_shared_mlp,20260821,12,642,516,126,0.8037383177570093,0.8828596037898363,0.9592264784866178,0.095716280605483,0.036185209009699945,False,,0.148819001092084,0.35682755627248774
monotone_conditional_survival_shared_mlp,20260821,13,636,490,146,0.7704402515723271,0.8685350852669835,0.9406134592634121,0.11117242861620014,0.05082278036575711,False,,0.16762267561403082,0.33676975260682174
monotone_conditional_survival_shared_mlp,20260821,14,630,476,154,0.7555555555555555,0.8678107606679035,0.9363042709273592,0.11624667160670502,0.05036524398101949,False,,0.17516838708306176,0.3363718560040009
monotone_conditional_survival_shared_mlp,20260821,15,628,459,169,0.7308917197452229,0.8805352515759756,0.9346913231646164,0.1152129878259502,0.05317462176637121,False,,0.18418948609162755,0.37448662097555374
monotone_conditional_survival_shared_mlp,20260821,16,624,446,178,0.7147435897435898,0.88509598427974,0.9319864319296225,0.11719654136830429,0.06117553354261793,False,,0.18916174852867754,0.380442704300035
monotone_conditional_survival_shared_mlp,20260821,17,622,435,187,0.6993569131832797,0.8820579015305182,0.9195301396929292,0.11745618370040153,0.05547273991604192,False,,0.19316626380514185,0.3919425608454772
monotone_conditional_survival_shared_mlp,20260821,18,618,417,201,0.6747572815533981,0.8913466241931828,0.918415784475716,0.11937878496754253,0.05739139205472117,False,,0.19511600265432533,0.3881650743991595
monotone_conditional_survival_shared_mlp,20260821,19,618,408,210,0.6601941747572816,0.8951097105508871,0.9208719423440787,0.11381708775454684,0.04167126635748746,False,,0.1973615027386028,0.42330654066161577
monotone_conditional_survival_shared_mlp,20260821,20,612,396,216,0.6470588235294118,0.8951201833146277,0.9177723395548518,0.11695660316211945,0.04502909580665074,False,,0.19973326552219994,0.41443603369554904
monotone_conditional_survival_shared_mlp,20260821,21,612,392,220,0.6405228758169934,0.8868622448979592,0.9098168287892747,0.12146075105727196,0.045551504499231184,False,,0.20285209695560347,0.401234924951971
monotone_conditional_survival_shared_mlp,20260821,22,612,383,229,0.6258169934640523,0.8774670208763269,0.898111112527583,0.12923303985831303,0.04952841497363558,False,,0.20385935715860218,0.36606765733215785
monotone_conditional_survival_shared_mlp,20260821,23,610,364,246,0.5967213114754099,0.8825158581256142,0.8925477481619277,0.13088328629054113,0.050879287776642176,False,,0.20740007699302235,0.3689332801214703
monotone_conditional_survival_shared_mlp,20260821,24,606,350,256,0.5775577557755776,0.8809486607142857,0.8839833944734063,0.13447793569248231,0.057455416693336286,False,,0.2078626614666031,0.35304429018826633
monotone_conditional_survival_shared_mlp,20260821,25,600,341,259,0.5683333333333334,0.8781575878350072,0.879739241298201,0.1367445988938198,0.054021522517171586,False,,0.21052205428393125,0.35045000696510287
monotone_conditional_survival_shared_mlp,20260821,26,592,326,266,0.5506756756756757,0.880679459384658,0.8754766940980302,0.13761337758957842,0.06101507427350098,False,,0.21242368502578124,0.35217498193350383
monotone_conditional_survival_shared_mlp,20260821,27,588,318,270,0.5408163265306123,0.8726764500349407,0.8629462587218593,0.1446267433905696,0.06863575459195058,False,,0.21420481301986444,0.32482029067592644
monotone_conditional_survival_shared_mlp,20260821,28,582,305,277,0.5240549828178694,0.8601290169852637,0.8471764193219108,0.15443379955577127,0.0786408835935558,False,,0.21390880519031513,0.27803907175129516
monotone_conditional_survival_shared_mlp,20260821,29,578,298,280,0.5155709342560554,0.8609659635666347,0.8453955123917889,0.1549654945954524,0.07771834057484056,False,,0.21149132516581798,0.26727257265066073
monotone_conditional_survival_shared_mlp,20260821,30,578,288,290,0.4982698961937716,0.8595545977011494,0.8372861533203858,0.15754363329331605,0.07618615089224778,False,,0.21350275626001258,0.26210023676952987
monotone_conditional_survival_shared_mlp,20260821,31,576,277,299,0.4809027777777778,0.8602441350832498,0.8136690249727798,0.1575273172488204,0.07930499987921512,False,,0.2107840532885545,0.25266017617958925
monotone_conditional_survival_shared_mlp,20260821,32,574,275,299,0.47909407665505227,0.859872301611432,0.8137637770933318,0.15754496119641606,0.07749071999761051,False,,0.21165164669065356,0.25564027655933574
monotone_conditional_survival_shared_mlp,20260821,33,568,261,307,0.4595070422535211,0.8489772486178192,0.7807025450851035,0.1645587203654122,0.08746010660014038,False,,0.21013112819491803,0.21687604412056827
monotone_conditional_survival_shared_mlp,20260821,34,568,252,316,0.44366197183098594,0.8483273056057866,0.7698217715334918,0.16692529968006428,0.09816219390732618,False,,0.20995071780074956,0.20493103606112872
monotone_conditional_survival_shared_mlp,20260821,35,566,246,320,0.43462897526501765,0.8480818089430894,0.7697346086472935,0.163303478746795,0.08158835048731045,False,,0.2085135699921319,0.21682085845560495
monotone_conditional_survival_shared_mlp,20260821,36,562,238,324,0.4234875444839858,0.8516313932980599,0.7652258618316077,0.16229297480676683,0.08295914507420413,False,,0.2066415258907867,0.21461587109775204
monotone_conditional_survival_shared_mlp,20260821,37,560,228,332,0.40714285714285714,0.864788099767491,0.7748464379090927,0.15511307262738352,0.08090849951396498,False,,0.19907123041794256,0.22081622592210104
monotone_conditional_survival_shared_mlp,20260821,38,554,221,333,0.3989169675090253,0.8607883902001549,0.7591812605166831,0.1570918323114047,0.0826706569005498,False,,0.20080703722303886,0.21769757432892722
monotone_conditional_survival_shared_mlp,20260821,39,548,214,334,0.3905109489051095,0.8627791146678605,0.7575786640838,0.15343057681116612,0.07957931299835991,False,,0.19750337217816685,0.2231495841359249
monotone_conditional_survival_shared_mlp,20260821,40,540,210,330,0.3888888888888889,0.8631024531024531,0.7615956043264952,0.1530660837763768,0.07489260846292628,False,,0.19689672427839014,0.22260726105347328
monotone_conditional_survival_shared_mlp,20260821,41,534,205,329,0.3838951310861423,0.8684557787827119,0.7632729950719213,0.14853891415787418,0.06514711052941068,False,,0.19369202978174915,0.2331180878983673
monotone_conditional_survival_shared_mlp,20260821,42,528,199,329,0.3768939393939394,0.8709046753524461,0.7624987672322411,0.14640982950433454,0.06461312317738312,False,,0.19240607768065612,0.23905818740644647
monotone_conditional_survival_shared_mlp,20260821,43,518,196,322,0.3783783783783784,0.8716567372290531,0.7625455400759767,0.14487561992650624,0.06119616127397826,False,,0.1910213820470231,0.24157380512071314
monotone_conditional_survival_shared_mlp,20260821,44,512,184,328,0.359375,0.857237539766702,0.7279472318062593,0.15347942773463022,0.07538285738065802,False,,0.18685116353407522,0.17860063147725136
monotone_conditional_survival_shared_mlp,20260821,45,504,181,323,0.35912698412698413,0.8583377520825137,0.7305411684287614,0.1506515193023178,0.06548881525026815,False,,0.1875446028978989,0.1967163172147698
monotone_conditional_survival_shared_mlp,20260821,46,496,175,321,0.3528225806451613,0.8563595905651981,0.7233453378143662,0.15198746715237949,0.0775305882715639,False,,0.1890783761663725,0.1961668476640409
monotone_conditional_survival_shared_mlp,20260821,47,490,166,324,0.33877551020408164,0.8608136248698498,0.7158188316685855,0.14946952902469832,0.08148416471174398,False,,0.18653009993253505,0.19868413152215625
monotone_conditional_survival_shared_mlp,20260821,48,488,160,328,0.32786885245901637,0.8557736280487804,0.6988007388299688,0.15307825185899834,0.09330578652612594,False,,0.1842327877771015,0.1691041876639039
monotone_conditional_survival_shared_mlp,20260821,49,484,153,331,0.31611570247933884,0.8573149300001974,0.6932849254042015,0.15312119852857078,0.09503677439421633,False,,0.18205797605029028,0.15894265194800483
monotone_conditional_survival_shared_mlp,20260821,50,476,145,331,0.30462184873949577,0.8567350765704761,0.679562900736694,0.15003307471895977,0.08692413919998615,False,,0.18311680557092885,0.18067009605600814
monotone_conditional_survival_shared_mlp,20260821,51,464,139,325,0.2995689655172414,0.8611178749308246,0.6800456795670392,0.1463930711148483,0.0844911555540366,False,,0.18401921835254353,0.204468574394285
monotone_conditional_survival_shared_mlp,20260821,52,458,136,322,0.29694323144104806,0.8604082937522836,0.680212699737603,0.14679152842079804,0.08570377902873627,False,,0.18239227106605155,0.19518778091403366
monotone_conditional_survival_shared_mlp,20260821,53,448,134,314,0.29910714285714285,0.8592546820039928,0.6811642271103537,0.14777911655796622,0.09004714161073128,False,,0.18294377872033654,0.19221567635883385
monotone_conditional_survival_shared_mlp,20260821,54,438,129,309,0.2945205479452055,0.8595368906951657,0.6813664442458351,0.14546361206056677,0.08029380264371108,False,,0.18204292713340556,0.20093785377353646
monotone_conditional_survival_shared_mlp,20260821,55,438,128,310,0.2922374429223744,0.8609122983870968,0.6852646133129654,0.144518956527642,0.07799755926242148,False,,0.18170408741118432,0.20464663956290008
monotone_conditional_survival_shared_mlp,20260821,56,434,124,310,0.2857142857142857,0.8541103017689906,0.6678680712717876,0.1481207302844024,0.07927342758987688,False,,0.18129512076854765,0.1829855670881385
monotone_conditional_survival_shared_mlp,20260821,57,432,122,310,0.2824074074074074,0.8510312004230566,0.6586559640460729,0.14918813827608818,0.08057453671796869,False,,0.18096936990339085,0.17561663415344186
monotone_conditional_survival_shared_mlp,20260821,58,422,120,302,0.2843601895734597,0.8496412803532009,0.6510437190436875,0.14779293047911682,0.07640666812490716,False,,0.18197087121015995,0.1878209435595365
monotone_conditional_survival_shared_mlp,20260821,59,418,116,302,0.27751196172248804,0.8485384791048185,0.6460704092333324,0.1477225954966913,0.08435532531613803,False,,0.17998996456881292,0.17927315641970298
monotone_conditional_survival_shared_mlp,20260821,60,416,114,302,0.27403846153846156,0.8475659347043104,0.6436355707604346,0.14843436848847996,0.0879918995212605,False,,0.17966380887447,0.17382154247776116
monotone_conditional_survival_shared_mlp,20260821,61,412,112,300,0.27184466019417475,0.8497321428571428,0.6480986792216513,0.14449837465732104,0.07528201544434698,False,,0.17966152881860323,0.1957188853534969
monotone_conditional_survival_shared_mlp,20260821,62,410,111,299,0.2707317073170732,0.848534152881979,0.6454653588778951,0.14505742846241193,0.07634653251911117,False,,0.17966355432289627,0.19261628208851567
monotone_conditional_survival_shared_mlp,20260821,63,402,105,297,0.26119402985074625,0.8489017155683822,0.6416316296567315,0.14275786145086952,0.07173310836456787,False,,0.17725115273902337,0.1946012240548879
monotone_conditional_survival_shared_mlp,20260821,64,396,103,293,0.2601010101010101,0.8550316445210245,0.6445873742934359,0.13834165598378165,0.06580935132700728,False,,0.17617840018535197,0.2147638085132083
monotone_conditional_survival_shared_mlp,20260821,65,394,100,294,0.25380710659898476,0.8556462585034014,0.6406200098766629,0.13618133366089755,0.05943369597125669,False,,0.17076887607736727,0.20254008347984764
monotone_conditional_survival_shared_mlp,20260821,66,390,97,293,0.24871794871794872,0.8544738045811195,0.6288219584503576,0.1343510941127439,0.061529131403232414,False,,0.16997613984005217,0.20958850907445892
monotone_conditional_survival_shared_mlp,20260821,67,386,93,293,0.24093264248704663,0.8496825571580608,0.6044430912450415,0.13617718309453822,0.07152064897993293,False,,0.16559532654077044,0.17765080730698835
monotone_conditional_survival_shared_mlp,20260821,68,382,91,291,0.23821989528795812,0.8527623579169971,0.6119651084004825,0.13350747651775413,0.06661606396804923,False,,0.16386077193427417,0.18523832799161344
monotone_conditional_survival_shared_mlp,20260821,69,382,89,293,0.23298429319371727,0.8523603175211872,0.6080438999645318,0.13281647753082448,0.0665039584712516,False,,0.16105299638841253,0.17532439315497028
monotone_conditional_survival_shared_mlp,20260821,70,376,87,289,0.23138297872340424,0.8546712802768166,0.6089211352004543,0.13113258923792706,0.06447366182218366,False,,0.16114990400984466,0.18626951692185834
monotone_conditional_survival_shared_mlp,20260821,71,376,84,292,0.22340425531914893,0.8518020221787345,0.6017456502857409,0.12895115439600524,0.058692089510705044,False,,0.15451909842178335,0.1654678566398733
monotone_conditional_survival_shared_mlp,20260821,72,374,82,292,0.2192513368983957,0.8536167724690945,0.60232238082425,0.127190774462378,0.055113235447455666,False,,0.15050962393162967,0.15493261400908465
monotone_conditional_survival_shared_mlp,20260821,73,372,80,292,0.21505376344086022,0.8518407534246575,0.598117593404854,0.12695285047030583,0.06386601577441778,False,,0.14791043755591995,0.1416910627263256
monotone_conditional_survival_shared_mlp,20260821,74,368,77,291,0.20923913043478262,0.8437988128709778,0.5693987231875939,0.1293846823751318,0.06269026699305949,False,,0.1433226390279652,0.09724881391636819
monotone_conditional_survival_shared_mlp,20260821,75,362,76,286,0.20994475138121546,0.8506164887743836,0.5829461712334311,0.1264442833356185,0.05619285165090039,False,,0.14232455441956876,0.11157787318367896
monotone_conditional_survival_shared_mlp,20260821,76,354,75,279,0.211864406779661,0.8523297491039427,0.5880344375196489,0.12500063716900334,0.06189383862453172,False,,0.14336973022134722,0.12812392841908826
monotone_conditional_survival_shared_mlp,20260821,77,350,73,277,0.20857142857142857,0.8690470303150191,0.6339753389920686,0.11464134452301236,0.04888478206081197,False,,0.14102355932010385,0.18707664821597314
monotone_conditional_survival_shared_mlp,20260821,78,344,70,274,0.20348837209302326,0.8704379562043796,0.6395856753865901,0.11255152539702519,0.047758092310836546,False,,0.13642089043079694,0.1749685474005912
monotone_conditional_survival_shared_mlp,20260821,79,340,68,272,0.2,0.8795415224913494,0.6512715902642694,0.1075891728159998,0.03983636759244971,False,,0.13190260481912222,0.18432867217795568
monotone_conditional_survival_shared_mlp,20260821,80,334,66,268,0.19760479041916168,0.8756218905472637,0.6293877657260138,0.10891837504206653,0.053708050366260925,False,,0.12950104609334906,0.15893826090366714
monotone_conditional_survival_shared_mlp,20260821,81,332,62,270,0.18674698795180722,0.8734767025089606,0.6175179634479342,0.10569710458985726,0.06083071571639997,False,,0.12031205049562146,0.12147532890976775
monotone_conditional_survival_shared_mlp,20260821,82,328,61,267,0.18597560975609756,0.8740713452446737,0.6208961158894815,0.10458926069643484,0.04818260785232146,False,,0.12019244893463557,0.12981837358756398
monotone_conditional_survival_shared_mlp,20260821,83,322,60,262,0.18633540372670807,0.8746819338422391,0.6230207444315937,0.10480037692579888,0.053671138366062576,False,,0.12045492939399241,0.1299619081340334
monotone_conditional_survival_shared_mlp,20260821,84,320,60,260,0.1875,0.879423076923077,0.6390245480161709,0.10351080562118006,0.04294805556762644,False,,0.12099113154837879,0.1444760926151777
monotone_conditional_survival_shared_mlp,20260821,85,316,60,256,0.189873417721519,0.8802734375,0.642522575703408,0.10418749448673491,0.04432284516828013,False,,0.12199133629793045,0.1459434936241253
monotone_conditional_survival_shared_mlp,20260821,86,308,59,249,0.19155844155844157,0.8803348989177047,0.6447209470909393,0.10484597581960854,0.04336241093158014,False,,0.12273417175823167,0.14574747751474015
monotone_conditional_survival_shared_mlp,20260821,87,304,58,246,0.19078947368421054,0.8779086066722737,0.6374806244894033,0.10584075119763074,0.04414794416267683,False,,0.1225610730062125,0.13642440783570997
monotone_conditional_survival_shared_mlp,20260821,88,292,54,238,0.18493150684931506,0.8661686896981015,0.5984059888965102,0.10917605848681579,0.04954891191672699,False,,0.1205434448291377,0.0943011572170882
monotone_conditional_survival_shared_mlp,20260821,89,286,54,232,0.1888111888111888,0.8694125159642401,0.6084575498853279,0.10979825978094325,0.049355866335059596,False,,0.12220719411307646,0.10154012963141446
monotone_conditional_survival_shared_mlp,20260821,90,282,52,230,0.18439716312056736,0.8714046822742475,0.605573386770256,0.10735288364977642,0.0468462320017741,False,,0.12037122186002354,0.10815158315320406
monotone_conditional_survival_shared_mlp,20260821,91,278,49,229,0.17625899280575538,0.8789769182782283,0.6146416153874913,0.10035577269384467,0.04143209074795977,False,,0.11742630773557632,0.14537232219011376
monotone_conditional_survival_shared_mlp,20260821,92,270,46,224,0.17037037037037037,0.8784937888198758,0.6020541336937317,0.09830333958466549,0.041065381660302706,False,,0.11295729166666665,0.12973002331929584
monotone_conditional_survival_shared_mlp,20260821,93,264,43,221,0.16287878787878787,0.8847732295064716,0.6088261875199571,0.09327918286556514,0.049298944261235184,False,,0.11014321368234119,0.15311003059537376
monotone_conditional_survival_shared_mlp,20260821,94,260,42,218,0.16153846153846155,0.8811708169506335,0.5986247580788695,0.09429475770860701,0.04893078500864351,False,,0.10962181083452127,0.13981755098947501
monotone_conditional_survival_shared_mlp,20260821,95,252,41,211,0.1626984126984127,0.8790891226447809,0.6044823986295677,0.09529806696983154,0.05166693375679519,False,,0.11019894276177536,0.13521795598489605
monotone_conditional_survival_shared_mlp,20260821,96,252,41,211,0.1626984126984127,0.8797826840827649,0.6008006128296994,0.09593182792579395,0.06260983326034793,False,,0.11022993105465785,0.12971162180782037
monotone_conditional_survival_shared_mlp,20260821,97,252,41,211,0.1626984126984127,0.8797826840827649,0.6008006128296994,0.09592442891941823,0.06257471374256394,False,,0.11027565323004204,0.13013955383865417
monotone_conditional_survival_shared_mlp,20260821,98,250,40,210,0.16,0.8766666666666667,0.5900248807254392,0.09612650619462178,0.06153233374434485,False,,0.10927045196313599,0.12028819806610225
monotone_conditional_survival_shared_mlp,20260821,99,246,40,206,0.16260162601626016,0.8798543689320388,0.6016376437801462,0.0961218662556234,0.06397879373734314,False,,0.11047613094270885,0.12993091416759828
monotone_conditional_survival_shared_mlp,20260822,1,674,651,23,0.9658753709198813,0.9304080678554731,0.9973867837982776,0.03490637326360316,0.030356017980924615,False,,0.03179571857208507,-0.09783250170823554
monotone_conditional_survival_shared_mlp,20260822,2,670,631,39,0.9417910447761194,0.9301881425494738,0.9955487616869061,0.0480512675877509,0.02822288724095298,False,,0.05143357304355249,0.06576065506741191
monotone_conditional_survival_shared_mlp,20260822,3,664,611,53,0.9201807228915663,0.9301794151252201,0.9938386298089994,0.0612403018731842,0.03922487747703254,False,,0.06756963163777621,0.09367121902516728
monotone_conditional_survival_shared_mlp,20260822,4,660,601,59,0.9106060606060606,0.9425533714994783,0.9942392612738488,0.05930563515825432,0.04244337848366041,False,,0.07396341138387637,0.19817604341620954
monotone_conditional_survival_shared_mlp,20260822,5,660,593,67,0.8984848484848484,0.9368251491278851,0.9916590228379847,0.05893850583703177,0.03659260523030485,False,,0.08221218546861095,0.28309282254107193
monotone_conditional_survival_shared_mlp,20260822,6,658,581,77,0.8829787234042553,0.9299461296018955,0.9876594661845295,0.06024358804884797,0.029738928466777108,False,,0.09249116610700348,0.3486557626578968
monotone_conditional_survival_shared_mlp,20260822,7,656,574,82,0.875,0.9224101300246452,0.9843549490791856,0.062486520439877596,0.03074464531439623,False,,0.09771934490594321,0.36055117336263254
monotone_conditional_survival_shared_mlp,20260822,8,650,564,86,0.8676923076923077,0.9223569190169882,0.9817323818562073,0.07138051397168733,0.06009988935639284,False,,0.1034447791798012,0.3099650408879677
monotone_conditional_survival_shared_mlp,20260822,9,650,550,100,0.8461538461538461,0.8976,0.9727040518566687,0.08153759168295686,0.06157121384372521,False,,0.11888577654447553,0.3141518350392959
monotone_conditional_survival_shared_mlp,20260822,10,648,535,113,0.8256172839506173,0.8800430071954346,0.9617780105274009,0.09075494580877311,0.060584768690781575,False,,0.13272718288788818,0.3162293975196334
monotone_conditional_survival_shared_mlp,20260822,11,644,524,120,0.8136645962732919,0.8696564885496183,0.9505144259424823,0.09591869989838588,0.05861356887922817,False,,0.14156975501489297,0.32246333344085154
monotone_conditional_survival_shared_mlp,20260822,12,642,516,126,0.8037383177570093,0.8850744432139781,0.9566152238279564,0.09642408021619607,0.04362433366321074,False,,0.148819001092084,0.35207144579251537
monotone_conditional_survival_shared_mlp,20260822,13,636,490,146,0.7704402515723271,0.861755661168577,0.9368799096147822,0.11354929259007511,0.04939517069721273,False,,0.16762267561403082,0.3225899051299329
monotone_conditional_survival_shared_mlp,20260822,14,630,476,154,0.7555555555555555,0.8487122121575903,0.9269729010352357,0.12347812053415158,0.055056459865540315,False,,0.17516838708306176,0.295089013546717
monotone_conditional_survival_shared_mlp,20260822,15,628,459,169,0.7308917197452229,0.8553840997279911,0.9214617315964116,0.12395304642803663,0.05145204791102241,False,,0.18418948609162755,0.32703516873718563
monotone_conditional_survival_shared_mlp,20260822,16,624,446,178,0.7147435897435898,0.8588073764296871,0.9183754149409896,0.12799081698793058,0.065960148804459,False,,0.18916174852867754,0.32337897073029676
monotone_conditional_survival_shared_mlp,20260822,17,622,435,187,0.6993569131832797,0.8561067060052862,0.9080736959924116,0.1292128565592893,0.06635684005625236,False,,0.19316626380514185,0.331079589085836
monotone_conditional_survival_shared_mlp,20260822,18,618,417,201,0.6747572815533981,0.8713387498956059,0.9065793532749211,0.1236034800681527,0.052018241514372614,False,,0.19511600265432533,0.3665128519102907
monotone_conditional_survival_shared_mlp,20260822,19,618,408,210,0.6601941747572816,0.8737745098039216,0.9023329894677544,0.12193838870444748,0.05073137936681683,False,,0.1973615027386028,0.382157173448614
monotone_conditional_survival_shared_mlp,20260822,20,612,396,216,0.6470588235294118,0.8736321548821548,0.8981228044568866,0.12402132600062896,0.04071740438546755,False,,0.19973326552219994,0.3790652464606892
monotone_conditional_survival_shared_mlp,20260822,21,612,392,220,0.6405228758169934,0.8738984230055659,0.8956599241899654,0.12432200009555693,0.04068113887721266,False,,0.20285209695560347,0.3871298253191524
monotone_conditional_survival_shared_mlp,20260822,22,612,383,229,0.6258169934640523,0.8657461776141014,0.8836473779403018,0.13592370568276066,0.06691564452017112,False,,0.20385935715860218,0.33324764888269376
monotone_conditional_survival_shared_mlp,20260822,23,610,364,246,0.5967213114754099,0.8714486732779416,0.878847818588139,0.13549394687309638,0.06093019156415019,False,,0.20740007699302235,0.3467025237524147
monotone_conditional_survival_shared_mlp,20260822,24,606,350,256,0.5775577557755776,0.8691294642857142,0.8690341628123084,0.1376671549091694,0.05751365492974318,False,,0.2078626614666031,0.33770137485087426
monotone_conditional_survival_shared_mlp,20260822,25,600,341,259,0.5683333333333334,0.8638118638118638,0.8577441688079601,0.13991342545283295,0.0612175382080145,False,,0.21052205428393125,0.3353977761202558
monotone_conditional_survival_shared_mlp,20260822,26,592,326,266,0.5506756756756757,0.8698625397850455,0.8578088531087764,0.13682082344326513,0.05443600788994352,False,,0.21242368502578124,0.3559059884181014
monotone_conditional_survival_shared_mlp,20260822,27,588,318,270,0.5408163265306123,0.8658397391101793,0.846428528016492,0.1414290642070779,0.05163516449294877,False,,0.21420481301986444,0.33974842949041306
monotone_conditional_survival_shared_mlp,20260822,28,582,305,277,0.5240549828178694,0.8632775048825235,0.8388019387751809,0.14542553593914068,0.05649707063018652,False,,0.21390880519031513,0.3201517075944804
monotone_conditional_survival_shared_mlp,20260822,29,578,298,280,0.5155709342560554,0.8624400767018217,0.8365835260156815,0.15146806535275184,0.0809096815348788,False,,0.21149132516581798,0.2838095594039397
monotone_conditional_survival_shared_mlp,20260822,30,578,288,290,0.4982698961937716,0.855926724137931,0.8182777420960909,0.1566707011978935,0.0843579248160395,False,,0.21350275626001258,0.2661888589059086
monotone_conditional_survival_shared_mlp,20260822,31,576,277,299,0.4809027777777778,0.8465160643782524,0.7865296647062849,0.16189654987019286,0.08168160446618927,False,,0.2107840532885545,0.23193169813200576
monotone_conditional_survival_shared_mlp,20260822,32,574,275,299,0.47909407665505227,0.8444876862268167,0.7833515294038629,0.1634479416198337,0.08148240178745897,False,,0.21165164669065356,0.22775020097657717
monotone_conditional_survival_shared_mlp,20260822,33,568,261,307,0.4595070422535211,0.8416888189998377,0.7661262894199486,0.1666366554070735,0.09398870866715063,False,,0.21013112819491803,0.20698729008630723
monotone_conditional_survival_shared_mlp,20260822,34,568,252,316,0.44366197183098594,0.8473729154108901,0.7832338538417997,0.1631228325312359,0.0875507720902781,False,,0.20995071780074956,0.22304227277734257
monotone_conditional_survival_shared_mlp,20260822,35,566,246,320,0.43462897526501765,0.8466590447154472,0.7756785560640861,0.16188319870995255,0.07836851853538873,False,,0.2085135699921319,0.22363230980093485
monotone_conditional_survival_shared_mlp,20260822,36,562,238,324,0.4234875444839858,0.850892208735346,0.774900790299122,0.15907974079270107,0.07453482789144181,False,,0.2066415258907867,0.23016566923350523
monotone_conditional_survival_shared_mlp,20260822,37,560,228,332,0.40714285714285714,0.8551971042062989,0.7726815579307234,0.15773581411797058,0.07328637434183652,False,,0.19907123041794256,0.20764133628545833
monotone_conditional_survival_shared_mlp,20260822,38,554,221,333,0.3989169675090253,0.8506515565339094,0.7581276772152369,0.16059460530088807,0.08281003662167892,False,,0.20080703722303886,0.2002540970587916
monotone_conditional_survival_shared_mlp,20260822,39,548,214,334,0.3905109489051095,0.8475432312944206,0.7514152303483745,0.16350474414686758,0.0813954397458048,False,,0.19750337217816685,0.17214201284942754
monotone_conditional_survival_shared_mlp,20260822,40,540,210,330,0.3888888888888889,0.8491919191919192,0.7496241942273104,0.16165204894441423,0.07930475552583628,False,,0.19689672427839014,0.17900082118249894
monotone_conditional_survival_shared_mlp,20260822,41,534,205,329,0.3838951310861423,0.8625843279709393,0.7598204672208971,0.15046902066311016,0.07037622216455548,False,,0.19369202978174915,0.22315326638552135
monotone_conditional_survival_shared_mlp,20260822,42,528,199,329,0.3768939393939394,0.8677276962319195,0.7687213148380058,0.14669460283881705,0.0638279124270223,False,,0.19240607768065612,0.23757812327377825
monotone_conditional_survival_shared_mlp,20260822,43,518,196,322,0.3783783783783784,0.8638769172265179,0.7598402978136892,0.14956277000263385,0.0759597206801934,False,,0.1910213820470231,0.21703649926573942
monotone_conditional_survival_shared_mlp,20260822,44,512,184,328,0.359375,0.8597726670201484,0.7354791211266999,0.15143468361805296,0.07571510269272834,False,,0.18685116353407522,0.18954380184827435
monotone_conditional_survival_shared_mlp,20260822,45,504,181,323,0.35912698412698413,0.8613139934659528,0.7386299689395832,0.15088436139907446,0.07701532188991808,False,,0.1875446028978989,0.19547478803632978
monotone_conditional_survival_shared_mlp,20260822,46,496,175,321,0.3528225806451613,0.8563417890520695,0.726441803312605,0.1537594116093749,0.08205040630355381,False,,0.1890783761663725,0.18679536641419003
monotone_conditional_survival_shared_mlp,20260822,47,490,166,324,0.33877551020408164,0.8552543507362784,0.7115322918136416,0.1557270211076704,0.08753216099312258,False,,0.18653009993253505,0.16513730939942473
monotone_conditional_survival_shared_mlp,20260822,48,488,160,328,0.32786885245901637,0.8537157012195122,0.6986755424515441,0.15349093438751624,0.08024765112881098,False,,0.1842327877771015,0.16686418178060158
monotone_conditional_survival_shared_mlp,20260822,49,484,153,331,0.31611570247933884,0.855044132456608,0.6892793228386921,0.15095853361929543,0.07816383428577446,False,,0.18205797605029028,0.17082164212571593
monotone_conditional_survival_shared_mlp,20260822,50,476,145,331,0.30462184873949577,0.8508386290238567,0.6775011766209244,0.15333715574030157,0.08988958976505672,False,,0.18311680557092885,0.16262652539060574
monotone_conditional_survival_shared_mlp,20260822,51,464,139,325,0.2995689655172414,0.8553624792473713,0.6809325388167138,0.14910559425000294,0.08950226570795106,False,,0.18401921835254353,0.18972814043614272
monotone_conditional_survival_shared_mlp,20260822,52,458,136,322,0.29694323144104806,0.8556128973328462,0.6810035263087869,0.14818577392331603,0.08709812071039306,False,,0.18239227106605155,0.1875435671851905
monotone_conditional_survival_shared_mlp,20260822,53,448,134,314,0.29910714285714285,0.8565452989827931,0.6895765769342649,0.14757277661132223,0.08136993511480926,False,,0.18294377872033654,0.19334356356050475
monotone_conditional_survival_shared_mlp,20260822,54,438,129,309,0.2945205479452055,0.8537668397681945,0.6783645462071761,0.1488408627833075,0.08607342859693395,False,,0.18204292713340556,0.182385906845844
monotone_conditional_survival_shared_mlp,20260822,55,438,128,310,0.2922374429223744,0.854914314516129,0.677662827065908,0.1477363853726159,0.08075910974479306,False,,0.18170408741118432,0.18693966945114315
monotone_conditional_survival_shared_mlp,20260822,56,434,124,310,0.2857142857142857,0.8548907388137357,0.6750237023923468,0.1460733871112314,0.07739387695977565,False,,0.18129512076854765,0.19427844228793356
monotone_conditional_survival_shared_mlp,20260822,57,432,122,310,0.2824074074074074,0.8553146483342147,0.6728149422862756,0.14561564822823908,0.0785330482938807,False,,0.18096936990339085,0.19535748891663318
monotone_conditional_survival_shared_mlp,20260822,58,422,120,302,0.2843601895734597,0.8521799116997792,0.6696228288540131,0.14806801325864333,0.08172171426939329,False,,0.18197087121015995,0.18630925777325036
monotone_conditional_survival_shared_mlp,20260822,59,418,116,302,0.27751196172248804,0.8500799269239553,0.6599503950005187,0.14803418424083936,0.08152049640374984,False,,0.17998996456881292,0.17754201132561687
monotone_conditional_survival_shared_mlp,20260822,60,416,114,302,0.27403846153846156,0.8506738701057279,0.6589962285390247,0.1470621641627157,0.0805557375561066,False,,0.17966380887447,0.18145916484790148
monotone_conditional_survival_shared_mlp,20260822,61,412,112,300,0.27184466019417475,0.8509821428571429,0.6545281443075073,0.1454379366632383,0.07766212184795714,False,,0.17966152881860323,0.19048926267302935
monotone_conditional_survival_shared_mlp,20260822,62,410,111,299,0.2707317073170732,0.8529633312242008,0.6503183827506667,0.14303508450133218,0.07096843650513186,False,,0.17966355432289627,0.20387256591692715
monotone_conditional_survival_shared_mlp,20260822,63,402,105,297,0.26119402985074625,0.8497675164341831,0.6344402898255921,0.14392775001206187,0.07951126463031279,False,,0.17725115273902337,0.1880010494263209
monotone_conditional_survival_shared_mlp,20260822,64,396,103,293,0.2601010101010101,0.8540044401736306,0.6398606047869693,0.14101828121192833,0.07115139333691647,False,,0.17617840018535197,0.1995711105131659
monotone_conditional_survival_shared_mlp,20260822,65,394,100,294,0.25380710659898476,0.8578231292517007,0.6402352383020761,0.13780923460707917,0.06954302316926093,False,,0.17076887607736727,0.19300731039159413
monotone_conditional_survival_shared_mlp,20260822,66,390,97,293,0.24871794871794872,0.8571830688575349,0.639229967567668,0.13723797418097555,0.0787378970855015,False,,0.16997613984005217,0.19260447783955603
monotone_conditional_survival_shared_mlp,20260822,67,386,93,293,0.24093264248704663,0.8541230870857646,0.6143073857277936,0.13701216883320383,0.07931319963895214,False,,0.16559532654077044,0.17260848059337763
monotone_conditional_survival_shared_mlp,20260822,68,382,91,291,0.23821989528795812,0.857444960537744,0.6230601414616908,0.13365256044984872,0.08353017920269999,False,,0.16386077193427417,0.18435291819900745
monotone_conditional_survival_shared_mlp,20260822,69,382,89,293,0.23298429319371727,0.8555048510181386,0.6171198121284762,0.1331641583394102,0.08343691583238416,False,,0.16105299638841253,0.17316559563873402
monotone_conditional_survival_shared_mlp,20260822,70,376,87,289,0.23138297872340424,0.8584098953983216,0.6193532477661413,0.1320762827416858,0.07980061349203262,False,,0.16114990400984466,0.18041351899522529
monotone_conditional_survival_shared_mlp,20260822,71,376,84,292,0.22340425531914893,0.8614644487932159,0.6198357293489196,0.12760563084504242,0.07313464652111482,False,,0.15451909842178335,0.1741756705263483
monotone_conditional_survival_shared_mlp,20260822,72,374,82,292,0.2192513368983957,0.8616354827931841,0.6124383651926677,0.1269502785666209,0.07378629147414455,False,,0.15050962393162967,0.15653049120440843
monotone_conditional_survival_shared_mlp,20260822,73,372,80,292,0.21505376344086022,0.8591181506849315,0.6073290597378891,0.12797662396839612,0.07900051164496967,False,,0.14791043755591995,0.13476948562191582
monotone_conditional_survival_shared_mlp,20260822,74,368,77,291,0.20923913043478262,0.8575891462489401,0.5926818457018942,0.12724603642289561,0.07882159396104291,False,,0.1433226390279652,0.11217071297391268
monotone_conditional_survival_shared_mlp,20260822,75,362,76,286,0.20994475138121546,0.8595417740154582,0.5994873112843728,0.12610491342770738,0.07374339419690541,False,,0.14232455441956876,0.11396235216058592
monotone_conditional_survival_shared_mlp,20260822,76,354,75,279,0.211864406779661,0.866857825567503,0.6163505178468797,0.1218247002733462,0.07981155221518156,False,,0.14336973022134722,0.1502760025755635
monotone_conditional_survival_shared_mlp,20260822,77,350,73,277,0.20857142857142857,0.8676128777013995,0.61607763347173,0.12051057830995492,0.07662349152512929,False,,0.14102355932010385,0.1454578306564177
monotone_conditional_survival_shared_mlp,20260822,78,344,70,274,0.20348837209302326,0.8708029197080291,0.6257206366194926,0.11716274292877035,0.07207546685751032,False,,0.13642089043079694,0.14116714413175446
monotone_conditional_survival_shared_mlp,20260822,79,340,68,272,0.2,0.8771626297577855,0.6327950200578167,0.1130686402231779,0.06747234942878307,False,,0.13190260481912222,0.14278690418412354
monotone_conditional_survival_shared_mlp,20260822,80,334,66,268,0.19760479041916168,0.8710990502035278,0.5987473510991683,0.11603451535608098,0.06911023181750635,False,,0.12950104609334906,0.10398781433441795
monotone_conditional_survival_shared_mlp,20260822,81,332,62,270,0.18674698795180722,0.863978494623656,0.5749356196486161,0.11570740649988652,0.07013686857188432,False,,0.12031205049562146,0.03827250867029752
monotone_conditional_survival_shared_mlp,20260822,82,328,61,267,0.18597560975609756,0.8624669982194388,0.5721975687947538,0.11572656609500881,0.07053844715441422,False,,0.12019244893463557,0.037156101562215826
monotone_conditional_survival_shared_mlp,20260822,83,322,60,262,0.18633540372670807,0.8652671755725191,0.5770179316346371,0.11471348357221565,0.07127190233774391,False,,0.12045492939399241,0.0476646813099465
monotone_conditional_survival_shared_mlp,20260822,84,320,60,260,0.1875,0.8661538461538462,0.5786660973250467,0.11502709024940425,0.07287735951308513,False,,0.12099113154837879,0.04929321035889145
monotone_conditional_survival_shared_mlp,20260822,85,316,60,256,0.189873417721519,0.8700520833333333,0.5894650538965007,0.11481303669616692,0.06645263108205994,False,,0.12199133629793045,0.058842699978566504
monotone_conditional_survival_shared_mlp,20260822,86,308,59,249,0.19155844155844157,0.8703287727179906,0.5924426233047203,0.11497968020142882,0.06586959332439549,False,,0.12273417175823167,0.06318119433011748
monotone_conditional_survival_shared_mlp,20260822,87,304,58,246,0.19078947368421054,0.8755957387160078,0.6043715226451556,0.11297220234729338,0.059332316085204194,False,,0.1225610730062125,0.07823748947133535
monotone_conditional_survival_shared_mlp,20260822,88,292,54,238,0.18493150684931506,0.8671802054154996,0.5632970831915978,0.11680065618633584,0.07052093914287096,False,,0.1205434448291377,0.031049292212504964
monotone_conditional_survival_shared_mlp,20260822,89,286,54,232,0.1888111888111888,0.8713282247765006,0.5718909936576089,0.11788183326470267,0.07410917876186625,False,,0.12220719411307646,0.03539366794046184
monotone_conditional_survival_shared_mlp,20260822,90,282,52,230,0.18439716312056736,0.8713210702341138,0.5678171077711639,0.11579064358676328,0.07349565468480793,False,,0.12037122186002354,0.038053765696479336
monotone_conditional_survival_shared_mlp,20260822,91,278,49,229,0.17625899280575538,0.8839675608234561,0.5813844431722363,0.10788889246604728,0.05919047637578078,False,,0.11742630773557632,0.08122043052742178
monotone_conditional_survival_shared_mlp,20260822,92,270,46,224,0.17037037037037037,0.8821816770186336,0.5716665342424939,0.10569186943144622,0.05755499575730438,False,,0.11295729166666665,0.06432008175851511
monotone_conditional_survival_shared_mlp,20260822,93,264,43,221,0.16287878787878787,0.8769862148795118,0.5568327788247206,0.1047114285349014,0.06008254003608928,False,,0.11014321368234119,0.04931565882129918
monotone_conditional_survival_shared_mlp,20260822,94,260,42,218,0.16153846153846155,0.8745085190039319,0.5534714774807042,0.10521410400315372,0.0630423868793695,False,,0.10962181083452127,0.040208301594480855
monotone_conditional_survival_shared_mlp,20260822,95,252,41,211,0.1626984126984127,0.8707663853889723,0.550196375045525,0.10743344111129673,0.0678983127072085,False,,0.11019894276177536,0.025095537045731975
monotone_conditional_survival_shared_mlp,20260822,96,252,41,211,0.1626984126984127,0.870650791815975,0.5508708591076508,0.10752870016527173,0.07571866995196033,False,,0.11022993105465785,0.024505421200406108
monotone_conditional_survival_shared_mlp,20260822,97,252,41,211,0.1626984126984127,0.870650791815975,0.5508708591076508,0.1075100148833887,0.07572451111290722,False,,0.11027565323004204,0.025079319556457702
monotone_conditional_survival_shared_mlp,20260822,98,250,40,210,0.16,0.8691666666666666,0.5487788876894906,0.10753366342008491,0.08328089466163212,False,,0.10927045196313599,0.01589440248345464
monotone_conditional_survival_shared_mlp,20260822,99,246,40,206,0.16260162601626016,0.8745145631067961,0.5642943697335694,0.10643455810562535,0.08055923091945787,False,,0.11047613094270885,0.036583222118625636
independent_vector_shared_mlp,aggregate_mean_prediction,1,674,651,23,0.9658753709198813,0.9338141988913378,0.9975129265955928,0.02764149607032871,0.01998419536392025,False,,0.03179571857208507,0.1306535184080898
independent_vector_shared_mlp,aggregate_mean_prediction,2,670,631,39,0.9417910447761194,0.945182656751595,0.9964919569225233,0.04016865854984818,0.02399088659670572,False,,0.05143357304355249,0.21901870368145537
independent_vector_shared_mlp,aggregate_mean_prediction,3,664,611,53,0.9201807228915663,0.9426859772102646,0.9948101888027289,0.04879019075314766,0.02331985876453185,False,,0.06756963163777621,0.2779272349048817
independent_vector_shared_mlp,aggregate_mean_prediction,4,660,601,59,0.9106060606060606,0.9485603090893708,0.9946938036500242,0.04813222017838729,0.019750837839262347,False,,0.07396341138387637,0.34924283131591927
independent_vector_shared_mlp,aggregate_mean_prediction,5,660,593,67,0.8984848484848484,0.9554755732299716,0.9948283271720062,0.048967979425649004,0.023635158990362077,False,,0.08221218546861095,0.40437078583265207
independent_vector_shared_mlp,aggregate_mean_prediction,6,658,581,77,0.8829787234042553,0.9395355075217382,0.9902162891546036,0.05270018172356413,0.018679952426726182,False,,0.09249116610700348,0.43021389023687906
independent_vector_shared_mlp,aggregate_mean_prediction,7,656,574,82,0.875,0.9371760006798674,0.9880416955316691,0.052659223876078486,0.022772291248901424,False,,0.09771934490594321,0.46111771495435194
independent_vector_shared_mlp,aggregate_mean_prediction,8,650,564,86,0.8676923076923077,0.9214703941942932,0.9821949442773436,0.057842927061820926,0.024365913224753,False,,0.1034447791798012,0.4408328045122317
independent_vector_shared_mlp,aggregate_mean_prediction,9,650,550,100,0.8461538461538461,0.9076,0.9745907106952207,0.0676623080478679,0.02900482807950278,False,,0.11888577654447553,0.4308628835632392
independent_vector_shared_mlp,aggregate_mean_prediction,10,648,535,113,0.8256172839506173,0.9052352989827144,0.9726964856426076,0.07599522758661008,0.03176127539678238,False,,0.13272718288788818,0.4274328292584826
independent_vector_shared_mlp,aggregate_mean_prediction,11,644,524,120,0.8136645962732919,0.9006838422391857,0.9684359455105674,0.08151710109549416,0.039377247424974254,False,,0.14156975501489297,0.4241912682061316
independent_vector_shared_mlp,aggregate_mean_prediction,12,642,516,126,0.8037383177570093,0.8906115417743324,0.9617244136414844,0.0894716715056769,0.03737933894557337,False,,0.148819001092084,0.3987886570323439
independent_vector_shared_mlp,aggregate_mean_prediction,13,636,490,146,0.7704402515723271,0.874937098126922,0.9464018916711757,0.10395765950023571,0.04095472195113396,False,,0.16762267561403082,0.37981147765706014
independent_vector_shared_mlp,aggregate_mean_prediction,14,630,476,154,0.7555555555555555,0.8695159882134672,0.940443829212499,0.1121611229328716,0.04668538032234618,False,,0.17516838708306176,0.35969540622825524
independent_vector_shared_mlp,aggregate_mean_prediction,15,628,459,169,0.7308917197452229,0.8843511105954545,0.9406291916509502,0.10922825960120397,0.03846301480148152,False,,0.18418948609162755,0.40697885683406
independent_vector_shared_mlp,aggregate_mean_prediction,16,624,446,178,0.7147435897435898,0.8877664130599083,0.9385939447723788,0.11100469663970347,0.040657996922998714,False,,0.18916174852867754,0.4131757741556571
independent_vector_shared_mlp,aggregate_mean_prediction,17,622,435,187,0.6993569131832797,0.8840985924150224,0.9308420691864635,0.11395408904490278,0.05653420055231436,False,,0.19316626380514185,0.4100725105919377
independent_vector_shared_mlp,aggregate_mean_prediction,18,618,417,201,0.6747572815533981,0.8968824940047961,0.9284162090535714,0.1067805511312038,0.047400335703033605,False,,0.19511600265432533,0.4527329912535153
independent_vector_shared_mlp,aggregate_mean_prediction,19,618,408,210,0.6601941747572816,0.8992997198879552,0.9266105987195462,0.1065950692262944,0.03679848439830341,False,,0.1973615027386028,0.45989938388605
independent_vector_shared_mlp,aggregate_mean_prediction,20,612,396,216,0.6470588235294118,0.8936237373737373,0.9136944593575924,0.10819998595645251,0.04831114660543706,False,,0.19973326552219994,0.45827758999701373
independent_vector_shared_mlp,aggregate_mean_prediction,21,612,392,220,0.6405228758169934,0.891036641929499,0.9126500044853125,0.1121202972190412,0.04619946147857108,False,,0.20285209695560347,0.44728056105044833
independent_vector_shared_mlp,aggregate_mean_prediction,22,612,383,229,0.6258169934640523,0.8866339060736316,0.9083742326418996,0.1170333001869153,0.03244602201312545,False,,0.20385935715860218,0.4259115607047479
independent_vector_shared_mlp,aggregate_mean_prediction,23,610,364,246,0.5967213114754099,0.8855423032252301,0.9001229097797965,0.12346023398412863,0.02986666303718194,False,,0.20740007699302235,0.4047242615619556
independent_vector_shared_mlp,aggregate_mean_prediction,24,606,350,256,0.5775577557755776,0.885546875,0.8937356405365459,0.12718054044089283,0.037607657558537864,False,,0.2078626614666031,0.38815110158046984
independent_vector_shared_mlp,aggregate_mean_prediction,25,600,341,259,0.5683333333333334,0.8836943353072385,0.8890428333532076,0.12925360391899918,0.04415498511813059,False,,0.21052205428393125,0.3860329533708865
independent_vector_shared_mlp,aggregate_mean_prediction,26,592,326,266,0.5506756756756757,0.888463490013377,0.8887335975348336,0.12886175790786722,0.0499006688436171,False,,0.21242368502578124,0.39337387028086046
independent_vector_shared_mlp,aggregate_mean_prediction,27,588,318,270,0.5408163265306123,0.8794432797577452,0.872513274491626,0.13544129714886502,0.048745394002979885,False,,0.21420481301986444,0.36770189595924363
independent_vector_shared_mlp,aggregate_mean_prediction,28,582,305,277,0.5240549828178694,0.8769840800142037,0.863783751050955,0.13869455985930068,0.04927911564207707,False,,0.21390880519031513,0.35161827613452457
independent_vector_shared_mlp,aggregate_mean_prediction,29,578,298,280,0.5155709342560554,0.8802133269415149,0.8661024717294958,0.1386143772800437,0.05691835770439972,False,,0.21149132516581798,0.34458599107379806
independent_vector_shared_mlp,aggregate_mean_prediction,30,578,288,290,0.4982698961937716,0.873455459770115,0.8510432040964603,0.14377641434109367,0.06124005648365796,False,,0.21350275626001258,0.3265828654408717
independent_vector_shared_mlp,aggregate_mean_prediction,31,576,277,299,0.4809027777777778,0.8693478864566606,0.8256699565310228,0.144723030161422,0.05658019539280258,False,,0.2107840532885545,0.31340617137055315
independent_vector_shared_mlp,aggregate_mean_prediction,32,574,275,299,0.47909407665505227,0.8676436606871389,0.8179724154307243,0.14641924862166,0.062150231004358666,False,,0.21165164669065356,0.3082064282936391
independent_vector_shared_mlp,aggregate_mean_prediction,33,568,261,307,0.4595070422535211,0.8644152408052217,0.8057930918369794,0.14822646547111668,0.059022647657317434,False,,0.21013112819491803,0.29460015398755424
independent_vector_shared_mlp,aggregate_mean_prediction,34,568,252,316,0.44366197183098594,0.8653807514567008,0.8007415733159932,0.14800899672189266,0.05462899328090985,False,,0.20995071780074956,0.29502981331857947
independent_vector_shared_mlp,aggregate_mean_prediction,35,566,246,320,0.43462897526501765,0.8660950203252032,0.7901549534763516,0.1467016488997561,0.0527127766434227,False,,0.2085135699921319,0.2964407596815316
independent_vector_shared_mlp,aggregate_mean_prediction,36,562,238,324,0.4234875444839858,0.8699553895632327,0.7901929237667763,0.14423455806533247,0.05673745837203085,False,,0.2066415258907867,0.3020059378502522
independent_vector_shared_mlp,aggregate_mean_prediction,37,560,228,332,0.40714285714285714,0.876004016064257,0.7907113442182296,0.13813207100090635,0.0464389530064683,False,,0.19907123041794256,0.3061173595456096
independent_vector_shared_mlp,aggregate_mean_prediction,38,554,221,333,0.3989169675090253,0.8765235824059353,0.7906580618446519,0.13836238438784543,0.041560293857068484,False,,0.20080703722303886,0.31096844860987305
independent_vector_shared_mlp,aggregate_mean_prediction,39,548,214,334,0.3905109489051095,0.8753147909787901,0.7824523270082713,0.13847501227743003,0.0433350436683563,False,,0.19750337217816685,0.29887266860176753
independent_vector_shared_mlp,aggregate_mean_prediction,40,540,210,330,0.3888888888888889,0.8766233766233766,0.7864237160686541,0.13819924468407027,0.03917994779377044,False,,0.19689672427839014,0.2981130326542566
independent_vector_shared_mlp,aggregate_mean_prediction,41,534,205,329,0.3838951310861423,0.8791163169990363,0.7782592150731111,0.1353474226838475,0.04777763533935035,False,,0.19369202978174915,0.3012235824243463
independent_vector_shared_mlp,aggregate_mean_prediction,42,528,199,329,0.3768939393939394,0.8826656076736265,0.7867640468027307,0.1339766460800383,0.05837958553540699,False,,0.19240607768065612,0.303677681624982
independent_vector_shared_mlp,aggregate_mean_prediction,43,518,196,322,0.3783783783783784,0.8828431993915579,0.7851413846360087,0.13254712762421075,0.04974227127158917,False,,0.1910213820470231,0.3061136601368424
independent_vector_shared_mlp,aggregate_mean_prediction,44,512,184,328,0.359375,0.8758616118769883,0.7606681597838181,0.13562432408136252,0.05208473962498459,False,,0.18685116353407522,0.2741585253407891
independent_vector_shared_mlp,aggregate_mean_prediction,45,504,181,323,0.35912698412698413,0.8785385628517182,0.7647158382113284,0.13500383828945853,0.045340057944167574,False,,0.1875446028978989,0.28015076838571606
independent_vector_shared_mlp,aggregate_mean_prediction,46,496,175,321,0.3528225806451613,0.8739652870493992,0.756094864873975,0.1382922755213115,0.05192903318582975,False,,0.1890783761663725,0.26859814260502035
independent_vector_shared_mlp,aggregate_mean_prediction,47,490,166,324,0.33877551020408164,0.8757623084932322,0.7417149537309343,0.13671420210657742,0.0686718693886056,False,,0.18653009993253505,0.2670662688969515
independent_vector_shared_mlp,aggregate_mean_prediction,48,488,160,328,0.32786885245901637,0.8751524390243902,0.7312327063214037,0.1362835141621891,0.04499071003952784,False,,0.1842327877771015,0.26026460432724385
independent_vector_shared_mlp,aggregate_mean_prediction,49,484,153,331,0.31611570247933884,0.8799439211737061,0.7337509787157549,0.13265398709387766,0.051857761877949646,False,,0.18205797605029028,0.2713640458288169
independent_vector_shared_mlp,aggregate_mean_prediction,50,476,145,331,0.30462184873949577,0.8796541306386082,0.7209795957379364,0.13118263246128672,0.04612968744421592,False,,0.18311680557092885,0.2836122711278176
independent_vector_shared_mlp,aggregate_mean_prediction,51,464,139,325,0.2995689655172414,0.8840730492529054,0.7252587002940113,0.12675043701185945,0.04409147110538994,False,,0.18401921835254353,0.31121087163281336
independent_vector_shared_mlp,aggregate_mean_prediction,52,458,136,322,0.29694323144104806,0.8828553160394592,0.7167128698919422,0.12743290965672105,0.04519331199281905,False,,0.18239227106605155,0.3013250566381045
independent_vector_shared_mlp,aggregate_mean_prediction,53,448,134,314,0.29910714285714285,0.8844947238330639,0.7284565251640863,0.12629747525531462,0.0466771750212378,False,,0.18294377872033654,0.30963776883397764
independent_vector_shared_mlp,aggregate_mean_prediction,54,438,129,309,0.2945205479452055,0.8827676174707108,0.7196456985614942,0.12723617235907198,0.04977690387551467,False,,0.18204292713340556,0.30106500503680567
independent_vector_shared_mlp,aggregate_mean_prediction,55,438,128,310,0.2922374429223744,0.8774697580645161,0.713318417986132,0.12935499137696485,0.04490681989431905,False,,0.18170408741118432,0.2881008169934941
independent_vector_shared_mlp,aggregate_mean_prediction,56,434,124,310,0.2857142857142857,0.8733610822060354,0.6964832028998369,0.12992567811148478,0.051223270342661664,False,,0.18129512076854765,0.283347077622923
independent_vector_shared_mlp,aggregate_mean_prediction,57,432,122,310,0.2824074074074074,0.8664198836594394,0.6790187783395981,0.13336658807479557,0.040790262172799026,False,,0.18096936990339085,0.26304330867708536
independent_vector_shared_mlp,aggregate_mean_prediction,58,422,120,302,0.2843601895734597,0.8657008830022075,0.6798646145302253,0.13416105253687327,0.05888580766937593,False,,0.18197087121015995,0.2627333614184363
independent_vector_shared_mlp,aggregate_mean_prediction,59,418,116,302,0.27751196172248804,0.8648664078556748,0.6672853437778096,0.13412227739936888,0.05330864111778697,False,,0.17998996456881292,0.2548346919192159
independent_vector_shared_mlp,aggregate_mean_prediction,60,416,114,302,0.27403846153846156,0.8649936098524457,0.6648944642529562,0.13290513855021052,0.0451281988413264,False,,0.17966380887447,0.26025647912724303
independent_vector_shared_mlp,aggregate_mean_prediction,61,412,112,300,0.27184466019417475,0.8684226190476191,0.6710798712621593,0.1312394186179632,0.04474685237039524,False,,0.17966152881860323,0.2695185247451045
independent_vector_shared_mlp,aggregate_mean_prediction,62,410,111,299,0.2707317073170732,0.8663111271806924,0.664020324385209,0.13250187943593458,0.04446805874788459,False,,0.17966355432289627,0.26249995478883503
independent_vector_shared_mlp,aggregate_mean_prediction,63,402,105,297,0.26119402985074625,0.8654801988135321,0.6590221880089974,0.1298567675318804,0.05033607138218511,False,,0.17725115273902337,0.26738548367538306
independent_vector_shared_mlp,aggregate_mean_prediction,64,396,103,293,0.2601010101010101,0.8700752178667285,0.6667417580044538,0.1284987267020432,0.050608357038725196,False,,0.17617840018535197,0.27063291205474915
independent_vector_shared_mlp,aggregate_mean_prediction,65,394,100,294,0.25380710659898476,0.8693197278911564,0.6607078847329843,0.12781613356124627,0.06533405409915262,False,,0.17076887607736727,0.25152559121289264
independent_vector_shared_mlp,aggregate_mean_prediction,66,390,97,293,0.24871794871794872,0.8679497554625101,0.6570483237500853,0.12668120829611526,0.06646071477712376,False,,0.16997613984005217,0.25471181769792817
independent_vector_shared_mlp,aggregate_mean_prediction,67,386,93,293,0.24093264248704663,0.8640317075855994,0.6307014415492747,0.12723538641189497,0.053230424008042385,False,,0.16559532654077044,0.2316486879805213
independent_vector_shared_mlp,aggregate_mean_prediction,68,382,91,291,0.23821989528795812,0.8642045239983385,0.624390403610492,0.12723000580922603,0.061545251710318306,False,,0.16386077193427417,0.2235481115623026
independent_vector_shared_mlp,aggregate_mean_prediction,69,382,89,293,0.23298429319371727,0.866012194654293,0.6274009295646177,0.12513396997463863,0.0536769064206372,False,,0.16105299638841253,0.22302612940617228
independent_vector_shared_mlp,aggregate_mean_prediction,70,376,87,289,0.23138297872340424,0.8629439605456787,0.6220186714428202,0.1276351247157323,0.06097922035333729,False,,0.16114990400984466,0.20797269163787369
independent_vector_shared_mlp,aggregate_mean_prediction,71,376,84,292,0.22340425531914893,0.8673760600130463,0.6209720264439699,0.12206723111131604,0.05143901324612649,False,,0.15451909842178335,0.21001848730624229
independent_vector_shared_mlp,aggregate_mean_prediction,72,374,82,292,0.2192513368983957,0.8661877714667557,0.6122625898933723,0.12203187692283163,0.059127526658971426,False,,0.15050962393162967,0.18920881113711585
independent_vector_shared_mlp,aggregate_mean_prediction,73,372,80,292,0.21505376344086022,0.8714041095890411,0.6149265158167097,0.11931285403955902,0.061794241450685856,False,,0.14791043755591995,0.19334391804195128
independent_vector_shared_mlp,aggregate_mean_prediction,74,368,77,291,0.20923913043478262,0.8633462757174097,0.6084314701002062,0.11932184942030741,0.06042278802012057,False,,0.1433226390279652,0.16745986377612498
independent_vector_shared_mlp,aggregate_mean_prediction,75,362,76,286,0.20994475138121546,0.8643724696356275,0.6140144486931783,0.11913570639593468,0.06716671180265177,False,,0.14232455441956876,0.16292935620422888
independent_vector_shared_mlp,aggregate_mean_prediction,76,354,75,279,0.211864406779661,0.8634169653524493,0.6128677010697442,0.12052513381271324,0.06156635532092252,False,,0.14336973022134722,0.15934044357455668
independent_vector_shared_mlp,aggregate_mean_prediction,77,350,73,277,0.20857142857142857,0.8638544087829484,0.6047122907390926,0.12171684462793345,0.07510663374052305,False,,0.14102355932010385,0.13690417959418288
independent_vector_shared_mlp,aggregate_mean_prediction,78,344,70,274,0.20348837209302326,0.8647549530761209,0.6077481768229138,0.1178311504147339,0.06486917941766727,False,,0.13642089043079694,0.13626754639527283
independent_vector_shared_mlp,aggregate_mean_prediction,79,340,68,272,0.2,0.8714857266435986,0.6227499757756376,0.11407360621509127,0.06192457597906808,False,,0.13190260481912222,0.13516790383692434
independent_vector_shared_mlp,aggregate_mean_prediction,80,334,66,268,0.19760479041916168,0.8679895974672094,0.6031253196682509,0.11607936342666758,0.07505748732640379,False,,0.12950104609334906,0.10364149998453787
independent_vector_shared_mlp,aggregate_mean_prediction,81,332,62,270,0.18674698795180722,0.8666666666666667,0.5954391205464017,0.11217720607665341,0.06436504012623118,False,,0.12031205049562146,0.06761454389196131
independent_vector_shared_mlp,aggregate_mean_prediction,82,328,61,267,0.18597560975609756,0.8622828022349113,0.5698380775326102,0.11286154287378176,0.06428272913254567,False,,0.12019244893463557,0.06099306675114491
independent_vector_shared_mlp,aggregate_mean_prediction,83,322,60,262,0.18633540372670807,0.871119592875318,0.6142611054209648,0.10902583787531099,0.07023599018296167,False,,0.12045492939399241,0.09488272149741872
independent_vector_shared_mlp,aggregate_mean_prediction,84,320,60,260,0.1875,0.8696153846153846,0.6197500572342974,0.10997908469669568,0.07026219060666886,False,,0.12099113154837879,0.09101532245179389
independent_vector_shared_mlp,aggregate_mean_prediction,85,316,60,256,0.189873417721519,0.8718098958333333,0.6084349212569826,0.1110243268554573,0.06048208899800489,False,,0.12199133629793045,0.08989990416769622
independent_vector_shared_mlp,aggregate_mean_prediction,86,308,59,249,0.19155844155844157,0.8696480838608672,0.6168458246448806,0.11187646209135824,0.07038944819779207,False,,0.12273417175823167,0.08846525390061322
independent_vector_shared_mlp,aggregate_mean_prediction,87,304,58,246,0.19078947368421054,0.8674656574151949,0.6105435487086018,0.11283599507548407,0.0737327623730329,False,,0.1225610730062125,0.07934883150244176
independent_vector_shared_mlp,aggregate_mean_prediction,88,292,54,238,0.18493150684931506,0.8716931216931217,0.6145157565668078,0.10880362400379487,0.062387067385835625,False,,0.1205434448291377,0.09739078588622752
independent_vector_shared_mlp,aggregate_mean_prediction,89,286,54,232,0.1888111888111888,0.8724457215836526,0.6245250474698205,0.11133884064461239,0.06104116834378909,False,,0.12220719411307646,0.08893382707410624
independent_vector_shared_mlp,aggregate_mean_prediction,90,282,52,230,0.18439716312056736,0.8709030100334448,0.608675973037765,0.1086977027341101,0.06120665100008628,False,,0.12037122186002354,0.09697931902268353
independent_vector_shared_mlp,aggregate_mean_prediction,91,278,49,229,0.17625899280575538,0.8792442741288655,0.6211647356368521,0.10149676064046662,0.05084512527598295,False,,0.11742630773557632,0.13565569251296117
independent_vector_shared_mlp,aggregate_mean_prediction,92,270,46,224,0.17037037037037037,0.8790760869565217,0.5957713811137134,0.10035708140555852,0.04966636146657686,False,,0.11295729166666665,0.11154844521494856
independent_vector_shared_mlp,aggregate_mean_prediction,93,264,43,221,0.16287878787878787,0.8912974850047354,0.6205496100402942,0.09149178144820072,0.04121021105577659,False,,0.11014321368234119,0.16933800649699737
independent_vector_shared_mlp,aggregate_mean_prediction,94,260,42,218,0.16153846153846155,0.8849934469200524,0.6263035766853593,0.09186810865689807,0.05883158552487218,False,,0.10962181083452127,0.16195410422861156
independent_vector_shared_mlp,aggregate_mean_prediction,95,252,41,211,0.1626984126984127,0.8833660848456826,0.5945576930657144,0.0948604692580122,0.04446384892057308,False,,0.11019894276177536,0.13918893520531672
independent_vector_shared_mlp,aggregate_mean_prediction,96,252,41,211,0.1626984126984127,0.8786267483527915,0.5934815550798556,0.09558427078167213,0.056005908820299585,False,,0.11022993105465785,0.13286464150761035
independent_vector_shared_mlp,aggregate_mean_prediction,97,252,41,211,0.1626984126984127,0.8800138712287597,0.5916558162973621,0.09504261114025418,0.05340718147192144,False,,0.11027565323004204,0.138136040400602
independent_vector_shared_mlp,aggregate_mean_prediction,98,250,40,210,0.16,0.878452380952381,0.581078913489765,0.09420877509825831,0.044693670164108426,False,,0.10927045196313599,0.13783851530108948
independent_vector_shared_mlp,aggregate_mean_prediction,99,246,40,206,0.16260162601626016,0.8842233009708738,0.6015303760055944,0.09484806733406992,0.0712345768735054,False,,0.11047613094270885,0.14146099682603286
monotone_conditional_survival_shared_mlp,aggregate_mean_prediction,1,674,651,23,0.9658753709198813,0.9431643625192012,0.9978943435868237,0.03051236534538659,0.026431583273974824,False,,0.03179571857208507,0.04036245395080307
monotone_conditional_survival_shared_mlp,aggregate_mean_prediction,2,670,631,39,0.9417910447761194,0.9426632532813198,0.9963831634286746,0.04265723370418306,0.016116734941081012,False,,0.05143357304355249,0.17063444789141669
monotone_conditional_survival_shared_mlp,aggregate_mean_prediction,3,664,611,53,0.9201807228915663,0.9457740172312633,0.9951905469988847,0.04956830689185621,0.024978527688696586,False,,0.06756963163777621,0.26641146783840064
monotone_conditional_survival_shared_mlp,aggregate_mean_prediction,4,660,601,59,0.9106060606060606,0.9520009024507178,0.9951757181584934,0.04875236533591777,0.03145090554482328,False,,0.07396341138387637,0.340858345717873
monotone_conditional_survival_shared_mlp,aggregate_mean_prediction,5,660,593,67,0.8984848484848484,0.9572374216606679,0.9950945091956581,0.048715011227755435,0.021197253419239382,False,,0.08221218546861095,0.40744780168439765
monotone_conditional_survival_shared_mlp,aggregate_mean_prediction,6,658,581,77,0.8829787234042553,0.9524107561973311,0.9933940579428391,0.05277647449864352,0.023745687516578684,False,,0.09249116610700348,0.4293890247033305
monotone_conditional_survival_shared_mlp,aggregate_mean_prediction,7,656,574,82,0.875,0.9441233959377922,0.9895381532736716,0.05288594497497532,0.029384319031487867,False,,0.09771934490594321,0.45879758991549646
monotone_conditional_survival_shared_mlp,aggregate_mean_prediction,8,650,564,86,0.8676923076923077,0.9319231403595579,0.9842189440603032,0.06056079591344397,0.04480360665778735,False,,0.1034447791798012,0.4145591841983538
monotone_conditional_survival_shared_mlp,aggregate_mean_prediction,9,650,550,100,0.8461538461538461,0.9188727272727273,0.9785963153087917,0.06717621923944925,0.03463287550734044,False,,0.11888577654447553,0.43495158805377854
monotone_conditional_survival_shared_mlp,aggregate_mean_prediction,10,648,535,113,0.8256172839506173,0.9086758746174841,0.9719018153037349,0.07797746064391355,0.033119020337020987,False,,0.13272718288788818,0.4124981865261207
monotone_conditional_survival_shared_mlp,aggregate_mean_prediction,11,644,524,120,0.8136645962732919,0.9020515267175573,0.9667966717733049,0.08269654859538565,0.034249423620174926,False,,0.14156975501489297,0.4158600572086455
monotone_conditional_survival_shared_mlp,aggregate_mean_prediction,12,642,516,126,0.8037383177570093,0.9024701611910915,0.9637539371595626,0.08650644986639987,0.02069871969698453,False,,0.148819001092084,0.4187136774767579
monotone_conditional_survival_shared_mlp,aggregate_mean_prediction,13,636,490,146,0.7704402515723271,0.8857422421023203,0.9505505371575418,0.10071962630756277,0.02980310067106791,False,,0.16762267561403082,0.39912887120665874
monotone_conditional_survival_shared_mlp,aggregate_mean_prediction,14,630,476,154,0.7555555555555555,0.8789152024446142,0.9446510869406552,0.10947063226599961,0.042088986122134756,False,,0.17516838708306176,0.3750548595615568
monotone_conditional_survival_shared_mlp,aggregate_mean_prediction,15,628,459,169,0.7308917197452229,0.887818901393562,0.9405664460929956,0.1071754529810577,0.029242468007281117,False,,0.18418948609162755,0.4181239371733638
monotone_conditional_survival_shared_mlp,aggregate_mean_prediction,16,624,446,178,0.7147435897435898,0.8902478964075176,0.9371597801002894,0.11001736969134189,0.03060470730274579,False,,0.18916174852867754,0.41839525936363975
monotone_conditional_survival_shared_mlp,aggregate_mean_prediction,17,622,435,187,0.6993569131832797,0.8861024033437827,0.9258525130433287,0.1119066946279675,0.03841400288674969,False,,0.19316626380514185,0.4206716409815
monotone_conditional_survival_shared_mlp,aggregate_mean_prediction,18,618,417,201,0.6747572815533981,0.8919550926423041,0.9242574351191367,0.11162444485482388,0.03993677608659159,False,,0.19511600265432533,0.4279072790734554
monotone_conditional_survival_shared_mlp,aggregate_mean_prediction,19,618,408,210,0.6601941747572816,0.8965686274509804,0.9238116811806778,0.10741818262447062,0.044878353548530626,False,,0.1973615027386028,0.45572879647789477
monotone_conditional_survival_shared_mlp,aggregate_mean_prediction,20,612,396,216,0.6470588235294118,0.8969439768050879,0.9209911723000267,0.10935223021698114,0.04165253244745099,False,,0.19973326552219994,0.45250867485152657
monotone_conditional_survival_shared_mlp,aggregate_mean_prediction,21,612,392,220,0.6405228758169934,0.8955936920222635,0.9175441747501851,0.11168189429217724,0.03939685096510223,False,,0.20285209695560347,0.44944175599712866
monotone_conditional_survival_shared_mlp,aggregate_mean_prediction,22,612,383,229,0.6258169934640523,0.8820960698689956,0.9019680673847953,0.12168283564380265,0.04068833100985471,False,,0.20385935715860218,0.4031039961087798
monotone_conditional_survival_shared_mlp,aggregate_mean_prediction,23,610,364,246,0.5967213114754099,0.8853077816492451,0.8964835500414742,0.12463667453639764,0.03747870770397529,False,,0.20740007699302235,0.399051936993298
monotone_conditional_survival_shared_mlp,aggregate_mean_prediction,24,606,350,256,0.5775577557755776,0.8866741071428571,0.8913849828597715,0.12762777291625046,0.04454533198453025,False,,0.2078626614666031,0.385999524802793
monotone_conditional_survival_shared_mlp,aggregate_mean_prediction,25,600,341,259,0.5683333333333334,0.8837283030831418,0.8832270539961945,0.13032049279237717,0.053831787198059,False,,0.21052205428393125,0.38096512863866594
monotone_conditional_survival_shared_mlp,aggregate_mean_prediction,26,592,326,266,0.5506756756756757,0.8874025554684256,0.8798206508627201,0.12857728942359797,0.048676291626783816,False,,0.21242368502578124,0.394713026431149
monotone_conditional_survival_shared_mlp,aggregate_mean_prediction,27,588,318,270,0.5408163265306123,0.8814931283484743,0.8694598340467831,0.13405838198513462,0.05175537039913305,False,,0.21420481301986444,0.37415793746565995
monotone_conditional_survival_shared_mlp,aggregate_mean_prediction,28,582,305,277,0.5240549828178694,0.8743682310469314,0.8544345282737009,0.1404415651332787,0.0409883220678178,False,,0.21390880519031513,0.34345121974606163
monotone_conditional_survival_shared_mlp,aggregate_mean_prediction,29,578,298,280,0.5155709342560554,0.8746284755512943,0.8519169921142451,0.1425716270313548,0.05262799642276136,False,,0.21149132516581798,0.32587482290551295
monotone_conditional_survival_shared_mlp,aggregate_mean_prediction,30,578,288,290,0.4982698961937716,0.8690134099616859,0.8430838315204086,0.14704196343837828,0.057520785123946656,False,,0.21350275626001258,0.31128775096793404
monotone_conditional_survival_shared_mlp,aggregate_mean_prediction,31,576,277,299,0.4809027777777778,0.8654600775147,0.8141190888708746,0.14924852090045906,0.05899541571857082,False,,0.2107840532885545,0.2919363748255467
monotone_conditional_survival_shared_mlp,aggregate_mean_prediction,32,574,275,299,0.47909407665505227,0.8638856795378534,0.8128848883352259,0.15020907970737762,0.05963397296500493,False,,0.21165164669065356,0.29030044388494336
monotone_conditional_survival_shared_mlp,aggregate_mean_prediction,33,568,261,307,0.4595070422535211,0.8552173424688307,0.7853737623457463,0.15407523090758035,0.06128809767814164,False,,0.21013112819491803,0.2667662700375364
monotone_conditional_survival_shared_mlp,aggregate_mean_prediction,34,568,252,316,0.44366197183098594,0.8570047217199116,0.7868706138051688,0.15519303034639512,0.06977977711212992,False,,0.20995071780074956,0.2608120992771331
monotone_conditional_survival_shared_mlp,aggregate_mean_prediction,35,566,246,320,0.43462897526501765,0.8548907520325203,0.7760267789107962,0.15447448598730593,0.057033934418624914,False,,0.2085135699921319,0.2591633916529513
monotone_conditional_survival_shared_mlp,aggregate_mean_prediction,36,562,238,324,0.4234875444839858,0.8603848946986202,0.7750689675938319,0.15197937001565953,0.06040303224365171,False,,0.2066415258907867,0.26452648198124984
monotone_conditional_survival_shared_mlp,aggregate_mean_prediction,37,560,228,332,0.40714285714285714,0.8680511519763263,0.7759308021178078,0.1488788971941481,0.06594254440418951,False,,0.19907123041794256,0.2521325312473206
monotone_conditional_survival_shared_mlp,aggregate_mean_prediction,38,554,221,333,0.3989169675090253,0.8641854524207465,0.7677122427416595,0.15127303189047625,0.06642185459995974,False,,0.20080703722303886,0.24667464854602972
monotone_conditional_survival_shared_mlp,aggregate_mean_prediction,39,548,214,334,0.3905109489051095,0.8647238233812748,0.7648055386212868,0.1504438397665256,0.06527773014529961,False,,0.19750337217816685,0.23827204514355882
monotone_conditional_survival_shared_mlp,aggregate_mean_prediction,40,540,210,330,0.3888888888888889,0.8670418470418471,0.7670798235491932,0.14900290072386588,0.06337749891847327,False,,0.19689672427839014,0.243243374058411
monotone_conditional_survival_shared_mlp,aggregate_mean_prediction,41,534,205,329,0.3838951310861423,0.8769515901845949,0.7753790288980166,0.13937918709121624,0.046722111416205546,False,,0.19369202978174915,0.280408247834112
monotone_conditional_survival_shared_mlp,aggregate_mean_prediction,42,528,199,329,0.3768939393939394,0.8786943837729682,0.7742283350855711,0.13802648759333794,0.04672616985780258,False,,0.19240607768065612,0.28262927420397865
monotone_conditional_survival_shared_mlp,aggregate_mean_prediction,43,518,196,322,0.3783783783783784,0.8779629864368107,0.7737751859295683,0.1375253706625173,0.041052154210778145,False,,0.1910213820470231,0.2800524779542055
monotone_conditional_survival_shared_mlp,aggregate_mean_prediction,44,512,184,328,0.359375,0.8686373276776246,0.7450268760518263,0.14182570973320963,0.05262104667800132,False,,0.18685116353407522,0.24096961961199936
monotone_conditional_survival_shared_mlp,aggregate_mean_prediction,45,504,181,323,0.35912698412698413,0.8713374270906385,0.7489274602578713,0.13985276085105727,0.044262688679147504,False,,0.1875446028978989,0.25429599844473016
monotone_conditional_survival_shared_mlp,aggregate_mean_prediction,46,496,175,321,0.3528225806451613,0.867716955941255,0.7401677476652053,0.1421068892443988,0.05128848225514893,False,,0.1890783761663725,0.2484233674645211
monotone_conditional_survival_shared_mlp,aggregate_mean_prediction,47,490,166,324,0.33877551020408164,0.868399524022014,0.729603461027411,0.14220491412134154,0.050206680850509285,False,,0.18653009993253505,0.237630204600894
monotone_conditional_survival_shared_mlp,aggregate_mean_prediction,48,488,160,328,0.32786885245901637,0.8678925304878049,0.7238325866487216,0.1422514006083128,0.049489815383506885,False,,0.1842327877771015,0.22787142112608594
monotone_conditional_survival_shared_mlp,aggregate_mean_prediction,49,484,153,331,0.31611570247933884,0.8647591967300515,0.7111609414122253,0.14255313162387057,0.05577210588166722,False,,0.18205797605029028,0.2169904625079826
monotone_conditional_survival_shared_mlp,aggregate_mean_prediction,50,476,145,331,0.30462184873949577,0.864944265027607,0.7014373896819668,0.14138239371457506,0.05239168154846468,False,,0.18311680557092885,0.22791142367426398
monotone_conditional_survival_shared_mlp,aggregate_mean_prediction,51,464,139,325,0.2995689655172414,0.8672274488101827,0.7000929265467295,0.13894437670530663,0.05576783280224086,False,,0.18401921835254353,0.24494638142024194
monotone_conditional_survival_shared_mlp,aggregate_mean_prediction,52,458,136,322,0.29694323144104806,0.8638792473511143,0.6907199253556336,0.1399060781214555,0.05263479804396665,False,,0.18239227106605155,0.23293855982093725
monotone_conditional_survival_shared_mlp,aggregate_mean_prediction,53,448,134,314,0.29910714285714285,0.8623918623443293,0.6883589636901877,0.1405323513903432,0.0495543485184969,False,,0.18294377872033654,0.23182765561449925
monotone_conditional_survival_shared_mlp,aggregate_mean_prediction,54,438,129,309,0.2945205479452055,0.8593863676275055,0.6767155545542745,0.1410851781049307,0.05835109993592166,False,,0.18204292713340556,0.2249895102953382
monotone_conditional_survival_shared_mlp,aggregate_mean_prediction,55,438,128,310,0.2922374429223744,0.8612903225806452,0.6795637188996848,0.13973896540393752,0.05658562447992481,False,,0.18170408741118432,0.2309530985523871
monotone_conditional_survival_shared_mlp,aggregate_mean_prediction,56,434,124,310,0.2857142857142857,0.8597814776274714,0.676904112739363,0.14007291847025444,0.06787103653079812,False,,0.18129512076854765,0.22737623673237173
monotone_conditional_survival_shared_mlp,aggregate_mean_prediction,57,432,122,310,0.2824074074074074,0.856795346377578,0.662708388819678,0.14101735328174636,0.07085923436783267,False,,0.18096936990339085,0.22076673330394292
monotone_conditional_survival_shared_mlp,aggregate_mean_prediction,58,422,120,302,0.2843601895734597,0.8561810154525387,0.663183435884039,0.14113205040860274,0.07118355322375787,False,,0.18197087121015995,0.22442504412913455
monotone_conditional_survival_shared_mlp,aggregate_mean_prediction,59,418,116,302,0.27751196172248804,0.8579298926695592,0.6599816563377761,0.13844736253994572,0.055949782384403304,False,,0.17998996456881292,0.2308051014310013
monotone_conditional_survival_shared_mlp,aggregate_mean_prediction,60,416,114,302,0.27403846153846156,0.8588358313001045,0.6595485225985166,0.1377816691987977,0.054486059595880265,False,,0.17966380887447,0.23311394731108648
monotone_conditional_survival_shared_mlp,aggregate_mean_prediction,61,412,112,300,0.27184466019417475,0.860625,0.6602612660949464,0.13605249951205198,0.0630238511963478,False,,0.17966152881860323,0.24272881118907474
monotone_conditional_survival_shared_mlp,aggregate_mean_prediction,62,410,111,299,0.2707317073170732,0.8609177739612522,0.659842434920185,0.13496233369045485,0.056041541658927184,False,,0.17966355432289627,0.24880516697394928
monotone_conditional_survival_shared_mlp,aggregate_mean_prediction,63,402,105,297,0.26119402985074625,0.8592592592592593,0.6482304062170468,0.13417833506429766,0.0494249815833509,False,,0.17725115273902337,0.24300444318206604
monotone_conditional_survival_shared_mlp,aggregate_mean_prediction,64,396,103,293,0.2601010101010101,0.8628516518108619,0.6535675491363362,0.13126243543993035,0.04445699994528173,False,,0.17617840018535197,0.25494592241822434
monotone_conditional_survival_shared_mlp,aggregate_mean_prediction,65,394,100,294,0.25380710659898476,0.8658163265306122,0.6525206011443316,0.12886840758046172,0.04963078240491279,False,,0.17076887607736727,0.24536361343692648
monotone_conditional_survival_shared_mlp,aggregate_mean_prediction,66,390,97,293,0.24871794871794872,0.864079377924774,0.6477470985585853,0.12862477170198802,0.044709403760693,False,,0.16997613984005217,0.2432774869283174
monotone_conditional_survival_shared_mlp,aggregate_mean_prediction,67,386,93,293,0.24093264248704663,0.8620499834856326,0.6256110237494603,0.1279807900775413,0.04974106001513128,False,,0.16559532654077044,0.22714733108103902
monotone_conditional_survival_shared_mlp,aggregate_mean_prediction,68,382,91,291,0.23821989528795812,0.8650353083342774,0.6321076564986032,0.12556047888891908,0.04243547967349935,False,,0.16386077193427417,0.23373680346579617
monotone_conditional_survival_shared_mlp,aggregate_mean_prediction,69,382,89,293,0.23298429319371727,0.8652452352647927,0.625140393325843,0.1244467825391174,0.03951314019373255,False,,0.16105299638841253,0.22729296983094738
monotone_conditional_survival_shared_mlp,aggregate_mean_prediction,70,376,87,289,0.23138297872340424,0.8658871256413316,0.6249947781448565,0.12349434625339682,0.04462609939446758,False,,0.16114990400984466,0.23366788821759066
monotone_conditional_survival_shared_mlp,aggregate_mean_prediction,71,376,84,292,0.22340425531914893,0.8669683626875407,0.6202110665615945,0.12059292744297599,0.03356647768556285,False,,0.15451909842178335,0.2195597264371859
monotone_conditional_survival_shared_mlp,aggregate_mean_prediction,72,374,82,292,0.2192513368983957,0.8664801202806549,0.6172087832468034,0.11928446796310738,0.03560413252164531,False,,0.15050962393162967,0.20746285289176325
monotone_conditional_survival_shared_mlp,aggregate_mean_prediction,73,372,80,292,0.21505376344086022,0.8653253424657534,0.6107817395151323,0.11929673816885844,0.04023642516629993,False,,0.14791043755591995,0.19345287499567865
monotone_conditional_survival_shared_mlp,aggregate_mean_prediction,74,368,77,291,0.20923913043478262,0.8595974472263133,0.5881448522664608,0.12065436415188656,0.045770453212165246,False,,0.1433226390279652,0.15816255568428084
monotone_conditional_survival_shared_mlp,aggregate_mean_prediction,75,362,76,286,0.20994475138121546,0.8654766286345233,0.6066897432783523,0.11763291419150883,0.042534471563703206,False,,0.14232455441956876,0.1734882665100056
monotone_conditional_survival_shared_mlp,aggregate_mean_prediction,76,354,75,279,0.211864406779661,0.8687216248506571,0.6167198321810793,0.11736486834820699,0.05602229779453378,False,,0.14336973022134722,0.18138320992158918
monotone_conditional_survival_shared_mlp,aggregate_mean_prediction,77,350,73,277,0.20857142857142857,0.8732505810790762,0.6266850436227788,0.11478331584646889,0.046524789589241534,False,,0.14102355932010385,0.186069927607438
monotone_conditional_survival_shared_mlp,aggregate_mean_prediction,78,344,70,274,0.20348837209302326,0.8754953076120959,0.6307239018174451,0.11222932142537927,0.05050717855773308,False,,0.13642089043079694,0.17733038487745012
monotone_conditional_survival_shared_mlp,aggregate_mean_prediction,79,340,68,272,0.2,0.8814878892733564,0.6405898833091952,0.10809008910991359,0.0451218319533342,False,,0.13190260481912222,0.18053104972310963
monotone_conditional_survival_shared_mlp,aggregate_mean_prediction,80,334,66,268,0.19760479041916168,0.8758480325644504,0.6124266838144475,0.11005600129317251,0.05079482146893459,False,,0.12950104609334906,0.1501535731700565
monotone_conditional_survival_shared_mlp,aggregate_mean_prediction,81,332,62,270,0.18674698795180722,0.8780167264038232,0.6185741749427225,0.10513588580262562,0.049754262293157325,False,,0.12031205049562146,0.1261400219718486
monotone_conditional_survival_shared_mlp,aggregate_mean_prediction,82,328,61,267,0.18597560975609756,0.8784306502118254,0.6218523031813067,0.10474450906153139,0.04698946366904083,False,,0.12019244893463557,0.12852670870784277
monotone_conditional_survival_shared_mlp,aggregate_mean_prediction,83,322,60,262,0.18633540372670807,0.8810432569974554,0.6274425621659289,0.10393971501132233,0.04215871540742958,False,,0.12045492939399241,0.13710700314016178
monotone_conditional_survival_shared_mlp,aggregate_mean_prediction,84,320,60,260,0.1875,0.8826282051282052,0.6325302138926112,0.10403297189342187,0.04438116758837367,False,,0.12099113154837879,0.14016035256415582
monotone_conditional_survival_shared_mlp,aggregate_mean_prediction,85,316,60,256,0.189873417721519,0.8828776041666667,0.6272243801111259,0.10498101084679434,0.03723424887074202,False,,0.12199133629793045,0.139438799240571
monotone_conditional_survival_shared_mlp,aggregate_mean_prediction,86,308,59,249,0.19155844155844157,0.883193792117623,0.6307713198974435,0.10545852283419568,0.037973630001679595,False,,0.12273417175823167,0.14075663424907037
monotone_conditional_survival_shared_mlp,aggregate_mean_prediction,87,304,58,246,0.19078947368421054,0.8864592094196804,0.6334405891557403,0.10483624751547342,0.044331790948940616,False,,0.1225610730062125,0.14462035176405985
monotone_conditional_survival_shared_mlp,aggregate_mean_prediction,88,292,54,238,0.18493150684931506,0.8786181139122315,0.6026036399322605,0.10771301478389773,0.05449155802806221,False,,0.1205434448291377,0.10643822286169313
monotone_conditional_survival_shared_mlp,aggregate_mean_prediction,89,286,54,232,0.1888111888111888,0.8815453384418902,0.6095177267226949,0.10873306515305296,0.05652812637543744,False,,0.12220719411307646,0.11025643013746056
monotone_conditional_survival_shared_mlp,aggregate_mean_prediction,90,282,52,230,0.18439716312056736,0.8816053511705686,0.6043473400337291,0.10710018738266561,0.059363897296830156,False,,0.12037122186002354,0.11025089113733899
monotone_conditional_survival_shared_mlp,aggregate_mean_prediction,91,278,49,229,0.17625899280575538,0.8930576597451207,0.6145496262466353,0.099270062842524,0.0503141111716366,False,,0.11742630773557632,0.15461820475473886
monotone_conditional_survival_shared_mlp,aggregate_mean_prediction,92,270,46,224,0.17037037037037037,0.8924689440993789,0.5962442979219359,0.09719950430278546,0.04757788598436466,False,,0.11295729166666665,0.1395021705228373
monotone_conditional_survival_shared_mlp,aggregate_mean_prediction,93,264,43,221,0.16287878787878787,0.8948753025360412,0.6027503946479256,0.09252550461932939,0.0417024976720698,False,,0.11014321368234119,0.1599527421981911
monotone_conditional_survival_shared_mlp,aggregate_mean_prediction,94,260,42,218,0.16153846153846155,0.8918741808650066,0.5928395617830569,0.09324804528459067,0.040904229581048876,False,,0.10962181083452127,0.1493659466604459
monotone_conditional_survival_shared_mlp,aggregate_mean_prediction,95,252,41,211,0.1626984126984127,0.8881054213385736,0.5884512159543736,0.09516803899543592,0.04132213830329935,False,,0.11019894276177536,0.1363978944773796
monotone_conditional_survival_shared_mlp,aggregate_mean_prediction,96,252,41,211,0.1626984126984127,0.8871806727545949,0.5878624387806698,0.09581507988307714,0.05378513069969456,False,,0.11022993105465785,0.1307707537658993
monotone_conditional_survival_shared_mlp,aggregate_mean_prediction,97,252,41,211,0.1626984126984127,0.8857935498786268,0.5859315978446237,0.09663080263616691,0.0500997882476299,False,,0.11027565323004204,0.12373402645288445
monotone_conditional_survival_shared_mlp,aggregate_mean_prediction,98,250,40,210,0.16,0.8842857142857142,0.5820207960691711,0.09647936210819641,0.052965257322054024,False,,0.10927045196313599,0.11705900017009951
monotone_conditional_survival_shared_mlp,aggregate_mean_prediction,99,246,40,206,0.16260162601626016,0.8885922330097087,0.5974736762889459,0.09635789344549434,0.0499402002146125,False,,0.11047613094270885,0.12779446000454164
